source_id,study_part,source_table,taxon_name,location_name,entity_type,basis_of_record,life_stage,leaf_type,leaf_age,seedlot_or_family,sampling_time,collection_date,oil_yield,oil_yield_SD,oil_yield_n,oil_yield_internal_standard,oil_yield_internal_standard_SD,oil_yield_internal_standard_n,cineole_percent,cineole_percent_SD,cineole_percent_n,cineole_absolute,cineole_absolute_SD,cineole_absolute_n,wax_yield,wax_yield_SD,wax_yield_n,wax_crystal_form,wax_density,glaucousness_juvenile_leaves,DBH,DBH_n,preferred_habitat,population_group,measurement_remarks
Li_1993,E. ovata x E. globulus F1 hybrid trial (Ch 10),Appendix 10.1 (A); Appendix 10.1 (B),Eucalyptus globulus,"APPM trial, West Ridgley",population,field_experiment,sapling,adult leaves,young adult leaves,E. globulus open-pollinated family Glo4op (parent from ornamental near Hobart airport),,1990-12,5.54,0.2,3,,,,58.1,2.3,3,321.8,6.4,3,,,,,,,,,,,
Li_1993,E. ovata x E. globulus F1 hybrid trial (Ch 10),Appendix 10.1 (A); Appendix 10.1 (B),Eucalyptus globulus,"APPM trial, West Ridgley",population,field_experiment,sapling,adult leaves,young adult leaves,"E. globulus open-pollinated family Glo5op (parent from Proctor Rd, Hobart)",,1990-12,4.17,0.3,3,,,,52.9,2.9,3,221.0,28.1,3,,,,,,,,,,,
Li_1993,E. ovata x E. globulus F1 hybrid trial (Ch 10),Appendix 10.1 (A); Appendix 10.1 (B),Eucalyptus ovata,"APPM trial, West Ridgley",population,field_experiment,sapling,adult leaves,young adult leaves,"E. ovata open-pollinated family Ov5op (parent from Kingston, Hobart)",,1990-12,2.60,0.3,3,,,,1.2,1.0,3,3.1,2.1,3,,,,,,,,,,,
Li_1993,E. ovata x E. globulus F1 hybrid trial (Ch 10),Appendix 10.1 (A); Appendix 10.1 (B),Eucalyptus ovata,"APPM trial, West Ridgley",population,field_experiment,sapling,adult leaves,young adult leaves,"E. ovata open-pollinated family Ov4op (parent from Kingston, Hobart)",,1990-12,2.72,0.5,3,,,,0.1,t,3,0.2,0.1,3,,,,,,,,,,,
Li_1993,E. ovata x E. globulus F1 hybrid trial (Ch 10),Appendix 10.1 (A); Appendix 10.1 (B),Eucalyptus ovata x Eucalyptus globulus,"APPM trial, West Ridgley",population,field_experiment,sapling,adult leaves,young adult leaves,F1 hybrid E. ovata Ov4 (female) x E. globulus Glo5 (male),,1990-12,2.83,,3,,,,28.4,6.6,3,75.6,20.1,3,,,,,,,,,,,
Li_1993,E. ovata x E. globulus F1 hybrid trial (Ch 10),Appendix 10.1 (A); Appendix 10.1 (B),Eucalyptus ovata x Eucalyptus globulus,"APPM trial, West Ridgley",population,field_experiment,sapling,adult leaves,young adult leaves,F1 hybrid E. ovata Ov5 (female) x E. globulus Glo4 (male),,1990-12,4.60,,3,,,,28.4,1.0,3,129.4,22.7,3,,,,,,,,,,,
Li_1993,E. ovata x E. globulus F1 hybrid trial (Ch 10),Appendix 10.1 (A); Appendix 10.1 (B),Eucalyptus ovata,"APPM trial, West Ridgley",population,field_experiment,sapling,adult leaves,young adult leaves,"E. ovata polymix family Ov4pl (parent from Kingston, Hobart)",,1990-12,1.5,0.2,3,,,,3.6,3.3,3,5.3,4.3,3,,,,,,,,,,,
Li_1993,E. nitens provenance trial (Ch 11 experiment 1),Table 11.3; Table 11.7,Eucalyptus nitens,Esperance Valley E. nitens provenance trial,population,field_experiment,adult,adult leaves,,"provenance seedlot code 1, Rubicon (Vic) region",,1988-11,0.3,,10,,,,32.0,,10,,,,0.68,,10,,,,,,,,
Li_1993,E. nitens provenance trial (Ch 11 experiment 1),Table 11.3; Table 11.7,Eucalyptus nitens,Esperance Valley E. nitens provenance trial,population,field_experiment,adult,juvenile leaves,,"provenance seedlot code 1, Rubicon (Vic) region",,1988-11,1.5,,5,,,,54.6,,5,,,,0.76,,5,,,,,,,,
Li_1993,E. nitens provenance trial (Ch 11 experiment 1),Table 11.3,Eucalyptus nitens,Esperance Valley E. nitens provenance trial,population,field_experiment,adult,adult leaves,,"provenance seedlot code 2, Rubicon (Vic) region",,1988-11,0.4,,10,,,,36.6,,10,,,,,,,,,,,,,,
Li_1993,E. nitens provenance trial (Ch 11 experiment 1),Table 11.3,Eucalyptus nitens,Esperance Valley E. nitens provenance trial,population,field_experiment,adult,juvenile leaves,,"provenance seedlot code 2, Rubicon (Vic) region",,1988-11,0.7,,5,,,,48.1,,5,,,,,,,,,,,,,,
Li_1993,E. nitens provenance trial (Ch 11 experiment 1),Table 11.3; Table 11.7,Eucalyptus nitens,Esperance Valley E. nitens provenance trial,population,field_experiment,adult,adult leaves,,"provenance seedlot code 3, Rubicon (Vic) region",,1988-11,0.4,,10,,,,33.7,,10,,,,0.76,,10,,,,,,,,
Li_1993,E. nitens provenance trial (Ch 11 experiment 1),Table 11.3; Table 11.7,Eucalyptus nitens,Esperance Valley E. nitens provenance trial,population,field_experiment,adult,juvenile leaves,,"provenance seedlot code 3, Rubicon (Vic) region",,1988-11,1.0,,5,,,,48.8,,5,,,,0.68,,5,,,,,,,,
Li_1993,E. nitens provenance trial (Ch 11 experiment 1),Table 11.3,Eucalyptus nitens,Esperance Valley E. nitens provenance trial,population,field_experiment,adult,adult leaves,,"provenance seedlot code 4, Rubicon (Vic) region",,1988-11,0.8,,10,,,,49.3,,10,,,,,,,,,,,,,,
Li_1993,E. nitens provenance trial (Ch 11 experiment 1),Table 11.3,Eucalyptus nitens,Esperance Valley E. nitens provenance trial,population,field_experiment,adult,adult leaves,,"provenance seedlot code 5, Rubicon (Vic) region",,1988-11,0.6,,10,,,,35.4,,10,,,,,,,,,,,,,,
Li_1993,E. nitens provenance trial (Ch 11 experiment 1),Table 11.3; Table 11.7,Eucalyptus nitens,Esperance Valley E. nitens provenance trial,population,field_experiment,adult,adult leaves,,"provenance seedlot code 7, Macalister (Vic) region",,1988-11,0.4,,10,,,,35.6,,10,,,,0.59,,10,,,,,,,,
Li_1993,E. nitens provenance trial (Ch 11 experiment 1),Table 11.3; Table 11.7,Eucalyptus nitens,Esperance Valley E. nitens provenance trial,population,field_experiment,adult,juvenile leaves,,"provenance seedlot code 7, Macalister (Vic) region",,1988-11,1.3,,5,,,,46.1,,5,,,,0.86,,5,,,,,,,,
Li_1993,E. nitens provenance trial (Ch 11 experiment 1),Table 11.3; Table 11.7,Eucalyptus nitens,Esperance Valley E. nitens provenance trial,population,field_experiment,adult,adult leaves,,"provenance seedlot code 8, Macalister (Vic) region",,1988-11,0.3,,10,,,,26.5,,10,,,,0.68,,10,,,,,,,,
Li_1993,E. nitens provenance trial (Ch 11 experiment 1),Table 11.3; Table 11.7,Eucalyptus nitens,Esperance Valley E. nitens provenance trial,population,field_experiment,adult,juvenile leaves,,"provenance seedlot code 8, Macalister (Vic) region",,1988-11,1.1,,5,,,,51.3,,5,,,,1.32,,5,,,,,,,,
Li_1993,E. nitens provenance trial (Ch 11 experiment 1),Table 11.3,Eucalyptus nitens,Esperance Valley E. nitens provenance trial,population,field_experiment,adult,adult leaves,,"provenance seedlot code 6, Macalister (Vic) region",,1988-11,0.5,,10,,,,41.8,,10,,,,,,,,,,,,,,
Li_1993,E. nitens provenance trial (Ch 11 experiment 1),Table 11.3,Eucalyptus nitens,Esperance Valley E. nitens provenance trial,population,field_experiment,adult,adult leaves,,"provenance seedlot code 9, Errinundra (Vic) region",,1988-11,1.1,,10,,,,47.4,,10,,,,,,,,,,,,,,
Li_1993,E. nitens provenance trial (Ch 11 experiment 1),Table 11.3,Eucalyptus nitens,Esperance Valley E. nitens provenance trial,population,field_experiment,adult,juvenile leaves,,"provenance seedlot code 9, Errinundra (Vic) region",,1988-11,1.1,,5,,,,48.9,,5,,,,,,,,,,,,,,
Li_1993,E. nitens provenance trial (Ch 11 experiment 1),Table 11.3; Table 11.7,Eucalyptus nitens,Esperance Valley E. nitens provenance trial,population,field_experiment,adult,adult leaves,,"provenance seedlot code 10, Errinundra (Vic) region",,1988-11,0.7,,10,,,,11.3,,10,,,,0.76,,10,,,,,,,,
Li_1993,E. nitens provenance trial (Ch 11 experiment 1),Table 11.3; Table 11.7,Eucalyptus nitens,Esperance Valley E. nitens provenance trial,population,field_experiment,adult,adult leaves,,"provenance seedlot code 11, Errinundra (Vic) region",,1988-11,0.3,,10,,,,14.6,,10,,,,0.64,,10,,,,,,,,
Li_1993,E. nitens provenance trial (Ch 11 experiment 1),Table 11.3,Eucalyptus nitens,Esperance Valley E. nitens provenance trial,population,field_experiment,adult,adult leaves,,"provenance seedlot code 12, Toorongo (Vic) region",,1988-11,0.7,,10,,,,39.7,,10,,,,,,,,,,,,,,
Li_1993,E. nitens provenance trial (Ch 11 experiment 1),Table 11.3,Eucalyptus nitens,Esperance Valley E. nitens provenance trial,population,field_experiment,adult,juvenile leaves,,"provenance seedlot code 12, Toorongo (Vic) region",,1988-11,1.2,,5,,,,41.9,,5,,,,,,,,,,,,,,
Li_1993,E. nitens provenance trial (Ch 11 experiment 1),Table 11.3; Table 11.7,Eucalyptus nitens,Esperance Valley E. nitens provenance trial,population,field_experiment,adult,adult leaves,,"provenance seedlot code 13, Toorongo (Vic) region",,1988-11,0.6,,10,,,,33.6,,10,,,,0.93,,10,,,,,,,,
Li_1993,E. nitens provenance trial (Ch 11 experiment 1),Table 11.3; Table 11.7,Eucalyptus nitens,Esperance Valley E. nitens provenance trial,population,field_experiment,adult,juvenile leaves,,"provenance seedlot code 13, Toorongo (Vic) region",,1988-11,1.4,,5,,,,51.2,,5,,,,0.86,,5,,,,,,,,
Li_1993,E. nitens provenance trial (Ch 11 experiment 1),Table 11.3,Eucalyptus nitens,Esperance Valley E. nitens provenance trial,population,field_experiment,adult,adult leaves,,"provenance seedlot code 14, Toorongo (Vic) region",,1988-11,0.5,,10,,,,47.2,,10,,,,,,,,,,,,,,
Li_1993,E. nitens provenance trial (Ch 11 experiment 1),Table 11.3,Eucalyptus nitens,Esperance Valley E. nitens provenance trial,population,field_experiment,adult,juvenile leaves,,"provenance seedlot code 14, Toorongo (Vic) region",,1988-11,1.0,,5,,,,55.2,,5,,,,,,,,,,,,,,
Li_1993,E. nitens provenance trial (Ch 11 experiment 1),Table 11.3,Eucalyptus nitens,Esperance Valley E. nitens provenance trial,population,field_experiment,adult,adult leaves,,"provenance seedlot code 15, Toorongo (Vic) region",,1988-11,0.6,,10,,,,46.2,,10,,,,,,,,,,,,,,
Li_1993,E. nitens provenance trial (Ch 11 experiment 1),Table 11.3,Eucalyptus nitens,Esperance Valley E. nitens provenance trial,population,field_experiment,adult,juvenile leaves,,"provenance seedlot code 15, Toorongo (Vic) region",,1988-11,1.2,,5,,,,49.7,,5,,,,,,,,,,,,,,
Li_1993,E. nitens provenance trial (Ch 11 experiment 1),Table 11.3; Table 11.7,Eucalyptus nitens,Esperance Valley E. nitens provenance trial,population,field_experiment,adult,adult leaves,,"provenance seedlot code 16, Toorongo (Vic) region",,1988-11,0.5,,10,,,,30.7,,10,,,,1.08,,10,,,,,,,,
Li_1993,E. nitens provenance trial (Ch 11 experiment 1),Table 11.3; Table 11.7,Eucalyptus nitens,Esperance Valley E. nitens provenance trial,population,field_experiment,adult,juvenile leaves,,"provenance seedlot code 16, Toorongo (Vic) region",,1988-11,0.9,,5,,,,48.2,,5,,,,0.96,,5,,,,,,,,
Li_1993,E. nitens provenance trial (Ch 11 experiment 1),Table 11.3; Table 11.7,Eucalyptus nitens,Esperance Valley E. nitens provenance trial,population,field_experiment,adult,adult leaves,,"provenance seedlot code 17, Southern NSW region",,1988-11,0.6,,10,,,,40.4,,10,,,,0.82,,10,,,,,,,,
Li_1993,E. nitens provenance trial (Ch 11 experiment 1),Table 11.3; Table 11.7,Eucalyptus nitens,Esperance Valley E. nitens provenance trial,population,field_experiment,adult,juvenile leaves,,"provenance seedlot code 17, Southern NSW region",,1988-11,1.1,,5,,,,39.7,,5,,,,1.12,,5,,,,,,,,
Li_1993,E. nitens provenance trial (Ch 11 experiment 1),Table 11.3,Eucalyptus nitens,Esperance Valley E. nitens provenance trial,population,field_experiment,adult,adult leaves,,"provenance seedlot code 19, Southern NSW region",,1988-11,1.1,,10,,,,39.6,,10,,,,,,,,,,,,,,
Li_1993,E. nitens provenance trial (Ch 11 experiment 1),Table 11.3,Eucalyptus nitens,Esperance Valley E. nitens provenance trial,population,field_experiment,adult,juvenile leaves,,"provenance seedlot code 19, Southern NSW region",,1988-11,0.9,,5,,,,56.1,,5,,,,,,,,,,,,,,
Li_1993,E. nitens provenance trial (Ch 11 experiment 1),Table 11.3,Eucalyptus nitens,Esperance Valley E. nitens provenance trial,population,field_experiment,adult,adult leaves,,"provenance seedlot code 18, Southern NSW region",,1988-11,0.8,,10,,,,48.2,,10,,,,,,,,,,,,,,
Li_1993,E. nitens provenance trial (Ch 11 experiment 1),Table 11.3; Table 11.7,Eucalyptus nitens,Esperance Valley E. nitens provenance trial,population,field_experiment,adult,adult leaves,,"provenance seedlot code 20, Northern NSW region",,1988-11,0.6,,10,,,,45.2,,10,,,,0.68,,10,,,,,,,,
Li_1993,E. nitens family trials (Ch 11 experiment 2),Appendix 11.1 (a),Eucalyptus nitens,"APPM E. nitens family trial, Huntsman (Site 1)",population,field_experiment,adult,adult leaves,,E. nitens single-tree open-pollinated family 135 (seed origin: Toorongo Pl. Loch V. Rd. Site 2),,1990-11,0.7,0.3,3,,,,32.3,4.0,3,,,,,,,,,,5.5,unknown,,,
Li_1993,E. nitens family trials (Ch 11 experiment 2),Appendix 11.1 (a),Eucalyptus nitens,"APPM E. nitens family trial, Huntsman (Site 1)",population,field_experiment,adult,adult leaves,,E. nitens single-tree open-pollinated family 145 (seed origin: Toorongo Pl. Loch V. Rd. Site 3),,1990-11,0.8,0.3,3,,,,40.6,5.6,3,,,,,,,,,,4.2,unknown,,,
Li_1993,E. nitens family trials (Ch 11 experiment 2),Appendix 11.1 (a),Eucalyptus nitens,"APPM E. nitens family trial, Huntsman (Site 1)",population,field_experiment,adult,adult leaves,,E. nitens single-tree open-pollinated family 177 (seed origin: Toorongo Plateau),,1990-11,0.6,0.1,3,,,,25.7,8.0,3,,,,,,,,,,6.3,unknown,,,
Li_1993,E. nitens family trials (Ch 11 experiment 2),Appendix 11.1 (a),Eucalyptus nitens,"APPM E. nitens family trial, Huntsman (Site 1)",population,field_experiment,adult,adult leaves,,E. nitens single-tree open-pollinated family 71 (seed origin: Con Gap Rd./Snobs Creek (Rubicon)),,1990-11,0.5,0.1,3,,,,28.2,9.1,3,,,,,,,,,,7.8,unknown,,,
Li_1993,E. nitens family trials (Ch 11 experiment 2),Appendix 11.1 (a),Eucalyptus nitens,"APPM E. nitens family trial, Huntsman (Site 1)",population,field_experiment,adult,adult leaves,,E. nitens single-tree open-pollinated family 264 (seed origin: Mt. Toorongo),,1990-11,0.8,0.3,3,,,,26.2,3.3,3,,,,,,,,,,4.3,unknown,,,
Li_1993,E. nitens family trials (Ch 11 experiment 2),Appendix 11.1 (a),Eucalyptus nitens,"APPM E. nitens family trial, Huntsman (Site 1)",population,field_experiment,adult,adult leaves,,E. nitens single-tree open-pollinated family 136 (seed origin: Toorongo Pl. Loch V. Rd. Site 2),,1990-11,0.9,0.3,3,,,,24.0,5.9,3,,,,,,,,,,4.5,unknown,,,
Li_1993,E. nitens family trials (Ch 11 experiment 2),Appendix 11.1 (a),Eucalyptus nitens,"APPM E. nitens family trial, Huntsman (Site 1)",population,field_experiment,adult,adult leaves,,E. nitens single-tree open-pollinated family 283 (seed origin: Mt. St. Gwynear),,1990-11,0.7,0.3,3,,,,29.3,7.0,3,,,,,,,,,,7.4,unknown,,,
Li_1993,E. nitens family trials (Ch 11 experiment 2),Appendix 11.1 (a),Eucalyptus nitens,"APPM E. nitens family trial, Huntsman (Site 1)",population,field_experiment,adult,adult leaves,,E. nitens single-tree open-pollinated family 316 (seed origin: Mt. Toorongo MMBW Rd.),,1990-11,0.7,0.4,3,,,,32.8,5.8,3,,,,,,,,,,6.1,unknown,,,
Li_1993,E. nitens family trials (Ch 11 experiment 2),Appendix 11.1 (a),Eucalyptus nitens,"APPM E. nitens family trial, Huntsman (Site 1)",population,field_experiment,adult,adult leaves,,E. nitens single-tree open-pollinated family 312 (seed origin: Mt. Toorongo MMBW Rd.),,1990-11,0.5,0.2,3,,,,29.2,7.6,3,,,,,,,,,,7.9,unknown,,,
Li_1993,E. nitens family trials (Ch 11 experiment 2),Appendix 11.1 (a),Eucalyptus nitens,"APPM E. nitens family trial, Huntsman (Site 1)",population,field_experiment,adult,adult leaves,,E. nitens single-tree open-pollinated family 340 (seed origin: Loch Valley Rd.),,1990-11,0.7,0.1,3,,,,36.1,0.8,3,,,,,,,,,,4.6,unknown,,,
Li_1993,E. nitens family trials (Ch 11 experiment 2),Appendix 11.1 (b),Eucalyptus nitens,"APPM E. nitens family trial, Round Hill (Site 2)",population,field_experiment,adult,adult leaves,,E. nitens single-tree open-pollinated family 135 (seed origin: Toorongo Pl. Loch V. Rd. Site 2),,1990-11,1.1,0.3,3,,,,36.2,4.5,3,,,,,,,,,,12.5,unknown,,,
Li_1993,E. nitens family trials (Ch 11 experiment 2),Appendix 11.1 (b),Eucalyptus nitens,"APPM E. nitens family trial, Round Hill (Site 2)",population,field_experiment,adult,adult leaves,,E. nitens single-tree open-pollinated family 145 (seed origin: Toorongo Pl. Loch V. Rd. Site 3),,1990-11,1.4,0.5,3,,,,40.9,7.6,3,,,,,,,,,,10.83,unknown,,,
Li_1993,E. nitens family trials (Ch 11 experiment 2),Appendix 11.1 (b),Eucalyptus nitens,"APPM E. nitens family trial, Round Hill (Site 2)",population,field_experiment,adult,adult leaves,,E. nitens single-tree open-pollinated family 177 (seed origin: Toorongo Plateau),,1990-11,0.6,0.2,3,,,,34.9,13.1,3,,,,,,,,,,17.35,unknown,,,
Li_1993,E. nitens family trials (Ch 11 experiment 2),Appendix 11.1 (b),Eucalyptus nitens,"APPM E. nitens family trial, Round Hill (Site 2)",population,field_experiment,adult,adult leaves,,E. nitens single-tree open-pollinated family 71 (seed origin: Con Gap Rd./Snobs Creek (Rubicon)),,1990-11,0.7,0.1,3,,,,41.0,6.2,3,,,,,,,,,,15.47,unknown,,,
Li_1993,E. nitens family trials (Ch 11 experiment 2),Appendix 11.1 (b),Eucalyptus nitens,"APPM E. nitens family trial, Round Hill (Site 2)",population,field_experiment,adult,adult leaves,,E. nitens single-tree open-pollinated family 264 (seed origin: Mt. Toorongo),,1990-11,0.9,0.1,3,,,,30.2,5.3,3,,,,,,,,,,12.38,unknown,,,
Li_1993,E. nitens family trials (Ch 11 experiment 2),Appendix 11.1 (b),Eucalyptus nitens,"APPM E. nitens family trial, Round Hill (Site 2)",population,field_experiment,adult,adult leaves,,E. nitens single-tree open-pollinated family 136 (seed origin: Toorongo Pl. Loch V. Rd. Site 2),,1990-11,1.3,0.1,3,,,,25.3,1.0,3,,,,,,,,,,13.17,unknown,,,
Li_1993,E. nitens family trials (Ch 11 experiment 2),Appendix 11.1 (b),Eucalyptus nitens,"APPM E. nitens family trial, Round Hill (Site 2)",population,field_experiment,adult,adult leaves,,E. nitens single-tree open-pollinated family 283 (seed origin: Mt. St. Gwynear),,1990-11,0.9,0.2,3,,,,39.6,1.7,3,,,,,,,,,,17.28,unknown,,,
Li_1993,E. nitens family trials (Ch 11 experiment 2),Appendix 11.1 (b),Eucalyptus nitens,"APPM E. nitens family trial, Round Hill (Site 2)",population,field_experiment,adult,adult leaves,,E. nitens single-tree open-pollinated family 316 (seed origin: Mt. Toorongo MMBW Rd.),,1990-11,0.8,0.1,3,,,,37.1,1.1,3,,,,,,,,,,17.95,unknown,,,
Li_1993,E. nitens family trials (Ch 11 experiment 2),Appendix 11.1 (b),Eucalyptus nitens,"APPM E. nitens family trial, Round Hill (Site 2)",population,field_experiment,adult,adult leaves,,E. nitens single-tree open-pollinated family 312 (seed origin: Mt. Toorongo MMBW Rd.),,1990-11,0.7,0.1,3,,,,36.6,5.1,3,,,,,,,,,,18.24,unknown,,,
Li_1993,E. nitens family trials (Ch 11 experiment 2),Appendix 11.1 (b),Eucalyptus nitens,"APPM E. nitens family trial, Round Hill (Site 2)",population,field_experiment,adult,adult leaves,,E. nitens single-tree open-pollinated family 340 (seed origin: Loch Valley Rd.),,1990-11,0.9,0.5,3,,,,29.9,10.4,3,,,,,,,,,,11.11,unknown,,,
Li_1993,E. nitens x E. globulus F1 hybrid trial (Ch 11 experiment 3),Appendix 11.2; Table 11.6 (A); Table 11.6 (B),Eucalyptus nitens,APPM St Georges Rd Hybrid Trial,population,field_experiment,sapling,,young leaves,"E. nitens open-pollinated family 123 (seed collector L. Pederick No. 123; 37d47'S 146d03'E, 850 m)",,1989-04,0.62,,5,,,,29.2,5.8,5,18.07,,5,,,,,,,,,,,
Li_1993,E. nitens x E. globulus F1 hybrid trial (Ch 11 experiment 3),Appendix 11.2; Table 11.6 (A); Table 11.6 (B),Eucalyptus nitens x Eucalyptus globulus,APPM St Georges Rd Hybrid Trial,population,field_experiment,sapling,,young leaves,"F1 hybrid E. nitens family 123 (female) x E. globulus family 281 (source prints ""(female)"" for both parents)",,1989-04,1.12,,5,,,,46.4,7.9,5,53.23,,5,,,,,,,,,,,
Li_1993,E. nitens x E. globulus F1 hybrid trial (Ch 11 experiment 3),Appendix 11.2; Table 11.6 (A); Table 11.6 (B),Eucalyptus globulus,APPM St Georges Rd Hybrid Trial,population,field_experiment,sapling,,young leaves,"E. globulus family 281 (Tas. F.C.; 43d05'S 147d46'E, 200 m)",,1989-04,3.03,,4,,,,28.1,3.7,4,85.00,,4,,,,,,,,,,,
Li_1993,E. nitens x E. globulus F1 hybrid trial (Ch 11 experiment 3),Appendix 11.2; Table 11.6 (A); Table 11.6 (B),Eucalyptus nitens,APPM St Georges Rd Hybrid Trial,population,field_experiment,sapling,,mature leaves,"E. nitens open-pollinated family 123 (seed collector L. Pederick No. 123; 37d47'S 146d03'E, 850 m)",,1989-04,0.76,,5,,,,46.4,2.6,5,35.36,,5,,,,,,,,,,,
Li_1993,E. nitens x E. globulus F1 hybrid trial (Ch 11 experiment 3),Appendix 11.2; Table 11.6 (A); Table 11.6 (B),Eucalyptus nitens x Eucalyptus globulus,APPM St Georges Rd Hybrid Trial,population,field_experiment,sapling,,mature leaves,"F1 hybrid E. nitens family 123 (female) x E. globulus family 281 (source prints ""(female)"" for both parents)",,1989-04,1.64,,4,,,,41.1,4.4,4,67.42,,4,,,,,,,,,,,
Li_1993,E. nitens x E. globulus F1 hybrid trial (Ch 11 experiment 3),Appendix 11.2; Table 11.6 (A); Table 11.6 (B),Eucalyptus globulus,APPM St Georges Rd Hybrid Trial,population,field_experiment,sapling,,mature leaves,"E. globulus family 281 (Tas. F.C.; 43d05'S 147d46'E, 200 m)",,1989-04,3.20,,4,,,,39.7,2.4,4,126.55,,4,,,,,,,,,,,
Li_1993,"E. nitens and E. globulus wax comparison, Ridgley (Ch 11)",Table 11.8,Eucalyptus nitens,"APPM provenance trials, Ridgley",population,field_experiment,adult,juvenile leaves,,"E. nitens, seed origin Toorongo, Vic.; APPM E. nitens provenance trial",,1987-06,,,,,,,,,,,,,1.00,,10,,,,,,,,
Li_1993,"E. nitens and E. globulus wax comparison, Ridgley (Ch 11)",Table 11.8,Eucalyptus nitens,"APPM provenance trials, Ridgley",population,field_experiment,adult,adult leaves,,"E. nitens, seed origin Toorongo, Vic.; APPM E. nitens provenance trial",,1987-06,,,,,,,,,,,,,0.56,,10,,,,,,,,
Li_1993,"E. nitens and E. globulus wax comparison, Ridgley (Ch 11)",Table 11.8,Eucalyptus globulus,"APPM provenance trials, Ridgley",population,field_experiment,adult,juvenile leaves,,"E. globulus, Tasmanian origin; APPM E. globulus provenance trial",,1987-06,,,,,,,,,,,,,0.93,,10,,,,,,,,
Li_1993,"E. nitens and E. globulus wax comparison, Ridgley (Ch 11)",Table 11.8,Eucalyptus globulus,"APPM provenance trials, Ridgley",population,field_experiment,adult,adult leaves,,"E. globulus, Tasmanian origin; APPM E. globulus provenance trial",,1987-06,,,,,,,,,,,,,0.74,,10,,,,,,,,
Li_1993,"provenance trial, provenance comparison (Ch 3 experiment 1)",Table 3.2 (a),Eucalyptus regnans,"Esperance Valley species/provenance trial, Site 1",population,field_experiment,adult,adult leaves,,"provenance A1 (Moogara, Tas.)",,1989-04,6.1,1.1,10,,,,t,t,10,,,,,,,,,,,,,,
Li_1993,"provenance trial, provenance comparison (Ch 3 experiment 1)",Table 3.2 (a),Eucalyptus regnans,"Esperance Valley species/provenance trial, Site 1",population,field_experiment,adult,adult leaves,,"provenance A2 (Traralgon Creek, Vic.)",,1989-04,4.3,0.7,10,,,,t,t,10,,,,,,,,,,,,,,
Li_1993,"provenance trial, provenance comparison (Ch 3 experiment 1)",Table 3.2 (a),Eucalyptus delegatensis,"Esperance Valley species/provenance trial, Site 1",population,field_experiment,adult,adult leaves,,"provenance C1 (Guildford, Tas.)",,1989-04,4.0,0.8,10,,,,t,t,10,,,,,,,,,,,,,,
Li_1993,"provenance trial, provenance comparison (Ch 3 experiment 1)",Table 3.2 (a),Eucalyptus delegatensis,"Esperance Valley species/provenance trial, Site 1",population,field_experiment,adult,adult leaves,,"provenance C2 (Maydena, Tas.)",,1989-04,3.0,0.4,10,,,,t,t,10,,,,,,,,,,,,,,
Li_1993,"provenance trial, provenance comparison (Ch 3 experiment 1)",Table 3.2 (b),Eucalyptus nitens,"Esperance Valley species/provenance trial, Site 1",population,field_experiment,adult,adult leaves,,"provenance D1 (Penny Saddle, Vic.)",,1989-04,0.7,0.2,10,,,,27.6,6.5,10,,,,,,,,,,,,,,
Li_1993,"provenance trial, provenance comparison (Ch 3 experiment 1)",Table 3.2 (b),Eucalyptus nitens,"Esperance Valley species/provenance trial, Site 1",population,field_experiment,adult,adult leaves,,"provenance D2 (Bendoc, Vic.)",,1989-04,0.8,0.2,10,,,,14.4,2.9,10,,,,,,,,,,,,,,
Li_1993,"provenance trial, provenance comparison (Ch 3 experiment 1)",Table 3.2 (b),Eucalyptus globulus,"Esperance Valley species/provenance trial, Site 1",population,field_experiment,adult,adult leaves,,"provenance B1 (Geeveston, Tas.)",,1989-04,3.6,0.6,10,,,,44.6,5.7,10,,,,,,,,,,,,,,
Li_1993,"provenance trial, provenance comparison (Ch 3 experiment 1)",Table 3.2 (b),Eucalyptus globulus,"Esperance Valley species/provenance trial, Site 1",population,field_experiment,adult,adult leaves,,"provenance B2 (Otways, Vic.)",,1989-04,4.2,0.7,10,,,,52.4,9.9,10,,,,,,,,,,,,,,
Li_1993,"provenance trial, site comparison (Ch 3 experiment 2)",Appendix 3.1 (a),Eucalyptus regnans,"Esperance Valley species/provenance trial, Site 1",population,field_experiment,adult,adult leaves,,"provenance A1 (Moogara, Tas.)",,1991-05,6.5,,,,,,-,,,,,,,,,,,,,,,,
Li_1993,"provenance trial, site comparison (Ch 3 experiment 2)",Appendix 3.1 (a),Eucalyptus regnans,"Esperance Valley species/provenance trial, Site 2",population,field_experiment,adult,adult leaves,,"provenance A1 (Moogara, Tas.)",,1991-05,4.4,,,,,,-,,,,,,,,,,,,,,,,
Li_1993,"provenance trial, site comparison (Ch 3 experiment 2)",Appendix 3.1 (a),Eucalyptus regnans,"Esperance Valley species/provenance trial, Site 3",population,field_experiment,adult,adult leaves,,"provenance A1 (Moogara, Tas.)",,1991-05,4.5,,,,,,-,,,,,,,,,,,,,,,,
Li_1993,"provenance trial, site comparison (Ch 3 experiment 2)",Appendix 3.1 (a),Eucalyptus regnans,"Esperance Valley species/provenance trial, Site 4",population,field_experiment,adult,adult leaves,,"provenance A1 (Moogara, Tas.)",,1991-05,3,,,,,,-,,,,,,,,,,,,,,,,
Li_1993,"provenance trial, site comparison (Ch 3 experiment 2)",Appendix 3.1 (a),Eucalyptus regnans,"Esperance Valley species/provenance trial, Site 1",population,field_experiment,adult,adult leaves,,"provenance A2 (Traralgon Creek, Vic.)",,1991-05,4.8,,,,,,-,,,,,,,,,,,,,,,,
Li_1993,"provenance trial, site comparison (Ch 3 experiment 2)",Appendix 3.1 (a),Eucalyptus regnans,"Esperance Valley species/provenance trial, Site 2",population,field_experiment,adult,adult leaves,,"provenance A2 (Traralgon Creek, Vic.)",,1991-05,4.2,,,,,,-,,,,,,,,,,,,,,,,
Li_1993,"provenance trial, site comparison (Ch 3 experiment 2)",Appendix 3.1 (a),Eucalyptus regnans,"Esperance Valley species/provenance trial, Site 3",population,field_experiment,adult,adult leaves,,"provenance A2 (Traralgon Creek, Vic.)",,1991-05,3.9,,,,,,-,,,,,,,,,,,,,,,,
Li_1993,"provenance trial, site comparison (Ch 3 experiment 2)",Appendix 3.1 (a),Eucalyptus regnans,"Esperance Valley species/provenance trial, Site 4",population,field_experiment,adult,adult leaves,,"provenance A2 (Traralgon Creek, Vic.)",,1991-05,2.5,,,,,,-,,,,,,,,,,,,,,,,
Li_1993,"provenance trial, site comparison (Ch 3 experiment 2)",Appendix 3.1 (a),Eucalyptus delegatensis,"Esperance Valley species/provenance trial, Site 1",population,field_experiment,adult,adult leaves,,"provenance C1 (Guildford, Tas.)",,1991-05,4.4,,,,,,0.3,,,,,,,,,,,,,,,,
Li_1993,"provenance trial, site comparison (Ch 3 experiment 2)",Appendix 3.1 (a),Eucalyptus delegatensis,"Esperance Valley species/provenance trial, Site 2",population,field_experiment,adult,adult leaves,,"provenance C1 (Guildford, Tas.)",,1991-05,4.3,,,,,,0.1,,,,,,,,,,,,,,,,
Li_1993,"provenance trial, site comparison (Ch 3 experiment 2)",Appendix 3.1 (a),Eucalyptus delegatensis,"Esperance Valley species/provenance trial, Site 3",population,field_experiment,adult,adult leaves,,"provenance C1 (Guildford, Tas.)",,1991-05,2.1,,,,,,0.1,,,,,,,,,,,,,,,,
Li_1993,"provenance trial, site comparison (Ch 3 experiment 2)",Appendix 3.1 (a),Eucalyptus delegatensis,"Esperance Valley species/provenance trial, Site 4",population,field_experiment,adult,adult leaves,,"provenance C1 (Guildford, Tas.)",,1991-05,2.4,,,,,,0.1,,,,,,,,,,,,,,,,
Li_1993,"provenance trial, site comparison (Ch 3 experiment 2)",Appendix 3.1 (a),Eucalyptus delegatensis,"Esperance Valley species/provenance trial, Site 1",population,field_experiment,adult,adult leaves,,"provenance C2 (Maydena, Tas.)",,1991-05,3.1,,,,,,0.1,,,,,,,,,,,,,,,,
Li_1993,"provenance trial, site comparison (Ch 3 experiment 2)",Appendix 3.1 (a),Eucalyptus delegatensis,"Esperance Valley species/provenance trial, Site 2",population,field_experiment,adult,adult leaves,,"provenance C2 (Maydena, Tas.)",,1991-05,3,,,,,,0.1,,,,,,,,,,,,,,,,
Li_1993,"provenance trial, site comparison (Ch 3 experiment 2)",Appendix 3.1 (a),Eucalyptus delegatensis,"Esperance Valley species/provenance trial, Site 3",population,field_experiment,adult,adult leaves,,"provenance C2 (Maydena, Tas.)",,1991-05,2,,,,,,0.1,,,,,,,,,,,,,,,,
Li_1993,"provenance trial, site comparison (Ch 3 experiment 2)",Appendix 3.1 (a),Eucalyptus delegatensis,"Esperance Valley species/provenance trial, Site 4",population,field_experiment,adult,adult leaves,,"provenance C2 (Maydena, Tas.)",,1991-05,2.2,,,,,,0.1,,,,,,,,,,,,,,,,
Li_1993,"provenance trial, site comparison (Ch 3 experiment 2)",Appendix 3.1 (b),Eucalyptus nitens,"Esperance Valley species/provenance trial, Site 1",population,field_experiment,adult,adult leaves,,"provenance D1 (Penny Saddle, Vic.)",,1991-05,0.6,,,,,,28.9,,,,,,,,,,,,,,,,
Li_1993,"provenance trial, site comparison (Ch 3 experiment 2)",Appendix 3.1 (b),Eucalyptus nitens,"Esperance Valley species/provenance trial, Site 2",population,field_experiment,adult,adult leaves,,"provenance D1 (Penny Saddle, Vic.)",,1991-05,0.5,,,,,,26.7,,,,,,,,,,,,,,,,
Li_1993,"provenance trial, site comparison (Ch 3 experiment 2)",Appendix 3.1 (b),Eucalyptus nitens,"Esperance Valley species/provenance trial, Site 3",population,field_experiment,adult,adult leaves,,"provenance D1 (Penny Saddle, Vic.)",,1991-05,0.8,,,,,,26.2,,,,,,,,,,,,,,,,
Li_1993,"provenance trial, site comparison (Ch 3 experiment 2)",Appendix 3.1 (b),Eucalyptus nitens,"Esperance Valley species/provenance trial, Site 4",population,field_experiment,adult,adult leaves,,"provenance D1 (Penny Saddle, Vic.)",,1991-05,1.3,,,,,,25.4,,,,,,,,,,,,,,,,
Li_1993,"provenance trial, site comparison (Ch 3 experiment 2)",Appendix 3.1 (b),Eucalyptus nitens,"Esperance Valley species/provenance trial, Site 1",population,field_experiment,adult,adult leaves,,"provenance D2 (Bendoc, Vic.)",,1991-05,1,,,,,,16.6,,,,,,,,,,,,,,,,
Li_1993,"provenance trial, site comparison (Ch 3 experiment 2)",Appendix 3.1 (b),Eucalyptus nitens,"Esperance Valley species/provenance trial, Site 2",population,field_experiment,adult,adult leaves,,"provenance D2 (Bendoc, Vic.)",,1991-05,1.1,,,,,,18.8,,,,,,,,,,,,,,,,
Li_1993,"provenance trial, site comparison (Ch 3 experiment 2)",Appendix 3.1 (b),Eucalyptus nitens,"Esperance Valley species/provenance trial, Site 3",population,field_experiment,adult,adult leaves,,"provenance D2 (Bendoc, Vic.)",,1991-05,0.9,,,,,,16.8,,,,,,,,,,,,,,,,
Li_1993,"provenance trial, site comparison (Ch 3 experiment 2)",Appendix 3.1 (b),Eucalyptus nitens,"Esperance Valley species/provenance trial, Site 4",population,field_experiment,adult,adult leaves,,"provenance D2 (Bendoc, Vic.)",,1991-05,0.8,,,,,,17.3,,,,,,,,,,,,,,,,
Li_1993,"provenance trial, site comparison (Ch 3 experiment 2)",Appendix 3.1 (b),Eucalyptus globulus,"Esperance Valley species/provenance trial, Site 1",population,field_experiment,adult,adult leaves,,"provenance B1 (Geeveston, Tas.)",,1991-05,3.1,,,,,,52.1,,,,,,,,,,,,,,,,
Li_1993,"provenance trial, site comparison (Ch 3 experiment 2)",Appendix 3.1 (b),Eucalyptus globulus,"Esperance Valley species/provenance trial, Site 2",population,field_experiment,adult,adult leaves,,"provenance B1 (Geeveston, Tas.)",,1991-05,3.4,,,,,,47.1,,,,,,,,,,,,,,,,
Li_1993,"provenance trial, site comparison (Ch 3 experiment 2)",Appendix 3.1 (b),Eucalyptus globulus,"Esperance Valley species/provenance trial, Site 3",population,field_experiment,adult,adult leaves,,"provenance B1 (Geeveston, Tas.)",,1991-05,3,,,,,,48.5,,,,,,,,,,,,,,,,
Li_1993,"provenance trial, site comparison (Ch 3 experiment 2)",Appendix 3.1 (b),Eucalyptus globulus,"Esperance Valley species/provenance trial, Site 4",population,field_experiment,adult,adult leaves,,"provenance B1 (Geeveston, Tas.)",,1991-05,2.6,,,,,,47.1,,,,,,,,,,,,,,,,
Li_1993,"provenance trial, site comparison (Ch 3 experiment 2)",Appendix 3.1 (b),Eucalyptus globulus,"Esperance Valley species/provenance trial, Site 1",population,field_experiment,adult,adult leaves,,"provenance B2 (Otways, Vic.)",,1991-05,4.1,,,,,,60.5,,,,,,,,,,,,,,,,
Li_1993,"provenance trial, site comparison (Ch 3 experiment 2)",Appendix 3.1 (b),Eucalyptus globulus,"Esperance Valley species/provenance trial, Site 2",population,field_experiment,adult,adult leaves,,"provenance B2 (Otways, Vic.)",,1991-05,4.9,,,,,,62.3,,,,,,,,,,,,,,,,
Li_1993,"provenance trial, site comparison (Ch 3 experiment 2)",Appendix 3.1 (b),Eucalyptus globulus,"Esperance Valley species/provenance trial, Site 3",population,field_experiment,adult,adult leaves,,"provenance B2 (Otways, Vic.)",,1991-05,4.4,,,,,,50.6,,,,,,,,,,,,,,,,
Li_1993,"provenance trial, site comparison (Ch 3 experiment 2)",Appendix 3.1 (b),Eucalyptus globulus,"Esperance Valley species/provenance trial, Site 4",population,field_experiment,adult,adult leaves,,"provenance B2 (Otways, Vic.)",,1991-05,4,,,,,,43,,,,,,,,,,,,,,,,
Li_1993,"provenance trial, seasonal variation (Ch 3 experiment 3)",Appendix 3.2A,Eucalyptus nitens,"Esperance Valley species/provenance trial, Site 1",population,field_experiment,adult,adult leaves,,"provenance D2 (Bendoc, Vic.)",sample time 1,1987-11,,,,0.75,0.07,5,13.5,2.5,5,,,,,,,,,,,,,,
Li_1993,"provenance trial, seasonal variation (Ch 3 experiment 3)",Appendix 3.2A,Eucalyptus nitens,"Esperance Valley species/provenance trial, Site 1",population,field_experiment,adult,adult leaves,,"provenance D2 (Bendoc, Vic.)",sample time 2,1988-01,,,,0.80,0.21,5,13.9,2.5,5,,,,,,,,,,,,,,
Li_1993,"provenance trial, seasonal variation (Ch 3 experiment 3)",Appendix 3.2A,Eucalyptus nitens,"Esperance Valley species/provenance trial, Site 1",population,field_experiment,adult,adult leaves,,"provenance D2 (Bendoc, Vic.)",sample time 3,1988-03,,,,0.97,0.16,5,14.1,1.8,5,,,,,,,,,,,,,,
Li_1993,"provenance trial, seasonal variation (Ch 3 experiment 3)",Appendix 3.2A,Eucalyptus nitens,"Esperance Valley species/provenance trial, Site 1",population,field_experiment,adult,adult leaves,,"provenance D2 (Bendoc, Vic.)",sample time 4,1988-05,,,,0.89,0.17,5,14.0,1.3,5,,,,,,,,,,,,,,
Li_1993,"provenance trial, seasonal variation (Ch 3 experiment 3)",Appendix 3.2A,Eucalyptus nitens,"Esperance Valley species/provenance trial, Site 1",population,field_experiment,adult,adult leaves,,"provenance D2 (Bendoc, Vic.)",sample time 5,1988-07,,,,0.84,0.09,5,14.7,0.8,5,,,,,,,,,,,,,,
Li_1993,"provenance trial, seasonal variation (Ch 3 experiment 3)",Appendix 3.2A,Eucalyptus nitens,"Esperance Valley species/provenance trial, Site 1",population,field_experiment,adult,adult leaves,,"provenance D2 (Bendoc, Vic.)",sample time 6,1988-09,,,,0.80,0.09,5,14.9,1.6,5,,,,,,,,,,,,,,
Li_1993,"provenance trial, seasonal variation (Ch 3 experiment 3)",Appendix 3.2A,Eucalyptus nitens,"Esperance Valley species/provenance trial, Site 1",population,field_experiment,adult,adult leaves,,"provenance D2 (Bendoc, Vic.)",sample time 7,1988-11,,,,0.70,0.04,5,14.0,1.1,5,,,,,,,,,,,,,,
Li_1993,"provenance trial, seasonal variation (Ch 3 experiment 3)",Appendix 3.2B,Eucalyptus delegatensis,"Esperance Valley species/provenance trial, Site 1",population,field_experiment,adult,adult leaves,,"provenance C2 (Maydena, Tas.)",sample time 1,1987-11,,,,2.62,0.59,5,t,t,5,,,,,,,,,,,,,,
Li_1993,"provenance trial, seasonal variation (Ch 3 experiment 3)",Appendix 3.2B,Eucalyptus delegatensis,"Esperance Valley species/provenance trial, Site 1",population,field_experiment,adult,adult leaves,,"provenance C2 (Maydena, Tas.)",sample time 2,1988-01,,,,2.72,0.57,5,t,t,5,,,,,,,,,,,,,,
Li_1993,"provenance trial, seasonal variation (Ch 3 experiment 3)",Appendix 3.2B,Eucalyptus delegatensis,"Esperance Valley species/provenance trial, Site 1",population,field_experiment,adult,adult leaves,,"provenance C2 (Maydena, Tas.)",sample time 3,1988-03,,,,3.14,0.66,5,t,t,5,,,,,,,,,,,,,,
Li_1993,"provenance trial, seasonal variation (Ch 3 experiment 3)",Appendix 3.2B,Eucalyptus delegatensis,"Esperance Valley species/provenance trial, Site 1",population,field_experiment,adult,adult leaves,,"provenance C2 (Maydena, Tas.)",sample time 4,1988-05,,,,3.07,0.56,5,t,t,5,,,,,,,,,,,,,,
Li_1993,"provenance trial, seasonal variation (Ch 3 experiment 3)",Appendix 3.2B,Eucalyptus delegatensis,"Esperance Valley species/provenance trial, Site 1",population,field_experiment,adult,adult leaves,,"provenance C2 (Maydena, Tas.)",sample time 5,1988-07,,,,2.88,0.19,5,t,t,5,,,,,,,,,,,,,,
Li_1993,"provenance trial, seasonal variation (Ch 3 experiment 3)",Appendix 3.2B,Eucalyptus delegatensis,"Esperance Valley species/provenance trial, Site 1",population,field_experiment,adult,adult leaves,,"provenance C2 (Maydena, Tas.)",sample time 6,1988-09,,,,2.82,0.42,5,t,t,5,,,,,,,,,,,,,,
Li_1993,"provenance trial, seasonal variation (Ch 3 experiment 3)",Appendix 3.2B,Eucalyptus delegatensis,"Esperance Valley species/provenance trial, Site 1",population,field_experiment,adult,adult leaves,,"provenance C2 (Maydena, Tas.)",sample time 7,1988-11,,,,2.73,0.27,5,t,t,5,,,,,,,,,,,,,,
Li_1993,"provenance trial, seasonal variation (Ch 3 experiment 3)",Appendix 3.2C,Eucalyptus globulus,"Esperance Valley species/provenance trial, Site 1",population,field_experiment,adult,adult leaves,,"provenance B2 (Otways, Vic.)",sample time 1,1987-11,,,,3.56,0.80,5,34.9,6.1,5,,,,,,,,,,,,,,
Li_1993,"provenance trial, seasonal variation (Ch 3 experiment 3)",Appendix 3.2C,Eucalyptus globulus,"Esperance Valley species/provenance trial, Site 1",population,field_experiment,adult,adult leaves,,"provenance B2 (Otways, Vic.)",sample time 2,1988-01,,,,3.72,0.46,5,38.3,4.9,5,,,,,,,,,,,,,,
Li_1993,"provenance trial, seasonal variation (Ch 3 experiment 3)",Appendix 3.2C,Eucalyptus globulus,"Esperance Valley species/provenance trial, Site 1",population,field_experiment,adult,adult leaves,,"provenance B2 (Otways, Vic.)",sample time 3,1988-03,,,,4.37,0.70,5,45.6,4.1,5,,,,,,,,,,,,,,
Li_1993,"provenance trial, seasonal variation (Ch 3 experiment 3)",Appendix 3.2C,Eucalyptus globulus,"Esperance Valley species/provenance trial, Site 1",population,field_experiment,adult,adult leaves,,"provenance B2 (Otways, Vic.)",sample time 4,1988-05,,,,4.27,0.81,5,48.8,5.2,5,,,,,,,,,,,,,,
Li_1993,"provenance trial, seasonal variation (Ch 3 experiment 3)",Appendix 3.2C,Eucalyptus globulus,"Esperance Valley species/provenance trial, Site 1",population,field_experiment,adult,adult leaves,,"provenance B2 (Otways, Vic.)",sample time 5,1988-07,,,,4.21,0.72,5,48.0,5.0,5,,,,,,,,,,,,,,
Li_1993,"provenance trial, seasonal variation (Ch 3 experiment 3)",Appendix 3.2C,Eucalyptus globulus,"Esperance Valley species/provenance trial, Site 1",population,field_experiment,adult,adult leaves,,"provenance B2 (Otways, Vic.)",sample time 6,1988-09,,,,4.03,0.82,5,51.0,6.8,5,,,,,,,,,,,,,,
Li_1993,"provenance trial, seasonal variation (Ch 3 experiment 3)",Appendix 3.2C,Eucalyptus globulus,"Esperance Valley species/provenance trial, Site 1",population,field_experiment,adult,adult leaves,,"provenance B2 (Otways, Vic.)",sample time 7,1988-11,,,,3.82,0.72,5,50.1,5.3,5,,,,,,,,,,,,,,
Li_1993,"provenance trial, leaf age and growth season (Ch 3 experiment 3)",Appendix 3.3A (1),Eucalyptus nitens,"Esperance Valley species/provenance trial, Site 1",population,field_experiment,adult,adult leaves,A (new leaves),"provenance D2 (Bendoc, Vic.)",sample time 1,1987-11-08,,,,0.44,0.09,5,10.79,3.41,5,,,,,,,,,,,,,,
Li_1993,"provenance trial, leaf age and growth season (Ch 3 experiment 3)",Appendix 3.3A (1),Eucalyptus nitens,"Esperance Valley species/provenance trial, Site 1",population,field_experiment,adult,adult leaves,A (new leaves),"provenance D2 (Bendoc, Vic.)",sample time 2,1987-12-15,,,,0.52,0.19,5,9.52,4.99,5,,,,,,,,,,,,,,
Li_1993,"provenance trial, leaf age and growth season (Ch 3 experiment 3)",Appendix 3.3A (1),Eucalyptus nitens,"Esperance Valley species/provenance trial, Site 1",population,field_experiment,adult,adult leaves,B (28 days),"provenance D2 (Bendoc, Vic.)",sample time 2,1987-12-15,,,,0.62,0.24,5,12.89,2.61,5,,,,,,,,,,,,,,
Li_1993,"provenance trial, leaf age and growth season (Ch 3 experiment 3)",Appendix 3.3A (1),Eucalyptus nitens,"Esperance Valley species/provenance trial, Site 1",population,field_experiment,adult,adult leaves,A (new leaves),"provenance D2 (Bendoc, Vic.)",sample time 3,1988-01-12,,,,0.59,0.22,5,10.69,1.91,5,,,,,,,,,,,,,,
Li_1993,"provenance trial, leaf age and growth season (Ch 3 experiment 3)",Appendix 3.3A (1),Eucalyptus nitens,"Esperance Valley species/provenance trial, Site 1",population,field_experiment,adult,adult leaves,B (28 days),"provenance D2 (Bendoc, Vic.)",sample time 3,1988-01-12,,,,0.49,0.26,5,9.47,2.67,5,,,,,,,,,,,,,,
Li_1993,"provenance trial, leaf age and growth season (Ch 3 experiment 3)",Appendix 3.3A (1),Eucalyptus nitens,"Esperance Valley species/provenance trial, Site 1",population,field_experiment,adult,adult leaves,C (56 days),"provenance D2 (Bendoc, Vic.)",sample time 3,1988-01-12,,,,0.68,0.16,5,10.79,1.98,5,,,,,,,,,,,,,,
Li_1993,"provenance trial, leaf age and growth season (Ch 3 experiment 3)",Appendix 3.3A (1),Eucalyptus nitens,"Esperance Valley species/provenance trial, Site 1",population,field_experiment,adult,adult leaves,A (new leaves),"provenance D2 (Bendoc, Vic.)",sample time 4,1988-02-03,,,,0.54,0.28,5,12.85,2.39,5,,,,,,,,,,,,,,
Li_1993,"provenance trial, leaf age and growth season (Ch 3 experiment 3)",Appendix 3.3A (1),Eucalyptus nitens,"Esperance Valley species/provenance trial, Site 1",population,field_experiment,adult,adult leaves,B (28 days),"provenance D2 (Bendoc, Vic.)",sample time 4,1988-02-03,,,,0.61,0.23,5,11.54,2.62,5,,,,,,,,,,,,,,
Li_1993,"provenance trial, leaf age and growth season (Ch 3 experiment 3)",Appendix 3.3A (1),Eucalyptus nitens,"Esperance Valley species/provenance trial, Site 1",population,field_experiment,adult,adult leaves,C (56 days),"provenance D2 (Bendoc, Vic.)",sample time 4,1988-02-03,,,,0.46,0.16,5,12.55,2.32,5,,,,,,,,,,,,,,
Li_1993,"provenance trial, leaf age and growth season (Ch 3 experiment 3)",Appendix 3.3A (1),Eucalyptus nitens,"Esperance Valley species/provenance trial, Site 1",population,field_experiment,adult,adult leaves,D (84 days),"provenance D2 (Bendoc, Vic.)",sample time 4,1988-02-03,,,,0.55,0.25,5,12.31,2.81,5,,,,,,,,,,,,,,
Li_1993,"provenance trial, leaf age and growth season (Ch 3 experiment 3)",Appendix 3.3A (2),Eucalyptus nitens,"Esperance Valley species/provenance trial, Site 1",population,field_experiment,adult,adult leaves,A (new leaves),"provenance D2 (Bendoc, Vic.)",sample time 5,1988-03-02,,,,0.64,0.32,5,12.09,4.28,5,,,,,,,,,,,,,,
Li_1993,"provenance trial, leaf age and growth season (Ch 3 experiment 3)",Appendix 3.3A (2),Eucalyptus nitens,"Esperance Valley species/provenance trial, Site 1",population,field_experiment,adult,adult leaves,B (28 days),"provenance D2 (Bendoc, Vic.)",sample time 5,1988-03-02,,,,0.58,0.23,5,12.19,2.95,5,,,,,,,,,,,,,,
Li_1993,"provenance trial, leaf age and growth season (Ch 3 experiment 3)",Appendix 3.3A (2),Eucalyptus nitens,"Esperance Valley species/provenance trial, Site 1",population,field_experiment,adult,adult leaves,C (56 days),"provenance D2 (Bendoc, Vic.)",sample time 5,1988-03-02,,,,0.55,0.18,5,11.74,3.64,5,,,,,,,,,,,,,,
Li_1993,"provenance trial, leaf age and growth season (Ch 3 experiment 3)",Appendix 3.3A (2),Eucalyptus nitens,"Esperance Valley species/provenance trial, Site 1",population,field_experiment,adult,adult leaves,D (84 days),"provenance D2 (Bendoc, Vic.)",sample time 5,1988-03-02,,,,0.46,0.18,5,12.00,3.38,5,,,,,,,,,,,,,,
Li_1993,"provenance trial, leaf age and growth season (Ch 3 experiment 3)",Appendix 3.3A (2),Eucalyptus nitens,"Esperance Valley species/provenance trial, Site 1",population,field_experiment,adult,adult leaves,E (112 days),"provenance D2 (Bendoc, Vic.)",sample time 5,1988-03-02,,,,0.52,0.27,5,14.19,2.72,5,,,,,,,,,,,,,,
Li_1993,"provenance trial, leaf age and growth season (Ch 3 experiment 3)",Appendix 3.3A (2),Eucalyptus nitens,"Esperance Valley species/provenance trial, Site 1",population,field_experiment,adult,adult leaves,A (new leaves),"provenance D2 (Bendoc, Vic.)",sample time 6,1988-03-30,,,,0.50,0.18,5,13.26,2.86,5,,,,,,,,,,,,,,
Li_1993,"provenance trial, leaf age and growth season (Ch 3 experiment 3)",Appendix 3.3A (2),Eucalyptus nitens,"Esperance Valley species/provenance trial, Site 1",population,field_experiment,adult,adult leaves,B (28 days),"provenance D2 (Bendoc, Vic.)",sample time 6,1988-03-30,,,,0.52,0.13,5,10.23,4.49,5,,,,,,,,,,,,,,
Li_1993,"provenance trial, leaf age and growth season (Ch 3 experiment 3)",Appendix 3.3A (2),Eucalyptus nitens,"Esperance Valley species/provenance trial, Site 1",population,field_experiment,adult,adult leaves,C (56 days),"provenance D2 (Bendoc, Vic.)",sample time 6,1988-03-30,,,,0.70,0.32,5,12.09,2.94,5,,,,,,,,,,,,,,
Li_1993,"provenance trial, leaf age and growth season (Ch 3 experiment 3)",Appendix 3.3A (2),Eucalyptus nitens,"Esperance Valley species/provenance trial, Site 1",population,field_experiment,adult,adult leaves,D (84 days),"provenance D2 (Bendoc, Vic.)",sample time 6,1988-03-30,,,,0.60,0.26,5,10.33,2.86,5,,,,,,,,,,,,,,
Li_1993,"provenance trial, leaf age and growth season (Ch 3 experiment 3)",Appendix 3.3A (2),Eucalyptus nitens,"Esperance Valley species/provenance trial, Site 1",population,field_experiment,adult,adult leaves,E (112 days),"provenance D2 (Bendoc, Vic.)",sample time 6,1988-03-30,,,,0.57,0.31,5,11.99,1.71,5,,,,,,,,,,,,,,
Li_1993,"provenance trial, leaf age and growth season (Ch 3 experiment 3)",Appendix 3.3A (2),Eucalyptus nitens,"Esperance Valley species/provenance trial, Site 1",population,field_experiment,adult,adult leaves,F (140 days),"provenance D2 (Bendoc, Vic.)",sample time 6,1988-03-30,,,,0.66,0.23,5,10.64,5.36,5,,,,,,,,,,,,,,
Li_1993,"provenance trial, leaf age and growth season (Ch 3 experiment 3)",Appendix 3.3B (1),Eucalyptus delegatensis,"Esperance Valley species/provenance trial, Site 1",population,field_experiment,adult,adult leaves,A (new leaves),"provenance C2 (Maydena, Tas.)",sample time 1,1987-11-08,,,,1.75,0.37,4,,,,,,,,,,,,,,,,,
Li_1993,"provenance trial, leaf age and growth season (Ch 3 experiment 3)",Appendix 3.3B (1),Eucalyptus delegatensis,"Esperance Valley species/provenance trial, Site 1",population,field_experiment,adult,adult leaves,A (new leaves),"provenance C2 (Maydena, Tas.)",sample time 2,1987-12-15,,,,1.93,0.54,4,,,,,,,,,,,,,,,,,
Li_1993,"provenance trial, leaf age and growth season (Ch 3 experiment 3)",Appendix 3.3B (1),Eucalyptus delegatensis,"Esperance Valley species/provenance trial, Site 1",population,field_experiment,adult,adult leaves,B (28 days),"provenance C2 (Maydena, Tas.)",sample time 2,1987-12-15,,,,2.10,0.17,4,,,,,,,,,,,,,,,,,
Li_1993,"provenance trial, leaf age and growth season (Ch 3 experiment 3)",Appendix 3.3B (1),Eucalyptus delegatensis,"Esperance Valley species/provenance trial, Site 1",population,field_experiment,adult,adult leaves,A (new leaves),"provenance C2 (Maydena, Tas.)",sample time 3,1988-01-12,,,,1.85,0.19,4,,,,,,,,,,,,,,,,,
Li_1993,"provenance trial, leaf age and growth season (Ch 3 experiment 3)",Appendix 3.3B (1),Eucalyptus delegatensis,"Esperance Valley species/provenance trial, Site 1",population,field_experiment,adult,adult leaves,B (28 days),"provenance C2 (Maydena, Tas.)",sample time 3,1988-01-12,,,,2.09,0.23,4,,,,,,,,,,,,,,,,,
Li_1993,"provenance trial, leaf age and growth season (Ch 3 experiment 3)",Appendix 3.3B (1),Eucalyptus delegatensis,"Esperance Valley species/provenance trial, Site 1",population,field_experiment,adult,adult leaves,C (56 days),"provenance C2 (Maydena, Tas.)",sample time 3,1988-01-12,,,,2.37,0.37,4,,,,,,,,,,,,,,,,,
Li_1993,"provenance trial, leaf age and growth season (Ch 3 experiment 3)",Appendix 3.3B (1),Eucalyptus delegatensis,"Esperance Valley species/provenance trial, Site 1",population,field_experiment,adult,adult leaves,A (new leaves),"provenance C2 (Maydena, Tas.)",sample time 4,1988-02-03,,,,2.07,0.34,4,,,,,,,,,,,,,,,,,
Li_1993,"provenance trial, leaf age and growth season (Ch 3 experiment 3)",Appendix 3.3B (1),Eucalyptus delegatensis,"Esperance Valley species/provenance trial, Site 1",population,field_experiment,adult,adult leaves,B (28 days),"provenance C2 (Maydena, Tas.)",sample time 4,1988-02-03,,,,2.29,0.65,4,,,,,,,,,,,,,,,,,
Li_1993,"provenance trial, leaf age and growth season (Ch 3 experiment 3)",Appendix 3.3B (1),Eucalyptus delegatensis,"Esperance Valley species/provenance trial, Site 1",population,field_experiment,adult,adult leaves,C (56 days),"provenance C2 (Maydena, Tas.)",sample time 4,1988-02-03,,,,2.60,0.67,4,,,,,,,,,,,,,,,,,
Li_1993,"provenance trial, leaf age and growth season (Ch 3 experiment 3)",Appendix 3.3B (1),Eucalyptus delegatensis,"Esperance Valley species/provenance trial, Site 1",population,field_experiment,adult,adult leaves,D (84 days),"provenance C2 (Maydena, Tas.)",sample time 4,1988-02-03,,,,2.76,0.24,4,,,,,,,,,,,,,,,,,
Li_1993,"provenance trial, leaf age and growth season (Ch 3 experiment 3)",Appendix 3.3B (2),Eucalyptus delegatensis,"Esperance Valley species/provenance trial, Site 1",population,field_experiment,adult,adult leaves,A (new leaves),"provenance C2 (Maydena, Tas.)",sample time 5,1988-03-02,,,,1.81,0.41,4,,,,,,,,,,,,,,,,,
Li_1993,"provenance trial, leaf age and growth season (Ch 3 experiment 3)",Appendix 3.3B (2),Eucalyptus delegatensis,"Esperance Valley species/provenance trial, Site 1",population,field_experiment,adult,adult leaves,B (28 days),"provenance C2 (Maydena, Tas.)",sample time 5,1988-03-02,,,,2.53,0.42,4,,,,,,,,,,,,,,,,,
Li_1993,"provenance trial, leaf age and growth season (Ch 3 experiment 3)",Appendix 3.3B (2),Eucalyptus delegatensis,"Esperance Valley species/provenance trial, Site 1",population,field_experiment,adult,adult leaves,C (56 days),"provenance C2 (Maydena, Tas.)",sample time 5,1988-03-02,,,,2.61,0.34,4,,,,,,,,,,,,,,,,,
Li_1993,"provenance trial, leaf age and growth season (Ch 3 experiment 3)",Appendix 3.3B (2),Eucalyptus delegatensis,"Esperance Valley species/provenance trial, Site 1",population,field_experiment,adult,adult leaves,D (84 days),"provenance C2 (Maydena, Tas.)",sample time 5,1988-03-02,,,,2.67,0.54,4,,,,,,,,,,,,,,,,,
Li_1993,"provenance trial, leaf age and growth season (Ch 3 experiment 3)",Appendix 3.3B (2),Eucalyptus delegatensis,"Esperance Valley species/provenance trial, Site 1",population,field_experiment,adult,adult leaves,E (112 days),"provenance C2 (Maydena, Tas.)",sample time 5,1988-03-02,,,,2.65,0.42,4,,,,,,,,,,,,,,,,,
Li_1993,"provenance trial, leaf age and growth season (Ch 3 experiment 3)",Appendix 3.3B (2),Eucalyptus delegatensis,"Esperance Valley species/provenance trial, Site 1",population,field_experiment,adult,adult leaves,A (new leaves),"provenance C2 (Maydena, Tas.)",sample time 6,1988-03-30,,,,2.15,0.19,4,,,,,,,,,,,,,,,,,
Li_1993,"provenance trial, leaf age and growth season (Ch 3 experiment 3)",Appendix 3.3B (2),Eucalyptus delegatensis,"Esperance Valley species/provenance trial, Site 1",population,field_experiment,adult,adult leaves,B (28 days),"provenance C2 (Maydena, Tas.)",sample time 6,1988-03-30,,,,2.32,0.18,4,,,,,,,,,,,,,,,,,
Li_1993,"provenance trial, leaf age and growth season (Ch 3 experiment 3)",Appendix 3.3B (2),Eucalyptus delegatensis,"Esperance Valley species/provenance trial, Site 1",population,field_experiment,adult,adult leaves,C (56 days),"provenance C2 (Maydena, Tas.)",sample time 6,1988-03-30,,,,2.86,0.68,4,,,,,,,,,,,,,,,,,
Li_1993,"provenance trial, leaf age and growth season (Ch 3 experiment 3)",Appendix 3.3B (2),Eucalyptus delegatensis,"Esperance Valley species/provenance trial, Site 1",population,field_experiment,adult,adult leaves,D (84 days),"provenance C2 (Maydena, Tas.)",sample time 6,1988-03-30,,,,2.65,0.68,4,,,,,,,,,,,,,,,,,
Li_1993,"provenance trial, leaf age and growth season (Ch 3 experiment 3)",Appendix 3.3B (2),Eucalyptus delegatensis,"Esperance Valley species/provenance trial, Site 1",population,field_experiment,adult,adult leaves,E (112 days),"provenance C2 (Maydena, Tas.)",sample time 6,1988-03-30,,,,2.73,0.27,4,,,,,,,,,,,,,,,,,
Li_1993,"provenance trial, leaf age and growth season (Ch 3 experiment 3)",Appendix 3.3B (2),Eucalyptus delegatensis,"Esperance Valley species/provenance trial, Site 1",population,field_experiment,adult,adult leaves,F (140 days),"provenance C2 (Maydena, Tas.)",sample time 6,1988-03-30,,,,2.43,0.34,4,,,,,,,,,,,,,,,,,
Li_1993,"provenance trial, leaf age and growth season (Ch 3 experiment 3)",Appendix 3.3C (1),Eucalyptus globulus,"Esperance Valley species/provenance trial, Site 1",population,field_experiment,adult,adult leaves,A (new leaves),"provenance B2 (Otways, Vic.)",sample time 1,1987-11-04,,,,2.93,1.12,5,29.23,6.51,5,,,,,,,,,,,,,,
Li_1993,"provenance trial, leaf age and growth season (Ch 3 experiment 3)",Appendix 3.3C (1),Eucalyptus globulus,"Esperance Valley species/provenance trial, Site 1",population,field_experiment,adult,adult leaves,A (new leaves),"provenance B2 (Otways, Vic.)",sample time 2,1987-12-02,,,,2.90,0.95,5,26.41,8.59,5,,,,,,,,,,,,,,
Li_1993,"provenance trial, leaf age and growth season (Ch 3 experiment 3)",Appendix 3.3C (1),Eucalyptus globulus,"Esperance Valley species/provenance trial, Site 1",population,field_experiment,adult,adult leaves,B (28 days),"provenance B2 (Otways, Vic.)",sample time 2,1987-12-02,,,,3.56,0.65,5,32.11,7.63,5,,,,,,,,,,,,,,
Li_1993,"provenance trial, leaf age and growth season (Ch 3 experiment 3)",Appendix 3.3C (1),Eucalyptus globulus,"Esperance Valley species/provenance trial, Site 1",population,field_experiment,adult,adult leaves,A (new leaves),"provenance B2 (Otways, Vic.)",sample time 3,1987-12-29,,,,2.92,0.51,5,34.00,9.56,5,,,,,,,,,,,,,,
Li_1993,"provenance trial, leaf age and growth season (Ch 3 experiment 3)",Appendix 3.3C (1),Eucalyptus globulus,"Esperance Valley species/provenance trial, Site 1",population,field_experiment,adult,adult leaves,B (28 days),"provenance B2 (Otways, Vic.)",sample time 3,1987-12-29,,,,3.85,0.70,5,39.51,8.37,5,,,,,,,,,,,,,,
Li_1993,"provenance trial, leaf age and growth season (Ch 3 experiment 3)",Appendix 3.3C (1),Eucalyptus globulus,"Esperance Valley species/provenance trial, Site 1",population,field_experiment,adult,adult leaves,C (56 days),"provenance B2 (Otways, Vic.)",sample time 3,1987-12-29,,,,4.17,0.52,5,41.01,8.87,5,,,,,,,,,,,,,,
Li_1993,"provenance trial, leaf age and growth season (Ch 3 experiment 3)",Appendix 3.3C (1),Eucalyptus globulus,"Esperance Valley species/provenance trial, Site 1",population,field_experiment,adult,adult leaves,A (new leaves),"provenance B2 (Otways, Vic.)",sample time 4,1988-01-26,,,,3.48,0.44,5,33.77,9.92,5,,,,,,,,,,,,,,
Li_1993,"provenance trial, leaf age and growth season (Ch 3 experiment 3)",Appendix 3.3C (1),Eucalyptus globulus,"Esperance Valley species/provenance trial, Site 1",population,field_experiment,adult,adult leaves,B (28 days),"provenance B2 (Otways, Vic.)",sample time 4,1988-01-26,,,,3.91,0.32,5,37.37,10.14,5,,,,,,,,,,,,,,
Li_1993,"provenance trial, leaf age and growth season (Ch 3 experiment 3)",Appendix 3.3C (1),Eucalyptus globulus,"Esperance Valley species/provenance trial, Site 1",population,field_experiment,adult,adult leaves,C (56 days),"provenance B2 (Otways, Vic.)",sample time 4,1988-01-26,,,,4.09,0.67,5,41.10,9.17,5,,,,,,,,,,,,,,
Li_1993,"provenance trial, leaf age and growth season (Ch 3 experiment 3)",Appendix 3.3C (1),Eucalyptus globulus,"Esperance Valley species/provenance trial, Site 1",population,field_experiment,adult,adult leaves,D (84 days),"provenance B2 (Otways, Vic.)",sample time 4,1988-01-26,,,,4.23,0.83,5,42.30,6.90,5,,,,,,,,,,,,,,
Li_1993,"provenance trial, leaf age and growth season (Ch 3 experiment 3)",Appendix 3.3C (2),Eucalyptus globulus,"Esperance Valley species/provenance trial, Site 1",population,field_experiment,adult,adult leaves,A (new leaves),"provenance B2 (Otways, Vic.)",sample time 5,1988-02-24,,,,3.67,0.70,5,37.41,12.29,5,,,,,,,,,,,,,,
Li_1993,"provenance trial, leaf age and growth season (Ch 3 experiment 3)",Appendix 3.3C (2),Eucalyptus globulus,"Esperance Valley species/provenance trial, Site 1",population,field_experiment,adult,adult leaves,B (28 days),"provenance B2 (Otways, Vic.)",sample time 5,1988-02-24,,,,4.04,0.52,5,39.15,10.07,5,,,,,,,,,,,,,,
Li_1993,"provenance trial, leaf age and growth season (Ch 3 experiment 3)",Appendix 3.3C (2),Eucalyptus globulus,"Esperance Valley species/provenance trial, Site 1",population,field_experiment,adult,adult leaves,C (56 days),"provenance B2 (Otways, Vic.)",sample time 5,1988-02-24,,,,4.43,0.48,5,43.89,10.01,5,,,,,,,,,,,,,,
Li_1993,"provenance trial, leaf age and growth season (Ch 3 experiment 3)",Appendix 3.3C (2),Eucalyptus globulus,"Esperance Valley species/provenance trial, Site 1",population,field_experiment,adult,adult leaves,D (84 days),"provenance B2 (Otways, Vic.)",sample time 5,1988-02-24,,,,4.32,0.91,5,42.33,7.66,5,,,,,,,,,,,,,,
Li_1993,"provenance trial, leaf age and growth season (Ch 3 experiment 3)",Appendix 3.3C (2),Eucalyptus globulus,"Esperance Valley species/provenance trial, Site 1",population,field_experiment,adult,adult leaves,E (112 days),"provenance B2 (Otways, Vic.)",sample time 5,1988-02-24,,,,4.21,0.86,5,41.00,7.36,5,,,,,,,,,,,,,,
Li_1993,"provenance trial, leaf age and growth season (Ch 3 experiment 3)",Appendix 3.3C (2),Eucalyptus globulus,"Esperance Valley species/provenance trial, Site 1",population,field_experiment,adult,adult leaves,A (new leaves),"provenance B2 (Otways, Vic.)",sample time 6,1988-03-23,,,,4.20,0.79,5,37.14,10.86,5,,,,,,,,,,,,,,
Li_1993,"provenance trial, leaf age and growth season (Ch 3 experiment 3)",Appendix 3.3C (2),Eucalyptus globulus,"Esperance Valley species/provenance trial, Site 1",population,field_experiment,adult,adult leaves,B (28 days),"provenance B2 (Otways, Vic.)",sample time 6,1988-03-23,,,,4.59,0.95,5,41.57,10.59,5,,,,,,,,,,,,,,
Li_1993,"provenance trial, leaf age and growth season (Ch 3 experiment 3)",Appendix 3.3C (2),Eucalyptus globulus,"Esperance Valley species/provenance trial, Site 1",population,field_experiment,adult,adult leaves,C (56 days),"provenance B2 (Otways, Vic.)",sample time 6,1988-03-23,,,,4.87,0.94,5,44.12,8.58,5,,,,,,,,,,,,,,
Li_1993,"provenance trial, leaf age and growth season (Ch 3 experiment 3)",Appendix 3.3C (2),Eucalyptus globulus,"Esperance Valley species/provenance trial, Site 1",population,field_experiment,adult,adult leaves,D (84 days),"provenance B2 (Otways, Vic.)",sample time 6,1988-03-23,,,,4.67,0.78,5,45.10,9.56,5,,,,,,,,,,,,,,
Li_1993,"provenance trial, leaf age and growth season (Ch 3 experiment 3)",Appendix 3.3C (2),Eucalyptus globulus,"Esperance Valley species/provenance trial, Site 1",population,field_experiment,adult,adult leaves,E (112 days),"provenance B2 (Otways, Vic.)",sample time 6,1988-03-23,,,,4.74,1.08,5,46.28,9.26,5,,,,,,,,,,,,,,
Li_1993,"provenance trial, leaf age and growth season (Ch 3 experiment 3)",Appendix 3.3C (2),Eucalyptus globulus,"Esperance Valley species/provenance trial, Site 1",population,field_experiment,adult,adult leaves,F (140 days),"provenance B2 (Otways, Vic.)",sample time 6,1988-03-23,,,,4.81,1.37,5,46.16,7.38,5,,,,,,,,,,,,,,
Li_1993,"provenance trial, leaf age and growth season (Ch 3 experiment 3)",Appendix 3.3C (3),Eucalyptus globulus,"Esperance Valley species/provenance trial, Site 1",population,field_experiment,adult,adult leaves,A (new leaves),"provenance B2 (Otways, Vic.)",sample time 7,1988-04-20,,,,4.34,0.98,5,40.49,11.61,5,,,,,,,,,,,,,,
Li_1993,"provenance trial, leaf age and growth season (Ch 3 experiment 3)",Appendix 3.3C (3),Eucalyptus globulus,"Esperance Valley species/provenance trial, Site 1",population,field_experiment,adult,adult leaves,B (28 days),"provenance B2 (Otways, Vic.)",sample time 7,1988-04-20,,,,4.79,0.78,5,43.70,10.88,5,,,,,,,,,,,,,,
Li_1993,"provenance trial, leaf age and growth season (Ch 3 experiment 3)",Appendix 3.3C (3),Eucalyptus globulus,"Esperance Valley species/provenance trial, Site 1",population,field_experiment,adult,adult leaves,C (56 days),"provenance B2 (Otways, Vic.)",sample time 7,1988-04-20,,,,4.65,1.35,5,46.46,11.41,5,,,,,,,,,,,,,,
Li_1993,"provenance trial, leaf age and growth season (Ch 3 experiment 3)",Appendix 3.3C (3),Eucalyptus globulus,"Esperance Valley species/provenance trial, Site 1",population,field_experiment,adult,adult leaves,D (84 days),"provenance B2 (Otways, Vic.)",sample time 7,1988-04-20,,,,4.91,1.02,5,43.43,10.88,5,,,,,,,,,,,,,,
Li_1993,"provenance trial, leaf age and growth season (Ch 3 experiment 3)",Appendix 3.3C (3),Eucalyptus globulus,"Esperance Valley species/provenance trial, Site 1",population,field_experiment,adult,adult leaves,E (112 days),"provenance B2 (Otways, Vic.)",sample time 7,1988-04-20,,,,4.71,1.09,5,48.40,9.03,5,,,,,,,,,,,,,,
Li_1993,"provenance trial, leaf age and growth season (Ch 3 experiment 3)",Appendix 3.3C (3),Eucalyptus globulus,"Esperance Valley species/provenance trial, Site 1",population,field_experiment,adult,adult leaves,F (140 days),"provenance B2 (Otways, Vic.)",sample time 7,1988-04-20,,,,4.66,1.51,5,44.36,9.21,5,,,,,,,,,,,,,,
Li_1993,"provenance trial, leaf age and growth season (Ch 3 experiment 3)",Appendix 3.3C (3),Eucalyptus globulus,"Esperance Valley species/provenance trial, Site 1",population,field_experiment,adult,adult leaves,G (168 days),"provenance B2 (Otways, Vic.)",sample time 7,1988-04-20,,,,4.27,1.17,5,45.37,8.32,5,,,,,,,,,,,,,,
Li_1993,natural populations survey (Ch 4-5),Table 4.1; Table 4.5 (A) part 1; Table 5.1; Table 5.8(a) Subgenus Monocalyptus,Eucalyptus delegatensis,Tasmania (multiple natural populations),metapopulation,field,adult,adult leaves,,,,1989-05/1989-12,4.4,1.2,10,,,,0.3,0.3,10,,,,1.3,,10,sinuate to crenate edged plates,open to low,,,,Wet Sclerophyll: replaces E. obliqua and E. regnans on well-drained sites at higher altitudes about 600m,,Mean across natural populations (number in replicates); survey sites for this species: Mt. Wellington (D1); Poatina High way (D2); Bakers Tier (D3); Quailes Hill (D4); Gads Hills (D5); Snug Plains (D6); Guildford (D7); Maydena (D8); Esperance River (D9); Pecks Hill (D10)
Li_1993,natural populations survey (Ch 4-5),Table 4.1; Table 4.5 (A) part 1; Table 5.1; Table 5.8(a) Subgenus Monocalyptus,Eucalyptus delegatensis,Tasmania (multiple natural populations),metapopulation,field,sapling,juvenile leaves,,,,1989-05/1989-12,0.7,0.5,10,,,,0.7,1.0,10,,,,1.2,,10,sinuate to crenate edged plates,high,,,,Wet Sclerophyll: replaces E. obliqua and E. regnans on well-drained sites at higher altitudes about 600m,,Mean across natural populations (number in replicates); survey sites for this species: Mt. Wellington (D1); Poatina High way (D2); Bakers Tier (D3); Quailes Hill (D4); Gads Hills (D5); Snug Plains (D6); Guildford (D7); Maydena (D8); Esperance River (D9); Pecks Hill (D10)
Li_1993,natural populations survey (Ch 4-5),Table 4.1; Table 4.5 (A) part 1; Table 5.1; Table 5.8(a) Subgenus Monocalyptus,Eucalyptus regnans,Tasmania (multiple natural populations),metapopulation,field,adult,adult leaves,,,,1989-05/1989-12,4.4,1.4,6,,,,0.2,0.1,6,,,,0.9,,6,sinuate to crenate edged plates,very low,,,,"Wet Sclerophyll: sites of low fire frequency, on moist, deep, well-drained soils to 700m",,Mean across natural populations (number in replicates); survey sites for this species: Moogara (R1); Leslie Vale (R2); Snug Plains (R3); Irocliffe Rd. (R4); Briddale (R5); Ker Mandie Divide (R6)
Li_1993,natural populations survey (Ch 4-5),Table 4.1; Table 4.5 (A) part 1; Table 5.1; Table 5.8(a) Subgenus Monocalyptus,Eucalyptus regnans,Tasmania (multiple natural populations),metapopulation,field,sapling,juvenile leaves,,,,1989-05/1989-12,3.1,1.3,6,,,,0.2,0.2,6,,,,1.3,,6,sinuate to crenate edged plates,very low,,,,"Wet Sclerophyll: sites of low fire frequency, on moist, deep, well-drained soils to 700m",,Mean across natural populations (number in replicates); survey sites for this species: Moogara (R1); Leslie Vale (R2); Snug Plains (R3); Irocliffe Rd. (R4); Briddale (R5); Ker Mandie Divide (R6)
Li_1993,natural populations survey (Ch 4-5),Table 4.1; Table 4.5 (A) part 1; Table 5.1; Table 5.8(a) Subgenus Monocalyptus,Eucalyptus obliqua,Tasmania (multiple natural populations),metapopulation,field,adult,adult leaves,,,,1989-05/1989-12,3.8,1.6,9,,,,1.5,1.5,9,,,,1.3,,9,sinuate to crenate edged plates,very low,,,,"Wet Sclerophyll: widespread, replacing E. regnans on slightly drier sites with a higher fire frequency through to dry coastal areas",,Mean across natural populations (number in replicates); survey sites for this species: Summerleas Rd. (O1); Elephants Pass (O2); Olivers Road (O3); Roseberry (O4); Cethana (O5); Margate Quarry (O6); Randalls Bay (O7); Little Hill (O8); Raminea (O9)
Li_1993,natural populations survey (Ch 4-5),Table 4.1; Table 4.5 (A) part 1; Table 5.1; Table 5.8(a) Subgenus Monocalyptus,Eucalyptus obliqua,Tasmania (multiple natural populations),metapopulation,field,sapling,juvenile leaves,,,,1989-05/1989-12,1.9,0.4,9,,,,2.4,2.9,9,,,,1.4,,9,sinuate to crenate edged plates,very low,,,,"Wet Sclerophyll: widespread, replacing E. regnans on slightly drier sites with a higher fire frequency through to dry coastal areas",,Mean across natural populations (number in replicates); survey sites for this species: Summerleas Rd. (O1); Elephants Pass (O2); Olivers Road (O3); Roseberry (O4); Cethana (O5); Margate Quarry (O6); Randalls Bay (O7); Little Hill (O8); Raminea (O9)
Li_1993,natural populations survey (Ch 4-5),Table 4.1; Table 4.5 (A) part 1; Table 5.1; Table 5.8(a) Subgenus Monocalyptus,Eucalyptus sieberi,Tasmania (multiple natural populations),metapopulation,field,adult,adult leaves,,,,1989-05/1989-12,3.6,0.3,3,,,,8.1,3.4,3,,,,0.4,,3,sinuate to crenate edged plates,open to low,,,,Dry Sclerophyll: dry infertile soils normally over granite in the north-east,,Mean across natural populations (number in replicates); survey sites for this species: Friendly Beach (S1); Elephants Pass (S2)
Li_1993,natural populations survey (Ch 4-5),Table 4.1; Table 4.5 (A) part 1; Table 5.1; Table 5.8(a) Subgenus Monocalyptus,Eucalyptus sieberi,Tasmania (multiple natural populations),metapopulation,field,sapling,juvenile leaves,,,,1989-05/1989-12,1.8,0.3,2,,,,8.1,0.7,2,,,,0.3,,2,sinuate to crenate edged plates,high,,,,Dry Sclerophyll: dry infertile soils normally over granite in the north-east,,Mean across natural populations (number in replicates); survey sites for this species: Friendly Beach (S1); Elephants Pass (S2)
Li_1993,natural populations survey (Ch 4-5),Table 4.1; Table 4.5 (A) part 1; Table 5.1; Table 5.8(a) Subgenus Monocalyptus,Eucalyptus pauciflora,Tasmania (multiple natural populations),metapopulation,field,adult,adult leaves,,,,1989-05/1989-12,2.6,0.8,5,,,,9.0,3.9,5,,,,0.6,,5,sinuate edged plates,open to low,,,,"Subalpine: well-drained sites in cold habitats in centre and east, wide altitudinal range",,Mean across natural populations (number in replicates); survey sites for this species: Derwent Bridge (P1); Pensford (P2); Bothwell (P3); Conara Junction (P4); WesterWay (P5)
Li_1993,natural populations survey (Ch 4-5),Table 4.1; Table 4.5 (A) part 1; Table 5.1; Table 5.8(a) Subgenus Monocalyptus,Eucalyptus pauciflora,Tasmania (multiple natural populations),metapopulation,field,sapling,juvenile leaves,,,,1989-05/1989-12,1.9,0.5,5,,,,13.9,8.2,5,,,,0.6,,5,sinuate edged plates,high,,,,"Subalpine: well-drained sites in cold habitats in centre and east, wide altitudinal range",,Mean across natural populations (number in replicates); survey sites for this species: Derwent Bridge (P1); Pensford (P2); Bothwell (P3); Conara Junction (P4); WesterWay (P5)
Li_1993,natural populations survey (Ch 4-5),Table 4.1; Table 4.5 (A) part 1; Table 5.1; Table 5.8(a) Subgenus Monocalyptus,Eucalyptus radiata,Lemonthyme (RA),population,field,adult,adult leaves,,,,1989-05/1989-12,6.3,,1,,,,0.4,,1,,,,0.3,,1,sinuate to crenate edged plates,high,,,,Dry Sclerophyll: very restricted distribution on Ordovician gravels in the Mersey and Forth River valleys,,
Li_1993,natural populations survey (Ch 4-5),Table 4.1; Table 4.5 (A) part 1; Table 5.1; Table 5.8(a) Subgenus Monocalyptus,Eucalyptus radiata,Lemonthyme (RA),population,field,sapling,juvenile leaves,,,,1989-05/1989-12,2.1,,1,,,,4.6,,1,,,,0.3,,1,sinuate to crenate edged plates,high,,,,Dry Sclerophyll: very restricted distribution on Ordovician gravels in the Mersey and Forth River valleys,,
Li_1993,natural populations survey (Ch 4-5),Table 4.1; Table 4.5 (A) part 1; Table 5.1; Table 5.8(a) Subgenus Monocalyptus,Eucalyptus pulchella,Tasmania (multiple natural populations),metapopulation,field,adult,adult leaves,,,,1989-05/1989-12,4.9,0.7,5,,,,46.5,19.9,5,,,,0.9,,5,sinuate to crenate edged plates or mixture of plate and tube,low or high,,,,Dry Sclerophyll: dry soils developed on dolerite in the south-east,,Mean across natural populations (number in replicates); survey sites for this species: Cherry Tree Hill (p1); Harris Creek (p2); Moogara (p3); Lea-Kingston (p4); Margate quarry (p5)
Li_1993,natural populations survey (Ch 4-5),Table 4.1; Table 4.5 (A) part 1; Table 5.1; Table 5.8(a) Subgenus Monocalyptus,Eucalyptus pulchella,Tasmania (multiple natural populations),metapopulation,field,sapling,juvenile leaves,,,,1989-05/1989-12,1.4,0.3,5,,,,42.8,18.6,5,,,,0.6,,5,sinuate to crenate edged plates or mixture of plate and tube,low or high,,,,Dry Sclerophyll: dry soils developed on dolerite in the south-east,,Mean across natural populations (number in replicates); survey sites for this species: Cherry Tree Hill (p1); Harris Creek (p2); Moogara (p3); Lea-Kingston (p4); Margate quarry (p5)
Li_1993,natural populations survey (Ch 4-5),Table 4.1; Table 4.5 (A) part 1; Table 5.1; Table 5.8(a) Subgenus Monocalyptus,Eucalyptus tenuiramis,Tasmania (multiple natural populations),metapopulation,field,adult,adult leaves,,,,1989-05/1989-12,4.4,1.3,4,,,,34.8,20.1,4,,,,0.9,,4,long tubes with rarely branching,high,,,,Dry Sclerophyll: dry soils developed mainly on mudstone and dolerite in the south-east,,Mean across natural populations (number in replicates); survey sites for this species: Bothwell tip (T1); Randalls Bay (T2); Huon Rd. (T3); Bicheno (T4)
Li_1993,natural populations survey (Ch 4-5),Table 4.1; Table 4.5 (A) part 1; Table 5.1; Table 5.8(a) Subgenus Monocalyptus,Eucalyptus tenuiramis,Tasmania (multiple natural populations),metapopulation,field,sapling,juvenile leaves,,,,1989-05/1989-12,1.6,1.7,4,,,,38.3,20.5,4,,,,0.9,,4,long tubes with rarely branching,high,,,,Dry Sclerophyll: dry soils developed mainly on mudstone and dolerite in the south-east,,Mean across natural populations (number in replicates); survey sites for this species: Bothwell tip (T1); Randalls Bay (T2); Huon Rd. (T3); Bicheno (T4)
Li_1993,natural populations survey (Ch 4-5),Table 4.1; Table 4.5 (A) part 1; Table 5.1; Table 5.8(a) Subgenus Monocalyptus,Eucalyptus amygdalina,Tasmania (multiple natural populations),metapopulation,field,adult,adult leaves,,,,1989-05/1989-12,4.4,1.9,8,,,,14.3,17.4,8,,,,0.5,,8,sinuate to crenate edged plate,open,,,,Dry Sclerophyll: widely distributed on dry sandy podsolic soils in the north and east,,Mean across natural populations (number in replicates); survey sites for this species: Cape Queen Elizabeth (A1); Lea-Kingston (A2); Baker Tier (A3); Bicheno (A4); Carrick-217Km (A5); Cethana (A6); Government (A7); Derwent Bridge (A8)
Li_1993,natural populations survey (Ch 4-5),Table 4.1; Table 4.5 (A) part 1; Table 5.1; Table 5.8(a) Subgenus Monocalyptus,Eucalyptus amygdalina,Tasmania (multiple natural populations),metapopulation,field,sapling,juvenile leaves,,,,1989-05/1989-12,2.0,2.1,8,,,,15.1,14.4,8,,,,0.5,,8,sinuate to crenate edged plate,high,,,,Dry Sclerophyll: widely distributed on dry sandy podsolic soils in the north and east,,Mean across natural populations (number in replicates); survey sites for this species: Cape Queen Elizabeth (A1); Lea-Kingston (A2); Baker Tier (A3); Bicheno (A4); Carrick-217Km (A5); Cethana (A6); Government (A7); Derwent Bridge (A8)
Li_1993,natural populations survey (Ch 4-5),Table 4.1; Table 4.5 (A) part 1; Table 5.1; Table 5.8(a) Subgenus Monocalyptus,Eucalyptus nitida,Tasmania (multiple natural populations),metapopulation,field,adult,adult leaves,,,,1989-05/1989-12,3.9,1.7,10,,,,0.9,0.9,10,,,,0.8,,10,sinuate to crenate edged plate,open to low,,,,"Subalpine: infertile skeletal soils or peaks in high rainfall areas of west and south-west, wide altitudinal range",,Mean across natural populations (number in replicates); survey sites for this species: Dove Lake Road (N1); Que River (N2); Little Florentine (N3); Hartz Mt. Rd. (N4); Tahune reserve Rd. (N5); Quailes Hill (N6); Claude Hill (N7); Strahan road (N8); Mt. Arrowsmith Rd (N9); Raglan River (N10); Strahan Road (N11)
Li_1993,natural populations survey (Ch 4-5),Table 4.1; Table 4.5 (A) part 1; Table 5.1; Table 5.8(a) Subgenus Monocalyptus,Eucalyptus nitida,Tasmania (multiple natural populations),metapopulation,field,sapling,juvenile leaves,,,,1989-05/1989-12,0.7,0.4,10,,,,10.6,15.4,10,,,,0.6,,10,sinuate to crenate edged plate,high,,,,"Subalpine: infertile skeletal soils or peaks in high rainfall areas of west and south-west, wide altitudinal range",,Mean across natural populations (number in replicates); survey sites for this species: Dove Lake Road (N1); Que River (N2); Little Florentine (N3); Hartz Mt. Rd. (N4); Tahune reserve Rd. (N5); Quailes Hill (N6); Claude Hill (N7); Strahan road (N8); Mt. Arrowsmith Rd (N9); Raglan River (N10); Strahan Road (N11)
Li_1993,natural populations survey (Ch 4-5),Table 4.1; Table 4.5 (A) part 1; Table 5.1; Table 5.8(a) Subgenus Monocalyptus,Eucalyptus risdonii,Tasmania (multiple natural populations),metapopulation,field,adult,adult leaves,,,,1989-05/1989-12,1.8,0.5,3,,,,60.4,4.5,3,,,,1.1,,3,long and simple tubes,high,,,,"Dry Sclerophyll: restricted on very dry, skeletal soils developed on mudstone to the east of the River Derwent",,Mean across natural populations (number in replicates); survey sites for this species: Warrane/Risdon Vale (r1); Government Hills (r2); Cultivated (r3)
Li_1993,natural populations survey (Ch 4-5),Table 4.1; Table 4.5 (A) part 1; Table 5.1; Table 5.8(a) Subgenus Monocalyptus,Eucalyptus risdonii,Tasmania (multiple natural populations),metapopulation,field,sapling,juvenile leaves,,,,1989-05/1989-12,0.4,0.4,2,,,,60.9,0.7,2,,,,1.0,,2,long and simple tubes,high,,,,"Dry Sclerophyll: restricted on very dry, skeletal soils developed on mudstone to the east of the River Derwent",,Mean across natural populations (number in replicates); survey sites for this species: Warrane/Risdon Vale (r1); Government Hills (r2); Cultivated (r3)
Li_1993,natural populations survey (Ch 4-5),Table 4.1; Table 4.5 (A) part 1; Table 5.1; Table 5.8(a) Subgenus Monocalyptus,Eucalyptus coccifera,Tasmania (multiple natural populations),metapopulation,field,adult,adult leaves,,,,1989-05/1989-12,1.3,0.7,6,,,,5.0,6.0,6,,,,0.6,,6,sinuate to crenate edged plate or tube,high to open,,,,"Subalpine: cold well-drained sites, forms treeline on most dolerite capped mountains in the centre and south-east",,Mean across natural populations (number in replicates); survey sites for this species: Snug Tiers (C1); Alma Tier (C2); Pine Lake (C3); Projection Bluff (C4); Mt. Wellington (C5); Mt. Arrowsmith (C6); Hansens' Peak (C7); Mt. Arrowsmith (C8)
Li_1993,natural populations survey (Ch 4-5),Table 4.1; Table 4.5 (A) part 1; Table 5.1; Table 5.8(a) Subgenus Monocalyptus,Eucalyptus coccifera,Tasmania (multiple natural populations),metapopulation,field,sapling,juvenile leaves,,,,1989-05/1989-12,0.1,0.1,6,,,,11.6,11.7,6,,,,0.8,,6,sinuate to crenate edged plate,high,,,,"Subalpine: cold well-drained sites, forms treeline on most dolerite capped mountains in the centre and south-east",,Mean across natural populations (number in replicates); survey sites for this species: Snug Tiers (C1); Alma Tier (C2); Pine Lake (C3); Projection Bluff (C4); Mt. Wellington (C5); Mt. Arrowsmith (C6); Hansens' Peak (C7); Mt. Arrowsmith (C8)
Li_1993,natural populations survey (Ch 4-5),Table 4.1; Table 4.5 (B) Subgenus Symphyomyrtus part 1; Table 5.8(b) Subgenus Symphyomyrtus,Eucalyptus brookeriana,Tasmania (multiple natural populations),metapopulation,field,adult,adult leaves,,,,1989-05/1989-12,3.6,0.9,3,,,,52.8,15.3,3,,,,,,,tube or intermediate form of tube/plate,open to low,,,,Wet Sclerophyll: well drained rocky soils or alluvial deposits adjacent to streams,,Mean across natural populations (number in replicates); survey sites for this species: Sumach Road (NW) (b1); Rocka Rurlet (b2); Elephant Pass (b3); Strahan road (b4)
Li_1993,natural populations survey (Ch 4-5),Table 4.1; Table 4.5 (B) Subgenus Symphyomyrtus part 1; Table 5.8(b) Subgenus Symphyomyrtus,Eucalyptus brookeriana,Tasmania (multiple natural populations),metapopulation,field,sapling,juvenile leaves,,,,1989-05/1989-12,3.2,0.6,3,,,,51.9,12.2,3,,,,,,,tube or intermediate form of tube/plate,high,,,,Wet Sclerophyll: well drained rocky soils or alluvial deposits adjacent to streams,,Mean across natural populations (number in replicates); survey sites for this species: Sumach Road (NW) (b1); Rocka Rurlet (b2); Elephant Pass (b3); Strahan road (b4)
Li_1993,natural populations survey (Ch 4-5),Table 4.1; Table 4.5 (B) Subgenus Symphyomyrtus part 1; Table 5.8(b) Subgenus Symphyomyrtus,Eucalyptus rodwayi,Tasmania (multiple natural populations),metapopulation,field,adult,adult leaves,,,,1989-05/1989-12,2.8,0.5,4,,,,59.6,7.6,4,,,,,,,flat-tread like and typical tubes,low,,,,Wet Sclerophyll: replaces E. ovata on poorly drained soils at intermediated altitudes,,Mean across natural populations (number in replicates); survey sites for this species: M. Road (Ro1); Steppes (Ro2); Nive Plains (Ro3); Strictland (Ro4)
Li_1993,natural populations survey (Ch 4-5),Table 4.1; Table 4.5 (B) Subgenus Symphyomyrtus part 1; Table 5.8(b) Subgenus Symphyomyrtus,Eucalyptus rodwayi,Tasmania (multiple natural populations),metapopulation,field,sapling,juvenile leaves,,,,1989-05/1989-12,2.9,0.6,4,,,,66.1,3.2,4,,,,,,,flat-tread like and typical tubes,high,,,,Wet Sclerophyll: replaces E. ovata on poorly drained soils at intermediated altitudes,,Mean across natural populations (number in replicates); survey sites for this species: M. Road (Ro1); Steppes (Ro2); Nive Plains (Ro3); Strictland (Ro4)
Li_1993,natural populations survey (Ch 4-5),Table 4.1; Table 4.5 (B) Subgenus Symphyomyrtus part 1; Table 5.8(b) Subgenus Symphyomyrtus,Eucalyptus barberi,Tasmania (multiple natural populations),metapopulation,field,adult,adult leaves,,,,1989-05/1989-12,2.3,0.0,2,,,,72.4,1.1,2,,,,,,,no structure waxes present,,,,,"Dry Sclerophyll: mallee scrub on dry, rocky dolerite hills in the Eastern Tiers",,Mean across natural populations (number in replicates); survey sites for this species: M. Road (B1); Cherry tree Hill (B2)
Li_1993,natural populations survey (Ch 4-5),Table 4.1; Table 4.5 (B) Subgenus Symphyomyrtus part 1; Table 5.8(b) Subgenus Symphyomyrtus,Eucalyptus barberi,Tasmania (multiple natural populations),metapopulation,field,sapling,juvenile leaves,,,,1989-05/1989-12,2.5,1.0,2,,,,70.6,4.9,2,,,,,,,no structure waxes present,,,,,"Dry Sclerophyll: mallee scrub on dry, rocky dolerite hills in the Eastern Tiers",,Mean across natural populations (number in replicates); survey sites for this species: M. Road (B1); Cherry tree Hill (B2)
Li_1993,natural populations survey (Ch 4-5),Table 4.1; Table 4.5 (B) Subgenus Symphyomyrtus part 1; Table 5.8(b) Subgenus Symphyomyrtus,Eucalyptus ovata,Tasmania (multiple natural populations),metapopulation,field,adult,adult leaves,,,,1989-05/1989-12,2.1,1.8,6,,,,23.2,26.5,6,,,,,,,crenate to digitate edged plates,low,,,,Dry Sclerophyll: sites prone to occasional waterlogging at low to intermediate altitude,,Mean across natural populations (number in replicates); survey sites for this species: Harris Creek (o1); Cherry tree Hill (o2); Henty River (o3); Lea-Kingston (o4); Nations Hill (o5); Montagu Rd. (o6)
Li_1993,natural populations survey (Ch 4-5),Table 4.1; Table 4.5 (B) Subgenus Symphyomyrtus part 1; Table 5.8(b) Subgenus Symphyomyrtus,Eucalyptus ovata,Tasmania (multiple natural populations),metapopulation,field,sapling,juvenile leaves,,,,1989-05/1989-12,2.2,2.0,6,,,,22.5,26.9,6,,,,,,,crenate to digitate edged plates,high,,,,Dry Sclerophyll: sites prone to occasional waterlogging at low to intermediate altitude,,Mean across natural populations (number in replicates); survey sites for this species: Harris Creek (o1); Cherry tree Hill (o2); Henty River (o3); Lea-Kingston (o4); Nations Hill (o5); Montagu Rd. (o6)
Li_1993,natural populations survey (Ch 4-5),Table 4.1; Table 4.5 (B) Subgenus Symphyomyrtus part 1; Table 5.8(b) Subgenus Symphyomyrtus,Eucalyptus cordata,Tasmania (multiple natural populations),metapopulation,field,adult,adult leaves,,,,1989-05/1989-12,5.3,1.1,5,,,,63.5,4.4,5,,,,,,,tubes with acute angled branching,high,,,,"Wet Sclerophyll: local in the south-east, mainly on dolerite extending from dry coastal cliffs to poorly drained sub-alpine sites to 600m",,Mean across natural populations (number in replicates); survey sites for this species: Cape Queen Elizabeth (c1); Moogara (c2); Chimney Pot Hill (c3); Snug Plains (c4); Electrona (c5)
Li_1993,natural populations survey (Ch 4-5),Table 4.1; Table 4.5 (B) Subgenus Symphyomyrtus part 1; Table 5.8(b) Subgenus Symphyomyrtus,Eucalyptus cordata,Tasmania (multiple natural populations),metapopulation,field,sapling,juvenile leaves,,,,1989-05/1989-12,5.1,0.2,5,,,,63.7,3.9,5,,,,,,,tubes with acute angled branching,high,,,,"Wet Sclerophyll: local in the south-east, mainly on dolerite extending from dry coastal cliffs to poorly drained sub-alpine sites to 600m",,Mean across natural populations (number in replicates); survey sites for this species: Cape Queen Elizabeth (c1); Moogara (c2); Chimney Pot Hill (c3); Snug Plains (c4); Electrona (c5)
Li_1993,natural populations survey (Ch 4-5),Table 4.1; Table 4.5 (B) Subgenus Symphyomyrtus part 1; Table 5.8(b) Subgenus Symphyomyrtus,Eucalyptus johnstonii,Tasmania (multiple natural populations),metapopulation,field,adult,adult leaves,,,,1989-05/1989-12,4.8,0.2,5,,,,61.8,1.9,5,,,,,,,tubes with acute angled branching,low,,,,Subalpine: replaces sub-alpine E. subcrenulata at lower altitudes towards the south-east,,Mean across natural populations (number in replicates); survey sites for this species: Mt. Arrowsmith (J1); Mt. Arrowsmith (J2); Mt. Arrowsmith (J3); Mt. Wellington (J4); Snug Tiers (J5)
Li_1993,natural populations survey (Ch 4-5),Table 4.1; Table 4.5 (B) Subgenus Symphyomyrtus part 1; Table 5.8(b) Subgenus Symphyomyrtus,Eucalyptus johnstonii,Tasmania (multiple natural populations),metapopulation,field,sapling,juvenile leaves,,,,1989-05/1989-12,3.0,2.1,3,,,,59.9,0.6,3,,,,,,,tubes with acute angled branching,low,,,,Subalpine: replaces sub-alpine E. subcrenulata at lower altitudes towards the south-east,,Mean across natural populations (number in replicates); survey sites for this species: Mt. Arrowsmith (J1); Mt. Arrowsmith (J2); Mt. Arrowsmith (J3); Mt. Wellington (J4); Snug Tiers (J5)
Li_1993,natural populations survey (Ch 4-5),Table 4.1; Table 4.5 (B) Subgenus Symphyomyrtus part 1; Table 5.8(b) Subgenus Symphyomyrtus,Eucalyptus urnigera,Tasmania (multiple natural populations),metapopulation,field,adult,adult leaves,,,,1989-05/1989-12,3.5,2.1,4,,,,55.8,7.6,4,,,,,,,tubes with acute angled branching,open to low,,,,Subalpine: cold sites on well-drained dolerite soil mainly in the south-east,,Mean across natural populations (number in replicates); survey sites for this species: Alma Tiers (U1); Mt. Wellington (U2); Mt. Wellington (U3); Snug Tiers (U4)
Li_1993,natural populations survey (Ch 4-5),Table 4.1; Table 4.5 (B) Subgenus Symphyomyrtus part 1; Table 5.8(b) Subgenus Symphyomyrtus,Eucalyptus urnigera,Tasmania (multiple natural populations),metapopulation,field,sapling,juvenile leaves,,,,1989-05/1989-12,2.7,1.0,4,,,,57.2,5.3,4,,,,,,,tubes with acute angled branching,high to low,,,,Subalpine: cold sites on well-drained dolerite soil mainly in the south-east,,Mean across natural populations (number in replicates); survey sites for this species: Alma Tiers (U1); Mt. Wellington (U2); Mt. Wellington (U3); Snug Tiers (U4)
Li_1993,natural populations survey (Ch 4-5),Table 4.1; Table 4.5 (B) Subgenus Symphyomyrtus part 1; Table 5.8(b) Subgenus Symphyomyrtus,Eucalyptus globulus,Tasmania (multiple natural populations),metapopulation,field,adult,adult leaves,,,,1989-05/1989-12,3.4,0.6,6,,,,54.2,4.4,6,,,,,,,tubes with acute angled branching,low,,,,Wet Sclerophyll: relatively moist coastal sites and in well-drained frost free valleys to 500m,,Mean across natural populations (number in replicates); survey sites for this species: Moogara (G1); Mayfield (G2); Lea-Kingston (G3); Hermons Rd. (G4); Mount Elephant (G5); Barnes Bay (G6)
Li_1993,natural populations survey (Ch 4-5),Table 4.1; Table 4.5 (B) Subgenus Symphyomyrtus part 1; Table 5.8(b) Subgenus Symphyomyrtus,Eucalyptus globulus,Tasmania (multiple natural populations),metapopulation,field,sapling,juvenile leaves,,,,1989-05/1989-12,5.0,0.9,6,,,,56.4,6.2,6,,,,,,,tubes with acute angled branching,high,,,,Wet Sclerophyll: relatively moist coastal sites and in well-drained frost free valleys to 500m,,Mean across natural populations (number in replicates); survey sites for this species: Moogara (G1); Mayfield (G2); Lea-Kingston (G3); Hermons Rd. (G4); Mount Elephant (G5); Barnes Bay (G6)
Li_1993,natural populations survey (Ch 4-5),Table 4.1; Table 4.5 (B) Subgenus Symphyomyrtus part 1; Table 5.8(b) Subgenus Symphyomyrtus,Eucalyptus perriniana,Strickland (Pe),population,field,adult,adult leaves,,,,1989-05/1989-12,3.2,,1,,,,65.5,,1,,,,,,,tubes with acute angled branching,high,,,,"Dry Sclerophyll: restricted distribution on poorly drained, infertile shallow soils derived from Permian sandstone in frosty sites at intermediate altitude",,
Li_1993,natural populations survey (Ch 4-5),Table 4.1; Table 4.5 (B) Subgenus Symphyomyrtus part 1; Table 5.8(b) Subgenus Symphyomyrtus,Eucalyptus perriniana,Strickland (Pe),population,field,sapling,juvenile leaves,,,,1989-05/1989-12,4.8,,1,,,,68.5,,1,,,,,,,tubes with acute angled branching,high,,,,"Dry Sclerophyll: restricted distribution on poorly drained, infertile shallow soils derived from Permian sandstone in frosty sites at intermediate altitude",,
Li_1993,natural populations survey (Ch 4-5),Table 4.1; Table 4.5 (B) Subgenus Symphyomyrtus part 1; Table 5.8(b) Subgenus Symphyomyrtus,Eucalyptus morrisbyi,Tasmania (multiple natural populations),metapopulation,field,adult,adult leaves,,,,1989-05/1989-12,2.9,1.7,2,,,,66.6,2.6,2,,,,,,,tubes with acute angled branching,high,,,,Dry Sclerophyll: endangered species on poor coastal soils in the Clarence municipality,,Mean across natural populations (number in replicates); survey sites for this species: Government Hills (M1); Calverts Hill (M2)
Li_1993,natural populations survey (Ch 4-5),Table 4.1; Table 4.5 (B) Subgenus Symphyomyrtus part 1; Table 5.8(b) Subgenus Symphyomyrtus,Eucalyptus morrisbyi,Tasmania (multiple natural populations),metapopulation,field,sapling,juvenile leaves,,,,1989-05/1989-12,3.0,0.2,2,,,,61.5,6.2,2,,,,,,,tubes with acute angled branching,high,,,,Dry Sclerophyll: endangered species on poor coastal soils in the Clarence municipality,,Mean across natural populations (number in replicates); survey sites for this species: Government Hills (M1); Calverts Hill (M2)
Li_1993,natural populations survey (Ch 4-5),Table 4.1; Table 4.5 (B) Subgenus Symphyomyrtus part 1; Table 5.8(b) Subgenus Symphyomyrtus,Eucalyptus viminalis,Tasmania (multiple natural populations),metapopulation,field,adult,adult leaves,,,,1989-05/1989-12,2.8,0.6,6,,,,49.6,12.3,6,,,,,,,tubes with acute angled branching,low,,,,"Dry Sclerophyll: widespread in coastal and riverine corridors in dry habitats, often subdominant",,Mean across natural populations (number in replicates); survey sites for this species: Stony river (v1); Conara Junction (v2); Wilmot Bridge (v3); Henty river (v4); Lea-Kingston (v5); Government Hills (v6)
Li_1993,natural populations survey (Ch 4-5),Table 4.1; Table 4.5 (B) Subgenus Symphyomyrtus part 1; Table 5.8(b) Subgenus Symphyomyrtus,Eucalyptus viminalis,Tasmania (multiple natural populations),metapopulation,field,sapling,juvenile leaves,,,,1989-05/1989-12,3.6,0.8,6,,,,55.5,14.1,6,,,,,,,tubes with acute angled branching,high or open,,,,"Dry Sclerophyll: widespread in coastal and riverine corridors in dry habitats, often subdominant",,Mean across natural populations (number in replicates); survey sites for this species: Stony river (v1); Conara Junction (v2); Wilmot Bridge (v3); Henty river (v4); Lea-Kingston (v5); Government Hills (v6)
Li_1993,natural populations survey (Ch 4-5),Table 4.1; Table 4.5 (B) Subgenus Symphyomyrtus part 1; Table 5.8(b) Subgenus Symphyomyrtus,Eucalyptus subcrenulata,Tasmania (multiple natural populations),metapopulation,field,adult,adult leaves,,,,1989-05/1989-12,2.6,1.5,5,,,,47.6,15.4,5,,,,,,,tubes with acute angled branching,low,,,,Subalpine: replaces E. vernicosa on less exposed sites and on waterlogged sites towards the south-east,,Mean across natural populations (number in replicates); survey sites for this species: Hartz Mt. Rd. (s1); Mt. Arrowsmith (s2); Dove Lake (s3); Hansan's peak (s4); Poatina High way (s5)
Li_1993,natural populations survey (Ch 4-5),Table 4.1; Table 4.5 (B) Subgenus Symphyomyrtus part 1; Table 5.8(b) Subgenus Symphyomyrtus,Eucalyptus subcrenulata,Tasmania (multiple natural populations),metapopulation,field,sapling,juvenile leaves,,,,1989-05/1989-12,2.4,1.2,4,,,,52.6,12.6,4,,,,,,,tubes with acute angled branching,low,,,,Subalpine: replaces E. vernicosa on less exposed sites and on waterlogged sites towards the south-east,,Mean across natural populations (number in replicates); survey sites for this species: Hartz Mt. Rd. (s1); Mt. Arrowsmith (s2); Dove Lake (s3); Hansan's peak (s4); Poatina High way (s5)
Li_1993,natural populations survey (Ch 4-5),Table 4.1; Table 4.5 (B) Subgenus Symphyomyrtus part 1; Table 5.8(b) Subgenus Symphyomyrtus,Eucalyptus rubida,Tasmania (multiple natural populations),metapopulation,field,adult,adult leaves,,,,1989-05/1989-12,2.5,1.4,2,,,,45.7,13.7,2,,,,,,,tubes with acute angled branching,high or open,,,,"Dry Sclerophyll: replaces E. viminalis on very dry, cold sites at intermediate altitude, frequently on mudstone",,Mean across natural populations (number in replicates); survey sites for this species: Strickland (Ru1); Bothwell (Ru2)
Li_1993,natural populations survey (Ch 4-5),Table 4.1; Table 4.5 (B) Subgenus Symphyomyrtus part 1; Table 5.8(b) Subgenus Symphyomyrtus,Eucalyptus rubida,Tasmania (multiple natural populations),metapopulation,field,sapling,juvenile leaves,,,,1989-05/1989-12,4.5,1.0,2,,,,51.0,2.7,2,,,,,,,tubes with acute angled branching,high,,,,"Dry Sclerophyll: replaces E. viminalis on very dry, cold sites at intermediate altitude, frequently on mudstone",,Mean across natural populations (number in replicates); survey sites for this species: Strickland (Ru1); Bothwell (Ru2)
Li_1993,natural populations survey (Ch 4-5),Table 4.1; Table 4.5 (B) Subgenus Symphyomyrtus part 1; Table 5.8(b) Subgenus Symphyomyrtus,Eucalyptus vernicosa,Tasmania (multiple natural populations),metapopulation,field,adult,adult leaves,,,,1989-05/1989-12,2.3,0.2,4,,,,62.2,1.6,4,,,,,,,tubes with acute angled branching,low,,,,,,Mean across natural populations (number in replicates); survey sites for this species: Lake Esperance (V1); Mt. Arrowsmith (b) (Big expose W. side) (V2); Mt. Arrowsmith (s) (Small expose W. side) (V3); Mt. Arrowsmith (V4)
Li_1993,natural populations survey (Ch 4-5),Table 4.1; Table 4.5 (B) Subgenus Symphyomyrtus part 1; Table 5.8(b) Subgenus Symphyomyrtus,Eucalyptus vernicosa,Tasmania (multiple natural populations),metapopulation,field,sapling,juvenile leaves,,,,1989-05/1989-12,2.5,0.3,3,,,,58.1,3.0,3,,,,,,,tubes with acute angled branching,low,,,,,,Mean across natural populations (number in replicates); survey sites for this species: Lake Esperance (V1); Mt. Arrowsmith (b) (Big expose W. side) (V2); Mt. Arrowsmith (s) (Small expose W. side) (V3); Mt. Arrowsmith (V4)
Li_1993,natural populations survey (Ch 4-5),Table 4.1; Table 4.5 (B) Subgenus Symphyomyrtus part 1; Table 5.8(b) Subgenus Symphyomyrtus,Eucalyptus archeri,Tasmania (multiple natural populations),metapopulation,field,adult,adult leaves,,,,1989-05/1989-12,2.3,0.2,3,,,,60.3,2.1,3,,,,,,,flat-thread like and typical tubes,low,,,,"Subalpine: upper woodlands, moderate exposure, forms treeline in the north-east",,Mean across natural populations (number in replicates); survey sites for this species: Stacks Bluff (a1); Carr Villa (a2); Projection Bluff (a3)
Li_1993,natural populations survey (Ch 4-5),Table 4.1; Table 4.5 (B) Subgenus Symphyomyrtus part 1; Table 5.8(b) Subgenus Symphyomyrtus,Eucalyptus archeri,Tasmania (multiple natural populations),metapopulation,field,sapling,juvenile leaves,,,,1989-05/1989-12,1.8,0.6,3,,,,59.9,2.9,3,,,,,,,flat-thread like and typical tubes,high to open,,,,"Subalpine: upper woodlands, moderate exposure, forms treeline in the north-east",,Mean across natural populations (number in replicates); survey sites for this species: Stacks Bluff (a1); Carr Villa (a2); Projection Bluff (a3)
Li_1993,natural populations survey (Ch 4-5),Table 4.1; Table 4.5 (B) Subgenus Symphyomyrtus part 1; Table 5.8(b) Subgenus Symphyomyrtus,Eucalyptus gunnii,Tasmania (multiple natural populations),metapopulation,field,adult,adult leaves,,,,1989-05/1989-12,2.1,1.3,6,,,,38.1,20.9,6,,,,,,,tubes with acute angled branching,high to low,,,,"Subalpine: cold, waterlogged sites, generally on dolerite or basalt in central regions",,Mean across natural populations (number in replicates); survey sites for this species: Pine Lake (g1); Shannon Lagoon (g2); Mayday Plain (g3); King William Saddle (g4); Cradle Valley Road (g5); Snug Plains (g6)
Li_1993,natural populations survey (Ch 4-5),Table 4.1; Table 4.5 (B) Subgenus Symphyomyrtus part 1; Table 5.8(b) Subgenus Symphyomyrtus,Eucalyptus gunnii,Tasmania (multiple natural populations),metapopulation,field,sapling,juvenile leaves,,,,1989-05/1989-12,1.8,1.3,6,,,,30.9,25.9,6,,,,,,,tubes with acute angled branching,high,,,,"Subalpine: cold, waterlogged sites, generally on dolerite or basalt in central regions",,Mean across natural populations (number in replicates); survey sites for this species: Pine Lake (g1); Shannon Lagoon (g2); Mayday Plain (g3); King William Saddle (g4); Cradle Valley Road (g5); Snug Plains (g6)
Li_1993,natural populations survey (Ch 4-5),Table 4.1; Table 4.5 (B) Subgenus Symphyomyrtus part 1; Table 5.8(b) Subgenus Symphyomyrtus,Eucalyptus dalrympleana,Tasmania (multiple natural populations),metapopulation,field,adult,adult leaves,,,,1989-05/1989-12,0.8,0.0,3,,,,3.1,2.3,3,,,,,,,tubes with acute angled branching,open to low,,,,"Wet Sclerophyll: replaces E. viminalis in colder, wetter sites to 1050m",,Mean across natural populations (number in replicates); survey sites for this species: Pensford (d1); Derwent Bridge (d2); Brady's Lake (d3)
Li_1993,natural populations survey (Ch 4-5),Table 4.1; Table 4.5 (B) Subgenus Symphyomyrtus part 1; Table 5.8(b) Subgenus Symphyomyrtus,Eucalyptus dalrympleana,Tasmania (multiple natural populations),metapopulation,field,sapling,juvenile leaves,,,,1989-05/1989-12,1.4,0.2,3,,,,17.7,15.2,3,,,,,,,tubes with acute angled branching,high to open,,,,"Wet Sclerophyll: replaces E. viminalis in colder, wetter sites to 1050m",,Mean across natural populations (number in replicates); survey sites for this species: Pensford (d1); Derwent Bridge (d2); Brady's Lake (d3)
Li_1993,natural populations survey (Ch 4-5),Ch. 5.3.2 Results prose,Eucalyptus pulchella,Lea-Kingston (p4),population,field,sapling,juvenile leaves,,,,1989-05/1989-12,,,,,,,,,,,,,,,,mainly covered by an amorphous wax film with few plates which are most often associated with stomata or guard cells,,,,,Dry Sclerophyll: dry soils developed on dolerite in the south-east,,
Li_1993,natural populations survey (Ch 4-5),Ch. 5.3.2 Results prose,Eucalyptus pulchella,Lea-Kingston (p4),population,field,adult,adult leaves,,,,1989-05/1989-12,,,,,,,,,,,,,,,,mainly covered by an amorphous wax film with few plates which are most often associated with stomata or guard cells,,,,,Dry Sclerophyll: dry soils developed on dolerite in the south-east,,
Li_1993,natural populations survey (Ch 4-5),Ch. 5.3.2 Results prose,Eucalyptus pulchella,Margate quarry (p5),population,field,sapling,juvenile leaves,,,,1989-05/1989-12,,,,,,,,,,,,,,,,mainly covered by an amorphous wax film with few plates which are most often associated with stomata or guard cells,,,,,Dry Sclerophyll: dry soils developed on dolerite in the south-east,,
Li_1993,natural populations survey (Ch 4-5),Ch. 5.3.2 Results prose,Eucalyptus pulchella,Margate quarry (p5),population,field,adult,adult leaves,,,,1989-05/1989-12,,,,,,,,,,,,,,,,mainly covered by an amorphous wax film with few plates which are most often associated with stomata or guard cells,,,,,Dry Sclerophyll: dry soils developed on dolerite in the south-east,,
Li_1993,natural populations survey (Ch 4-5),Ch. 5.3.2 Results prose,Eucalyptus pulchella,Cherry Tree Hill (p1),population,field,sapling,juvenile leaves,,,,1989-05/1989-12,,,,,,,,,,,,,,,,mixture of tube and plate waxes,high,,,,Dry Sclerophyll: dry soils developed on dolerite in the south-east,,
Li_1993,natural populations survey (Ch 4-5),Ch. 5.3.2 Results prose,Eucalyptus pulchella,Cherry Tree Hill (p1),population,field,adult,adult leaves,,,,1989-05/1989-12,,,,,,,,,,,,,,,,mixture of tube and plate waxes,high,,,,Dry Sclerophyll: dry soils developed on dolerite in the south-east,,
Li_1993,natural populations survey (Ch 4-5),Ch. 5.3.2 Results prose,Eucalyptus coccifera,Mt. Wellington (C5),population,field,adult,adult leaves,,,,1989-05/1989-12,,,,,,,,,,,,,,,,tube waxes with rare branching,almost complete cover,,,,"Subalpine: cold well-drained sites, forms treeline on most dolerite capped mountains in the centre and south-east",,
Li_1993,natural populations survey (Ch 4-5),Ch. 5.3.2 Results prose,Eucalyptus coccifera,Hansens' Peak (C7),population,field,adult,adult leaves,,,,1989-05/1989-12,,,,,,,,,,,,,,,,irregular tube waxes with complex branching,open cover,,,,"Subalpine: cold well-drained sites, forms treeline on most dolerite capped mountains in the centre and south-east",,
Li_1993,natural populations survey (Ch 4-5),Ch. 5.3.2 Results prose,Eucalyptus archeri,Carr Villa (a2),population,field,sapling,juvenile leaves,,,,1989-05/1989-12,,,,,,,,,,,,,,,,flat-thread like tubes,open cover,green,,,"Subalpine: upper woodlands, moderate exposure, forms treeline in the north-east",,
Li_1993,natural populations survey (Ch 4-5),Ch. 5.3.2 Results prose,Eucalyptus archeri,Projection Bluff (a3),population,field,sapling,juvenile leaves,,,,1989-05/1989-12,,,,,,,,,,,,,,,,typical tube wax,,subglaucous,,,"Subalpine: upper woodlands, moderate exposure, forms treeline in the north-east",,
Li_1993,natural populations survey (Ch 4-5),Ch. 5.3.2 Results prose,Eucalyptus urnigera,Mt. Wellington (U2),population,field,sapling,juvenile leaves,,,,1989-05/1989-12,,,,,,,,,,,,,,,,amorphous wax film with fewer tube waxes,,green,,,Subalpine: cold sites on well-drained dolerite soil mainly in the south-east,,
Li_1993,natural populations survey (Ch 4-5),Ch. 5.3.2 Results prose,Eucalyptus urnigera,Snug Tiers (U4),population,field,sapling,juvenile leaves,,,,1989-05/1989-12,,,,,,,,,,,,,,,,amorphous wax film with fewer tube waxes,,green,,,Subalpine: cold sites on well-drained dolerite soil mainly in the south-east,,
Li_1993,natural populations survey (Ch 4-5),Ch. 5.3.2 Results prose,Eucalyptus urnigera,Mt. Wellington (U2),population,field,adult,adult leaves,,,,1989-05/1989-12,,,,,,,,,,,,,,,,no tubes; granular waxes sparse on an amorphous wax film,,,,,Subalpine: cold sites on well-drained dolerite soil mainly in the south-east,,
Li_1993,natural populations survey (Ch 4-5),Ch. 5.3.2 Results prose,Eucalyptus urnigera,Mt. Wellington (U3),population,field,sapling,juvenile leaves,,,,1989-05/1989-12,,,,,,,,,,,,,,,,tube waxes,dense cover,glaucous,,,Subalpine: cold sites on well-drained dolerite soil mainly in the south-east,,
Li_1993,natural populations survey (Ch 4-5),Ch. 5.3.2 Results prose,Eucalyptus urnigera,Mt. Wellington (U3),population,field,adult,adult leaves,,,,1989-05/1989-12,,,,,,,,,,,,,,,,tube waxes,dense cover,,,,Subalpine: cold sites on well-drained dolerite soil mainly in the south-east,,
Li_1993,natural populations survey (Ch 4-5),Ch. 5.3.2 Results prose,Eucalyptus urnigera,Alma Tiers (U1),population,field,sapling,juvenile leaves,,,,1989-05/1989-12,,,,,,,,,,,,,,,,tube waxes,dense cover,glaucous,,,Subalpine: cold sites on well-drained dolerite soil mainly in the south-east,,
Li_1993,natural populations survey (Ch 4-5),Ch. 5.3.2 Results prose,Eucalyptus urnigera,Alma Tiers (U1),population,field,adult,adult leaves,,,,1989-05/1989-12,,,,,,,,,,,,,,,,tube waxes,dense cover,,,,Subalpine: cold sites on well-drained dolerite soil mainly in the south-east,,
Li_1993,natural populations survey (Ch 4-5),Ch. 5.3.2 Results prose,Eucalyptus brookeriana,Rocka Rurlet (b2),population,field,sapling,juvenile leaves,,,,1989-05/1989-12,,,,,,,,,,,,,,,,only amorphous waxes,,,,,Wet Sclerophyll: well drained rocky soils or alluvial deposits adjacent to streams,,
Li_1993,natural populations survey (Ch 4-5),Ch. 5.3.2 Results prose,Eucalyptus brookeriana,Elephant Pass (b3),population,field,sapling,juvenile leaves,,,,1989-05/1989-12,,,,,,,,,,,,,,,,only amorphous waxes,,,,,Wet Sclerophyll: well drained rocky soils or alluvial deposits adjacent to streams,,
Li_1993,natural populations survey (Ch 4-5),Ch. 5.3.2 Results prose,Eucalyptus brookeriana x Eucalyptus ovata,Strahan road (b4),population,field,sapling,juvenile leaves,,,,1989-05/1989-12,,,,,,,,,,,,,,,,only amorphous waxes,,,,,,,
Li_1993,natural populations survey (Ch 4-5),Ch. 5.3.2 Results prose,Eucalyptus brookeriana,Sumach Road (NW) (b1),population,field,sapling,juvenile leaves,,,,1989-05/1989-12,,,,,,,,,,,,,,,,intermediate wax form of tube and plate waxes on an amorphous wax film,,,,,Wet Sclerophyll: well drained rocky soils or alluvial deposits adjacent to streams,,
Li_1997,natural populations survey (Ch 4-5),Li_1997 Table 3,Eucalyptus ovata,Tasmania (multiple natural populations),metapopulation,field,sapling,juvenile leaves,,,,1989-05/1989-11,,,,,,,,,,,,,0.3,0.0,4,,,,,,Dry Sclerophyll: sites prone to occasional waterlogging at low to intermediate altitude,east coast populations,Mean across east coast populations; natural populations (number in replicates); sites: Harris Creek (O1); Cherry Tree Hill (O2); Lea-Kingston (O4); Nations Hill (O5)
Li_1997,natural populations survey (Ch 4-5),Li_1997 Table 3,Eucalyptus ovata,Tasmania (multiple natural populations),metapopulation,field,adult,adult leaves,,,,1989-05/1989-11,,,,,,,,,,,,,0.3,0.0,4,,,,,,Dry Sclerophyll: sites prone to occasional waterlogging at low to intermediate altitude,east coast populations,Mean across east coast populations; natural populations (number in replicates); sites: Harris Creek (O1); Cherry Tree Hill (O2); Lea-Kingston (O4); Nations Hill (O5)
Li_1997,natural populations survey (Ch 4-5),Li_1997 Table 3,Eucalyptus ovata,Tasmania (multiple natural populations),metapopulation,field,sapling,juvenile leaves,,,,1989-05/1989-11,,,,,,,,,,,,,0.5,0.1,2,,,,,,Dry Sclerophyll: sites prone to occasional waterlogging at low to intermediate altitude,west coast populations,Mean across west coast populations; natural populations (number in replicates); sites: Henty River (O3); Montagu Road (O6)
Li_1997,natural populations survey (Ch 4-5),Li_1997 Table 3,Eucalyptus ovata,Tasmania (multiple natural populations),metapopulation,field,adult,adult leaves,,,,1989-05/1989-11,,,,,,,,,,,,,0.5,0.0,2,,,,,,Dry Sclerophyll: sites prone to occasional waterlogging at low to intermediate altitude,west coast populations,Mean across west coast populations; natural populations (number in replicates); sites: Henty River (O3); Montagu Road (O6)
Li_1997,natural populations survey (Ch 4-5),Li_1997 Table 3,Eucalyptus brookeriana,Tasmania (multiple natural populations),metapopulation,field,sapling,juvenile leaves,,,,1989-05/1989-11,,,,,,,,,,,,,0.4,0.1,4,,,,,,Wet Sclerophyll: well drained rocky soils or alluvial deposits adjacent to streams,,Mean across natural populations (number in replicates); sites: Sumac Road (NW) (b1); Rocka Rivulet (b2); Elephant Pass (b3); Strahan Road (b4)
Li_1997,natural populations survey (Ch 4-5),Li_1997 Table 3,Eucalyptus brookeriana,Tasmania (multiple natural populations),metapopulation,field,adult,adult leaves,,,,1989-05/1989-11,,,,,,,,,,,,,0.5,0.1,4,,,,,,Wet Sclerophyll: well drained rocky soils or alluvial deposits adjacent to streams,,Mean across natural populations (number in replicates); sites: Sumac Road (NW) (b1); Rocka Rivulet (b2); Elephant Pass (b3); Strahan Road (b4)
Li_1997,natural populations survey (Ch 4-5),Li_1997 Table 3,Eucalyptus barberi,Tasmania (multiple natural populations),metapopulation,field,sapling,juvenile leaves,,,,1989-05/1989-11,,,,,,,,,,,,,0.2,0.7,2,,,,,,"Dry Sclerophyll: mallee scrub on dry, rocky dolerite hills in the Eastern Tiers",,Mean across natural populations (number in replicates); sites: M. Road (B1); Cherry Tree Hill (B2)
Li_1997,natural populations survey (Ch 4-5),Li_1997 Table 3,Eucalyptus barberi,Tasmania (multiple natural populations),metapopulation,field,adult,adult leaves,,,,1989-05/1989-11,,,,,,,,,,,,,0.3,0.1,2,,,,,,"Dry Sclerophyll: mallee scrub on dry, rocky dolerite hills in the Eastern Tiers",,Mean across natural populations (number in replicates); sites: M. Road (B1); Cherry Tree Hill (B2)
Li_1997,natural populations survey (Ch 4-5),Li_1997 Table 3,Eucalyptus rodwayi,Tasmania (multiple natural populations),metapopulation,field,sapling,juvenile leaves,,,,1989-05/1989-11,,,,,,,,,,,,,0.3,0.2,4,,,,,,Wet Sclerophyll: replaces E. ovata on poorly drained soils at intermediated altitudes,,Mean across natural populations (number in replicates); sites: M. Road (R1); Steppes (R2); Nive Plains (R3); Strickland (R4)
Li_1997,natural populations survey (Ch 4-5),Li_1997 Table 3,Eucalyptus rodwayi,Tasmania (multiple natural populations),metapopulation,field,adult,adult leaves,,,,1989-05/1989-11,,,,,,,,,,,,,0.4,0.2,4,,,,,,Wet Sclerophyll: replaces E. ovata on poorly drained soils at intermediated altitudes,,Mean across natural populations (number in replicates); sites: M. Road (R1); Steppes (R2); Nive Plains (R3); Strickland (R4)
Li_1997,natural populations survey (Ch 4-5),Li_1997 Table 3,Eucalyptus globulus,Tasmania (multiple natural populations),metapopulation,field,sapling,juvenile leaves,,,,1989-05/1989-11,,,,,,,,,,,,,1.5,0.3,6,,,,,,Wet Sclerophyll: relatively moist coastal sites and in well-drained frost free valleys to 500m,,Mean across natural populations (number in replicates); sites: Moogara (G1); Mayfield (G2); Lea-Kingston (G3); Hermons Road (G4); Mount Elephant (G5); Barnes Bay (G6)
Li_1997,natural populations survey (Ch 4-5),Li_1997 Table 3,Eucalyptus globulus,Tasmania (multiple natural populations),metapopulation,field,adult,adult leaves,,,,1989-05/1989-11,,,,,,,,,,,,,0.7,0.2,6,,,,,,Wet Sclerophyll: relatively moist coastal sites and in well-drained frost free valleys to 500m,,Mean across natural populations (number in replicates); sites: Moogara (G1); Mayfield (G2); Lea-Kingston (G3); Hermons Road (G4); Mount Elephant (G5); Barnes Bay (G6)
Li_1997,natural populations survey (Ch 4-5),Li_1997 Table 3,Eucalyptus vernicosa,Tasmania (multiple natural populations),metapopulation,field,sapling,juvenile leaves,,,,1989-05/1989-11,,,,,,,,,,,,,0.2,0.0,3,,,,,,,,Mean across natural populations (number in replicates); sites: Lake Esperance (V1); Mt. Arrowsmith (b) (V2); Mt. Arrowsmith (s) (V3); Mt. Arrowsmith (V4)
Li_1997,natural populations survey (Ch 4-5),Li_1997 Table 3,Eucalyptus vernicosa,Tasmania (multiple natural populations),metapopulation,field,adult,adult leaves,,,,1989-05/1989-11,,,,,,,,,,,,,0.2,0.1,3,,,,,,,,Mean across natural populations (number in replicates); sites: Lake Esperance (V1); Mt. Arrowsmith (b) (V2); Mt. Arrowsmith (s) (V3); Mt. Arrowsmith (V4)
Li_1997,natural populations survey (Ch 4-5),Li_1997 Table 3,Eucalyptus subcrenulata,Tasmania (multiple natural populations),metapopulation,field,sapling,juvenile leaves,,,,1989-05/1989-11,,,,,,,,,,,,,0.6,0.1,4,,,,,,Subalpine: replaces E. vernicosa on less exposed sites and on waterlogged sites towards the south-east,,Mean across natural populations (number in replicates); sites: Hartz Mt. Road (S1); Mt. Arrowsmith (S2); Dove Lake (S3); Hansons Peak (S4); Poatina Highway (S5)
Li_1997,natural populations survey (Ch 4-5),Li_1997 Table 3,Eucalyptus subcrenulata,Tasmania (multiple natural populations),metapopulation,field,adult,adult leaves,,,,1989-05/1989-11,,,,,,,,,,,,,0.5,0.1,5,,,,,,Subalpine: replaces E. vernicosa on less exposed sites and on waterlogged sites towards the south-east,,Mean across natural populations (number in replicates); sites: Hartz Mt. Road (S1); Mt. Arrowsmith (S2); Dove Lake (S3); Hansons Peak (S4); Poatina Highway (S5)
Li_1997,natural populations survey (Ch 4-5),Li_1997 Table 3,Eucalyptus johnstonii,Tasmania (multiple natural populations),metapopulation,field,sapling,juvenile leaves,,,,1989-05/1989-11,,,,,,,,,,,,,0.7,0.2,3,,,,,,Subalpine: replaces sub-alpine E. subcrenulata at lower altitudes towards the south-east,,Mean across natural populations (number in replicates); sites: Mt. Arrowsmith (J1); Mt. Arrowsmith (J2); Mt. Arrowsmith (J3); Mt. Wellington (J4); Snug Tiers (J5)
Li_1997,natural populations survey (Ch 4-5),Li_1997 Table 3,Eucalyptus johnstonii,Tasmania (multiple natural populations),metapopulation,field,adult,adult leaves,,,,1989-05/1989-11,,,,,,,,,,,,,0.5,0.1,5,,,,,,Subalpine: replaces sub-alpine E. subcrenulata at lower altitudes towards the south-east,,Mean across natural populations (number in replicates); sites: Mt. Arrowsmith (J1); Mt. Arrowsmith (J2); Mt. Arrowsmith (J3); Mt. Wellington (J4); Snug Tiers (J5)
Li_1997,natural populations survey (Ch 4-5),Li_1997 Table 3,Eucalyptus viminalis,Tasmania (multiple natural populations),metapopulation,field,sapling,juvenile leaves,,,,1989-05/1989-11,,,,,,,,,,,,,0.6,0.1,8,,,,,,"Dry Sclerophyll: widespread in coastal and riverine corridors in dry habitats, often subdominant",,Mean across natural populations (number in replicates); sites: Stony River (v1); Conara Junction (v2); Wilmot Bridge (v3); Henty River (v4); Lea-Kingston (v5); Government Hills (v6); Lemonthyme (Vd1); Olivers Road (Vd2)
Li_1997,natural populations survey (Ch 4-5),Li_1997 Table 3,Eucalyptus viminalis,Tasmania (multiple natural populations),metapopulation,field,adult,adult leaves,,,,1989-05/1989-11,,,,,,,,,,,,,0.5,0.1,8,,,,,,"Dry Sclerophyll: widespread in coastal and riverine corridors in dry habitats, often subdominant",,Mean across natural populations (number in replicates); sites: Stony River (v1); Conara Junction (v2); Wilmot Bridge (v3); Henty River (v4); Lea-Kingston (v5); Government Hills (v6); Lemonthyme (Vd1); Olivers Road (Vd2)
Li_1997,natural populations survey (Ch 4-5),Li_1997 Table 3,Eucalyptus dalrympleana,Tasmania (multiple natural populations),metapopulation,field,sapling,juvenile leaves,,,,1989-05/1989-11,,,,,,,,,,,,,0.8,0.2,3,,,,,,"Wet Sclerophyll: replaces E. viminalis in colder, wetter sites to 1050m",,Mean across natural populations (number in replicates); sites: Pensford (D1); Derwent Bridge (D2); Bradys Lake (D3)
Li_1997,natural populations survey (Ch 4-5),Li_1997 Table 3,Eucalyptus dalrympleana,Tasmania (multiple natural populations),metapopulation,field,adult,adult leaves,,,,1989-05/1989-11,,,,,,,,,,,,,0.4,0.1,3,,,,,,"Wet Sclerophyll: replaces E. viminalis in colder, wetter sites to 1050m",,Mean across natural populations (number in replicates); sites: Pensford (D1); Derwent Bridge (D2); Bradys Lake (D3)
Li_1997,natural populations survey (Ch 4-5),Li_1997 Table 3,Eucalyptus rubida,Tasmania (multiple natural populations),metapopulation,field,sapling,juvenile leaves,,,,1989-05/1989-11,,,,,,,,,,,,,0.8,0.3,2,,,,,,"Dry Sclerophyll: replaces E. viminalis on very dry, cold sites at intermediate altitude, frequently on mudstone",,Mean across natural populations (number in replicates); sites: Strickland (r1); Bothwell (r2)
Li_1997,natural populations survey (Ch 4-5),Li_1997 Table 3,Eucalyptus rubida,Tasmania (multiple natural populations),metapopulation,field,adult,adult leaves,,,,1989-05/1989-11,,,,,,,,,,,,,0.8,0.1,2,,,,,,"Dry Sclerophyll: replaces E. viminalis on very dry, cold sites at intermediate altitude, frequently on mudstone",,Mean across natural populations (number in replicates); sites: Strickland (r1); Bothwell (r2)
Li_1997,natural populations survey (Ch 4-5),Li_1997 Table 3,Eucalyptus gunnii,Tasmania (multiple natural populations),metapopulation,field,sapling,juvenile leaves,,,,1989-05/1989-11,,,,,,,,,,,,,0.6,0.2,6,,,,,,"Subalpine: cold, waterlogged sites, generally on dolerite or basalt in central regions",,Mean across natural populations (number in replicates); sites: Pine Lake (g1); Shannon Lagoon (g2); Mayday Plain (g3); King William Saddle (g4); Cradle Valley Road (g5); Snug Plains (g6)
Li_1997,natural populations survey (Ch 4-5),Li_1997 Table 3,Eucalyptus gunnii,Tasmania (multiple natural populations),metapopulation,field,adult,adult leaves,,,,1989-05/1989-11,,,,,,,,,,,,,0.5,0.1,6,,,,,,"Subalpine: cold, waterlogged sites, generally on dolerite or basalt in central regions",,Mean across natural populations (number in replicates); sites: Pine Lake (g1); Shannon Lagoon (g2); Mayday Plain (g3); King William Saddle (g4); Cradle Valley Road (g5); Snug Plains (g6)
Li_1997,natural populations survey (Ch 4-5),Li_1997 Table 3,Eucalyptus archeri,Tasmania (multiple natural populations),metapopulation,field,sapling,juvenile leaves,,,,1989-05/1989-11,,,,,,,,,,,,,0.3,0.1,3,,,,,,"Subalpine: upper woodlands, moderate exposure, forms treeline in the north-east",,Mean across natural populations (number in replicates); sites: Stacks Bluff (A1); Carr Villa (A2); Projection Bluff (A3)
Li_1997,natural populations survey (Ch 4-5),Li_1997 Table 3,Eucalyptus archeri,Tasmania (multiple natural populations),metapopulation,field,adult,adult leaves,,,,1989-05/1989-11,,,,,,,,,,,,,0.3,0.0,3,,,,,,"Subalpine: upper woodlands, moderate exposure, forms treeline in the north-east",,Mean across natural populations (number in replicates); sites: Stacks Bluff (A1); Carr Villa (A2); Projection Bluff (A3)
Li_1997,natural populations survey (Ch 4-5),Li_1997 Table 3,Eucalyptus morrisbyi,Tasmania (multiple natural populations),metapopulation,field,sapling,juvenile leaves,,,,1989-05/1989-11,,,,,,,,,,,,,1.0,0.7,2,,,,,,Dry Sclerophyll: endangered species on poor coastal soils in the Clarence municipality,,Mean across natural populations (number in replicates); sites: Government Hills (M1); Calverts Hill (M2)
Li_1997,natural populations survey (Ch 4-5),Li_1997 Table 3,Eucalyptus morrisbyi,Tasmania (multiple natural populations),metapopulation,field,adult,adult leaves,,,,1989-05/1989-11,,,,,,,,,,,,,1.0,0.2,2,,,,,,Dry Sclerophyll: endangered species on poor coastal soils in the Clarence municipality,,Mean across natural populations (number in replicates); sites: Government Hills (M1); Calverts Hill (M2)
Li_1997,natural populations survey (Ch 4-5),Li_1997 Table 3,Eucalyptus urnigera,Tasmania (multiple natural populations),metapopulation,field,sapling,juvenile leaves,,,,1989-05/1989-11,,,,,,,,,,,,,0.5,0.1,4,,,,,,Subalpine: cold sites on well-drained dolerite soil mainly in the south-east,,Mean across natural populations (number in replicates); sites: Alma Tier (U1); Mt. Wellington (U2); Mt. Wellington (U3); Snug Tier (U4)
Li_1997,natural populations survey (Ch 4-5),Li_1997 Table 3,Eucalyptus urnigera,Tasmania (multiple natural populations),metapopulation,field,adult,adult leaves,,,,1989-05/1989-11,,,,,,,,,,,,,0.4,0.1,4,,,,,,Subalpine: cold sites on well-drained dolerite soil mainly in the south-east,,Mean across natural populations (number in replicates); sites: Alma Tier (U1); Mt. Wellington (U2); Mt. Wellington (U3); Snug Tier (U4)
Li_1997,natural populations survey (Ch 4-5),Li_1997 Table 3,Eucalyptus perriniana,Strickland (Pe),population,field,sapling,juvenile leaves,,,,1989-05/1989-11,,,,,,,,,,,,,1.5,,1,,,,,,"Dry Sclerophyll: restricted distribution on poorly drained, infertile shallow soils derived from Permian sandstone in frosty sites at intermediate altitude",,
Li_1997,natural populations survey (Ch 4-5),Li_1997 Table 3,Eucalyptus perriniana,Strickland (Pe),population,field,adult,adult leaves,,,,1989-05/1989-11,,,,,,,,,,,,,0.9,,1,,,,,,"Dry Sclerophyll: restricted distribution on poorly drained, infertile shallow soils derived from Permian sandstone in frosty sites at intermediate altitude",,
Li_1997,natural populations survey (Ch 4-5),Li_1997 Table 3,Eucalyptus cordata,Tasmania (multiple natural populations),metapopulation,field,sapling,juvenile leaves,,,,1989-05/1989-11,,,,,,,,,,,,,1.1,0.2,4,,,,,,"Wet Sclerophyll: local in the south-east, mainly on dolerite extending from dry coastal cliffs to poorly drained sub-alpine sites to 600m",,Mean across natural populations (number in replicates); sites: Cape Queen Elizabeth (C1); Moogara (C2); Snug Plains (C3); Electrona (C4)
Li_1997,natural populations survey (Ch 4-5),Li_1997 Table 3,Eucalyptus cordata,Tasmania (multiple natural populations),metapopulation,field,adult,adult leaves,,,,1989-05/1989-11,,,,,,,,,,,,,1.1,0.2,4,,,,,,"Wet Sclerophyll: local in the south-east, mainly on dolerite extending from dry coastal cliffs to poorly drained sub-alpine sites to 600m",,Mean across natural populations (number in replicates); sites: Cape Queen Elizabeth (C1); Moogara (C2); Snug Plains (C3); Electrona (C4)
Li_1993,natural populations survey (Ch 4-5),Table 2.1,Eucalyptus obliqua,,species,field,sapling,juvenile leaves,,,,1989-05/1989-12,,,,,,,,,,,,,,,,,,Green,,,"Wet Sclerophyll: widespread, replacing E. regnans on slightly drier sites with a higher fire frequency through to dry coastal areas",,
Li_1993,natural populations survey (Ch 4-5),Table 2.1,Eucalyptus delegatensis,,species,field,sapling,juvenile leaves,,,,1989-05/1989-12,,,,,,,,,,,,,,,,,,Clinal,,,Wet Sclerophyll: replaces E. obliqua and E. regnans on well-drained sites at higher altitudes about 600m,,
Li_1993,natural populations survey (Ch 4-5),Table 2.1,Eucalyptus regnans,,species,field,sapling,juvenile leaves,,,,1989-05/1989-12,,,,,,,,,,,,,,,,,,Green,,,"Wet Sclerophyll: sites of low fire frequency, on moist, deep, well-drained soils to 700m",,
Li_1993,natural populations survey (Ch 4-5),Table 2.1,Eucalyptus sieberi,,species,field,sapling,juvenile leaves,,,,1989-05/1989-12,,,,,,,,,,,,,,,,,,Clinal,,,Dry Sclerophyll: dry infertile soils normally over granite in the north-east,,
Li_1993,natural populations survey (Ch 4-5),Table 2.1,Eucalyptus pauciflora,,species,field,sapling,juvenile leaves,,,,1989-05/1989-12,,,,,,,,,,,,,,,,,,Clinal,,,"Subalpine: well-drained sites in cold habitats in centre and east, wide altitudinal range",,
Li_1993,natural populations survey (Ch 4-5),Table 2.1,Eucalyptus risdonii,,species,field,sapling,juvenile leaves,,,,1989-05/1989-12,,,,,,,,,,,,,,,,,,Glaucous,,,"Dry Sclerophyll: restricted on very dry, skeletal soils developed on mudstone to the east of the River Derwent",,
Li_1993,natural populations survey (Ch 4-5),Table 2.1,Eucalyptus tenuiramis,,species,field,sapling,juvenile leaves,,,,1989-05/1989-12,,,,,,,,,,,,,,,,,,Glaucous,,,Dry Sclerophyll: dry soils developed mainly on mudstone and dolerite in the south-east,,
Li_1993,natural populations survey (Ch 4-5),Table 2.1,Eucalyptus pulchella,,species,field,sapling,juvenile leaves,,,,1989-05/1989-12,,,,,,,,,,,,,,,,,,Green,,,Dry Sclerophyll: dry soils developed on dolerite in the south-east,,
Li_1993,natural populations survey (Ch 4-5),Table 2.1,Eucalyptus amygdalina,,species,field,sapling,juvenile leaves,,,,1989-05/1989-12,,,,,,,,,,,,,,,,,,Clinal,,,Dry Sclerophyll: widely distributed on dry sandy podsolic soils in the north and east,,
Li_1993,natural populations survey (Ch 4-5),Table 2.1,Eucalyptus nitida,,species,field,sapling,juvenile leaves,,,,1989-05/1989-12,,,,,,,,,,,,,,,,,,Clinal,,,"Subalpine: infertile skeletal soils or peaks in high rainfall areas of west and south-west, wide altitudinal range",,
Li_1993,natural populations survey (Ch 4-5),Table 2.1,Eucalyptus radiata,,species,field,sapling,juvenile leaves,,,,1989-05/1989-12,,,,,,,,,,,,,,,,,,Clinal,,,Dry Sclerophyll: very restricted distribution on Ordovician gravels in the Mersey and Forth River valleys,,
Li_1993,natural populations survey (Ch 4-5),Table 2.1,Eucalyptus coccifera,,species,field,sapling,juvenile leaves,,,,1989-05/1989-12,,,,,,,,,,,,,,,,,,Clinal,,,"Subalpine: cold well-drained sites, forms treeline on most dolerite capped mountains in the centre and south-east",,
Li_1993,natural populations survey (Ch 4-5),Table 2.1,Eucalyptus ovata,,species,field,sapling,juvenile leaves,,,,1989-05/1989-12,,,,,,,,,,,,,,,,,,Green,,,Dry Sclerophyll: sites prone to occasional waterlogging at low to intermediate altitude,,
Li_1993,natural populations survey (Ch 4-5),Table 2.1,Eucalyptus brookeriana,,species,field,sapling,juvenile leaves,,,,1989-05/1989-12,,,,,,,,,,,,,,,,,,Green,,,Wet Sclerophyll: well drained rocky soils or alluvial deposits adjacent to streams,,
Li_1993,natural populations survey (Ch 4-5),Table 2.1,Eucalyptus barberi,,species,field,sapling,juvenile leaves,,,,1989-05/1989-12,,,,,,,,,,,,,,,,,,Green,,,"Dry Sclerophyll: mallee scrub on dry, rocky dolerite hills in the Eastern Tiers",,
Li_1993,natural populations survey (Ch 4-5),Table 2.1,Eucalyptus rodwayi,,species,field,sapling,juvenile leaves,,,,1989-05/1989-12,,,,,,,,,,,,,,,,,,Green,,,Wet Sclerophyll: replaces E. ovata on poorly drained soils at intermediated altitudes,,
Li_1993,natural populations survey (Ch 4-5),Table 2.1,Eucalyptus globulus,,species,field,sapling,juvenile leaves,,,,1989-05/1989-12,,,,,,,,,,,,,,,,,,Glaucous,,,Wet Sclerophyll: relatively moist coastal sites and in well-drained frost free valleys to 500m,,
Li_1993,natural populations survey (Ch 4-5),Table 2.1,Eucalyptus vernicosa,,species,field,sapling,juvenile leaves,,,,1989-05/1989-12,,,,,,,,,,,,,,,,,,Green,,,,,
Li_1993,natural populations survey (Ch 4-5),Table 2.1,Eucalyptus subcrenulata,,species,field,sapling,juvenile leaves,,,,1989-05/1989-12,,,,,,,,,,,,,,,,,,Green,,,Subalpine: replaces E. vernicosa on less exposed sites and on waterlogged sites towards the south-east,,
Li_1993,natural populations survey (Ch 4-5),Table 2.1,Eucalyptus johnstonii,,species,field,sapling,juvenile leaves,,,,1989-05/1989-12,,,,,,,,,,,,,,,,,,Green,,,Subalpine: replaces sub-alpine E. subcrenulata at lower altitudes towards the south-east,,
Li_1993,natural populations survey (Ch 4-5),Table 2.1,Eucalyptus viminalis,,species,field,sapling,juvenile leaves,,,,1989-05/1989-12,,,,,,,,,,,,,,,,,,Green,,,"Dry Sclerophyll: widespread in coastal and riverine corridors in dry habitats, often subdominant",,
Li_1993,natural populations survey (Ch 4-5),Table 2.1,Eucalyptus dalrympleana,,species,field,sapling,juvenile leaves,,,,1989-05/1989-12,,,,,,,,,,,,,,,,,,Subglaucous,,,"Wet Sclerophyll: replaces E. viminalis in colder, wetter sites to 1050m",,
Li_1993,natural populations survey (Ch 4-5),Table 2.1,Eucalyptus rubida,,species,field,sapling,juvenile leaves,,,,1989-05/1989-12,,,,,,,,,,,,,,,,,,Glaucous,,,"Dry Sclerophyll: replaces E. viminalis on very dry, cold sites at intermediate altitude, frequently on mudstone",,
Li_1993,natural populations survey (Ch 4-5),Table 2.1,Eucalyptus gunnii,,species,field,sapling,juvenile leaves,,,,1989-05/1989-12,,,,,,,,,,,,,,,,,,Gl/Subgl,,,"Subalpine: cold, waterlogged sites, generally on dolerite or basalt in central regions",,
Li_1993,natural populations survey (Ch 4-5),Table 2.1,Eucalyptus archeri,,species,field,sapling,juvenile leaves,,,,1989-05/1989-12,,,,,,,,,,,,,,,,,,Subgl/Green,,,"Subalpine: upper woodlands, moderate exposure, forms treeline in the north-east",,
Li_1993,natural populations survey (Ch 4-5),Table 2.1,Eucalyptus morrisbyi,,species,field,sapling,juvenile leaves,,,,1989-05/1989-12,,,,,,,,,,,,,,,,,,Glaucous,,,Dry Sclerophyll: endangered species on poor coastal soils in the Clarence municipality,,
Li_1993,natural populations survey (Ch 4-5),Table 2.1,Eucalyptus urnigera,,species,field,sapling,juvenile leaves,,,,1989-05/1989-12,,,,,,,,,,,,,,,,,,Glaucous,,,Subalpine: cold sites on well-drained dolerite soil mainly in the south-east,,
Li_1993,natural populations survey (Ch 4-5),Table 2.1,Eucalyptus perriniana,,species,field,sapling,juvenile leaves,,,,1989-05/1989-12,,,,,,,,,,,,,,,,,,Glaucous,,,"Dry Sclerophyll: restricted distribution on poorly drained, infertile shallow soils derived from Permian sandstone in frosty sites at intermediate altitude",,
Li_1993,natural populations survey (Ch 4-5),Table 2.1,Eucalyptus cordata,,species,field,sapling,juvenile leaves,,,,1989-05/1989-12,,,,,,,,,,,,,,,,,,Glaucous,,,"Wet Sclerophyll: local in the south-east, mainly on dolerite extending from dry coastal cliffs to poorly drained sub-alpine sites to 600m",,
