site_label,observer,longitude,latitude,original_name,display_name,dbh,bark_type_thickness,bark_type_density,bark_thickness,bark_density,for_analysis,collection_date
Bay Road,Harriet,151.092222,-33.618333,A_costata,Angophora costata,13.7,Smooth,Smooth,22.36,0.38870370370370366,TRUE,2019-08/2021-06
Bay Road,Harriet,151.092222,-33.618333,A_costata,Angophora costata,16,Smooth,Smooth,21.81,0.43400000000000005,TRUE,2019-08/2021-06
Bay Road,Harriet,151.092222,-33.618333,A_costata,Angophora costata,16.9,Smooth,Smooth,20.21,0.42749999999999994,TRUE,2019-08/2021-06
Bay Road,Harriet,151.092222,-33.618333,A_costata,Angophora costata,24.2,Smooth,Smooth,28.16,0.0025,TRUE,2019-08/2021-06
Bay Road,Harriet,151.092222,-33.618333,A_costata,Angophora costata,40,Smooth,Smooth,25.5433,0.4236290322580645,TRUE,2019-08/2021-06
Bay Road,Harriet,151.092222,-33.618333,A_costata,Angophora costata,41.6,Smooth,Smooth,30.01,0.7404444444444445,TRUE,2019-08/2021-06
Bay Road,Harriet,151.092222,-33.618333,A_costata,Angophora costata,42.9,Smooth,Smooth,24.7433,0.4121136363636363,TRUE,2019-08/2021-06
Bay Road,Harriet,151.092222,-33.618333,A_costata,Angophora costata,44.3,Smooth,Smooth,37.31,0.4248989898989899,TRUE,2019-08/2021-06
Bay Road,Harriet,151.092222,-33.618333,A_costata,Angophora costata,44.8,Smooth,Smooth,24.9433,0.7589545454545454,TRUE,2019-08/2021-06
Bay Road,Harriet,151.092222,-33.618333,A_costata,Angophora costata,46.8,Smooth,Smooth,25.21,0.4611081654294804,TRUE,2019-08/2021-06
Bay Road,Harriet,151.092222,-33.618333,A_floribunda,Angophora floribunda,10,Rough,Rough,27.06,0.16065476190476188,TRUE,2019-08/2021-06
Bay Road,Harriet,151.092222,-33.618333,A_floribunda,Angophora floribunda,14.4,Rough,Rough,27.01,0.19626262626262628,TRUE,2019-08/2021-06
Bay Road,Harriet,151.092222,-33.618333,A_floribunda,Angophora floribunda,14.8,Rough,Rough,32.06,0.25146198830409355,TRUE,2019-08/2021-06
Bay Road,Harriet,151.092222,-33.618333,A_floribunda,Angophora floribunda,20.3,Rough,Rough,58.51,0.2100990099009901,TRUE,2019-08/2021-06
Bay Road,Harriet,151.092222,-33.618333,A_floribunda,Angophora floribunda,22.7,Rough,Rough,49.61,0.17920398009950253,TRUE,2019-08/2021-06
Bay Road,Harriet,151.092222,-33.618333,A_floribunda,Angophora floribunda,32.2,Rough,Rough,51.2767,0.25393939393939396,TRUE,2019-08/2021-06
Bay Road,Harriet,151.092222,-33.618333,A_floribunda,Angophora floribunda,35.8,Rough,Rough,47.11,0.2339572192513369,TRUE,2019-08/2021-06
Bay Road,Harriet,151.092222,-33.618333,A_floribunda,Angophora floribunda,36.8,Rough,Rough,53.61,0.2851592356687898,TRUE,2019-08/2021-06
Bay Road,Harriet,151.092222,-33.618333,A_floribunda,Angophora floribunda,40.1,Rough,Rough,58.7767,0.2651624845742493,TRUE,2019-08/2021-06
Bay Road,Harriet,151.092222,-33.618333,A_floribunda,Angophora floribunda,40.4,Rough,Rough,50.91,0.23591372018271023,TRUE,2019-08/2021-06
Bay Road,Harriet,151.092222,-33.618333,E_globulus,Eucalyptus globulus,12.9,Stocking,Smooth,21.11,0.6085964912280702,TRUE,2019-08/2021-06
Bay Road,Harriet,151.092222,-33.618333,E_globulus,Eucalyptus globulus,21.2,Stocking,Smooth,26.91,0.5890322580645161,TRUE,2019-08/2021-06
Bay Road,Harriet,151.092222,-33.618333,E_globulus,Eucalyptus globulus,29.3,Stocking,Smooth,32.11,0.5935567010309278,TRUE,2019-08/2021-06
Bay Road,Harriet,151.092222,-33.618333,E_globulus,Eucalyptus globulus,32.2,Stocking,Smooth,28.81,0.5225287356321839,TRUE,2019-08/2021-06
Bay Road,Harriet,151.092222,-33.618333,E_globulus,Eucalyptus globulus,38.4,Stocking,Smooth,32.1433,0.538962962962963,TRUE,2019-08/2021-06
Bay Road,Harriet,151.092222,-33.618333,E_globulus,Eucalyptus globulus,40,Stocking,Smooth,34.2767,0.4184726054394955,TRUE,2019-08/2021-06
Bay Road,Harriet,151.092222,-33.618333,E_globulus,Eucalyptus globulus,45.8,Stocking,Smooth,31.1433,0.648943661971831,TRUE,2019-08/2021-06
Bay Road,Harriet,151.092222,-33.618333,E_globulus,Eucalyptus globulus,49.4,Stocking,Smooth,35.9433,0.4766227680773404,TRUE,2019-08/2021-06
Bay Road,Harriet,151.092222,-33.618333,E_globulus,Eucalyptus globulus,51.8,Stocking,Smooth,44.3433,0.5806896997929607,TRUE,2019-08/2021-06
Bay Road,Harriet,151.092222,-33.618333,E_globulus,Eucalyptus globulus,63.8,Stocking,Smooth,44.91,0.6516494117647058,TRUE,2019-08/2021-06
Bay Road,Harriet,151.092222,-33.618333,E_haemastoma,Eucalyptus haemastoma,15.1,Smooth,Smooth,23.96,0.38890625,TRUE,2019-08/2021-06
Bay Road,Harriet,151.092222,-33.618333,E_haemastoma,Eucalyptus haemastoma,17.1,Smooth,Smooth,17.51,0.6441538461538462,TRUE,2019-08/2021-06
Bay Road,Harriet,151.092222,-33.618333,E_haemastoma,Eucalyptus haemastoma,18.9,Smooth,Smooth,18.21,0.5711428571428572,TRUE,2019-08/2021-06
Bay Road,Harriet,151.092222,-33.618333,E_haemastoma,Eucalyptus haemastoma,21.3,Smooth,Smooth,19.26,0.5106060606060606,TRUE,2019-08/2021-06
Bay Road,Harriet,151.092222,-33.618333,E_haemastoma,Eucalyptus haemastoma,27.3,Smooth,Smooth,24.16,0.6879545454545455,TRUE,2019-08/2021-06
Bay Road,Harriet,151.092222,-33.618333,E_haemastoma,Eucalyptus haemastoma,28.2,Smooth,Smooth,18.51,0.6153260869565218,TRUE,2019-08/2021-06
Bay Road,Harriet,151.092222,-33.618333,E_haemastoma,Eucalyptus haemastoma,40.9,Smooth,Smooth,27.01,0.5709093211752787,TRUE,2019-08/2021-06
Bay Road,Harriet,151.092222,-33.618333,E_haemastoma,Eucalyptus haemastoma,45.3,Smooth,Smooth,31.2433,0.5683597883597884,TRUE,2019-08/2021-06
Bay Road,Harriet,151.092222,-33.618333,E_haemastoma,Eucalyptus haemastoma,49.3,Smooth,Smooth,18.9767,0.5617307692307693,TRUE,2019-08/2021-06
Bay Road,Harriet,151.092222,-33.618333,E_haemastoma,Eucalyptus haemastoma,71.8,Smooth,Smooth,25.71,0.4323690476190476,TRUE,2019-08/2021-06
Galston Road,Harriet,151.088056,-33.66,C_eximia,Corymbia eximia,12.8,Rough,Rough,35.21,0.3660869565217391,TRUE,2019-08/2021-06
Galston Road,Harriet,151.088056,-33.66,C_eximia,Corymbia eximia,13,Rough,Rough,32.11,0.34,TRUE,2019-08/2021-06
Galston Road,Harriet,151.088056,-33.66,C_eximia,Corymbia eximia,16.8,Rough,Rough,28.06,0.30714285714285716,TRUE,2019-08/2021-06
Galston Road,Harriet,151.088056,-33.66,C_eximia,Corymbia eximia,19.9,Rough,Rough,39.41,0.4152293577981651,TRUE,2019-08/2021-06
Galston Road,Harriet,151.088056,-33.66,C_eximia,Corymbia eximia,23.1,Rough,Rough,33.56,0.5062222222222222,TRUE,2019-08/2021-06
Galston Road,Harriet,151.088056,-33.66,C_eximia,Corymbia eximia,25.4,Rough,Rough,41.71,0.33999999999999997,TRUE,2019-08/2021-06
Galston Road,Harriet,151.088056,-33.66,C_eximia,Corymbia eximia,26.2,Rough,Rough,37.36,0.3230555555555556,TRUE,2019-08/2021-06
Galston Road,Harriet,151.088056,-33.66,C_eximia,Corymbia eximia,26.3,Rough,Rough,40.46,0.5101492537313432,TRUE,2019-08/2021-06
Galston Road,Harriet,151.088056,-33.66,C_eximia,Corymbia eximia,41.8,Rough,Rough,38.01,0.4961965855653241,TRUE,2019-08/2021-06
Galston Road,Harriet,151.088056,-33.66,C_eximia,Corymbia eximia,52.4,Rough,Rough,45.41,0.4084388680425266,TRUE,2019-08/2021-06
Galston Road,Harriet,151.088056,-33.66,C_gummifera,Corymbia gummifera,15.3,Rough,Rough,39.11,0.21451977401129943,TRUE,2019-08/2021-06
Galston Road,Harriet,151.088056,-33.66,C_gummifera,Corymbia gummifera,15.7,Rough,Rough,38.81,0.22766990291262135,TRUE,2019-08/2021-06
Galston Road,Harriet,151.088056,-33.66,C_gummifera,Corymbia gummifera,16.7,Rough,Rough,44.01,0.26584541062801936,TRUE,2019-08/2021-06
Galston Road,Harriet,151.088056,-33.66,C_gummifera,Corymbia gummifera,24.4,Rough,Rough,30.86,0.26612068965517244,TRUE,2019-08/2021-06
Galston Road,Harriet,151.088056,-33.66,C_gummifera,Corymbia gummifera,29,Rough,Rough,52.46,0.33064220183486237,TRUE,2019-08/2021-06
Galston Road,Harriet,151.088056,-33.66,C_gummifera,Corymbia gummifera,35,Rough,Rough,30.51,0.27974025974025973,TRUE,2019-08/2021-06
Galston Road,Harriet,151.088056,-33.66,C_gummifera,Corymbia gummifera,40.9,Rough,Rough,49.41,0.3234983545414656,TRUE,2019-08/2021-06
Galston Road,Harriet,151.088056,-33.66,C_gummifera,Corymbia gummifera,44.3,Rough,Rough,33.41,0.33028589072943915,TRUE,2019-08/2021-06
Galston Road,Harriet,151.088056,-33.66,C_gummifera,Corymbia gummifera,57.3,Rough,Rough,48.31,0.5132673872180451,TRUE,2019-08/2021-06
Galston Road,Harriet,151.088056,-33.66,C_gummifera,Corymbia gummifera,58.2,Rough,Rough,50.01,0.35058531656937586,TRUE,2019-08/2021-06
Galston Road,Harriet,151.088056,-33.66,E_globulus,Eucalyptus globulus,11.8,Stocking,Smooth,16.86,0.4866923076923077,TRUE,2019-08/2021-06
Galston Road,Harriet,151.088056,-33.66,E_globulus,Eucalyptus globulus,12.3,Stocking,Smooth,19.86,0.45,TRUE,2019-08/2021-06
Galston Road,Harriet,151.088056,-33.66,E_globulus,Eucalyptus globulus,13.2,Stocking,Smooth,19.86,0.5366666666666666,TRUE,2019-08/2021-06
Galston Road,Harriet,151.088056,-33.66,E_globulus,Eucalyptus globulus,17.9,Stocking,Smooth,24.21,0.5290789473684211,TRUE,2019-08/2021-06
Galston Road,Harriet,151.088056,-33.66,E_globulus,Eucalyptus globulus,21.5,Stocking,Smooth,25.26,0.5424375,TRUE,2019-08/2021-06
Galston Road,Harriet,151.088056,-33.66,E_globulus,Eucalyptus globulus,23.6,Stocking,Smooth,35.76,0.43552238805970145,TRUE,2019-08/2021-06
Galston Road,Harriet,151.088056,-33.66,E_globulus,Eucalyptus globulus,26.1,Stocking,Smooth,23.56,0.5424675324675324,TRUE,2019-08/2021-06
Galston Road,Harriet,151.088056,-33.66,E_globulus,Eucalyptus globulus,36.9,Stocking,Smooth,35.3433,0.6482500000000001,TRUE,2019-08/2021-06
Galston Road,Harriet,151.088056,-33.66,E_globulus,Eucalyptus globulus,46.4,Stocking,Smooth,25.7433,0.5483220720720721,TRUE,2019-08/2021-06
Galston Road,Harriet,151.088056,-33.66,E_globulus,Eucalyptus globulus,56.5,Stocking,Smooth,41.9767,0.5102236024844721,TRUE,2019-08/2021-06
Galston Road,Harriet,151.088056,-33.66,E_haemastoma,Eucalyptus haemastoma,17.5,Smooth,Smooth,25.16,0.3316,TRUE,2019-08/2021-06
Galston Road,Harriet,151.088056,-33.66,E_haemastoma,Eucalyptus haemastoma,20.6,Smooth,Smooth,18.06,0.2842553191489362,TRUE,2019-08/2021-06
Galston Road,Harriet,151.088056,-33.66,E_haemastoma,Eucalyptus haemastoma,22.4,Smooth,Smooth,18.56,0.48157894736842105,TRUE,2019-08/2021-06
Galston Road,Harriet,151.088056,-33.66,E_haemastoma,Eucalyptus haemastoma,24.2,Smooth,Smooth,24.71,0.4796226415094339,TRUE,2019-08/2021-06
Galston Road,Harriet,151.088056,-33.66,E_haemastoma,Eucalyptus haemastoma,26.6,Smooth,Smooth,20.11,0.46410714285714283,TRUE,2019-08/2021-06
Galston Road,Harriet,151.088056,-33.66,E_haemastoma,Eucalyptus haemastoma,26.7,Smooth,Smooth,16.36,0.33102564102564097,TRUE,2019-08/2021-06
Galston Road,Harriet,151.088056,-33.66,E_haemastoma,Eucalyptus haemastoma,30.8,Smooth,Smooth,21.26,0.3285185185185185,TRUE,2019-08/2021-06
Galston Road,Harriet,151.088056,-33.66,E_haemastoma,Eucalyptus haemastoma,32,Smooth,Smooth,18.7767,0.4143636363636363,TRUE,2019-08/2021-06
Galston Road,Harriet,151.088056,-33.66,E_haemastoma,Eucalyptus haemastoma,33.4,Smooth,Smooth,22.2433,0.4151428571428572,TRUE,2019-08/2021-06
Galston Road,Harriet,151.088056,-33.66,E_haemastoma,Eucalyptus haemastoma,47.5,Smooth,Smooth,17.81,0.5273925339366515,TRUE,2019-08/2021-06
Intersection between Spring Ridge and Mount Penang Trig Trails,Harriet,150.156944,-34.418889,E_agglomerata,Eucalyptus agglomerata,10.7,Stringy,Stringy,23.16,0.23708333333333334,TRUE,2019-08/2021-06
Intersection between Spring Ridge and Mount Penang Trig Trails,Harriet,150.156944,-34.418889,E_agglomerata,Eucalyptus agglomerata,21,Stringy,Stringy,38.31,0.44687898089171973,TRUE,2019-08/2021-06
Intersection between Spring Ridge and Mount Penang Trig Trails,Harriet,150.156944,-34.418889,E_agglomerata,Eucalyptus agglomerata,21.2,Stringy,Stringy,32.71,0.9180851063829788,TRUE,2019-08/2021-06
Intersection between Spring Ridge and Mount Penang Trig Trails,Harriet,150.156944,-34.418889,E_agglomerata,Eucalyptus agglomerata,30.7,Stringy,Stringy,42.2767,0.41458563535911597,TRUE,2019-08/2021-06
Intersection between Spring Ridge and Mount Penang Trig Trails,Harriet,150.156944,-34.418889,E_agglomerata,Eucalyptus agglomerata,36.3,Stringy,Stringy,33.81,0.31886956521739135,TRUE,2019-08/2021-06
Intersection between Spring Ridge and Mount Penang Trig Trails,Harriet,150.156944,-34.418889,E_agglomerata,Eucalyptus agglomerata,50.4,Stringy,Stringy,39.3767,0.6317268041237113,TRUE,2019-08/2021-06
Intersection between Spring Ridge and Mount Penang Trig Trails,Harriet,150.156944,-34.418889,E_agglomerata,Eucalyptus agglomerata,55.8,Stringy,Stringy,46.1433,0.6221664378860672,TRUE,2019-08/2021-06
Intersection between Spring Ridge and Mount Penang Trig Trails,Harriet,150.156944,-34.418889,E_agglomerata,Eucalyptus agglomerata,56.2,Stringy,Stringy,34.9433,0.47712488844265954,TRUE,2019-08/2021-06
Intersection between Spring Ridge and Mount Penang Trig Trails,Harriet,150.156944,-34.418889,E_agglomerata,Eucalyptus agglomerata,58.4,Stringy,Stringy,34.3767,0.5895371752762019,TRUE,2019-08/2021-06
Intersection between Spring Ridge and Mount Penang Trig Trails,Harriet,150.156944,-34.418889,E_agglomerata,Eucalyptus agglomerata,60.7,Stringy,Stringy,67.11,0.254995592124596,TRUE,2019-08/2021-06
Intersection between Spring Ridge and Mount Penang Trig Trails,Harriet,150.156944,-34.418889,E_bridgesiana,Eucalyptus bridgesiana,10.6,Rough,Rough,24.51,0.41196078431372546,TRUE,2019-08/2021-06
Intersection between Spring Ridge and Mount Penang Trig Trails,Harriet,150.156944,-34.418889,E_bridgesiana,Eucalyptus bridgesiana,15.8,Rough,Rough,29.06,0.5177777777777778,TRUE,2019-08/2021-06
Intersection between Spring Ridge and Mount Penang Trig Trails,Harriet,150.156944,-34.418889,E_bridgesiana,Eucalyptus bridgesiana,16.5,Rough,Rough,30.21,0.5252941176470588,TRUE,2019-08/2021-06
Intersection between Spring Ridge and Mount Penang Trig Trails,Harriet,150.156944,-34.418889,E_bridgesiana,Eucalyptus bridgesiana,16.8,Rough,Rough,27.76,0.4045192307692308,TRUE,2019-08/2021-06
Intersection between Spring Ridge and Mount Penang Trig Trails,Harriet,150.156944,-34.418889,E_bridgesiana,Eucalyptus bridgesiana,17.6,Rough,Rough,30.36,0.40970833333333334,TRUE,2019-08/2021-06
Intersection between Spring Ridge and Mount Penang Trig Trails,Harriet,150.156944,-34.418889,E_bridgesiana,Eucalyptus bridgesiana,18.8,Rough,Rough,35.66,0.5133695652173914,TRUE,2019-08/2021-06
Intersection between Spring Ridge and Mount Penang Trig Trails,Harriet,150.156944,-34.418889,E_bridgesiana,Eucalyptus bridgesiana,24.4,Rough,Rough,33.81,0.47660714285714284,TRUE,2019-08/2021-06
Intersection between Spring Ridge and Mount Penang Trig Trails,Harriet,150.156944,-34.418889,E_bridgesiana,Eucalyptus bridgesiana,25.3,Rough,Rough,40.21,0.48315217391304344,TRUE,2019-08/2021-06
Intersection between Spring Ridge and Mount Penang Trig Trails,Harriet,150.156944,-34.418889,E_bridgesiana,Eucalyptus bridgesiana,68.3,Rough,Rough,56.11,0.5599754710273729,TRUE,2019-08/2021-06
Intersection between Spring Ridge and Mount Penang Trig Trails,Harriet,150.156944,-34.418889,E_bridgesiana,Eucalyptus bridgesiana,104.4,Rough,Rough,60.3433,0.9489852890072976,TRUE,2019-08/2021-06
Intersection between Spring Ridge and Mount Penang Trig Trails,Harriet,150.156944,-34.418889,E_goniocalyx,Eucalyptus goniocalyx,20.2,Rough,Rough,15.16,0.7618181818181818,TRUE,2019-08/2021-06
Intersection between Spring Ridge and Mount Penang Trig Trails,Harriet,150.156944,-34.418889,E_punctata,Eucalyptus punctata,36.5,Smooth,Smooth,49.81,0.498952380952381,TRUE,2019-08/2021-06
Intersection between Spring Ridge and Mount Penang Trig Trails,Harriet,150.156944,-34.418889,E_punctata,Eucalyptus punctata,40.1,Smooth,Smooth,38.7433,0.5309684684684686,TRUE,2019-08/2021-06
Intersection between Spring Ridge and Mount Penang Trig Trails,Harriet,150.156944,-34.418889,E_punctata,Eucalyptus punctata,41.1,Smooth,Smooth,34.51,0.6166294132588265,TRUE,2019-08/2021-06
Intersection between Spring Ridge and Mount Penang Trig Trails,Harriet,150.156944,-34.418889,E_punctata,Eucalyptus punctata,51,Smooth,Smooth,46.21,0.5568722659667542,TRUE,2019-08/2021-06
Intersection between Spring Ridge and Mount Penang Trig Trails,Harriet,150.156944,-34.418889,E_punctata,Eucalyptus punctata,53.3,Smooth,Smooth,40.0767,0.5569087796527268,TRUE,2019-08/2021-06
Intersection between Spring Ridge and Mount Penang Trig Trails,Harriet,150.156944,-34.418889,E_punctata,Eucalyptus punctata,57.5,Smooth,Smooth,51.9767,0.5445955699352911,TRUE,2019-08/2021-06
Intersection between Spring Ridge and Mount Penang Trig Trails,Harriet,150.156944,-34.418889,E_punctata,Eucalyptus punctata,62.9,Smooth,Smooth,43.51,0.5693877849210989,TRUE,2019-08/2021-06
Intersection between Spring Ridge and Mount Penang Trig Trails,Harriet,150.156944,-34.418889,E_punctata,Eucalyptus punctata,63.5,Smooth,Smooth,43.81,0.5067756613756613,TRUE,2019-08/2021-06
Intersection between Spring Ridge and Mount Penang Trig Trails,Harriet,150.156944,-34.418889,E_punctata,Eucalyptus punctata,64.2,Smooth,Smooth,40.2767,0.5399470680671574,TRUE,2019-08/2021-06
Intersection between Spring Ridge and Mount Penang Trig Trails,Harriet,150.156944,-34.418889,E_punctata,Eucalyptus punctata,82.6,Smooth,Smooth,36.8767,0.556076701076701,TRUE,2019-08/2021-06
Mount Penang Trig Walking Track,Harriet,150.160278,-34.428611,E_agglomerata,Eucalyptus agglomerata,31.8,Stringy,Stringy,54.3767,0.39874125874125876,TRUE,2019-08/2021-06
Mount Penang Trig Walking Track,Harriet,150.160278,-34.428611,E_agglomerata,Eucalyptus agglomerata,33.6,Stringy,Stringy,56.2767,0.5362409246263676,TRUE,2019-08/2021-06
Mount Penang Trig Walking Track,Harriet,150.160278,-34.428611,E_agglomerata,Eucalyptus agglomerata,34.2,Stringy,Stringy,40.31,0.44913043478260867,TRUE,2019-08/2021-06
Mount Penang Trig Walking Track,Harriet,150.160278,-34.428611,E_agglomerata,Eucalyptus agglomerata,41,Stringy,Stringy,42.4767,0.6832065217391304,TRUE,2019-08/2021-06
Mount Penang Trig Walking Track,Harriet,150.160278,-34.428611,E_agglomerata,Eucalyptus agglomerata,45.9,Stringy,Stringy,45.8433,0.8182051282051281,TRUE,2019-08/2021-06
Mount Penang Trig Walking Track,Harriet,150.160278,-34.428611,E_agglomerata,Eucalyptus agglomerata,46.5,Stringy,Stringy,41.21,0.46338435039370085,TRUE,2019-08/2021-06
Mount Penang Trig Walking Track,Harriet,150.160278,-34.428611,E_agglomerata,Eucalyptus agglomerata,54.5,Stringy,Stringy,53.7767,0.7069318181818182,TRUE,2019-08/2021-06
Mount Penang Trig Walking Track,Harriet,150.160278,-34.428611,E_agglomerata,Eucalyptus agglomerata,54.9,Stringy,Stringy,63.9767,0.5519845679012345,TRUE,2019-08/2021-06
Mount Penang Trig Walking Track,Harriet,150.160278,-34.428611,E_agglomerata,Eucalyptus agglomerata,69.7,Stringy,Stringy,45.3433,0.6849263012436665,TRUE,2019-08/2021-06
Mount Penang Trig Walking Track,Harriet,150.160278,-34.428611,E_agglomerata,Eucalyptus agglomerata,75.5,Stringy,Stringy,57.3433,0.7413698630136987,TRUE,2019-08/2021-06
Nangar National Park,Harriet,148.47878,-33.417925,E_sideroxylon,Eucalyptus sideroxylon,24.5,Ironbark,,41.03,,FALSE,2019-08/2021-06
Nangar National Park,Harriet,148.47878,-33.417925,E_sideroxylon,Eucalyptus sideroxylon,26.35,Ironbark,,33.9967,,FALSE,2019-08/2021-06
Nangar National Park,Harriet,148.47878,-33.417925,E_sideroxylon,Eucalyptus sideroxylon,26.8,Ironbark,,43.38,,FALSE,2019-08/2021-06
Nangar National Park,Harriet,148.47878,-33.417925,E_sideroxylon,Eucalyptus sideroxylon,38.9,Ironbark,,33.0467,,FALSE,2019-08/2021-06
Nangar National Park,Harriet,148.47878,-33.417925,E_sideroxylon,Eucalyptus sideroxylon,39.5,Ironbark,,40.74,,FALSE,2019-08/2021-06
Nangar National Park,Harriet,148.47878,-33.417925,E_sideroxylon,Eucalyptus sideroxylon,45,Ironbark,,37.1467,,FALSE,2019-08/2021-06
Nangar National Park,Harriet,148.47878,-33.417925,E_sideroxylon,Eucalyptus sideroxylon,45.2,Ironbark,,24.68,,FALSE,2019-08/2021-06
Nangar National Park,Harriet,148.47878,-33.417925,E_sideroxylon,Eucalyptus sideroxylon,49.8,Ironbark,,34.0133,,FALSE,2019-08/2021-06
Nangar National Park,Harriet,148.47878,-33.417925,E_sideroxylon,Eucalyptus sideroxylon,57.7,Ironbark,,28.5467,,FALSE,2019-08/2021-06
Nangar National Park,Harriet,148.47878,-33.417925,E_sideroxylon,Eucalyptus sideroxylon,57.7,Ironbark,,33.7133,,FALSE,2019-08/2021-06
Nangar National Park,Harriet,148.47878,-33.417925,E_sideroxylon,Eucalyptus sideroxylon,65,Ironbark,,29.7467,,FALSE,2019-08/2021-06
Spring Ridge Trail,Harriet,150.170833,-34.415833,E_agglomerata,Eucalyptus agglomerata,22,Stringy,Stringy,51.91,0.18457364341085272,TRUE,2019-08/2021-06
Spring Ridge Trail,Harriet,150.170833,-34.415833,E_agglomerata,Eucalyptus agglomerata,22.6,Stringy,Stringy,46.26,0.3116115702479339,TRUE,2019-08/2021-06
Spring Ridge Trail,Harriet,150.170833,-34.415833,E_agglomerata,Eucalyptus agglomerata,25.5,Stringy,Stringy,47.86,0.2176536312849162,TRUE,2019-08/2021-06
Spring Ridge Trail,Harriet,150.170833,-34.415833,E_agglomerata,Eucalyptus agglomerata,40.4,Stringy,Stringy,57.6767,0.5722816399286987,TRUE,2019-08/2021-06
Spring Ridge Trail,Harriet,150.170833,-34.415833,E_agglomerata,Eucalyptus agglomerata,43.5,Stringy,Stringy,44.01,0.34914078674948235,TRUE,2019-08/2021-06
Spring Ridge Trail,Harriet,150.170833,-34.415833,E_agglomerata,Eucalyptus agglomerata,54.7,Stringy,Stringy,50.9433,0.32971384099616863,TRUE,2019-08/2021-06
Spring Ridge Trail,Harriet,150.170833,-34.415833,E_agglomerata,Eucalyptus agglomerata,59.2,Stringy,Stringy,43.2433,0.6224460390355913,TRUE,2019-08/2021-06
Spring Ridge Trail,Harriet,150.170833,-34.415833,E_agglomerata,Eucalyptus agglomerata,61,Stringy,Stringy,47.2433,0.3176586018285623,TRUE,2019-08/2021-06
Spring Ridge Trail,Harriet,150.170833,-34.415833,E_agglomerata,Eucalyptus agglomerata,65.3,Stringy,Stringy,51.41,0.4760503115081698,TRUE,2019-08/2021-06
Spring Ridge Trail,Harriet,150.170833,-34.415833,E_agglomerata,Eucalyptus agglomerata,67.6,Stringy,Stringy,33.5433,0.4690807907845579,TRUE,2019-08/2021-06
Spring Ridge Trail,Harriet,150.170833,-34.415833,E_goniocalyx,Eucalyptus goniocalyx,15.2,Rough,Rough,30.51,0.754074074074074,TRUE,2019-08/2021-06
Spring Ridge Trail,Harriet,150.170833,-34.415833,E_goniocalyx,Eucalyptus goniocalyx,16,Rough,Rough,23.36,0.7778400000000001,TRUE,2019-08/2021-06
Spring Ridge Trail,Harriet,150.170833,-34.415833,E_goniocalyx,Eucalyptus goniocalyx,18,Rough,Rough,33.06,0.587471264367816,TRUE,2019-08/2021-06
Spring Ridge Trail,Harriet,150.170833,-34.415833,E_goniocalyx,Eucalyptus goniocalyx,18.2,Rough,Rough,27.91,0.7,TRUE,2019-08/2021-06
Spring Ridge Trail,Harriet,150.170833,-34.415833,E_goniocalyx,Eucalyptus goniocalyx,19,Rough,,25.76,,TRUE,2019-08/2021-06
Spring Ridge Trail,Harriet,150.170833,-34.415833,E_goniocalyx,Eucalyptus goniocalyx,19,Rough,,28.01,,TRUE,2019-08/2021-06
Spring Ridge Trail,Harriet,150.170833,-34.415833,E_goniocalyx,Eucalyptus goniocalyx,19.1,Rough,Rough,29.71,0.658840579710145,TRUE,2019-08/2021-06
Spring Ridge Trail,Harriet,150.170833,-34.415833,E_goniocalyx,Eucalyptus goniocalyx,20.1,Rough,Rough,32.36,0.727710843373494,TRUE,2019-08/2021-06
Spring Ridge Trail,Harriet,150.170833,-34.415833,E_goniocalyx,Eucalyptus goniocalyx,23.8,Rough,Rough,34.46,0.62748031496063,TRUE,2019-08/2021-06
Spring Ridge Trail,Harriet,150.170833,-34.415833,E_goniocalyx,Eucalyptus goniocalyx,27.5,Rough,Rough,30.51,0.5221212121212121,TRUE,2019-08/2021-06
Spring Ridge Trail,Harriet,150.170833,-34.415833,E_punctata,Eucalyptus punctata,22.6,Smooth,Smooth,47.91,0.4793181818181818,TRUE,2019-08/2021-06
Spring Ridge Trail,Harriet,150.170833,-34.415833,E_punctata,Eucalyptus punctata,23.4,Smooth,Smooth,37.76,0.4851,TRUE,2019-08/2021-06
Spring Ridge Trail,Harriet,150.170833,-34.415833,E_punctata,Eucalyptus punctata,26.4,Smooth,Smooth,53.51,0.5365925925925926,TRUE,2019-08/2021-06
Spring Ridge Trail,Harriet,150.170833,-34.415833,E_punctata,Eucalyptus punctata,31.7,Smooth,,44.9433,,TRUE,2019-08/2021-06
Spring Ridge Trail,Harriet,150.170833,-34.415833,E_punctata,Eucalyptus punctata,54.7,Smooth,Smooth,49.2767,0.4694257775480314,TRUE,2019-08/2021-06
Spring Ridge Trail,Harriet,150.170833,-34.415833,E_punctata,Eucalyptus punctata,63.2,Smooth,Smooth,56.31,0.5777028866330176,TRUE,2019-08/2021-06
Spring Ridge Trail,Harriet,150.170833,-34.415833,E_punctata,Eucalyptus punctata,73.5,Smooth,,57.21,,TRUE,2019-08/2021-06
Spring Ridge Trail,Harriet,150.170833,-34.415833,E_punctata,Eucalyptus punctata,76.1,Smooth,Smooth,50.4767,0.498243006993007,TRUE,2019-08/2021-06
Spring Ridge Trail,Harriet,150.170833,-34.415833,E_punctata,Eucalyptus punctata,82,Smooth,Smooth,48.7767,0.5759797297297298,TRUE,2019-08/2021-06
Spring Ridge Trail,Harriet,150.170833,-34.415833,E_punctata,Eucalyptus punctata,140.3,Smooth,Smooth,62.71,0.44436097756410253,TRUE,2019-08/2021-06
Tugalong Road - 1,Harriet,150.145556,-34.42,E_agglomerata,Eucalyptus agglomerata,18.7,Stringy,Stringy,47.51,0.428,TRUE,2019-08/2021-06
Tugalong Road - 1,Harriet,150.145556,-34.42,E_agglomerata,Eucalyptus agglomerata,32.3,Stringy,Stringy,40.4767,0.61225,TRUE,2019-08/2021-06
Tugalong Road - 1,Harriet,150.145556,-34.42,E_agglomerata,Eucalyptus agglomerata,33,Stringy,Stringy,46.1433,0.3864,TRUE,2019-08/2021-06
Tugalong Road - 1,Harriet,150.145556,-34.42,E_agglomerata,Eucalyptus agglomerata,47.2,Stringy,Stringy,49.5767,0.44620000000000004,TRUE,2019-08/2021-06
Tugalong Road - 1,Harriet,150.145556,-34.42,E_agglomerata,Eucalyptus agglomerata,51.6,Stringy,Stringy,46.6767,0.6908000000000001,TRUE,2019-08/2021-06
Tugalong Road - 1,Harriet,150.145556,-34.42,E_agglomerata,Eucalyptus agglomerata,57.4,Stringy,Stringy,54.2433,0.7072499999999999,TRUE,2019-08/2021-06
Tugalong Road - 1,Harriet,150.145556,-34.42,E_agglomerata,Eucalyptus agglomerata,60.1,Stringy,Stringy,55.5433,0.491,TRUE,2019-08/2021-06
Tugalong Road - 1,Harriet,150.145556,-34.42,E_agglomerata,Eucalyptus agglomerata,74.7,Stringy,Stringy,39.5767,0.9033,TRUE,2019-08/2021-06
Tugalong Road - 1,Harriet,150.145556,-34.42,E_agglomerata,Eucalyptus agglomerata,78.5,Stringy,Stringy,59.1767,0.33995,TRUE,2019-08/2021-06
Tugalong Road - 1,Harriet,150.145556,-34.42,E_agglomerata,Eucalyptus agglomerata,85.7,Stringy,Stringy,68.0767,0.554,TRUE,2019-08/2021-06
Tugalong Road - 1,Harriet,150.145556,-34.42,E_punctata,Eucalyptus punctata,14.4,Smooth,Smooth,49.6433,0.5627,TRUE,2019-08/2021-06
Tugalong Road - 1,Harriet,150.145556,-34.42,E_punctata,Eucalyptus punctata,17.7,Smooth,Smooth,48.81,0.5222,TRUE,2019-08/2021-06
Tugalong Road - 1,Harriet,150.145556,-34.42,E_punctata,Eucalyptus punctata,29.7,Smooth,Smooth,56.7433,1.4265,TRUE,2019-08/2021-06
Tugalong Road - 1,Harriet,150.145556,-34.42,E_punctata,Eucalyptus punctata,31.2,Smooth,Smooth,42.9433,1.7915,TRUE,2019-08/2021-06
Tugalong Road - 1,Harriet,150.145556,-34.42,E_punctata,Eucalyptus punctata,31.6,Smooth,Smooth,39.8433,0.5237,TRUE,2019-08/2021-06
Tugalong Road - 1,Harriet,150.145556,-34.42,E_punctata,Eucalyptus punctata,42,Smooth,Smooth,51.4433,0.86265,TRUE,2019-08/2021-06
Tugalong Road - 1,Harriet,150.145556,-34.42,E_punctata,Eucalyptus punctata,55.8,Smooth,Smooth,42.31,0.9032500000000001,TRUE,2019-08/2021-06
Tugalong Road - 1,Harriet,150.145556,-34.42,E_punctata,Eucalyptus punctata,60.6,Smooth,Smooth,48.71,0.95435,TRUE,2019-08/2021-06
Tugalong Road - 1,Harriet,150.145556,-34.42,E_punctata,Eucalyptus punctata,63.9,Smooth,Smooth,40.4433,0.44665,TRUE,2019-08/2021-06
Tugalong Road - 1,Harriet,150.145556,-34.42,E_punctata,Eucalyptus punctata,74.6,Smooth,Smooth,52.91,0.68695,TRUE,2019-08/2021-06
Tugalong Road - 2,Harriet,150.153056,-34.409444,E_agglomerata,Eucalyptus agglomerata,16.6,Stringy,Stringy,44.21,0.2950810810810811,TRUE,2019-08/2021-06
Tugalong Road - 2,Harriet,150.153056,-34.409444,E_agglomerata,Eucalyptus agglomerata,18.8,Stringy,Stringy,37.21,0.28636904761904763,TRUE,2019-08/2021-06
Tugalong Road - 2,Harriet,150.153056,-34.409444,E_agglomerata,Eucalyptus agglomerata,24.2,Stringy,Stringy,50.21,0.1740492957746479,TRUE,2019-08/2021-06
Tugalong Road - 2,Harriet,150.153056,-34.409444,E_agglomerata,Eucalyptus agglomerata,36.4,Stringy,Stringy,42.6767,0.6143385777679979,TRUE,2019-08/2021-06
Tugalong Road - 2,Harriet,150.153056,-34.409444,E_agglomerata,Eucalyptus agglomerata,47.8,Stringy,Stringy,47.3767,0.7649075391180655,TRUE,2019-08/2021-06
Tugalong Road - 2,Harriet,150.153056,-34.409444,E_agglomerata,Eucalyptus agglomerata,49.5,Stringy,Stringy,54.1767,0.4812361673414305,TRUE,2019-08/2021-06
Tugalong Road - 2,Harriet,150.153056,-34.409444,E_agglomerata,Eucalyptus agglomerata,55.6,Stringy,Stringy,59.3433,0.38494402985074627,TRUE,2019-08/2021-06
Tugalong Road - 2,Harriet,150.153056,-34.409444,E_agglomerata,Eucalyptus agglomerata,57.2,Stringy,Stringy,58.41,0.7510113636363636,TRUE,2019-08/2021-06
Tugalong Road - 2,Harriet,150.153056,-34.409444,E_agglomerata,Eucalyptus agglomerata,71,Stringy,Stringy,44.91,0.7098217141029741,TRUE,2019-08/2021-06
Tugalong Road - 2,Harriet,150.153056,-34.409444,E_agglomerata,Eucalyptus agglomerata,106.8,Stringy,Stringy,50.2767,0.727516491482421,TRUE,2019-08/2021-06
Tugalong Road - 2,Harriet,150.153056,-34.409444,E_bridgesiana,Eucalyptus bridgesiana,11.4,Rough,Rough,24.66,0.6274545454545455,TRUE,2019-08/2021-06
Tugalong Road - 2,Harriet,150.153056,-34.409444,E_bridgesiana,Eucalyptus bridgesiana,11.8,Rough,Rough,25.91,0.4646753246753247,TRUE,2019-08/2021-06
Tugalong Road - 2,Harriet,150.153056,-34.409444,E_bridgesiana,Eucalyptus bridgesiana,12,Rough,Rough,22.66,0.5297737556561086,TRUE,2019-08/2021-06
Tugalong Road - 2,Harriet,150.153056,-34.409444,E_bridgesiana,Eucalyptus bridgesiana,12.7,Rough,Rough,25.51,0.5471428571428572,TRUE,2019-08/2021-06
Tugalong Road - 2,Harriet,150.153056,-34.409444,E_bridgesiana,Eucalyptus bridgesiana,17.2,Rough,Rough,36.41,0.4761797752808989,TRUE,2019-08/2021-06
Tugalong Road - 2,Harriet,150.153056,-34.409444,E_bridgesiana,Eucalyptus bridgesiana,33.6,Rough,Rough,27.7433,0.5526222222222222,TRUE,2019-08/2021-06
Tugalong Road - 2,Harriet,150.153056,-34.409444,E_bridgesiana,Eucalyptus bridgesiana,48.1,Rough,Rough,43.8433,0.5692600185883767,TRUE,2019-08/2021-06
Tugalong Road - 2,Harriet,150.153056,-34.409444,E_bridgesiana,Eucalyptus bridgesiana,49.5,Rough,Rough,32.4433,0.5332888642770841,TRUE,2019-08/2021-06
Tugalong Road - 2,Harriet,150.153056,-34.409444,E_bridgesiana,Eucalyptus bridgesiana,50.4,Rough,Rough,25.4767,0.6039382978723404,TRUE,2019-08/2021-06
Tugalong Road - 2,Harriet,150.153056,-34.409444,E_bridgesiana,Eucalyptus bridgesiana,50.6,Rough,Rough,37.2767,0.6741016472991955,TRUE,2019-08/2021-06
Tugalong Road - 2,Harriet,150.153056,-34.409444,E_punctata,Eucalyptus punctata,12,Smooth,Smooth,29.81,0.48828025477707,TRUE,2019-08/2021-06
Tugalong Road - 2,Harriet,150.153056,-34.409444,E_punctata,Eucalyptus punctata,14.7,Smooth,Smooth,26.66,0.49994708994709,TRUE,2019-08/2021-06
Tugalong Road - 2,Harriet,150.153056,-34.409444,E_punctata,Eucalyptus punctata,19.3,Smooth,Smooth,31.46,0.5495495495495495,TRUE,2019-08/2021-06
Tugalong Road - 2,Harriet,150.153056,-34.409444,E_punctata,Eucalyptus punctata,23.1,Smooth,Smooth,36.46,0.32449197860962564,TRUE,2019-08/2021-06
Tugalong Road - 2,Harriet,150.153056,-34.409444,E_punctata,Eucalyptus punctata,29,Smooth,Smooth,35.36,0.5463636363636364,TRUE,2019-08/2021-06
Tugalong Road - 2,Harriet,150.153056,-34.409444,E_punctata,Eucalyptus punctata,30.3,Smooth,Smooth,38.8767,0.5534166666666667,TRUE,2019-08/2021-06
Tugalong Road - 2,Harriet,150.153056,-34.409444,E_punctata,Eucalyptus punctata,36.6,Smooth,Smooth,50.4433,0.4781751824817518,TRUE,2019-08/2021-06
Tugalong Road - 2,Harriet,150.153056,-34.409444,E_punctata,Eucalyptus punctata,40.1,Smooth,Smooth,35.2433,0.567976139978791,TRUE,2019-08/2021-06
Tugalong Road - 2,Harriet,150.153056,-34.409444,E_punctata,Eucalyptus punctata,50.3,Smooth,Smooth,37.5767,0.6473901515151516,TRUE,2019-08/2021-06
Tugalong Road - 2,Harriet,150.153056,-34.409444,E_punctata,Eucalyptus punctata,66.3,Smooth,Smooth,40.41,0.5699996846420687,TRUE,2019-08/2021-06
Wilbertroy,Harriet,147.608493,-33.46173,E_melliodora,Eucalyptus melliodora,15.8,Rough,,26.98,,FALSE,2019-08/2021-06
Wilbertroy,Harriet,147.608493,-33.46173,E_melliodora,Eucalyptus melliodora,19.1,Rough,,20.23,,FALSE,2019-08/2021-06
Wilbertroy,Harriet,147.608493,-33.46173,E_melliodora,Eucalyptus melliodora,29.6,Rough,,22.43,,FALSE,2019-08/2021-06
Wilbertroy,Harriet,147.608493,-33.46173,E_melliodora,Eucalyptus melliodora,48.3,Rough,,27.1467,,FALSE,2019-08/2021-06
Wilbertroy,Harriet,147.608493,-33.46173,E_melliodora,Eucalyptus melliodora,59.8,Rough,,27.98,,FALSE,2019-08/2021-06
Wilbertroy,Harriet,147.608493,-33.46173,E_melliodora,Eucalyptus melliodora,61.6,Rough,,30.68,,FALSE,2019-08/2021-06
Wilbertroy,Harriet,147.608493,-33.46173,E_melliodora,Eucalyptus melliodora,65.6,Rough,,26.58,,FALSE,2019-08/2021-06
Wilbertroy,Harriet,147.608493,-33.46173,E_melliodora,Eucalyptus melliodora,68,Rough,,36.7133,,FALSE,2019-08/2021-06
Wilbertroy,Harriet,147.608493,-33.46173,E_melliodora,Eucalyptus melliodora,74.4,Rough,,40.5467,,FALSE,2019-08/2021-06
Wilbertroy,Harriet,147.608493,-33.46173,E_melliodora,Eucalyptus melliodora,76.6,Rough,,37.68,,FALSE,2019-08/2021-06
Wilbertroy,Harriet,147.608493,-33.46173,E_microcarpa,Eucalyptus microcarpa,33.4,Rough,,18.88,,FALSE,2019-08/2021-06
Wilbertroy,Harriet,147.608493,-33.46173,E_microcarpa,Eucalyptus microcarpa,38.5,Rough,,29,,FALSE,2019-08/2021-06
Wilbertroy,Harriet,147.608493,-33.46173,E_microcarpa,Eucalyptus microcarpa,61.5,Rough,,23.58,,FALSE,2019-08/2021-06
Wilbertroy,Harriet,147.608493,-33.46173,E_microcarpa,Eucalyptus microcarpa,72.5,Rough,,33.9467,,FALSE,2019-08/2021-06
Wilbertroy,Harriet,147.608493,-33.46173,E_microcarpa,Eucalyptus microcarpa,80.5,Rough,,25.1133,,FALSE,2019-08/2021-06
Wilbertroy,Harriet,147.608493,-33.46173,E_populnea,Eucalyptus populnea,26.8,Rough,,21.98,,FALSE,2019-08/2021-06
Wilbertroy,Harriet,147.608493,-33.46173,E_populnea,Eucalyptus populnea,37.2,Rough,,23.38,,FALSE,2019-08/2021-06
Wilbertroy,Harriet,147.608493,-33.46173,E_populnea,Eucalyptus populnea,47.4,Rough,,29.68,,FALSE,2019-08/2021-06
Wilbertroy,Harriet,147.608493,-33.46173,E_populnea,Eucalyptus populnea,49.2,Rough,,23.4133,,FALSE,2019-08/2021-06
Wilbertroy,Harriet,147.608493,-33.46173,E_populnea,Eucalyptus populnea,49.5,Rough,,28.0133,,FALSE,2019-08/2021-06
Wilbertroy,Harriet,147.608493,-33.46173,E_populnea,Eucalyptus populnea,63,Rough,,25.68,,FALSE,2019-08/2021-06
Wilbertroy,Harriet,147.608493,-33.46173,E_populnea,Eucalyptus populnea,119.9,Rough,,30.0467,,FALSE,2019-08/2021-06
Winburndale,Harriet,149.745087,-33.424715,Unknown gum,Eucalyptus unknown gum,13.35,Smooth,,25.155,,TRUE,2019-08/2021-06
Winburndale,Harriet,149.745087,-33.424715,Unknown gum,Eucalyptus unknown gum,20.6,Smooth,,25.9467,,TRUE,2019-08/2021-06
Winburndale,Harriet,149.745087,-33.424715,Unknown gum,Eucalyptus unknown gum,24.6,Smooth,,29.26,,TRUE,2019-08/2021-06
Winburndale,Harriet,149.745087,-33.424715,Unknown gum,Eucalyptus unknown gum,25.1,Smooth,,23.96,,TRUE,2019-08/2021-06
Winburndale,Harriet,149.745087,-33.424715,Unknown gum,Eucalyptus unknown gum,35.3,Smooth,,33.18,,TRUE,2019-08/2021-06
Morton National Park,Harriet,150.439483,-34.62994,E_consideniana,Eucalyptus consideniana,14.1,Rough,,23.045,,TRUE,2019-08/2021-06
Morton National Park,Harriet,150.439483,-34.62994,E_consideniana,Eucalyptus consideniana,14.1,Rough,,36.66,,TRUE,2019-08/2021-06
Morton National Park,Harriet,150.439483,-34.62994,E_consideniana,Eucalyptus consideniana,14.7,Rough,Rough,28.31,0.42967281979505006,TRUE,2019-08/2021-06
Morton National Park,Harriet,150.439483,-34.62994,E_consideniana,Eucalyptus consideniana,15.5,Rough,Rough,29.31,0.4162131892954461,TRUE,2019-08/2021-06
Morton National Park,Harriet,150.439483,-34.62994,E_consideniana,Eucalyptus consideniana,17.2,Rough,Rough,38.96,0.21717006988646734,TRUE,2019-08/2021-06
Morton National Park,Harriet,150.439483,-34.62994,E_consideniana,Eucalyptus consideniana,30.2,Rough,Rough,43.7767,0.07758040192913097,TRUE,2019-08/2021-06
Morton National Park,Harriet,150.439483,-34.62994,E_consideniana,Eucalyptus consideniana,49.1,Rough,Rough,43.6767,0.04875264737443295,TRUE,2019-08/2021-06
Morton National Park,Harriet,150.439483,-34.62994,E_consideniana,Eucalyptus consideniana,53.2,Rough,Rough,53.31,0.4579496450852978,TRUE,2019-08/2021-06
Morton National Park,Harriet,150.439483,-34.62994,E_consideniana,Eucalyptus consideniana,64.8,Rough,Rough,49.0767,0.21146137042888427,TRUE,2019-08/2021-06
Morton National Park,Harriet,150.439483,-34.62994,E_consideniana,Eucalyptus consideniana,76.4,Rough,Rough,54.8767,0.17744583273162623,TRUE,2019-08/2021-06
Morton National Park,Harriet,150.439483,-34.62994,E_piperita,Eucalyptus piperita,11,Rough,Rough,23.61,0.1441391717001324,TRUE,2019-08/2021-06
Morton National Park,Harriet,150.439483,-34.62994,E_piperita,Eucalyptus piperita,17.7,Rough,Rough,46.26,0.03264409050503951,TRUE,2019-08/2021-06
Morton National Park,Harriet,150.439483,-34.62994,E_piperita,Eucalyptus piperita,17.8,Rough,Rough,47.06,0.13149553981883558,TRUE,2019-08/2021-06
Morton National Park,Harriet,150.439483,-34.62994,E_piperita,Eucalyptus piperita,20.7,Rough,Rough,68.16,0.0935824855979963,TRUE,2019-08/2021-06
Morton National Park,Harriet,150.439483,-34.62994,E_piperita,Eucalyptus piperita,21.7,Rough,Rough,40.16,0.15790258389516498,TRUE,2019-08/2021-06
Morton National Park,Harriet,150.439483,-34.62994,E_piperita,Eucalyptus piperita,42.2,Rough,Rough,47.51,0.2052848490744809,TRUE,2019-08/2021-06
Morton National Park,Harriet,150.439483,-34.62994,E_piperita,Eucalyptus piperita,44.5,Rough,Rough,53.3433,0.1874816969425004,TRUE,2019-08/2021-06
Morton National Park,Harriet,150.439483,-34.62994,E_piperita,Eucalyptus piperita,48.8,Rough,Rough,53.7767,0.32280922239637166,TRUE,2019-08/2021-06
Morton National Park,Harriet,150.439483,-34.62994,E_piperita,Eucalyptus piperita,60.4,Rough,Rough,46.9433,0.11259800841889736,TRUE,2019-08/2021-06
Morton National Park,Harriet,150.439483,-34.62994,E_piperita,Eucalyptus piperita,69.5,Rough,Rough,30.9767,0.06580689573366015,TRUE,2019-08/2021-06
Morton National Park,Harriet,150.439483,-34.62994,E_rossii,Eucalyptus rossii,20.4,Smooth,Smooth,16.36,0.31091978917478963,TRUE,2019-08/2021-06
Morton National Park,Harriet,150.439483,-34.62994,E_rossii,Eucalyptus rossii,21,Smooth,Smooth,22.06,0.39330229524143984,TRUE,2019-08/2021-06
Morton National Park,Harriet,150.439483,-34.62994,E_rossii,Eucalyptus rossii,22.7,Smooth,Smooth,20.41,0.4521631963559454,TRUE,2019-08/2021-06
Morton National Park,Harriet,150.439483,-34.62994,E_rossii,Eucalyptus rossii,27.1,Smooth,Smooth,27.31,1.524896961308074,TRUE,2019-08/2021-06
Morton National Park,Harriet,150.439483,-34.62994,E_rossii,Eucalyptus rossii,29.1,Smooth,Smooth,27.31,0.47334080551173396,TRUE,2019-08/2021-06
Morton National Park,Harriet,150.439483,-34.62994,E_rossii,Eucalyptus rossii,34.2,Smooth,Smooth,27.01,0.49958956474405175,TRUE,2019-08/2021-06
Morton National Park,Harriet,150.439483,-34.62994,E_rossii,Eucalyptus rossii,34.5,Smooth,Smooth,28.8767,0.3206555647271038,TRUE,2019-08/2021-06
Morton National Park,Harriet,150.439483,-34.62994,E_rossii,Eucalyptus rossii,42.2,Smooth,Smooth,33.91,0.42744664494076423,TRUE,2019-08/2021-06
Morton National Park,Harriet,150.439483,-34.62994,E_rossii,Eucalyptus rossii,74.3,Smooth,Smooth,38.5433,0.46367304099762874,TRUE,2019-08/2021-06
Morton National Park,Harriet,150.439483,-34.62994,E_rossii,Eucalyptus rossii,97.4,Smooth,Smooth,30.61,0.45999275503244585,TRUE,2019-08/2021-06
Pillaga - 4,Harriet,149.192805,-30.907635,C_trachyphloia,Corymbia trachyphloia,13.49,Rough,Rough,26.68,0.2518621842867126,FALSE,2019-08/2021-06
Pillaga - 4,Harriet,149.192805,-30.907635,C_trachyphloia,Corymbia trachyphloia,14.35,Rough,Rough,33.78,0.23528329197684034,FALSE,2019-08/2021-06
Pillaga - 4,Harriet,149.192805,-30.907635,C_trachyphloia,Corymbia trachyphloia,15.33,Rough,Rough,29.2883,0.2467610067296835,FALSE,2019-08/2021-06
Pillaga - 4,Harriet,149.192805,-30.907635,C_trachyphloia,Corymbia trachyphloia,17,Rough,Rough,24.48,0.3590714285714286,FALSE,2019-08/2021-06
Pillaga - 4,Harriet,149.192805,-30.907635,C_trachyphloia,Corymbia trachyphloia,22.4,Rough,Rough,27.73,0.2845778623668791,FALSE,2019-08/2021-06
Pillaga - 4,Harriet,149.192805,-30.907635,C_trachyphloia,Corymbia trachyphloia,24.65,Rough,Rough,36.32,0.3125465169511549,FALSE,2019-08/2021-06
Pillaga - 4,Harriet,149.192805,-30.907635,C_trachyphloia,Corymbia trachyphloia,25.5,Rough,Rough,23.38,0.3028238629360286,FALSE,2019-08/2021-06
Pillaga - 4,Harriet,149.192805,-30.907635,C_trachyphloia,Corymbia trachyphloia,30.2,Rough,,33.3467,,FALSE,2019-08/2021-06
Pillaga - 4,Harriet,149.192805,-30.907635,C_trachyphloia,Corymbia trachyphloia,41.55,Rough,Rough,37.38,0.940083223483654,FALSE,2019-08/2021-06
Pillaga - 4,Harriet,149.192805,-30.907635,C_trachyphloia,Corymbia trachyphloia,44.8,Rough,Rough,28.18,0.3350938697318008,FALSE,2019-08/2021-06
Pillaga - 4,Harriet,149.192805,-30.907635,E_crebra,Eucalyptus crebra,16,Ironbark,Ironbark,27.88,0.4665,FALSE,2019-08/2021-06
Pillaga - 4,Harriet,149.192805,-30.907635,E_crebra,Eucalyptus crebra,16.5,Ironbark,Ironbark,31.93,0.5897694805194805,FALSE,2019-08/2021-06
Pillaga - 4,Harriet,149.192805,-30.907635,E_crebra,Eucalyptus crebra,17.3,Ironbark,Ironbark,31.03,0.786,FALSE,2019-08/2021-06
Pillaga - 4,Harriet,149.192805,-30.907635,E_crebra,Eucalyptus crebra,19.43,Ironbark,Ironbark,26.03,0.6094875000000001,FALSE,2019-08/2021-06
Pillaga - 4,Harriet,149.192805,-30.907635,E_crebra,Eucalyptus crebra,20.7,Ironbark,Ironbark,34.7133,0.884871794871795,FALSE,2019-08/2021-06
Pillaga - 4,Harriet,149.192805,-30.907635,E_crebra,Eucalyptus crebra,25.13,Ironbark,Ironbark,36.33,0.42137313950765937,FALSE,2019-08/2021-06
Pillaga - 4,Harriet,149.192805,-30.907635,E_crebra,Eucalyptus crebra,29,Ironbark,Ironbark,30.23,0.4992530657748049,FALSE,2019-08/2021-06
Pillaga - 4,Harriet,149.192805,-30.907635,E_crebra,Eucalyptus crebra,31.35,Ironbark,Ironbark,32.02,0.6216176470588235,FALSE,2019-08/2021-06
Pillaga - 4,Harriet,149.192805,-30.907635,E_crebra,Eucalyptus crebra,39.6,Ironbark,Ironbark,45.0133,0.5965625,FALSE,2019-08/2021-06
Pillaga - 4,Harriet,149.192805,-30.907635,E_crebra,Eucalyptus crebra,58.5,Ironbark,Ironbark,29.03,0.7935416666666667,FALSE,2019-08/2021-06
Pillaga - 6,Harriet,149.510962,-30.793685,E_rossii,Eucalyptus rossii,25,Smooth,Smooth,17.43,0.598,FALSE,2019-08/2021-06
Pillaga - 6,Harriet,149.510962,-30.793685,E_rossii,Eucalyptus rossii,26.9,Smooth,Smooth,21.3,0.6080000000000001,FALSE,2019-08/2021-06
Pillaga - 6,Harriet,149.510962,-30.793685,E_rossii,Eucalyptus rossii,27.6,Smooth,Smooth,20.38,0.63,FALSE,2019-08/2021-06
Pillaga - 6,Harriet,149.510962,-30.793685,E_rossii,Eucalyptus rossii,29.9,Smooth,Smooth,24.58,0.6185714285714284,FALSE,2019-08/2021-06
Pillaga - 6,Harriet,149.510962,-30.793685,E_rossii,Eucalyptus rossii,33,Smooth,Smooth,23.9467,0.6226666666666667,FALSE,2019-08/2021-06
Pillaga - 6,Harriet,149.510962,-30.793685,E_rossii,Eucalyptus rossii,33.5,Smooth,Smooth,20.3133,0.6387499999999999,FALSE,2019-08/2021-06
Pillaga - 6,Harriet,149.510962,-30.793685,E_rossii,Eucalyptus rossii,40.2,Smooth,Smooth,20.0467,0.48615384615384616,FALSE,2019-08/2021-06
Pillaga - 6,Harriet,149.510962,-30.793685,E_rossii,Eucalyptus rossii,40.8,Smooth,Smooth,19.9,0.44071428571428567,FALSE,2019-08/2021-06
Pillaga - 6,Harriet,149.510962,-30.793685,E_rossii,Eucalyptus rossii,43.7,Smooth,Smooth,23.7133,0.5333333333333333,FALSE,2019-08/2021-06
Pillaga - 6,Harriet,149.510962,-30.793685,E_rossii,Eucalyptus rossii,43.9,Smooth,Smooth,24.5133,0.5494444444444445,FALSE,2019-08/2021-06
Pillaga - 6,Harriet,149.510962,-30.793685,E_rossii,Eucalyptus rossii,45.1,Smooth,Smooth,19.08,0.43833333333333335,FALSE,2019-08/2021-06
Pillaga - 6,Harriet,149.510962,-30.793685,E_rossii,Eucalyptus rossii,47.8,Smooth,Smooth,24.78,0.575,FALSE,2019-08/2021-06
Pillaga - 6,Harriet,149.510962,-30.793685,E_rossii,Eucalyptus rossii,48.7,Smooth,Smooth,26.4467,0.55,FALSE,2019-08/2021-06
Pillaga - 6,Harriet,149.510962,-30.793685,E_rossii,Eucalyptus rossii,52.5,Smooth,Smooth,22.9467,0.7999999999999999,FALSE,2019-08/2021-06
Pillaga - 6,Harriet,149.510962,-30.793685,E_rossii,Eucalyptus rossii,58.8,Smooth,Smooth,20.2467,0.6239999999999999,FALSE,2019-08/2021-06
Royal National Park,Harriet,151.0448,-34.175,A_costata,Angophora costata,19.1,Smooth,Smooth,26.86,0.240530303030303,TRUE,2019-08/2021-06
Royal National Park,Harriet,151.0448,-34.175,A_costata,Angophora costata,19.5,Smooth,Smooth,24.71,0.26856410256410257,TRUE,2019-08/2021-06
Royal National Park,Harriet,151.0448,-34.175,A_costata,Angophora costata,19.9,Smooth,Smooth,22.46,0.22583333333333336,TRUE,2019-08/2021-06
Royal National Park,Harriet,151.0448,-34.175,A_costata,Angophora costata,24.8,Smooth,Smooth,29.41,0.3225,TRUE,2019-08/2021-06
Royal National Park,Harriet,151.0448,-34.175,A_costata,Angophora costata,26,Smooth,Smooth,25.81,0.581531862745098,TRUE,2019-08/2021-06
Royal National Park,Harriet,151.0448,-34.175,A_costata,Angophora costata,30.2,Smooth,Smooth,31.81,0.3307428571428571,TRUE,2019-08/2021-06
Royal National Park,Harriet,151.0448,-34.175,A_costata,Angophora costata,30.7,Smooth,Smooth,26.31,0.37464444444444445,TRUE,2019-08/2021-06
Royal National Park,Harriet,151.0448,-34.175,A_costata,Angophora costata,31.6,Smooth,Smooth,41.31,0.258695652173913,TRUE,2019-08/2021-06
Royal National Park,Harriet,151.0448,-34.175,A_costata,Angophora costata,31.7,Smooth,Smooth,33.41,0.31967948717948713,TRUE,2019-08/2021-06
Royal National Park,Harriet,151.0448,-34.175,A_costata,Angophora costata,33.3,Smooth,Smooth,29.2433,0.34732517482517483,TRUE,2019-08/2021-06
Royal National Park,Harriet,151.0448,-34.175,C_gummifera,Corymbia gummifera,17.4,Rough,Rough,36.66,0.18339285714285714,TRUE,2019-08/2021-06
Royal National Park,Harriet,151.0448,-34.175,C_gummifera,Corymbia gummifera,18.9,Rough,Rough,41.01,0.24402616279069766,TRUE,2019-08/2021-06
Royal National Park,Harriet,151.0448,-34.175,C_gummifera,Corymbia gummifera,24.5,Rough,Rough,38.16,0.4250396825396825,TRUE,2019-08/2021-06
Royal National Park,Harriet,151.0448,-34.175,C_gummifera,Corymbia gummifera,25.1,Rough,Rough,50.11,0.33138009049773753,TRUE,2019-08/2021-06
Royal National Park,Harriet,151.0448,-34.175,C_gummifera,Corymbia gummifera,28.6,Rough,Rough,38.16,0.35466666666666663,TRUE,2019-08/2021-06
Royal National Park,Harriet,151.0448,-34.175,C_gummifera,Corymbia gummifera,31.4,Rough,Rough,46.41,0.4083538461538462,TRUE,2019-08/2021-06
Royal National Park,Harriet,151.0448,-34.175,C_gummifera,Corymbia gummifera,32.4,Rough,Rough,41.3433,0.20220588235294118,TRUE,2019-08/2021-06
Royal National Park,Harriet,151.0448,-34.175,C_gummifera,Corymbia gummifera,35.1,Rough,Rough,41.6433,0.5549999999999999,TRUE,2019-08/2021-06
Royal National Park,Harriet,151.0448,-34.175,C_gummifera,Corymbia gummifera,35.3,Rough,Rough,66.2767,0.3123076923076923,TRUE,2019-08/2021-06
Royal National Park,Harriet,151.0448,-34.175,C_gummifera,Corymbia gummifera,43.1,Rough,Rough,40.1433,0.3765897435897435,TRUE,2019-08/2021-06
Royal National Park,Harriet,151.0448,-34.175,E_sieberi,Eucalyptus sieberi,18.5,Rough,Rough,26.11,0.24910259460229595,TRUE,2019-08/2021-06
Royal National Park,Harriet,151.0448,-34.175,E_sieberi,Eucalyptus sieberi,20.3,Rough,Rough,27.16,0.17509506921253803,TRUE,2019-08/2021-06
Royal National Park,Harriet,151.0448,-34.175,E_sieberi,Eucalyptus sieberi,22.9,Rough,Rough,31.26,0.24619708267176832,TRUE,2019-08/2021-06
Royal National Park,Harriet,151.0448,-34.175,E_sieberi,Eucalyptus sieberi,23.9,Rough,Rough,29.66,0.40279982794051683,TRUE,2019-08/2021-06
Royal National Park,Harriet,151.0448,-34.175,E_sieberi,Eucalyptus sieberi,29.5,Rough,Rough,27.16,0.4040827861742021,TRUE,2019-08/2021-06
Royal National Park,Harriet,151.0448,-34.175,E_sieberi,Eucalyptus sieberi,32.8,Rough,Rough,32.3433,0.31703506126434045,TRUE,2019-08/2021-06
Royal National Park,Harriet,151.0448,-34.175,E_sieberi,Eucalyptus sieberi,43.8,Rough,Rough,37.5433,0.20187185900586657,TRUE,2019-08/2021-06
Royal National Park,Harriet,151.0448,-34.175,E_sieberi,Eucalyptus sieberi,49.8,Rough,Rough,29.3433,0.27825430270983803,TRUE,2019-08/2021-06
Royal National Park,Harriet,151.0448,-34.175,E_sieberi,Eucalyptus sieberi,59.6,Rough,Rough,40.9767,0.3342408118539353,TRUE,2019-08/2021-06
Royal National Park,Harriet,151.0448,-34.175,E_sieberi,Eucalyptus sieberi,83.5,Rough,Rough,48.2767,0.21829681630193912,TRUE,2019-08/2021-06
Tank Trail,Harriet,152.150556,-32.745833,A_costata,Angophora costata,11.9,Smooth,Smooth,21.26,0.3178947368421053,TRUE,2019-08/2021-06
Tank Trail,Harriet,152.150556,-32.745833,A_costata,Angophora costata,16,Smooth,Smooth,17.46,0.668235294117647,TRUE,2019-08/2021-06
Tank Trail,Harriet,152.150556,-32.745833,A_costata,Angophora costata,16.4,Smooth,,22.61,,TRUE,2019-08/2021-06
Tank Trail,Harriet,152.150556,-32.745833,A_costata,Angophora costata,17.2,Smooth,Smooth,18.71,0.3244444444444445,TRUE,2019-08/2021-06
Tank Trail,Harriet,152.150556,-32.745833,A_costata,Angophora costata,19.2,Smooth,Smooth,20.36,0.2777777777777778,TRUE,2019-08/2021-06
Tank Trail,Harriet,152.150556,-32.745833,A_costata,Angophora costata,23.4,Smooth,Smooth,24.86,0.36503703703703705,TRUE,2019-08/2021-06
Tank Trail,Harriet,152.150556,-32.745833,A_costata,Angophora costata,23.7,Smooth,Smooth,25.81,0.3575555555555555,TRUE,2019-08/2021-06
Tank Trail,Harriet,152.150556,-32.745833,A_costata,Angophora costata,27.9,Smooth,Smooth,25.6433,0.31742857142857145,TRUE,2019-08/2021-06
Tank Trail,Harriet,152.150556,-32.745833,A_costata,Angophora costata,37.4,Smooth,Smooth,25.8433,0.3531927710843374,TRUE,2019-08/2021-06
Tank Trail,Harriet,152.150556,-32.745833,A_costata,Angophora costata,38.6,Smooth,Smooth,23.61,0.3646875,TRUE,2019-08/2021-06
Tank Trail,Harriet,152.150556,-32.745833,C_gummifera,Corymbia gummifera,11.2,Rough,Rough,31.46,0.17067708333333334,TRUE,2019-08/2021-06
Tank Trail,Harriet,152.150556,-32.745833,C_gummifera,Corymbia gummifera,12.2,Rough,Rough,27.16,0.13891891891891892,TRUE,2019-08/2021-06
Tank Trail,Harriet,152.150556,-32.745833,C_gummifera,Corymbia gummifera,15.6,Rough,Rough,40.46,0.15630901287553647,TRUE,2019-08/2021-06
Tank Trail,Harriet,152.150556,-32.745833,C_gummifera,Corymbia gummifera,22.2,Rough,Rough,39.16,0.1952132701421801,TRUE,2019-08/2021-06
Tank Trail,Harriet,152.150556,-32.745833,C_gummifera,Corymbia gummifera,23.2,Rough,Rough,37.56,0.2159336099585062,TRUE,2019-08/2021-06
Tank Trail,Harriet,152.150556,-32.745833,C_gummifera,Corymbia gummifera,25.2,Rough,Rough,42.61,0.15472573839662448,TRUE,2019-08/2021-06
Tank Trail,Harriet,152.150556,-32.745833,C_gummifera,Corymbia gummifera,29.1,Rough,Rough,44.56,0.19494845360824742,TRUE,2019-08/2021-06
Tank Trail,Harriet,152.150556,-32.745833,C_gummifera,Corymbia gummifera,30,Rough,Rough,41.91,0.24927797833935017,TRUE,2019-08/2021-06
Tank Trail,Harriet,152.150556,-32.745833,C_gummifera,Corymbia gummifera,34.3,Rough,Rough,48.9433,0.1591774891774892,TRUE,2019-08/2021-06
Tank Trail,Harriet,152.150556,-32.745833,C_gummifera,Corymbia gummifera,35.7,Rough,Rough,48.3767,0.23361581920903954,TRUE,2019-08/2021-06
Tank Trail,Harriet,152.150556,-32.745833,E_pilularis,Eucalyptus pilularis,20.1,Stocking,Smooth,35.66,0.2781294964028777,TRUE,2019-08/2021-06
Tank Trail,Harriet,152.150556,-32.745833,E_pilularis,Eucalyptus pilularis,21.7,Stocking,Smooth,33.41,0.3308379888268156,TRUE,2019-08/2021-06
Tank Trail,Harriet,152.150556,-32.745833,E_pilularis,Eucalyptus pilularis,36.6,Stocking,Smooth,46.8767,0.2983139534883721,TRUE,2019-08/2021-06
Tank Trail,Harriet,152.150556,-32.745833,E_pilularis,Eucalyptus pilularis,44.4,Stocking,Smooth,47.5433,0.33808424362793776,TRUE,2019-08/2021-06
Tank Trail,Harriet,152.150556,-32.745833,E_pilularis,Eucalyptus pilularis,45.6,Stocking,,44.3767,,TRUE,2019-08/2021-06
Tank Trail,Harriet,152.150556,-32.745833,E_pilularis,Eucalyptus pilularis,49.4,Stocking,Smooth,45.0433,0.2931864623243934,TRUE,2019-08/2021-06
Tank Trail,Harriet,152.150556,-32.745833,E_pilularis,Eucalyptus pilularis,50,Stocking,Smooth,50.9433,0.2975645780051151,TRUE,2019-08/2021-06
Tank Trail,Harriet,152.150556,-32.745833,E_pilularis,Eucalyptus pilularis,68.6,Stocking,Smooth,52.1767,0.34470922619047617,TRUE,2019-08/2021-06
Tank Trail,Harriet,152.150556,-32.745833,E_pilularis,Eucalyptus pilularis,82.2,Stocking,Smooth,47.2767,0.298190393085681,TRUE,2019-08/2021-06
Tank Trail,Harriet,152.150556,-32.745833,E_pilularis,Eucalyptus pilularis,145.5,Stocking,Smooth,57.61,0.3134093701996927,TRUE,2019-08/2021-06
Big Rocky Trail,Harriet,152.138611,-32.761944,A_costata,Angophora costata,15.8,Smooth,Smooth,25.16,0.331044776119403,TRUE,2019-08/2021-06
Big Rocky Trail,Harriet,152.138611,-32.761944,A_costata,Angophora costata,16,Smooth,Smooth,24.81,0.3052459016393443,TRUE,2019-08/2021-06
Big Rocky Trail,Harriet,152.138611,-32.761944,A_costata,Angophora costata,16.7,Smooth,Smooth,26.81,0.37666666666666665,TRUE,2019-08/2021-06
Big Rocky Trail,Harriet,152.138611,-32.761944,A_costata,Angophora costata,18.3,Smooth,Smooth,26.21,0.30230769230769233,TRUE,2019-08/2021-06
Big Rocky Trail,Harriet,152.138611,-32.761944,A_costata,Angophora costata,21,Smooth,Smooth,27.16,0.3516666666666667,TRUE,2019-08/2021-06
Big Rocky Trail,Harriet,152.138611,-32.761944,A_costata,Angophora costata,25.6,Smooth,Smooth,23.31,0.30542372881355934,TRUE,2019-08/2021-06
Big Rocky Trail,Harriet,152.138611,-32.761944,A_costata,Angophora costata,30.4,Smooth,Smooth,31.2433,0.26016666666666666,TRUE,2019-08/2021-06
Big Rocky Trail,Harriet,152.138611,-32.761944,A_costata,Angophora costata,30.7,Smooth,Smooth,28.9433,0.33,TRUE,2019-08/2021-06
Big Rocky Trail,Harriet,152.138611,-32.761944,A_costata,Angophora costata,31.6,Smooth,Smooth,32.3767,0.3157627118644068,TRUE,2019-08/2021-06
Big Rocky Trail,Harriet,152.138611,-32.761944,A_costata,Angophora costata,33.9,Smooth,Smooth,27.61,0.3151851851851851,TRUE,2019-08/2021-06
Big Rocky Trail,Harriet,152.138611,-32.761944,A_costata,Angophora costata,60.4,Smooth,Smooth,30.0767,0.3223762376237624,TRUE,2019-08/2021-06
Big Rocky Trail,Harriet,152.138611,-32.761944,C_gummifera,Corymbia gummifera,10,Rough,Rough,16.36,0.6436363636363637,TRUE,2019-08/2021-06
Boundary Firetrail - 1,Harriet,149.914444,-35.640833,E_radiata,Eucalyptus radiata,25,Rough,Rough,12.66,0.36824324324324326,TRUE,2019-08/2021-06
Boundary Firetrail - 1,Harriet,149.914444,-35.640833,E_radiata,Eucalyptus radiata,30.1,Rough,Rough,27.6433,0.3596031746031746,TRUE,2019-08/2021-06
Boundary Firetrail - 1,Harriet,149.914444,-35.640833,E_radiata,Eucalyptus radiata,32.3,Rough,Rough,27.4767,0.4322115384615385,TRUE,2019-08/2021-06
Boundary Firetrail - 1,Harriet,149.914444,-35.640833,E_radiata,Eucalyptus radiata,33.5,Rough,Rough,22.3767,0.38071428571428567,TRUE,2019-08/2021-06
Boundary Firetrail - 1,Harriet,149.914444,-35.640833,E_radiata,Eucalyptus radiata,38.9,Rough,Rough,25.3767,0.43907216494845364,TRUE,2019-08/2021-06
Boundary Firetrail - 1,Harriet,149.914444,-35.640833,E_sieberi,Eucalyptus sieberi,22.7,Rough,Rough,36.41,0.7845098039215687,TRUE,2019-08/2021-06
Boundary Firetrail - 1,Harriet,149.914444,-35.640833,E_sieberi,Eucalyptus sieberi,28.3,Rough,Rough,41.56,0.48448275862068974,TRUE,2019-08/2021-06
Boundary Firetrail - 1,Harriet,149.914444,-35.640833,E_sieberi,Eucalyptus sieberi,32.1,Rough,Rough,40.51,0.6199616858237549,TRUE,2019-08/2021-06
Boundary Firetrail - 1,Harriet,149.914444,-35.640833,E_sieberi,Eucalyptus sieberi,37.1,Rough,Rough,47.1433,0.6575,TRUE,2019-08/2021-06
Boundary Firetrail - 1,Harriet,149.914444,-35.640833,E_sieberi,Eucalyptus sieberi,48.1,Rough,Rough,47.91,0.717121212121212,TRUE,2019-08/2021-06
Boundary Firetrail - 1,Harriet,149.914444,-35.640833,E_sieberi,Eucalyptus sieberi,59.2,Rough,Rough,33.7767,0.19019607843137254,TRUE,2019-08/2021-06
Boundary Firetrail - 1,Harriet,149.914444,-35.640833,E_sieberi,Eucalyptus sieberi,62.3,Rough,Rough,51.0767,0.814040468778612,TRUE,2019-08/2021-06
Boundary Firetrail - 1,Harriet,149.914444,-35.640833,E_sieberi,Eucalyptus sieberi,71.7,Rough,Rough,49.5433,0.7216216216216216,TRUE,2019-08/2021-06
Boundary Firetrail - 1,Harriet,149.914444,-35.640833,E_sieberi,Eucalyptus sieberi,79.5,Rough,Rough,57.61,0.6815423051299134,TRUE,2019-08/2021-06
Boundary Firetrail - 1,Harriet,149.914444,-35.640833,E_sieberi,Eucalyptus sieberi,83.4,Rough,Rough,56.1767,0.6867003052917232,TRUE,2019-08/2021-06
Boundary Firetrail - 2,Harriet,149.914722,-35.657778,E_fraxinoides,Eucalyptus fraxinoides,16.3,Stocking,Smooth,46.3433,0.5175903614457832,TRUE,2019-08/2021-06
Boundary Firetrail - 2,Harriet,149.914722,-35.657778,E_fraxinoides,Eucalyptus fraxinoides,26.1,Stocking,Smooth,50.6433,0.6359090909090909,TRUE,2019-08/2021-06
Boundary Firetrail - 2,Harriet,149.914722,-35.657778,E_fraxinoides,Eucalyptus fraxinoides,29.6,Stocking,Smooth,56.7433,0.5982978723404255,TRUE,2019-08/2021-06
Boundary Firetrail - 2,Harriet,149.914722,-35.657778,E_fraxinoides,Eucalyptus fraxinoides,39.6,Stocking,Smooth,50.5767,0.5465367383512545,TRUE,2019-08/2021-06
Boundary Firetrail - 2,Harriet,149.914722,-35.657778,E_fraxinoides,Eucalyptus fraxinoides,48.8,Stocking,Smooth,49.9433,0.47850241545893724,TRUE,2019-08/2021-06
Boundary Firetrail - 2,Harriet,149.914722,-35.657778,E_fraxinoides,Eucalyptus fraxinoides,70.2,Stocking,Smooth,58.61,0.30675670461122906,TRUE,2019-08/2021-06
Boundary Firetrail - 2,Harriet,149.914722,-35.657778,E_fraxinoides,Eucalyptus fraxinoides,72.7,Stocking,Smooth,56.7767,0.5888238082340196,TRUE,2019-08/2021-06
Boundary Firetrail - 2,Harriet,149.914722,-35.657778,E_fraxinoides,Eucalyptus fraxinoides,89.5,Stocking,Smooth,60.8767,0.5380550193050193,TRUE,2019-08/2021-06
Boundary Firetrail - 2,Harriet,149.914722,-35.657778,E_fraxinoides,Eucalyptus fraxinoides,97.4,Stocking,Smooth,55.81,0.6328743842364533,TRUE,2019-08/2021-06
Boundary Firetrail - 2,Harriet,149.914722,-35.657778,E_fraxinoides,Eucalyptus fraxinoides,112.4,Stocking,Smooth,63.7433,0.5762863314466957,TRUE,2019-08/2021-06
Boundary Firetrail - 2,Harriet,149.914722,-35.657778,E_viminalis,Eucalyptus viminalis,37.9,Stocking,Smooth,38.3767,0.3642671009771987,TRUE,2019-08/2021-06
Boundary Firetrail - 2,Harriet,149.914722,-35.657778,E_viminalis,Eucalyptus viminalis,39.2,Stocking,Smooth,37.61,0.3585239852398524,TRUE,2019-08/2021-06
Boundary Firetrail - 2,Harriet,149.914722,-35.657778,E_viminalis,Eucalyptus viminalis,42,Stocking,Smooth,40.8433,0.36461382544645227,TRUE,2019-08/2021-06
Boundary Firetrail - 2,Harriet,149.914722,-35.657778,E_viminalis,Eucalyptus viminalis,56.4,Stocking,Smooth,42.4433,0.24174603174603174,TRUE,2019-08/2021-06
Boundary Firetrail - 2,Harriet,149.914722,-35.657778,E_viminalis,Eucalyptus viminalis,57.3,Stocking,Smooth,44.3433,0.3717200246267508,TRUE,2019-08/2021-06
Boundary Firetrail - 2,Harriet,149.914722,-35.657778,E_viminalis,Eucalyptus viminalis,60,Stocking,Smooth,42.5767,0.35871884057971015,TRUE,2019-08/2021-06
Boundary Firetrail - 2,Harriet,149.914722,-35.657778,E_viminalis,Eucalyptus viminalis,65.2,Stocking,Smooth,42.9433,0.40356899082568803,TRUE,2019-08/2021-06
Boundary Firetrail - 2,Harriet,149.914722,-35.657778,E_viminalis,Eucalyptus viminalis,67.9,Stocking,Smooth,46.6433,0.3621743890171016,TRUE,2019-08/2021-06
Boundary Firetrail - 2,Harriet,149.914722,-35.657778,E_viminalis,Eucalyptus viminalis,73.7,Stocking,Smooth,40.7767,0.43983838155515365,TRUE,2019-08/2021-06
Boundary Firetrail - 2,Harriet,149.914722,-35.657778,E_viminalis,Eucalyptus viminalis,86.1,Stocking,Smooth,56.2767,0.30266630996968075,TRUE,2019-08/2021-06
Boundary Firetrail - 3,Harriet,149.9125,-35.668056,E_fraxinoides,Eucalyptus fraxinoides,65.5,Stocking,Smooth,45.0767,0.6224583333333333,TRUE,2019-08/2021-06
Boundary Firetrail - 3,Harriet,149.9125,-35.668056,E_sieberi,Eucalyptus sieberi,24.1,Rough,Rough,38.41,0.6725,TRUE,2019-08/2021-06
Boundary Firetrail - 3,Harriet,149.9125,-35.668056,E_sieberi,Eucalyptus sieberi,24.2,Rough,Rough,35.31,0.5650000000000001,TRUE,2019-08/2021-06
Boundary Firetrail - 3,Harriet,149.9125,-35.668056,E_sieberi,Eucalyptus sieberi,25.9,Rough,Rough,40.21,0.6688888888888889,TRUE,2019-08/2021-06
Boundary Firetrail - 3,Harriet,149.9125,-35.668056,E_sieberi,Eucalyptus sieberi,26.5,Rough,Rough,35.11,0.5738547486033518,TRUE,2019-08/2021-06
Boundary Firetrail - 3,Harriet,149.9125,-35.668056,E_sieberi,Eucalyptus sieberi,38.2,Rough,Rough,32.2767,0.23382978723404257,TRUE,2019-08/2021-06
Boundary Firetrail - 3,Harriet,149.9125,-35.668056,E_sieberi,Eucalyptus sieberi,41.6,Rough,,44.01,,TRUE,2019-08/2021-06
Boundary Firetrail - 3,Harriet,149.9125,-35.668056,E_sieberi,Eucalyptus sieberi,42.3,Rough,Rough,53.7767,0.5029024736415247,TRUE,2019-08/2021-06
Boundary Firetrail - 3,Harriet,149.9125,-35.668056,E_sieberi,Eucalyptus sieberi,43.1,Rough,Rough,45.2767,0.6458947772657451,TRUE,2019-08/2021-06
Boundary Firetrail - 3,Harriet,149.9125,-35.668056,E_sieberi,Eucalyptus sieberi,45.4,Rough,Rough,39.2767,0.6267234848484848,TRUE,2019-08/2021-06
Boundary Firetrail - 3,Harriet,149.9125,-35.668056,E_sieberi,Eucalyptus sieberi,45.5,Rough,Rough,38.9433,0.5973832432432432,TRUE,2019-08/2021-06
Budderoo National Park - 2,Harriet,150.696367,-34.655683,E_cypellocarpa,Eucalyptus cypellocarpa,10.9,Stocking,Smooth,23.96,0.04584425388335609,TRUE,2019-08/2021-06
Budderoo National Park - 2,Harriet,150.696367,-34.655683,E_cypellocarpa,Eucalyptus cypellocarpa,12.2,Stocking,Smooth,25.46,0.2363118832753189,TRUE,2019-08/2021-06
Budderoo National Park - 2,Harriet,150.696367,-34.655683,E_cypellocarpa,Eucalyptus cypellocarpa,19.1,Stocking,Smooth,31.81,0.11359839299220216,TRUE,2019-08/2021-06
Budderoo National Park - 2,Harriet,150.696367,-34.655683,E_cypellocarpa,Eucalyptus cypellocarpa,21.1,Stocking,Smooth,35.36,0.17186683983803708,TRUE,2019-08/2021-06
Budderoo National Park - 2,Harriet,150.696367,-34.655683,E_cypellocarpa,Eucalyptus cypellocarpa,28.1,Stocking,Smooth,31.06,0.17451318271012584,TRUE,2019-08/2021-06
Budderoo National Park - 2,Harriet,150.696367,-34.655683,E_cypellocarpa,Eucalyptus cypellocarpa,34,Stocking,Smooth,37.01,0.13107605992369387,TRUE,2019-08/2021-06
Budderoo National Park - 2,Harriet,150.696367,-34.655683,E_cypellocarpa,Eucalyptus cypellocarpa,34.2,Stocking,Smooth,39.01,0.4403505996096433,TRUE,2019-08/2021-06
Budderoo National Park - 2,Harriet,150.696367,-34.655683,E_cypellocarpa,Eucalyptus cypellocarpa,36.4,Stocking,Smooth,44.9433,0.22472614614355568,TRUE,2019-08/2021-06
Budderoo National Park - 2,Harriet,150.696367,-34.655683,E_cypellocarpa,Eucalyptus cypellocarpa,38.2,Stocking,Smooth,38.51,0.11919759872992937,TRUE,2019-08/2021-06
Budderoo National Park - 2,Harriet,150.696367,-34.655683,E_cypellocarpa,Eucalyptus cypellocarpa,41.1,Stocking,Smooth,44.9767,0.1298221365855708,TRUE,2019-08/2021-06
Budderoo National Park - 3,Harriet,150.695183,-34.656967,E_obliqua,Eucalyptus obliqua,11.6,Stringy,Stringy,24.41,0.30624527096512727,TRUE,2019-08/2021-06
Budderoo National Park - 3,Harriet,150.695183,-34.656967,E_obliqua,Eucalyptus obliqua,14.2,Stringy,Stringy,26.01,0.0640080205981167,TRUE,2019-08/2021-06
Budderoo National Park - 3,Harriet,150.695183,-34.656967,E_obliqua,Eucalyptus obliqua,21.2,Stringy,Stringy,28.91,0.4760090139416905,TRUE,2019-08/2021-06
Budderoo National Park - 3,Harriet,150.695183,-34.656967,E_obliqua,Eucalyptus obliqua,24.8,Stringy,Stringy,34.31,0.169964800458276,TRUE,2019-08/2021-06
Budderoo National Park - 3,Harriet,150.695183,-34.656967,E_obliqua,Eucalyptus obliqua,27.1,Stringy,Stringy,38.96,0.07532224866809165,TRUE,2019-08/2021-06
Budderoo National Park - 3,Harriet,150.695183,-34.656967,E_obliqua,Eucalyptus obliqua,33.4,Stringy,Stringy,40.3433,0.13533933558830616,TRUE,2019-08/2021-06
Budderoo National Park - 3,Harriet,150.695183,-34.656967,E_obliqua,Eucalyptus obliqua,37.6,Stringy,Stringy,32.31,0.05025736340188462,TRUE,2019-08/2021-06
Budderoo National Park - 3,Harriet,150.695183,-34.656967,E_obliqua,Eucalyptus obliqua,38.6,Stringy,Stringy,36.41,0.07258509535826432,TRUE,2019-08/2021-06
Budderoo National Park - 3,Harriet,150.695183,-34.656967,E_obliqua,Eucalyptus obliqua,43,Stringy,Stringy,34.11,0.03574294883187009,TRUE,2019-08/2021-06
Budderoo National Park - 3,Harriet,150.695183,-34.656967,E_obliqua,Eucalyptus obliqua,51.4,Stringy,Stringy,38.0767,0.06843029640171162,TRUE,2019-08/2021-06
GGDSFL5,Eli,150.609074405,-32.555961785,E. euge,Eucalyptus eugenioides,12.8,Stringy,,10.95,,TRUE,2018-02/2018-07
GGDSFL5,Eli,150.609074405,-32.555961785,E. euge,Eucalyptus eugenioides,15.2,Stringy,,8,,TRUE,2018-02/2018-07
GGDSFL5,Eli,150.609074405,-32.555961785,E. euge,Eucalyptus eugenioides,15.2,Stringy,,13,,TRUE,2018-02/2018-07
GGDSFL5,Eli,150.609074405,-32.555961785,E. euge,Eucalyptus eugenioides,20.1,Stringy,,16,,TRUE,2018-02/2018-07
GGDSFL5,Eli,150.609074405,-32.555961785,E. euge,Eucalyptus eugenioides,21.6,Stringy,,21,,TRUE,2018-02/2018-07
GGDSFL5,Eli,150.609074405,-32.555961785,E. euge,Eucalyptus eugenioides,22.1,Stringy,,15.5,,TRUE,2018-02/2018-07
GGDSFL5,Eli,150.609074405,-32.555961785,E. euge,Eucalyptus eugenioides,22.7,Stringy,,15.5,,TRUE,2018-02/2018-07
GGDSFL5,Eli,150.609074405,-32.555961785,E. euge,Eucalyptus eugenioides,26.5,Stringy,,21.5,,TRUE,2018-02/2018-07
GGDSFL5,Eli,150.609074405,-32.555961785,E. euge,Eucalyptus eugenioides,39.5,Stringy,,18,,TRUE,2018-02/2018-07
GGDSFL5,Eli,150.609074405,-32.555961785,E. euge,Eucalyptus eugenioides,40.1,Stringy,,21,,TRUE,2018-02/2018-07
GGDSFL5,Eli,150.609074405,-32.555961785,E. euge,Eucalyptus eugenioides,40.5,Stringy,,17.5,,TRUE,2018-02/2018-07
GGDSFL5,Eli,150.609074405,-32.555961785,E. euge,Eucalyptus eugenioides,58.4,Stringy,,16,,TRUE,2018-02/2018-07
GGDSFL5,Eli,150.609074405,-32.555961785,E. euge,Eucalyptus eugenioides,59.2,Stringy,,23,,TRUE,2018-02/2018-07
GGDSFL5,Eli,150.609074405,-32.555961785,E. nubi,Eucalyptus nubilis,29.1,Ironbark,,32.5,,TRUE,2018-02/2018-07
GGDSFL5,Eli,150.609074405,-32.555961785,E. nubi,Eucalyptus nubilis,37.6,Ironbark,,35,,TRUE,2018-02/2018-07
GGDSFL5,Eli,150.609074405,-32.555961785,E. punc,Eucalyptus punctata,16.1,Smooth,,9,,TRUE,2018-02/2018-07
GGDSFL5,Eli,150.609074405,-32.555961785,E. punc,Eucalyptus punctata,32.8,Smooth,,14,,TRUE,2018-02/2018-07
GGDSFL5,Eli,150.609074405,-32.555961785,E. punc,Eucalyptus punctata,46.7,Smooth,,10.95,,TRUE,2018-02/2018-07
GGDSFL5,Eli,150.609074405,-32.555961785,E. punc,Eucalyptus punctata,47.7,Smooth,,7.95,,TRUE,2018-02/2018-07
GGDSFL5,Eli,150.609074405,-32.555961785,E. punc,Eucalyptus punctata,50.2,Smooth,,12.95,,TRUE,2018-02/2018-07
GGWSFL4,Eli,150.626603894,-32.551397495,E. canic,Eucalyptus canaliculata,33.5,Smooth,,10.95,,TRUE,2018-02/2018-07
GGWSFL4,Eli,150.626603894,-32.551397495,E. canic,Eucalyptus canaliculata,46,Smooth,,13.5,,TRUE,2018-02/2018-07
GGWSFL4,Eli,150.626603894,-32.551397495,E. canic,Eucalyptus canaliculata,67.6,Smooth,,15.5,,TRUE,2018-02/2018-07
GGWSFL4,Eli,150.626603894,-32.551397495,E. canic,Eucalyptus canaliculata,71.5,Smooth,,18,,TRUE,2018-02/2018-07
GGWSFL4,Eli,150.626603894,-32.551397495,E. canic,Eucalyptus canaliculata,84.5,Smooth,,0.1,,TRUE,2018-02/2018-07
GGWSFL4,Eli,150.626603894,-32.551397495,E. canic,Eucalyptus canaliculata,97,Smooth,,28.5,,TRUE,2018-02/2018-07
GGWSFL4,Eli,150.626603894,-32.551397495,E. canic,Eucalyptus canaliculata,104,Smooth,,15,,TRUE,2018-02/2018-07
GGWSFL4,Eli,150.626603894,-32.551397495,E. canic,Eucalyptus canaliculata,109.6,Smooth,,11.95,,TRUE,2018-02/2018-07
GGWSFL4,Eli,150.626603894,-32.551397495,E. euge,Eucalyptus eugenioides,14.7,Stringy,,14.45,,TRUE,2018-02/2018-07
GGWSFL4,Eli,150.626603894,-32.551397495,E. euge,Eucalyptus eugenioides,21.4,Stringy,,10.45,,TRUE,2018-02/2018-07
GGWSFL4,Eli,150.626603894,-32.551397495,E. euge,Eucalyptus eugenioides,60.4,Stringy,,47.5,,TRUE,2018-02/2018-07
GGWSFL4,Eli,150.626603894,-32.551397495,E. euge,Eucalyptus eugenioides,66.9,Stringy,,31.5,,TRUE,2018-02/2018-07
GGWSFL4,Eli,150.626603894,-32.551397495,E. mollu,Eucalyptus moluccana,24.6,Rough,,10.45,,TRUE,2018-02/2018-07
Golf Club E Trail,Harriet,152.158611,-32.728611,A_costata,Angophora costata,14,Smooth,Smooth,22.06,0.3318421052631579,TRUE,2019-08/2021-06
Golf Club E Trail,Harriet,152.158611,-32.728611,A_costata,Angophora costata,25.4,Smooth,Smooth,23.46,0.3787142857142857,TRUE,2019-08/2021-06
Golf Club E Trail,Harriet,152.158611,-32.728611,A_costata,Angophora costata,25.7,Smooth,Smooth,25.86,0.29750000000000004,TRUE,2019-08/2021-06
Golf Club E Trail,Harriet,152.158611,-32.728611,A_costata,Angophora costata,36.8,Smooth,Smooth,27.6767,0.3252564102564102,TRUE,2019-08/2021-06
Golf Club E Trail,Harriet,152.158611,-32.728611,A_costata,Angophora costata,37.7,Smooth,Smooth,19.91,0.3526666666666667,TRUE,2019-08/2021-06
Golf Club E Trail,Harriet,152.158611,-32.728611,A_costata,Angophora costata,46.8,Smooth,Smooth,31.4433,0.3580654761904762,TRUE,2019-08/2021-06
Golf Club E Trail,Harriet,152.158611,-32.728611,A_costata,Angophora costata,47.4,Smooth,Smooth,29.7433,0.35034513805522205,TRUE,2019-08/2021-06
Golf Club E Trail,Harriet,152.158611,-32.728611,A_costata,Angophora costata,49.3,Smooth,Smooth,30.5767,0.2236470588235294,TRUE,2019-08/2021-06
Golf Club E Trail,Harriet,152.158611,-32.728611,A_costata,Angophora costata,57.1,Smooth,Smooth,27.0433,0.29973553286200577,TRUE,2019-08/2021-06
Golf Club E Trail,Harriet,152.158611,-32.728611,A_costata,Angophora costata,73.4,Smooth,Smooth,27.2433,0.3543309294871795,TRUE,2019-08/2021-06
Golf Club E Trail,Harriet,152.158611,-32.728611,C_gummifera,Corymbia gummifera,10.8,Rough,Rough,20.46,0.3285,TRUE,2019-08/2021-06
Golf Club E Trail,Harriet,152.158611,-32.728611,C_gummifera,Corymbia gummifera,13.4,Rough,Rough,20.96,0.39913580246913577,TRUE,2019-08/2021-06
Golf Club E Trail,Harriet,152.158611,-32.728611,C_gummifera,Corymbia gummifera,13.9,Rough,Rough,33.06,0.34783333333333333,TRUE,2019-08/2021-06
Golf Club E Trail,Harriet,152.158611,-32.728611,C_gummifera,Corymbia gummifera,14.2,Rough,Rough,23.11,0.37447761194029855,TRUE,2019-08/2021-06
Golf Club E Trail,Harriet,152.158611,-32.728611,C_gummifera,Corymbia gummifera,14.4,Rough,Rough,25.81,0.34644171779141103,TRUE,2019-08/2021-06
Golf Club E Trail,Harriet,152.158611,-32.728611,C_gummifera,Corymbia gummifera,26.6,Rough,Rough,46.96,0.3221290322580645,TRUE,2019-08/2021-06
Golf Club E Trail,Harriet,152.158611,-32.728611,C_gummifera,Corymbia gummifera,34.1,Rough,Rough,45.1433,0.2806756756756757,TRUE,2019-08/2021-06
Golf Club E Trail,Harriet,152.158611,-32.728611,C_gummifera,Corymbia gummifera,37.7,Rough,Rough,53.4767,0.33776470588235297,TRUE,2019-08/2021-06
Golf Club E Trail,Harriet,152.158611,-32.728611,C_gummifera,Corymbia gummifera,51.4,Rough,Rough,46.8767,0.3374473366429626,TRUE,2019-08/2021-06
Golf Club E Trail,Harriet,152.158611,-32.728611,C_gummifera,Corymbia gummifera,53.5,Rough,Rough,50.9433,0.25845247747747746,TRUE,2019-08/2021-06
Golf Club E Trail,Harriet,152.158611,-32.728611,E_umbra,Eucalyptus umbra,33.3,Stringy,Stringy,29.2767,0.3326356589147287,TRUE,2019-08/2021-06
Golf Club E Trail,Harriet,152.158611,-32.728611,E_umbra,Eucalyptus umbra,33.7,Stringy,Stringy,36.4767,0.2811926605504587,TRUE,2019-08/2021-06
Golf Club E Trail,Harriet,152.158611,-32.728611,E_umbra,Eucalyptus umbra,33.9,Stringy,Stringy,31.5433,0.14258426966292137,TRUE,2019-08/2021-06
Golf Club E Trail,Harriet,152.158611,-32.728611,E_umbra,Eucalyptus umbra,35.8,Stringy,Stringy,35.31,0.1742207792207792,TRUE,2019-08/2021-06
Golf Club E Trail,Harriet,152.158611,-32.728611,E_umbra,Eucalyptus umbra,37.8,Stringy,Stringy,49.41,0.30885135135135133,TRUE,2019-08/2021-06
Golf Club E Trail,Harriet,152.158611,-32.728611,E_umbra,Eucalyptus umbra,53.9,Stringy,Stringy,49.4433,0.236211363522139,TRUE,2019-08/2021-06
Golf Club E Trail,Harriet,152.158611,-32.728611,E_umbra,Eucalyptus umbra,55.9,Stringy,Stringy,36.6767,0.1531462765957447,TRUE,2019-08/2021-06
Golf Club E Trail,Harriet,152.158611,-32.728611,E_umbra,Eucalyptus umbra,63.2,Stringy,Stringy,32.8767,0.25506756756756754,TRUE,2019-08/2021-06
Golf Club E Trail,Harriet,152.158611,-32.728611,E_umbra,Eucalyptus umbra,70.8,Stringy,Stringy,38.41,0.3494291735385743,TRUE,2019-08/2021-06
Golf Club E Trail,Harriet,152.158611,-32.728611,E_umbra,Eucalyptus umbra,74.6,Stringy,Stringy,34.31,0.350829060982191,TRUE,2019-08/2021-06
Ku-Ring-Gai Chase Road - 1,Harriet,151.137778,-33.675,A_costata,Angophora costata,19.9,Smooth,Smooth,29.41,0.315,TRUE,2019-08/2021-06
Ku-Ring-Gai Chase Road - 1,Harriet,151.137778,-33.675,A_costata,Angophora costata,27.6,Smooth,Smooth,32.51,0.40816326530612246,TRUE,2019-08/2021-06
Ku-Ring-Gai Chase Road - 1,Harriet,151.137778,-33.675,A_costata,Angophora costata,34.6,Smooth,Smooth,29.01,0.3933333333333333,TRUE,2019-08/2021-06
Ku-Ring-Gai Chase Road - 1,Harriet,151.137778,-33.675,A_costata,Angophora costata,35.3,Smooth,Smooth,24.4767,0.44753623188405806,TRUE,2019-08/2021-06
Ku-Ring-Gai Chase Road - 1,Harriet,151.137778,-33.675,A_costata,Angophora costata,36.8,Smooth,Smooth,31.51,0.49818181818181817,TRUE,2019-08/2021-06
Ku-Ring-Gai Chase Road - 1,Harriet,151.137778,-33.675,A_costata,Angophora costata,40.5,Smooth,Smooth,25.2767,0.4937820512820513,TRUE,2019-08/2021-06
Ku-Ring-Gai Chase Road - 1,Harriet,151.137778,-33.675,A_costata,Angophora costata,41.5,Smooth,Smooth,31.1767,0.49657575757575756,TRUE,2019-08/2021-06
Ku-Ring-Gai Chase Road - 1,Harriet,151.137778,-33.675,A_costata,Angophora costata,62.1,Smooth,Smooth,32.01,0.40060606060606063,TRUE,2019-08/2021-06
Ku-Ring-Gai Chase Road - 1,Harriet,151.137778,-33.675,A_costata,Angophora costata,63.6,Smooth,Smooth,29.01,0.45235047846889953,TRUE,2019-08/2021-06
Ku-Ring-Gai Chase Road - 1,Harriet,151.137778,-33.675,A_costata,Angophora costata,85.1,Smooth,Smooth,29.2767,0.43524880779597763,TRUE,2019-08/2021-06
Ku-Ring-Gai Chase Road - 1,Harriet,151.137778,-33.675,C_gummifera,Corymbia gummifera,18.9,Rough,Rough,48.16,0.22006944444444446,TRUE,2019-08/2021-06
Ku-Ring-Gai Chase Road - 1,Harriet,151.137778,-33.675,C_gummifera,Corymbia gummifera,28.1,Rough,Rough,46.16,0.23605468749999997,TRUE,2019-08/2021-06
Ku-Ring-Gai Chase Road - 1,Harriet,151.137778,-33.675,C_gummifera,Corymbia gummifera,36.1,Rough,Rough,57.6433,0.36096491228070177,TRUE,2019-08/2021-06
Ku-Ring-Gai Chase Road - 1,Harriet,151.137778,-33.675,C_gummifera,Corymbia gummifera,39.8,Rough,,46.3433,,TRUE,2019-08/2021-06
Ku-Ring-Gai Chase Road - 1,Harriet,151.137778,-33.675,C_gummifera,Corymbia gummifera,41.3,Rough,Rough,40.91,0.30618371187141136,TRUE,2019-08/2021-06
Ku-Ring-Gai Chase Road - 1,Harriet,151.137778,-33.675,C_gummifera,Corymbia gummifera,44.3,Rough,Rough,42.1433,0.3109520469148966,TRUE,2019-08/2021-06
Ku-Ring-Gai Chase Road - 1,Harriet,151.137778,-33.675,C_gummifera,Corymbia gummifera,45.7,Rough,Rough,54.51,0.24397457095201286,TRUE,2019-08/2021-06
Ku-Ring-Gai Chase Road - 1,Harriet,151.137778,-33.675,C_gummifera,Corymbia gummifera,48.4,Rough,Rough,49.0433,0.43711242603550293,TRUE,2019-08/2021-06
Ku-Ring-Gai Chase Road - 1,Harriet,151.137778,-33.675,C_gummifera,Corymbia gummifera,50.7,Rough,Rough,47.9767,0.5126611603545528,TRUE,2019-08/2021-06
Ku-Ring-Gai Chase Road - 1,Harriet,151.137778,-33.675,C_gummifera,Corymbia gummifera,83.3,Rough,Rough,44.4433,0.28314740923906934,TRUE,2019-08/2021-06
Ku-Ring-Gai Chase Road - 1,Harriet,151.137778,-33.675,E_globoidea,Eucalyptus globoidea,16.5,Stringy,Stringy,32.56,0.7071875,TRUE,2019-08/2021-06
Ku-Ring-Gai Chase Road - 1,Harriet,151.137778,-33.675,E_globoidea,Eucalyptus globoidea,20.7,Stringy,Stringy,37.16,0.21548076923076923,TRUE,2019-08/2021-06
Ku-Ring-Gai Chase Road - 1,Harriet,151.137778,-33.675,E_globoidea,Eucalyptus globoidea,21,Stringy,Stringy,43.26,0.15106617647058823,TRUE,2019-08/2021-06
Ku-Ring-Gai Chase Road - 1,Harriet,151.137778,-33.675,E_globoidea,Eucalyptus globoidea,21.8,Stringy,Stringy,31.86,0.4026530612244898,TRUE,2019-08/2021-06
Ku-Ring-Gai Chase Road - 1,Harriet,151.137778,-33.675,E_globoidea,Eucalyptus globoidea,26.6,Stringy,Stringy,34.81,0.43303370786516854,TRUE,2019-08/2021-06
Ku-Ring-Gai Chase Road - 1,Harriet,151.137778,-33.675,E_globoidea,Eucalyptus globoidea,27.4,Stringy,Stringy,32.76,0.6239393939393939,TRUE,2019-08/2021-06
Ku-Ring-Gai Chase Road - 1,Harriet,151.137778,-33.675,E_globoidea,Eucalyptus globoidea,36.6,Stringy,Stringy,52.3767,0.22565656565656564,TRUE,2019-08/2021-06
Ku-Ring-Gai Chase Road - 1,Harriet,151.137778,-33.675,E_globoidea,Eucalyptus globoidea,37.9,Stringy,Stringy,43.71,0.3006206896551724,TRUE,2019-08/2021-06
Ku-Ring-Gai Chase Road - 1,Harriet,151.137778,-33.675,E_globoidea,Eucalyptus globoidea,43.1,Stringy,Stringy,25.6433,0.6908883248730966,TRUE,2019-08/2021-06
Ku-Ring-Gai Chase Road - 1,Harriet,151.137778,-33.675,E_globoidea,Eucalyptus globoidea,45.1,Stringy,Stringy,42.7767,0.59,TRUE,2019-08/2021-06
Ku-Ring-Gai Chase Road - 2,Harriet,151.148611,-33.666667,A_costata,Angophora costata,15.6,Smooth,Smooth,40.3767,0.36111111111111116,TRUE,2019-08/2021-06
Ku-Ring-Gai Chase Road - 2,Harriet,151.148611,-33.666667,A_costata,Angophora costata,15.9,Smooth,Smooth,43.31,0.39,TRUE,2019-08/2021-06
Ku-Ring-Gai Chase Road - 2,Harriet,151.148611,-33.666667,A_costata,Angophora costata,19.2,Smooth,Smooth,40.9433,0.33391304347826084,TRUE,2019-08/2021-06
Ku-Ring-Gai Chase Road - 2,Harriet,151.148611,-33.666667,A_costata,Angophora costata,25,Smooth,Smooth,46.2767,0.31625,TRUE,2019-08/2021-06
Ku-Ring-Gai Chase Road - 2,Harriet,151.148611,-33.666667,A_costata,Angophora costata,27.6,Smooth,Smooth,41.5767,0.4064,TRUE,2019-08/2021-06
Ku-Ring-Gai Chase Road - 2,Harriet,151.148611,-33.666667,A_costata,Angophora costata,32.4,Smooth,Smooth,30.1433,0.3488888888888889,TRUE,2019-08/2021-06
Ku-Ring-Gai Chase Road - 2,Harriet,151.148611,-33.666667,A_costata,Angophora costata,35.5,Smooth,Smooth,28.7433,0.3564,TRUE,2019-08/2021-06
Ku-Ring-Gai Chase Road - 2,Harriet,151.148611,-33.666667,A_costata,Angophora costata,39.3,Smooth,Smooth,30.81,0.3135,TRUE,2019-08/2021-06
Ku-Ring-Gai Chase Road - 2,Harriet,151.148611,-33.666667,A_costata,Angophora costata,39.7,Smooth,Smooth,30.61,0.3526666666666667,TRUE,2019-08/2021-06
Ku-Ring-Gai Chase Road - 2,Harriet,151.148611,-33.666667,A_costata,Angophora costata,81.6,Smooth,Smooth,23.91,0.36044721407624636,TRUE,2019-08/2021-06
Ku-Ring-Gai Chase Road - 2,Harriet,151.148611,-33.666667,C_gummifera,Corymbia gummifera,12.9,Rough,Rough,45.2433,0.18587301587301586,TRUE,2019-08/2021-06
Ku-Ring-Gai Chase Road - 2,Harriet,151.148611,-33.666667,C_gummifera,Corymbia gummifera,15.9,Rough,Rough,46.91,0.17945652173913043,TRUE,2019-08/2021-06
Ku-Ring-Gai Chase Road - 2,Harriet,151.148611,-33.666667,C_gummifera,Corymbia gummifera,18.5,Rough,Rough,53.2433,1.1030000000000002,TRUE,2019-08/2021-06
Ku-Ring-Gai Chase Road - 2,Harriet,151.148611,-33.666667,C_gummifera,Corymbia gummifera,26.2,Rough,Rough,35.9433,0.2518435754189944,TRUE,2019-08/2021-06
Ku-Ring-Gai Chase Road - 2,Harriet,151.148611,-33.666667,C_gummifera,Corymbia gummifera,27.4,Rough,Rough,49.91,0.3559405940594059,TRUE,2019-08/2021-06
Ku-Ring-Gai Chase Road - 2,Harriet,151.148611,-33.666667,C_gummifera,Corymbia gummifera,33.9,Rough,Rough,54.1433,0.27764331210191084,TRUE,2019-08/2021-06
Ku-Ring-Gai Chase Road - 2,Harriet,151.148611,-33.666667,C_gummifera,Corymbia gummifera,34.6,Rough,Rough,41.0433,0.18692307692307694,TRUE,2019-08/2021-06
Ku-Ring-Gai Chase Road - 2,Harriet,151.148611,-33.666667,C_gummifera,Corymbia gummifera,36.9,Rough,Rough,44.8433,0.2568837209302326,TRUE,2019-08/2021-06
Ku-Ring-Gai Chase Road - 2,Harriet,151.148611,-33.666667,C_gummifera,Corymbia gummifera,41.2,Rough,Rough,49.9433,0.5236967054263566,TRUE,2019-08/2021-06
Ku-Ring-Gai Chase Road - 2,Harriet,151.148611,-33.666667,C_gummifera,Corymbia gummifera,48,Rough,Rough,54.31,0.34113996297819826,TRUE,2019-08/2021-06
Ku-Ring-Gai Chase Road - 2,Harriet,151.148611,-33.666667,E_globulus,Eucalyptus globulus,23.6,Stocking,Smooth,44.8433,0.49077777777777776,TRUE,2019-08/2021-06
Ku-Ring-Gai Chase Road - 2,Harriet,151.148611,-33.666667,E_globulus,Eucalyptus globulus,23.9,Stocking,Smooth,46.81,0.43646551724137933,TRUE,2019-08/2021-06
Ku-Ring-Gai Chase Road - 2,Harriet,151.148611,-33.666667,E_globulus,Eucalyptus globulus,24.1,Stocking,Smooth,45.7767,0.5361538461538462,TRUE,2019-08/2021-06
Ku-Ring-Gai Chase Road - 2,Harriet,151.148611,-33.666667,E_globulus,Eucalyptus globulus,24.4,Stocking,Smooth,39.91,0.3454022988505747,TRUE,2019-08/2021-06
Ku-Ring-Gai Chase Road - 2,Harriet,151.148611,-33.666667,E_globulus,Eucalyptus globulus,25.2,Stocking,Smooth,46.8433,0.4458704453441295,TRUE,2019-08/2021-06
Ku-Ring-Gai Chase Road - 2,Harriet,151.148611,-33.666667,E_globulus,Eucalyptus globulus,30.2,Stocking,Smooth,38.1433,0.38441176470588234,TRUE,2019-08/2021-06
Ku-Ring-Gai Chase Road - 2,Harriet,151.148611,-33.666667,E_globulus,Eucalyptus globulus,33.9,Stocking,Smooth,30.8433,0.42216666666666675,TRUE,2019-08/2021-06
Ku-Ring-Gai Chase Road - 2,Harriet,151.148611,-33.666667,E_globulus,Eucalyptus globulus,45.4,Stocking,Smooth,38.6433,0.5210701463684064,TRUE,2019-08/2021-06
Ku-Ring-Gai Chase Road - 2,Harriet,151.148611,-33.666667,E_globulus,Eucalyptus globulus,63.5,Stocking,Smooth,44.0767,0.5222055555555556,TRUE,2019-08/2021-06
Ku-Ring-Gai Chase Road - 2,Harriet,151.148611,-33.666667,E_globulus,Eucalyptus globulus,73.7,Stocking,Smooth,39.0433,0.5121853357422463,TRUE,2019-08/2021-06
Mount Canobolas,Harriet,148.983033,-33.344203,E_canobolensis,Eucalyptus canobolensis,11.6,Smooth,,19.23,,FALSE,2019-08/2021-06
Mount Canobolas,Harriet,148.983033,-33.344203,E_canobolensis,Eucalyptus canobolensis,15.67,Smooth,,27.3133,,FALSE,2019-08/2021-06
Mount Canobolas,Harriet,148.983033,-33.344203,E_canobolensis,Eucalyptus canobolensis,17.12,Smooth,,17.18,,FALSE,2019-08/2021-06
Mount Canobolas,Harriet,148.983033,-33.344203,E_canobolensis,Eucalyptus canobolensis,19,Smooth,,17.88,,FALSE,2019-08/2021-06
Mount Canobolas,Harriet,148.983033,-33.344203,E_canobolensis,Eucalyptus canobolensis,20,Smooth,,9.48,,FALSE,2019-08/2021-06
Mount Canobolas,Harriet,148.983033,-33.344203,E_canobolensis,Eucalyptus canobolensis,20.05,Smooth,,14.93,,FALSE,2019-08/2021-06
Mount Canobolas,Harriet,148.983033,-33.344203,E_canobolensis,Eucalyptus canobolensis,21.3,Smooth,,17.98,,FALSE,2019-08/2021-06
Mount Canobolas,Harriet,148.983033,-33.344203,E_canobolensis,Eucalyptus canobolensis,21.4,Smooth,,16.18,,FALSE,2019-08/2021-06
Mount Canobolas,Harriet,148.983033,-33.344203,E_canobolensis,Eucalyptus canobolensis,22.3,Smooth,,16.28,,FALSE,2019-08/2021-06
Mount Canobolas,Harriet,148.983033,-33.344203,E_canobolensis,Eucalyptus canobolensis,39.83,Smooth,,15.4133,,FALSE,2019-08/2021-06
Pillaga - 2,Harriet,149.366023,-31.010917,C_trachyphloia,Corymbia trachyphloia,4.2,Rough,Rough,,0.4266666666666667,FALSE,2019-08/2021-06
Pillaga - 2,Harriet,149.366023,-31.010917,C_trachyphloia,Corymbia trachyphloia,4.4,Rough,,,,FALSE,2019-08/2021-06
Pillaga - 2,Harriet,149.366023,-31.010917,C_trachyphloia,Corymbia trachyphloia,9.8,Rough,,,,FALSE,2019-08/2021-06
Pillaga - 2,Harriet,149.366023,-31.010917,C_trachyphloia,Corymbia trachyphloia,12.7,Rough,,18.88,,FALSE,2019-08/2021-06
Pillaga - 2,Harriet,149.366023,-31.010917,E_fibrosa,Eucalyptus fibrosa,4.05,Ironbark,,,,FALSE,2019-08/2021-06
Pillaga - 2,Harriet,149.366023,-31.010917,E_fibrosa,Eucalyptus fibrosa,4.7,Ironbark,,,,FALSE,2019-08/2021-06
Pillaga - 2,Harriet,149.366023,-31.010917,E_fibrosa,Eucalyptus fibrosa,5,Ironbark,,,,FALSE,2019-08/2021-06
Pillaga - 2,Harriet,149.366023,-31.010917,E_fibrosa,Eucalyptus fibrosa,5.7,Ironbark,,,,FALSE,2019-08/2021-06
Pillaga - 2,Harriet,149.366023,-31.010917,E_fibrosa,Eucalyptus fibrosa,10.5,Ironbark,Ironbark,26.2133,0.4712931034482759,FALSE,2019-08/2021-06
Pillaga - 2,Harriet,149.366023,-31.010917,E_fibrosa,Eucalyptus fibrosa,10.8,Ironbark,Ironbark,22.1633,0.611845238095238,FALSE,2019-08/2021-06
Pillaga - 2,Harriet,149.366023,-31.010917,E_fibrosa,Eucalyptus fibrosa,11.3,Ironbark,Ironbark,20.9133,0.1766666666666667,FALSE,2019-08/2021-06
Pillaga - 2,Harriet,149.366023,-31.010917,E_fibrosa,Eucalyptus fibrosa,12.2,Ironbark,Ironbark,24.08,0.9059523809523808,FALSE,2019-08/2021-06
Pillaga - 2,Harriet,149.366023,-31.010917,E_fibrosa,Eucalyptus fibrosa,23.2,Ironbark,Ironbark,26.5133,0.5767777777777778,FALSE,2019-08/2021-06
Pillaga - 2,Harriet,149.366023,-31.010917,E_fibrosa,Eucalyptus fibrosa,29.6,Ironbark,Ironbark,17.98,0.5774853801169592,FALSE,2019-08/2021-06
Pillaga - 2,Harriet,149.366023,-31.010917,E_fibrosa,Eucalyptus fibrosa,37.2,Ironbark,Ironbark,24.9925,0.5499203861272828,FALSE,2019-08/2021-06
SMWSFL1,Eli,150.241502029,-33.538661778,E. blax,Eucalyptus blaxlandii,12.2,Stringy,,0.1,,TRUE,2018-02/2018-07
SMWSFL1,Eli,150.241502029,-33.538661778,E. blax,Eucalyptus blaxlandii,20.4,Stringy,,14.5,,TRUE,2018-02/2018-07
SMWSFL1,Eli,150.241502029,-33.538661778,E. blax,Eucalyptus blaxlandii,22.7,Stringy,,24.5,,TRUE,2018-02/2018-07
SMWSFL1,Eli,150.241502029,-33.538661778,E. blax,Eucalyptus blaxlandii,26.2,Stringy,,14.5,,TRUE,2018-02/2018-07
SMWSFL1,Eli,150.241502029,-33.538661778,E. blax,Eucalyptus blaxlandii,28.8,Stringy,,14.5,,TRUE,2018-02/2018-07
SMWSFL1,Eli,150.241502029,-33.538661778,E. blax,Eucalyptus blaxlandii,31.1,Stringy,,18.5,,TRUE,2018-02/2018-07
SMWSFL1,Eli,150.241502029,-33.538661778,E. blax,Eucalyptus blaxlandii,48.8,Stringy,,16.5,,TRUE,2018-02/2018-07
SMWSFL1,Eli,150.241502029,-33.538661778,E. cyp,Eucalyptus cypellocarpa,18,Stocking,,0.1,,TRUE,2018-02/2018-07
SMWSFL1,Eli,150.241502029,-33.538661778,E. cyp,Eucalyptus cypellocarpa,49.4,Stocking,,18.5,,TRUE,2018-02/2018-07
SMWSFL1,Eli,150.241502029,-33.538661778,E. cyp,Eucalyptus cypellocarpa,50.6,Stocking,,11.45,,TRUE,2018-02/2018-07
SMWSFL1,Eli,150.241502029,-33.538661778,E. cyp,Eucalyptus cypellocarpa,56.4,Stocking,,19,,TRUE,2018-02/2018-07
SMWSFL1,Eli,150.241502029,-33.538661778,E. cyp,Eucalyptus cypellocarpa,67,Stocking,,8.95,,TRUE,2018-02/2018-07
SMWSFL1,Eli,150.241502029,-33.538661778,E. cyp,Eucalyptus cypellocarpa,77,Stocking,,15,,TRUE,2018-02/2018-07
SMWSFL1,Eli,150.241502029,-33.538661778,E. cyp,Eucalyptus cypellocarpa,84,Stocking,,13,,TRUE,2018-02/2018-07
SMWSFL1,Eli,150.241502029,-33.538661778,E. cyp,Eucalyptus cypellocarpa,86,Stocking,,15.5,,TRUE,2018-02/2018-07
SMWSFL1,Eli,150.241502029,-33.538661778,E. cyp,Eucalyptus cypellocarpa,105.5,Stocking,,9.9,,TRUE,2018-02/2018-07
SMWSFL1,Eli,150.241502029,-33.538661778,E. cyp,Eucalyptus cypellocarpa,120,Stocking,,21.5,,TRUE,2018-02/2018-07
SMWSFL1,Eli,150.241502029,-33.538661778,E. cyp,Eucalyptus cypellocarpa,153,Stocking,,17,,TRUE,2018-02/2018-07
SMWSFL1,Eli,150.241502029,-33.538661778,E. pip,Eucalyptus piperita,16.5,Rough,,13,,TRUE,2018-02/2018-07
SMWSFL1,Eli,150.241502029,-33.538661778,E. pip,Eucalyptus piperita,25.4,Rough,,12,,TRUE,2018-02/2018-07
SMWSFL12,Eli,150.227132986,-33.553378379,E. blax,Eucalyptus blaxlandii,43.04,Stringy,,18.5,,TRUE,2018-02/2018-07
SMWSFL12,Eli,150.227132986,-33.553378379,E. blax,Eucalyptus blaxlandii,44.37,Stringy,,20.5,,TRUE,2018-02/2018-07
SMWSFL12,Eli,150.227132986,-33.553378379,E. blax,Eucalyptus blaxlandii,71.78,Stringy,,24,,TRUE,2018-02/2018-07
SMWSFL12,Eli,150.227132986,-33.553378379,E. cyp,Eucalyptus cypellocarpa,24.61,Stocking,,10.45,,TRUE,2018-02/2018-07
SMWSFL12,Eli,150.227132986,-33.553378379,E. cyp,Eucalyptus cypellocarpa,24.86,Stocking,,10.95,,TRUE,2018-02/2018-07
SMWSFL12,Eli,150.227132986,-33.553378379,E. cyp,Eucalyptus cypellocarpa,25.27,Stocking,,11,,TRUE,2018-02/2018-07
SMWSFL12,Eli,150.227132986,-33.553378379,E. cyp,Eucalyptus cypellocarpa,27.22,Stocking,,14,,TRUE,2018-02/2018-07
SMWSFL12,Eli,150.227132986,-33.553378379,E. cyp,Eucalyptus cypellocarpa,29.67,Stocking,,15.5,,TRUE,2018-02/2018-07
SMWSFL12,Eli,150.227132986,-33.553378379,E. cyp,Eucalyptus cypellocarpa,31.07,Stocking,,18,,TRUE,2018-02/2018-07
SMWSFL12,Eli,150.227132986,-33.553378379,E. cyp,Eucalyptus cypellocarpa,33.49,Stocking,,16.5,,TRUE,2018-02/2018-07
SMWSFL12,Eli,150.227132986,-33.553378379,E. cyp,Eucalyptus cypellocarpa,33.58,Stocking,,14,,TRUE,2018-02/2018-07
SMWSFL12,Eli,150.227132986,-33.553378379,E. cyp,Eucalyptus cypellocarpa,34.15,Stocking,,18.5,,TRUE,2018-02/2018-07
SMWSFL12,Eli,150.227132986,-33.553378379,E. cyp,Eucalyptus cypellocarpa,36.48,Stocking,,9.45,,TRUE,2018-02/2018-07
SMWSFL12,Eli,150.227132986,-33.553378379,E. cyp,Eucalyptus cypellocarpa,36.92,Stocking,,18,,TRUE,2018-02/2018-07
SMWSFL12,Eli,150.227132986,-33.553378379,E. cyp,Eucalyptus cypellocarpa,36.99,Stocking,,9.9,,TRUE,2018-02/2018-07
SMWSFL12,Eli,150.227132986,-33.553378379,E. cyp,Eucalyptus cypellocarpa,37.5,Stocking,,19,,TRUE,2018-02/2018-07
SMWSFL12,Eli,150.227132986,-33.553378379,E. cyp,Eucalyptus cypellocarpa,40.01,Stocking,,14.5,,TRUE,2018-02/2018-07
SMWSFL12,Eli,150.227132986,-33.553378379,E. cyp,Eucalyptus cypellocarpa,43.51,Stocking,,17.5,,TRUE,2018-02/2018-07
SMWSFL12,Eli,150.227132986,-33.553378379,E. cyp,Eucalyptus cypellocarpa,47.91,Stocking,,16.5,,TRUE,2018-02/2018-07
SMWSFL12,Eli,150.227132986,-33.553378379,E. cyp,Eucalyptus cypellocarpa,57.49,Stocking,,23.5,,TRUE,2018-02/2018-07
SMWSFL12,Eli,150.227132986,-33.553378379,E. cyp,Eucalyptus cypellocarpa,58.25,Stocking,,20,,TRUE,2018-02/2018-07
SMWSFL12,Eli,150.227132986,-33.553378379,E. cyp,Eucalyptus cypellocarpa,58.6,Stocking,,21,,TRUE,2018-02/2018-07
SMWSFL12,Eli,150.227132986,-33.553378379,E. cyp,Eucalyptus cypellocarpa,59.4,Stocking,,22.5,,TRUE,2018-02/2018-07
SMWSFL12,Eli,150.227132986,-33.553378379,E. cyp,Eucalyptus cypellocarpa,60.29,Stocking,,16.5,,TRUE,2018-02/2018-07
SMWSFL12,Eli,150.227132986,-33.553378379,E. cyp,Eucalyptus cypellocarpa,65.57,Stocking,,20,,TRUE,2018-02/2018-07
SMWSFL12,Eli,150.227132986,-33.553378379,E. cyp,Eucalyptus cypellocarpa,82.98,Stocking,,19,,TRUE,2018-02/2018-07
SMWSFL12,Eli,150.227132986,-33.553378379,E. vim,Eucalyptus viminalis,89.29,Stocking,,16.5,,TRUE,2018-02/2018-07
DMDSFL10,Eli,150.565969789,-34.337589941,C. gumm,Corymbia gummifera,10.6,Rough,,18,,TRUE,2018-02/2018-07
DMDSFL10,Eli,150.565969789,-34.337589941,C. gumm,Corymbia gummifera,10.7,Rough,,22.5,,TRUE,2018-02/2018-07
DMDSFL10,Eli,150.565969789,-34.337589941,C. gumm,Corymbia gummifera,10.8,Rough,,19.5,,TRUE,2018-02/2018-07
DMDSFL10,Eli,150.565969789,-34.337589941,C. gumm,Corymbia gummifera,10.9,Rough,,17.5,,TRUE,2018-02/2018-07
DMDSFL10,Eli,150.565969789,-34.337589941,C. gumm,Corymbia gummifera,10.9,Rough,,19,,TRUE,2018-02/2018-07
DMDSFL10,Eli,150.565969789,-34.337589941,C. gumm,Corymbia gummifera,13.5,Rough,,21,,TRUE,2018-02/2018-07
DMDSFL10,Eli,150.565969789,-34.337589941,C. gumm,Corymbia gummifera,17.2,Rough,,25.5,,TRUE,2018-02/2018-07
DMDSFL10,Eli,150.565969789,-34.337589941,E. scler,Eucalyptus racemosa,23.1,Smooth,,8.5,,TRUE,2018-02/2018-07
DMDSFL10,Eli,150.565969789,-34.337589941,E. scler,Eucalyptus racemosa,28.7,Smooth,,8.95,,TRUE,2018-02/2018-07
DMDSFL10,Eli,150.565969789,-34.337589941,E. scler,Eucalyptus racemosa,31.7,Smooth,,11.5,,TRUE,2018-02/2018-07
DMDSFL10,Eli,150.565969789,-34.337589941,E. scler,Eucalyptus racemosa,35,Smooth,,11.5,,TRUE,2018-02/2018-07
DMDSFL10,Eli,150.565969789,-34.337589941,E. scler,Eucalyptus racemosa,50.2,Smooth,,10.05,,TRUE,2018-02/2018-07
DMDSFL10,Eli,150.565969789,-34.337589941,E. scler,Eucalyptus racemosa,64.7,Smooth,,12.5,,TRUE,2018-02/2018-07
DMDSFL10,Eli,150.565969789,-34.337589941,E. sieb,Eucalyptus sieberi,11.1,Rough,,13,,TRUE,2018-02/2018-07
DMDSFL10,Eli,150.565969789,-34.337589941,E. sieb,Eucalyptus sieberi,11.3,Rough,,9.5,,TRUE,2018-02/2018-07
DMDSFL10,Eli,150.565969789,-34.337589941,E. sieb,Eucalyptus sieberi,36.4,Rough,,13,,TRUE,2018-02/2018-07
DMDSFL10,Eli,150.565969789,-34.337589941,E. sieb,Eucalyptus sieberi,36.8,Rough,,15.5,,TRUE,2018-02/2018-07
DMDSFL10,Eli,150.565969789,-34.337589941,E. sieb,Eucalyptus sieberi,36.9,Rough,,19.5,,TRUE,2018-02/2018-07
DMDSFL7,Eli,150.663818448,-34.349315038,C. gumm,Corymbia gummifera,10.3,Rough,,10.45,,TRUE,2018-02/2018-07
DMDSFL7,Eli,150.663818448,-34.349315038,C. gumm,Corymbia gummifera,11.5,Rough,,19,,TRUE,2018-02/2018-07
DMDSFL7,Eli,150.663818448,-34.349315038,C. gumm,Corymbia gummifera,14.4,Rough,,14,,TRUE,2018-02/2018-07
DMDSFL7,Eli,150.663818448,-34.349315038,C. gumm,Corymbia gummifera,30,Rough,,16,,TRUE,2018-02/2018-07
DMDSFL7,Eli,150.663818448,-34.349315038,C. gumm,Corymbia gummifera,39.8,Rough,,35,,TRUE,2018-02/2018-07
DMDSFL7,Eli,150.663818448,-34.349315038,E. glob,Eucalyptus globoidea,23.3,Stringy,,18,,TRUE,2018-02/2018-07
DMDSFL7,Eli,150.663818448,-34.349315038,E. glob,Eucalyptus globoidea,30.2,Stringy,,26,,TRUE,2018-02/2018-07
DMDSFL7,Eli,150.663818448,-34.349315038,E. glob,Eucalyptus globoidea,31.2,Stringy,,17.5,,TRUE,2018-02/2018-07
DMDSFL7,Eli,150.663818448,-34.349315038,E. glob,Eucalyptus globoidea,36.8,Stringy,,18,,TRUE,2018-02/2018-07
DMDSFL7,Eli,150.663818448,-34.349315038,E. glob,Eucalyptus globoidea,37.6,Stringy,,24,,TRUE,2018-02/2018-07
DMDSFL7,Eli,150.663818448,-34.349315038,E. glob,Eucalyptus globoidea,40.4,Stringy,,22.5,,TRUE,2018-02/2018-07
DMDSFL7,Eli,150.663818448,-34.349315038,E. glob,Eucalyptus globoidea,40.9,Stringy,,18,,TRUE,2018-02/2018-07
DMDSFL7,Eli,150.663818448,-34.349315038,E. glob,Eucalyptus globoidea,51,Stringy,,18.5,,TRUE,2018-02/2018-07
DMDSFL7,Eli,150.663818448,-34.349315038,E. scler,Eucalyptus racemosa,10.4,Smooth,,8.5,,TRUE,2018-02/2018-07
DMDSFL7,Eli,150.663818448,-34.349315038,E. scler,Eucalyptus racemosa,11.8,Smooth,,9.45,,TRUE,2018-02/2018-07
DMDSFL7,Eli,150.663818448,-34.349315038,E. scler,Eucalyptus racemosa,13.9,Smooth,,10,,TRUE,2018-02/2018-07
DMDSFL7,Eli,150.663818448,-34.349315038,E. scler,Eucalyptus racemosa,17.7,Smooth,,13.5,,TRUE,2018-02/2018-07
DMDSFL7,Eli,150.663818448,-34.349315038,E. scler,Eucalyptus racemosa,26.4,Smooth,,17,,TRUE,2018-02/2018-07
DMDSFL7,Eli,150.663818448,-34.349315038,E. scler,Eucalyptus racemosa,31.3,Smooth,,11.5,,TRUE,2018-02/2018-07
DMDSFL7,Eli,150.663818448,-34.349315038,E. scler,Eucalyptus racemosa,32.7,Smooth,,13.5,,TRUE,2018-02/2018-07
DMDSFL7,Eli,150.663818448,-34.349315038,E. scler,Eucalyptus racemosa,41.5,Smooth,,21.5,,TRUE,2018-02/2018-07
DMDSFL7,Eli,150.663818448,-34.349315038,E. scler,Eucalyptus racemosa,42.7,Smooth,,10,,TRUE,2018-02/2018-07
DMDSFL7,Eli,150.663818448,-34.349315038,E. scler,Eucalyptus racemosa,43.2,Smooth,,13.5,,TRUE,2018-02/2018-07
DMDSFL7,Eli,150.663818448,-34.349315038,E. sieb,Eucalyptus sieberi,48.1,Rough,,35,,TRUE,2018-02/2018-07
DMWSFL10,Eli,150.569837583,-34.338388045,E. aggl,Eucalyptus agglomerata,70.2,Stringy,,18,,TRUE,2018-02/2018-07
DMWSFL10,Eli,150.569837583,-34.338388045,E. aggl,Eucalyptus agglomerata,71,Stringy,,20.5,,TRUE,2018-02/2018-07
DMWSFL10,Eli,150.569837583,-34.338388045,E. aggl,Eucalyptus agglomerata,83.4,Stringy,,32,,TRUE,2018-02/2018-07
DMWSFL10,Eli,150.569837583,-34.338388045,E. aggl,Eucalyptus agglomerata,86.4,Stringy,,28.5,,TRUE,2018-02/2018-07
DMWSFL10,Eli,150.569837583,-34.338388045,E. aggl,Eucalyptus agglomerata,104.5,Stringy,,40,,TRUE,2018-02/2018-07
DMWSFL10,Eli,150.569837583,-34.338388045,E. aggl,Eucalyptus agglomerata,111.5,Stringy,,38,,TRUE,2018-02/2018-07
DMWSFL10,Eli,150.569837583,-34.338388045,E. pip,Eucalyptus piperita,44.9,Rough,,12.5,,TRUE,2018-02/2018-07
DMWSFL10,Eli,150.569837583,-34.338388045,E. pip,Eucalyptus piperita,54.7,Rough,,17.5,,TRUE,2018-02/2018-07
DMWSFL2,Eli,150.629401824,-34.34399205,C. gumm,Corymbia gummifera,47.4,Rough,,18,,TRUE,2018-02/2018-07
DMWSFL2,Eli,150.629401824,-34.34399205,E. aggl,Eucalyptus agglomerata,37.5,Stringy,,14.5,,TRUE,2018-02/2018-07
DMWSFL2,Eli,150.629401824,-34.34399205,E. aggl,Eucalyptus agglomerata,41.6,Stringy,,17.5,,TRUE,2018-02/2018-07
DMWSFL2,Eli,150.629401824,-34.34399205,E. aggl,Eucalyptus agglomerata,49.2,Stringy,,27.5,,TRUE,2018-02/2018-07
DMWSFL2,Eli,150.629401824,-34.34399205,E. aggl,Eucalyptus agglomerata,58.9,Stringy,,21.5,,TRUE,2018-02/2018-07
DMWSFL2,Eli,150.629401824,-34.34399205,E. aggl,Eucalyptus agglomerata,74.8,Stringy,,27.5,,TRUE,2018-02/2018-07
DMWSFL2,Eli,150.629401824,-34.34399205,E. aggl,Eucalyptus agglomerata,77.4,Stringy,,24,,TRUE,2018-02/2018-07
DMWSFL2,Eli,150.629401824,-34.34399205,E. pip,Eucalyptus piperita,11.6,Rough,,9.45,,TRUE,2018-02/2018-07
DMWSFL2,Eli,150.629401824,-34.34399205,E. pip,Eucalyptus piperita,12.1,Rough,,10,,TRUE,2018-02/2018-07
DMWSFL2,Eli,150.629401824,-34.34399205,E. pip,Eucalyptus piperita,13.9,Rough,,9.5,,TRUE,2018-02/2018-07
DMWSFL2,Eli,150.629401824,-34.34399205,E. pip,Eucalyptus piperita,15.9,Rough,,10,,TRUE,2018-02/2018-07
DMWSFL2,Eli,150.629401824,-34.34399205,E. pip,Eucalyptus piperita,26.4,Rough,,15.5,,TRUE,2018-02/2018-07
DMWSFL2,Eli,150.629401824,-34.34399205,E. pip,Eucalyptus piperita,27.9,Rough,,17.5,,TRUE,2018-02/2018-07
DMWSFL2,Eli,150.629401824,-34.34399205,E. pip,Eucalyptus piperita,91.6,Rough,,10.5,,TRUE,2018-02/2018-07
DMWSFL2,Eli,150.629401824,-34.34399205,E. pip,Eucalyptus piperita,109.6,Rough,,20.5,,TRUE,2018-02/2018-07
DMWSFL2,Eli,150.629401824,-34.34399205,E. pip,Eucalyptus piperita,126.5,Rough,,17.5,,TRUE,2018-02/2018-07
DMWSFL2,Eli,150.629401824,-34.34399205,E. punc,Eucalyptus punctata,39.3,Smooth,,12,,TRUE,2018-02/2018-07
DMWSFL2,Eli,150.629401824,-34.34399205,E. smit,Eucalyptus smithii,62.5,Stocking,,25.05,,TRUE,2018-02/2018-07
DMWSFL2,Eli,150.629401824,-34.34399205,E. smit,Eucalyptus smithii,117.8,Stocking,,50,,TRUE,2018-02/2018-07
DMWSFL3,Eli,150.646865446,-34.31882386,E. aggl,Eucalyptus agglomerata,28.1,Stringy,,27,,TRUE,2018-02/2018-07
DMWSFL3,Eli,150.646865446,-34.31882386,E. aggl,Eucalyptus agglomerata,35.9,Stringy,,27.5,,TRUE,2018-02/2018-07
DMWSFL3,Eli,150.646865446,-34.31882386,E. aggl,Eucalyptus agglomerata,48.4,Stringy,,26.5,,TRUE,2018-02/2018-07
DMWSFL3,Eli,150.646865446,-34.31882386,E. aggl,Eucalyptus agglomerata,58.9,Stringy,,22,,TRUE,2018-02/2018-07
DMWSFL3,Eli,150.646865446,-34.31882386,E. aggl,Eucalyptus agglomerata,64.2,Stringy,,26.5,,TRUE,2018-02/2018-07
DMWSFL3,Eli,150.646865446,-34.31882386,E. aggl,Eucalyptus agglomerata,77.2,Stringy,,35.5,,TRUE,2018-02/2018-07
DMWSFL3,Eli,150.646865446,-34.31882386,E. aggl,Eucalyptus agglomerata,85.3,Stringy,,29.5,,TRUE,2018-02/2018-07
DMWSFL3,Eli,150.646865446,-34.31882386,E. aggl,Eucalyptus agglomerata,108.4,Stringy,,15.5,,TRUE,2018-02/2018-07
DMWSFL3,Eli,150.646865446,-34.31882386,E. pip,Eucalyptus piperita,41.3,Rough,,20.5,,TRUE,2018-02/2018-07
DMWSFL4,Eli,150.65054511,-34.319354338,E. aggl,Eucalyptus agglomerata,38.7,Stringy,,29,,TRUE,2018-02/2018-07
DMWSFL4,Eli,150.65054511,-34.319354338,E. aggl,Eucalyptus agglomerata,42.6,Stringy,,19,,TRUE,2018-02/2018-07
DMWSFL4,Eli,150.65054511,-34.319354338,E. aggl,Eucalyptus agglomerata,55.9,Stringy,,14.5,,TRUE,2018-02/2018-07
DMWSFL4,Eli,150.65054511,-34.319354338,E. pip,Eucalyptus piperita,37.6,Rough,,11.95,,TRUE,2018-02/2018-07
DMWSFL4,Eli,150.65054511,-34.319354338,E. pip,Eucalyptus piperita,41.6,Rough,,13,,TRUE,2018-02/2018-07
DMWSFL4,Eli,150.65054511,-34.319354338,E. pip,Eucalyptus piperita,52.5,Rough,,10,,TRUE,2018-02/2018-07
DMWSFL4,Eli,150.65054511,-34.319354338,E. pip,Eucalyptus piperita,71.1,Rough,,10.45,,TRUE,2018-02/2018-07
DMWSFL4,Eli,150.65054511,-34.319354338,E. pip,Eucalyptus piperita,77.4,Rough,,15,,TRUE,2018-02/2018-07
DMWSFL6new,Eli,150.651952589,-34.33474403,E. pip,Eucalyptus piperita,16.5,Rough,,5.5,,TRUE,2018-02/2018-07
DMWSFL6new,Eli,150.651952589,-34.33474403,E. pip,Eucalyptus piperita,18.3,Rough,,13,,TRUE,2018-02/2018-07
DMWSFL6new,Eli,150.651952589,-34.33474403,E. pip,Eucalyptus piperita,21,Rough,,14.5,,TRUE,2018-02/2018-07
DMWSFL6new,Eli,150.651952589,-34.33474403,E. pip,Eucalyptus piperita,22.7,Rough,,9.5,,TRUE,2018-02/2018-07
DMWSFL6new,Eli,150.651952589,-34.33474403,E. pip,Eucalyptus piperita,24.1,Rough,,13.5,,TRUE,2018-02/2018-07
DMWSFL6new,Eli,150.651952589,-34.33474403,E. pip,Eucalyptus piperita,24.3,Rough,,16,,TRUE,2018-02/2018-07
DMWSFL6new,Eli,150.651952589,-34.33474403,E. pip,Eucalyptus piperita,32.1,Rough,,15.5,,TRUE,2018-02/2018-07
DMWSFL6new,Eli,150.651952589,-34.33474403,E. pip,Eucalyptus piperita,42.9,Rough,,,,TRUE,2018-02/2018-07
DMWSFL6new,Eli,150.651952589,-34.33474403,E. pip,Eucalyptus piperita,54.5,Rough,,14.5,,TRUE,2018-02/2018-07
DMWSFL6new,Eli,150.651952589,-34.33474403,E. pip,Eucalyptus piperita,69,Rough,,14,,TRUE,2018-02/2018-07
DMWSFL6new,Eli,150.651952589,-34.33474403,E. pip,Eucalyptus piperita,84,Rough,,15,,TRUE,2018-02/2018-07
DMWSFL6new,Eli,150.651952589,-34.33474403,E. pip,Eucalyptus piperita,87,Rough,,14,,TRUE,2018-02/2018-07
DMWSFL6new,Eli,150.651952589,-34.33474403,E. pip,Eucalyptus piperita,124,Rough,,18,,TRUE,2018-02/2018-07
DMWSFL6new,Eli,150.651952589,-34.33474403,E. pip,Eucalyptus piperita,139,Rough,,13.5,,TRUE,2018-02/2018-07
DMWSFL6new,Eli,150.651952589,-34.33474403,E. scler,Eucalyptus racemosa,70,Smooth,,14,,TRUE,2018-02/2018-07
DMWSFL6new,Eli,150.651952589,-34.33474403,E. scler,Eucalyptus racemosa,75,Smooth,,10,,TRUE,2018-02/2018-07
DMWSFL6new,Eli,150.651952589,-34.33474403,E. scler,Eucalyptus racemosa,88,Smooth,,13.5,,TRUE,2018-02/2018-07
DMWSFLnew1,Eli,150.655367219,-34.337793676,E. aggl,Eucalyptus agglomerata,23,Stringy,,14.5,,TRUE,2018-02/2018-07
DMWSFLnew1,Eli,150.655367219,-34.337793676,E. aggl,Eucalyptus agglomerata,26.4,Stringy,,12.5,,TRUE,2018-02/2018-07
DMWSFLnew1,Eli,150.655367219,-34.337793676,E. pip,Eucalyptus piperita,12.4,Rough,,8,,TRUE,2018-02/2018-07
DMWSFLnew1,Eli,150.655367219,-34.337793676,E. pip,Eucalyptus piperita,27.9,Rough,,8.95,,TRUE,2018-02/2018-07
DMWSFLnew1,Eli,150.655367219,-34.337793676,E. pip,Eucalyptus piperita,28.9,Rough,,11,,TRUE,2018-02/2018-07
DMWSFLnew1,Eli,150.655367219,-34.337793676,E. pip,Eucalyptus piperita,30.8,Rough,,8.5,,TRUE,2018-02/2018-07
DMWSFLnew1,Eli,150.655367219,-34.337793676,E. pip,Eucalyptus piperita,46.1,Rough,,8,,TRUE,2018-02/2018-07
DMWSFLnew1,Eli,150.655367219,-34.337793676,E. pip,Eucalyptus piperita,82.1,Rough,,14,,TRUE,2018-02/2018-07
DMWSFLnew1,Eli,150.655367219,-34.337793676,E. pip,Eucalyptus piperita,82.4,Rough,,11.95,,TRUE,2018-02/2018-07
DMWSFLnew1,Eli,150.655367219,-34.337793676,E. pip,Eucalyptus piperita,105,Rough,,12,,TRUE,2018-02/2018-07
DMWSFLnew1,Eli,150.655367219,-34.337793676,E. pip,Eucalyptus piperita,107.3,Rough,,11.45,,TRUE,2018-02/2018-07
DMWSFLnew1,Eli,150.655367219,-34.337793676,E. pip,Eucalyptus piperita,139.1,Rough,,14.5,,TRUE,2018-02/2018-07
DMWSFLnew1,Eli,150.655367219,-34.337793676,E. punc,Eucalyptus punctata,31.7,Smooth,,10,,TRUE,2018-02/2018-07
DMWSFLnew1,Eli,150.655367219,-34.337793676,E. punc,Eucalyptus punctata,98.2,Smooth,,4,,TRUE,2018-02/2018-07
DMWSFLnew2,Eli,150.569445132,-34.334287236,C. gumm,Corymbia gummifera,64.2,Rough,,26,,TRUE,2018-02/2018-07
DMWSFLnew2,Eli,150.569445132,-34.334287236,E. aggl,Eucalyptus agglomerata,23.9,Stringy,,19.5,,TRUE,2018-02/2018-07
DMWSFLnew2,Eli,150.569445132,-34.334287236,E. aggl,Eucalyptus agglomerata,69.3,Stringy,,20.5,,TRUE,2018-02/2018-07
DMWSFLnew2,Eli,150.569445132,-34.334287236,E. aggl,Eucalyptus agglomerata,73.5,Stringy,,31,,TRUE,2018-02/2018-07
DMWSFLnew2,Eli,150.569445132,-34.334287236,E. aggl,Eucalyptus agglomerata,87.3,Stringy,,37,,TRUE,2018-02/2018-07
DMWSFLnew2,Eli,150.569445132,-34.334287236,E. glob,Eucalyptus globoidea,117.4,Stringy,,45,,TRUE,2018-02/2018-07
DMWSFLnew2,Eli,150.569445132,-34.334287236,E. pip,Eucalyptus piperita,139,Rough,,20.5,,TRUE,2018-02/2018-07
Fingal S Ridge,Harriet,152.162778,-32.756389,A_costata,Angophora costata,10.5,Smooth,Smooth,51.21,0.36428571428571427,TRUE,2019-08/2021-06
Fingal S Ridge,Harriet,152.162778,-32.756389,A_costata,Angophora costata,11,Smooth,Smooth,50.36,0.31695652173913047,TRUE,2019-08/2021-06
Fingal S Ridge,Harriet,152.162778,-32.756389,A_costata,Angophora costata,11.6,Smooth,Smooth,30.81,0.25326923076923075,TRUE,2019-08/2021-06
Fingal S Ridge,Harriet,152.162778,-32.756389,A_costata,Angophora costata,16.3,Smooth,Smooth,28.56,0.2703703703703703,TRUE,2019-08/2021-06
Fingal S Ridge,Harriet,152.162778,-32.756389,A_costata,Angophora costata,17.8,Smooth,Smooth,29.71,0.32439024390243903,TRUE,2019-08/2021-06
Fingal S Ridge,Harriet,152.162778,-32.756389,A_costata,Angophora costata,21.2,Smooth,Smooth,30.21,0.30150000000000005,TRUE,2019-08/2021-06
Fingal S Ridge,Harriet,152.162778,-32.756389,A_costata,Angophora costata,24.1,Smooth,Smooth,27.71,0.8377551020408163,TRUE,2019-08/2021-06
Fingal S Ridge,Harriet,152.162778,-32.756389,A_costata,Angophora costata,29.2,Smooth,Smooth,28.91,0.34545454545454546,TRUE,2019-08/2021-06
Fingal S Ridge,Harriet,152.162778,-32.756389,A_costata,Angophora costata,29.6,Smooth,Smooth,23.36,0.2913793103448276,TRUE,2019-08/2021-06
Fingal S Ridge,Harriet,152.162778,-32.756389,A_costata,Angophora costata,37.9,Smooth,Smooth,30.2433,0.30542857142857144,TRUE,2019-08/2021-06
Fingal S Ridge,Harriet,152.162778,-32.756389,C_gummifera,Corymbia gummifera,12.3,Rough,Rough,28.56,0.15606741573033708,TRUE,2019-08/2021-06
Fingal S Ridge,Harriet,152.162778,-32.756389,C_gummifera,Corymbia gummifera,13.3,Rough,Rough,33.56,0.2930530973451328,TRUE,2019-08/2021-06
Fingal S Ridge,Harriet,152.162778,-32.756389,C_gummifera,Corymbia gummifera,14,Rough,Rough,30.01,0.158,TRUE,2019-08/2021-06
Fingal S Ridge,Harriet,152.162778,-32.756389,C_gummifera,Corymbia gummifera,18.8,Rough,Rough,29.06,0.2849289099526066,TRUE,2019-08/2021-06
Fingal S Ridge,Harriet,152.162778,-32.756389,C_gummifera,Corymbia gummifera,22.3,Rough,Rough,40.66,0.262,TRUE,2019-08/2021-06
Fingal S Ridge,Harriet,152.162778,-32.756389,C_gummifera,Corymbia gummifera,23.9,Rough,Rough,38.11,0.25172972972972973,TRUE,2019-08/2021-06
Fingal S Ridge,Harriet,152.162778,-32.756389,C_gummifera,Corymbia gummifera,30.5,Rough,Rough,40.2767,0.28518518518518515,TRUE,2019-08/2021-06
Fingal S Ridge,Harriet,152.162778,-32.756389,C_gummifera,Corymbia gummifera,30.6,Rough,Rough,34.21,0.3471084337349398,TRUE,2019-08/2021-06
Fingal S Ridge,Harriet,152.162778,-32.756389,C_gummifera,Corymbia gummifera,30.8,Rough,Rough,33.7433,0.32184,TRUE,2019-08/2021-06
Fingal S Ridge,Harriet,152.162778,-32.756389,C_gummifera,Corymbia gummifera,33.1,Rough,Rough,38.7433,0.34559322033898304,TRUE,2019-08/2021-06
Fingal S Ridge,Harriet,152.162778,-32.756389,C_gummifera,Corymbia gummifera,33.4,Rough,Rough,41.91,0.31944,TRUE,2019-08/2021-06
Fingal S Ridge,Harriet,152.162778,-32.756389,C_gummifera,Corymbia gummifera,34.4,Rough,Rough,44.21,0.33806060606060606,TRUE,2019-08/2021-06
Fingal S Ridge,Harriet,152.162778,-32.756389,C_gummifera,Corymbia gummifera,37.7,Rough,Rough,36.5433,0.30571428571428577,TRUE,2019-08/2021-06
GGDSFL3,Eli,150.62479377,-32.547359416,E. euge,Eucalyptus eugenioides,10,Stringy,,8,,TRUE,2018-02/2018-07
GGDSFL3,Eli,150.62479377,-32.547359416,E. euge,Eucalyptus eugenioides,11,Stringy,,9.45,,TRUE,2018-02/2018-07
GGDSFL3,Eli,150.62479377,-32.547359416,E. euge,Eucalyptus eugenioides,11.6,Stringy,,9.45,,TRUE,2018-02/2018-07
GGDSFL3,Eli,150.62479377,-32.547359416,E. euge,Eucalyptus eugenioides,12.8,Stringy,,15.5,,TRUE,2018-02/2018-07
GGDSFL3,Eli,150.62479377,-32.547359416,E. euge,Eucalyptus eugenioides,13.1,Stringy,,12,,TRUE,2018-02/2018-07
GGDSFL3,Eli,150.62479377,-32.547359416,E. euge,Eucalyptus eugenioides,14.8,Stringy,,8,,TRUE,2018-02/2018-07
GGDSFL3,Eli,150.62479377,-32.547359416,E. euge,Eucalyptus eugenioides,15.2,Stringy,,14,,TRUE,2018-02/2018-07
GGDSFL3,Eli,150.62479377,-32.547359416,E. euge,Eucalyptus eugenioides,15.7,Stringy,,13.5,,TRUE,2018-02/2018-07
GGDSFL3,Eli,150.62479377,-32.547359416,E. euge,Eucalyptus eugenioides,16.2,Stringy,,12.5,,TRUE,2018-02/2018-07
GGDSFL3,Eli,150.62479377,-32.547359416,E. euge,Eucalyptus eugenioides,16.7,Stringy,,10.45,,TRUE,2018-02/2018-07
GGDSFL3,Eli,150.62479377,-32.547359416,E. euge,Eucalyptus eugenioides,17.3,Stringy,,14,,TRUE,2018-02/2018-07
GGDSFL3,Eli,150.62479377,-32.547359416,E. euge,Eucalyptus eugenioides,17.3,Stringy,,16,,TRUE,2018-02/2018-07
GGDSFL3,Eli,150.62479377,-32.547359416,E. euge,Eucalyptus eugenioides,17.5,Stringy,,12.5,,TRUE,2018-02/2018-07
GGDSFL3,Eli,150.62479377,-32.547359416,E. euge,Eucalyptus eugenioides,18.3,Stringy,,12,,TRUE,2018-02/2018-07
GGDSFL3,Eli,150.62479377,-32.547359416,E. euge,Eucalyptus eugenioides,20.2,Stringy,,20.5,,TRUE,2018-02/2018-07
GGDSFL3,Eli,150.62479377,-32.547359416,E. euge,Eucalyptus eugenioides,20.4,Stringy,,14,,TRUE,2018-02/2018-07
GGDSFL3,Eli,150.62479377,-32.547359416,E. euge,Eucalyptus eugenioides,20.5,Stringy,,11.5,,TRUE,2018-02/2018-07
GGDSFL3,Eli,150.62479377,-32.547359416,E. euge,Eucalyptus eugenioides,20.5,Stringy,,16.5,,TRUE,2018-02/2018-07
GGDSFL3,Eli,150.62479377,-32.547359416,E. euge,Eucalyptus eugenioides,20.5,Stringy,,17.5,,TRUE,2018-02/2018-07
GGDSFL3,Eli,150.62479377,-32.547359416,E. euge,Eucalyptus eugenioides,21.4,Stringy,,19.5,,TRUE,2018-02/2018-07
GGDSFL3,Eli,150.62479377,-32.547359416,E. euge,Eucalyptus eugenioides,22.1,Stringy,,18.5,,TRUE,2018-02/2018-07
GGDSFL3,Eli,150.62479377,-32.547359416,E. euge,Eucalyptus eugenioides,22.5,Stringy,,18,,TRUE,2018-02/2018-07
GGDSFL3,Eli,150.62479377,-32.547359416,E. euge,Eucalyptus eugenioides,22.9,Stringy,,20.5,,TRUE,2018-02/2018-07
GGDSFL3,Eli,150.62479377,-32.547359416,E. euge,Eucalyptus eugenioides,23.3,Stringy,,11.95,,TRUE,2018-02/2018-07
GGDSFL3,Eli,150.62479377,-32.547359416,E. euge,Eucalyptus eugenioides,24,Stringy,,14,,TRUE,2018-02/2018-07
GGDSFL3,Eli,150.62479377,-32.547359416,E. euge,Eucalyptus eugenioides,24,Stringy,,25.5,,TRUE,2018-02/2018-07
GGDSFL3,Eli,150.62479377,-32.547359416,E. euge,Eucalyptus eugenioides,24.1,Stringy,,26.5,,TRUE,2018-02/2018-07
GGDSFL3,Eli,150.62479377,-32.547359416,E. euge,Eucalyptus eugenioides,24.2,Stringy,,19.5,,TRUE,2018-02/2018-07
GGDSFL3,Eli,150.62479377,-32.547359416,E. euge,Eucalyptus eugenioides,24.6,Stringy,,18,,TRUE,2018-02/2018-07
GGDSFL3,Eli,150.62479377,-32.547359416,E. euge,Eucalyptus eugenioides,25.1,Stringy,,19.5,,TRUE,2018-02/2018-07
GGDSFL3,Eli,150.62479377,-32.547359416,E. euge,Eucalyptus eugenioides,26.2,Stringy,,20,,TRUE,2018-02/2018-07
GGDSFL3,Eli,150.62479377,-32.547359416,E. euge,Eucalyptus eugenioides,26.6,Stringy,,17,,TRUE,2018-02/2018-07
GGDSFL3,Eli,150.62479377,-32.547359416,E. euge,Eucalyptus eugenioides,28,Stringy,,11.95,,TRUE,2018-02/2018-07
GGDSFL3,Eli,150.62479377,-32.547359416,E. euge,Eucalyptus eugenioides,28.2,Stringy,,16.5,,TRUE,2018-02/2018-07
GGDSFL3,Eli,150.62479377,-32.547359416,E. euge,Eucalyptus eugenioides,28.3,Stringy,,21,,TRUE,2018-02/2018-07
GGDSFL3,Eli,150.62479377,-32.547359416,E. euge,Eucalyptus eugenioides,30,Stringy,,18,,TRUE,2018-02/2018-07
GGDSFL3,Eli,150.62479377,-32.547359416,E. nubi,Eucalyptus nubilis,12,Ironbark,,17.5,,TRUE,2018-02/2018-07
GGDSFL3,Eli,150.62479377,-32.547359416,E. nubi,Eucalyptus nubilis,16,Ironbark,,29,,TRUE,2018-02/2018-07
GGDSFL3,Eli,150.62479377,-32.547359416,E. punc,Eucalyptus punctata,11.5,Smooth,,9.45,,TRUE,2018-02/2018-07
GGDSFL3,Eli,150.62479377,-32.547359416,E. punc,Eucalyptus punctata,11.8,Smooth,,8.95,,TRUE,2018-02/2018-07
GGDSFL3,Eli,150.62479377,-32.547359416,E. punc,Eucalyptus punctata,13.1,Smooth,,6,,TRUE,2018-02/2018-07
GGDSFL3,Eli,150.62479377,-32.547359416,E. punc,Eucalyptus punctata,25.9,Smooth,,6.5,,TRUE,2018-02/2018-07
GGDSFL3,Eli,150.62479377,-32.547359416,E. punc,Eucalyptus punctata,34,Smooth,,11.95,,TRUE,2018-02/2018-07
GGDSFL3,Eli,150.62479377,-32.547359416,E. punc,Eucalyptus punctata,43.8,Smooth,,13.95,,TRUE,2018-02/2018-07
GGDSFL6,Eli,150.619164454,-32.546847092,E. euge,Eucalyptus eugenioides,10.3,Stringy,,11.5,,TRUE,2018-02/2018-07
GGDSFL6,Eli,150.619164454,-32.546847092,E. euge,Eucalyptus eugenioides,14.3,Stringy,,13,,TRUE,2018-02/2018-07
GGDSFL6,Eli,150.619164454,-32.546847092,E. euge,Eucalyptus eugenioides,15,Stringy,,20.5,,TRUE,2018-02/2018-07
GGDSFL6,Eli,150.619164454,-32.546847092,E. euge,Eucalyptus eugenioides,15.3,Stringy,,14,,TRUE,2018-02/2018-07
GGDSFL6,Eli,150.619164454,-32.546847092,E. euge,Eucalyptus eugenioides,15.5,Stringy,,10.95,,TRUE,2018-02/2018-07
GGDSFL6,Eli,150.619164454,-32.546847092,E. euge,Eucalyptus eugenioides,16.3,Stringy,,19.5,,TRUE,2018-02/2018-07
GGDSFL6,Eli,150.619164454,-32.546847092,E. euge,Eucalyptus eugenioides,17.9,Stringy,,14.5,,TRUE,2018-02/2018-07
GGDSFL6,Eli,150.619164454,-32.546847092,E. euge,Eucalyptus eugenioides,20.1,Stringy,,19,,TRUE,2018-02/2018-07
GGDSFL6,Eli,150.619164454,-32.546847092,E. euge,Eucalyptus eugenioides,20.4,Stringy,,12.95,,TRUE,2018-02/2018-07
GGDSFL6,Eli,150.619164454,-32.546847092,E. euge,Eucalyptus eugenioides,20.8,Stringy,,16.5,,TRUE,2018-02/2018-07
GGDSFL6,Eli,150.619164454,-32.546847092,E. euge,Eucalyptus eugenioides,21,Stringy,,14.5,,TRUE,2018-02/2018-07
GGDSFL6,Eli,150.619164454,-32.546847092,E. euge,Eucalyptus eugenioides,21.4,Stringy,,20,,TRUE,2018-02/2018-07
GGDSFL6,Eli,150.619164454,-32.546847092,E. euge,Eucalyptus eugenioides,22,Stringy,,15,,TRUE,2018-02/2018-07
GGDSFL6,Eli,150.619164454,-32.546847092,E. euge,Eucalyptus eugenioides,22.6,Stringy,,17,,TRUE,2018-02/2018-07
GGDSFL6,Eli,150.619164454,-32.546847092,E. euge,Eucalyptus eugenioides,25.1,Stringy,,20.5,,TRUE,2018-02/2018-07
GGDSFL6,Eli,150.619164454,-32.546847092,E. euge,Eucalyptus eugenioides,25.2,Stringy,,19.5,,TRUE,2018-02/2018-07
GGDSFL6,Eli,150.619164454,-32.546847092,E. euge,Eucalyptus eugenioides,26,Stringy,,26,,TRUE,2018-02/2018-07
GGDSFL6,Eli,150.619164454,-32.546847092,E. euge,Eucalyptus eugenioides,26.3,Stringy,,12.95,,TRUE,2018-02/2018-07
GGDSFL6,Eli,150.619164454,-32.546847092,E. euge,Eucalyptus eugenioides,27,Stringy,,23.5,,TRUE,2018-02/2018-07
GGDSFL6,Eli,150.619164454,-32.546847092,E. euge,Eucalyptus eugenioides,28,Stringy,,24.5,,TRUE,2018-02/2018-07
GGDSFL6,Eli,150.619164454,-32.546847092,E. euge,Eucalyptus eugenioides,28.7,Stringy,,0.1,,TRUE,2018-02/2018-07
GGDSFL6,Eli,150.619164454,-32.546847092,E. euge,Eucalyptus eugenioides,31,Stringy,,17.5,,TRUE,2018-02/2018-07
GGDSFL6,Eli,150.619164454,-32.546847092,E. euge,Eucalyptus eugenioides,43.2,Stringy,,24,,TRUE,2018-02/2018-07
GGDSFL6,Eli,150.619164454,-32.546847092,E. nubi,Eucalyptus nubilis,11,Ironbark,,20.5,,TRUE,2018-02/2018-07
GGDSFL6,Eli,150.619164454,-32.546847092,E. nubi,Eucalyptus nubilis,13,Ironbark,,26.5,,TRUE,2018-02/2018-07
GGDSFL6,Eli,150.619164454,-32.546847092,E. punc,Eucalyptus punctata,16.6,Smooth,,12,,TRUE,2018-02/2018-07
GGDSFL6,Eli,150.619164454,-32.546847092,E. punc,Eucalyptus punctata,21,Smooth,,7.55,,TRUE,2018-02/2018-07
GGDSFL6,Eli,150.619164454,-32.546847092,E. punc,Eucalyptus punctata,30,Smooth,,7.05,,TRUE,2018-02/2018-07
GGDSFL6,Eli,150.619164454,-32.546847092,E. punc,Eucalyptus punctata,41.2,Smooth,,10.45,,TRUE,2018-02/2018-07
GGDSFL6,Eli,150.619164454,-32.546847092,E. punc,Eucalyptus punctata,48.5,Smooth,,13.95,,TRUE,2018-02/2018-07
GGWSFL5,Eli,150.625468214,-32.554090378,E. canic,Eucalyptus canaliculata,26,Smooth,,14.5,,TRUE,2018-02/2018-07
GGWSFL5,Eli,150.625468214,-32.554090378,E. canic,Eucalyptus canaliculata,51,Smooth,,16.5,,TRUE,2018-02/2018-07
GGWSFL5,Eli,150.625468214,-32.554090378,E. canic,Eucalyptus canaliculata,55.3,Smooth,,18.5,,TRUE,2018-02/2018-07
GGWSFL5,Eli,150.625468214,-32.554090378,E. canic,Eucalyptus canaliculata,85,Smooth,,23,,TRUE,2018-02/2018-07
GGWSFL5,Eli,150.625468214,-32.554090378,E. fibr,Eucalyptus fibrosa,11.1,Ironbark,,12.45,,TRUE,2018-02/2018-07
GGWSFL5,Eli,150.625468214,-32.554090378,E. fibr,Eucalyptus fibrosa,13.6,Ironbark,,27,,TRUE,2018-02/2018-07
GGWSFL5,Eli,150.625468214,-32.554090378,E. fibr,Eucalyptus fibrosa,21,Ironbark,,0.1,,TRUE,2018-02/2018-07
GGWSFL5,Eli,150.625468214,-32.554090378,E. fibr,Eucalyptus fibrosa,27.8,Ironbark,,50,,TRUE,2018-02/2018-07
GGWSFL5,Eli,150.625468214,-32.554090378,E. fibr,Eucalyptus fibrosa,39.2,Ironbark,,50,,TRUE,2018-02/2018-07
GGWSFL5,Eli,150.625468214,-32.554090378,E. fibr,Eucalyptus fibrosa,57.4,Ironbark,,18,,TRUE,2018-02/2018-07
GGWSFL5,Eli,150.625468214,-32.554090378,E. spar,Eucalyptus sparsifolia,11.3,Stringy,,8.5,,TRUE,2018-02/2018-07
GGWSFL5,Eli,150.625468214,-32.554090378,E. spar,Eucalyptus sparsifolia,18.7,Stringy,,16.5,,TRUE,2018-02/2018-07
GGWSFL5,Eli,150.625468214,-32.554090378,E. spar,Eucalyptus sparsifolia,20.2,Stringy,,14.5,,TRUE,2018-02/2018-07
GGWSFL5,Eli,150.625468214,-32.554090378,E. spar,Eucalyptus sparsifolia,37.6,Stringy,,16.5,,TRUE,2018-02/2018-07
GGWSFL5,Eli,150.625468214,-32.554090378,E. spar,Eucalyptus sparsifolia,43,Stringy,,13,,TRUE,2018-02/2018-07
GGWSFL5,Eli,150.625468214,-32.554090378,E. spar,Eucalyptus sparsifolia,46.2,Stringy,,15.5,,TRUE,2018-02/2018-07
GGWSFL5,Eli,150.625468214,-32.554090378,E. spar,Eucalyptus sparsifolia,47.6,Stringy,,17.5,,TRUE,2018-02/2018-07
Lower Blue Mountains,Harriet,150.609217,-33.768843,A_costata,Angophora costata,11.4,Smooth,Smooth,17.76,0.8133333333333335,TRUE,2019-08/2021-06
Lower Blue Mountains,Harriet,150.609217,-33.768843,A_costata,Angophora costata,13,Smooth,Smooth,18.51,0.45307692307692304,TRUE,2019-08/2021-06
Lower Blue Mountains,Harriet,150.609217,-33.768843,A_costata,Angophora costata,14.5,Smooth,Smooth,17.66,0.30416666666666664,TRUE,2019-08/2021-06
Lower Blue Mountains,Harriet,150.609217,-33.768843,A_costata,Angophora costata,15.1,Smooth,Smooth,23.56,0.36076923076923073,TRUE,2019-08/2021-06
Lower Blue Mountains,Harriet,150.609217,-33.768843,A_costata,Angophora costata,17.2,Smooth,Smooth,25.56,0.349375,TRUE,2019-08/2021-06
Lower Blue Mountains,Harriet,150.609217,-33.768843,A_costata,Angophora costata,26,Smooth,Smooth,23.21,0.36823529411764705,TRUE,2019-08/2021-06
Lower Blue Mountains,Harriet,150.609217,-33.768843,A_costata,Angophora costata,27.6,Smooth,Smooth,25.16,0.3521739130434783,TRUE,2019-08/2021-06
Lower Blue Mountains,Harriet,150.609217,-33.768843,A_costata,Angophora costata,27.7,Smooth,Smooth,28.91,0.29289473684210526,TRUE,2019-08/2021-06
Lower Blue Mountains,Harriet,150.609217,-33.768843,A_costata,Angophora costata,28,Smooth,Smooth,27.86,0.21399999999999997,TRUE,2019-08/2021-06
Lower Blue Mountains,Harriet,150.609217,-33.768843,A_costata,Angophora costata,32.9,Smooth,Smooth,27.21,0.42466666666666675,TRUE,2019-08/2021-06
Lower Blue Mountains,Harriet,150.609217,-33.768843,C_eximia,Corymbia eximia,15.4,Rough,,26.01,,TRUE,2019-08/2021-06
Lower Blue Mountains,Harriet,150.609217,-33.768843,C_eximia,Corymbia eximia,16.1,Rough,,26.26,,TRUE,2019-08/2021-06
Lower Blue Mountains,Harriet,150.609217,-33.768843,C_eximia,Corymbia eximia,18.3,Rough,,31.41,,TRUE,2019-08/2021-06
Lower Blue Mountains,Harriet,150.609217,-33.768843,C_eximia,Corymbia eximia,18.6,Rough,,33.91,,TRUE,2019-08/2021-06
Lower Blue Mountains,Harriet,150.609217,-33.768843,C_eximia,Corymbia eximia,19.5,Rough,,27.96,,TRUE,2019-08/2021-06
Lower Blue Mountains,Harriet,150.609217,-33.768843,C_eximia,Corymbia eximia,25.9,Rough,,29.51,,TRUE,2019-08/2021-06
Lower Blue Mountains,Harriet,150.609217,-33.768843,C_eximia,Corymbia eximia,34.7,Rough,,32.0767,,TRUE,2019-08/2021-06
Lower Blue Mountains,Harriet,150.609217,-33.768843,C_eximia,Corymbia eximia,36.1,Rough,,38.4767,,TRUE,2019-08/2021-06
Lower Blue Mountains,Harriet,150.609217,-33.768843,C_eximia,Corymbia eximia,36.7,Rough,,32.0767,,TRUE,2019-08/2021-06
Lower Blue Mountains,Harriet,150.609217,-33.768843,C_eximia,Corymbia eximia,39.3,Rough,,36.8433,,TRUE,2019-08/2021-06
Lower Blue Mountains,Harriet,150.609217,-33.768843,E_radiata,Eucalyptus radiata,13.9,Rough,,24.71,,TRUE,2019-08/2021-06
Lower Blue Mountains,Harriet,150.609217,-33.768843,E_radiata,Eucalyptus radiata,14.6,Rough,,25.61,,TRUE,2019-08/2021-06
Lower Blue Mountains,Harriet,150.609217,-33.768843,E_radiata,Eucalyptus radiata,15.6,Rough,,32.01,,TRUE,2019-08/2021-06
Lower Blue Mountains,Harriet,150.609217,-33.768843,E_radiata,Eucalyptus radiata,18.1,Rough,,29.06,,TRUE,2019-08/2021-06
Lower Blue Mountains,Harriet,150.609217,-33.768843,E_radiata,Eucalyptus radiata,19,Rough,,33.61,,TRUE,2019-08/2021-06
Lower Blue Mountains,Harriet,150.609217,-33.768843,E_radiata,Eucalyptus radiata,24,Rough,,32.46,,TRUE,2019-08/2021-06
Lower Blue Mountains,Harriet,150.609217,-33.768843,E_radiata,Eucalyptus radiata,28.7,Rough,,27.31,,TRUE,2019-08/2021-06
Lower Blue Mountains,Harriet,150.609217,-33.768843,E_radiata,Eucalyptus radiata,45.4,Rough,Rough,37.2767,0.4256757174042586,TRUE,2019-08/2021-06
Lower Blue Mountains,Harriet,150.609217,-33.768843,E_radiata,Eucalyptus radiata,49.3,Rough,Rough,32.5767,0.2984599166460282,TRUE,2019-08/2021-06
Lower Blue Mountains,Harriet,150.609217,-33.768843,E_radiata,Eucalyptus radiata,74,Rough,Rough,44.8433,0.3263157894736842,TRUE,2019-08/2021-06
SMDSFL7,Eli,150.233994332,-33.544525533,E. glob,Eucalyptus globoidea,10,Stringy,,14.5,,TRUE,2018-02/2018-07
SMDSFL7,Eli,150.233994332,-33.544525533,E. glob,Eucalyptus globoidea,11.7,Stringy,,18,,TRUE,2018-02/2018-07
SMDSFL7,Eli,150.233994332,-33.544525533,E. glob,Eucalyptus globoidea,15.5,Stringy,,18,,TRUE,2018-02/2018-07
SMDSFL7,Eli,150.233994332,-33.544525533,E. glob,Eucalyptus globoidea,22.5,Stringy,,28,,TRUE,2018-02/2018-07
SMDSFL7,Eli,150.233994332,-33.544525533,E. glob,Eucalyptus globoidea,28.8,Stringy,,21,,TRUE,2018-02/2018-07
SMDSFL7,Eli,150.233994332,-33.544525533,E. glob,Eucalyptus globoidea,29.5,Stringy,,23,,TRUE,2018-02/2018-07
SMDSFL7,Eli,150.233994332,-33.544525533,E. glob,Eucalyptus globoidea,36,Stringy,,17.5,,TRUE,2018-02/2018-07
SMDSFL7,Eli,150.233994332,-33.544525533,E. glob,Eucalyptus globoidea,50.5,Stringy,,17,,TRUE,2018-02/2018-07
SMDSFL7,Eli,150.233994332,-33.544525533,E. glob,Eucalyptus globoidea,52.5,Stringy,,24,,TRUE,2018-02/2018-07
SMDSFL7,Eli,150.233994332,-33.544525533,E. pip,Eucalyptus piperita,10.3,Rough,,8.5,,TRUE,2018-02/2018-07
SMDSFL7,Eli,150.233994332,-33.544525533,E. pip,Eucalyptus piperita,11.4,Rough,,12.5,,TRUE,2018-02/2018-07
SMDSFL7,Eli,150.233994332,-33.544525533,E. pip,Eucalyptus piperita,14.7,Rough,,10.95,,TRUE,2018-02/2018-07
SMDSFL7,Eli,150.233994332,-33.544525533,E. pip,Eucalyptus piperita,16.5,Rough,,9.45,,TRUE,2018-02/2018-07
SMDSFL7,Eli,150.233994332,-33.544525533,E. pip,Eucalyptus piperita,17.2,Rough,,11.95,,TRUE,2018-02/2018-07
SMDSFL7,Eli,150.233994332,-33.544525533,E. pip,Eucalyptus piperita,20.5,Rough,,14,,TRUE,2018-02/2018-07
SMDSFL7,Eli,150.233994332,-33.544525533,E. pip,Eucalyptus piperita,22.5,Rough,,21,,TRUE,2018-02/2018-07
SMDSFL7,Eli,150.233994332,-33.544525533,E. pip,Eucalyptus piperita,25,Rough,,12.95,,TRUE,2018-02/2018-07
SMDSFL7,Eli,150.233994332,-33.544525533,E. pip,Eucalyptus piperita,36,Rough,,21.5,,TRUE,2018-02/2018-07
SMDSFL7,Eli,150.233994332,-33.544525533,E. pip,Eucalyptus piperita,61.5,Rough,,21,,TRUE,2018-02/2018-07
SMDSFL7,Eli,150.233994332,-33.544525533,E. pip,Eucalyptus piperita,81,Rough,,24,,TRUE,2018-02/2018-07
SMDSFL7,Eli,150.233994332,-33.544525533,E. pip,Eucalyptus piperita,105,Rough,,24,,TRUE,2018-02/2018-07
SMDSFL7,Eli,150.233994332,-33.544525533,E. scler,Eucalyptus racemosa,17.5,Smooth,,15.5,,TRUE,2018-02/2018-07
SMDSFL7,Eli,150.233994332,-33.544525533,E. scler,Eucalyptus racemosa,22,Smooth,,26,,TRUE,2018-02/2018-07
SMDSFL7,Eli,150.233994332,-33.544525533,E. scler,Eucalyptus racemosa,22.5,Smooth,,19.5,,TRUE,2018-02/2018-07
SMDSFL7,Eli,150.233994332,-33.544525533,E. scler,Eucalyptus racemosa,23,Smooth,,24,,TRUE,2018-02/2018-07
SMDSFL7,Eli,150.233994332,-33.544525533,E. scler,Eucalyptus racemosa,28,Smooth,,12,,TRUE,2018-02/2018-07
SMDSFL7,Eli,150.233994332,-33.544525533,E. sieb,Eucalyptus sieberi,10,Rough,,20,,TRUE,2018-02/2018-07
SMDSFL7,Eli,150.233994332,-33.544525533,E. sieb,Eucalyptus sieberi,11.5,Rough,,11.45,,TRUE,2018-02/2018-07
SMDSFL7,Eli,150.233994332,-33.544525533,E. sieb,Eucalyptus sieberi,21.5,Rough,,22.5,,TRUE,2018-02/2018-07
SMDSFL7,Eli,150.233994332,-33.544525533,E. sieb,Eucalyptus sieberi,24,Rough,,19,,TRUE,2018-02/2018-07
SMDSFL7,Eli,150.233994332,-33.544525533,E. sieb,Eucalyptus sieberi,43.5,Rough,,34,,TRUE,2018-02/2018-07
SMDSFL7,Eli,150.233994332,-33.544525533,E. sieb,Eucalyptus sieberi,57,Rough,,34,,TRUE,2018-02/2018-07
SMDSFL7,Eli,150.233994332,-33.544525533,E. sieb,Eucalyptus sieberi,59.5,Rough,,16.5,,TRUE,2018-02/2018-07
SMDSFL7,Eli,150.233994332,-33.544525533,E. sieb,Eucalyptus sieberi,61,Rough,,24,,TRUE,2018-02/2018-07
SMWSFL14,Eli,150.172692209,-33.450858948,E. fas,Eucalyptus fastigata,17,Rough,,18.5,,TRUE,2018-02/2018-07
SMWSFL14,Eli,150.172692209,-33.450858948,E. fas,Eucalyptus fastigata,17.5,Rough,,17.5,,TRUE,2018-02/2018-07
SMWSFL14,Eli,150.172692209,-33.450858948,E. fas,Eucalyptus fastigata,20,Rough,,0.1,,TRUE,2018-02/2018-07
SMWSFL14,Eli,150.172692209,-33.450858948,E. fas,Eucalyptus fastigata,27,Rough,,18.5,,TRUE,2018-02/2018-07
SMWSFL14,Eli,150.172692209,-33.450858948,E. fas,Eucalyptus fastigata,29,Rough,,12.5,,TRUE,2018-02/2018-07
SMWSFL14,Eli,150.172692209,-33.450858948,E. fas,Eucalyptus fastigata,34,Rough,,17,,TRUE,2018-02/2018-07
SMWSFL14,Eli,150.172692209,-33.450858948,E. fas,Eucalyptus fastigata,38,Rough,,30,,TRUE,2018-02/2018-07
SMWSFL14,Eli,150.172692209,-33.450858948,E. fas,Eucalyptus fastigata,41,Rough,,21,,TRUE,2018-02/2018-07
SMWSFL14,Eli,150.172692209,-33.450858948,E. fas,Eucalyptus fastigata,46.5,Rough,,16.5,,TRUE,2018-02/2018-07
SMWSFL14,Eli,150.172692209,-33.450858948,E. fas,Eucalyptus fastigata,56,Rough,,25,,TRUE,2018-02/2018-07
SMWSFL14,Eli,150.172692209,-33.450858948,E. fas,Eucalyptus fastigata,60,Rough,,22.5,,TRUE,2018-02/2018-07
SMWSFL14,Eli,150.172692209,-33.450858948,E. fas,Eucalyptus fastigata,63,Rough,,27,,TRUE,2018-02/2018-07
SMWSFL14,Eli,150.172692209,-33.450858948,E. fas,Eucalyptus fastigata,65,Rough,,27.5,,TRUE,2018-02/2018-07
SMWSFL14,Eli,150.172692209,-33.450858948,E. pip,Eucalyptus piperita,96,Rough,,13.5,,TRUE,2018-02/2018-07
SMWSFL14,Eli,150.172692209,-33.450858948,E. rad,Eucalyptus radiata,13,Rough,,0.1,,TRUE,2018-02/2018-07
SMWSFL14,Eli,150.172692209,-33.450858948,E. rad,Eucalyptus radiata,15,Rough,,9,,TRUE,2018-02/2018-07
SMWSFL14,Eli,150.172692209,-33.450858948,E. rad,Eucalyptus radiata,22.5,Rough,,16.5,,TRUE,2018-02/2018-07
SMWSFL9,Eli,150.175216504,-33.445317967,E. fas,Eucalyptus fastigata,12.5,Rough,,14.5,,TRUE,2018-02/2018-07
SMWSFL9,Eli,150.175216504,-33.445317967,E. fas,Eucalyptus fastigata,12.5,Rough,,14.5,,TRUE,2018-02/2018-07
SMWSFL9,Eli,150.175216504,-33.445317967,E. fas,Eucalyptus fastigata,20,Rough,,12,,TRUE,2018-02/2018-07
SMWSFL9,Eli,150.175216504,-33.445317967,E. fas,Eucalyptus fastigata,20.5,Rough,,0.1,,TRUE,2018-02/2018-07
SMWSFL9,Eli,150.175216504,-33.445317967,E. fas,Eucalyptus fastigata,28,Rough,,9.5,,TRUE,2018-02/2018-07
SMWSFL9,Eli,150.175216504,-33.445317967,E. fas,Eucalyptus fastigata,32,Rough,,11.5,,TRUE,2018-02/2018-07
SMWSFL9,Eli,150.175216504,-33.445317967,E. fas,Eucalyptus fastigata,32,Rough,,17.5,,TRUE,2018-02/2018-07
SMWSFL9,Eli,150.175216504,-33.445317967,E. fas,Eucalyptus fastigata,41,Rough,,26,,TRUE,2018-02/2018-07
SMWSFL9,Eli,150.175216504,-33.445317967,E. fas,Eucalyptus fastigata,50,Rough,,24,,TRUE,2018-02/2018-07
SMWSFL9,Eli,150.175216504,-33.445317967,E. fas,Eucalyptus fastigata,56,Rough,,23.5,,TRUE,2018-02/2018-07
SMWSFL9,Eli,150.175216504,-33.445317967,E. fas,Eucalyptus fastigata,57,Rough,,19,,TRUE,2018-02/2018-07
SMWSFL9,Eli,150.175216504,-33.445317967,E. fas,Eucalyptus fastigata,57.8,Rough,,24.5,,TRUE,2018-02/2018-07
SMWSFL9,Eli,150.175216504,-33.445317967,E. fas,Eucalyptus fastigata,63,Rough,,24,,TRUE,2018-02/2018-07
SMWSFL9,Eli,150.175216504,-33.445317967,E. fas,Eucalyptus fastigata,69,Rough,,29,,TRUE,2018-02/2018-07
SMWSFL9,Eli,150.175216504,-33.445317967,E. fas,Eucalyptus fastigata,72,Rough,,22,,TRUE,2018-02/2018-07
SMWSFL9,Eli,150.175216504,-33.445317967,E. oread,Eucalyptus oreades,41,Stocking,,15,,TRUE,2018-02/2018-07
SMWSFL9,Eli,150.175216504,-33.445317967,E. rad,Eucalyptus radiata,28,Rough,,8.5,,TRUE,2018-02/2018-07
SMWSFL9,Eli,150.175216504,-33.445317967,E. rad,Eucalyptus radiata,34,Rough,,15,,TRUE,2018-02/2018-07
SMWSFL9,Eli,150.175216504,-33.445317967,E. rad,Eucalyptus radiata,38,Rough,,7,,TRUE,2018-02/2018-07
SMWSFL9,Eli,150.175216504,-33.445317967,E. rad,Eucalyptus radiata,41.5,Rough,,8,,TRUE,2018-02/2018-07
SMWSFL9,Eli,150.175216504,-33.445317967,E. rad,Eucalyptus radiata,42,Rough,,10,,TRUE,2018-02/2018-07
SMWSFL9,Eli,150.175216504,-33.445317967,E. rad,Eucalyptus radiata,42,Rough,,13.5,,TRUE,2018-02/2018-07
SMWSFL9,Eli,150.175216504,-33.445317967,E. rad,Eucalyptus radiata,43.5,Rough,,10,,TRUE,2018-02/2018-07
Worimi Trail,Harriet,152.128889,-32.746944,A_costata,Angophora costata,13,Smooth,Smooth,17.41,0.35413793103448277,TRUE,2019-08/2021-06
Worimi Trail,Harriet,152.128889,-32.746944,A_costata,Angophora costata,14.5,Smooth,Smooth,21.66,0.37583333333333335,TRUE,2019-08/2021-06
Worimi Trail,Harriet,152.128889,-32.746944,A_costata,Angophora costata,22.3,Smooth,Smooth,27.31,0.30886363636363634,TRUE,2019-08/2021-06
Worimi Trail,Harriet,152.128889,-32.746944,A_costata,Angophora costata,24.4,Smooth,Smooth,26.41,0.2478125,TRUE,2019-08/2021-06
Worimi Trail,Harriet,152.128889,-32.746944,A_costata,Angophora costata,30,Smooth,Smooth,25.3767,0.3521428571428571,TRUE,2019-08/2021-06
Worimi Trail,Harriet,152.128889,-32.746944,A_costata,Angophora costata,39.6,Smooth,Smooth,30.0433,0.28185185185185185,TRUE,2019-08/2021-06
Worimi Trail,Harriet,152.128889,-32.746944,A_costata,Angophora costata,42.3,Smooth,Smooth,27.2767,0.36615738498789346,TRUE,2019-08/2021-06
Worimi Trail,Harriet,152.128889,-32.746944,A_costata,Angophora costata,45.7,Smooth,Smooth,31.61,0.31216783216783217,TRUE,2019-08/2021-06
Worimi Trail,Harriet,152.128889,-32.746944,A_costata,Angophora costata,49,Smooth,Smooth,28.8767,0.3651923076923077,TRUE,2019-08/2021-06
Worimi Trail,Harriet,152.128889,-32.746944,A_costata,Angophora costata,67.9,Smooth,Smooth,28.1433,0.34556573957016434,TRUE,2019-08/2021-06
Worimi Trail,Harriet,152.128889,-32.746944,C_gummifera,Corymbia gummifera,11.8,Rough,Rough,31.66,0.237421875,TRUE,2019-08/2021-06
Worimi Trail,Harriet,152.128889,-32.746944,C_gummifera,Corymbia gummifera,12.9,Rough,Rough,32.71,0.14887640449438203,TRUE,2019-08/2021-06
Worimi Trail,Harriet,152.128889,-32.746944,C_gummifera,Corymbia gummifera,16.8,Rough,Rough,42.11,0.2118085106382979,TRUE,2019-08/2021-06
Worimi Trail,Harriet,152.128889,-32.746944,C_gummifera,Corymbia gummifera,19.3,Rough,Rough,43.06,0.25598360655737706,TRUE,2019-08/2021-06
Worimi Trail,Harriet,152.128889,-32.746944,C_gummifera,Corymbia gummifera,20.5,Rough,Rough,40.51,0.22806324110671936,TRUE,2019-08/2021-06
Worimi Trail,Harriet,152.128889,-32.746944,C_gummifera,Corymbia gummifera,22.5,Rough,Rough,48.01,0.22783505154639175,TRUE,2019-08/2021-06
Worimi Trail,Harriet,152.128889,-32.746944,C_gummifera,Corymbia gummifera,44.5,Rough,Rough,48.2433,0.3006952965235174,TRUE,2019-08/2021-06
Worimi Trail,Harriet,152.128889,-32.746944,C_gummifera,Corymbia gummifera,46.1,Rough,Rough,47.6767,0.3270851007423118,TRUE,2019-08/2021-06
Worimi Trail,Harriet,152.128889,-32.746944,C_gummifera,Corymbia gummifera,48.4,Rough,Rough,40.5433,0.4497890719164323,TRUE,2019-08/2021-06
Worimi Trail,Harriet,152.128889,-32.746944,C_gummifera,Corymbia gummifera,65.7,Rough,Rough,56.6433,0.338735119047619,TRUE,2019-08/2021-06
Worimi Trail,Harriet,152.128889,-32.746944,E_pilularis,Eucalyptus pilularis,66.9,Stocking,Smooth,42.5433,0.530405430308987,TRUE,2019-08/2021-06
Worimi Trail,Harriet,152.128889,-32.746944,E_pilularis,Eucalyptus pilularis,76.4,Stocking,Smooth,42.4433,0.40170868347338934,TRUE,2019-08/2021-06
Worimi Trail,Harriet,152.128889,-32.746944,E_pilularis,Eucalyptus pilularis,76.9,Stocking,Smooth,42.1433,0.27303981400755595,TRUE,2019-08/2021-06
Worimi Trail,Harriet,152.128889,-32.746944,E_pilularis,Eucalyptus pilularis,79.1,Stocking,Smooth,43.31,0.40627397558849165,TRUE,2019-08/2021-06
Worimi Trail,Harriet,152.128889,-32.746944,E_pilularis,Eucalyptus pilularis,79.7,Stocking,Smooth,45.8767,0.578804347826087,TRUE,2019-08/2021-06
Worimi Trail,Harriet,152.128889,-32.746944,E_pilularis,Eucalyptus pilularis,80,Stocking,Smooth,48.4767,0.5801618237656508,TRUE,2019-08/2021-06
Worimi Trail,Harriet,152.128889,-32.746944,E_pilularis,Eucalyptus pilularis,86.8,Stocking,Smooth,48.6767,0.4386698292220114,TRUE,2019-08/2021-06
Worimi Trail,Harriet,152.128889,-32.746944,E_pilularis,Eucalyptus pilularis,87.8,Stocking,Smooth,44.8433,0.41840983102918583,TRUE,2019-08/2021-06
Worimi Trail,Harriet,152.128889,-32.746944,E_pilularis,Eucalyptus pilularis,89,Stocking,Smooth,54.2767,0.480567678684377,TRUE,2019-08/2021-06
Worimi Trail,Harriet,152.128889,-32.746944,E_pilularis,Eucalyptus pilularis,89.7,Stocking,Smooth,51.61,0.3874676614617019,TRUE,2019-08/2021-06
YGWSFL21,Eli,150.733954985,-33.109924164,A. flor,Angophora floribunda,92,Rough,,29.5,,TRUE,2018-02/2018-07
YGWSFL21,Eli,150.733954985,-33.109924164,E. beye,Eucalyptus beyeriana,18.6,Ironbark,,10.45,,TRUE,2018-02/2018-07
YGWSFL21,Eli,150.733954985,-33.109924164,E. beye,Eucalyptus beyeriana,50.2,Ironbark,,42.5,,TRUE,2018-02/2018-07
YGWSFL21,Eli,150.733954985,-33.109924164,E. beye,Eucalyptus beyeriana,72,Ironbark,,50,,TRUE,2018-02/2018-07
YGWSFL21,Eli,150.733954985,-33.109924164,E. beye,Eucalyptus beyeriana,76,Ironbark,,50,,TRUE,2018-02/2018-07
YGWSFL21,Eli,150.733954985,-33.109924164,E. beye,Eucalyptus beyeriana,78.5,Ironbark,,50,,TRUE,2018-02/2018-07
YGWSFL21,Eli,150.733954985,-33.109924164,E. beye,Eucalyptus beyeriana,107,Ironbark,,50,,TRUE,2018-02/2018-07
YGWSFL21,Eli,150.733954985,-33.109924164,E. expr,Eucalyptus expressa,28.9,Stringy,,18,,TRUE,2018-02/2018-07
YGWSFL21,Eli,150.733954985,-33.109924164,E. expr,Eucalyptus expressa,47.4,Stringy,,22,,TRUE,2018-02/2018-07
YGWSFL21,Eli,150.733954985,-33.109924164,E. expr,Eucalyptus expressa,108,Stringy,,,,TRUE,2018-02/2018-07
YGWSFL21,Eli,150.733954985,-33.109924164,E. expr,Eucalyptus expressa,137,Stringy,,19.5,,TRUE,2018-02/2018-07
Budderoo National Park - 1,Harriet,150.697317,-34.653767,E_sieberi,Eucalyptus sieberi,13.9,Rough,Rough,28.16,0.0759250609014129,TRUE,2019-08/2021-06
Budderoo National Park - 1,Harriet,150.697317,-34.653767,E_sieberi,Eucalyptus sieberi,15,Rough,Rough,33.06,0.09081487557373055,TRUE,2019-08/2021-06
Budderoo National Park - 1,Harriet,150.697317,-34.653767,E_sieberi,Eucalyptus sieberi,16.8,Rough,Rough,36.91,0.03906881452853962,TRUE,2019-08/2021-06
Budderoo National Park - 1,Harriet,150.697317,-34.653767,E_sieberi,Eucalyptus sieberi,21.2,Rough,Rough,46.31,0.1903594236747682,TRUE,2019-08/2021-06
Budderoo National Park - 1,Harriet,150.697317,-34.653767,E_sieberi,Eucalyptus sieberi,26.5,Rough,Rough,46.66,0.03500915330616726,TRUE,2019-08/2021-06
Budderoo National Park - 1,Harriet,150.697317,-34.653767,E_sieberi,Eucalyptus sieberi,33.5,Rough,Rough,50.11,0.05726403339045977,TRUE,2019-08/2021-06
Budderoo National Park - 1,Harriet,150.697317,-34.653767,E_sieberi,Eucalyptus sieberi,38.6,Rough,Rough,39.9433,0.10829793058543916,TRUE,2019-08/2021-06
Budderoo National Park - 1,Harriet,150.697317,-34.653767,E_sieberi,Eucalyptus sieberi,39.2,Rough,Rough,45.5767,0.14687704333910123,TRUE,2019-08/2021-06
Budderoo National Park - 1,Harriet,150.697317,-34.653767,E_sieberi,Eucalyptus sieberi,40.6,Rough,Rough,50.71,0.09887417815969243,TRUE,2019-08/2021-06
Budderoo National Park - 1,Harriet,150.697317,-34.653767,E_sieberi,Eucalyptus sieberi,51.5,Rough,Rough,36.9767,0.017208577942826268,TRUE,2019-08/2021-06
DMDSFL1,Eli,150.631419185,-34.340668298,C. gumm,Corymbia gummifera,11.3,Rough,,14.5,,TRUE,2018-02/2018-07
DMDSFL1,Eli,150.631419185,-34.340668298,C. gumm,Corymbia gummifera,11.6,Rough,,20,,TRUE,2018-02/2018-07
DMDSFL1,Eli,150.631419185,-34.340668298,C. gumm,Corymbia gummifera,11.7,Rough,,16,,TRUE,2018-02/2018-07
DMDSFL1,Eli,150.631419185,-34.340668298,C. gumm,Corymbia gummifera,12.1,Rough,,23,,TRUE,2018-02/2018-07
DMDSFL1,Eli,150.631419185,-34.340668298,C. gumm,Corymbia gummifera,12.9,Rough,,8.05,,TRUE,2018-02/2018-07
DMDSFL1,Eli,150.631419185,-34.340668298,C. gumm,Corymbia gummifera,13.2,Rough,,20,,TRUE,2018-02/2018-07
DMDSFL1,Eli,150.631419185,-34.340668298,C. gumm,Corymbia gummifera,13.4,Rough,,26.5,,TRUE,2018-02/2018-07
DMDSFL1,Eli,150.631419185,-34.340668298,C. gumm,Corymbia gummifera,14.6,Rough,,22,,TRUE,2018-02/2018-07
DMDSFL1,Eli,150.631419185,-34.340668298,C. gumm,Corymbia gummifera,17.9,Rough,,19,,TRUE,2018-02/2018-07
DMDSFL1,Eli,150.631419185,-34.340668298,C. gumm,Corymbia gummifera,18.4,Rough,,19,,TRUE,2018-02/2018-07
DMDSFL1,Eli,150.631419185,-34.340668298,C. gumm,Corymbia gummifera,20.6,Rough,,21.5,,TRUE,2018-02/2018-07
DMDSFL1,Eli,150.631419185,-34.340668298,C. gumm,Corymbia gummifera,20.7,Rough,,9.5,,TRUE,2018-02/2018-07
DMDSFL1,Eli,150.631419185,-34.340668298,C. gumm,Corymbia gummifera,21.5,Rough,,24.5,,TRUE,2018-02/2018-07
DMDSFL1,Eli,150.631419185,-34.340668298,C. gumm,Corymbia gummifera,22.1,Rough,,26,,TRUE,2018-02/2018-07
DMDSFL1,Eli,150.631419185,-34.340668298,C. gumm,Corymbia gummifera,30.8,Rough,,15,,TRUE,2018-02/2018-07
DMDSFL1,Eli,150.631419185,-34.340668298,E. oblo,Eucalyptus oblonga,22.5,Stringy,,9.45,,TRUE,2018-02/2018-07
DMDSFL1,Eli,150.631419185,-34.340668298,E. oblo,Eucalyptus oblonga,24.8,Stringy,,8.45,,TRUE,2018-02/2018-07
DMDSFL1,Eli,150.631419185,-34.340668298,E. oblo,Eucalyptus oblonga,27.4,Stringy,,8,,TRUE,2018-02/2018-07
DMDSFL1,Eli,150.631419185,-34.340668298,E. oblo,Eucalyptus oblonga,37.2,Stringy,,7.95,,TRUE,2018-02/2018-07
DMDSFL1,Eli,150.631419185,-34.340668298,E. pip,Eucalyptus piperita,12.2,Rough,,10,,TRUE,2018-02/2018-07
DMDSFL1,Eli,150.631419185,-34.340668298,E. pip,Eucalyptus piperita,12.4,Rough,,9,,TRUE,2018-02/2018-07
DMDSFL1,Eli,150.631419185,-34.340668298,E. pip,Eucalyptus piperita,18.4,Rough,,13.5,,TRUE,2018-02/2018-07
DMDSFL1,Eli,150.631419185,-34.340668298,E. pip,Eucalyptus piperita,19.6,Rough,,11.95,,TRUE,2018-02/2018-07
DMDSFL1,Eli,150.631419185,-34.340668298,E. pip,Eucalyptus piperita,20.4,Rough,,10.95,,TRUE,2018-02/2018-07
DMDSFL1,Eli,150.631419185,-34.340668298,E. pip,Eucalyptus piperita,32.6,Rough,,14,,TRUE,2018-02/2018-07
DMDSFL1,Eli,150.631419185,-34.340668298,E. pip,Eucalyptus piperita,41.9,Rough,,16,,TRUE,2018-02/2018-07
DMDSFL4,Eli,150.643827,-34.324508383,C. gumm,Corymbia gummifera,10.1,Rough,,16.5,,TRUE,2018-02/2018-07
DMDSFL4,Eli,150.643827,-34.324508383,C. gumm,Corymbia gummifera,10.6,Rough,,16,,TRUE,2018-02/2018-07
DMDSFL4,Eli,150.643827,-34.324508383,C. gumm,Corymbia gummifera,10.6,Rough,,17.5,,TRUE,2018-02/2018-07
DMDSFL4,Eli,150.643827,-34.324508383,C. gumm,Corymbia gummifera,11.2,Rough,,15.95,,TRUE,2018-02/2018-07
DMDSFL4,Eli,150.643827,-34.324508383,C. gumm,Corymbia gummifera,11.2,Rough,,17,,TRUE,2018-02/2018-07
DMDSFL4,Eli,150.643827,-34.324508383,C. gumm,Corymbia gummifera,11.3,Rough,,15.5,,TRUE,2018-02/2018-07
DMDSFL4,Eli,150.643827,-34.324508383,C. gumm,Corymbia gummifera,11.4,Rough,,17,,TRUE,2018-02/2018-07
DMDSFL4,Eli,150.643827,-34.324508383,C. gumm,Corymbia gummifera,12.1,Rough,,19,,TRUE,2018-02/2018-07
DMDSFL4,Eli,150.643827,-34.324508383,C. gumm,Corymbia gummifera,12.3,Rough,,24,,TRUE,2018-02/2018-07
DMDSFL4,Eli,150.643827,-34.324508383,C. gumm,Corymbia gummifera,15.3,Rough,,20,,TRUE,2018-02/2018-07
DMDSFL4,Eli,150.643827,-34.324508383,C. gumm,Corymbia gummifera,16.7,Rough,,14.5,,TRUE,2018-02/2018-07
DMDSFL4,Eli,150.643827,-34.324508383,C. gumm,Corymbia gummifera,19.7,Rough,,20,,TRUE,2018-02/2018-07
DMDSFL4,Eli,150.643827,-34.324508383,C. gumm,Corymbia gummifera,23.9,Rough,,19,,TRUE,2018-02/2018-07
DMDSFL4,Eli,150.643827,-34.324508383,C. gumm,Corymbia gummifera,24.6,Rough,,18,,TRUE,2018-02/2018-07
DMDSFL4,Eli,150.643827,-34.324508383,C. gumm,Corymbia gummifera,26.4,Rough,,24.5,,TRUE,2018-02/2018-07
DMDSFL4,Eli,150.643827,-34.324508383,C. gumm,Corymbia gummifera,30.8,Rough,,14,,TRUE,2018-02/2018-07
DMDSFL4,Eli,150.643827,-34.324508383,E. oblo,Eucalyptus oblonga,31.9,Stringy,,10.45,,TRUE,2018-02/2018-07
DMDSFL4,Eli,150.643827,-34.324508383,E. oblo,Eucalyptus oblonga,36.1,Stringy,,10.45,,TRUE,2018-02/2018-07
DMDSFL4,Eli,150.643827,-34.324508383,E. oblo,Eucalyptus oblonga,51.5,Stringy,,17.5,,TRUE,2018-02/2018-07
DMDSFL4,Eli,150.643827,-34.324508383,E. oblo,Eucalyptus oblonga,51.6,Stringy,,9.5,,TRUE,2018-02/2018-07
DMDSFL4,Eli,150.643827,-34.324508383,E. oblo,Eucalyptus oblonga,52.7,Stringy,,13,,TRUE,2018-02/2018-07
DMDSFL4,Eli,150.643827,-34.324508383,E. oblo,Eucalyptus oblonga,53.9,Stringy,,10.45,,TRUE,2018-02/2018-07
DMDSFL4,Eli,150.643827,-34.324508383,E. scler,Eucalyptus racemosa,59.2,Smooth,,10.5,,TRUE,2018-02/2018-07
DMDSFL4,Eli,150.643827,-34.324508383,E. sieb,Eucalyptus sieberi,26.9,Rough,,22,,TRUE,2018-02/2018-07
DMDSFL4,Eli,150.643827,-34.324508383,E. sieb,Eucalyptus sieberi,38.3,Rough,,23,,TRUE,2018-02/2018-07
DMDSFL6,Eli,150.657093955,-34.342920592,C. gumm,Corymbia gummifera,10,Rough,,19.5,,TRUE,2018-02/2018-07
DMDSFL6,Eli,150.657093955,-34.342920592,C. gumm,Corymbia gummifera,10.4,Rough,,10.05,,TRUE,2018-02/2018-07
DMDSFL6,Eli,150.657093955,-34.342920592,C. gumm,Corymbia gummifera,10.7,Rough,,17.5,,TRUE,2018-02/2018-07
DMDSFL6,Eli,150.657093955,-34.342920592,C. gumm,Corymbia gummifera,10.7,Rough,,21.5,,TRUE,2018-02/2018-07
DMDSFL6,Eli,150.657093955,-34.342920592,C. gumm,Corymbia gummifera,12.3,Rough,,15,,TRUE,2018-02/2018-07
DMDSFL6,Eli,150.657093955,-34.342920592,C. gumm,Corymbia gummifera,13.7,Rough,,21.5,,TRUE,2018-02/2018-07
DMDSFL6,Eli,150.657093955,-34.342920592,C. gumm,Corymbia gummifera,14,Rough,,23,,TRUE,2018-02/2018-07
DMDSFL6,Eli,150.657093955,-34.342920592,C. gumm,Corymbia gummifera,14.1,Rough,,20,,TRUE,2018-02/2018-07
DMDSFL6,Eli,150.657093955,-34.342920592,C. gumm,Corymbia gummifera,14.3,Rough,,19.5,,TRUE,2018-02/2018-07
DMDSFL6,Eli,150.657093955,-34.342920592,C. gumm,Corymbia gummifera,14.6,Rough,,20,,TRUE,2018-02/2018-07
DMDSFL6,Eli,150.657093955,-34.342920592,C. gumm,Corymbia gummifera,18.1,Rough,,17.5,,TRUE,2018-02/2018-07
DMDSFL6,Eli,150.657093955,-34.342920592,C. gumm,Corymbia gummifera,18.7,Rough,,24,,TRUE,2018-02/2018-07
DMDSFL6,Eli,150.657093955,-34.342920592,C. gumm,Corymbia gummifera,20.6,Rough,,27,,TRUE,2018-02/2018-07
DMDSFL6,Eli,150.657093955,-34.342920592,C. gumm,Corymbia gummifera,20.6,Rough,,34.5,,TRUE,2018-02/2018-07
DMDSFL6,Eli,150.657093955,-34.342920592,C. gumm,Corymbia gummifera,22.6,Rough,,27,,TRUE,2018-02/2018-07
DMDSFL6,Eli,150.657093955,-34.342920592,C. gumm,Corymbia gummifera,23.9,Rough,,16.5,,TRUE,2018-02/2018-07
DMDSFL6,Eli,150.657093955,-34.342920592,C. gumm,Corymbia gummifera,25.4,Rough,,26.5,,TRUE,2018-02/2018-07
DMDSFL6,Eli,150.657093955,-34.342920592,C. gumm,Corymbia gummifera,27.8,Rough,,22,,TRUE,2018-02/2018-07
DMDSFL6,Eli,150.657093955,-34.342920592,C. gumm,Corymbia gummifera,27.9,Rough,,30,,TRUE,2018-02/2018-07
DMDSFL6,Eli,150.657093955,-34.342920592,C. gumm,Corymbia gummifera,28.6,Rough,,23.5,,TRUE,2018-02/2018-07
DMDSFL6,Eli,150.657093955,-34.342920592,C. gumm,Corymbia gummifera,41.1,Rough,,0.1,,TRUE,2018-02/2018-07
DMDSFL6,Eli,150.657093955,-34.342920592,E. oblo,Eucalyptus oblonga,21.3,Stringy,,20,,TRUE,2018-02/2018-07
DMDSFL6,Eli,150.657093955,-34.342920592,E. oblo,Eucalyptus oblonga,34.8,Stringy,,19,,TRUE,2018-02/2018-07
DMDSFL6,Eli,150.657093955,-34.342920592,E. oblo,Eucalyptus oblonga,36.4,Stringy,,15.5,,TRUE,2018-02/2018-07
DMDSFL6,Eli,150.657093955,-34.342920592,E. oblo,Eucalyptus oblonga,45.9,Stringy,,12,,TRUE,2018-02/2018-07
DMDSFL6,Eli,150.657093955,-34.342920592,E. oblo,Eucalyptus oblonga,49.4,Stringy,,14.5,,TRUE,2018-02/2018-07
DMDSFL6,Eli,150.657093955,-34.342920592,E. oblo,Eucalyptus oblonga,50.7,Stringy,,5,,TRUE,2018-02/2018-07
DMDSFL6,Eli,150.657093955,-34.342920592,E. oblo,Eucalyptus oblonga,52.6,Stringy,,17.5,,TRUE,2018-02/2018-07
DMDSFL6,Eli,150.657093955,-34.342920592,E. scler,Eucalyptus racemosa,30.1,Smooth,,15,,TRUE,2018-02/2018-07
DMDSFL6,Eli,150.657093955,-34.342920592,E. scler,Eucalyptus racemosa,64.2,Smooth,,14,,TRUE,2018-02/2018-07
DMDSFL6,Eli,150.657093955,-34.342920592,E. scler,Eucalyptus racemosa,83.5,Smooth,,11.95,,TRUE,2018-02/2018-07
DMDSFL6,Eli,150.657093955,-34.342920592,E. sieb,Eucalyptus sieberi,25.3,Rough,,15.5,,TRUE,2018-02/2018-07
DMDSFL6,Eli,150.657093955,-34.342920592,E. sieb,Eucalyptus sieberi,29.8,Rough,,19.5,,TRUE,2018-02/2018-07
DMDSFL6,Eli,150.657093955,-34.342920592,E. sieb,Eucalyptus sieberi,37.1,Rough,,25,,TRUE,2018-02/2018-07
DMDSFL6,Eli,150.657093955,-34.342920592,E. sieb,Eucalyptus sieberi,58.5,Rough,,47.5,,TRUE,2018-02/2018-07
DMDSFL6,Eli,150.657093955,-34.342920592,E. spar,Eucalyptus sparsifolia,44.6,Stringy,,12,,TRUE,2018-02/2018-07
DMDSFLnew1,Eli,150.561941041,-34.341602749,C. gumm,Corymbia gummifera,10.3,Rough,,15,,TRUE,2018-02/2018-07
DMDSFLnew1,Eli,150.561941041,-34.341602749,C. gumm,Corymbia gummifera,13,Rough,,22,,TRUE,2018-02/2018-07
DMDSFLnew1,Eli,150.561941041,-34.341602749,C. gumm,Corymbia gummifera,13.2,Rough,,20.5,,TRUE,2018-02/2018-07
DMDSFLnew1,Eli,150.561941041,-34.341602749,C. gumm,Corymbia gummifera,13.3,Rough,,21.5,,TRUE,2018-02/2018-07
DMDSFLnew1,Eli,150.561941041,-34.341602749,C. gumm,Corymbia gummifera,14.6,Rough,,20,,TRUE,2018-02/2018-07
DMDSFLnew1,Eli,150.561941041,-34.341602749,C. gumm,Corymbia gummifera,20.7,Rough,,19.5,,TRUE,2018-02/2018-07
DMDSFLnew1,Eli,150.561941041,-34.341602749,C. gumm,Corymbia gummifera,21.8,Rough,,22.5,,TRUE,2018-02/2018-07
DMDSFLnew1,Eli,150.561941041,-34.341602749,C. gumm,Corymbia gummifera,27.2,Rough,,22.5,,TRUE,2018-02/2018-07
DMDSFLnew1,Eli,150.561941041,-34.341602749,C. gumm,Corymbia gummifera,42.3,Rough,,24.5,,TRUE,2018-02/2018-07
DMDSFLnew1,Eli,150.561941041,-34.341602749,E. oblo,Eucalyptus oblonga,18,Stringy,,12,,TRUE,2018-02/2018-07
DMDSFLnew1,Eli,150.561941041,-34.341602749,E. pip,Eucalyptus piperita,15.2,Rough,,10.45,,TRUE,2018-02/2018-07
DMDSFLnew1,Eli,150.561941041,-34.341602749,E. sieb,Eucalyptus sieberi,11.2,Rough,,13,,TRUE,2018-02/2018-07
DMDSFLnew1,Eli,150.561941041,-34.341602749,E. sieb,Eucalyptus sieberi,13.2,Rough,,15,,TRUE,2018-02/2018-07
DMDSFLnew1,Eli,150.561941041,-34.341602749,E. sieb,Eucalyptus sieberi,14.3,Rough,,10.5,,TRUE,2018-02/2018-07
DMDSFLnew1,Eli,150.561941041,-34.341602749,E. sieb,Eucalyptus sieberi,14.9,Rough,,9.45,,TRUE,2018-02/2018-07
DMDSFLnew1,Eli,150.561941041,-34.341602749,E. sieb,Eucalyptus sieberi,15.8,Rough,,11.5,,TRUE,2018-02/2018-07
DMDSFLnew1,Eli,150.561941041,-34.341602749,E. sieb,Eucalyptus sieberi,17.3,Rough,,15,,TRUE,2018-02/2018-07
DMDSFLnew1,Eli,150.561941041,-34.341602749,E. sieb,Eucalyptus sieberi,17.4,Rough,,10,,TRUE,2018-02/2018-07
DMDSFLnew1,Eli,150.561941041,-34.341602749,E. sieb,Eucalyptus sieberi,19.1,Rough,,14,,TRUE,2018-02/2018-07
DMDSFLnew1,Eli,150.561941041,-34.341602749,E. sieb,Eucalyptus sieberi,21.6,Rough,,12.45,,TRUE,2018-02/2018-07
DMDSFLnew1,Eli,150.561941041,-34.341602749,E. sieb,Eucalyptus sieberi,22.3,Rough,,16.5,,TRUE,2018-02/2018-07
DMDSFLnew1,Eli,150.561941041,-34.341602749,E. sieb,Eucalyptus sieberi,24.8,Rough,,13,,TRUE,2018-02/2018-07
DMDSFLnew1,Eli,150.561941041,-34.341602749,E. sieb,Eucalyptus sieberi,27.2,Rough,,15.5,,TRUE,2018-02/2018-07
DMDSFLnew1,Eli,150.561941041,-34.341602749,E. sieb,Eucalyptus sieberi,29.3,Rough,,11,,TRUE,2018-02/2018-07
DMDSFLnew1,Eli,150.561941041,-34.341602749,E. sieb,Eucalyptus sieberi,31.9,Rough,,14,,TRUE,2018-02/2018-07
DMDSFLnew1,Eli,150.561941041,-34.341602749,E. sieb,Eucalyptus sieberi,32.6,Rough,,12,,TRUE,2018-02/2018-07
DMDSFLnew1,Eli,150.561941041,-34.341602749,E. sieb,Eucalyptus sieberi,46.7,Rough,,9.05,,TRUE,2018-02/2018-07
Hayward Gully,Harriet,150.321944,-33.643889,E_deanei,Eucalyptus deanei,11.4,Smooth,Smooth,23.16,0.4268518518518518,TRUE,2019-08/2021-06
Hayward Gully,Harriet,150.321944,-33.643889,E_deanei,Eucalyptus deanei,14.8,Smooth,Smooth,31.36,0.3544,TRUE,2019-08/2021-06
Hayward Gully,Harriet,150.321944,-33.643889,E_deanei,Eucalyptus deanei,26.5,Smooth,,41.56,,TRUE,2019-08/2021-06
Hayward Gully,Harriet,150.321944,-33.643889,E_deanei,Eucalyptus deanei,26.5,Smooth,,41.76,,TRUE,2019-08/2021-06
Hayward Gully,Harriet,150.321944,-33.643889,E_deanei,Eucalyptus deanei,48.6,Smooth,Smooth,41.01,0.36481397849462366,TRUE,2019-08/2021-06
Hayward Gully,Harriet,150.321944,-33.643889,E_deanei,Eucalyptus deanei,51.8,Smooth,Smooth,45.91,0.3505490110529378,TRUE,2019-08/2021-06
Hayward Gully,Harriet,150.321944,-33.643889,E_deanei,Eucalyptus deanei,57.4,Smooth,Smooth,43.71,0.4510483976029182,TRUE,2019-08/2021-06
Hayward Gully,Harriet,150.321944,-33.643889,E_deanei,Eucalyptus deanei,57.5,Smooth,Smooth,46.31,0.3390530303030303,TRUE,2019-08/2021-06
Hayward Gully,Harriet,150.321944,-33.643889,E_deanei,Eucalyptus deanei,59.8,Smooth,Smooth,33.8767,0.5075424528301886,TRUE,2019-08/2021-06
Hayward Gully,Harriet,150.321944,-33.643889,E_deanei,Eucalyptus deanei,66.9,Smooth,Smooth,35.1767,0.43446153215223093,TRUE,2019-08/2021-06
Hayward Gully,Harriet,150.321944,-33.643889,E_piperita,Eucalyptus piperita,13.3,Rough,Rough,23.76,0.39042372881355936,TRUE,2019-08/2021-06
Hayward Gully,Harriet,150.321944,-33.643889,E_piperita,Eucalyptus piperita,15.8,Rough,Rough,26.71,0.24652777777777776,TRUE,2019-08/2021-06
Hayward Gully,Harriet,150.321944,-33.643889,E_piperita,Eucalyptus piperita,16.7,Rough,Rough,26.21,0.38809917355371903,TRUE,2019-08/2021-06
Hayward Gully,Harriet,150.321944,-33.643889,E_piperita,Eucalyptus piperita,20.8,Rough,Rough,41.91,0.36672897196261683,TRUE,2019-08/2021-06
Hayward Gully,Harriet,150.321944,-33.643889,E_piperita,Eucalyptus piperita,21.6,Rough,Rough,26.01,0.5803658536585367,TRUE,2019-08/2021-06
Hayward Gully,Harriet,150.321944,-33.643889,E_piperita,Eucalyptus piperita,22,Rough,Rough,37.81,0.3143975903614458,TRUE,2019-08/2021-06
Hayward Gully,Harriet,150.321944,-33.643889,E_piperita,Eucalyptus piperita,23.5,Rough,Rough,32.01,0.6076,TRUE,2019-08/2021-06
Hayward Gully,Harriet,150.321944,-33.643889,E_piperita,Eucalyptus piperita,27.3,Rough,Rough,43.91,0.1331496062992126,TRUE,2019-08/2021-06
Hayward Gully,Harriet,150.321944,-33.643889,E_piperita,Eucalyptus piperita,31.6,Rough,Rough,45.7433,0.81,TRUE,2019-08/2021-06
Hayward Gully,Harriet,150.321944,-33.643889,E_piperita,Eucalyptus piperita,33.2,Rough,Rough,35.6433,0.41922619047619053,TRUE,2019-08/2021-06
Hayward Gully,Harriet,150.321944,-33.643889,E_piperita,Eucalyptus piperita,37.2,Rough,Rough,34.01,0.21447916666666667,TRUE,2019-08/2021-06
Hayward Gully,Harriet,150.321944,-33.643889,E_sieberi,Eucalyptus sieberi,20.2,Rough,Rough,36.51,0.5810222222222222,TRUE,2019-08/2021-06
Hayward Gully,Harriet,150.321944,-33.643889,E_sieberi,Eucalyptus sieberi,22.5,Rough,Rough,35.81,0.47800000000000004,TRUE,2019-08/2021-06
Hayward Gully,Harriet,150.321944,-33.643889,E_sieberi,Eucalyptus sieberi,28.5,Rough,Rough,53.21,0.503,TRUE,2019-08/2021-06
Hayward Gully,Harriet,150.321944,-33.643889,E_sieberi,Eucalyptus sieberi,29.9,Rough,Rough,53.01,0.5386956521739131,TRUE,2019-08/2021-06
Hayward Gully,Harriet,150.321944,-33.643889,E_sieberi,Eucalyptus sieberi,31.2,Rough,Rough,46.8767,0.5366666666666667,TRUE,2019-08/2021-06
Hayward Gully,Harriet,150.321944,-33.643889,E_sieberi,Eucalyptus sieberi,33.2,Rough,Rough,53.2767,0.5913917525773196,TRUE,2019-08/2021-06
Hayward Gully,Harriet,150.321944,-33.643889,E_sieberi,Eucalyptus sieberi,33.6,Rough,Rough,41.4767,0.6500047824007652,TRUE,2019-08/2021-06
Hayward Gully,Harriet,150.321944,-33.643889,E_sieberi,Eucalyptus sieberi,36.5,Rough,Rough,45.01,0.04272222222222222,TRUE,2019-08/2021-06
Hayward Gully,Harriet,150.321944,-33.643889,E_sieberi,Eucalyptus sieberi,45.4,Rough,Rough,50.6767,0.6047912747151325,TRUE,2019-08/2021-06
Hayward Ridge,Harriet,150.318611,-33.642222,E_piperita,Eucalyptus piperita,15.5,Rough,Rough,25.96,0.4297826086956521,TRUE,2019-08/2021-06
Hayward Ridge,Harriet,150.318611,-33.642222,E_piperita,Eucalyptus piperita,17.6,Rough,Rough,30.66,0.3683783783783784,TRUE,2019-08/2021-06
Hayward Ridge,Harriet,150.318611,-33.642222,E_piperita,Eucalyptus piperita,18.9,Rough,Rough,26.36,0.3604166666666667,TRUE,2019-08/2021-06
Hayward Ridge,Harriet,150.318611,-33.642222,E_piperita,Eucalyptus piperita,20.9,Rough,Rough,23.01,0.3075728155339806,TRUE,2019-08/2021-06
Hayward Ridge,Harriet,150.318611,-33.642222,E_piperita,Eucalyptus piperita,22.9,Rough,Rough,27.41,0.2693939393939394,TRUE,2019-08/2021-06
Hayward Ridge,Harriet,150.318611,-33.642222,E_piperita,Eucalyptus piperita,27.3,Rough,Rough,29.31,0.4159649122807018,TRUE,2019-08/2021-06
Hayward Ridge,Harriet,150.318611,-33.642222,E_piperita,Eucalyptus piperita,29.1,Rough,Rough,24.3767,0.3482352941176471,TRUE,2019-08/2021-06
Hayward Ridge,Harriet,150.318611,-33.642222,E_piperita,Eucalyptus piperita,30.7,Rough,Rough,29.9767,0.3020786516853932,TRUE,2019-08/2021-06
Hayward Ridge,Harriet,150.318611,-33.642222,E_piperita,Eucalyptus piperita,43.9,Rough,Rough,27.3767,0.3612736842105263,TRUE,2019-08/2021-06
Hayward Ridge,Harriet,150.318611,-33.642222,E_piperita,Eucalyptus piperita,56.4,Rough,Rough,26.91,0.5124390397745802,TRUE,2019-08/2021-06
Hayward Ridge,Harriet,150.318611,-33.642222,E_racemosa,Eucalyptus racemosa,14.9,Smooth,Smooth,21.31,0.53,TRUE,2019-08/2021-06
Hayward Ridge,Harriet,150.318611,-33.642222,E_racemosa,Eucalyptus racemosa,15.3,Smooth,Smooth,18.36,0.4765656565656566,TRUE,2019-08/2021-06
Hayward Ridge,Harriet,150.318611,-33.642222,E_racemosa,Eucalyptus racemosa,21.5,Smooth,Smooth,19.51,0.571984126984127,TRUE,2019-08/2021-06
Hayward Ridge,Harriet,150.318611,-33.642222,E_racemosa,Eucalyptus racemosa,26.9,Smooth,Smooth,26.46,0.5387407407407406,TRUE,2019-08/2021-06
Hayward Ridge,Harriet,150.318611,-33.642222,E_racemosa,Eucalyptus racemosa,29,Smooth,Smooth,28.21,0.5465587044534412,TRUE,2019-08/2021-06
Hayward Ridge,Harriet,150.318611,-33.642222,E_racemosa,Eucalyptus racemosa,29.8,Smooth,Smooth,18.16,0.46505050505050505,TRUE,2019-08/2021-06
Hayward Ridge,Harriet,150.318611,-33.642222,E_racemosa,Eucalyptus racemosa,30,Smooth,Smooth,26.41,0.4998473282442748,TRUE,2019-08/2021-06
Hayward Ridge,Harriet,150.318611,-33.642222,E_racemosa,Eucalyptus racemosa,30.1,Smooth,Smooth,22.91,0.5303535353535354,TRUE,2019-08/2021-06
Hayward Ridge,Harriet,150.318611,-33.642222,E_racemosa,Eucalyptus racemosa,32.7,Smooth,Smooth,23.71,0.5060294117647058,TRUE,2019-08/2021-06
Hayward Ridge,Harriet,150.318611,-33.642222,E_racemosa,Eucalyptus racemosa,38,Smooth,Smooth,28.6767,0.4609154929577465,TRUE,2019-08/2021-06
Hayward Ridge,Harriet,150.318611,-33.642222,E_sieberi,Eucalyptus sieberi,12.2,Rough,Rough,25.06,0.5277391304347826,TRUE,2019-08/2021-06
Hayward Ridge,Harriet,150.318611,-33.642222,E_sieberi,Eucalyptus sieberi,12.4,Rough,,18.91,,TRUE,2019-08/2021-06
Hayward Ridge,Harriet,150.318611,-33.642222,E_sieberi,Eucalyptus sieberi,12.4,Rough,,24.91,,TRUE,2019-08/2021-06
Hayward Ridge,Harriet,150.318611,-33.642222,E_sieberi,Eucalyptus sieberi,13.6,Rough,Rough,19.41,0.5719148936170213,TRUE,2019-08/2021-06
Hayward Ridge,Harriet,150.318611,-33.642222,E_sieberi,Eucalyptus sieberi,16.1,Rough,,28.51,,TRUE,2019-08/2021-06
Hayward Ridge,Harriet,150.318611,-33.642222,E_sieberi,Eucalyptus sieberi,16.1,Rough,,34.16,,TRUE,2019-08/2021-06
Hayward Ridge,Harriet,150.318611,-33.642222,E_sieberi,Eucalyptus sieberi,20.6,Rough,Rough,37.81,0.7742990654205607,TRUE,2019-08/2021-06
Hayward Ridge,Harriet,150.318611,-33.642222,E_sieberi,Eucalyptus sieberi,21.6,Rough,,32.31,,TRUE,2019-08/2021-06
Hayward Ridge,Harriet,150.318611,-33.642222,E_sieberi,Eucalyptus sieberi,27.6,Rough,Rough,36.51,0.6895714285714285,TRUE,2019-08/2021-06
Hayward Ridge,Harriet,150.318611,-33.642222,E_sieberi,Eucalyptus sieberi,32.3,Rough,Rough,43.4767,0.7775961538461538,TRUE,2019-08/2021-06
Hordern Gully,Harriet,150.345833,-33.600556,E_deanei,Eucalyptus deanei,26.2,Smooth,Smooth,44.91,0.19133640552995393,TRUE,2019-08/2021-06
Hordern Gully,Harriet,150.345833,-33.600556,E_deanei,Eucalyptus deanei,29.5,Smooth,Smooth,50.5767,0.23110236220472438,TRUE,2019-08/2021-06
Hordern Gully,Harriet,150.345833,-33.600556,E_deanei,Eucalyptus deanei,43.5,Smooth,Smooth,47.4767,0.37252808988764047,TRUE,2019-08/2021-06
Hordern Gully,Harriet,150.345833,-33.600556,E_deanei,Eucalyptus deanei,63.6,Smooth,Smooth,33.71,0.3036049851516479,TRUE,2019-08/2021-06
Hordern Gully,Harriet,150.345833,-33.600556,E_deanei,Eucalyptus deanei,71.5,Smooth,Smooth,29.8767,0.4554004133298889,TRUE,2019-08/2021-06
Hordern Gully,Harriet,150.345833,-33.600556,E_deanei,Eucalyptus deanei,74.8,Smooth,Smooth,42.8767,0.4514248704663213,TRUE,2019-08/2021-06
Hordern Gully,Harriet,150.345833,-33.600556,E_deanei,Eucalyptus deanei,77,Smooth,Smooth,37.01,0.405713082437276,TRUE,2019-08/2021-06
Hordern Gully,Harriet,150.345833,-33.600556,E_deanei,Eucalyptus deanei,82.5,Smooth,Smooth,43.2433,0.2878728673637864,TRUE,2019-08/2021-06
Hordern Gully,Harriet,150.345833,-33.600556,E_deanei,Eucalyptus deanei,91.1,Smooth,Smooth,36.11,0.39577380952380953,TRUE,2019-08/2021-06
Hordern Gully,Harriet,150.345833,-33.600556,E_deanei,Eucalyptus deanei,91.9,Smooth,Smooth,38.0433,0.36951633447340493,TRUE,2019-08/2021-06
Hordern Gully,Harriet,150.345833,-33.600556,E_piperita,Eucalyptus piperita,14.6,Rough,Rough,38.4767,0.38141414141414143,TRUE,2019-08/2021-06
Hordern Gully,Harriet,150.345833,-33.600556,E_piperita,Eucalyptus piperita,23.8,Rough,Rough,44.8767,0.3020527236381809,TRUE,2019-08/2021-06
Hordern Gully,Harriet,150.345833,-33.600556,E_piperita,Eucalyptus piperita,27.6,Rough,Rough,49.01,0.3730379746835443,TRUE,2019-08/2021-06
Hordern Gully,Harriet,150.345833,-33.600556,E_piperita,Eucalyptus piperita,27.7,Rough,Rough,45.3433,0.45666666666666667,TRUE,2019-08/2021-06
Hordern Gully,Harriet,150.345833,-33.600556,E_piperita,Eucalyptus piperita,29.1,Rough,Rough,50.8767,0.4879354838709677,TRUE,2019-08/2021-06
Hordern Gully,Harriet,150.345833,-33.600556,E_piperita,Eucalyptus piperita,37.7,Rough,Rough,41.61,0.18838461538461537,TRUE,2019-08/2021-06
Hordern Gully,Harriet,150.345833,-33.600556,E_piperita,Eucalyptus piperita,41.2,Rough,Rough,35.4767,0.46057977332170874,TRUE,2019-08/2021-06
Hordern Gully,Harriet,150.345833,-33.600556,E_piperita,Eucalyptus piperita,41.9,Rough,Rough,43.41,0.4523674242424242,TRUE,2019-08/2021-06
Hordern Gully,Harriet,150.345833,-33.600556,E_piperita,Eucalyptus piperita,51,Rough,Rough,40.1433,0.43501380579843535,TRUE,2019-08/2021-06
Hordern Gully,Harriet,150.345833,-33.600556,E_piperita,Eucalyptus piperita,55.5,Rough,Rough,22.9767,0.3509333333333333,TRUE,2019-08/2021-06
Mccarrs Creek Road - 1,Harriet,151.268056,-33.659444,A_costata,Angophora costata,14.8,Smooth,Smooth,21.51,0.3548,TRUE,2019-08/2021-06
Mccarrs Creek Road - 1,Harriet,151.268056,-33.659444,A_costata,Angophora costata,23.6,Smooth,Smooth,24.36,0.4,TRUE,2019-08/2021-06
Mccarrs Creek Road - 1,Harriet,151.268056,-33.659444,A_costata,Angophora costata,30.8,Smooth,Smooth,24.81,0.386,TRUE,2019-08/2021-06
Mccarrs Creek Road - 1,Harriet,151.268056,-33.659444,A_costata,Angophora costata,40.6,Smooth,Smooth,26.7433,0.394074074074074,TRUE,2019-08/2021-06
Mccarrs Creek Road - 1,Harriet,151.268056,-33.659444,A_costata,Angophora costata,44.3,Smooth,Smooth,27.1767,0.38977272727272727,TRUE,2019-08/2021-06
Mccarrs Creek Road - 1,Harriet,151.268056,-33.659444,A_costata,Angophora costata,46.3,Smooth,Smooth,25.8433,0.3443809523809524,TRUE,2019-08/2021-06
Mccarrs Creek Road - 1,Harriet,151.268056,-33.659444,A_costata,Angophora costata,51.2,Smooth,,28.2767,,TRUE,2019-08/2021-06
Mccarrs Creek Road - 1,Harriet,151.268056,-33.659444,A_costata,Angophora costata,54.6,Smooth,Smooth,26.7767,0.29152542372881357,TRUE,2019-08/2021-06
Mccarrs Creek Road - 1,Harriet,151.268056,-33.659444,A_costata,Angophora costata,54.7,Smooth,Smooth,26.8767,0.30702675668917223,TRUE,2019-08/2021-06
Mccarrs Creek Road - 1,Harriet,151.268056,-33.659444,A_costata,Angophora costata,56.4,Smooth,Smooth,21.71,0.3707014997581035,TRUE,2019-08/2021-06
Mccarrs Creek Road - 1,Harriet,151.268056,-33.659444,C_gummifera,Corymbia gummifera,14.6,Rough,Rough,42.01,0.27027027027027023,TRUE,2019-08/2021-06
Mccarrs Creek Road - 1,Harriet,151.268056,-33.659444,C_gummifera,Corymbia gummifera,16.4,Rough,Rough,45.91,0.18093220338983051,TRUE,2019-08/2021-06
Mccarrs Creek Road - 1,Harriet,151.268056,-33.659444,C_gummifera,Corymbia gummifera,20.7,Rough,Rough,41.76,0.09761904761904762,TRUE,2019-08/2021-06
Mccarrs Creek Road - 1,Harriet,151.268056,-33.659444,C_gummifera,Corymbia gummifera,21.4,Rough,Rough,38.61,0.27508474576271186,TRUE,2019-08/2021-06
Mccarrs Creek Road - 1,Harriet,151.268056,-33.659444,C_gummifera,Corymbia gummifera,23.3,Rough,Rough,37.76,0.2328761061946903,TRUE,2019-08/2021-06
Mccarrs Creek Road - 1,Harriet,151.268056,-33.659444,C_gummifera,Corymbia gummifera,32.8,Rough,Rough,44.81,0.21458715596330274,TRUE,2019-08/2021-06
Mccarrs Creek Road - 1,Harriet,151.268056,-33.659444,C_gummifera,Corymbia gummifera,36.7,Rough,Rough,37.3433,0.4622826086956522,TRUE,2019-08/2021-06
Mccarrs Creek Road - 1,Harriet,151.268056,-33.659444,C_gummifera,Corymbia gummifera,37.1,Rough,Rough,40.9433,0.2723923444976077,TRUE,2019-08/2021-06
Mccarrs Creek Road - 1,Harriet,151.268056,-33.659444,C_gummifera,Corymbia gummifera,40.8,Rough,Rough,47.81,0.3481230878839948,TRUE,2019-08/2021-06
Mccarrs Creek Road - 1,Harriet,151.268056,-33.659444,C_gummifera,Corymbia gummifera,43.5,Rough,Rough,53.0433,0.4103614752096394,TRUE,2019-08/2021-06
Mccarrs Creek Road - 1,Harriet,151.268056,-33.659444,E_globoidea,Eucalyptus globoidea,12.8,Stringy,Stringy,26.81,0.17019607843137255,TRUE,2019-08/2021-06
Mccarrs Creek Road - 1,Harriet,151.268056,-33.659444,E_globoidea,Eucalyptus globoidea,13.4,Stringy,Stringy,32.36,0.5692857142857142,TRUE,2019-08/2021-06
Mccarrs Creek Road - 1,Harriet,151.268056,-33.659444,E_globoidea,Eucalyptus globoidea,14.5,Stringy,Stringy,32.21,0.368,TRUE,2019-08/2021-06
Mccarrs Creek Road - 1,Harriet,151.268056,-33.659444,E_globoidea,Eucalyptus globoidea,15.2,Stringy,,33.06,,TRUE,2019-08/2021-06
Mccarrs Creek Road - 1,Harriet,151.268056,-33.659444,E_globoidea,Eucalyptus globoidea,16.5,Stringy,Stringy,35.71,0.5338095238095238,TRUE,2019-08/2021-06
Mccarrs Creek Road - 1,Harriet,151.268056,-33.659444,E_globoidea,Eucalyptus globoidea,16.6,Stringy,Stringy,31.66,0.45615384615384613,TRUE,2019-08/2021-06
Mccarrs Creek Road - 1,Harriet,151.268056,-33.659444,E_globoidea,Eucalyptus globoidea,17.1,Stringy,Stringy,28.51,0.38621951219512196,TRUE,2019-08/2021-06
Mccarrs Creek Road - 1,Harriet,151.268056,-33.659444,E_globoidea,Eucalyptus globoidea,17.7,Stringy,Stringy,46.41,0.25685714285714284,TRUE,2019-08/2021-06
Mccarrs Creek Road - 1,Harriet,151.268056,-33.659444,E_globoidea,Eucalyptus globoidea,26.5,Stringy,Stringy,41.91,0.48928571428571427,TRUE,2019-08/2021-06
Mccarrs Creek Road - 1,Harriet,151.268056,-33.659444,E_globoidea,Eucalyptus globoidea,31.8,Stringy,Stringy,37.31,0.7456410256410256,TRUE,2019-08/2021-06
Orang Utan Gully,Harriet,150.338611,-33.603611,E_piperita,Eucalyptus piperita,13.6,Rough,Rough,26.86,0.37444444444444447,TRUE,2019-08/2021-06
Orang Utan Gully,Harriet,150.338611,-33.603611,E_piperita,Eucalyptus piperita,14.7,Rough,Rough,26.46,0.20784946236559138,TRUE,2019-08/2021-06
Orang Utan Gully,Harriet,150.338611,-33.603611,E_piperita,Eucalyptus piperita,14.8,Rough,Rough,26.46,0.25680555555555556,TRUE,2019-08/2021-06
Orang Utan Gully,Harriet,150.338611,-33.603611,E_piperita,Eucalyptus piperita,15.8,Rough,Rough,31.21,0.3657142857142857,TRUE,2019-08/2021-06
Orang Utan Gully,Harriet,150.338611,-33.603611,E_piperita,Eucalyptus piperita,18.4,Rough,Rough,31.16,0.46705882352941175,TRUE,2019-08/2021-06
Orang Utan Gully,Harriet,150.338611,-33.603611,E_piperita,Eucalyptus piperita,23.4,Rough,Rough,31.36,0.4281818181818182,TRUE,2019-08/2021-06
Orang Utan Gully,Harriet,150.338611,-33.603611,E_piperita,Eucalyptus piperita,25,Rough,Rough,41.96,0.21965517241379315,TRUE,2019-08/2021-06
Orang Utan Gully,Harriet,150.338611,-33.603611,E_piperita,Eucalyptus piperita,36.7,Rough,Rough,56.41,0.24614130434782608,TRUE,2019-08/2021-06
Orang Utan Gully,Harriet,150.338611,-33.603611,E_piperita,Eucalyptus piperita,58.5,Rough,Rough,32.4433,0.4784302218962039,TRUE,2019-08/2021-06
Orang Utan Gully,Harriet,150.338611,-33.603611,E_piperita,Eucalyptus piperita,65,Rough,Rough,44.5767,0.3475218905472637,TRUE,2019-08/2021-06
Orang Utan Gully,Harriet,150.338611,-33.603611,E_racemosa,Eucalyptus racemosa,10.2,Smooth,Smooth,19.86,0.4512080536912752,TRUE,2019-08/2021-06
Orang Utan Gully,Harriet,150.338611,-33.603611,E_racemosa,Eucalyptus racemosa,10.6,Smooth,Smooth,23.31,0.47774509803921567,TRUE,2019-08/2021-06
Orang Utan Gully,Harriet,150.338611,-33.603611,E_racemosa,Eucalyptus racemosa,11,Smooth,Smooth,25.71,0.5325210084033614,TRUE,2019-08/2021-06
Orang Utan Gully,Harriet,150.338611,-33.603611,E_racemosa,Eucalyptus racemosa,11.4,Smooth,Smooth,23.26,0.49209677419354836,TRUE,2019-08/2021-06
Orang Utan Gully,Harriet,150.338611,-33.603611,E_racemosa,Eucalyptus racemosa,11.6,Smooth,Smooth,27.66,0.5348148148148147,TRUE,2019-08/2021-06
Orang Utan Gully,Harriet,150.338611,-33.603611,E_racemosa,Eucalyptus racemosa,17.9,Smooth,Smooth,27.41,0.45104395604395603,TRUE,2019-08/2021-06
Orang Utan Gully,Harriet,150.338611,-33.603611,E_racemosa,Eucalyptus racemosa,30.9,Smooth,Smooth,21.5433,0.5405747126436782,TRUE,2019-08/2021-06
Orang Utan Gully,Harriet,150.338611,-33.603611,E_racemosa,Eucalyptus racemosa,31.1,Smooth,Smooth,27.31,0.5481118881118882,TRUE,2019-08/2021-06
Orang Utan Gully,Harriet,150.338611,-33.603611,E_racemosa,Eucalyptus racemosa,32.7,Smooth,Smooth,32.81,0.5528431372549019,TRUE,2019-08/2021-06
Orang Utan Gully,Harriet,150.338611,-33.603611,E_racemosa,Eucalyptus racemosa,51.4,Smooth,Smooth,35.31,0.5083179231863442,TRUE,2019-08/2021-06
Orang Utan Gully,Harriet,150.338611,-33.603611,E_sieberi,Eucalyptus sieberi,22,Rough,Rough,35.66,0.5719161676646707,TRUE,2019-08/2021-06
Orang Utan Gully,Harriet,150.338611,-33.603611,E_sieberi,Eucalyptus sieberi,52.6,Rough,Rough,45.11,0.43939974457215836,TRUE,2019-08/2021-06
Orang Utan Ridge,Harriet,150.338611,-33.605556,E_piperita,Eucalyptus piperita,11.5,Rough,Rough,25.81,0.47000000000000003,TRUE,2019-08/2021-06
Orang Utan Ridge,Harriet,150.338611,-33.605556,E_piperita,Eucalyptus piperita,14.9,Rough,Rough,22.91,0.4538333333333333,TRUE,2019-08/2021-06
Orang Utan Ridge,Harriet,150.338611,-33.605556,E_piperita,Eucalyptus piperita,16.6,Rough,Rough,27.71,0.2629,TRUE,2019-08/2021-06
Orang Utan Ridge,Harriet,150.338611,-33.605556,E_piperita,Eucalyptus piperita,16.7,Rough,Rough,46.36,0.36039215686274506,TRUE,2019-08/2021-06
Orang Utan Ridge,Harriet,150.338611,-33.605556,E_piperita,Eucalyptus piperita,19.3,Rough,Rough,25.26,0.8780851063829788,TRUE,2019-08/2021-06
Orang Utan Ridge,Harriet,150.338611,-33.605556,E_piperita,Eucalyptus piperita,21.9,Rough,Rough,56.66,0.49955,TRUE,2019-08/2021-06
Orang Utan Ridge,Harriet,150.338611,-33.605556,E_piperita,Eucalyptus piperita,22,Rough,Rough,25.61,0.5911111111111111,TRUE,2019-08/2021-06
Orang Utan Ridge,Harriet,150.338611,-33.605556,E_piperita,Eucalyptus piperita,22.6,Rough,Rough,26.91,0.8787909992372235,TRUE,2019-08/2021-06
Orang Utan Ridge,Harriet,150.338611,-33.605556,E_piperita,Eucalyptus piperita,24.6,Rough,Rough,34.61,0.605,TRUE,2019-08/2021-06
Orang Utan Ridge,Harriet,150.338611,-33.605556,E_piperita,Eucalyptus piperita,24.9,Rough,Rough,34.46,0.23505813953488372,TRUE,2019-08/2021-06
Orang Utan Ridge,Harriet,150.338611,-33.605556,E_piperita,Eucalyptus piperita,25.5,Rough,Rough,33.26,0.5401754385964913,TRUE,2019-08/2021-06
Orang Utan Ridge,Harriet,150.338611,-33.605556,E_piperita,Eucalyptus piperita,26.4,Rough,Rough,31.11,0.5288679245283019,TRUE,2019-08/2021-06
Orang Utan Ridge,Harriet,150.338611,-33.605556,E_piperita,Eucalyptus piperita,26.9,Rough,Rough,31.41,0.24849315068493152,TRUE,2019-08/2021-06
Orang Utan Ridge,Harriet,150.338611,-33.605556,E_piperita,Eucalyptus piperita,29.5,Rough,Rough,46.81,0.9032653061224489,TRUE,2019-08/2021-06
Orang Utan Ridge,Harriet,150.338611,-33.605556,E_piperita,Eucalyptus piperita,33.2,Rough,Rough,41.81,0.8875418994413408,TRUE,2019-08/2021-06
Orang Utan Ridge,Harriet,150.338611,-33.605556,E_piperita,Eucalyptus piperita,34.2,Rough,Rough,32.3767,0.8782894736842105,TRUE,2019-08/2021-06
Orang Utan Ridge,Harriet,150.338611,-33.605556,E_piperita,Eucalyptus piperita,40.9,Rough,Rough,51.31,0.9433346947110477,TRUE,2019-08/2021-06
Orang Utan Ridge,Harriet,150.338611,-33.605556,E_piperita,Eucalyptus piperita,42.4,Rough,Rough,38.01,0.8856730769230768,TRUE,2019-08/2021-06
Orang Utan Ridge,Harriet,150.338611,-33.605556,E_piperita,Eucalyptus piperita,53.7,Rough,Rough,37.7433,0.48448115299334815,TRUE,2019-08/2021-06
Orang Utan Ridge,Harriet,150.338611,-33.605556,E_sieberi,Eucalyptus sieberi,18.4,Rough,Rough,34.11,0.8278151260504202,TRUE,2019-08/2021-06
SMDSFL10,Eli,150.199760934,-33.486985547,E. pip,Eucalyptus piperita,10.5,Rough,,5,,TRUE,2018-02/2018-07
SMDSFL10,Eli,150.199760934,-33.486985547,E. pip,Eucalyptus piperita,10.5,Rough,,5.5,,TRUE,2018-02/2018-07
SMDSFL10,Eli,150.199760934,-33.486985547,E. pip,Eucalyptus piperita,10.5,Rough,,8.5,,TRUE,2018-02/2018-07
SMDSFL10,Eli,150.199760934,-33.486985547,E. pip,Eucalyptus piperita,10.7,Rough,,7.95,,TRUE,2018-02/2018-07
SMDSFL10,Eli,150.199760934,-33.486985547,E. pip,Eucalyptus piperita,13.5,Rough,,10.5,,TRUE,2018-02/2018-07
SMDSFL10,Eli,150.199760934,-33.486985547,E. pip,Eucalyptus piperita,15,Rough,,9.45,,TRUE,2018-02/2018-07
SMDSFL10,Eli,150.199760934,-33.486985547,E. pip,Eucalyptus piperita,15,Rough,,10.95,,TRUE,2018-02/2018-07
SMDSFL10,Eli,150.199760934,-33.486985547,E. pip,Eucalyptus piperita,15.5,Rough,,9.45,,TRUE,2018-02/2018-07
SMDSFL10,Eli,150.199760934,-33.486985547,E. pip,Eucalyptus piperita,16.2,Rough,,13,,TRUE,2018-02/2018-07
SMDSFL10,Eli,150.199760934,-33.486985547,E. pip,Eucalyptus piperita,17.5,Rough,,,,TRUE,2018-02/2018-07
SMDSFL10,Eli,150.199760934,-33.486985547,E. pip,Eucalyptus piperita,20,Rough,,9.45,,TRUE,2018-02/2018-07
SMDSFL10,Eli,150.199760934,-33.486985547,E. pip,Eucalyptus piperita,21,Rough,,10.45,,TRUE,2018-02/2018-07
SMDSFL10,Eli,150.199760934,-33.486985547,E. pip,Eucalyptus piperita,21,Rough,,11,,TRUE,2018-02/2018-07
SMDSFL10,Eli,150.199760934,-33.486985547,E. pip,Eucalyptus piperita,22,Rough,,10.95,,TRUE,2018-02/2018-07
SMDSFL10,Eli,150.199760934,-33.486985547,E. pip,Eucalyptus piperita,29,Rough,,10.45,,TRUE,2018-02/2018-07
SMDSFL10,Eli,150.199760934,-33.486985547,E. pip,Eucalyptus piperita,33,Rough,,10,,TRUE,2018-02/2018-07
SMDSFL10,Eli,150.199760934,-33.486985547,E. pip,Eucalyptus piperita,35,Rough,,10.45,,TRUE,2018-02/2018-07
SMDSFL10,Eli,150.199760934,-33.486985547,E. scler,Eucalyptus racemosa,10,Smooth,,11,,TRUE,2018-02/2018-07
SMDSFL10,Eli,150.199760934,-33.486985547,E. scler,Eucalyptus racemosa,18,Smooth,,11,,TRUE,2018-02/2018-07
SMDSFL10,Eli,150.199760934,-33.486985547,E. scler,Eucalyptus racemosa,18.5,Smooth,,14,,TRUE,2018-02/2018-07
SMDSFL10,Eli,150.199760934,-33.486985547,E. scler,Eucalyptus racemosa,26.8,Smooth,,17,,TRUE,2018-02/2018-07
SMDSFL10,Eli,150.199760934,-33.486985547,E. scler,Eucalyptus racemosa,29,Smooth,,16,,TRUE,2018-02/2018-07
SMDSFL3,Eli,150.261383691,-33.576941582,E. pip,Eucalyptus piperita,10.5,Rough,,16.5,,TRUE,2018-02/2018-07
SMDSFL3,Eli,150.261383691,-33.576941582,E. pip,Eucalyptus piperita,21.8,Rough,,8.95,,TRUE,2018-02/2018-07
SMDSFL3,Eli,150.261383691,-33.576941582,E. pip,Eucalyptus piperita,22,Rough,,13,,TRUE,2018-02/2018-07
SMDSFL3,Eli,150.261383691,-33.576941582,E. pip,Eucalyptus piperita,23.5,Rough,,14,,TRUE,2018-02/2018-07
SMDSFL3,Eli,150.261383691,-33.576941582,E. pip,Eucalyptus piperita,24.3,Rough,,19.5,,TRUE,2018-02/2018-07
SMDSFL3,Eli,150.261383691,-33.576941582,E. pip,Eucalyptus piperita,26,Rough,,14.5,,TRUE,2018-02/2018-07
SMDSFL3,Eli,150.261383691,-33.576941582,E. pip,Eucalyptus piperita,26.9,Rough,,18,,TRUE,2018-02/2018-07
SMDSFL3,Eli,150.261383691,-33.576941582,E. pip,Eucalyptus piperita,29,Rough,,13.5,,TRUE,2018-02/2018-07
SMDSFL3,Eli,150.261383691,-33.576941582,E. pip,Eucalyptus piperita,38.7,Rough,,19,,TRUE,2018-02/2018-07
SMDSFL3,Eli,150.261383691,-33.576941582,E. pip,Eucalyptus piperita,46,Rough,,11,,TRUE,2018-02/2018-07
SMDSFL3,Eli,150.261383691,-33.576941582,E. pip,Eucalyptus piperita,46,Rough,,18.5,,TRUE,2018-02/2018-07
SMDSFL3,Eli,150.261383691,-33.576941582,E. pip,Eucalyptus piperita,48.5,Rough,,17,,TRUE,2018-02/2018-07
SMDSFL3,Eli,150.261383691,-33.576941582,E. pip,Eucalyptus piperita,57.7,Rough,,17.5,,TRUE,2018-02/2018-07
SMDSFL3,Eli,150.261383691,-33.576941582,E. pip,Eucalyptus piperita,75,Rough,,21.5,,TRUE,2018-02/2018-07
SMDSFL3,Eli,150.261383691,-33.576941582,E. sieb,Eucalyptus sieberi,26,Rough,,14.5,,TRUE,2018-02/2018-07
SMDSFL3,Eli,150.261383691,-33.576941582,E. sieb,Eucalyptus sieberi,29.1,Rough,,18.5,,TRUE,2018-02/2018-07
SMDSFL3,Eli,150.261383691,-33.576941582,E. sieb,Eucalyptus sieberi,29.2,Rough,,25,,TRUE,2018-02/2018-07
SMDSFL3,Eli,150.261383691,-33.576941582,E. sieb,Eucalyptus sieberi,35.3,Rough,,0.1,,TRUE,2018-02/2018-07
SMDSFL3,Eli,150.261383691,-33.576941582,E. sieb,Eucalyptus sieberi,36.2,Rough,,14.5,,TRUE,2018-02/2018-07
SMDSFL3,Eli,150.261383691,-33.576941582,E. sieb,Eucalyptus sieberi,37.1,Rough,,20,,TRUE,2018-02/2018-07
SMDSFL3,Eli,150.261383691,-33.576941582,E. sieb,Eucalyptus sieberi,39.1,Rough,,21,,TRUE,2018-02/2018-07
SMDSFL3,Eli,150.261383691,-33.576941582,E. sieb,Eucalyptus sieberi,41.3,Rough,,18,,TRUE,2018-02/2018-07
SMDSFL3,Eli,150.261383691,-33.576941582,E. sieb,Eucalyptus sieberi,42.8,Rough,,23,,TRUE,2018-02/2018-07
SMDSFL3,Eli,150.261383691,-33.576941582,E. sieb,Eucalyptus sieberi,57.4,Rough,,12,,TRUE,2018-02/2018-07
SMDSFL5,Eli,150.237733263,-33.560323022,E. blax,Eucalyptus blaxlandii,10.8,Stringy,,10.45,,TRUE,2018-02/2018-07
SMDSFL5,Eli,150.237733263,-33.560323022,E. blax,Eucalyptus blaxlandii,17.7,Stringy,,11.45,,TRUE,2018-02/2018-07
SMDSFL5,Eli,150.237733263,-33.560323022,E. blax,Eucalyptus blaxlandii,34,Stringy,,13,,TRUE,2018-02/2018-07
SMDSFL5,Eli,150.237733263,-33.560323022,E. blax,Eucalyptus blaxlandii,34.6,Stringy,,20,,TRUE,2018-02/2018-07
SMDSFL5,Eli,150.237733263,-33.560323022,E. blax,Eucalyptus blaxlandii,35.5,Stringy,,17,,TRUE,2018-02/2018-07
SMDSFL5,Eli,150.237733263,-33.560323022,E. blax,Eucalyptus blaxlandii,37.4,Stringy,,9,,TRUE,2018-02/2018-07
SMDSFL5,Eli,150.237733263,-33.560323022,E. blax,Eucalyptus blaxlandii,44.3,Stringy,,23.5,,TRUE,2018-02/2018-07
SMDSFL5,Eli,150.237733263,-33.560323022,E. blax,Eucalyptus blaxlandii,53.5,Stringy,,16.5,,TRUE,2018-02/2018-07
SMDSFL5,Eli,150.237733263,-33.560323022,E. blax,Eucalyptus blaxlandii,88,Stringy,,19.5,,TRUE,2018-02/2018-07
SMDSFL5,Eli,150.237733263,-33.560323022,E. pip,Eucalyptus piperita,32,Rough,,16,,TRUE,2018-02/2018-07
SMDSFL5,Eli,150.237733263,-33.560323022,E. pip,Eucalyptus piperita,63,Rough,,16.5,,TRUE,2018-02/2018-07
SMDSFL5,Eli,150.237733263,-33.560323022,E. sieb,Eucalyptus sieberi,26.9,Rough,,14.5,,TRUE,2018-02/2018-07
SMDSFL5,Eli,150.237733263,-33.560323022,E. sieb,Eucalyptus sieberi,27.7,Rough,,18.5,,TRUE,2018-02/2018-07
SMDSFL5,Eli,150.237733263,-33.560323022,E. sieb,Eucalyptus sieberi,33.7,Rough,,15,,TRUE,2018-02/2018-07
SMDSFL5,Eli,150.237733263,-33.560323022,E. sieb,Eucalyptus sieberi,35.5,Rough,,18.5,,TRUE,2018-02/2018-07
SMDSFL5,Eli,150.237733263,-33.560323022,E. sieb,Eucalyptus sieberi,39.6,Rough,,23.5,,TRUE,2018-02/2018-07
SMDSFL5,Eli,150.237733263,-33.560323022,E. sieb,Eucalyptus sieberi,40.8,Rough,,25,,TRUE,2018-02/2018-07
SMDSFL5,Eli,150.237733263,-33.560323022,E. sieb,Eucalyptus sieberi,59,Rough,,35,,TRUE,2018-02/2018-07
SMDSFL5,Eli,150.237733263,-33.560323022,E. sieb,Eucalyptus sieberi,61.5,Rough,,19.95,,TRUE,2018-02/2018-07
SMDSFL5,Eli,150.237733263,-33.560323022,E. sieb,Eucalyptus sieberi,61.5,Rough,,40.5,,TRUE,2018-02/2018-07
SMDSFL6,Eli,150.23553904,-33.550447155,E. glob,Eucalyptus globoidea,19,Stringy,,12.5,,TRUE,2018-02/2018-07
SMDSFL6,Eli,150.23553904,-33.550447155,E. pip,Eucalyptus piperita,14.5,Rough,,6.5,,TRUE,2018-02/2018-07
SMDSFL6,Eli,150.23553904,-33.550447155,E. pip,Eucalyptus piperita,15,Rough,,7,,TRUE,2018-02/2018-07
SMDSFL6,Eli,150.23553904,-33.550447155,E. pip,Eucalyptus piperita,15,Rough,,8,,TRUE,2018-02/2018-07
SMDSFL6,Eli,150.23553904,-33.550447155,E. pip,Eucalyptus piperita,19.2,Rough,,14.5,,TRUE,2018-02/2018-07
SMDSFL6,Eli,150.23553904,-33.550447155,E. pip,Eucalyptus piperita,20.5,Rough,,9.45,,TRUE,2018-02/2018-07
SMDSFL6,Eli,150.23553904,-33.550447155,E. pip,Eucalyptus piperita,21.5,Rough,,14.5,,TRUE,2018-02/2018-07
SMDSFL6,Eli,150.23553904,-33.550447155,E. pip,Eucalyptus piperita,27,Rough,,16.5,,TRUE,2018-02/2018-07
SMDSFL6,Eli,150.23553904,-33.550447155,E. pip,Eucalyptus piperita,27.5,Rough,,9.45,,TRUE,2018-02/2018-07
SMDSFL6,Eli,150.23553904,-33.550447155,E. pip,Eucalyptus piperita,28,Rough,,17,,TRUE,2018-02/2018-07
SMDSFL6,Eli,150.23553904,-33.550447155,E. pip,Eucalyptus piperita,30,Rough,,14.5,,TRUE,2018-02/2018-07
SMDSFL6,Eli,150.23553904,-33.550447155,E. pip,Eucalyptus piperita,31,Rough,,15.5,,TRUE,2018-02/2018-07
SMDSFL6,Eli,150.23553904,-33.550447155,E. pip,Eucalyptus piperita,36,Rough,,15,,TRUE,2018-02/2018-07
SMDSFL6,Eli,150.23553904,-33.550447155,E. pip,Eucalyptus piperita,38.5,Rough,,13,,TRUE,2018-02/2018-07
SMDSFL6,Eli,150.23553904,-33.550447155,E. pip,Eucalyptus piperita,44.5,Rough,,15,,TRUE,2018-02/2018-07
SMDSFL6,Eli,150.23553904,-33.550447155,E. pip,Eucalyptus piperita,53,Rough,,18,,TRUE,2018-02/2018-07
SMDSFL6,Eli,150.23553904,-33.550447155,E. pip,Eucalyptus piperita,54,Rough,,13.5,,TRUE,2018-02/2018-07
SMDSFL6,Eli,150.23553904,-33.550447155,E. pip,Eucalyptus piperita,57,Rough,,19,,TRUE,2018-02/2018-07
SMDSFL6,Eli,150.23553904,-33.550447155,E. pip,Eucalyptus piperita,57.5,Rough,,25,,TRUE,2018-02/2018-07
SMDSFL6,Eli,150.23553904,-33.550447155,E. pip,Eucalyptus piperita,59,Rough,,13.5,,TRUE,2018-02/2018-07
SMDSFL6,Eli,150.23553904,-33.550447155,E. pip,Eucalyptus piperita,59,Rough,,18,,TRUE,2018-02/2018-07
SMDSFL6,Eli,150.23553904,-33.550447155,E. pip,Eucalyptus piperita,60,Rough,,16.5,,TRUE,2018-02/2018-07
SMDSFL6,Eli,150.23553904,-33.550447155,E. sieb,Eucalyptus sieberi,21,Rough,,15,,TRUE,2018-02/2018-07
SMDSFL6,Eli,150.23553904,-33.550447155,E. sieb,Eucalyptus sieberi,24.5,Rough,,15,,TRUE,2018-02/2018-07
SMDSFL6,Eli,150.23553904,-33.550447155,E. sieb,Eucalyptus sieberi,26,Rough,,10.45,,TRUE,2018-02/2018-07
SMDSFL6,Eli,150.23553904,-33.550447155,E. sieb,Eucalyptus sieberi,29.5,Rough,,15.5,,TRUE,2018-02/2018-07
SMDSFL6,Eli,150.23553904,-33.550447155,E. sieb,Eucalyptus sieberi,29.5,Rough,,18,,TRUE,2018-02/2018-07
SMDSFL6,Eli,150.23553904,-33.550447155,E. sieb,Eucalyptus sieberi,30,Rough,,19,,TRUE,2018-02/2018-07
SMDSFL6,Eli,150.23553904,-33.550447155,E. sieb,Eucalyptus sieberi,31,Rough,,19,,TRUE,2018-02/2018-07
SMDSFL6,Eli,150.23553904,-33.550447155,E. sieb,Eucalyptus sieberi,31.5,Rough,,16.5,,TRUE,2018-02/2018-07
SMDSFL6,Eli,150.23553904,-33.550447155,E. sieb,Eucalyptus sieberi,33.5,Rough,,18.5,,TRUE,2018-02/2018-07
SMDSFL6,Eli,150.23553904,-33.550447155,E. sieb,Eucalyptus sieberi,34,Rough,,19.5,,TRUE,2018-02/2018-07
SMDSFL6,Eli,150.23553904,-33.550447155,E. sieb,Eucalyptus sieberi,36,Rough,,24.5,,TRUE,2018-02/2018-07
SMDSFL6,Eli,150.23553904,-33.550447155,E. sieb,Eucalyptus sieberi,37,Rough,,20.5,,TRUE,2018-02/2018-07
SMDSFL6,Eli,150.23553904,-33.550447155,E. sieb,Eucalyptus sieberi,40,Rough,,24.5,,TRUE,2018-02/2018-07
SMDSFL6,Eli,150.23553904,-33.550447155,E. sieb,Eucalyptus sieberi,40.5,Rough,,19.5,,TRUE,2018-02/2018-07
SMDSFL6,Eli,150.23553904,-33.550447155,E. sieb,Eucalyptus sieberi,42,Rough,,18,,TRUE,2018-02/2018-07
SMDSFL6,Eli,150.23553904,-33.550447155,E. sieb,Eucalyptus sieberi,42,Rough,,21.5,,TRUE,2018-02/2018-07
SMDSFL6,Eli,150.23553904,-33.550447155,E. sieb,Eucalyptus sieberi,44,Rough,,18,,TRUE,2018-02/2018-07
SMDSFL6,Eli,150.23553904,-33.550447155,E. sieb,Eucalyptus sieberi,50.5,Rough,,21,,TRUE,2018-02/2018-07
SMDSFL9,Eli,150.196743028,-33.491821651,E. blax,Eucalyptus blaxlandii,15.5,Stringy,,12.45,,TRUE,2018-02/2018-07
SMDSFL9,Eli,150.196743028,-33.491821651,E. blax,Eucalyptus blaxlandii,20,Stringy,,6.5,,TRUE,2018-02/2018-07
SMDSFL9,Eli,150.196743028,-33.491821651,E. blax,Eucalyptus blaxlandii,20.2,Stringy,,7.5,,TRUE,2018-02/2018-07
SMDSFL9,Eli,150.196743028,-33.491821651,E. blax,Eucalyptus blaxlandii,20.5,Stringy,,9.5,,TRUE,2018-02/2018-07
SMDSFL9,Eli,150.196743028,-33.491821651,E. blax,Eucalyptus blaxlandii,26.7,Stringy,,8,,TRUE,2018-02/2018-07
SMDSFL9,Eli,150.196743028,-33.491821651,E. blax,Eucalyptus blaxlandii,29.7,Stringy,,16.5,,TRUE,2018-02/2018-07
SMDSFL9,Eli,150.196743028,-33.491821651,E. rad,Eucalyptus radiata,11,Rough,,8,,TRUE,2018-02/2018-07
SMDSFL9,Eli,150.196743028,-33.491821651,E. rad,Eucalyptus radiata,11.6,Rough,,6,,TRUE,2018-02/2018-07
SMDSFL9,Eli,150.196743028,-33.491821651,E. rad,Eucalyptus radiata,13.2,Rough,,9,,TRUE,2018-02/2018-07
SMDSFL9,Eli,150.196743028,-33.491821651,E. rad,Eucalyptus radiata,14.6,Rough,,8.45,,TRUE,2018-02/2018-07
SMDSFL9,Eli,150.196743028,-33.491821651,E. rad,Eucalyptus radiata,18.7,Rough,,5,,TRUE,2018-02/2018-07
SMDSFL9,Eli,150.196743028,-33.491821651,E. rad,Eucalyptus radiata,19.9,Rough,,11,,TRUE,2018-02/2018-07
SMDSFL9,Eli,150.196743028,-33.491821651,E. rad,Eucalyptus radiata,19.9,Rough,,14,,TRUE,2018-02/2018-07
SMDSFL9,Eli,150.196743028,-33.491821651,E. rad,Eucalyptus radiata,21.5,Rough,,9.9,,TRUE,2018-02/2018-07
SMDSFL9,Eli,150.196743028,-33.491821651,E. rad,Eucalyptus radiata,25.2,Rough,,14.95,,TRUE,2018-02/2018-07
SMDSFL9,Eli,150.196743028,-33.491821651,E. rad,Eucalyptus radiata,25.5,Rough,,6.5,,TRUE,2018-02/2018-07
SMDSFL9,Eli,150.196743028,-33.491821651,E. scler,Eucalyptus racemosa,10.2,Smooth,,5,,TRUE,2018-02/2018-07
SMDSFL9,Eli,150.196743028,-33.491821651,E. scler,Eucalyptus racemosa,10.2,Smooth,,9,,TRUE,2018-02/2018-07
SMDSFL9,Eli,150.196743028,-33.491821651,E. scler,Eucalyptus racemosa,10.5,Smooth,,9.45,,TRUE,2018-02/2018-07
SMDSFL9,Eli,150.196743028,-33.491821651,E. scler,Eucalyptus racemosa,10.7,Smooth,,9,,TRUE,2018-02/2018-07
SMDSFL9,Eli,150.196743028,-33.491821651,E. scler,Eucalyptus racemosa,11,Smooth,,9.9,,TRUE,2018-02/2018-07
SMDSFL9,Eli,150.196743028,-33.491821651,E. scler,Eucalyptus racemosa,12,Smooth,,9.45,,TRUE,2018-02/2018-07
SMDSFL9,Eli,150.196743028,-33.491821651,E. scler,Eucalyptus racemosa,12,Smooth,,10.45,,TRUE,2018-02/2018-07
SMDSFL9,Eli,150.196743028,-33.491821651,E. scler,Eucalyptus racemosa,12.1,Smooth,,9.9,,TRUE,2018-02/2018-07
SMDSFL9,Eli,150.196743028,-33.491821651,E. scler,Eucalyptus racemosa,12.8,Smooth,,9.9,,TRUE,2018-02/2018-07
SMDSFL9,Eli,150.196743028,-33.491821651,E. scler,Eucalyptus racemosa,13.4,Smooth,,8.5,,TRUE,2018-02/2018-07
SMDSFL9,Eli,150.196743028,-33.491821651,E. scler,Eucalyptus racemosa,13.5,Smooth,,9.9,,TRUE,2018-02/2018-07
SMDSFL9,Eli,150.196743028,-33.491821651,E. scler,Eucalyptus racemosa,13.5,Smooth,,13,,TRUE,2018-02/2018-07
SMDSFL9,Eli,150.196743028,-33.491821651,E. scler,Eucalyptus racemosa,14.9,Smooth,,9.9,,TRUE,2018-02/2018-07
SMDSFL9,Eli,150.196743028,-33.491821651,E. scler,Eucalyptus racemosa,15,Smooth,,9.9,,TRUE,2018-02/2018-07
SMDSFL9,Eli,150.196743028,-33.491821651,E. scler,Eucalyptus racemosa,15.5,Smooth,,12,,TRUE,2018-02/2018-07
SMDSFL9,Eli,150.196743028,-33.491821651,E. scler,Eucalyptus racemosa,16.1,Smooth,,9,,TRUE,2018-02/2018-07
SMDSFL9,Eli,150.196743028,-33.491821651,E. scler,Eucalyptus racemosa,18,Smooth,,11.95,,TRUE,2018-02/2018-07
SMDSFL9,Eli,150.196743028,-33.491821651,E. scler,Eucalyptus racemosa,20,Smooth,,15,,TRUE,2018-02/2018-07
SMDSFL9,Eli,150.196743028,-33.491821651,E. scler,Eucalyptus racemosa,20.5,Smooth,,16.5,,TRUE,2018-02/2018-07
SMDSFL9,Eli,150.196743028,-33.491821651,E. scler,Eucalyptus racemosa,21.7,Smooth,,11.45,,TRUE,2018-02/2018-07
SMDSFL9,Eli,150.196743028,-33.491821651,E. scler,Eucalyptus racemosa,22,Smooth,,12,,TRUE,2018-02/2018-07
SMDSFL9,Eli,150.196743028,-33.491821651,E. scler,Eucalyptus racemosa,23.8,Smooth,,16,,TRUE,2018-02/2018-07
SMDSFL9,Eli,150.196743028,-33.491821651,E. scler,Eucalyptus racemosa,24,Smooth,,19,,TRUE,2018-02/2018-07
SMDSFL9,Eli,150.196743028,-33.491821651,E. scler,Eucalyptus racemosa,28.4,Smooth,,12.5,,TRUE,2018-02/2018-07
SMDSFL9,Eli,150.196743028,-33.491821651,E. scler,Eucalyptus racemosa,32,Smooth,,10.45,,TRUE,2018-02/2018-07
SMDSFL9,Eli,150.196743028,-33.491821651,E. scler,Eucalyptus racemosa,33.8,Smooth,,23,,TRUE,2018-02/2018-07
SMDSFL9,Eli,150.196743028,-33.491821651,E. scler,Eucalyptus racemosa,41.4,Smooth,,17,,TRUE,2018-02/2018-07
SMDSFL9,Eli,150.196743028,-33.491821651,E. sieb,Eucalyptus sieberi,10.2,Rough,,10,,TRUE,2018-02/2018-07
SMDSFL9,Eli,150.196743028,-33.491821651,E. sieb,Eucalyptus sieberi,10.9,Rough,,7,,TRUE,2018-02/2018-07
SMDSFL9,Eli,150.196743028,-33.491821651,E. sieb,Eucalyptus sieberi,11.2,Rough,,10.5,,TRUE,2018-02/2018-07
SMDSFL9,Eli,150.196743028,-33.491821651,E. sieb,Eucalyptus sieberi,11.4,Rough,,9.9,,TRUE,2018-02/2018-07
SMDSFL9,Eli,150.196743028,-33.491821651,E. sieb,Eucalyptus sieberi,12.5,Rough,,8.45,,TRUE,2018-02/2018-07
SMDSFL9,Eli,150.196743028,-33.491821651,E. sieb,Eucalyptus sieberi,12.5,Rough,,9.9,,TRUE,2018-02/2018-07
SMDSFL9,Eli,150.196743028,-33.491821651,E. sieb,Eucalyptus sieberi,13,Rough,,11,,TRUE,2018-02/2018-07
SMDSFL9,Eli,150.196743028,-33.491821651,E. sieb,Eucalyptus sieberi,15,Rough,,14,,TRUE,2018-02/2018-07
SMDSFL9,Eli,150.196743028,-33.491821651,E. sieb,Eucalyptus sieberi,16.6,Rough,,9.9,,TRUE,2018-02/2018-07
SMDSFL9,Eli,150.196743028,-33.491821651,E. sieb,Eucalyptus sieberi,16.7,Rough,,9.9,,TRUE,2018-02/2018-07
SMDSFL9,Eli,150.196743028,-33.491821651,E. sieb,Eucalyptus sieberi,17.2,Rough,,20,,TRUE,2018-02/2018-07
SMDSFL9,Eli,150.196743028,-33.491821651,E. sieb,Eucalyptus sieberi,18.5,Rough,,14,,TRUE,2018-02/2018-07
SMDSFL9,Eli,150.196743028,-33.491821651,E. sieb,Eucalyptus sieberi,19,Rough,,14,,TRUE,2018-02/2018-07
SMDSFL9,Eli,150.196743028,-33.491821651,E. sieb,Eucalyptus sieberi,20.7,Rough,,12.45,,TRUE,2018-02/2018-07
SMDSFL9,Eli,150.196743028,-33.491821651,E. sieb,Eucalyptus sieberi,22.2,Rough,,15,,TRUE,2018-02/2018-07
SMDSFL9,Eli,150.196743028,-33.491821651,E. sieb,Eucalyptus sieberi,24.1,Rough,,22.5,,TRUE,2018-02/2018-07
SMDSFL9,Eli,150.196743028,-33.491821651,E. sieb,Eucalyptus sieberi,28,Rough,,8.5,,TRUE,2018-02/2018-07
SMDSFL9,Eli,150.196743028,-33.491821651,E. sieb,Eucalyptus sieberi,34,Rough,,16,,TRUE,2018-02/2018-07
SMDSFL9,Eli,150.196743028,-33.491821651,E. sieb,Eucalyptus sieberi,35.4,Rough,,15,,TRUE,2018-02/2018-07
SMDSFL9,Eli,150.196743028,-33.491821651,E. stricta,Eucalyptus stricta,24.1,Smooth,,15,,TRUE,2018-02/2018-07
SMDSFL9,Eli,150.196743028,-33.491821651,UTSxmallee,Eucalyptus unknown mallee,31.7,Smooth,,9,,TRUE,2018-02/2018-07
SMWSFL13,Eli,150.200260403,-33.459436629,E. fas,Eucalyptus fastigata,29,Rough,,18.5,,TRUE,2018-02/2018-07
SMWSFL13,Eli,150.200260403,-33.459436629,E. mann,Eucalyptus mannifera,20,Smooth,,18,,TRUE,2018-02/2018-07
SMWSFL13,Eli,150.200260403,-33.459436629,E. mann,Eucalyptus mannifera,30,Smooth,,20,,TRUE,2018-02/2018-07
SMWSFL13,Eli,150.200260403,-33.459436629,E. rad,Eucalyptus radiata,10.5,Rough,,12,,TRUE,2018-02/2018-07
SMWSFL13,Eli,150.200260403,-33.459436629,E. rad,Eucalyptus radiata,22,Rough,,15,,TRUE,2018-02/2018-07
SMWSFL13,Eli,150.200260403,-33.459436629,E. rad,Eucalyptus radiata,25,Rough,,13,,TRUE,2018-02/2018-07
SMWSFL13,Eli,150.200260403,-33.459436629,E. rad,Eucalyptus radiata,25.5,Rough,,10.95,,TRUE,2018-02/2018-07
SMWSFL13,Eli,150.200260403,-33.459436629,E. rad,Eucalyptus radiata,28,Rough,,6,,TRUE,2018-02/2018-07
SMWSFL13,Eli,150.200260403,-33.459436629,E. rad,Eucalyptus radiata,31.5,Rough,,15,,TRUE,2018-02/2018-07
SMWSFL13,Eli,150.200260403,-33.459436629,E. rad,Eucalyptus radiata,35.5,Rough,,14,,TRUE,2018-02/2018-07
SMWSFL13,Eli,150.200260403,-33.459436629,E. rad,Eucalyptus radiata,35.5,Rough,,14.5,,TRUE,2018-02/2018-07
SMWSFL13,Eli,150.200260403,-33.459436629,E. rad,Eucalyptus radiata,40,Rough,,11,,TRUE,2018-02/2018-07
SMWSFL13,Eli,150.200260403,-33.459436629,E. rad,Eucalyptus radiata,40.5,Rough,,15.5,,TRUE,2018-02/2018-07
SMWSFL13,Eli,150.200260403,-33.459436629,E. rad,Eucalyptus radiata,43.5,Rough,,8,,TRUE,2018-02/2018-07
SMWSFL13,Eli,150.200260403,-33.459436629,E. rad,Eucalyptus radiata,44.5,Rough,,15,,TRUE,2018-02/2018-07
SMWSFL13,Eli,150.200260403,-33.459436629,E. rad,Eucalyptus radiata,46.5,Rough,,15,,TRUE,2018-02/2018-07
SMWSFL13,Eli,150.200260403,-33.459436629,E. rad,Eucalyptus radiata,51,Rough,,17.5,,TRUE,2018-02/2018-07
SMWSFL13,Eli,150.200260403,-33.459436629,E. rad,Eucalyptus radiata,58,Rough,,12.5,,TRUE,2018-02/2018-07
SMWSFL13,Eli,150.200260403,-33.459436629,E. rad,Eucalyptus radiata,58.5,Rough,,10.95,,TRUE,2018-02/2018-07
SMWSFL13,Eli,150.200260403,-33.459436629,E. rad,Eucalyptus radiata,59.5,Rough,,14,,TRUE,2018-02/2018-07
SMWSFL13,Eli,150.200260403,-33.459436629,E. rad,Eucalyptus radiata,60,Rough,,16,,TRUE,2018-02/2018-07
SMWSFL13,Eli,150.200260403,-33.459436629,E. rad,Eucalyptus radiata,72,Rough,,19,,TRUE,2018-02/2018-07
WMDSFL1,Eli,150.607964626,-32.72494825,A. cost,Angophora costata,26,Smooth,,9.45,,TRUE,2018-02/2018-07
WMDSFL1,Eli,150.607964626,-32.72494825,A. cost,Angophora costata,28,Smooth,,9,,TRUE,2018-02/2018-07
WMDSFL1,Eli,150.607964626,-32.72494825,A. cost,Angophora costata,44,Smooth,,10.45,,TRUE,2018-02/2018-07
WMDSFL1,Eli,150.607964626,-32.72494825,A. eury,Angophora costata,28,Smooth,,9,,TRUE,2018-02/2018-07
WMDSFL1,Eli,150.607964626,-32.72494825,A. eury,Angophora costata,28.5,Smooth,,8.5,,TRUE,2018-02/2018-07
WMDSFL1,Eli,150.607964626,-32.72494825,A. eury,Angophora costata,66,Smooth,,,,TRUE,2018-02/2018-07
WMDSFL1,Eli,150.607964626,-32.72494825,E. cons,Eucalyptus consideniana,12,Rough,,6.5,,TRUE,2018-02/2018-07
WMDSFL1,Eli,150.607964626,-32.72494825,E. cons,Eucalyptus consideniana,12.5,Rough,,,,TRUE,2018-02/2018-07
WMDSFL1,Eli,150.607964626,-32.72494825,E. cons,Eucalyptus consideniana,15,Rough,,5.5,,TRUE,2018-02/2018-07
WMDSFL1,Eli,150.607964626,-32.72494825,E. cons,Eucalyptus consideniana,16.5,Rough,,10,,TRUE,2018-02/2018-07
WMDSFL1,Eli,150.607964626,-32.72494825,E. cons,Eucalyptus consideniana,22,Rough,,8.45,,TRUE,2018-02/2018-07
WMDSFL1,Eli,150.607964626,-32.72494825,E. cons,Eucalyptus consideniana,22,Rough,,9.45,,TRUE,2018-02/2018-07
WMDSFL1,Eli,150.607964626,-32.72494825,E. cons,Eucalyptus consideniana,22,Rough,,10.45,,TRUE,2018-02/2018-07
WMDSFL1,Eli,150.607964626,-32.72494825,E. cons,Eucalyptus consideniana,34,Rough,,,,TRUE,2018-02/2018-07
WMDSFL1,Eli,150.607964626,-32.72494825,E. cons,Eucalyptus consideniana,39,Rough,,11.5,,TRUE,2018-02/2018-07
WMDSFL1,Eli,150.607964626,-32.72494825,E. cons,Eucalyptus consideniana,39,Rough,,11.5,,TRUE,2018-02/2018-07
WMDSFL1,Eli,150.607964626,-32.72494825,E. cons,Eucalyptus consideniana,42,Rough,,9.9,,TRUE,2018-02/2018-07
WMDSFL1,Eli,150.607964626,-32.72494825,E. cons,Eucalyptus consideniana,42,Rough,,10,,TRUE,2018-02/2018-07
WMDSFL1,Eli,150.607964626,-32.72494825,E. cons,Eucalyptus consideniana,52,Rough,,10.45,,TRUE,2018-02/2018-07
WMDSFL1,Eli,150.607964626,-32.72494825,E. cons,Eucalyptus consideniana,53.5,Rough,,9.9,,TRUE,2018-02/2018-07
WMDSFL1,Eli,150.607964626,-32.72494825,E. pip,Eucalyptus piperita,21,Rough,,8,,TRUE,2018-02/2018-07
WMDSFL1,Eli,150.607964626,-32.72494825,E. pip,Eucalyptus piperita,24,Rough,,8,,TRUE,2018-02/2018-07
WMDSFL1,Eli,150.607964626,-32.72494825,E. pip,Eucalyptus piperita,29.3,Rough,,7,,TRUE,2018-02/2018-07
WMDSFL1,Eli,150.607964626,-32.72494825,E. pip,Eucalyptus piperita,32.5,Rough,,8.5,,TRUE,2018-02/2018-07
WMDSFL1,Eli,150.607964626,-32.72494825,E. pip,Eucalyptus piperita,39,Rough,,9,,TRUE,2018-02/2018-07
WMDSFL1,Eli,150.607964626,-32.72494825,E. pip,Eucalyptus piperita,54.5,Rough,,11,,TRUE,2018-02/2018-07
WMDSFL1,Eli,150.607964626,-32.72494825,E. spar,Eucalyptus sparsifolia,23.5,Stringy,,9.9,,TRUE,2018-02/2018-07
WMDSFL1,Eli,150.607964626,-32.72494825,E. spar,Eucalyptus sparsifolia,25.5,Stringy,,9.45,,TRUE,2018-02/2018-07
WMDSFL1,Eli,150.607964626,-32.72494825,E. spar,Eucalyptus sparsifolia,36.5,Stringy,,9.45,,TRUE,2018-02/2018-07
WMDSFL1,Eli,150.607964626,-32.72494825,E. spar,Eucalyptus sparsifolia,45.8,Stringy,,10.95,,TRUE,2018-02/2018-07
WMDSFL13,Eli,150.623074397,-32.723594581,A. eury,Angophora costata,20.3,Smooth,,7,,TRUE,2018-02/2018-07
WMDSFL13,Eli,150.623074397,-32.723594581,A. eury,Angophora costata,41.1,Smooth,,10.95,,TRUE,2018-02/2018-07
WMDSFL13,Eli,150.623074397,-32.723594581,A. eury,Angophora costata,45.7,Smooth,,9,,TRUE,2018-02/2018-07
WMDSFL13,Eli,150.623074397,-32.723594581,A. eury,Angophora costata,50.5,Smooth,,12.5,,TRUE,2018-02/2018-07
WMDSFL13,Eli,150.623074397,-32.723594581,C. exim,Corymbia eximia,10.2,Rough,,10.05,,TRUE,2018-02/2018-07
WMDSFL13,Eli,150.623074397,-32.723594581,C. exim,Corymbia eximia,15.4,Rough,,16,,TRUE,2018-02/2018-07
WMDSFL13,Eli,150.623074397,-32.723594581,E. punc,Eucalyptus punctata,15.3,Smooth,,8.5,,TRUE,2018-02/2018-07
WMDSFL13,Eli,150.623074397,-32.723594581,E. punc,Eucalyptus punctata,25.5,Smooth,,9,,TRUE,2018-02/2018-07
WMDSFL13,Eli,150.623074397,-32.723594581,E. punc,Eucalyptus punctata,31.3,Smooth,,13.5,,TRUE,2018-02/2018-07
WMDSFL13,Eli,150.623074397,-32.723594581,E. punc,Eucalyptus punctata,43.8,Smooth,,15.5,,TRUE,2018-02/2018-07
WMDSFL13,Eli,150.623074397,-32.723594581,E. punc,Eucalyptus punctata,46,Smooth,,9.45,,TRUE,2018-02/2018-07
WMDSFL13,Eli,150.623074397,-32.723594581,E. spar,Eucalyptus sparsifolia,10.6,Stringy,,35.05,,TRUE,2018-02/2018-07
WMDSFL13,Eli,150.623074397,-32.723594581,E. spar,Eucalyptus sparsifolia,20.4,Stringy,,14.5,,TRUE,2018-02/2018-07
WMDSFL13,Eli,150.623074397,-32.723594581,E. spar,Eucalyptus sparsifolia,20.9,Stringy,,14.5,,TRUE,2018-02/2018-07
WMDSFL13,Eli,150.623074397,-32.723594581,E. spar,Eucalyptus sparsifolia,21.7,Stringy,,11.45,,TRUE,2018-02/2018-07
WMDSFL13,Eli,150.623074397,-32.723594581,E. spar,Eucalyptus sparsifolia,22.7,Stringy,,7,,TRUE,2018-02/2018-07
WMDSFL13,Eli,150.623074397,-32.723594581,E. spar,Eucalyptus sparsifolia,29.8,Stringy,,10.45,,TRUE,2018-02/2018-07
WMDSFL13,Eli,150.623074397,-32.723594581,E. spar,Eucalyptus sparsifolia,29.9,Stringy,,9.9,,TRUE,2018-02/2018-07
WMDSFL13,Eli,150.623074397,-32.723594581,E. spar,Eucalyptus sparsifolia,30.2,Stringy,,11.5,,TRUE,2018-02/2018-07
WMDSFL13,Eli,150.623074397,-32.723594581,E. spar,Eucalyptus sparsifolia,31.2,Stringy,,7,,TRUE,2018-02/2018-07
WMDSFL13,Eli,150.623074397,-32.723594581,E. spar,Eucalyptus sparsifolia,32.1,Stringy,,9.9,,TRUE,2018-02/2018-07
WMDSFL13,Eli,150.623074397,-32.723594581,E. spar,Eucalyptus sparsifolia,32.4,Stringy,,12.5,,TRUE,2018-02/2018-07
WMDSFL13,Eli,150.623074397,-32.723594581,E. spar,Eucalyptus sparsifolia,33.4,Stringy,,12.95,,TRUE,2018-02/2018-07
WMDSFL13,Eli,150.623074397,-32.723594581,E. spar,Eucalyptus sparsifolia,33.5,Stringy,,13.5,,TRUE,2018-02/2018-07
WMDSFL13,Eli,150.623074397,-32.723594581,E. spar,Eucalyptus sparsifolia,39.1,Stringy,,13,,TRUE,2018-02/2018-07
WMDSFL13,Eli,150.623074397,-32.723594581,E. spar,Eucalyptus sparsifolia,39.2,Stringy,,10,,TRUE,2018-02/2018-07
WMDSFL13,Eli,150.623074397,-32.723594581,E. spar,Eucalyptus sparsifolia,39.4,Stringy,,13.5,,TRUE,2018-02/2018-07
WMDSFL13,Eli,150.623074397,-32.723594581,E. spar,Eucalyptus sparsifolia,44.7,Stringy,,13,,TRUE,2018-02/2018-07
WMDSFL13,Eli,150.623074397,-32.723594581,E. spar,Eucalyptus sparsifolia,50.5,Stringy,,8.55,,TRUE,2018-02/2018-07
WMDSFL3,Eli,150.615812874,-32.721869553,A. eury,Angophora costata,15.8,Smooth,,12.5,,TRUE,2018-02/2018-07
WMDSFL3,Eli,150.615812874,-32.721869553,A. eury,Angophora costata,32.1,Smooth,,12,,TRUE,2018-02/2018-07
WMDSFL3,Eli,150.615812874,-32.721869553,E. cons,Eucalyptus consideniana,10.7,Rough,,,,TRUE,2018-02/2018-07
WMDSFL3,Eli,150.615812874,-32.721869553,E. cons,Eucalyptus consideniana,14.9,Rough,,7,,TRUE,2018-02/2018-07
WMDSFL3,Eli,150.615812874,-32.721869553,E. cons,Eucalyptus consideniana,19.2,Rough,,12.5,,TRUE,2018-02/2018-07
WMDSFL3,Eli,150.615812874,-32.721869553,E. cons,Eucalyptus consideniana,19.4,Rough,,7.45,,TRUE,2018-02/2018-07
WMDSFL3,Eli,150.615812874,-32.721869553,E. cons,Eucalyptus consideniana,21.6,Rough,,12.5,,TRUE,2018-02/2018-07
WMDSFL3,Eli,150.615812874,-32.721869553,E. cons,Eucalyptus consideniana,21.8,Rough,,14,,TRUE,2018-02/2018-07
WMDSFL3,Eli,150.615812874,-32.721869553,E. cons,Eucalyptus consideniana,21.9,Rough,,10.95,,TRUE,2018-02/2018-07
WMDSFL3,Eli,150.615812874,-32.721869553,E. cons,Eucalyptus consideniana,22.9,Rough,,4.55,,TRUE,2018-02/2018-07
WMDSFL3,Eli,150.615812874,-32.721869553,E. cons,Eucalyptus consideniana,24.8,Rough,,2.55,,TRUE,2018-02/2018-07
WMDSFL3,Eli,150.615812874,-32.721869553,E. cons,Eucalyptus consideniana,26.3,Rough,,5,,TRUE,2018-02/2018-07
WMDSFL3,Eli,150.615812874,-32.721869553,E. cons,Eucalyptus consideniana,26.5,Rough,,7.45,,TRUE,2018-02/2018-07
WMDSFL3,Eli,150.615812874,-32.721869553,E. cons,Eucalyptus consideniana,26.9,Rough,,2.55,,TRUE,2018-02/2018-07
WMDSFL3,Eli,150.615812874,-32.721869553,E. cons,Eucalyptus consideniana,27.2,Rough,,4.05,,TRUE,2018-02/2018-07
WMDSFL3,Eli,150.615812874,-32.721869553,E. cons,Eucalyptus consideniana,28.5,Rough,,3.05,,TRUE,2018-02/2018-07
WMDSFL3,Eli,150.615812874,-32.721869553,E. cons,Eucalyptus consideniana,29,Rough,,7,,TRUE,2018-02/2018-07
WMDSFL3,Eli,150.615812874,-32.721869553,E. cons,Eucalyptus consideniana,30.3,Rough,,8.45,,TRUE,2018-02/2018-07
WMDSFL3,Eli,150.615812874,-32.721869553,E. cons,Eucalyptus consideniana,32.9,Rough,,9.45,,TRUE,2018-02/2018-07
WMDSFL3,Eli,150.615812874,-32.721869553,E. cons,Eucalyptus consideniana,33.6,Rough,,5,,TRUE,2018-02/2018-07
WMDSFL3,Eli,150.615812874,-32.721869553,E. cons,Eucalyptus consideniana,39.2,Rough,,6.05,,TRUE,2018-02/2018-07
WMDSFL3,Eli,150.615812874,-32.721869553,E. punc,Eucalyptus punctata,21.2,Smooth,,15.5,,TRUE,2018-02/2018-07
WMDSFL3,Eli,150.615812874,-32.721869553,E. punc,Eucalyptus punctata,25.3,Smooth,,16,,TRUE,2018-02/2018-07
WMDSFL3,Eli,150.615812874,-32.721869553,E. punc,Eucalyptus punctata,31.4,Smooth,,12.5,,TRUE,2018-02/2018-07
WMDSFL3,Eli,150.615812874,-32.721869553,E. punc,Eucalyptus punctata,44.7,Smooth,,5.55,,TRUE,2018-02/2018-07
WMDSFL3,Eli,150.615812874,-32.721869553,E. spar,Eucalyptus sparsifolia,23.7,Stringy,,9.45,,TRUE,2018-02/2018-07
WMDSFL3,Eli,150.615812874,-32.721869553,E. spar,Eucalyptus sparsifolia,23.8,Stringy,,2.05,,TRUE,2018-02/2018-07
WMDSFL3,Eli,150.615812874,-32.721869553,E. spar,Eucalyptus sparsifolia,24.2,Stringy,,6,,TRUE,2018-02/2018-07
WMDSFL3,Eli,150.615812874,-32.721869553,E. spar,Eucalyptus sparsifolia,25.6,Stringy,,17.5,,TRUE,2018-02/2018-07
WMDSFL3,Eli,150.615812874,-32.721869553,E. spar,Eucalyptus sparsifolia,26.5,Stringy,,12,,TRUE,2018-02/2018-07
WMDSFL3,Eli,150.615812874,-32.721869553,E. spar,Eucalyptus sparsifolia,28.5,Stringy,,17.5,,TRUE,2018-02/2018-07
WMWSFL1,Eli,150.597899177,-32.719191932,A. flor,Angophora floribunda,62,Rough,,27,,TRUE,2018-02/2018-07
WMWSFL1,Eli,150.597899177,-32.719191932,E. dean,Eucalyptus deanei,45.9,Smooth,,17.5,,TRUE,2018-02/2018-07
WMWSFL1,Eli,150.597899177,-32.719191932,E. pip,Eucalyptus piperita,73.5,Rough,,19.5,,TRUE,2018-02/2018-07
WMWSFL1,Eli,150.597899177,-32.719191932,E. salig,Eucalyptus saligna,34.3,Stocking,,13.5,,TRUE,2018-02/2018-07
WMWSFL1,Eli,150.597899177,-32.719191932,E. salig,Eucalyptus saligna,44.3,Stocking,,13.5,,TRUE,2018-02/2018-07
WMWSFL1,Eli,150.597899177,-32.719191932,E. salig,Eucalyptus saligna,48.2,Stocking,,19.5,,TRUE,2018-02/2018-07
WMWSFL1,Eli,150.597899177,-32.719191932,E. salig,Eucalyptus saligna,87,Stocking,,15,,TRUE,2018-02/2018-07
WMWSFL1,Eli,150.597899177,-32.719191932,E. salig,Eucalyptus saligna,96.1,Stocking,,15,,TRUE,2018-02/2018-07
WMWSFL1,Eli,150.597899177,-32.719191932,E. salig,Eucalyptus saligna,98,Stocking,,17.5,,TRUE,2018-02/2018-07
WMWSFL1,Eli,150.597899177,-32.719191932,E. salig,Eucalyptus saligna,175.1,Stocking,,19,,TRUE,2018-02/2018-07
WMWSFL11,Eli,150.624510879,-32.720114,E. expr,Eucalyptus expressa,45,Stringy,,27.5,,TRUE,2018-02/2018-07
WMWSFL11,Eli,150.624510879,-32.720114,E. expr,Eucalyptus expressa,60.5,Stringy,,44.5,,TRUE,2018-02/2018-07
WMWSFL11,Eli,150.624510879,-32.720114,E. salig,Eucalyptus saligna,39.8,Stocking,,16,,TRUE,2018-02/2018-07
WMWSFL11,Eli,150.624510879,-32.720114,E. salig,Eucalyptus saligna,56.4,Stocking,,18.5,,TRUE,2018-02/2018-07
WMWSFL11,Eli,150.624510879,-32.720114,E. salig,Eucalyptus saligna,89,Stocking,,14,,TRUE,2018-02/2018-07
WMWSFL11,Eli,150.624510879,-32.720114,E. salig,Eucalyptus saligna,102,Stocking,,17,,TRUE,2018-02/2018-07
WMWSFL13,Eli,150.625997446,-32.719970836,E. dean,Eucalyptus deanei,46.5,Smooth,,20,,TRUE,2018-02/2018-07
WMWSFL13,Eli,150.625997446,-32.719970836,E. dean,Eucalyptus deanei,58.6,Smooth,,20.5,,TRUE,2018-02/2018-07
WMWSFL13,Eli,150.625997446,-32.719970836,E. dean,Eucalyptus deanei,62,Smooth,,25,,TRUE,2018-02/2018-07
WMWSFL13,Eli,150.625997446,-32.719970836,E. dean,Eucalyptus deanei,133.5,Smooth,,20,,TRUE,2018-02/2018-07
WMWSFL13,Eli,150.625997446,-32.719970836,E. salig,Eucalyptus saligna,155.5,Stocking,,16,,TRUE,2018-02/2018-07
WMWSFL5,Eli,150.587303155,-32.72723933,A. flor,Angophora floribunda,41.5,Rough,,17,,TRUE,2018-02/2018-07
WMWSFL5,Eli,150.587303155,-32.72723933,E. pip,Eucalyptus piperita,18.5,Rough,,13,,TRUE,2018-02/2018-07
WMWSFL5,Eli,150.587303155,-32.72723933,E. pip,Eucalyptus piperita,23.5,Rough,,9.9,,TRUE,2018-02/2018-07
WMWSFL5,Eli,150.587303155,-32.72723933,E. pip,Eucalyptus piperita,34.5,Rough,,8.5,,TRUE,2018-02/2018-07
WMWSFL5,Eli,150.587303155,-32.72723933,E. pip,Eucalyptus piperita,41,Rough,,9.45,,TRUE,2018-02/2018-07
WMWSFL5,Eli,150.587303155,-32.72723933,E. pip,Eucalyptus piperita,43.5,Rough,,8.5,,TRUE,2018-02/2018-07
WMWSFL5,Eli,150.587303155,-32.72723933,E. salig,Eucalyptus saligna,25.9,Stocking,,4.5,,TRUE,2018-02/2018-07
WMWSFL5,Eli,150.587303155,-32.72723933,E. salig,Eucalyptus saligna,92,Stocking,,6.5,,TRUE,2018-02/2018-07
WMWSFL5,Eli,150.587303155,-32.72723933,E. salig,Eucalyptus saligna,100,Stocking,,7.5,,TRUE,2018-02/2018-07
WMWSFL5,Eli,150.587303155,-32.72723933,E. salig,Eucalyptus saligna,127,Stocking,,8,,TRUE,2018-02/2018-07
YGDSFH1,Eli,150.754120284,-33.082127958,A. bake,Angophora bakeri,12,Rough,,11.95,,TRUE,2018-02/2018-07
YGDSFH1,Eli,150.754120284,-33.082127958,A. bake,Angophora bakeri,12.6,Rough,,13,,TRUE,2018-02/2018-07
YGDSFH1,Eli,150.754120284,-33.082127958,A. bake,Angophora bakeri,12.7,Rough,,16,,TRUE,2018-02/2018-07
YGDSFH1,Eli,150.754120284,-33.082127958,A. bake,Angophora bakeri,12.8,Rough,,11.95,,TRUE,2018-02/2018-07
YGDSFH1,Eli,150.754120284,-33.082127958,A. bake,Angophora bakeri,14.3,Rough,,14.5,,TRUE,2018-02/2018-07
YGDSFH1,Eli,150.754120284,-33.082127958,A. bake,Angophora bakeri,15.5,Rough,,17,,TRUE,2018-02/2018-07
YGDSFH1,Eli,150.754120284,-33.082127958,A. bake,Angophora bakeri,15.7,Rough,,11.95,,TRUE,2018-02/2018-07
YGDSFH1,Eli,150.754120284,-33.082127958,A. bake,Angophora bakeri,17.8,Rough,,15,,TRUE,2018-02/2018-07
YGDSFH1,Eli,150.754120284,-33.082127958,A. bake,Angophora bakeri,18.2,Rough,,12,,TRUE,2018-02/2018-07
YGDSFH1,Eli,150.754120284,-33.082127958,A. bake,Angophora bakeri,19.4,Rough,,16,,TRUE,2018-02/2018-07
YGDSFH1,Eli,150.754120284,-33.082127958,A. bake,Angophora bakeri,19.4,Rough,,17.5,,TRUE,2018-02/2018-07
YGDSFH1,Eli,150.754120284,-33.082127958,A. bake,Angophora bakeri,22.1,Rough,,15.5,,TRUE,2018-02/2018-07
YGDSFH1,Eli,150.754120284,-33.082127958,A. bake,Angophora bakeri,23.3,Rough,,9.9,,TRUE,2018-02/2018-07
YGDSFH1,Eli,150.754120284,-33.082127958,A. bake,Angophora bakeri,23.4,Rough,,14.5,,TRUE,2018-02/2018-07
YGDSFH1,Eli,150.754120284,-33.082127958,A. bake,Angophora bakeri,24.1,Rough,,10.45,,TRUE,2018-02/2018-07
YGDSFH1,Eli,150.754120284,-33.082127958,A. bake,Angophora bakeri,24.1,Rough,,19,,TRUE,2018-02/2018-07
YGDSFH1,Eli,150.754120284,-33.082127958,A. bake,Angophora bakeri,25.3,Rough,,17.5,,TRUE,2018-02/2018-07
YGDSFH1,Eli,150.754120284,-33.082127958,A. bake,Angophora bakeri,25.5,Rough,,16.5,,TRUE,2018-02/2018-07
YGDSFH1,Eli,150.754120284,-33.082127958,A. bake,Angophora bakeri,25.5,Rough,,17,,TRUE,2018-02/2018-07
YGDSFH1,Eli,150.754120284,-33.082127958,A. bake,Angophora bakeri,28,Rough,,17.5,,TRUE,2018-02/2018-07
YGDSFH1,Eli,150.754120284,-33.082127958,A. bake,Angophora bakeri,28.2,Rough,,12.5,,TRUE,2018-02/2018-07
YGDSFH1,Eli,150.754120284,-33.082127958,A. bake,Angophora bakeri,37.5,Rough,,20,,TRUE,2018-02/2018-07
YGDSFH1,Eli,150.754120284,-33.082127958,C. exim,Corymbia eximia,10.4,Rough,,9.9,,TRUE,2018-02/2018-07
YGDSFH1,Eli,150.754120284,-33.082127958,C. exim,Corymbia eximia,23,Rough,,9.9,,TRUE,2018-02/2018-07
YGDSFH1,Eli,150.754120284,-33.082127958,C. exim,Corymbia eximia,25.2,Rough,,15.5,,TRUE,2018-02/2018-07
YGDSFH1,Eli,150.754120284,-33.082127958,C. exim,Corymbia eximia,25.3,Rough,,23.5,,TRUE,2018-02/2018-07
YGDSFH1,Eli,150.754120284,-33.082127958,C. gumm,Corymbia gummifera,20.1,Rough,,23.5,,TRUE,2018-02/2018-07
YGDSFH1,Eli,150.754120284,-33.082127958,C. gumm,Corymbia gummifera,22.5,Rough,,24,,TRUE,2018-02/2018-07
YGDSFH1,Eli,150.754120284,-33.082127958,C. gumm,Corymbia gummifera,39.3,Rough,,20,,TRUE,2018-02/2018-07
YGDSFH1,Eli,150.754120284,-33.082127958,E. pip,Eucalyptus piperita,11,Rough,,8,,TRUE,2018-02/2018-07
YGDSFH1,Eli,150.754120284,-33.082127958,E. pip,Eucalyptus piperita,14.5,Rough,,5.5,,TRUE,2018-02/2018-07
YGDSFH1,Eli,150.754120284,-33.082127958,E. pip,Eucalyptus piperita,21.5,Rough,,9.9,,TRUE,2018-02/2018-07
YGDSFH1,Eli,150.754120284,-33.082127958,E. spar,Eucalyptus sparsifolia,10.2,Stringy,,8.45,,TRUE,2018-02/2018-07
YGDSFH1,Eli,150.754120284,-33.082127958,E. spar,Eucalyptus sparsifolia,10.2,Stringy,,8.95,,TRUE,2018-02/2018-07
YGDSFH1,Eli,150.754120284,-33.082127958,E. spar,Eucalyptus sparsifolia,12.4,Stringy,,7.5,,TRUE,2018-02/2018-07
YGDSFL2,Eli,150.760510656,-33.135067013,C. exim,Corymbia eximia,10.6,Rough,,17.5,,TRUE,2018-02/2018-07
YGDSFL2,Eli,150.760510656,-33.135067013,C. exim,Corymbia eximia,15.9,Rough,,14,,TRUE,2018-02/2018-07
YGDSFL2,Eli,150.760510656,-33.135067013,C. exim,Corymbia eximia,17.6,Rough,,12.45,,TRUE,2018-02/2018-07
YGDSFL2,Eli,150.760510656,-33.135067013,C. exim,Corymbia eximia,18.4,Rough,,0.1,,TRUE,2018-02/2018-07
YGDSFL2,Eli,150.760510656,-33.135067013,C. exim,Corymbia eximia,20,Rough,,19,,TRUE,2018-02/2018-07
YGDSFL2,Eli,150.760510656,-33.135067013,C. exim,Corymbia eximia,21.3,Rough,,15.5,,TRUE,2018-02/2018-07
YGDSFL2,Eli,150.760510656,-33.135067013,C. exim,Corymbia eximia,21.8,Rough,,21,,TRUE,2018-02/2018-07
YGDSFL2,Eli,150.760510656,-33.135067013,C. exim,Corymbia eximia,22,Rough,,17.5,,TRUE,2018-02/2018-07
YGDSFL2,Eli,150.760510656,-33.135067013,C. exim,Corymbia eximia,22.3,Rough,,17.5,,TRUE,2018-02/2018-07
YGDSFL2,Eli,150.760510656,-33.135067013,C. exim,Corymbia eximia,22.6,Rough,,18,,TRUE,2018-02/2018-07
YGDSFL2,Eli,150.760510656,-33.135067013,C. exim,Corymbia eximia,23,Rough,,19,,TRUE,2018-02/2018-07
YGDSFL2,Eli,150.760510656,-33.135067013,C. exim,Corymbia eximia,28,Rough,,10.45,,TRUE,2018-02/2018-07
YGDSFL2,Eli,150.760510656,-33.135067013,C. exim,Corymbia eximia,29.9,Rough,,14.5,,TRUE,2018-02/2018-07
YGDSFL2,Eli,150.760510656,-33.135067013,C. exim,Corymbia eximia,41.4,Rough,,21.5,,TRUE,2018-02/2018-07
YGDSFL2,Eli,150.760510656,-33.135067013,C. gumm,Corymbia gummifera,11,Rough,,19.5,,TRUE,2018-02/2018-07
YGDSFL2,Eli,150.760510656,-33.135067013,C. gumm,Corymbia gummifera,12.8,Rough,,19,,TRUE,2018-02/2018-07
YGDSFL2,Eli,150.760510656,-33.135067013,C. gumm,Corymbia gummifera,13.6,Rough,,17,,TRUE,2018-02/2018-07
YGDSFL2,Eli,150.760510656,-33.135067013,C. gumm,Corymbia gummifera,14.6,Rough,,16.5,,TRUE,2018-02/2018-07
YGDSFL2,Eli,150.760510656,-33.135067013,C. gumm,Corymbia gummifera,18.4,Rough,,22,,TRUE,2018-02/2018-07
YGDSFL2,Eli,150.760510656,-33.135067013,C. gumm,Corymbia gummifera,21.8,Rough,,29,,TRUE,2018-02/2018-07
YGDSFL2,Eli,150.760510656,-33.135067013,C. gumm,Corymbia gummifera,27.6,Rough,,22,,TRUE,2018-02/2018-07
YGDSFL2,Eli,150.760510656,-33.135067013,C. gumm,Corymbia gummifera,28.8,Rough,,34,,TRUE,2018-02/2018-07
YGDSFL2,Eli,150.760510656,-33.135067013,C. gumm,Corymbia gummifera,35.2,Rough,,28,,TRUE,2018-02/2018-07
YGDSFL2,Eli,150.760510656,-33.135067013,C. gumm,Corymbia gummifera,37,Rough,,29,,TRUE,2018-02/2018-07
YGDSFL2,Eli,150.760510656,-33.135067013,C. gumm,Corymbia gummifera,37,Rough,,36,,TRUE,2018-02/2018-07
YGDSFL2,Eli,150.760510656,-33.135067013,E. punc,Eucalyptus punctata,20.8,Smooth,,10.45,,TRUE,2018-02/2018-07
YGDSFL2,Eli,150.760510656,-33.135067013,E. punc,Eucalyptus punctata,36.9,Smooth,,9,,TRUE,2018-02/2018-07
YGDSFL2,Eli,150.760510656,-33.135067013,E. spar,Eucalyptus sparsifolia,21.8,Stringy,,9.45,,TRUE,2018-02/2018-07
YGDSFL2,Eli,150.760510656,-33.135067013,E. spar,Eucalyptus sparsifolia,39.4,Stringy,,13.5,,TRUE,2018-02/2018-07
YGDSFL2,Eli,150.760510656,-33.135067013,E. spar,Eucalyptus sparsifolia,51.5,Stringy,,15.5,,TRUE,2018-02/2018-07
YGDSFL3,Eli,150.76480111,-33.134936701,A. bake,Angophora bakeri,10.6,Rough,,14.5,,TRUE,2018-02/2018-07
YGDSFL3,Eli,150.76480111,-33.134936701,A. bake,Angophora bakeri,10.6,Rough,,16.5,,TRUE,2018-02/2018-07
YGDSFL3,Eli,150.76480111,-33.134936701,A. bake,Angophora bakeri,11,Rough,,14,,TRUE,2018-02/2018-07
YGDSFL3,Eli,150.76480111,-33.134936701,A. bake,Angophora bakeri,11,Rough,,15,,TRUE,2018-02/2018-07
YGDSFL3,Eli,150.76480111,-33.134936701,A. bake,Angophora bakeri,11.5,Rough,,16.5,,TRUE,2018-02/2018-07
YGDSFL3,Eli,150.76480111,-33.134936701,A. bake,Angophora bakeri,11.6,Rough,,15,,TRUE,2018-02/2018-07
YGDSFL3,Eli,150.76480111,-33.134936701,A. bake,Angophora bakeri,11.9,Rough,,14.5,,TRUE,2018-02/2018-07
YGDSFL3,Eli,150.76480111,-33.134936701,A. bake,Angophora bakeri,12.2,Rough,,16,,TRUE,2018-02/2018-07
YGDSFL3,Eli,150.76480111,-33.134936701,A. bake,Angophora bakeri,13.6,Rough,,17.5,,TRUE,2018-02/2018-07
YGDSFL3,Eli,150.76480111,-33.134936701,A. bake,Angophora bakeri,16.9,Rough,,15,,TRUE,2018-02/2018-07
YGDSFL3,Eli,150.76480111,-33.134936701,A. bake,Angophora bakeri,17,Rough,,21,,TRUE,2018-02/2018-07
YGDSFL3,Eli,150.76480111,-33.134936701,A. bake,Angophora bakeri,19,Rough,,23.5,,TRUE,2018-02/2018-07
YGDSFL3,Eli,150.76480111,-33.134936701,A. bake,Angophora bakeri,19.9,Rough,,15,,TRUE,2018-02/2018-07
YGDSFL3,Eli,150.76480111,-33.134936701,A. bake,Angophora bakeri,21.2,Rough,,17,,TRUE,2018-02/2018-07
YGDSFL3,Eli,150.76480111,-33.134936701,A. bake,Angophora bakeri,21.3,Rough,,25.5,,TRUE,2018-02/2018-07
YGDSFL3,Eli,150.76480111,-33.134936701,A. bake,Angophora bakeri,22.5,Rough,,22.5,,TRUE,2018-02/2018-07
YGDSFL3,Eli,150.76480111,-33.134936701,A. bake,Angophora bakeri,23.4,Rough,,20,,TRUE,2018-02/2018-07
YGDSFL3,Eli,150.76480111,-33.134936701,A. bake,Angophora bakeri,24.5,Rough,,13.5,,TRUE,2018-02/2018-07
YGDSFL3,Eli,150.76480111,-33.134936701,A. bake,Angophora bakeri,25.5,Rough,,22,,TRUE,2018-02/2018-07
YGDSFL3,Eli,150.76480111,-33.134936701,A. bake,Angophora bakeri,26.2,Rough,,22.5,,TRUE,2018-02/2018-07
YGDSFL3,Eli,150.76480111,-33.134936701,A. bake,Angophora bakeri,27.4,Rough,,15.5,,TRUE,2018-02/2018-07
YGDSFL3,Eli,150.76480111,-33.134936701,A. bake,Angophora bakeri,30.6,Rough,,23.5,,TRUE,2018-02/2018-07
YGDSFL3,Eli,150.76480111,-33.134936701,A. bake,Angophora bakeri,33.4,Rough,,23,,TRUE,2018-02/2018-07
YGDSFL3,Eli,150.76480111,-33.134936701,A. bake,Angophora bakeri,36,Rough,,24.5,,TRUE,2018-02/2018-07
YGDSFL3,Eli,150.76480111,-33.134936701,C. exim,Corymbia eximia,31.9,Rough,,22,,TRUE,2018-02/2018-07
YGDSFL3,Eli,150.76480111,-33.134936701,C. exim,Corymbia eximia,32.7,Rough,,12,,TRUE,2018-02/2018-07
YGDSFL3,Eli,150.76480111,-33.134936701,C. gumm,Corymbia gummifera,26.8,Rough,,23.5,,TRUE,2018-02/2018-07
YGDSFL3,Eli,150.76480111,-33.134936701,C. gumm,Corymbia gummifera,27.1,Rough,,21,,TRUE,2018-02/2018-07
YGDSFL3,Eli,150.76480111,-33.134936701,E. spar,Eucalyptus sparsifolia,14,Stringy,,11,,TRUE,2018-02/2018-07
YGDSFL3,Eli,150.76480111,-33.134936701,E. squa,Eucalyptus squamosa,14.6,Rough,,10.45,,TRUE,2018-02/2018-07
YGWSFL1,Eli,150.769176783,-33.136097258,A. eury,Angophora costata,69,Smooth,,15,,TRUE,2018-02/2018-07
YGWSFL1,Eli,150.769176783,-33.136097258,A. eury,Angophora costata,78.5,Smooth,,14,,TRUE,2018-02/2018-07
YGWSFL1,Eli,150.769176783,-33.136097258,A. flor,Angophora floribunda,10.2,Rough,,16.5,,TRUE,2018-02/2018-07
YGWSFL1,Eli,150.769176783,-33.136097258,A. flor,Angophora floribunda,13.7,Rough,,23.5,,TRUE,2018-02/2018-07
YGWSFL1,Eli,150.769176783,-33.136097258,A. flor,Angophora floribunda,21.5,Rough,,27,,TRUE,2018-02/2018-07
YGWSFL1,Eli,150.769176783,-33.136097258,A. flor,Angophora floribunda,30.7,Rough,,24.5,,TRUE,2018-02/2018-07
YGWSFL1,Eli,150.769176783,-33.136097258,A. flor,Angophora floribunda,52.6,Rough,,32.5,,TRUE,2018-02/2018-07
YGWSFL1,Eli,150.769176783,-33.136097258,C. gumm,Corymbia gummifera,40.8,Rough,,31.5,,TRUE,2018-02/2018-07
YGWSFL1,Eli,150.769176783,-33.136097258,E. aggl,Eucalyptus agglomerata,53.9,Stringy,,25,,TRUE,2018-02/2018-07
YGWSFL1,Eli,150.769176783,-33.136097258,E. aggl,Eucalyptus agglomerata,58.2,Stringy,,27,,TRUE,2018-02/2018-07
YGWSFL18,Eli,150.736109596,-33.117402658,A. flor,Angophora floribunda,62,Rough,,41.5,,TRUE,2018-02/2018-07
YGWSFL18,Eli,150.736109596,-33.117402658,A. flor,Angophora floribunda,71,Rough,,24.5,,TRUE,2018-02/2018-07
YGWSFL18,Eli,150.736109596,-33.117402658,A. flor,Angophora floribunda,106,Rough,,23.5,,TRUE,2018-02/2018-07
YGWSFL18,Eli,150.736109596,-33.117402658,E. expr,Eucalyptus expressa,168,Stringy,,13.5,,TRUE,2018-02/2018-07
YGWSFL18,Eli,150.736109596,-33.117402658,E. expr,Eucalyptus expressa,169,Stringy,,26.5,,TRUE,2018-02/2018-07
YGWSFL19,Eli,150.738368975,-33.113286702,A. flor,Angophora floribunda,64.4,Rough,,33,,TRUE,2018-02/2018-07
YGWSFL19,Eli,150.738368975,-33.113286702,A. flor,Angophora floribunda,87,Rough,,38.5,,TRUE,2018-02/2018-07
YGWSFL19,Eli,150.738368975,-33.113286702,A. flor,Angophora floribunda,89.5,Rough,,46.5,,TRUE,2018-02/2018-07
YGWSFL19,Eli,150.738368975,-33.113286702,E. beye,Eucalyptus beyeriana,30.2,Ironbark,,23.5,,TRUE,2018-02/2018-07
YGWSFL19,Eli,150.738368975,-33.113286702,E. beye,Eucalyptus beyeriana,69,Ironbark,,50,,TRUE,2018-02/2018-07
YGWSFL19,Eli,150.738368975,-33.113286702,E. beye,Eucalyptus beyeriana,95,Ironbark,,50,,TRUE,2018-02/2018-07
YGWSFL19,Eli,150.738368975,-33.113286702,E. expr,Eucalyptus expressa,120,Stringy,,22,,TRUE,2018-02/2018-07
YGWSFL7,Eli,150.775481528,-33.122404359,A. flor,Angophora floribunda,25,Rough,,28,,TRUE,2018-02/2018-07
YGWSFL7,Eli,150.775481528,-33.122404359,A. flor,Angophora floribunda,29.9,Rough,,21,,TRUE,2018-02/2018-07
YGWSFL7,Eli,150.775481528,-33.122404359,A. flor,Angophora floribunda,32.5,Rough,,13.5,,TRUE,2018-02/2018-07
YGWSFL7,Eli,150.775481528,-33.122404359,E. beye,Eucalyptus beyeriana,23.9,Ironbark,,34.5,,TRUE,2018-02/2018-07
YGWSFL7,Eli,150.775481528,-33.122404359,E. beye,Eucalyptus beyeriana,30.4,Ironbark,,36.5,,TRUE,2018-02/2018-07
YGWSFL7,Eli,150.775481528,-33.122404359,E. beye,Eucalyptus beyeriana,38,Ironbark,,50,,TRUE,2018-02/2018-07
YGWSFL7,Eli,150.775481528,-33.122404359,E. beye,Eucalyptus beyeriana,43.5,Ironbark,,50,,TRUE,2018-02/2018-07
YGWSFL7,Eli,150.775481528,-33.122404359,E. beye,Eucalyptus beyeriana,47,Ironbark,,50,,TRUE,2018-02/2018-07
YGWSFL7,Eli,150.775481528,-33.122404359,E. euge,Eucalyptus eugenioides,69,Stringy,,20.5,,TRUE,2018-02/2018-07
YGWSFL7,Eli,150.775481528,-33.122404359,E. euge,Eucalyptus eugenioides,85.5,Stringy,,13.45,,TRUE,2018-02/2018-07
YGWSFL7,Eli,150.775481528,-33.122404359,E. euge,Eucalyptus eugenioides,95.3,Stringy,,19,,TRUE,2018-02/2018-07
YGWSFL7,Eli,150.775481528,-33.122404359,E. mich,Eucalyptus michaeliana,13.7,Smooth,,9.45,,TRUE,2018-02/2018-07
YGWSFL7,Eli,150.775481528,-33.122404359,E. mich,Eucalyptus michaeliana,21.1,Smooth,,8.45,,TRUE,2018-02/2018-07
YGWSFL7,Eli,150.775481528,-33.122404359,E. mich,Eucalyptus michaeliana,22,Smooth,,13,,TRUE,2018-02/2018-07
YGWSFL7,Eli,150.775481528,-33.122404359,E. mich,Eucalyptus michaeliana,23.5,Smooth,,11.5,,TRUE,2018-02/2018-07
YGWSFL7,Eli,150.775481528,-33.122404359,E. mich,Eucalyptus michaeliana,34.6,Smooth,,17.5,,TRUE,2018-02/2018-07
YGWSFL7,Eli,150.775481528,-33.122404359,E. mich,Eucalyptus michaeliana,49.9,Smooth,,16.5,,TRUE,2018-02/2018-07
YGWSFL7,Eli,150.775481528,-33.122404359,E. mich,Eucalyptus michaeliana,52.4,Smooth,,16.5,,TRUE,2018-02/2018-07
YGWSFL7,Eli,150.775481528,-33.122404359,E. mich,Eucalyptus michaeliana,68,Smooth,,15.5,,TRUE,2018-02/2018-07
YGWSFL7,Eli,150.775481528,-33.122404359,E. mich,Eucalyptus michaeliana,74.1,Smooth,,14.5,,TRUE,2018-02/2018-07
YGWSFL8,Eli,150.808017808,-33.125803719,E. beye,Eucalyptus beyeriana,49.4,Ironbark,,40,,TRUE,2018-02/2018-07
YGWSFL8,Eli,150.808017808,-33.125803719,E. bosi,Eucalyptus bosistoana,15.3,Stocking,,14,,TRUE,2018-02/2018-07
YGWSFL8,Eli,150.808017808,-33.125803719,E. bosi,Eucalyptus bosistoana,25.2,Stocking,,13.5,,TRUE,2018-02/2018-07
YGWSFL8,Eli,150.808017808,-33.125803719,E. bosi,Eucalyptus bosistoana,35.5,Stocking,,12.95,,TRUE,2018-02/2018-07
YGWSFL8,Eli,150.808017808,-33.125803719,E. bosi,Eucalyptus bosistoana,38.8,Stocking,,12,,TRUE,2018-02/2018-07
YGWSFL8,Eli,150.808017808,-33.125803719,E. bosi,Eucalyptus bosistoana,68,Stocking,,15,,TRUE,2018-02/2018-07
YGWSFL8,Eli,150.808017808,-33.125803719,E. bosi,Eucalyptus bosistoana,73,Stocking,,20.5,,TRUE,2018-02/2018-07
YGWSFL8,Eli,150.808017808,-33.125803719,E. bosi,Eucalyptus bosistoana,77.2,Stocking,,16,,TRUE,2018-02/2018-07
YGWSFL8,Eli,150.808017808,-33.125803719,E. bosi,Eucalyptus bosistoana,91,Stocking,,18,,TRUE,2018-02/2018-07
YGWSFL8,Eli,150.808017808,-33.125803719,E. bosi,Eucalyptus bosistoana,95.5,Stocking,,16,,TRUE,2018-02/2018-07
YGWSFL8,Eli,150.808017808,-33.125803719,E. mich,Eucalyptus michaeliana,23.3,Smooth,,19.5,,TRUE,2018-02/2018-07
YGWSFL8,Eli,150.808017808,-33.125803719,E. mich,Eucalyptus michaeliana,105,Smooth,,15.5,,TRUE,2018-02/2018-07
Bennett Gully,Harriet,150.336944,-33.596944,E_piperita,Eucalyptus piperita,14.3,Rough,Rough,20.86,0.09577309593849273,TRUE,2019-08/2021-06
Bennett Gully,Harriet,150.336944,-33.596944,E_piperita,Eucalyptus piperita,24.7,Rough,Rough,26.91,0.13495666993578823,TRUE,2019-08/2021-06
Bennett Gully,Harriet,150.336944,-33.596944,E_piperita,Eucalyptus piperita,25.5,Rough,Rough,35.11,0.20882738131403775,TRUE,2019-08/2021-06
Bennett Gully,Harriet,150.336944,-33.596944,E_piperita,Eucalyptus piperita,26.3,Rough,Rough,24.86,0.06405174192366185,TRUE,2019-08/2021-06
Bennett Gully,Harriet,150.336944,-33.596944,E_piperita,Eucalyptus piperita,26.4,Rough,Rough,24.66,0.050592969896362694,TRUE,2019-08/2021-06
Bennett Gully,Harriet,150.336944,-33.596944,E_piperita,Eucalyptus piperita,28.9,Rough,Rough,29.21,0.18991390726913743,TRUE,2019-08/2021-06
Bennett Gully,Harriet,150.336944,-33.596944,E_piperita,Eucalyptus piperita,30.9,Rough,Rough,34.21,0.21617677642752714,TRUE,2019-08/2021-06
Bennett Gully,Harriet,150.336944,-33.596944,E_piperita,Eucalyptus piperita,45.6,Rough,Rough,21.01,0.13463733260954225,TRUE,2019-08/2021-06
Bennett Gully,Harriet,150.336944,-33.596944,E_piperita,Eucalyptus piperita,56.7,Rough,Rough,25.8433,0.12126063510073964,TRUE,2019-08/2021-06
Bennett Gully,Harriet,150.336944,-33.596944,E_piperita,Eucalyptus piperita,60.5,Rough,Rough,30.31,1.3680230177059989,TRUE,2019-08/2021-06
Bennett Gully,Harriet,150.336944,-33.596944,E_racemosa,Eucalyptus racemosa,15,Smooth,Smooth,20.16,0.4728901734104047,TRUE,2019-08/2021-06
Bennett Gully,Harriet,150.336944,-33.596944,E_racemosa,Eucalyptus racemosa,23.2,Smooth,Smooth,26.26,0.4905128205128205,TRUE,2019-08/2021-06
Bennett Gully,Harriet,150.336944,-33.596944,E_racemosa,Eucalyptus racemosa,23.8,Smooth,Smooth,27.01,0.5122222222222222,TRUE,2019-08/2021-06
Bennett Gully,Harriet,150.336944,-33.596944,E_racemosa,Eucalyptus racemosa,24.9,Smooth,Smooth,30.36,0.45822429906542056,TRUE,2019-08/2021-06
Bennett Gully,Harriet,150.336944,-33.596944,E_racemosa,Eucalyptus racemosa,25.4,Smooth,Smooth,33.51,0.5512030075187969,TRUE,2019-08/2021-06
Bennett Gully,Harriet,150.336944,-33.596944,E_racemosa,Eucalyptus racemosa,29.4,Smooth,Smooth,25.16,0.5209433962264151,TRUE,2019-08/2021-06
Bennett Gully,Harriet,150.336944,-33.596944,E_racemosa,Eucalyptus racemosa,40.4,Smooth,Smooth,24.7433,0.43738930822504085,TRUE,2019-08/2021-06
Bennett Gully,Harriet,150.336944,-33.596944,E_racemosa,Eucalyptus racemosa,42.4,Smooth,Smooth,32.1767,0.4727046511627907,TRUE,2019-08/2021-06
Bennett Gully,Harriet,150.336944,-33.596944,E_racemosa,Eucalyptus racemosa,45.4,Smooth,Smooth,29.2767,0.4507749364806164,TRUE,2019-08/2021-06
Bennett Gully,Harriet,150.336944,-33.596944,E_racemosa,Eucalyptus racemosa,50.4,Smooth,Smooth,29.51,0.5174163241338814,TRUE,2019-08/2021-06
Bennett Ridge,Harriet,150.335556,-33.596389,E_piperita,Eucalyptus piperita,15.6,Rough,Rough,23.16,0.11307387034298833,TRUE,2019-08/2021-06
Bennett Ridge,Harriet,150.335556,-33.596389,E_piperita,Eucalyptus piperita,16.3,Rough,Rough,25.01,0.16742780593877718,TRUE,2019-08/2021-06
Bennett Ridge,Harriet,150.335556,-33.596389,E_piperita,Eucalyptus piperita,20.1,Rough,Rough,23.56,0.19178037643674306,TRUE,2019-08/2021-06
Bennett Ridge,Harriet,150.335556,-33.596389,E_piperita,Eucalyptus piperita,22.1,Rough,Rough,29.26,0.37099361154341315,TRUE,2019-08/2021-06
Bennett Ridge,Harriet,150.335556,-33.596389,E_piperita,Eucalyptus piperita,22.8,Rough,Rough,27.91,0.18661904826343267,TRUE,2019-08/2021-06
Bennett Ridge,Harriet,150.335556,-33.596389,E_piperita,Eucalyptus piperita,23,Rough,Rough,23.56,0.18847248216215737,TRUE,2019-08/2021-06
Bennett Ridge,Harriet,150.335556,-33.596389,E_piperita,Eucalyptus piperita,58.3,Rough,Rough,20.8433,0.08800377828706847,TRUE,2019-08/2021-06
Bennett Ridge,Harriet,150.335556,-33.596389,E_racemosa,Eucalyptus racemosa,12.2,Smooth,Smooth,31.26,0.45035087719298245,TRUE,2019-08/2021-06
Bennett Ridge,Harriet,150.335556,-33.596389,E_racemosa,Eucalyptus racemosa,12.6,Smooth,Smooth,23.31,0.38036585365853665,TRUE,2019-08/2021-06
Bennett Ridge,Harriet,150.335556,-33.596389,E_racemosa,Eucalyptus racemosa,13.1,Smooth,Smooth,23.26,0.426,TRUE,2019-08/2021-06
Bennett Ridge,Harriet,150.335556,-33.596389,E_racemosa,Eucalyptus racemosa,14.1,Smooth,Smooth,25.91,0.4131707317073171,TRUE,2019-08/2021-06
Bennett Ridge,Harriet,150.335556,-33.596389,E_racemosa,Eucalyptus racemosa,15.6,Smooth,Smooth,25.76,0.4553061224489796,TRUE,2019-08/2021-06
Bennett Ridge,Harriet,150.335556,-33.596389,E_racemosa,Eucalyptus racemosa,18,Smooth,Smooth,29.66,0.4481318681318681,TRUE,2019-08/2021-06
Bennett Ridge,Harriet,150.335556,-33.596389,E_racemosa,Eucalyptus racemosa,21.5,Smooth,Smooth,33.16,0.39842105263157895,TRUE,2019-08/2021-06
Bennett Ridge,Harriet,150.335556,-33.596389,E_racemosa,Eucalyptus racemosa,22.2,Smooth,Smooth,24.36,0.48539215686274506,TRUE,2019-08/2021-06
Bennett Ridge,Harriet,150.335556,-33.596389,E_racemosa,Eucalyptus racemosa,22.6,Smooth,Smooth,23.16,0.48972027972027976,TRUE,2019-08/2021-06
Bennett Ridge,Harriet,150.335556,-33.596389,E_racemosa,Eucalyptus racemosa,28.3,Smooth,Smooth,35.91,0.4710077519379845,TRUE,2019-08/2021-06
Dharawal National Park,Harriet,150.857987,-34.203972,E_eugenioides,Eucalyptus eugenioides,12.3,Stringy,Stringy,32.325,0.021077021245505888,TRUE,2019-08/2021-06
Dharawal National Park,Harriet,150.857987,-34.203972,E_eugenioides,Eucalyptus eugenioides,15,Stringy,Stringy,30.63,0.05060663414785215,TRUE,2019-08/2021-06
Dharawal National Park,Harriet,150.857987,-34.203972,E_eugenioides,Eucalyptus eugenioides,16.9,Stringy,Stringy,28.41,0.012512945689950409,TRUE,2019-08/2021-06
Dharawal National Park,Harriet,150.857987,-34.203972,E_eugenioides,Eucalyptus eugenioides,18.6,Stringy,Stringy,36.52,0.08343689835881134,TRUE,2019-08/2021-06
Dharawal National Park,Harriet,150.857987,-34.203972,E_eugenioides,Eucalyptus eugenioides,18.9,Stringy,Stringy,35.22,0.2067327806410826,TRUE,2019-08/2021-06
Dharawal National Park,Harriet,150.857987,-34.203972,E_eugenioides,Eucalyptus eugenioides,23.1,Stringy,Stringy,31.035,0.039081691133134616,TRUE,2019-08/2021-06
Dharawal National Park,Harriet,150.857987,-34.203972,E_eugenioides,Eucalyptus eugenioides,23.8,Stringy,Stringy,30.13,0.16706495942275743,TRUE,2019-08/2021-06
Dharawal National Park,Harriet,150.857987,-34.203972,E_eugenioides,Eucalyptus eugenioides,30.8,Stringy,Stringy,56.82,0.36953826682932,TRUE,2019-08/2021-06
Dharawal National Park,Harriet,150.857987,-34.203972,E_eugenioides,Eucalyptus eugenioides,31.4,Stringy,Stringy,28.3867,0.3245710574873424,TRUE,2019-08/2021-06
Dharawal National Park,Harriet,150.857987,-34.203972,E_eugenioides,Eucalyptus eugenioides,35.5,Stringy,Stringy,30.2167,0.18266077820565677,TRUE,2019-08/2021-06
Dharawal National Park,Harriet,150.857987,-34.203972,E_haemastoma,Eucalyptus haemastoma,10.1,Smooth,Smooth,22.57,0.5242857142857142,TRUE,2019-08/2021-06
Dharawal National Park,Harriet,150.857987,-34.203972,E_haemastoma,Eucalyptus haemastoma,10.2,Smooth,Smooth,22.4,0.5243478260869565,TRUE,2019-08/2021-06
Dharawal National Park,Harriet,150.857987,-34.203972,E_haemastoma,Eucalyptus haemastoma,12.2,Smooth,Smooth,20.035,0.36,TRUE,2019-08/2021-06
Dharawal National Park,Harriet,150.857987,-34.203972,E_haemastoma,Eucalyptus haemastoma,13.7,Smooth,Smooth,21.62,0.4866666666666666,TRUE,2019-08/2021-06
Dharawal National Park,Harriet,150.857987,-34.203972,E_haemastoma,Eucalyptus haemastoma,14.6,Smooth,Smooth,21.23,0.4956,TRUE,2019-08/2021-06
Dharawal National Park,Harriet,150.857987,-34.203972,E_haemastoma,Eucalyptus haemastoma,22.6,Smooth,Smooth,24.725,0.41130434782608694,TRUE,2019-08/2021-06
Dharawal National Park,Harriet,150.857987,-34.203972,E_haemastoma,Eucalyptus haemastoma,25.9,Smooth,Smooth,20.58,0.4669696969696969,TRUE,2019-08/2021-06
Dharawal National Park,Harriet,150.857987,-34.203972,E_haemastoma,Eucalyptus haemastoma,26.9,Smooth,Smooth,28.52,0.5083870967741935,TRUE,2019-08/2021-06
Dharawal National Park,Harriet,150.857987,-34.203972,E_haemastoma,Eucalyptus haemastoma,32.5,Smooth,Smooth,27.76,0.38548387096774195,TRUE,2019-08/2021-06
Dharawal National Park,Harriet,150.857987,-34.203972,E_haemastoma,Eucalyptus haemastoma,37.7,Smooth,Smooth,30.33,0.4386,TRUE,2019-08/2021-06
Dharawal National Park,Harriet,150.857987,-34.203972,E_sieberi,Eucalyptus sieberi,12.4,Rough,Rough,42.61,0.23782608695652172,TRUE,2019-08/2021-06
Dharawal National Park,Harriet,150.857987,-34.203972,E_sieberi,Eucalyptus sieberi,13.2,Rough,Rough,37.085,0.29062499999999997,TRUE,2019-08/2021-06
Dharawal National Park,Harriet,150.857987,-34.203972,E_sieberi,Eucalyptus sieberi,16.1,Rough,Rough,55.38,0.449,TRUE,2019-08/2021-06
Dharawal National Park,Harriet,150.857987,-34.203972,E_sieberi,Eucalyptus sieberi,16.6,Rough,Rough,46.905,0.246,TRUE,2019-08/2021-06
Dharawal National Park,Harriet,150.857987,-34.203972,E_sieberi,Eucalyptus sieberi,18.8,Rough,Rough,41.185,0.4244,TRUE,2019-08/2021-06
Dharawal National Park,Harriet,150.857987,-34.203972,E_sieberi,Eucalyptus sieberi,23.6,Rough,Rough,50.17,0.17,TRUE,2019-08/2021-06
Dharawal National Park,Harriet,150.857987,-34.203972,E_sieberi,Eucalyptus sieberi,24.7,Rough,Rough,49.305,0.37454545454545457,TRUE,2019-08/2021-06
Dharawal National Park,Harriet,150.857987,-34.203972,E_sieberi,Eucalyptus sieberi,25.2,Rough,Rough,46.18,0.22286474971193337,TRUE,2019-08/2021-06
Dharawal National Park,Harriet,150.857987,-34.203972,E_sieberi,Eucalyptus sieberi,28.1,Rough,Rough,44.195,0.12542539080677356,TRUE,2019-08/2021-06
Dharawal National Park,Harriet,150.857987,-34.203972,E_sieberi,Eucalyptus sieberi,33.7,Rough,Rough,67.3367,0.18333333333333335,TRUE,2019-08/2021-06
DMDSFH5,Eli,150.681114725,-34.31687189,C. gumm,Corymbia gummifera,10,Rough,,10.5,,TRUE,2018-02/2018-07
DMDSFH5,Eli,150.681114725,-34.31687189,C. gumm,Corymbia gummifera,11.4,Rough,,20,,TRUE,2018-02/2018-07
DMDSFH5,Eli,150.681114725,-34.31687189,C. gumm,Corymbia gummifera,11.6,Rough,,17.5,,TRUE,2018-02/2018-07
DMDSFH5,Eli,150.681114725,-34.31687189,C. gumm,Corymbia gummifera,13.8,Rough,,14.5,,TRUE,2018-02/2018-07
DMDSFH5,Eli,150.681114725,-34.31687189,C. gumm,Corymbia gummifera,14.5,Rough,,20.5,,TRUE,2018-02/2018-07
DMDSFH5,Eli,150.681114725,-34.31687189,C. gumm,Corymbia gummifera,15,Rough,,11.45,,TRUE,2018-02/2018-07
DMDSFH5,Eli,150.681114725,-34.31687189,C. gumm,Corymbia gummifera,16.1,Rough,,15,,TRUE,2018-02/2018-07
DMDSFH5,Eli,150.681114725,-34.31687189,C. gumm,Corymbia gummifera,18.6,Rough,,17,,TRUE,2018-02/2018-07
DMDSFH5,Eli,150.681114725,-34.31687189,C. gumm,Corymbia gummifera,18.7,Rough,,22,,TRUE,2018-02/2018-07
DMDSFH5,Eli,150.681114725,-34.31687189,C. gumm,Corymbia gummifera,18.9,Rough,,17.5,,TRUE,2018-02/2018-07
DMDSFH5,Eli,150.681114725,-34.31687189,C. gumm,Corymbia gummifera,19,Rough,,15,,TRUE,2018-02/2018-07
DMDSFH5,Eli,150.681114725,-34.31687189,C. gumm,Corymbia gummifera,20,Rough,,17,,TRUE,2018-02/2018-07
DMDSFH5,Eli,150.681114725,-34.31687189,C. gumm,Corymbia gummifera,20,Rough,,17.5,,TRUE,2018-02/2018-07
DMDSFH5,Eli,150.681114725,-34.31687189,C. gumm,Corymbia gummifera,20.3,Rough,,14.5,,TRUE,2018-02/2018-07
DMDSFH5,Eli,150.681114725,-34.31687189,C. gumm,Corymbia gummifera,22.2,Rough,,21.5,,TRUE,2018-02/2018-07
DMDSFH5,Eli,150.681114725,-34.31687189,C. gumm,Corymbia gummifera,24.5,Rough,,11.5,,TRUE,2018-02/2018-07
DMDSFH5,Eli,150.681114725,-34.31687189,C. gumm,Corymbia gummifera,27,Rough,,24,,TRUE,2018-02/2018-07
DMDSFH5,Eli,150.681114725,-34.31687189,C. gumm,Corymbia gummifera,28.4,Rough,,16.5,,TRUE,2018-02/2018-07
DMDSFH5,Eli,150.681114725,-34.31687189,C. gumm,Corymbia gummifera,31.6,Rough,,16.5,,TRUE,2018-02/2018-07
DMDSFH5,Eli,150.681114725,-34.31687189,C. gumm,Corymbia gummifera,32.2,Rough,,23,,TRUE,2018-02/2018-07
DMDSFH5,Eli,150.681114725,-34.31687189,C. gumm,Corymbia gummifera,32.3,Rough,,22.5,,TRUE,2018-02/2018-07
DMDSFH5,Eli,150.681114725,-34.31687189,C. gumm,Corymbia gummifera,33.5,Rough,,19.5,,TRUE,2018-02/2018-07
DMDSFH5,Eli,150.681114725,-34.31687189,E. glob,Eucalyptus globoidea,22.2,Stringy,,10,,TRUE,2018-02/2018-07
DMDSFH5,Eli,150.681114725,-34.31687189,E. glob,Eucalyptus globoidea,23.4,Stringy,,9.5,,TRUE,2018-02/2018-07
DMDSFH5,Eli,150.681114725,-34.31687189,E. glob,Eucalyptus globoidea,23.8,Stringy,,7,,TRUE,2018-02/2018-07
DMDSFH5,Eli,150.681114725,-34.31687189,E. glob,Eucalyptus globoidea,26.5,Stringy,,10,,TRUE,2018-02/2018-07
DMDSFH5,Eli,150.681114725,-34.31687189,E. glob,Eucalyptus globoidea,27.4,Stringy,,12.95,,TRUE,2018-02/2018-07
DMDSFH5,Eli,150.681114725,-34.31687189,E. glob,Eucalyptus globoidea,37.7,Stringy,,12,,TRUE,2018-02/2018-07
DMDSFH5,Eli,150.681114725,-34.31687189,E. glob,Eucalyptus globoidea,38.1,Stringy,,10,,TRUE,2018-02/2018-07
DMDSFH5,Eli,150.681114725,-34.31687189,E. glob,Eucalyptus globoidea,39.3,Stringy,,9.5,,TRUE,2018-02/2018-07
DMDSFH5,Eli,150.681114725,-34.31687189,E. glob,Eucalyptus globoidea,43.3,Stringy,,10.45,,TRUE,2018-02/2018-07
DMDSFH5,Eli,150.681114725,-34.31687189,E. glob,Eucalyptus globoidea,45,Stringy,,8.95,,TRUE,2018-02/2018-07
DMDSFH7,Eli,150.78926995,-34.319143284,C. gumm,Corymbia gummifera,10.3,Rough,,17.5,,TRUE,2018-02/2018-07
DMDSFH7,Eli,150.78926995,-34.319143284,C. gumm,Corymbia gummifera,13.5,Rough,,20.5,,TRUE,2018-02/2018-07
DMDSFH7,Eli,150.78926995,-34.319143284,C. gumm,Corymbia gummifera,18.8,Rough,,19.5,,TRUE,2018-02/2018-07
DMDSFH7,Eli,150.78926995,-34.319143284,C. gumm,Corymbia gummifera,27.5,Rough,,21,,TRUE,2018-02/2018-07
DMDSFH7,Eli,150.78926995,-34.319143284,E. haem,Eucalyptus haemastoma,10.7,Smooth,,8,,TRUE,2018-02/2018-07
DMDSFH7,Eli,150.78926995,-34.319143284,E. haem,Eucalyptus haemastoma,11.2,Smooth,,8.5,,TRUE,2018-02/2018-07
DMDSFH7,Eli,150.78926995,-34.319143284,E. haem,Eucalyptus haemastoma,15.9,Smooth,,10.45,,TRUE,2018-02/2018-07
DMDSFH7,Eli,150.78926995,-34.319143284,E. haem,Eucalyptus haemastoma,26.5,Smooth,,10.45,,TRUE,2018-02/2018-07
DMDSFH7,Eli,150.78926995,-34.319143284,E. haem,Eucalyptus haemastoma,29,Smooth,,8.5,,TRUE,2018-02/2018-07
DMDSFH7,Eli,150.78926995,-34.319143284,E. haem,Eucalyptus haemastoma,29,Smooth,,9.45,,TRUE,2018-02/2018-07
DMDSFH7,Eli,150.78926995,-34.319143284,E. haem,Eucalyptus haemastoma,31.5,Smooth,,9,,TRUE,2018-02/2018-07
DMDSFH7,Eli,150.78926995,-34.319143284,E. haem,Eucalyptus haemastoma,32.1,Smooth,,10.45,,TRUE,2018-02/2018-07
DMDSFH7,Eli,150.78926995,-34.319143284,E. haem,Eucalyptus haemastoma,33,Smooth,,13.5,,TRUE,2018-02/2018-07
DMDSFH7,Eli,150.78926995,-34.319143284,E. haem,Eucalyptus haemastoma,33.8,Smooth,,9.45,,TRUE,2018-02/2018-07
DMDSFH7,Eli,150.78926995,-34.319143284,E. haem,Eucalyptus haemastoma,34.5,Smooth,,15.5,,TRUE,2018-02/2018-07
DMDSFH7,Eli,150.78926995,-34.319143284,E. haem,Eucalyptus haemastoma,36.2,Smooth,,10.45,,TRUE,2018-02/2018-07
DMDSFH7,Eli,150.78926995,-34.319143284,E. haem,Eucalyptus haemastoma,37.7,Smooth,,12,,TRUE,2018-02/2018-07
DMDSFH7,Eli,150.78926995,-34.319143284,E. haem,Eucalyptus haemastoma,38.9,Smooth,,8.45,,TRUE,2018-02/2018-07
DMDSFH7,Eli,150.78926995,-34.319143284,E. haem,Eucalyptus haemastoma,39.2,Smooth,,10.45,,TRUE,2018-02/2018-07
DMDSFH7,Eli,150.78926995,-34.319143284,E. haem,Eucalyptus haemastoma,41.1,Smooth,,13.5,,TRUE,2018-02/2018-07
DMDSFH7,Eli,150.78926995,-34.319143284,E. haem,Eucalyptus haemastoma,41.2,Smooth,,9.45,,TRUE,2018-02/2018-07
DMDSFH7,Eli,150.78926995,-34.319143284,E. haem,Eucalyptus haemastoma,41.9,Smooth,,7.95,,TRUE,2018-02/2018-07
DMDSFH7,Eli,150.78926995,-34.319143284,E. haem,Eucalyptus haemastoma,42.8,Smooth,,9.45,,TRUE,2018-02/2018-07
DMDSFH7,Eli,150.78926995,-34.319143284,E. haem,Eucalyptus haemastoma,43.3,Smooth,,11.95,,TRUE,2018-02/2018-07
DMDSFH7,Eli,150.78926995,-34.319143284,E. haem,Eucalyptus haemastoma,44.3,Smooth,,10.95,,TRUE,2018-02/2018-07
DMDSFH7,Eli,150.78926995,-34.319143284,E. haem,Eucalyptus haemastoma,49.6,Smooth,,10.45,,TRUE,2018-02/2018-07
DMDSFH7,Eli,150.78926995,-34.319143284,E. haem,Eucalyptus haemastoma,49.9,Smooth,,6.55,,TRUE,2018-02/2018-07
DMDSFH7,Eli,150.78926995,-34.319143284,E. haem,Eucalyptus haemastoma,54.5,Smooth,,13,,TRUE,2018-02/2018-07
DMDSFH7,Eli,150.78926995,-34.319143284,E. sieb,Eucalyptus sieberi,17.6,Rough,,15.5,,TRUE,2018-02/2018-07
DMDSFH7,Eli,150.78926995,-34.319143284,E. sieb,Eucalyptus sieberi,20.1,Rough,,20,,TRUE,2018-02/2018-07
DMDSFH7,Eli,150.78926995,-34.319143284,E. sieb,Eucalyptus sieberi,29.4,Rough,,15.5,,TRUE,2018-02/2018-07
DMDSFH7,Eli,150.78926995,-34.319143284,E. sieb,Eucalyptus sieberi,40.3,Rough,,15.05,,TRUE,2018-02/2018-07
DMDSFH8,Eli,150.771415006,-34.30193266,C. gumm,Corymbia gummifera,10.2,Rough,,18,,TRUE,2018-02/2018-07
DMDSFH8,Eli,150.771415006,-34.30193266,C. gumm,Corymbia gummifera,10.3,Rough,,18.5,,TRUE,2018-02/2018-07
DMDSFH8,Eli,150.771415006,-34.30193266,C. gumm,Corymbia gummifera,11.7,Rough,,21,,TRUE,2018-02/2018-07
DMDSFH8,Eli,150.771415006,-34.30193266,C. gumm,Corymbia gummifera,11.9,Rough,,19,,TRUE,2018-02/2018-07
DMDSFH8,Eli,150.771415006,-34.30193266,C. gumm,Corymbia gummifera,11.9,Rough,,19,,TRUE,2018-02/2018-07
DMDSFH8,Eli,150.771415006,-34.30193266,C. gumm,Corymbia gummifera,12.7,Rough,,15,,TRUE,2018-02/2018-07
DMDSFH8,Eli,150.771415006,-34.30193266,C. gumm,Corymbia gummifera,14.1,Rough,,20.5,,TRUE,2018-02/2018-07
DMDSFH8,Eli,150.771415006,-34.30193266,C. gumm,Corymbia gummifera,15.6,Rough,,22,,TRUE,2018-02/2018-07
DMDSFH8,Eli,150.771415006,-34.30193266,C. gumm,Corymbia gummifera,19.2,Rough,,19,,TRUE,2018-02/2018-07
DMDSFH8,Eli,150.771415006,-34.30193266,C. gumm,Corymbia gummifera,21.7,Rough,,23,,TRUE,2018-02/2018-07
DMDSFH8,Eli,150.771415006,-34.30193266,C. gumm,Corymbia gummifera,22.2,Rough,,19.5,,TRUE,2018-02/2018-07
DMDSFH8,Eli,150.771415006,-34.30193266,C. gumm,Corymbia gummifera,22.3,Rough,,21.5,,TRUE,2018-02/2018-07
DMDSFH8,Eli,150.771415006,-34.30193266,C. gumm,Corymbia gummifera,23,Rough,,25,,TRUE,2018-02/2018-07
DMDSFH8,Eli,150.771415006,-34.30193266,C. gumm,Corymbia gummifera,24.9,Rough,,15.5,,TRUE,2018-02/2018-07
DMDSFH8,Eli,150.771415006,-34.30193266,C. gumm,Corymbia gummifera,26.7,Rough,,21.5,,TRUE,2018-02/2018-07
DMDSFH8,Eli,150.771415006,-34.30193266,C. gumm,Corymbia gummifera,32.6,Rough,,18.5,,TRUE,2018-02/2018-07
DMDSFH8,Eli,150.771415006,-34.30193266,E. glob,Eucalyptus globoidea,22.8,Stringy,,12,,TRUE,2018-02/2018-07
DMDSFH8,Eli,150.771415006,-34.30193266,E. haem,Eucalyptus haemastoma,14.3,Smooth,,14.45,,TRUE,2018-02/2018-07
DMDSFH8,Eli,150.771415006,-34.30193266,E. haem,Eucalyptus haemastoma,22.4,Smooth,,7.5,,TRUE,2018-02/2018-07
DMDSFH8,Eli,150.771415006,-34.30193266,E. haem,Eucalyptus haemastoma,46.5,Smooth,,6.05,,TRUE,2018-02/2018-07
DMDSFH8,Eli,150.771415006,-34.30193266,E. sieb,Eucalyptus sieberi,10.7,Rough,,7,,TRUE,2018-02/2018-07
DMDSFH8,Eli,150.771415006,-34.30193266,E. sieb,Eucalyptus sieberi,17.8,Rough,,9.45,,TRUE,2018-02/2018-07
DMDSFH8,Eli,150.771415006,-34.30193266,E. sieb,Eucalyptus sieberi,22.6,Rough,,13.5,,TRUE,2018-02/2018-07
DMDSFH8,Eli,150.771415006,-34.30193266,E. sieb,Eucalyptus sieberi,23.8,Rough,,15,,TRUE,2018-02/2018-07
DMDSFH8,Eli,150.771415006,-34.30193266,E. sieb,Eucalyptus sieberi,24.9,Rough,,13.5,,TRUE,2018-02/2018-07
DMDSFH8,Eli,150.771415006,-34.30193266,E. sieb,Eucalyptus sieberi,51,Rough,,0.1,,TRUE,2018-02/2018-07
DMDSFL8,Eli,150.576565969,-34.327026746,C. gumm,Corymbia gummifera,10.2,Rough,,15.5,,TRUE,2018-02/2018-07
DMDSFL8,Eli,150.576565969,-34.327026746,C. gumm,Corymbia gummifera,10.4,Rough,,15.5,,TRUE,2018-02/2018-07
DMDSFL8,Eli,150.576565969,-34.327026746,C. gumm,Corymbia gummifera,10.8,Rough,,18,,TRUE,2018-02/2018-07
DMDSFL8,Eli,150.576565969,-34.327026746,C. gumm,Corymbia gummifera,11.3,Rough,,20,,TRUE,2018-02/2018-07
DMDSFL8,Eli,150.576565969,-34.327026746,C. gumm,Corymbia gummifera,12.2,Rough,,20,,TRUE,2018-02/2018-07
DMDSFL8,Eli,150.576565969,-34.327026746,C. gumm,Corymbia gummifera,12.5,Rough,,0.1,,TRUE,2018-02/2018-07
DMDSFL8,Eli,150.576565969,-34.327026746,C. gumm,Corymbia gummifera,13.2,Rough,,17,,TRUE,2018-02/2018-07
DMDSFL8,Eli,150.576565969,-34.327026746,C. gumm,Corymbia gummifera,13.6,Rough,,20,,TRUE,2018-02/2018-07
DMDSFL8,Eli,150.576565969,-34.327026746,C. gumm,Corymbia gummifera,14,Rough,,0.1,,TRUE,2018-02/2018-07
DMDSFL8,Eli,150.576565969,-34.327026746,C. gumm,Corymbia gummifera,14.9,Rough,,10.55,,TRUE,2018-02/2018-07
DMDSFL8,Eli,150.576565969,-34.327026746,C. gumm,Corymbia gummifera,15.6,Rough,,14.5,,TRUE,2018-02/2018-07
DMDSFL8,Eli,150.576565969,-34.327026746,C. gumm,Corymbia gummifera,15.6,Rough,,21.5,,TRUE,2018-02/2018-07
DMDSFL8,Eli,150.576565969,-34.327026746,C. gumm,Corymbia gummifera,20.4,Rough,,20.5,,TRUE,2018-02/2018-07
DMDSFL8,Eli,150.576565969,-34.327026746,C. gumm,Corymbia gummifera,20.6,Rough,,19.5,,TRUE,2018-02/2018-07
DMDSFL8,Eli,150.576565969,-34.327026746,C. gumm,Corymbia gummifera,21.7,Rough,,10.45,,TRUE,2018-02/2018-07
DMDSFL8,Eli,150.576565969,-34.327026746,C. gumm,Corymbia gummifera,21.8,Rough,,18.5,,TRUE,2018-02/2018-07
DMDSFL8,Eli,150.576565969,-34.327026746,C. gumm,Corymbia gummifera,25.2,Rough,,18.5,,TRUE,2018-02/2018-07
DMDSFL8,Eli,150.576565969,-34.327026746,C. gumm,Corymbia gummifera,26.4,Rough,,19,,TRUE,2018-02/2018-07
DMDSFL8,Eli,150.576565969,-34.327026746,C. gumm,Corymbia gummifera,29.4,Rough,,7.05,,TRUE,2018-02/2018-07
DMDSFL8,Eli,150.576565969,-34.327026746,C. gumm,Corymbia gummifera,34.8,Rough,,27,,TRUE,2018-02/2018-07
DMDSFL8,Eli,150.576565969,-34.327026746,C. gumm,Corymbia gummifera,36.3,Rough,,0.1,,TRUE,2018-02/2018-07
DMDSFL8,Eli,150.576565969,-34.327026746,C. gumm,Corymbia gummifera,36.4,Rough,,16.5,,TRUE,2018-02/2018-07
DMDSFL8,Eli,150.576565969,-34.327026746,E. oblo,Eucalyptus oblonga,25.5,Stringy,,13,,TRUE,2018-02/2018-07
DMDSFL8,Eli,150.576565969,-34.327026746,E. oblo,Eucalyptus oblonga,25.9,Stringy,,13,,TRUE,2018-02/2018-07
DMDSFL8,Eli,150.576565969,-34.327026746,E. oblo,Eucalyptus oblonga,35.9,Stringy,,9,,TRUE,2018-02/2018-07
DMDSFL8,Eli,150.576565969,-34.327026746,E. oblo,Eucalyptus oblonga,37.4,Stringy,,12.5,,TRUE,2018-02/2018-07
DMDSFL8,Eli,150.576565969,-34.327026746,E. oblo,Eucalyptus oblonga,39.9,Stringy,,10.5,,TRUE,2018-02/2018-07
DMDSFL8,Eli,150.576565969,-34.327026746,E. oblo,Eucalyptus oblonga,45.3,Stringy,,9,,TRUE,2018-02/2018-07
DMDSFL8,Eli,150.576565969,-34.327026746,E. sieb,Eucalyptus sieberi,21.9,Rough,,11,,TRUE,2018-02/2018-07
DMDSFL8,Eli,150.576565969,-34.327026746,E. sieb,Eucalyptus sieberi,23.7,Rough,,12.5,,TRUE,2018-02/2018-07
DMDSFL8,Eli,150.576565969,-34.327026746,E. sieb,Eucalyptus sieberi,26.8,Rough,,9.45,,TRUE,2018-02/2018-07
DMDSFL8,Eli,150.576565969,-34.327026746,E. sieb,Eucalyptus sieberi,28.3,Rough,,12,,TRUE,2018-02/2018-07
DMDSFL8,Eli,150.576565969,-34.327026746,E. sieb,Eucalyptus sieberi,31.7,Rough,,12.5,,TRUE,2018-02/2018-07
DMDSFL8,Eli,150.576565969,-34.327026746,E. sieb,Eucalyptus sieberi,54.6,Rough,,14,,TRUE,2018-02/2018-07
DMDSFL8,Eli,150.576565969,-34.327026746,E. sieb,Eucalyptus sieberi,69.8,Rough,,14.5,,TRUE,2018-02/2018-07
DMWSFH12,Eli,150.764231353,-34.288908882,C. gumm,Corymbia gummifera,11.4,Rough,,17,,TRUE,2018-02/2018-07
DMWSFH12,Eli,150.764231353,-34.288908882,C. gumm,Corymbia gummifera,12.6,Rough,,28.5,,TRUE,2018-02/2018-07
DMWSFH12,Eli,150.764231353,-34.288908882,C. gumm,Corymbia gummifera,13.3,Rough,,27.5,,TRUE,2018-02/2018-07
DMWSFH12,Eli,150.764231353,-34.288908882,C. gumm,Corymbia gummifera,13.6,Rough,,23,,TRUE,2018-02/2018-07
DMWSFH12,Eli,150.764231353,-34.288908882,C. gumm,Corymbia gummifera,14.4,Rough,,25.5,,TRUE,2018-02/2018-07
DMWSFH12,Eli,150.764231353,-34.288908882,C. gumm,Corymbia gummifera,15.1,Rough,,25.5,,TRUE,2018-02/2018-07
DMWSFH12,Eli,150.764231353,-34.288908882,C. gumm,Corymbia gummifera,15.6,Rough,,27.5,,TRUE,2018-02/2018-07
DMWSFH12,Eli,150.764231353,-34.288908882,C. gumm,Corymbia gummifera,16.7,Rough,,25.5,,TRUE,2018-02/2018-07
DMWSFH12,Eli,150.764231353,-34.288908882,C. gumm,Corymbia gummifera,17.5,Rough,,22,,TRUE,2018-02/2018-07
DMWSFH12,Eli,150.764231353,-34.288908882,C. gumm,Corymbia gummifera,18.2,Rough,,27,,TRUE,2018-02/2018-07
DMWSFH12,Eli,150.764231353,-34.288908882,C. gumm,Corymbia gummifera,19.1,Rough,,26,,TRUE,2018-02/2018-07
DMWSFH12,Eli,150.764231353,-34.288908882,C. gumm,Corymbia gummifera,19.5,Rough,,32.5,,TRUE,2018-02/2018-07
DMWSFH12,Eli,150.764231353,-34.288908882,C. gumm,Corymbia gummifera,20.3,Rough,,29,,TRUE,2018-02/2018-07
DMWSFH12,Eli,150.764231353,-34.288908882,C. gumm,Corymbia gummifera,20.6,Rough,,22,,TRUE,2018-02/2018-07
DMWSFH12,Eli,150.764231353,-34.288908882,C. gumm,Corymbia gummifera,20.7,Rough,,45,,TRUE,2018-02/2018-07
DMWSFH12,Eli,150.764231353,-34.288908882,C. gumm,Corymbia gummifera,22.2,Rough,,31,,TRUE,2018-02/2018-07
DMWSFH12,Eli,150.764231353,-34.288908882,C. gumm,Corymbia gummifera,23,Rough,,33.5,,TRUE,2018-02/2018-07
DMWSFH12,Eli,150.764231353,-34.288908882,C. gumm,Corymbia gummifera,23.1,Rough,,24,,TRUE,2018-02/2018-07
DMWSFH12,Eli,150.764231353,-34.288908882,C. gumm,Corymbia gummifera,23.1,Rough,,35,,TRUE,2018-02/2018-07
DMWSFH12,Eli,150.764231353,-34.288908882,C. gumm,Corymbia gummifera,25,Rough,,29,,TRUE,2018-02/2018-07
DMWSFH12,Eli,150.764231353,-34.288908882,C. gumm,Corymbia gummifera,26.5,Rough,,23.5,,TRUE,2018-02/2018-07
DMWSFH12,Eli,150.764231353,-34.288908882,C. gumm,Corymbia gummifera,26.8,Rough,,32.5,,TRUE,2018-02/2018-07
DMWSFH12,Eli,150.764231353,-34.288908882,C. gumm,Corymbia gummifera,27,Rough,,22.5,,TRUE,2018-02/2018-07
DMWSFH12,Eli,150.764231353,-34.288908882,C. gumm,Corymbia gummifera,27.4,Rough,,22,,TRUE,2018-02/2018-07
DMWSFH12,Eli,150.764231353,-34.288908882,C. gumm,Corymbia gummifera,27.4,Rough,,27,,TRUE,2018-02/2018-07
DMWSFH12,Eli,150.764231353,-34.288908882,C. gumm,Corymbia gummifera,27.4,Rough,,31,,TRUE,2018-02/2018-07
DMWSFH12,Eli,150.764231353,-34.288908882,C. gumm,Corymbia gummifera,27.6,Rough,,29,,TRUE,2018-02/2018-07
DMWSFH12,Eli,150.764231353,-34.288908882,C. gumm,Corymbia gummifera,28.2,Rough,,30,,TRUE,2018-02/2018-07
DMWSFH12,Eli,150.764231353,-34.288908882,C. gumm,Corymbia gummifera,29.3,Rough,,30,,TRUE,2018-02/2018-07
DMWSFH12,Eli,150.764231353,-34.288908882,C. gumm,Corymbia gummifera,29.5,Rough,,32,,TRUE,2018-02/2018-07
DMWSFH12,Eli,150.764231353,-34.288908882,C. gumm,Corymbia gummifera,29.7,Rough,,32.5,,TRUE,2018-02/2018-07
DMWSFH12,Eli,150.764231353,-34.288908882,C. gumm,Corymbia gummifera,30,Rough,,24.5,,TRUE,2018-02/2018-07
DMWSFH12,Eli,150.764231353,-34.288908882,C. gumm,Corymbia gummifera,31,Rough,,27,,TRUE,2018-02/2018-07
DMWSFH12,Eli,150.764231353,-34.288908882,C. gumm,Corymbia gummifera,32.5,Rough,,30.5,,TRUE,2018-02/2018-07
DMWSFH12,Eli,150.764231353,-34.288908882,C. gumm,Corymbia gummifera,33.6,Rough,,29,,TRUE,2018-02/2018-07
DMWSFH12,Eli,150.764231353,-34.288908882,C. gumm,Corymbia gummifera,34.4,Rough,,30,,TRUE,2018-02/2018-07
DMWSFH12,Eli,150.764231353,-34.288908882,C. gumm,Corymbia gummifera,34.9,Rough,,34,,TRUE,2018-02/2018-07
DMWSFH12,Eli,150.764231353,-34.288908882,C. gumm,Corymbia gummifera,37.2,Rough,,34,,TRUE,2018-02/2018-07
DMWSFH12,Eli,150.764231353,-34.288908882,C. gumm,Corymbia gummifera,37.4,Rough,,29,,TRUE,2018-02/2018-07
DMWSFH12,Eli,150.764231353,-34.288908882,C. gumm,Corymbia gummifera,37.6,Rough,,26,,TRUE,2018-02/2018-07
DMWSFH12,Eli,150.764231353,-34.288908882,C. gumm,Corymbia gummifera,37.6,Rough,,32.5,,TRUE,2018-02/2018-07
DMWSFH12,Eli,150.764231353,-34.288908882,C. gumm,Corymbia gummifera,37.8,Rough,,27.5,,TRUE,2018-02/2018-07
DMWSFH12,Eli,150.764231353,-34.288908882,C. gumm,Corymbia gummifera,37.9,Rough,,31,,TRUE,2018-02/2018-07
DMWSFH12,Eli,150.764231353,-34.288908882,C. gumm,Corymbia gummifera,40.6,Rough,,34,,TRUE,2018-02/2018-07
DMWSFH12,Eli,150.764231353,-34.288908882,C. gumm,Corymbia gummifera,44,Rough,,34.5,,TRUE,2018-02/2018-07
DMWSFH12,Eli,150.764231353,-34.288908882,E. glob,Eucalyptus globoidea,38.5,Stringy,,25,,TRUE,2018-02/2018-07
DMWSFH12,Eli,150.764231353,-34.288908882,E. glob,Eucalyptus globoidea,46.7,Stringy,,23.5,,TRUE,2018-02/2018-07
DMWSFH12,Eli,150.764231353,-34.288908882,E. glob,Eucalyptus globoidea,55.4,Stringy,,20,,TRUE,2018-02/2018-07
DMWSFH12,Eli,150.764231353,-34.288908882,E. glob,Eucalyptus globoidea,57.1,Stringy,,23,,TRUE,2018-02/2018-07
DMWSFH12,Eli,150.764231353,-34.288908882,E. glob,Eucalyptus globoidea,57.5,Stringy,,24,,TRUE,2018-02/2018-07
DMWSFH12,Eli,150.764231353,-34.288908882,E. glob,Eucalyptus globoidea,59.1,Stringy,,15.05,,TRUE,2018-02/2018-07
DMWSFH12,Eli,150.764231353,-34.288908882,E. glob,Eucalyptus globoidea,89.2,Stringy,,26.5,,TRUE,2018-02/2018-07
DMWSFH3,Eli,150.757326654,-34.297753504,E. pip,Eucalyptus piperita,10.4,Rough,,8.5,,TRUE,2018-02/2018-07
DMWSFH3,Eli,150.757326654,-34.297753504,E. pip,Eucalyptus piperita,12.4,Rough,,8,,TRUE,2018-02/2018-07
DMWSFH3,Eli,150.757326654,-34.297753504,E. pip,Eucalyptus piperita,45.1,Rough,,12.5,,TRUE,2018-02/2018-07
DMWSFH3,Eli,150.757326654,-34.297753504,E. pip,Eucalyptus piperita,55.4,Rough,,16.5,,TRUE,2018-02/2018-07
DMWSFH3,Eli,150.757326654,-34.297753504,E. pip,Eucalyptus piperita,70.6,Rough,,11.95,,TRUE,2018-02/2018-07
DMWSFH3,Eli,150.757326654,-34.297753504,E. pip,Eucalyptus piperita,100.2,Rough,,14.5,,TRUE,2018-02/2018-07
DMWSFH3,Eli,150.757326654,-34.297753504,E. sign,Eucalyptus racemosa,64.1,Smooth,,11.5,,TRUE,2018-02/2018-07
DMWSFH3,Eli,150.757326654,-34.297753504,E. sign,Eucalyptus racemosa,71.4,Smooth,,13,,TRUE,2018-02/2018-07
DMWSFH3,Eli,150.757326654,-34.297753504,E. sign,Eucalyptus racemosa,97.9,Smooth,,26.5,,TRUE,2018-02/2018-07
DMWSFH3,Eli,150.757326654,-34.297753504,E. sign,Eucalyptus racemosa,116.2,Smooth,,13,,TRUE,2018-02/2018-07
DMWSFH4,Eli,150.767378419,-34.298054391,A. hisp,Angophora hispida,11.9,Rough,,22.5,,TRUE,2018-02/2018-07
DMWSFH4,Eli,150.767378419,-34.298054391,A. hisp,Angophora hispida,14.1,Rough,,22,,TRUE,2018-02/2018-07
DMWSFH4,Eli,150.767378419,-34.298054391,E. urce,Eucalyptus piperita,25.9,Rough,,11,,TRUE,2018-02/2018-07
DMWSFH4,Eli,150.767378419,-34.298054391,E. urce,Eucalyptus piperita,29.1,Rough,,16.5,,TRUE,2018-02/2018-07
DMWSFH4,Eli,150.767378419,-34.298054391,E. urce,Eucalyptus piperita,29.3,Rough,,18,,TRUE,2018-02/2018-07
DMWSFH4,Eli,150.767378419,-34.298054391,E. urce,Eucalyptus piperita,35.3,Rough,,13.5,,TRUE,2018-02/2018-07
DMWSFH4,Eli,150.767378419,-34.298054391,E. urce,Eucalyptus piperita,35.4,Rough,,23.5,,TRUE,2018-02/2018-07
DMWSFH4,Eli,150.767378419,-34.298054391,E. urce,Eucalyptus piperita,37.2,Rough,,15.5,,TRUE,2018-02/2018-07
DMWSFH4,Eli,150.767378419,-34.298054391,E. urce,Eucalyptus piperita,37.5,Rough,,17,,TRUE,2018-02/2018-07
DMWSFH4,Eli,150.767378419,-34.298054391,E. urce,Eucalyptus piperita,38,Rough,,19.5,,TRUE,2018-02/2018-07
DMWSFH4,Eli,150.767378419,-34.298054391,E. urce,Eucalyptus piperita,40.7,Rough,,11.05,,TRUE,2018-02/2018-07
DMWSFH4,Eli,150.767378419,-34.298054391,E. urce,Eucalyptus piperita,41.3,Rough,,12.5,,TRUE,2018-02/2018-07
DMWSFH4,Eli,150.767378419,-34.298054391,E. urce,Eucalyptus piperita,41.3,Rough,,17,,TRUE,2018-02/2018-07
DMWSFH4,Eli,150.767378419,-34.298054391,E. urce,Eucalyptus piperita,46,Rough,,14.5,,TRUE,2018-02/2018-07
DMWSFH4,Eli,150.767378419,-34.298054391,E. urce,Eucalyptus piperita,46.7,Rough,,11.5,,TRUE,2018-02/2018-07
DMWSFH4,Eli,150.767378419,-34.298054391,E. urce,Eucalyptus piperita,49.4,Rough,,22,,TRUE,2018-02/2018-07
DMWSFH4,Eli,150.767378419,-34.298054391,E. urce,Eucalyptus piperita,51.1,Rough,,21.5,,TRUE,2018-02/2018-07
DMWSFH4,Eli,150.767378419,-34.298054391,E. urce,Eucalyptus piperita,56.1,Rough,,13.5,,TRUE,2018-02/2018-07
DMWSFH4,Eli,150.767378419,-34.298054391,E. urce,Eucalyptus piperita,65.4,Rough,,23,,TRUE,2018-02/2018-07
DMWSFH4,Eli,150.767378419,-34.298054391,E. urce,Eucalyptus piperita,66.8,Rough,,19,,TRUE,2018-02/2018-07
DMWSFH4,Eli,150.767378419,-34.298054391,E. urce,Eucalyptus piperita,76.5,Rough,,17,,TRUE,2018-02/2018-07
DMWSFH4,Eli,150.767378419,-34.298054391,E. urce,Eucalyptus piperita,100.3,Rough,,18,,TRUE,2018-02/2018-07
DMWSFH5,Eli,150.768039582,-34.291953617,C. gumm,Corymbia gummifera,25,Rough,,26.5,,TRUE,2018-02/2018-07
DMWSFH5,Eli,150.768039582,-34.291953617,C. gumm,Corymbia gummifera,31.3,Rough,,21.5,,TRUE,2018-02/2018-07
DMWSFH5,Eli,150.768039582,-34.291953617,C. gumm,Corymbia gummifera,33.1,Rough,,8.05,,TRUE,2018-02/2018-07
DMWSFH5,Eli,150.768039582,-34.291953617,C. gumm,Corymbia gummifera,47,Rough,,25,,TRUE,2018-02/2018-07
DMWSFH5,Eli,150.768039582,-34.291953617,C. gumm,Corymbia gummifera,48.3,Rough,,39.5,,TRUE,2018-02/2018-07
DMWSFH5,Eli,150.768039582,-34.291953617,C. gumm,Corymbia gummifera,81,Rough,,33.5,,TRUE,2018-02/2018-07
DMWSFH5,Eli,150.768039582,-34.291953617,E. glob,Eucalyptus globoidea,57,Stringy,,19,,TRUE,2018-02/2018-07
DMWSFH5,Eli,150.768039582,-34.291953617,E. glob,Eucalyptus globoidea,59.7,Stringy,,21,,TRUE,2018-02/2018-07
DMWSFH5,Eli,150.768039582,-34.291953617,E. glob,Eucalyptus globoidea,60.3,Stringy,,9.9,,TRUE,2018-02/2018-07
DMWSFH5,Eli,150.768039582,-34.291953617,E. glob,Eucalyptus globoidea,85,Stringy,,21,,TRUE,2018-02/2018-07
DMWSFH5,Eli,150.768039582,-34.291953617,E. glob,Eucalyptus globoidea,88.6,Stringy,,16.5,,TRUE,2018-02/2018-07
DMWSFH7,Eli,150.783771924,-34.295980976,E. botxsal,Eucalyptus botxsal,23.7,Stocking,,12,,TRUE,2018-02/2018-07
DMWSFH7,Eli,150.783771924,-34.295980976,E. botxsal,Eucalyptus botxsal,26.9,Stocking,,19.5,,TRUE,2018-02/2018-07
DMWSFH7,Eli,150.783771924,-34.295980976,E. botxsal,Eucalyptus botxsal,34.7,Stocking,,15,,TRUE,2018-02/2018-07
DMWSFH7,Eli,150.783771924,-34.295980976,E. botxsal,Eucalyptus botxsal,38.7,Stocking,,21.5,,TRUE,2018-02/2018-07
DMWSFH7,Eli,150.783771924,-34.295980976,E. botxsal,Eucalyptus botxsal,43.4,Stocking,,14.5,,TRUE,2018-02/2018-07
DMWSFH7,Eli,150.783771924,-34.295980976,E. botxsal,Eucalyptus botxsal,78.5,Stocking,,35.5,,TRUE,2018-02/2018-07
DMWSFH7,Eli,150.783771924,-34.295980976,E. botxsal,Eucalyptus botxsal,82.3,Stocking,,50,,TRUE,2018-02/2018-07
DMWSFH7,Eli,150.783771924,-34.295980976,E. glob,Eucalyptus globoidea,34.9,Stringy,,14.5,,TRUE,2018-02/2018-07
DMWSFH7,Eli,150.783771924,-34.295980976,E. glob,Eucalyptus globoidea,37.1,Stringy,,20,,TRUE,2018-02/2018-07
DMWSFH7,Eli,150.783771924,-34.295980976,E. glob,Eucalyptus globoidea,44.3,Stringy,,17.5,,TRUE,2018-02/2018-07
DMWSFH7,Eli,150.783771924,-34.295980976,E. resi,Eucalyptus resinifera,21.1,Stringy,,24,,TRUE,2018-02/2018-07
DMWSFH7,Eli,150.783771924,-34.295980976,E. resi,Eucalyptus resinifera,51.6,Stringy,,17.5,,TRUE,2018-02/2018-07
DMWSFH7,Eli,150.783771924,-34.295980976,E. resi,Eucalyptus resinifera,52.8,Stringy,,19.5,,TRUE,2018-02/2018-07
DMWSFH7,Eli,150.783771924,-34.295980976,E. resi,Eucalyptus resinifera,56.4,Stringy,,25,,TRUE,2018-02/2018-07
DMWSFH7,Eli,150.783771924,-34.295980976,E. resi,Eucalyptus resinifera,120.8,Stringy,,17.5,,TRUE,2018-02/2018-07
Fenris Gully,Harriet,150.284444,-33.57,E_oreades,Eucalyptus oreades,30.7,Stocking,Smooth,29.0767,0.4518478260869565,TRUE,2019-08/2021-06
Fenris Gully,Harriet,150.284444,-33.57,E_oreades,Eucalyptus oreades,57,Stocking,Smooth,34.91,0.5050263157894737,TRUE,2019-08/2021-06
Fenris Gully,Harriet,150.284444,-33.57,E_oreades,Eucalyptus oreades,57.2,Stocking,Smooth,33.7433,0.5512056737588653,TRUE,2019-08/2021-06
Fenris Gully,Harriet,150.284444,-33.57,E_oreades,Eucalyptus oreades,57.3,Stocking,Smooth,43.21,0.5832926829268292,TRUE,2019-08/2021-06
Fenris Gully,Harriet,150.284444,-33.57,E_oreades,Eucalyptus oreades,58.6,Stocking,,36.9433,,TRUE,2019-08/2021-06
Fenris Gully,Harriet,150.284444,-33.57,E_oreades,Eucalyptus oreades,58.6,Stocking,,37.8767,,TRUE,2019-08/2021-06
Fenris Gully,Harriet,150.284444,-33.57,E_oreades,Eucalyptus oreades,60.4,Stocking,Smooth,41.9433,0.5103585423197492,TRUE,2019-08/2021-06
Fenris Gully,Harriet,150.284444,-33.57,E_oreades,Eucalyptus oreades,64.3,Stocking,Smooth,20.6767,0.4556376848033793,TRUE,2019-08/2021-06
Fenris Gully,Harriet,150.284444,-33.57,E_oreades,Eucalyptus oreades,72.4,Stocking,Smooth,40.1433,0.46512558869701726,TRUE,2019-08/2021-06
Fenris Gully,Harriet,150.284444,-33.57,E_oreades,Eucalyptus oreades,88,Stocking,Smooth,37.2433,0.5477686990428926,TRUE,2019-08/2021-06
Fenris Gully,Harriet,150.284444,-33.57,E_piperita,Eucalyptus piperita,19.4,Rough,Rough,22.11,0.2991764705882353,TRUE,2019-08/2021-06
Fenris Gully,Harriet,150.284444,-33.57,E_piperita,Eucalyptus piperita,23.9,Rough,Rough,29.41,0.25136842105263163,TRUE,2019-08/2021-06
Fenris Gully,Harriet,150.284444,-33.57,E_piperita,Eucalyptus piperita,30.8,Rough,Rough,29.61,0.2589814814814815,TRUE,2019-08/2021-06
Fenris Gully,Harriet,150.284444,-33.57,E_piperita,Eucalyptus piperita,39.4,Rough,Rough,32.8767,0.44073770491803277,TRUE,2019-08/2021-06
Fenris Gully,Harriet,150.284444,-33.57,E_piperita,Eucalyptus piperita,39.6,Rough,Rough,26.91,0.27610526315789474,TRUE,2019-08/2021-06
Fenris Gully,Harriet,150.284444,-33.57,E_piperita,Eucalyptus piperita,45.9,Rough,Rough,35.01,0.391389552238806,TRUE,2019-08/2021-06
Fenris Gully,Harriet,150.284444,-33.57,E_piperita,Eucalyptus piperita,46.2,Rough,Rough,32.9767,0.2921692004504505,TRUE,2019-08/2021-06
Fenris Gully,Harriet,150.284444,-33.57,E_piperita,Eucalyptus piperita,50.8,Rough,Rough,34.7767,0.42990117994100296,TRUE,2019-08/2021-06
Fenris Gully,Harriet,150.284444,-33.57,E_piperita,Eucalyptus piperita,58.2,Rough,Rough,32.01,0.28088235294117647,TRUE,2019-08/2021-06
Fenris Gully,Harriet,150.284444,-33.57,E_piperita,Eucalyptus piperita,63.5,Rough,Rough,34.51,0.3206739863283079,TRUE,2019-08/2021-06
Fenris Ridge,Harriet,150.286389,-33.568611,E_piperita,Eucalyptus piperita,11.8,Rough,Rough,21.11,0.4221428571428571,TRUE,2019-08/2021-06
Fenris Ridge,Harriet,150.286389,-33.568611,E_piperita,Eucalyptus piperita,12.2,Rough,Rough,23.21,0.4033333333333333,TRUE,2019-08/2021-06
Fenris Ridge,Harriet,150.286389,-33.568611,E_piperita,Eucalyptus piperita,13.6,Rough,,32.96,,TRUE,2019-08/2021-06
Fenris Ridge,Harriet,150.286389,-33.568611,E_piperita,Eucalyptus piperita,18.1,Rough,Rough,23.01,0.2874545454545454,TRUE,2019-08/2021-06
Fenris Ridge,Harriet,150.286389,-33.568611,E_piperita,Eucalyptus piperita,19.6,Rough,Rough,27.46,0.295,TRUE,2019-08/2021-06
Fenris Ridge,Harriet,150.286389,-33.568611,E_piperita,Eucalyptus piperita,25.7,Rough,Rough,33.06,0.3346,TRUE,2019-08/2021-06
Fenris Ridge,Harriet,150.286389,-33.568611,E_piperita,Eucalyptus piperita,29.9,Rough,Rough,28.36,0.444017094017094,TRUE,2019-08/2021-06
Fenris Ridge,Harriet,150.286389,-33.568611,E_piperita,Eucalyptus piperita,36.2,Rough,Rough,30.41,0.37272727272727274,TRUE,2019-08/2021-06
Fenris Ridge,Harriet,150.286389,-33.568611,E_piperita,Eucalyptus piperita,50.1,Rough,Rough,30.11,0.3557459050980091,TRUE,2019-08/2021-06
Fenris Ridge,Harriet,150.286389,-33.568611,E_piperita,Eucalyptus piperita,52.5,Rough,Rough,36.4433,0.28701283889468193,TRUE,2019-08/2021-06
Fenris Ridge,Harriet,150.286389,-33.568611,E_racemosa,Eucalyptus racemosa,12.6,Smooth,Smooth,24.31,0.5091463414634146,TRUE,2019-08/2021-06
Fenris Ridge,Harriet,150.286389,-33.568611,E_racemosa,Eucalyptus racemosa,13.9,Smooth,Smooth,24.61,0.5130405405405405,TRUE,2019-08/2021-06
Fenris Ridge,Harriet,150.286389,-33.568611,E_racemosa,Eucalyptus racemosa,20.9,Smooth,Smooth,26.21,0.5077884615384616,TRUE,2019-08/2021-06
Fenris Ridge,Harriet,150.286389,-33.568611,E_racemosa,Eucalyptus racemosa,21.8,Smooth,Smooth,22.81,0.5307070707070707,TRUE,2019-08/2021-06
Fenris Ridge,Harriet,150.286389,-33.568611,E_racemosa,Eucalyptus racemosa,23.1,Smooth,Smooth,28.01,0.4687755102040816,TRUE,2019-08/2021-06
Fenris Ridge,Harriet,150.286389,-33.568611,E_racemosa,Eucalyptus racemosa,31.2,Smooth,Smooth,23.9767,0.44342657342657343,TRUE,2019-08/2021-06
Fenris Ridge,Harriet,150.286389,-33.568611,E_racemosa,Eucalyptus racemosa,32.6,Smooth,Smooth,23.3433,0.5050393700787401,TRUE,2019-08/2021-06
Fenris Ridge,Harriet,150.286389,-33.568611,E_racemosa,Eucalyptus racemosa,39.9,Smooth,Smooth,29.0433,0.5610752688172043,TRUE,2019-08/2021-06
Fenris Ridge,Harriet,150.286389,-33.568611,E_racemosa,Eucalyptus racemosa,46.2,Smooth,Smooth,22.6767,0.47106900452488687,TRUE,2019-08/2021-06
Fenris Ridge,Harriet,150.286389,-33.568611,E_racemosa,Eucalyptus racemosa,48.9,Smooth,Smooth,35.0767,0.5578154477101844,TRUE,2019-08/2021-06
Fenris Ridge,Harriet,150.286389,-33.568611,E_sieberi,Eucalyptus sieberi,10.1,Rough,Rough,19.96,0.6157142857142857,TRUE,2019-08/2021-06
Fenris Ridge,Harriet,150.286389,-33.568611,E_sieberi,Eucalyptus sieberi,10.6,Rough,Rough,23.41,0.6184883720930233,TRUE,2019-08/2021-06
Fenris Ridge,Harriet,150.286389,-33.568611,E_sieberi,Eucalyptus sieberi,11.5,Rough,Rough,28.31,0.6409259259259259,TRUE,2019-08/2021-06
Fenris Ridge,Harriet,150.286389,-33.568611,E_sieberi,Eucalyptus sieberi,18.6,Rough,Rough,30.66,0.577377049180328,TRUE,2019-08/2021-06
Fenris Ridge,Harriet,150.286389,-33.568611,E_sieberi,Eucalyptus sieberi,24.8,Rough,Rough,42.51,1.0242222222222221,TRUE,2019-08/2021-06
Fenris Ridge,Harriet,150.286389,-33.568611,E_sieberi,Eucalyptus sieberi,25.4,Rough,Rough,45.96,0.46773044064748204,TRUE,2019-08/2021-06
Fenris Ridge,Harriet,150.286389,-33.568611,E_sieberi,Eucalyptus sieberi,25.9,Rough,Rough,31.56,0.63,TRUE,2019-08/2021-06
Fenris Ridge,Harriet,150.286389,-33.568611,E_sieberi,Eucalyptus sieberi,39.6,Rough,Rough,41.31,0.7080519958756812,TRUE,2019-08/2021-06
Fenris Ridge,Harriet,150.286389,-33.568611,E_sieberi,Eucalyptus sieberi,42.3,Rough,Rough,53.2767,0.7585609567901234,TRUE,2019-08/2021-06
Fenris Ridge,Harriet,150.286389,-33.568611,E_sieberi,Eucalyptus sieberi,82.6,Rough,Rough,23.2767,0.8584166666666666,TRUE,2019-08/2021-06
Hordern Ridge,Harriet,150.345833,-33.598611,E_piperita,Eucalyptus piperita,13.2,Rough,Rough,20.11,0.28449367088607597,TRUE,2019-08/2021-06
Hordern Ridge,Harriet,150.345833,-33.598611,E_piperita,Eucalyptus piperita,22.2,Rough,Rough,29.76,0.4536986301369863,TRUE,2019-08/2021-06
Hordern Ridge,Harriet,150.345833,-33.598611,E_piperita,Eucalyptus piperita,23.8,Rough,Rough,32.81,0.5036734693877551,TRUE,2019-08/2021-06
Hordern Ridge,Harriet,150.345833,-33.598611,E_piperita,Eucalyptus piperita,26,Rough,Rough,37.41,0.4774157303370786,TRUE,2019-08/2021-06
Hordern Ridge,Harriet,150.345833,-33.598611,E_piperita,Eucalyptus piperita,27.8,Rough,Rough,21.11,0.4305376344086021,TRUE,2019-08/2021-06
Hordern Ridge,Harriet,150.345833,-33.598611,E_piperita,Eucalyptus piperita,29.8,Rough,Rough,33.81,0.2407236842105263,TRUE,2019-08/2021-06
Hordern Ridge,Harriet,150.345833,-33.598611,E_piperita,Eucalyptus piperita,30.5,Rough,Rough,36.8433,0.3873228346456693,TRUE,2019-08/2021-06
Hordern Ridge,Harriet,150.345833,-33.598611,E_piperita,Eucalyptus piperita,33.5,Rough,Rough,42.31,0.5840322580645161,TRUE,2019-08/2021-06
Hordern Ridge,Harriet,150.345833,-33.598611,E_piperita,Eucalyptus piperita,33.6,Rough,Rough,33.41,0.5189908256880733,TRUE,2019-08/2021-06
Hordern Ridge,Harriet,150.345833,-33.598611,E_piperita,Eucalyptus piperita,41.9,Rough,Rough,40.2767,0.4747297297297297,TRUE,2019-08/2021-06
Hordern Ridge,Harriet,150.345833,-33.598611,E_racemosa,Eucalyptus racemosa,11.3,Smooth,Smooth,25.66,0.40546875,TRUE,2019-08/2021-06
Hordern Ridge,Harriet,150.345833,-33.598611,E_racemosa,Eucalyptus racemosa,12.4,Smooth,Smooth,25.06,0.5671428571428572,TRUE,2019-08/2021-06
Hordern Ridge,Harriet,150.345833,-33.598611,E_racemosa,Eucalyptus racemosa,16.4,Smooth,Smooth,24.36,0.4459756097560976,TRUE,2019-08/2021-06
Hordern Ridge,Harriet,150.345833,-33.598611,E_racemosa,Eucalyptus racemosa,16.5,Smooth,Smooth,22.86,0.4726530612244898,TRUE,2019-08/2021-06
Hordern Ridge,Harriet,150.345833,-33.598611,E_racemosa,Eucalyptus racemosa,24.7,Smooth,Smooth,24.21,0.5323728813559322,TRUE,2019-08/2021-06
Hordern Ridge,Harriet,150.345833,-33.598611,E_racemosa,Eucalyptus racemosa,26,Smooth,Smooth,29.86,0.45822368421052634,TRUE,2019-08/2021-06
Hordern Ridge,Harriet,150.345833,-33.598611,E_racemosa,Eucalyptus racemosa,28.5,Smooth,Smooth,27.71,0.5182727272727273,TRUE,2019-08/2021-06
Hordern Ridge,Harriet,150.345833,-33.598611,E_racemosa,Eucalyptus racemosa,33.4,Smooth,Smooth,24.41,0.478768115942029,TRUE,2019-08/2021-06
Hordern Ridge,Harriet,150.345833,-33.598611,E_racemosa,Eucalyptus racemosa,45.8,Smooth,Smooth,32.8433,0.475813968015992,TRUE,2019-08/2021-06
Hordern Ridge,Harriet,150.345833,-33.598611,E_racemosa,Eucalyptus racemosa,91.6,Smooth,Smooth,29.2767,0.4989220471342909,TRUE,2019-08/2021-06
Hordern Ridge,Harriet,150.345833,-33.598611,E_sieberi,Eucalyptus sieberi,25.3,Rough,Rough,38.61,0.7579611650485436,TRUE,2019-08/2021-06
Hordern Ridge,Harriet,150.345833,-33.598611,E_sieberi,Eucalyptus sieberi,27.9,Rough,Rough,35.71,0.7547586206896553,TRUE,2019-08/2021-06
Hordern Ridge,Harriet,150.345833,-33.598611,E_sieberi,Eucalyptus sieberi,35.1,Rough,Rough,42.11,0.7204615384615385,TRUE,2019-08/2021-06
Hordern Ridge,Harriet,150.345833,-33.598611,E_sieberi,Eucalyptus sieberi,36,Rough,Rough,37.1433,0.6178191489361702,TRUE,2019-08/2021-06
Hordern Ridge,Harriet,150.345833,-33.598611,E_sieberi,Eucalyptus sieberi,39.7,Rough,Rough,50.3433,0.7862288506753954,TRUE,2019-08/2021-06
Hordern Ridge,Harriet,150.345833,-33.598611,E_sieberi,Eucalyptus sieberi,39.8,Rough,Rough,45.11,0.6684090909090908,TRUE,2019-08/2021-06
Hordern Ridge,Harriet,150.345833,-33.598611,E_sieberi,Eucalyptus sieberi,42.7,Rough,Rough,32.21,0.724048454814509,TRUE,2019-08/2021-06
Hordern Ridge,Harriet,150.345833,-33.598611,E_sieberi,Eucalyptus sieberi,43.3,Rough,Rough,53.6433,0.7365361798992895,TRUE,2019-08/2021-06
Hordern Ridge,Harriet,150.345833,-33.598611,E_sieberi,Eucalyptus sieberi,44.2,Rough,Rough,45.81,0.8519917043740572,TRUE,2019-08/2021-06
Hordern Ridge,Harriet,150.345833,-33.598611,E_sieberi,Eucalyptus sieberi,50.6,Rough,Rough,51.7767,0.6967709563164108,TRUE,2019-08/2021-06
Mccarrs Creek Road - 2,Harriet,151.2375,-33.659722,A_costata,Angophora costata,15.2,Smooth,Smooth,23.76,0.28642857142857137,TRUE,2019-08/2021-06
Mccarrs Creek Road - 2,Harriet,151.2375,-33.659722,A_costata,Angophora costata,15.6,Smooth,Smooth,20.91,0.358,TRUE,2019-08/2021-06
Mccarrs Creek Road - 2,Harriet,151.2375,-33.659722,A_costata,Angophora costata,17.4,Smooth,Smooth,26.56,0.3584210526315789,TRUE,2019-08/2021-06
Mccarrs Creek Road - 2,Harriet,151.2375,-33.659722,A_costata,Angophora costata,26.9,Smooth,Smooth,23.41,0.4121739130434782,TRUE,2019-08/2021-06
Mccarrs Creek Road - 2,Harriet,151.2375,-33.659722,A_costata,Angophora costata,28.7,Smooth,Smooth,25.56,0.3562903225806452,TRUE,2019-08/2021-06
Mccarrs Creek Road - 2,Harriet,151.2375,-33.659722,A_costata,Angophora costata,45.4,Smooth,Smooth,22.8433,0.4257466063348416,TRUE,2019-08/2021-06
Mccarrs Creek Road - 2,Harriet,151.2375,-33.659722,A_costata,Angophora costata,55.2,Smooth,,24.9767,,TRUE,2019-08/2021-06
Mccarrs Creek Road - 2,Harriet,151.2375,-33.659722,A_costata,Angophora costata,59,Smooth,Smooth,25.81,0.40692307692307694,TRUE,2019-08/2021-06
Mccarrs Creek Road - 2,Harriet,151.2375,-33.659722,A_costata,Angophora costata,64.3,Smooth,Smooth,22.7767,0.4166666666666667,TRUE,2019-08/2021-06
Mccarrs Creek Road - 2,Harriet,151.2375,-33.659722,A_costata,Angophora costata,104,Smooth,Smooth,27.01,0.35907258064516123,TRUE,2019-08/2021-06
Mccarrs Creek Road - 2,Harriet,151.2375,-33.659722,C_gummifera,Corymbia gummifera,11.8,Rough,,30.31,,TRUE,2019-08/2021-06
Mccarrs Creek Road - 2,Harriet,151.2375,-33.659722,C_gummifera,Corymbia gummifera,11.8,Rough,,35.61,,TRUE,2019-08/2021-06
Mccarrs Creek Road - 2,Harriet,151.2375,-33.659722,C_gummifera,Corymbia gummifera,12.6,Rough,Rough,30.86,0.1957142857142857,TRUE,2019-08/2021-06
Mccarrs Creek Road - 2,Harriet,151.2375,-33.659722,C_gummifera,Corymbia gummifera,18.7,Rough,Rough,40.16,0.23225806451612901,TRUE,2019-08/2021-06
Mccarrs Creek Road - 2,Harriet,151.2375,-33.659722,C_gummifera,Corymbia gummifera,19.5,Rough,Rough,32.46,0.33898305084745767,TRUE,2019-08/2021-06
Mccarrs Creek Road - 2,Harriet,151.2375,-33.659722,C_gummifera,Corymbia gummifera,20.3,Rough,Rough,42.46,0.29361290322580647,TRUE,2019-08/2021-06
Mccarrs Creek Road - 2,Harriet,151.2375,-33.659722,C_gummifera,Corymbia gummifera,23.2,Rough,Rough,29.01,0.20691275167785236,TRUE,2019-08/2021-06
Mccarrs Creek Road - 2,Harriet,151.2375,-33.659722,C_gummifera,Corymbia gummifera,25.3,Rough,Rough,43.66,0.2753548387096774,TRUE,2019-08/2021-06
Mccarrs Creek Road - 2,Harriet,151.2375,-33.659722,C_gummifera,Corymbia gummifera,26.9,Rough,Rough,32.71,0.2265909090909091,TRUE,2019-08/2021-06
Mccarrs Creek Road - 2,Harriet,151.2375,-33.659722,C_gummifera,Corymbia gummifera,40.3,Rough,Rough,37.5433,0.3313935340022297,TRUE,2019-08/2021-06
Mccarrs Creek Road - 2,Harriet,151.2375,-33.659722,E_globoidea,Eucalyptus globoidea,11.8,Stringy,Stringy,26.21,0.6303448275862069,TRUE,2019-08/2021-06
Mccarrs Creek Road - 2,Harriet,151.2375,-33.659722,E_globoidea,Eucalyptus globoidea,15.8,Stringy,Stringy,33.76,0.8420930232558139,TRUE,2019-08/2021-06
Mccarrs Creek Road - 2,Harriet,151.2375,-33.659722,E_globoidea,Eucalyptus globoidea,16.1,Stringy,Stringy,36.46,0.6784615384615384,TRUE,2019-08/2021-06
Mccarrs Creek Road - 2,Harriet,151.2375,-33.659722,E_globoidea,Eucalyptus globoidea,19.6,Stringy,Stringy,29.16,1.19875,TRUE,2019-08/2021-06
Mccarrs Creek Road - 2,Harriet,151.2375,-33.659722,E_globoidea,Eucalyptus globoidea,29.9,Stringy,Stringy,38.76,0.27,TRUE,2019-08/2021-06
Mccarrs Creek Road - 2,Harriet,151.2375,-33.659722,E_globoidea,Eucalyptus globoidea,34.1,Stringy,Stringy,25.3767,0.8083333333333335,TRUE,2019-08/2021-06
Mccarrs Creek Road - 2,Harriet,151.2375,-33.659722,E_globoidea,Eucalyptus globoidea,34.9,Stringy,Stringy,36.2433,0.44371428571428573,TRUE,2019-08/2021-06
Mccarrs Creek Road - 2,Harriet,151.2375,-33.659722,E_globoidea,Eucalyptus globoidea,36.6,Stringy,Stringy,26.2433,0.4883,TRUE,2019-08/2021-06
Mccarrs Creek Road - 2,Harriet,151.2375,-33.659722,E_globoidea,Eucalyptus globoidea,37.8,Stringy,Stringy,43.2767,0.5046808510638298,TRUE,2019-08/2021-06
Mccarrs Creek Road - 2,Harriet,151.2375,-33.659722,E_globoidea,Eucalyptus globoidea,44.1,Stringy,Stringy,42.6433,0.6887492546213476,TRUE,2019-08/2021-06
Odin Gully,Harriet,150.279722,-33.578056,E_piperita,Eucalyptus piperita,13.6,Rough,Rough,22.36,0.1421256129129542,TRUE,2019-08/2021-06
Odin Gully,Harriet,150.279722,-33.578056,E_piperita,Eucalyptus piperita,19.4,Rough,Rough,19.06,0.057014270128963804,TRUE,2019-08/2021-06
Odin Gully,Harriet,150.279722,-33.578056,E_piperita,Eucalyptus piperita,22.8,Rough,Rough,34.11,0.1197288797310981,TRUE,2019-08/2021-06
Odin Gully,Harriet,150.279722,-33.578056,E_piperita,Eucalyptus piperita,29.3,Rough,Rough,31.41,0.0409099132176285,TRUE,2019-08/2021-06
Odin Gully,Harriet,150.279722,-33.578056,E_piperita,Eucalyptus piperita,30.8,Rough,Rough,31.4433,0.27772555566340706,TRUE,2019-08/2021-06
Odin Gully,Harriet,150.279722,-33.578056,E_piperita,Eucalyptus piperita,37.5,Rough,Rough,26.71,0.3441940730276087,TRUE,2019-08/2021-06
Odin Gully,Harriet,150.279722,-33.578056,E_piperita,Eucalyptus piperita,50.5,Rough,Rough,30.1767,0.10979564305130922,TRUE,2019-08/2021-06
Odin Gully,Harriet,150.279722,-33.578056,E_piperita,Eucalyptus piperita,56.1,Rough,Rough,34.81,0.289278275786586,TRUE,2019-08/2021-06
Odin Gully,Harriet,150.279722,-33.578056,E_piperita,Eucalyptus piperita,61.1,Rough,Rough,33.21,0.1740126892824636,TRUE,2019-08/2021-06
Odin Gully,Harriet,150.279722,-33.578056,E_piperita,Eucalyptus piperita,80,Rough,Rough,38.3433,0.2903643203573034,TRUE,2019-08/2021-06
Odin Ridge,Harriet,150.28,-33.579722,E_piperita,Eucalyptus piperita,15.8,Rough,Rough,32.36,0.07883960407199275,TRUE,2019-08/2021-06
Odin Ridge,Harriet,150.28,-33.579722,E_piperita,Eucalyptus piperita,21.4,Rough,Rough,31.21,0.08039032934352132,TRUE,2019-08/2021-06
Odin Ridge,Harriet,150.28,-33.579722,E_piperita,Eucalyptus piperita,22.8,Rough,Rough,29.56,0.2711775325218265,TRUE,2019-08/2021-06
Odin Ridge,Harriet,150.28,-33.579722,E_piperita,Eucalyptus piperita,27.9,Rough,Rough,25.56,0.3669992582892018,TRUE,2019-08/2021-06
Odin Ridge,Harriet,150.28,-33.579722,E_piperita,Eucalyptus piperita,29.1,Rough,Rough,26.96,0.1521619239665051,TRUE,2019-08/2021-06
Odin Ridge,Harriet,150.28,-33.579722,E_piperita,Eucalyptus piperita,31.8,Rough,Rough,27.4433,0.3514273123451153,TRUE,2019-08/2021-06
Odin Ridge,Harriet,150.28,-33.579722,E_piperita,Eucalyptus piperita,33.7,Rough,Rough,29.41,0.1628070415979427,TRUE,2019-08/2021-06
Odin Ridge,Harriet,150.28,-33.579722,E_piperita,Eucalyptus piperita,35,Rough,Rough,35.7433,0.0975360313876064,TRUE,2019-08/2021-06
Odin Ridge,Harriet,150.28,-33.579722,E_piperita,Eucalyptus piperita,42.3,Rough,Rough,18.8767,0.179552655207398,TRUE,2019-08/2021-06
Odin Ridge,Harriet,150.28,-33.579722,E_piperita,Eucalyptus piperita,52.3,Rough,Rough,33.3433,0.1288676549935424,TRUE,2019-08/2021-06
Odin Ridge,Harriet,150.28,-33.579722,E_racemosa,Eucalyptus racemosa,19.3,Smooth,Smooth,24.41,0.409335624956525,TRUE,2019-08/2021-06
Odin Ridge,Harriet,150.28,-33.579722,E_racemosa,Eucalyptus racemosa,24.5,Smooth,Smooth,22.46,0.4523602484472049,TRUE,2019-08/2021-06
Odin Ridge,Harriet,150.28,-33.579722,E_racemosa,Eucalyptus racemosa,24.9,Smooth,Smooth,21.21,0.481448275862069,TRUE,2019-08/2021-06
Odin Ridge,Harriet,150.28,-33.579722,E_racemosa,Eucalyptus racemosa,31.6,Smooth,Smooth,17.61,0.3905882352941176,TRUE,2019-08/2021-06
Odin Ridge,Harriet,150.28,-33.579722,E_racemosa,Eucalyptus racemosa,34.3,Smooth,Smooth,23.1767,0.4083333333333334,TRUE,2019-08/2021-06
Odin Ridge,Harriet,150.28,-33.579722,E_racemosa,Eucalyptus racemosa,38.4,Smooth,Smooth,20.4767,0.46807692307692306,TRUE,2019-08/2021-06
Odin Ridge,Harriet,150.28,-33.579722,E_racemosa,Eucalyptus racemosa,38.7,Smooth,Smooth,23.7433,0.42970588235294116,TRUE,2019-08/2021-06
Odin Ridge,Harriet,150.28,-33.579722,E_racemosa,Eucalyptus racemosa,41.7,Smooth,Smooth,18.8767,0.05169411710335439,TRUE,2019-08/2021-06
Odin Ridge,Harriet,150.28,-33.579722,E_racemosa,Eucalyptus racemosa,46.5,Smooth,Smooth,21.61,0.52125,TRUE,2019-08/2021-06
Odin Ridge,Harriet,150.28,-33.579722,E_racemosa,Eucalyptus racemosa,82.3,Smooth,Smooth,23.81,0.4240625,TRUE,2019-08/2021-06
SMDSFH1,Eli,150.200995026,-33.482406561,E. dive,Eucalyptus dives,18,Rough,,8.5,,TRUE,2018-02/2018-07
SMDSFH1,Eli,150.200995026,-33.482406561,E. dive,Eucalyptus dives,22.6,Rough,,9.45,,TRUE,2018-02/2018-07
SMDSFH1,Eli,150.200995026,-33.482406561,E. dive,Eucalyptus dives,23.5,Rough,,9,,TRUE,2018-02/2018-07
SMDSFH1,Eli,150.200995026,-33.482406561,E. dive,Eucalyptus dives,27.5,Rough,,15.5,,TRUE,2018-02/2018-07
SMDSFH1,Eli,150.200995026,-33.482406561,E. dive,Eucalyptus dives,30,Rough,,10.45,,TRUE,2018-02/2018-07
SMDSFH1,Eli,150.200995026,-33.482406561,E. dive,Eucalyptus dives,57.7,Rough,,9.45,,TRUE,2018-02/2018-07
SMDSFH1,Eli,150.200995026,-33.482406561,E. scler,Eucalyptus racemosa,10.2,Smooth,,9.45,,TRUE,2018-02/2018-07
SMDSFH1,Eli,150.200995026,-33.482406561,E. scler,Eucalyptus racemosa,11,Smooth,,9.45,,TRUE,2018-02/2018-07
SMDSFH1,Eli,150.200995026,-33.482406561,E. scler,Eucalyptus racemosa,11.5,Smooth,,15.5,,TRUE,2018-02/2018-07
SMDSFH1,Eli,150.200995026,-33.482406561,E. scler,Eucalyptus racemosa,16.3,Smooth,,10.95,,TRUE,2018-02/2018-07
SMDSFH1,Eli,150.200995026,-33.482406561,E. scler,Eucalyptus racemosa,18.3,Smooth,,9.9,,TRUE,2018-02/2018-07
SMDSFH1,Eli,150.200995026,-33.482406561,E. scler,Eucalyptus racemosa,18.7,Smooth,,1,,TRUE,2018-02/2018-07
SMDSFH1,Eli,150.200995026,-33.482406561,E. scler,Eucalyptus racemosa,18.7,Smooth,,9.9,,TRUE,2018-02/2018-07
SMDSFH1,Eli,150.200995026,-33.482406561,E. scler,Eucalyptus racemosa,18.9,Smooth,,13.5,,TRUE,2018-02/2018-07
SMDSFH1,Eli,150.200995026,-33.482406561,E. scler,Eucalyptus racemosa,20.3,Smooth,,14,,TRUE,2018-02/2018-07
SMDSFH1,Eli,150.200995026,-33.482406561,E. scler,Eucalyptus racemosa,22,Smooth,,1,,TRUE,2018-02/2018-07
SMDSFH1,Eli,150.200995026,-33.482406561,E. scler,Eucalyptus racemosa,22.2,Smooth,,11.45,,TRUE,2018-02/2018-07
SMDSFH1,Eli,150.200995026,-33.482406561,E. scler,Eucalyptus racemosa,24,Smooth,,9.9,,TRUE,2018-02/2018-07
SMDSFH1,Eli,150.200995026,-33.482406561,E. scler,Eucalyptus racemosa,24.8,Smooth,,9.45,,TRUE,2018-02/2018-07
SMDSFH1,Eli,150.200995026,-33.482406561,E. scler,Eucalyptus racemosa,25,Smooth,,14,,TRUE,2018-02/2018-07
SMDSFH1,Eli,150.200995026,-33.482406561,E. scler,Eucalyptus racemosa,26.5,Smooth,,1,,TRUE,2018-02/2018-07
SMDSFH1,Eli,150.200995026,-33.482406561,E. scler,Eucalyptus racemosa,28,Smooth,,20,,TRUE,2018-02/2018-07
SMDSFH1,Eli,150.200995026,-33.482406561,E. scler,Eucalyptus racemosa,28.2,Smooth,,14,,TRUE,2018-02/2018-07
SMDSFH1,Eli,150.200995026,-33.482406561,E. scler,Eucalyptus racemosa,28.3,Smooth,,13.5,,TRUE,2018-02/2018-07
SMDSFH1,Eli,150.200995026,-33.482406561,E. scler,Eucalyptus racemosa,28.4,Smooth,,15,,TRUE,2018-02/2018-07
SMDSFH1,Eli,150.200995026,-33.482406561,E. scler,Eucalyptus racemosa,30,Smooth,,14.5,,TRUE,2018-02/2018-07
SMDSFH1,Eli,150.200995026,-33.482406561,E. scler,Eucalyptus racemosa,32.2,Smooth,,14.5,,TRUE,2018-02/2018-07
SMDSFH1,Eli,150.200995026,-33.482406561,E. scler,Eucalyptus racemosa,33,Smooth,,14.5,,TRUE,2018-02/2018-07
SMDSFH1,Eli,150.200995026,-33.482406561,E. scler,Eucalyptus racemosa,33,Smooth,,24,,TRUE,2018-02/2018-07
SMDSFH1,Eli,150.200995026,-33.482406561,E. scler,Eucalyptus racemosa,34.1,Smooth,,16,,TRUE,2018-02/2018-07
SMDSFH1,Eli,150.200995026,-33.482406561,E. scler,Eucalyptus racemosa,43,Smooth,,16.5,,TRUE,2018-02/2018-07
SMDSFH1,Eli,150.200995026,-33.482406561,E. scler,Eucalyptus racemosa,44.3,Smooth,,1,,TRUE,2018-02/2018-07
SMDSFH1,Eli,150.200995026,-33.482406561,E. scler,Eucalyptus racemosa,55.5,Smooth,,15,,TRUE,2018-02/2018-07
SMDSFH2,Eli,150.197815997,-33.483569781999996,E. scler,Eucalyptus racemosa,21.5,Smooth,,9.45,,TRUE,2018-02/2018-07
SMDSFH2,Eli,150.197815997,-33.483569781999996,E. scler,Eucalyptus racemosa,24,Smooth,,8.95,,TRUE,2018-02/2018-07
SMDSFH2,Eli,150.197815997,-33.483569781999996,E. scler,Eucalyptus racemosa,26,Smooth,,14.5,,TRUE,2018-02/2018-07
SMDSFH2,Eli,150.197815997,-33.483569781999996,E. scler,Eucalyptus racemosa,30,Smooth,,12,,TRUE,2018-02/2018-07
SMDSFH2,Eli,150.197815997,-33.483569781999996,E. scler,Eucalyptus racemosa,35,Smooth,,11.5,,TRUE,2018-02/2018-07
SMDSFH2,Eli,150.197815997,-33.483569781999996,E. scler,Eucalyptus racemosa,35,Smooth,,15,,TRUE,2018-02/2018-07
SMDSFH2,Eli,150.197815997,-33.483569781999996,E. scler,Eucalyptus racemosa,36,Smooth,,7.5,,TRUE,2018-02/2018-07
SMDSFH2,Eli,150.197815997,-33.483569781999996,E. scler,Eucalyptus racemosa,65,Smooth,,10,,TRUE,2018-02/2018-07
SMDSFH3,Eli,150.19885897,-33.479581511,E. scler,Eucalyptus racemosa,10.8,Smooth,,0.1,,TRUE,2018-02/2018-07
SMDSFH3,Eli,150.19885897,-33.479581511,E. scler,Eucalyptus racemosa,11,Smooth,,9.9,,TRUE,2018-02/2018-07
SMDSFH3,Eli,150.19885897,-33.479581511,E. scler,Eucalyptus racemosa,12.1,Smooth,,9.9,,TRUE,2018-02/2018-07
SMDSFH3,Eli,150.19885897,-33.479581511,E. scler,Eucalyptus racemosa,14.9,Smooth,,9,,TRUE,2018-02/2018-07
SMDSFH3,Eli,150.19885897,-33.479581511,E. scler,Eucalyptus racemosa,14.9,Smooth,,11,,TRUE,2018-02/2018-07
SMDSFH3,Eli,150.19885897,-33.479581511,E. scler,Eucalyptus racemosa,16.9,Smooth,,9.45,,TRUE,2018-02/2018-07
SMDSFH3,Eli,150.19885897,-33.479581511,E. scler,Eucalyptus racemosa,17.5,Smooth,,11.5,,TRUE,2018-02/2018-07
SMDSFH3,Eli,150.19885897,-33.479581511,E. scler,Eucalyptus racemosa,18.1,Smooth,,11.5,,TRUE,2018-02/2018-07
SMDSFH3,Eli,150.19885897,-33.479581511,E. scler,Eucalyptus racemosa,18.2,Smooth,,9.5,,TRUE,2018-02/2018-07
SMDSFH3,Eli,150.19885897,-33.479581511,E. scler,Eucalyptus racemosa,20,Smooth,,9.45,,TRUE,2018-02/2018-07
SMDSFH3,Eli,150.19885897,-33.479581511,E. scler,Eucalyptus racemosa,20.4,Smooth,,8.5,,TRUE,2018-02/2018-07
SMDSFH3,Eli,150.19885897,-33.479581511,E. scler,Eucalyptus racemosa,20.5,Smooth,,10.95,,TRUE,2018-02/2018-07
SMDSFH3,Eli,150.19885897,-33.479581511,E. scler,Eucalyptus racemosa,21.7,Smooth,,9.45,,TRUE,2018-02/2018-07
SMDSFH3,Eli,150.19885897,-33.479581511,E. scler,Eucalyptus racemosa,22.1,Smooth,,9.9,,TRUE,2018-02/2018-07
SMDSFH3,Eli,150.19885897,-33.479581511,E. scler,Eucalyptus racemosa,22.3,Smooth,,11,,TRUE,2018-02/2018-07
SMDSFH3,Eli,150.19885897,-33.479581511,E. scler,Eucalyptus racemosa,22.7,Smooth,,9.9,,TRUE,2018-02/2018-07
SMDSFH3,Eli,150.19885897,-33.479581511,E. scler,Eucalyptus racemosa,23,Smooth,,10.45,,TRUE,2018-02/2018-07
SMDSFH3,Eli,150.19885897,-33.479581511,E. scler,Eucalyptus racemosa,23.5,Smooth,,8.5,,TRUE,2018-02/2018-07
SMDSFH3,Eli,150.19885897,-33.479581511,E. scler,Eucalyptus racemosa,25.9,Smooth,,3.05,,TRUE,2018-02/2018-07
SMDSFH3,Eli,150.19885897,-33.479581511,E. scler,Eucalyptus racemosa,25.9,Smooth,,8.95,,TRUE,2018-02/2018-07
SMDSFH3,Eli,150.19885897,-33.479581511,E. scler,Eucalyptus racemosa,26.3,Smooth,,10.45,,TRUE,2018-02/2018-07
SMDSFH3,Eli,150.19885897,-33.479581511,E. scler,Eucalyptus racemosa,27.8,Smooth,,15.5,,TRUE,2018-02/2018-07
SMDSFH3,Eli,150.19885897,-33.479581511,E. scler,Eucalyptus racemosa,28.1,Smooth,,10,,TRUE,2018-02/2018-07
SMDSFH3,Eli,150.19885897,-33.479581511,E. scler,Eucalyptus racemosa,28.5,Smooth,,14.5,,TRUE,2018-02/2018-07
SMDSFH3,Eli,150.19885897,-33.479581511,E. scler,Eucalyptus racemosa,29.8,Smooth,,8,,TRUE,2018-02/2018-07
SMDSFH3,Eli,150.19885897,-33.479581511,E. scler,Eucalyptus racemosa,44.4,Smooth,,10,,TRUE,2018-02/2018-07
SMDSFH3,Eli,150.19885897,-33.479581511,E. scler,Eucalyptus racemosa,64.3,Smooth,,12,,TRUE,2018-02/2018-07
SMDSFH3,Eli,150.19885897,-33.479581511,E. scler,Eucalyptus racemosa,82,Smooth,,9.45,,TRUE,2018-02/2018-07
SMDSFH4,Eli,150.190406402,-33.48080546,E. pip,Eucalyptus piperita,24.5,Rough,,16,,TRUE,2018-02/2018-07
SMDSFH4,Eli,150.190406402,-33.48080546,E. scler,Eucalyptus racemosa,10,Smooth,,9,,TRUE,2018-02/2018-07
SMDSFH4,Eli,150.190406402,-33.48080546,E. scler,Eucalyptus racemosa,11,Smooth,,8.5,,TRUE,2018-02/2018-07
SMDSFH4,Eli,150.190406402,-33.48080546,E. scler,Eucalyptus racemosa,11.5,Smooth,,8,,TRUE,2018-02/2018-07
SMDSFH4,Eli,150.190406402,-33.48080546,E. scler,Eucalyptus racemosa,14,Smooth,,12,,TRUE,2018-02/2018-07
SMDSFH4,Eli,150.190406402,-33.48080546,E. scler,Eucalyptus racemosa,14.5,Smooth,,11,,TRUE,2018-02/2018-07
SMDSFH4,Eli,150.190406402,-33.48080546,E. scler,Eucalyptus racemosa,22,Smooth,,11.5,,TRUE,2018-02/2018-07
SMDSFH4,Eli,150.190406402,-33.48080546,E. scler,Eucalyptus racemosa,48,Smooth,,17,,TRUE,2018-02/2018-07
SMDSFH4,Eli,150.190406402,-33.48080546,E. sieb,Eucalyptus sieberi,10,Rough,,10.95,,TRUE,2018-02/2018-07
SMDSFH4,Eli,150.190406402,-33.48080546,E. sieb,Eucalyptus sieberi,12.5,Rough,,10.45,,TRUE,2018-02/2018-07
SMDSFH4,Eli,150.190406402,-33.48080546,E. sieb,Eucalyptus sieberi,14,Rough,,18,,TRUE,2018-02/2018-07
SMDSFH4,Eli,150.190406402,-33.48080546,E. sieb,Eucalyptus sieberi,15,Rough,,12.5,,TRUE,2018-02/2018-07
SMDSFH4,Eli,150.190406402,-33.48080546,E. sieb,Eucalyptus sieberi,17,Rough,,15,,TRUE,2018-02/2018-07
SMDSFH4,Eli,150.190406402,-33.48080546,E. sieb,Eucalyptus sieberi,17.5,Rough,,15,,TRUE,2018-02/2018-07
SMDSFH4,Eli,150.190406402,-33.48080546,E. sieb,Eucalyptus sieberi,19,Rough,,13.5,,TRUE,2018-02/2018-07
SMDSFH4,Eli,150.190406402,-33.48080546,E. sieb,Eucalyptus sieberi,19,Rough,,17.5,,TRUE,2018-02/2018-07
SMDSFH4,Eli,150.190406402,-33.48080546,E. sieb,Eucalyptus sieberi,20,Rough,,16,,TRUE,2018-02/2018-07
SMDSFH4,Eli,150.190406402,-33.48080546,E. sieb,Eucalyptus sieberi,20,Rough,,17,,TRUE,2018-02/2018-07
SMDSFH4,Eli,150.190406402,-33.48080546,E. sieb,Eucalyptus sieberi,20,Rough,,20,,TRUE,2018-02/2018-07
SMDSFH4,Eli,150.190406402,-33.48080546,E. sieb,Eucalyptus sieberi,21,Rough,,13,,TRUE,2018-02/2018-07
SMDSFH4,Eli,150.190406402,-33.48080546,E. sieb,Eucalyptus sieberi,21,Rough,,16,,TRUE,2018-02/2018-07
SMDSFH4,Eli,150.190406402,-33.48080546,E. sieb,Eucalyptus sieberi,21,Rough,,,,TRUE,2018-02/2018-07
SMDSFH4,Eli,150.190406402,-33.48080546,E. sieb,Eucalyptus sieberi,21.5,Rough,,14,,TRUE,2018-02/2018-07
SMDSFH4,Eli,150.190406402,-33.48080546,E. sieb,Eucalyptus sieberi,21.5,Rough,,16.5,,TRUE,2018-02/2018-07
SMDSFH4,Eli,150.190406402,-33.48080546,E. sieb,Eucalyptus sieberi,21.5,Rough,,16.5,,TRUE,2018-02/2018-07
SMDSFH4,Eli,150.190406402,-33.48080546,E. sieb,Eucalyptus sieberi,22,Rough,,18,,TRUE,2018-02/2018-07
SMDSFH4,Eli,150.190406402,-33.48080546,E. sieb,Eucalyptus sieberi,22.5,Rough,,15,,TRUE,2018-02/2018-07
SMDSFH4,Eli,150.190406402,-33.48080546,E. sieb,Eucalyptus sieberi,22.5,Rough,,17,,TRUE,2018-02/2018-07
SMDSFH4,Eli,150.190406402,-33.48080546,E. sieb,Eucalyptus sieberi,23,Rough,,10.5,,TRUE,2018-02/2018-07
SMDSFH4,Eli,150.190406402,-33.48080546,E. sieb,Eucalyptus sieberi,23,Rough,,16.5,,TRUE,2018-02/2018-07
SMDSFH4,Eli,150.190406402,-33.48080546,E. sieb,Eucalyptus sieberi,24.5,Rough,,17.5,,TRUE,2018-02/2018-07
SMDSFH4,Eli,150.190406402,-33.48080546,E. sieb,Eucalyptus sieberi,25,Rough,,16,,TRUE,2018-02/2018-07
SMDSFH4,Eli,150.190406402,-33.48080546,E. sieb,Eucalyptus sieberi,25.5,Rough,,16,,TRUE,2018-02/2018-07
SMDSFH4,Eli,150.190406402,-33.48080546,E. sieb,Eucalyptus sieberi,32,Rough,,12.45,,TRUE,2018-02/2018-07
SMDSFH4,Eli,150.190406402,-33.48080546,E. sieb,Eucalyptus sieberi,39,Rough,,21,,TRUE,2018-02/2018-07
SMDSFH4,Eli,150.190406402,-33.48080546,E. sieb,Eucalyptus sieberi,61,Rough,,17,,TRUE,2018-02/2018-07
SMDSFH4,Eli,150.190406402,-33.48080546,E. spar,Eucalyptus sparsifolia,12.5,Stringy,,13,,TRUE,2018-02/2018-07
SMDSFH6,Eli,150.188186855,-33.476914524,E. rad,Eucalyptus radiata,48.2,Rough,,14,,TRUE,2018-02/2018-07
SMDSFH6,Eli,150.188186855,-33.476914524,E. scler,Eucalyptus racemosa,12.5,Smooth,,9.9,,TRUE,2018-02/2018-07
SMDSFH6,Eli,150.188186855,-33.476914524,E. scler,Eucalyptus racemosa,13.2,Smooth,,14,,TRUE,2018-02/2018-07
SMDSFH6,Eli,150.188186855,-33.476914524,E. scler,Eucalyptus racemosa,15,Smooth,,9.9,,TRUE,2018-02/2018-07
SMDSFH6,Eli,150.188186855,-33.476914524,E. scler,Eucalyptus racemosa,19,Smooth,,15,,TRUE,2018-02/2018-07
SMDSFH6,Eli,150.188186855,-33.476914524,E. scler,Eucalyptus racemosa,20.3,Smooth,,11,,TRUE,2018-02/2018-07
SMDSFH6,Eli,150.188186855,-33.476914524,E. scler,Eucalyptus racemosa,20.5,Smooth,,14.5,,TRUE,2018-02/2018-07
SMDSFH6,Eli,150.188186855,-33.476914524,E. scler,Eucalyptus racemosa,20.5,Smooth,,14.5,,TRUE,2018-02/2018-07
SMDSFH6,Eli,150.188186855,-33.476914524,E. scler,Eucalyptus racemosa,22.3,Smooth,,12.5,,TRUE,2018-02/2018-07
SMDSFH6,Eli,150.188186855,-33.476914524,E. scler,Eucalyptus racemosa,22.3,Smooth,,18.5,,TRUE,2018-02/2018-07
SMDSFH6,Eli,150.188186855,-33.476914524,E. scler,Eucalyptus racemosa,55,Smooth,,14,,TRUE,2018-02/2018-07
SMDSFH6,Eli,150.188186855,-33.476914524,E. scler,Eucalyptus racemosa,65,Smooth,,13.5,,TRUE,2018-02/2018-07
SMDSFH6,Eli,150.188186855,-33.476914524,E. sieb,Eucalyptus sieberi,23,Rough,,12.5,,TRUE,2018-02/2018-07
SMDSFH6,Eli,150.188186855,-33.476914524,E. sieb,Eucalyptus sieberi,24.1,Rough,,12.5,,TRUE,2018-02/2018-07
SMDSFH6,Eli,150.188186855,-33.476914524,E. sieb,Eucalyptus sieberi,27.1,Rough,,11,,TRUE,2018-02/2018-07
SMDSFH6,Eli,150.188186855,-33.476914524,E. sieb,Eucalyptus sieberi,39,Rough,,15,,TRUE,2018-02/2018-07
SMDSFH6,Eli,150.188186855,-33.476914524,E. sieb,Eucalyptus sieberi,56,Rough,,11,,TRUE,2018-02/2018-07
SMDSFH6,Eli,150.188186855,-33.476914524,E. spar,Eucalyptus sparsifolia,10.6,Stringy,,9.9,,TRUE,2018-02/2018-07
SMDSFH6,Eli,150.188186855,-33.476914524,E. spar,Eucalyptus sparsifolia,11,Stringy,,9.9,,TRUE,2018-02/2018-07
SMDSFH6,Eli,150.188186855,-33.476914524,E. spar,Eucalyptus sparsifolia,12.5,Stringy,,9.9,,TRUE,2018-02/2018-07
SMDSFH6,Eli,150.188186855,-33.476914524,E. spar,Eucalyptus sparsifolia,14.4,Stringy,,16,,TRUE,2018-02/2018-07
SMDSFH6,Eli,150.188186855,-33.476914524,E. spar,Eucalyptus sparsifolia,17,Stringy,,8,,TRUE,2018-02/2018-07
SMDSFH6,Eli,150.188186855,-33.476914524,E. spar,Eucalyptus sparsifolia,21,Stringy,,12.45,,TRUE,2018-02/2018-07
SMDSFH6,Eli,150.188186855,-33.476914524,E. spar,Eucalyptus sparsifolia,25.7,Stringy,,15,,TRUE,2018-02/2018-07
SMDSFH6,Eli,150.188186855,-33.476914524,E. spar,Eucalyptus sparsifolia,30,Stringy,,11.45,,TRUE,2018-02/2018-07
SMDSFH6,Eli,150.188186855,-33.476914524,E. spar,Eucalyptus sparsifolia,43.2,Stringy,,0.1,,TRUE,2018-02/2018-07
SMDSFH7,Eli,150.19975551,-33.472452543,E. cons,Eucalyptus consideniana,11.1,Rough,,0.1,,TRUE,2018-02/2018-07
SMDSFH7,Eli,150.19975551,-33.472452543,E. cons,Eucalyptus consideniana,17.6,Rough,,9.5,,TRUE,2018-02/2018-07
SMDSFH7,Eli,150.19975551,-33.472452543,E. cons,Eucalyptus consideniana,19.1,Rough,,12.5,,TRUE,2018-02/2018-07
SMDSFH7,Eli,150.19975551,-33.472452543,E. cons,Eucalyptus consideniana,19.8,Rough,,10,,TRUE,2018-02/2018-07
SMDSFH7,Eli,150.19975551,-33.472452543,E. cons,Eucalyptus consideniana,21.2,Rough,,13.5,,TRUE,2018-02/2018-07
SMDSFH7,Eli,150.19975551,-33.472452543,E. cons,Eucalyptus consideniana,24.1,Rough,,10.45,,TRUE,2018-02/2018-07
SMDSFH7,Eli,150.19975551,-33.472452543,E. cons,Eucalyptus consideniana,25.2,Rough,,9.45,,TRUE,2018-02/2018-07
SMDSFH7,Eli,150.19975551,-33.472452543,E. cons,Eucalyptus consideniana,28,Rough,,11.5,,TRUE,2018-02/2018-07
SMDSFH7,Eli,150.19975551,-33.472452543,E. cons,Eucalyptus consideniana,31.1,Rough,,11.5,,TRUE,2018-02/2018-07
SMDSFH7,Eli,150.19975551,-33.472452543,E. cons,Eucalyptus consideniana,50.5,Rough,,14.05,,TRUE,2018-02/2018-07
SMDSFH7,Eli,150.19975551,-33.472452543,E. cons,Eucalyptus consideniana,51,Rough,,8,,TRUE,2018-02/2018-07
SMDSFH7,Eli,150.19975551,-33.472452543,E. cons,Eucalyptus consideniana,60,Rough,,8,,TRUE,2018-02/2018-07
SMDSFH7,Eli,150.19975551,-33.472452543,E. cons,Eucalyptus consideniana,60.3,Rough,,0.1,,TRUE,2018-02/2018-07
SMDSFH7,Eli,150.19975551,-33.472452543,E. cons,Eucalyptus consideniana,60.5,Rough,,7.05,,TRUE,2018-02/2018-07
SMDSFH7,Eli,150.19975551,-33.472452543,E. scler,Eucalyptus racemosa,15,Smooth,,0.1,,TRUE,2018-02/2018-07
SMDSFH7,Eli,150.19975551,-33.472452543,E. scler,Eucalyptus racemosa,17.3,Smooth,,5.55,,TRUE,2018-02/2018-07
SMDSFH7,Eli,150.19975551,-33.472452543,E. scler,Eucalyptus racemosa,19.6,Smooth,,13,,TRUE,2018-02/2018-07
SMDSFH7,Eli,150.19975551,-33.472452543,E. scler,Eucalyptus racemosa,21.9,Smooth,,9,,TRUE,2018-02/2018-07
SMDSFH7,Eli,150.19975551,-33.472452543,E. scler,Eucalyptus racemosa,21.9,Smooth,,10,,TRUE,2018-02/2018-07
SMDSFH7,Eli,150.19975551,-33.472452543,E. scler,Eucalyptus racemosa,26.8,Smooth,,9.45,,TRUE,2018-02/2018-07
SMDSFH7,Eli,150.19975551,-33.472452543,E. sieb,Eucalyptus sieberi,46.6,Rough,,13.45,,TRUE,2018-02/2018-07
SMDSFH7,Eli,150.19975551,-33.472452543,E. spar,Eucalyptus sparsifolia,39.1,Stringy,,9,,TRUE,2018-02/2018-07
SMDSFH7,Eli,150.19975551,-33.472452543,E. spar,Eucalyptus sparsifolia,42,Stringy,,8.95,,TRUE,2018-02/2018-07
SMDSFH7,Eli,150.19975551,-33.472452543,E. spar,Eucalyptus sparsifolia,50.5,Stringy,,10,,TRUE,2018-02/2018-07
SMDSFHnew1,Eli,150.193535828,-33.473177249,E. scler,Eucalyptus racemosa,10,Smooth,,9.5,,TRUE,2018-02/2018-07
SMDSFHnew1,Eli,150.193535828,-33.473177249,E. scler,Eucalyptus racemosa,10.3,Smooth,,7,,TRUE,2018-02/2018-07
SMDSFHnew1,Eli,150.193535828,-33.473177249,E. scler,Eucalyptus racemosa,10.7,Smooth,,0.1,,TRUE,2018-02/2018-07
SMDSFHnew1,Eli,150.193535828,-33.473177249,E. scler,Eucalyptus racemosa,10.7,Smooth,,9.45,,TRUE,2018-02/2018-07
SMDSFHnew1,Eli,150.193535828,-33.473177249,E. scler,Eucalyptus racemosa,12.3,Smooth,,10.45,,TRUE,2018-02/2018-07
SMDSFHnew1,Eli,150.193535828,-33.473177249,E. scler,Eucalyptus racemosa,12.6,Smooth,,9.45,,TRUE,2018-02/2018-07
SMDSFHnew1,Eli,150.193535828,-33.473177249,E. scler,Eucalyptus racemosa,12.7,Smooth,,10.45,,TRUE,2018-02/2018-07
SMDSFHnew1,Eli,150.193535828,-33.473177249,E. scler,Eucalyptus racemosa,14.3,Smooth,,11,,TRUE,2018-02/2018-07
SMDSFHnew1,Eli,150.193535828,-33.473177249,E. scler,Eucalyptus racemosa,14.8,Smooth,,0.1,,TRUE,2018-02/2018-07
SMDSFHnew1,Eli,150.193535828,-33.473177249,E. scler,Eucalyptus racemosa,15.7,Smooth,,9.9,,TRUE,2018-02/2018-07
SMDSFHnew1,Eli,150.193535828,-33.473177249,E. scler,Eucalyptus racemosa,17.2,Smooth,,5.55,,TRUE,2018-02/2018-07
SMDSFHnew1,Eli,150.193535828,-33.473177249,E. scler,Eucalyptus racemosa,17.8,Smooth,,4.55,,TRUE,2018-02/2018-07
SMDSFHnew1,Eli,150.193535828,-33.473177249,E. scler,Eucalyptus racemosa,17.8,Smooth,,8.5,,TRUE,2018-02/2018-07
SMDSFHnew1,Eli,150.193535828,-33.473177249,E. scler,Eucalyptus racemosa,17.9,Smooth,,9.45,,TRUE,2018-02/2018-07
SMDSFHnew1,Eli,150.193535828,-33.473177249,E. scler,Eucalyptus racemosa,20.1,Smooth,,9.9,,TRUE,2018-02/2018-07
SMDSFHnew1,Eli,150.193535828,-33.473177249,E. scler,Eucalyptus racemosa,20.2,Smooth,,11,,TRUE,2018-02/2018-07
SMDSFHnew1,Eli,150.193535828,-33.473177249,E. scler,Eucalyptus racemosa,21.1,Smooth,,10,,TRUE,2018-02/2018-07
SMDSFHnew1,Eli,150.193535828,-33.473177249,E. scler,Eucalyptus racemosa,22,Smooth,,11,,TRUE,2018-02/2018-07
SMDSFHnew1,Eli,150.193535828,-33.473177249,E. scler,Eucalyptus racemosa,22.5,Smooth,,11,,TRUE,2018-02/2018-07
SMDSFHnew1,Eli,150.193535828,-33.473177249,E. scler,Eucalyptus racemosa,25.6,Smooth,,9,,TRUE,2018-02/2018-07
SMDSFHnew1,Eli,150.193535828,-33.473177249,E. scler,Eucalyptus racemosa,26.9,Smooth,,13,,TRUE,2018-02/2018-07
SMDSFHnew1,Eli,150.193535828,-33.473177249,E. scler,Eucalyptus racemosa,28.3,Smooth,,13,,TRUE,2018-02/2018-07
SMDSFHnew1,Eli,150.193535828,-33.473177249,E. scler,Eucalyptus racemosa,30.7,Smooth,,10.45,,TRUE,2018-02/2018-07
SMDSFL2,Eli,150.238545464,-33.572349742,E. blax,Eucalyptus blaxlandii,32,Stringy,,18,,TRUE,2018-02/2018-07
SMDSFL2,Eli,150.238545464,-33.572349742,E. mann,Eucalyptus mannifera,29,Smooth,,13.45,,TRUE,2018-02/2018-07
SMDSFL2,Eli,150.238545464,-33.572349742,E. pip,Eucalyptus piperita,15.7,Rough,,,,TRUE,2018-02/2018-07
SMDSFL2,Eli,150.238545464,-33.572349742,E. pip,Eucalyptus piperita,17,Rough,,16.5,,TRUE,2018-02/2018-07
SMDSFL2,Eli,150.238545464,-33.572349742,E. pip,Eucalyptus piperita,20.1,Rough,,10.95,,TRUE,2018-02/2018-07
SMDSFL2,Eli,150.238545464,-33.572349742,E. pip,Eucalyptus piperita,21.5,Rough,,14,,TRUE,2018-02/2018-07
SMDSFL2,Eli,150.238545464,-33.572349742,E. pip,Eucalyptus piperita,21.6,Rough,,15,,TRUE,2018-02/2018-07
SMDSFL2,Eli,150.238545464,-33.572349742,E. pip,Eucalyptus piperita,26.5,Rough,,18,,TRUE,2018-02/2018-07
SMDSFL2,Eli,150.238545464,-33.572349742,E. pip,Eucalyptus piperita,32.2,Rough,,,,TRUE,2018-02/2018-07
SMDSFL2,Eli,150.238545464,-33.572349742,E. pip,Eucalyptus piperita,33.5,Rough,,15.5,,TRUE,2018-02/2018-07
SMDSFL2,Eli,150.238545464,-33.572349742,E. sieb,Eucalyptus sieberi,14.7,Rough,,12,,TRUE,2018-02/2018-07
SMDSFL2,Eli,150.238545464,-33.572349742,E. sieb,Eucalyptus sieberi,18.4,Rough,,8.95,,TRUE,2018-02/2018-07
SMDSFL2,Eli,150.238545464,-33.572349742,E. sieb,Eucalyptus sieberi,20,Rough,,20,,TRUE,2018-02/2018-07
SMDSFL2,Eli,150.238545464,-33.572349742,E. sieb,Eucalyptus sieberi,20.1,Rough,,19,,TRUE,2018-02/2018-07
SMDSFL2,Eli,150.238545464,-33.572349742,E. sieb,Eucalyptus sieberi,20.5,Rough,,10.95,,TRUE,2018-02/2018-07
SMDSFL2,Eli,150.238545464,-33.572349742,E. sieb,Eucalyptus sieberi,24,Rough,,19,,TRUE,2018-02/2018-07
SMDSFL2,Eli,150.238545464,-33.572349742,E. sieb,Eucalyptus sieberi,30,Rough,,15,,TRUE,2018-02/2018-07
SMDSFL2,Eli,150.238545464,-33.572349742,E. sieb,Eucalyptus sieberi,30.5,Rough,,21.5,,TRUE,2018-02/2018-07
SMDSFL2,Eli,150.238545464,-33.572349742,E. sieb,Eucalyptus sieberi,30.7,Rough,,20,,TRUE,2018-02/2018-07
SMDSFL2,Eli,150.238545464,-33.572349742,E. sieb,Eucalyptus sieberi,32.1,Rough,,22.5,,TRUE,2018-02/2018-07
SMDSFL2,Eli,150.238545464,-33.572349742,E. sieb,Eucalyptus sieberi,34,Rough,,16.5,,TRUE,2018-02/2018-07
SMDSFL2,Eli,150.238545464,-33.572349742,E. sieb,Eucalyptus sieberi,39.8,Rough,,16.5,,TRUE,2018-02/2018-07
SMDSFL2,Eli,150.238545464,-33.572349742,E. sieb,Eucalyptus sieberi,50.5,Rough,,17.5,,TRUE,2018-02/2018-07
SMDSFL2,Eli,150.238545464,-33.572349742,E. sieb,Eucalyptus sieberi,65.5,Rough,,0.1,,TRUE,2018-02/2018-07
SMDSFL2,Eli,150.238545464,-33.572349742,E. sieb,Eucalyptus sieberi,80,Rough,,12,,TRUE,2018-02/2018-07
SMWSFH10,Eli,150.188372326,-33.471509491,E. fas,Eucalyptus fastigata,23.8,Rough,,14,,TRUE,2018-02/2018-07
SMWSFH10,Eli,150.188372326,-33.471509491,E. fas,Eucalyptus fastigata,40.5,Rough,,23.5,,TRUE,2018-02/2018-07
SMWSFH10,Eli,150.188372326,-33.471509491,E. fas,Eucalyptus fastigata,53.2,Rough,,13.5,,TRUE,2018-02/2018-07
SMWSFH10,Eli,150.188372326,-33.471509491,E. fas,Eucalyptus fastigata,53.6,Rough,,22,,TRUE,2018-02/2018-07
SMWSFH10,Eli,150.188372326,-33.471509491,E. fas,Eucalyptus fastigata,55.4,Rough,,13.95,,TRUE,2018-02/2018-07
SMWSFH10,Eli,150.188372326,-33.471509491,E. fas,Eucalyptus fastigata,63.5,Rough,,20.5,,TRUE,2018-02/2018-07
SMWSFH10,Eli,150.188372326,-33.471509491,E. fas,Eucalyptus fastigata,79.8,Rough,,23,,TRUE,2018-02/2018-07
SMWSFH10,Eli,150.188372326,-33.471509491,E. fas,Eucalyptus fastigata,84.5,Rough,,17,,TRUE,2018-02/2018-07
SMWSFH10,Eli,150.188372326,-33.471509491,E. fas,Eucalyptus fastigata,105.5,Rough,,17,,TRUE,2018-02/2018-07
SMWSFH10,Eli,150.188372326,-33.471509491,E. fas,Eucalyptus fastigata,109,Rough,,16.5,,TRUE,2018-02/2018-07
SMWSFH10,Eli,150.188372326,-33.471509491,E. pip,Eucalyptus piperita,16.1,Rough,,8,,TRUE,2018-02/2018-07
SMWSFH10,Eli,150.188372326,-33.471509491,E. rad,Eucalyptus radiata,20,Rough,,12,,TRUE,2018-02/2018-07
SMWSFH10,Eli,150.188372326,-33.471509491,E. rad,Eucalyptus radiata,28,Rough,,9.5,,TRUE,2018-02/2018-07
SMWSFH10,Eli,150.188372326,-33.471509491,E. rad,Eucalyptus radiata,30.7,Rough,,10.5,,TRUE,2018-02/2018-07
SMWSFH10,Eli,150.188372326,-33.471509491,E. rad,Eucalyptus radiata,32.7,Rough,,13,,TRUE,2018-02/2018-07
SMWSFH10,Eli,150.188372326,-33.471509491,E. rad,Eucalyptus radiata,41,Rough,,15,,TRUE,2018-02/2018-07
SMWSFH10,Eli,150.188372326,-33.471509491,E. rad,Eucalyptus radiata,43.7,Rough,,15.5,,TRUE,2018-02/2018-07
SMWSFH10,Eli,150.188372326,-33.471509491,E. rad,Eucalyptus radiata,44.5,Rough,,14,,TRUE,2018-02/2018-07
SMWSFH10,Eli,150.188372326,-33.471509491,E. rad,Eucalyptus radiata,52.9,Rough,,18.5,,TRUE,2018-02/2018-07
SMWSFH10alt,Eli,150.192607747,-33.477934388,E. fas,Eucalyptus fastigata,22,Rough,,13,,TRUE,2018-02/2018-07
SMWSFH10alt,Eli,150.192607747,-33.477934388,E. fas,Eucalyptus fastigata,36.1,Rough,,22.5,,TRUE,2018-02/2018-07
SMWSFH10alt,Eli,150.192607747,-33.477934388,E. fas,Eucalyptus fastigata,41.7,Rough,,31.5,,TRUE,2018-02/2018-07
SMWSFH10alt,Eli,150.192607747,-33.477934388,E. fas,Eucalyptus fastigata,42,Rough,,23,,TRUE,2018-02/2018-07
SMWSFH10alt,Eli,150.192607747,-33.477934388,E. fas,Eucalyptus fastigata,45.1,Rough,,20.5,,TRUE,2018-02/2018-07
SMWSFH10alt,Eli,150.192607747,-33.477934388,E. fas,Eucalyptus fastigata,55.6,Rough,,23,,TRUE,2018-02/2018-07
SMWSFH10alt,Eli,150.192607747,-33.477934388,E. fas,Eucalyptus fastigata,61,Rough,,21.5,,TRUE,2018-02/2018-07
SMWSFH10alt,Eli,150.192607747,-33.477934388,E. fas,Eucalyptus fastigata,69.1,Rough,,18,,TRUE,2018-02/2018-07
SMWSFH10alt,Eli,150.192607747,-33.477934388,E. fas,Eucalyptus fastigata,75,Rough,,19,,TRUE,2018-02/2018-07
SMWSFH10alt,Eli,150.192607747,-33.477934388,E. fas,Eucalyptus fastigata,75.3,Rough,,21.5,,TRUE,2018-02/2018-07
SMWSFH10alt,Eli,150.192607747,-33.477934388,E. oread,Eucalyptus oreades,10.5,Stocking,,3.05,,TRUE,2018-02/2018-07
SMWSFH10alt,Eli,150.192607747,-33.477934388,E. oread,Eucalyptus oreades,11.6,Stocking,,5,,TRUE,2018-02/2018-07
SMWSFH10alt,Eli,150.192607747,-33.477934388,E. oread,Eucalyptus oreades,22.2,Stocking,,13.5,,TRUE,2018-02/2018-07
SMWSFH10alt,Eli,150.192607747,-33.477934388,E. oread,Eucalyptus oreades,23.4,Stocking,,11,,TRUE,2018-02/2018-07
SMWSFH10alt,Eli,150.192607747,-33.477934388,E. oread,Eucalyptus oreades,30,Stocking,,12,,TRUE,2018-02/2018-07
SMWSFH10alt,Eli,150.192607747,-33.477934388,E. oread,Eucalyptus oreades,42.9,Stocking,,13,,TRUE,2018-02/2018-07
SMWSFH7,Eli,150.252612721,-33.525728254,E. cyp,Eucalyptus cypellocarpa,38,Stocking,,14,,TRUE,2018-02/2018-07
SMWSFH7,Eli,150.252612721,-33.525728254,E. cyp,Eucalyptus cypellocarpa,51,Stocking,,16,,TRUE,2018-02/2018-07
SMWSFH7,Eli,150.252612721,-33.525728254,E. cyp,Eucalyptus cypellocarpa,54,Stocking,,16.5,,TRUE,2018-02/2018-07
SMWSFH7,Eli,150.252612721,-33.525728254,E. cyp,Eucalyptus cypellocarpa,79,Stocking,,10.95,,TRUE,2018-02/2018-07
SMWSFH7,Eli,150.252612721,-33.525728254,E. cyp,Eucalyptus cypellocarpa,84,Stocking,,24,,TRUE,2018-02/2018-07
SMWSFH7,Eli,150.252612721,-33.525728254,E. cyp,Eucalyptus cypellocarpa,88,Stocking,,16.5,,TRUE,2018-02/2018-07
SMWSFH7,Eli,150.252612721,-33.525728254,E. cyp,Eucalyptus cypellocarpa,92,Stocking,,22,,TRUE,2018-02/2018-07
SMWSFH7,Eli,150.252612721,-33.525728254,E. cyp,Eucalyptus cypellocarpa,107,Stocking,,27.5,,TRUE,2018-02/2018-07
SMWSFH7,Eli,150.252612721,-33.525728254,E. glob,Eucalyptus globoidea,10.5,Stringy,,12.45,,TRUE,2018-02/2018-07
SMWSFH7,Eli,150.252612721,-33.525728254,E. glob,Eucalyptus globoidea,14.5,Stringy,,15.5,,TRUE,2018-02/2018-07
SMWSFH7,Eli,150.252612721,-33.525728254,E. glob,Eucalyptus globoidea,26.5,Stringy,,20.5,,TRUE,2018-02/2018-07
SMWSFH7,Eli,150.252612721,-33.525728254,E. glob,Eucalyptus globoidea,54,Stringy,,13,,TRUE,2018-02/2018-07
SMWSFH7,Eli,150.252612721,-33.525728254,E. pip,Eucalyptus piperita,16,Rough,,9.9,,TRUE,2018-02/2018-07
SMWSFH8,Eli,150.193501485,-33.477242426,E. blax,Eucalyptus blaxlandii,10.4,Stringy,,11.5,,TRUE,2018-02/2018-07
SMWSFH8,Eli,150.193501485,-33.477242426,E. oread,Eucalyptus oreades,34.5,Stocking,,4,,TRUE,2018-02/2018-07
SMWSFH8,Eli,150.193501485,-33.477242426,E. oread,Eucalyptus oreades,59,Stocking,,18.5,,TRUE,2018-02/2018-07
SMWSFH8,Eli,150.193501485,-33.477242426,E. oread,Eucalyptus oreades,63,Stocking,,14.5,,TRUE,2018-02/2018-07
SMWSFH8,Eli,150.193501485,-33.477242426,E. oread,Eucalyptus oreades,66,Stocking,,10.95,,TRUE,2018-02/2018-07
SMWSFH8,Eli,150.193501485,-33.477242426,E. oread,Eucalyptus oreades,72,Stocking,,24.5,,TRUE,2018-02/2018-07
SMWSFH8,Eli,150.193501485,-33.477242426,E. oread,Eucalyptus oreades,75.5,Stocking,,9.9,,TRUE,2018-02/2018-07
SMWSFH8,Eli,150.193501485,-33.477242426,E. oread,Eucalyptus oreades,76,Stocking,,12,,TRUE,2018-02/2018-07
SMWSFH8,Eli,150.193501485,-33.477242426,E. oread,Eucalyptus oreades,104,Stocking,,11.5,,TRUE,2018-02/2018-07
SMWSFH8,Eli,150.193501485,-33.477242426,E. pip,Eucalyptus piperita,34.2,Rough,,19.5,,TRUE,2018-02/2018-07
SMWSFH8,Eli,150.193501485,-33.477242426,E. pip,Eucalyptus piperita,37.5,Rough,,16,,TRUE,2018-02/2018-07
SMWSFH8,Eli,150.193501485,-33.477242426,E. pip,Eucalyptus piperita,40.3,Rough,,11,,TRUE,2018-02/2018-07
SMWSFH8,Eli,150.193501485,-33.477242426,E. pip,Eucalyptus piperita,43,Rough,,12.45,,TRUE,2018-02/2018-07
SMWSFH8,Eli,150.193501485,-33.477242426,E. pip,Eucalyptus piperita,63,Rough,,23,,TRUE,2018-02/2018-07
SMWSFH8,Eli,150.193501485,-33.477242426,E. rad,Eucalyptus radiata,18,Rough,,8,,TRUE,2018-02/2018-07
SMWSFH8,Eli,150.193501485,-33.477242426,E. rad,Eucalyptus radiata,27.5,Rough,,5,,TRUE,2018-02/2018-07
SMWSFL3,Eli,150.240392964,-33.569460955,E. blax,Eucalyptus blaxlandii,19.8,Stringy,,14.5,,TRUE,2018-02/2018-07
SMWSFL3,Eli,150.240392964,-33.569460955,E. blax,Eucalyptus blaxlandii,36,Stringy,,26.5,,TRUE,2018-02/2018-07
SMWSFL3,Eli,150.240392964,-33.569460955,E. cyp,Eucalyptus cypellocarpa,32.6,Stocking,,18.5,,TRUE,2018-02/2018-07
SMWSFL3,Eli,150.240392964,-33.569460955,E. cyp,Eucalyptus cypellocarpa,49.1,Stocking,,22,,TRUE,2018-02/2018-07
SMWSFL3,Eli,150.240392964,-33.569460955,E. cyp,Eucalyptus cypellocarpa,55.9,Stocking,,20.5,,TRUE,2018-02/2018-07
SMWSFL3,Eli,150.240392964,-33.569460955,E. cyp,Eucalyptus cypellocarpa,80,Stocking,,21,,TRUE,2018-02/2018-07
SMWSFL3,Eli,150.240392964,-33.569460955,E. cyp,Eucalyptus cypellocarpa,96,Stocking,,19.5,,TRUE,2018-02/2018-07
SMWSFL3,Eli,150.240392964,-33.569460955,E. oread,Eucalyptus oreades,38.5,Stocking,,15.5,,TRUE,2018-02/2018-07
SMWSFL3,Eli,150.240392964,-33.569460955,E. pip,Eucalyptus piperita,35.1,Rough,,13,,TRUE,2018-02/2018-07
SMWSFL3,Eli,150.240392964,-33.569460955,E. rad,Eucalyptus radiata,14.4,Rough,,9.45,,TRUE,2018-02/2018-07
SMWSFL3,Eli,150.240392964,-33.569460955,E. rad,Eucalyptus radiata,19.7,Rough,,11.5,,TRUE,2018-02/2018-07
SMWSFL3,Eli,150.240392964,-33.569460955,E. rad,Eucalyptus radiata,19.7,Rough,,14,,TRUE,2018-02/2018-07
SMWSFL3,Eli,150.240392964,-33.569460955,E. rad,Eucalyptus radiata,25.2,Rough,,67,,TRUE,2018-02/2018-07
SMWSFL3,Eli,150.240392964,-33.569460955,E. rad,Eucalyptus radiata,35.1,Rough,,10,,TRUE,2018-02/2018-07
SMWSFL3,Eli,150.240392964,-33.569460955,E. rad,Eucalyptus radiata,36.8,Rough,,11.5,,TRUE,2018-02/2018-07
SMWSFL3,Eli,150.240392964,-33.569460955,E. rad,Eucalyptus radiata,48.1,Rough,,13,,TRUE,2018-02/2018-07
WMDSFH1,Eli,150.674247686,-32.697736199,A. eury,Angophora costata,10.3,Smooth,,8,,TRUE,2018-02/2018-07
WMDSFH1,Eli,150.674247686,-32.697736199,A. eury,Angophora costata,12.1,Smooth,,8,,TRUE,2018-02/2018-07
WMDSFH1,Eli,150.674247686,-32.697736199,E. pip,Eucalyptus piperita,12,Rough,,10.45,,TRUE,2018-02/2018-07
WMDSFH1,Eli,150.674247686,-32.697736199,E. pip,Eucalyptus piperita,12.8,Rough,,5.5,,TRUE,2018-02/2018-07
WMDSFH1,Eli,150.674247686,-32.697736199,E. pip,Eucalyptus piperita,13.5,Rough,,7,,TRUE,2018-02/2018-07
WMDSFH1,Eli,150.674247686,-32.697736199,E. pip,Eucalyptus piperita,14.9,Rough,,9,,TRUE,2018-02/2018-07
WMDSFH1,Eli,150.674247686,-32.697736199,E. pip,Eucalyptus piperita,17.2,Rough,,8,,TRUE,2018-02/2018-07
WMDSFH1,Eli,150.674247686,-32.697736199,E. pip,Eucalyptus piperita,18.1,Rough,,11.45,,TRUE,2018-02/2018-07
WMDSFH1,Eli,150.674247686,-32.697736199,E. pip,Eucalyptus piperita,26.7,Rough,,15.5,,TRUE,2018-02/2018-07
WMDSFH1,Eli,150.674247686,-32.697736199,E. pip,Eucalyptus piperita,52.9,Rough,,13.5,,TRUE,2018-02/2018-07
WMDSFH1,Eli,150.674247686,-32.697736199,E. pip,Eucalyptus piperita,64.5,Rough,,7.95,,TRUE,2018-02/2018-07
WMDSFH1,Eli,150.674247686,-32.697736199,E. pip,Eucalyptus piperita,68,Rough,,13.5,,TRUE,2018-02/2018-07
WMDSFH1,Eli,150.674247686,-32.697736199,E. pip,Eucalyptus piperita,75.5,Rough,,11,,TRUE,2018-02/2018-07
WMDSFH1,Eli,150.674247686,-32.697736199,E. pip,Eucalyptus piperita,77,Rough,,11.45,,TRUE,2018-02/2018-07
WMDSFH1,Eli,150.674247686,-32.697736199,E. pip,Eucalyptus piperita,77.5,Rough,,12.45,,TRUE,2018-02/2018-07
WMDSFH1,Eli,150.674247686,-32.697736199,E. pip,Eucalyptus piperita,79,Rough,,11,,TRUE,2018-02/2018-07
WMDSFH1,Eli,150.674247686,-32.697736199,E. punc,Eucalyptus punctata,11.5,Smooth,,9.45,,TRUE,2018-02/2018-07
WMDSFH1,Eli,150.674247686,-32.697736199,E. punc,Eucalyptus punctata,29.6,Smooth,,5,,TRUE,2018-02/2018-07
WMDSFH1,Eli,150.674247686,-32.697736199,E. spar,Eucalyptus sparsifolia,12.4,Stringy,,10.5,,TRUE,2018-02/2018-07
WMDSFH1,Eli,150.674247686,-32.697736199,E. spar,Eucalyptus sparsifolia,58.3,Stringy,,8.45,,TRUE,2018-02/2018-07
WMDSFH6,Eli,150.720668041,-32.674411958,A. eury,Angophora costata,14.5,Smooth,,3.05,,TRUE,2018-02/2018-07
WMDSFH6,Eli,150.720668041,-32.674411958,A. eury,Angophora costata,21.1,Smooth,,7,,TRUE,2018-02/2018-07
WMDSFH6,Eli,150.720668041,-32.674411958,E. beye,Eucalyptus beyeriana,24.8,Ironbark,,27,,TRUE,2018-02/2018-07
WMDSFH6,Eli,150.720668041,-32.674411958,E. beye,Eucalyptus beyeriana,47.9,Ironbark,,50,,TRUE,2018-02/2018-07
WMDSFH6,Eli,150.720668041,-32.674411958,E. beye,Eucalyptus beyeriana,51,Ironbark,,25.05,,TRUE,2018-02/2018-07
WMDSFH6,Eli,150.720668041,-32.674411958,E. punc,Eucalyptus punctata,21.1,Smooth,,11.95,,TRUE,2018-02/2018-07
WMDSFH6,Eli,150.720668041,-32.674411958,E. punc,Eucalyptus punctata,21.5,Smooth,,11.45,,TRUE,2018-02/2018-07
WMDSFH6,Eli,150.720668041,-32.674411958,E. punc,Eucalyptus punctata,30.2,Smooth,,10.45,,TRUE,2018-02/2018-07
WMDSFH6,Eli,150.720668041,-32.674411958,E. punc,Eucalyptus punctata,32,Smooth,,12,,TRUE,2018-02/2018-07
WMDSFH6,Eli,150.720668041,-32.674411958,E. punc,Eucalyptus punctata,38.1,Smooth,,13.5,,TRUE,2018-02/2018-07
WMDSFH6,Eli,150.720668041,-32.674411958,E. punc,Eucalyptus punctata,40.5,Smooth,,15.5,,TRUE,2018-02/2018-07
WMDSFH6,Eli,150.720668041,-32.674411958,E. punc,Eucalyptus punctata,41.1,Smooth,,13.5,,TRUE,2018-02/2018-07
WMDSFH6,Eli,150.720668041,-32.674411958,E. punc,Eucalyptus punctata,41.5,Smooth,,21,,TRUE,2018-02/2018-07
WMDSFH6,Eli,150.720668041,-32.674411958,E. punc,Eucalyptus punctata,65.1,Smooth,,21.5,,TRUE,2018-02/2018-07
WMDSFH6,Eli,150.720668041,-32.674411958,E. spar,Eucalyptus sparsifolia,10.9,Stringy,,10.45,,TRUE,2018-02/2018-07
WMDSFH6,Eli,150.720668041,-32.674411958,E. spar,Eucalyptus sparsifolia,24.5,Stringy,,12.5,,TRUE,2018-02/2018-07
WMDSFH6,Eli,150.720668041,-32.674411958,E. spar,Eucalyptus sparsifolia,47.4,Stringy,,14.5,,TRUE,2018-02/2018-07
WMDSFH6,Eli,150.720668041,-32.674411958,E. spar,Eucalyptus sparsifolia,54.7,Stringy,,13.5,,TRUE,2018-02/2018-07
WMDSFH6,Eli,150.720668041,-32.674411958,E. spar,Eucalyptus sparsifolia,55,Stringy,,10,,TRUE,2018-02/2018-07
WMDSFH7,Eli,150.723672179,-32.661065972,A. flor,Angophora floribunda,20.6,Rough,,7.05,,TRUE,2018-02/2018-07
WMDSFH7,Eli,150.723672179,-32.661065972,E. beye,Eucalyptus beyeriana,15.3,Ironbark,,17,,TRUE,2018-02/2018-07
WMDSFH7,Eli,150.723672179,-32.661065972,E. beye,Eucalyptus beyeriana,17.7,Ironbark,,34,,TRUE,2018-02/2018-07
WMDSFH7,Eli,150.723672179,-32.661065972,E. beye,Eucalyptus beyeriana,20.4,Ironbark,,27,,TRUE,2018-02/2018-07
WMDSFH7,Eli,150.723672179,-32.661065972,E. beye,Eucalyptus beyeriana,20.6,Ironbark,,28.5,,TRUE,2018-02/2018-07
WMDSFH7,Eli,150.723672179,-32.661065972,E. beye,Eucalyptus beyeriana,21.7,Ironbark,,39.5,,TRUE,2018-02/2018-07
WMDSFH7,Eli,150.723672179,-32.661065972,E. beye,Eucalyptus beyeriana,24.4,Ironbark,,37.5,,TRUE,2018-02/2018-07
WMDSFH7,Eli,150.723672179,-32.661065972,E. beye,Eucalyptus beyeriana,24.9,Ironbark,,25,,TRUE,2018-02/2018-07
WMDSFH7,Eli,150.723672179,-32.661065972,E. beye,Eucalyptus beyeriana,25.2,Ironbark,,50,,TRUE,2018-02/2018-07
WMDSFH7,Eli,150.723672179,-32.661065972,E. beye,Eucalyptus beyeriana,26,Ironbark,,30,,TRUE,2018-02/2018-07
WMDSFH7,Eli,150.723672179,-32.661065972,E. beye,Eucalyptus beyeriana,26.2,Ironbark,,47.5,,TRUE,2018-02/2018-07
WMDSFH7,Eli,150.723672179,-32.661065972,E. beye,Eucalyptus beyeriana,26.4,Ironbark,,30,,TRUE,2018-02/2018-07
WMDSFH7,Eli,150.723672179,-32.661065972,E. beye,Eucalyptus beyeriana,26.5,Ironbark,,50,,TRUE,2018-02/2018-07
WMDSFH7,Eli,150.723672179,-32.661065972,E. beye,Eucalyptus beyeriana,27.2,Ironbark,,32.5,,TRUE,2018-02/2018-07
WMDSFH7,Eli,150.723672179,-32.661065972,E. beye,Eucalyptus beyeriana,28.2,Ironbark,,26.5,,TRUE,2018-02/2018-07
WMDSFH7,Eli,150.723672179,-32.661065972,E. beye,Eucalyptus beyeriana,28.2,Ironbark,,50,,TRUE,2018-02/2018-07
WMDSFH7,Eli,150.723672179,-32.661065972,E. beye,Eucalyptus beyeriana,29,Ironbark,,50,,TRUE,2018-02/2018-07
WMDSFH7,Eli,150.723672179,-32.661065972,E. beye,Eucalyptus beyeriana,32.9,Ironbark,,50,,TRUE,2018-02/2018-07
WMDSFH7,Eli,150.723672179,-32.661065972,E. beye,Eucalyptus beyeriana,36.5,Ironbark,,50,,TRUE,2018-02/2018-07
WMDSFH7,Eli,150.723672179,-32.661065972,E. beye,Eucalyptus beyeriana,41,Ironbark,,40,,TRUE,2018-02/2018-07
WMDSFH7,Eli,150.723672179,-32.661065972,E. beye,Eucalyptus beyeriana,62.1,Ironbark,,100,,TRUE,2018-02/2018-07
WMDSFH7,Eli,150.723672179,-32.661065972,E. punc,Eucalyptus punctata,14,Smooth,,3.05,,TRUE,2018-02/2018-07
WMDSFH7,Eli,150.723672179,-32.661065972,E. punc,Eucalyptus punctata,29.1,Smooth,,18,,TRUE,2018-02/2018-07
WMDSFH7,Eli,150.723672179,-32.661065972,E. punc,Eucalyptus punctata,36.7,Smooth,,20,,TRUE,2018-02/2018-07
WMDSFH7,Eli,150.723672179,-32.661065972,E. punc,Eucalyptus punctata,37.9,Smooth,,23,,TRUE,2018-02/2018-07
WMDSFH7,Eli,150.723672179,-32.661065972,E. spar,Eucalyptus sparsifolia,41.5,Stringy,,16.5,,TRUE,2018-02/2018-07
WMDSFH7,Eli,150.723672179,-32.661065972,E. spar,Eucalyptus sparsifolia,66,Stringy,,10,,TRUE,2018-02/2018-07
WMDSFLN1,Eli,150.591383171,-32.734594892,A. eury,Angophora costata,12.3,Smooth,,12.5,,TRUE,2018-02/2018-07
WMDSFLN1,Eli,150.591383171,-32.734594892,A. eury,Angophora costata,16.5,Smooth,,6,,TRUE,2018-02/2018-07
WMDSFLN1,Eli,150.591383171,-32.734594892,A. eury,Angophora costata,22.5,Smooth,,12.5,,TRUE,2018-02/2018-07
WMDSFLN1,Eli,150.591383171,-32.734594892,A. eury,Angophora costata,30,Smooth,,7.5,,TRUE,2018-02/2018-07
WMDSFLN1,Eli,150.591383171,-32.734594892,A. eury,Angophora costata,32.5,Smooth,,9.9,,TRUE,2018-02/2018-07
WMDSFLN1,Eli,150.591383171,-32.734594892,A. eury,Angophora costata,41.1,Smooth,,12.5,,TRUE,2018-02/2018-07
WMDSFLN1,Eli,150.591383171,-32.734594892,E. cons,Eucalyptus consideniana,10.4,Rough,,6,,TRUE,2018-02/2018-07
WMDSFLN1,Eli,150.591383171,-32.734594892,E. cons,Eucalyptus consideniana,15.2,Rough,,9,,TRUE,2018-02/2018-07
WMDSFLN1,Eli,150.591383171,-32.734594892,E. cons,Eucalyptus consideniana,21.6,Rough,,11.5,,TRUE,2018-02/2018-07
WMDSFLN1,Eli,150.591383171,-32.734594892,E. cons,Eucalyptus consideniana,23.3,Rough,,10,,TRUE,2018-02/2018-07
WMDSFLN1,Eli,150.591383171,-32.734594892,E. cons,Eucalyptus consideniana,24.6,Rough,,9,,TRUE,2018-02/2018-07
WMDSFLN1,Eli,150.591383171,-32.734594892,E. cons,Eucalyptus consideniana,27.5,Rough,,7.45,,TRUE,2018-02/2018-07
WMDSFLN1,Eli,150.591383171,-32.734594892,E. cons,Eucalyptus consideniana,27.7,Rough,,11.45,,TRUE,2018-02/2018-07
WMDSFLN1,Eli,150.591383171,-32.734594892,E. cons,Eucalyptus consideniana,33.7,Rough,,13.5,,TRUE,2018-02/2018-07
WMDSFLN1,Eli,150.591383171,-32.734594892,E. cons,Eucalyptus consideniana,40,Rough,,0.1,,TRUE,2018-02/2018-07
WMDSFLN1,Eli,150.591383171,-32.734594892,E. cons,Eucalyptus consideniana,40,Rough,,12.95,,TRUE,2018-02/2018-07
WMDSFLN1,Eli,150.591383171,-32.734594892,E. punc,Eucalyptus punctata,30.3,Smooth,,14,,TRUE,2018-02/2018-07
WMDSFLN1,Eli,150.591383171,-32.734594892,E. spar,Eucalyptus sparsifolia,12.7,Stringy,,7,,TRUE,2018-02/2018-07
WMDSFLN1,Eli,150.591383171,-32.734594892,E. spar,Eucalyptus sparsifolia,13.2,Stringy,,4.05,,TRUE,2018-02/2018-07
WMDSFLN1,Eli,150.591383171,-32.734594892,E. spar,Eucalyptus sparsifolia,13.2,Stringy,,6,,TRUE,2018-02/2018-07
WMDSFLN1,Eli,150.591383171,-32.734594892,E. spar,Eucalyptus sparsifolia,25.2,Stringy,,9.45,,TRUE,2018-02/2018-07
WMDSFLN1,Eli,150.591383171,-32.734594892,E. spar,Eucalyptus sparsifolia,26.1,Stringy,,11.5,,TRUE,2018-02/2018-07
WMDSFLN1,Eli,150.591383171,-32.734594892,E. spar,Eucalyptus sparsifolia,26.9,Stringy,,11.5,,TRUE,2018-02/2018-07
WMDSFLN1,Eli,150.591383171,-32.734594892,E. spar,Eucalyptus sparsifolia,27.1,Stringy,,13,,TRUE,2018-02/2018-07
WMDSFLN1,Eli,150.591383171,-32.734594892,E. spar,Eucalyptus sparsifolia,28.4,Stringy,,11.95,,TRUE,2018-02/2018-07
WMDSFLN1,Eli,150.591383171,-32.734594892,E. spar,Eucalyptus sparsifolia,28.9,Stringy,,9.45,,TRUE,2018-02/2018-07
WMDSFLN1,Eli,150.591383171,-32.734594892,E. spar,Eucalyptus sparsifolia,31.7,Stringy,,15,,TRUE,2018-02/2018-07
WMDSFLN1,Eli,150.591383171,-32.734594892,E. spar,Eucalyptus sparsifolia,34.4,Stringy,,13.5,,TRUE,2018-02/2018-07
WMDSFLN1,Eli,150.591383171,-32.734594892,E. spar,Eucalyptus sparsifolia,36.1,Stringy,,22,,TRUE,2018-02/2018-07
WMDSFLN1,Eli,150.591383171,-32.734594892,E. spar,Eucalyptus sparsifolia,44.8,Stringy,,10.95,,TRUE,2018-02/2018-07
WMDSFLN1,Eli,150.591383171,-32.734594892,E. spar,Eucalyptus sparsifolia,44.9,Stringy,,14,,TRUE,2018-02/2018-07
WMDSFLN1,Eli,150.591383171,-32.734594892,E. spar,Eucalyptus sparsifolia,49.4,Stringy,,20.5,,TRUE,2018-02/2018-07
WMWSFH10,Eli,150.73349467,-32.660486326,A. flor,Angophora floribunda,24.4,Rough,,19,,TRUE,2018-02/2018-07
WMWSFH10,Eli,150.73349467,-32.660486326,E. dean,Eucalyptus deanei,88.9,Smooth,,13.5,,TRUE,2018-02/2018-07
WMWSFH10,Eli,150.73349467,-32.660486326,E. dean,Eucalyptus deanei,136.2,Smooth,,14.5,,TRUE,2018-02/2018-07
WMWSFH10,Eli,150.73349467,-32.660486326,E. salig,Eucalyptus saligna,75.4,Stocking,,16.5,,TRUE,2018-02/2018-07
WMWSFH10,Eli,150.73349467,-32.660486326,E. salig,Eucalyptus saligna,79.2,Stocking,,12.45,,TRUE,2018-02/2018-07
WMWSFH11,Eli,150.726006944,-32.658538222,A. flor,Angophora floribunda,10,Rough,,13.5,,TRUE,2018-02/2018-07
WMWSFH11,Eli,150.726006944,-32.658538222,A. flor,Angophora floribunda,18.7,Rough,,16.5,,TRUE,2018-02/2018-07
WMWSFH11,Eli,150.726006944,-32.658538222,A. flor,Angophora floribunda,36.3,Rough,,21,,TRUE,2018-02/2018-07
WMWSFH11,Eli,150.726006944,-32.658538222,A. flor,Angophora floribunda,49.7,Rough,,12.45,,TRUE,2018-02/2018-07
WMWSFH11,Eli,150.726006944,-32.658538222,E. dean,Eucalyptus deanei,17.7,Smooth,,8,,TRUE,2018-02/2018-07
WMWSFH11,Eli,150.726006944,-32.658538222,E. dean,Eucalyptus deanei,24.4,Smooth,,9,,TRUE,2018-02/2018-07
WMWSFH11,Eli,150.726006944,-32.658538222,E. dean,Eucalyptus deanei,38.1,Smooth,,15,,TRUE,2018-02/2018-07
WMWSFH11,Eli,150.726006944,-32.658538222,E. dean,Eucalyptus deanei,39.8,Smooth,,16,,TRUE,2018-02/2018-07
WMWSFH11,Eli,150.726006944,-32.658538222,E. dean,Eucalyptus deanei,45.2,Smooth,,12.5,,TRUE,2018-02/2018-07
WMWSFH11,Eli,150.726006944,-32.658538222,E. dean,Eucalyptus deanei,57.6,Smooth,,16,,TRUE,2018-02/2018-07
WMWSFH11,Eli,150.726006944,-32.658538222,E. dean,Eucalyptus deanei,64.7,Smooth,,15,,TRUE,2018-02/2018-07
WMWSFH11,Eli,150.726006944,-32.658538222,E. dean,Eucalyptus deanei,66,Smooth,,15,,TRUE,2018-02/2018-07
WMWSFH11,Eli,150.726006944,-32.658538222,E. dean,Eucalyptus deanei,71,Smooth,,18,,TRUE,2018-02/2018-07
WMWSFH11,Eli,150.726006944,-32.658538222,E. dean,Eucalyptus deanei,79,Smooth,,20,,TRUE,2018-02/2018-07
WMWSFH11,Eli,150.726006944,-32.658538222,E. dean,Eucalyptus deanei,138,Smooth,,15.5,,TRUE,2018-02/2018-07
WMWSFH12,Eli,150.735103765,-32.653751958,A. flor,Angophora floribunda,14.9,Rough,,6.5,,TRUE,2018-02/2018-07
WMWSFH12,Eli,150.735103765,-32.653751958,A. flor,Angophora floribunda,109.3,Rough,,18,,TRUE,2018-02/2018-07
WMWSFH12,Eli,150.735103765,-32.653751958,E. dean,Eucalyptus deanei,93.6,Smooth,,18,,TRUE,2018-02/2018-07
WMWSFH12,Eli,150.735103765,-32.653751958,E. dean,Eucalyptus deanei,96,Smooth,,10,,TRUE,2018-02/2018-07
WMWSFH12,Eli,150.735103765,-32.653751958,E. dean,Eucalyptus deanei,101.1,Smooth,,15.5,,TRUE,2018-02/2018-07
WMWSFH12,Eli,150.735103765,-32.653751958,E. dean,Eucalyptus deanei,107.3,Smooth,,11,,TRUE,2018-02/2018-07
WMWSFH12,Eli,150.735103765,-32.653751958,E. dean,Eucalyptus deanei,121.2,Smooth,,13.5,,TRUE,2018-02/2018-07
WMWSFH12,Eli,150.735103765,-32.653751958,E. salig,Eucalyptus saligna,142.3,Stocking,,14.5,,TRUE,2018-02/2018-07
WMWSFH13,Eli,150.741159199,-32.657116601,E. dean,Eucalyptus deanei,62.5,Smooth,,11,,TRUE,2018-02/2018-07
WMWSFH13,Eli,150.741159199,-32.657116601,E. dean,Eucalyptus deanei,112,Smooth,,16,,TRUE,2018-02/2018-07
WMWSFH13,Eli,150.741159199,-32.657116601,E. dean,Eucalyptus deanei,133,Smooth,,14.5,,TRUE,2018-02/2018-07
WMWSFH13,Eli,150.741159199,-32.657116601,E. dean,Eucalyptus deanei,153,Smooth,,11,,TRUE,2018-02/2018-07
WMWSFH13,Eli,150.741159199,-32.657116601,E. dean,Eucalyptus deanei,255,Smooth,,13.5,,TRUE,2018-02/2018-07
WMWSFH13,Eli,150.741159199,-32.657116601,E. salig,Eucalyptus saligna,64.5,Stocking,,24.5,,TRUE,2018-02/2018-07
WMWSFL6,Eli,150.592169412,-32.730353776,A. cost,Angophora costata,42,Smooth,,9.9,,TRUE,2018-02/2018-07
WMWSFL6,Eli,150.592169412,-32.730353776,A. cost,Angophora costata,57,Smooth,,10.45,,TRUE,2018-02/2018-07
WMWSFL6,Eli,150.592169412,-32.730353776,A. flor,Angophora floribunda,41,Rough,,25,,TRUE,2018-02/2018-07
WMWSFL6,Eli,150.592169412,-32.730353776,A. flor,Angophora floribunda,67.5,Rough,,,,TRUE,2018-02/2018-07
WMWSFL6,Eli,150.592169412,-32.730353776,E. salig,Eucalyptus saligna,10.5,Stocking,,5,,TRUE,2018-02/2018-07
WMWSFL6,Eli,150.592169412,-32.730353776,E. salig,Eucalyptus saligna,11,Stocking,,4,,TRUE,2018-02/2018-07
WMWSFL6,Eli,150.592169412,-32.730353776,E. salig,Eucalyptus saligna,12,Stocking,,4,,TRUE,2018-02/2018-07
WMWSFL6,Eli,150.592169412,-32.730353776,E. salig,Eucalyptus saligna,13.5,Stocking,,4.5,,TRUE,2018-02/2018-07
WMWSFL6,Eli,150.592169412,-32.730353776,E. salig,Eucalyptus saligna,15,Stocking,,4.5,,TRUE,2018-02/2018-07
WMWSFL6,Eli,150.592169412,-32.730353776,E. salig,Eucalyptus saligna,15,Stocking,,9,,TRUE,2018-02/2018-07
WMWSFL6,Eli,150.592169412,-32.730353776,E. salig,Eucalyptus saligna,16,Stocking,,4,,TRUE,2018-02/2018-07
WMWSFL6,Eli,150.592169412,-32.730353776,E. salig,Eucalyptus saligna,21.5,Stocking,,6.5,,TRUE,2018-02/2018-07
WMWSFL6,Eli,150.592169412,-32.730353776,E. salig,Eucalyptus saligna,24.5,Stocking,,8.5,,TRUE,2018-02/2018-07
WMWSFL6,Eli,150.592169412,-32.730353776,E. salig,Eucalyptus saligna,32.5,Stocking,,9.9,,TRUE,2018-02/2018-07
WMWSFL6,Eli,150.592169412,-32.730353776,E. salig,Eucalyptus saligna,69.5,Stocking,,10.45,,TRUE,2018-02/2018-07
WMWSFL6,Eli,150.592169412,-32.730353776,E. salig,Eucalyptus saligna,134,Stocking,,10.45,,TRUE,2018-02/2018-07
WMWSFL6,Eli,150.592169412,-32.730353776,E. salig,Eucalyptus saligna,158,Stocking,,13,,TRUE,2018-02/2018-07
Wongarra Gully,Harriet,150.343056,-33.570833,E_piperita,Eucalyptus piperita,12.5,Rough,,27.41,,TRUE,2019-08/2021-06
Wongarra Gully,Harriet,150.343056,-33.570833,E_piperita,Eucalyptus piperita,22,Rough,Rough,26.01,0.15213098833030064,TRUE,2019-08/2021-06
Wongarra Gully,Harriet,150.343056,-33.570833,E_piperita,Eucalyptus piperita,24.8,Rough,Rough,34.96,0.3319176871752135,TRUE,2019-08/2021-06
Wongarra Gully,Harriet,150.343056,-33.570833,E_piperita,Eucalyptus piperita,29.1,Rough,Rough,35.56,0.11247563234909448,TRUE,2019-08/2021-06
Wongarra Gully,Harriet,150.343056,-33.570833,E_piperita,Eucalyptus piperita,32.4,Rough,Rough,27.0767,0.08832092630946119,TRUE,2019-08/2021-06
Wongarra Gully,Harriet,150.343056,-33.570833,E_piperita,Eucalyptus piperita,34.8,Rough,Rough,35.11,0.12051807981577894,TRUE,2019-08/2021-06
Wongarra Gully,Harriet,150.343056,-33.570833,E_piperita,Eucalyptus piperita,35.8,Rough,Rough,33.21,0.07068618177116379,TRUE,2019-08/2021-06
Wongarra Gully,Harriet,150.343056,-33.570833,E_piperita,Eucalyptus piperita,36.2,Rough,,29.3433,,TRUE,2019-08/2021-06
Wongarra Gully,Harriet,150.343056,-33.570833,E_piperita,Eucalyptus piperita,49,Rough,Rough,74.6433,0.06075,TRUE,2019-08/2021-06
Wongarra Gully,Harriet,150.343056,-33.570833,E_piperita,Eucalyptus piperita,50.8,Rough,Rough,38.11,0.10525000000000001,TRUE,2019-08/2021-06
Wongarra Gully,Harriet,150.343056,-33.570833,E_racemosa,Eucalyptus racemosa,12.4,Smooth,Smooth,22.81,0.38829787234042556,TRUE,2019-08/2021-06
Wongarra Gully,Harriet,150.343056,-33.570833,E_racemosa,Eucalyptus racemosa,20.3,Smooth,Smooth,27.41,0.4160747663551401,TRUE,2019-08/2021-06
Wongarra Gully,Harriet,150.343056,-33.570833,E_racemosa,Eucalyptus racemosa,26.2,Smooth,Smooth,26.26,0.46278846153846154,TRUE,2019-08/2021-06
Wongarra Gully,Harriet,150.343056,-33.570833,E_racemosa,Eucalyptus racemosa,27.8,Smooth,Smooth,29.96,0.3886363636363636,TRUE,2019-08/2021-06
Wongarra Gully,Harriet,150.343056,-33.570833,E_racemosa,Eucalyptus racemosa,32.4,Smooth,Smooth,31.81,0.34344827586206894,TRUE,2019-08/2021-06
Wongarra Gully,Harriet,150.343056,-33.570833,E_racemosa,Eucalyptus racemosa,37.2,Smooth,Smooth,27.9767,0.42607142857142855,TRUE,2019-08/2021-06
Wongarra Gully,Harriet,150.343056,-33.570833,E_racemosa,Eucalyptus racemosa,46.6,Smooth,Smooth,27.4433,0.43429303698843597,TRUE,2019-08/2021-06
Wongarra Ridge,Harriet,150.341111,-33.57,E_racemosa,Eucalyptus racemosa,15.7,Smooth,Smooth,24.26,0.42714285714285716,TRUE,2019-08/2021-06
Wongarra Ridge,Harriet,150.341111,-33.57,E_racemosa,Eucalyptus racemosa,17.1,Smooth,Smooth,30.46,0.37385321100917424,TRUE,2019-08/2021-06
Wongarra Ridge,Harriet,150.341111,-33.57,E_racemosa,Eucalyptus racemosa,24,Smooth,Smooth,26.06,0.49631854838709677,TRUE,2019-08/2021-06
Wongarra Ridge,Harriet,150.341111,-33.57,E_racemosa,Eucalyptus racemosa,24.3,Smooth,Smooth,22.01,0.44402234636871507,TRUE,2019-08/2021-06
Wongarra Ridge,Harriet,150.341111,-33.57,E_racemosa,Eucalyptus racemosa,31.4,Smooth,Smooth,25.61,0.4752023121387284,TRUE,2019-08/2021-06
Wongarra Ridge,Harriet,150.341111,-33.57,E_racemosa,Eucalyptus racemosa,32.3,Smooth,Smooth,29.1767,0.443763440860215,TRUE,2019-08/2021-06
Wongarra Ridge,Harriet,150.341111,-33.57,E_racemosa,Eucalyptus racemosa,34.2,Smooth,Smooth,27.3767,0.43,TRUE,2019-08/2021-06
Wongarra Ridge,Harriet,150.341111,-33.57,E_racemosa,Eucalyptus racemosa,41,Smooth,Smooth,28.2433,0.5231124084249084,TRUE,2019-08/2021-06
Wongarra Ridge,Harriet,150.341111,-33.57,E_racemosa,Eucalyptus racemosa,42.4,Smooth,Smooth,24.9767,0.45605434039644566,TRUE,2019-08/2021-06
Wongarra Ridge,Harriet,150.341111,-33.57,E_racemosa,Eucalyptus racemosa,58.9,Smooth,Smooth,31.4433,0.47076530039303766,TRUE,2019-08/2021-06
Wongarra Ridge,Harriet,150.341111,-33.57,E_sieberi,Eucalyptus sieberi,13,Rough,Rough,24.31,0.26086767838198655,TRUE,2019-08/2021-06
Wongarra Ridge,Harriet,150.341111,-33.57,E_sieberi,Eucalyptus sieberi,15,Rough,Rough,32.91,0.11412359337885888,TRUE,2019-08/2021-06
Wongarra Ridge,Harriet,150.341111,-33.57,E_sieberi,Eucalyptus sieberi,15.9,Rough,Rough,29.86,0.2009046287158477,TRUE,2019-08/2021-06
Wongarra Ridge,Harriet,150.341111,-33.57,E_sieberi,Eucalyptus sieberi,18.4,Rough,Rough,18.51,0.7565748034697393,TRUE,2019-08/2021-06
Wongarra Ridge,Harriet,150.341111,-33.57,E_sieberi,Eucalyptus sieberi,19.9,Rough,,21.06,,TRUE,2019-08/2021-06
Wongarra Ridge,Harriet,150.341111,-33.57,E_sieberi,Eucalyptus sieberi,19.9,Rough,,29.11,,TRUE,2019-08/2021-06
Wongarra Ridge,Harriet,150.341111,-33.57,E_sieberi,Eucalyptus sieberi,21.2,Rough,Rough,37.31,0.21944542568271674,TRUE,2019-08/2021-06
Wongarra Ridge,Harriet,150.341111,-33.57,E_sieberi,Eucalyptus sieberi,23.1,Rough,Rough,34.56,3.19295823681303,TRUE,2019-08/2021-06
Wongarra Ridge,Harriet,150.341111,-33.57,E_sieberi,Eucalyptus sieberi,26.1,Rough,Rough,39.21,0.24047634830288464,TRUE,2019-08/2021-06
Wongarra Ridge,Harriet,150.341111,-33.57,E_sieberi,Eucalyptus sieberi,36.1,Rough,Rough,48.3433,0.19213221825014026,TRUE,2019-08/2021-06
YGDSFH12,Eli,150.771028956,-33.089528283,C. exim,Corymbia eximia,15.1,Rough,,23.5,,TRUE,2018-02/2018-07
YGDSFH12,Eli,150.771028956,-33.089528283,C. exim,Corymbia eximia,16.5,Rough,,13.5,,TRUE,2018-02/2018-07
YGDSFH12,Eli,150.771028956,-33.089528283,C. exim,Corymbia eximia,22.4,Rough,,17.5,,TRUE,2018-02/2018-07
YGDSFH12,Eli,150.771028956,-33.089528283,C. exim,Corymbia eximia,26.9,Rough,,9,,TRUE,2018-02/2018-07
YGDSFH12,Eli,150.771028956,-33.089528283,C. exim,Corymbia eximia,47.5,Rough,,24.5,,TRUE,2018-02/2018-07
YGDSFH12,Eli,150.771028956,-33.089528283,C. gumm,Corymbia gummifera,10,Rough,,22.5,,TRUE,2018-02/2018-07
YGDSFH12,Eli,150.771028956,-33.089528283,C. gumm,Corymbia gummifera,19.8,Rough,,22,,TRUE,2018-02/2018-07
YGDSFH12,Eli,150.771028956,-33.089528283,C. gumm,Corymbia gummifera,20.3,Rough,,23.5,,TRUE,2018-02/2018-07
YGDSFH12,Eli,150.771028956,-33.089528283,C. gumm,Corymbia gummifera,24.5,Rough,,21.5,,TRUE,2018-02/2018-07
YGDSFH12,Eli,150.771028956,-33.089528283,C. gumm,Corymbia gummifera,28,Rough,,18,,TRUE,2018-02/2018-07
YGDSFH12,Eli,150.771028956,-33.089528283,C. gumm,Corymbia gummifera,28.6,Rough,,16.5,,TRUE,2018-02/2018-07
YGDSFH12,Eli,150.771028956,-33.089528283,C. gumm,Corymbia gummifera,29.4,Rough,,21,,TRUE,2018-02/2018-07
YGDSFH12,Eli,150.771028956,-33.089528283,C. gumm,Corymbia gummifera,42.1,Rough,,23,,TRUE,2018-02/2018-07
YGDSFH12,Eli,150.771028956,-33.089528283,C. gumm,Corymbia gummifera,43.4,Rough,,35.5,,TRUE,2018-02/2018-07
YGDSFH12,Eli,150.771028956,-33.089528283,C. gumm,Corymbia gummifera,45.5,Rough,,22.5,,TRUE,2018-02/2018-07
YGDSFH12,Eli,150.771028956,-33.089528283,C. gumm,Corymbia gummifera,46.5,Rough,,20,,TRUE,2018-02/2018-07
YGDSFH12,Eli,150.771028956,-33.089528283,C. gumm,Corymbia gummifera,51.1,Rough,,27.5,,TRUE,2018-02/2018-07
YGDSFH12,Eli,150.771028956,-33.089528283,C. gumm,Corymbia gummifera,63.2,Rough,,27,,TRUE,2018-02/2018-07
YGDSFH12,Eli,150.771028956,-33.089528283,E. spar,Eucalyptus sparsifolia,10.5,Stringy,,9.9,,TRUE,2018-02/2018-07
YGDSFH12,Eli,150.771028956,-33.089528283,E. spar,Eucalyptus sparsifolia,16.2,Stringy,,15.5,,TRUE,2018-02/2018-07
YGDSFH12,Eli,150.771028956,-33.089528283,E. spar,Eucalyptus sparsifolia,34.3,Stringy,,15,,TRUE,2018-02/2018-07
YGDSFH12,Eli,150.771028956,-33.089528283,E. spar,Eucalyptus sparsifolia,37.2,Stringy,,15,,TRUE,2018-02/2018-07
YGDSFH3,Eli,150.784226212,-33.091251541,C. exim,Corymbia eximia,10,Rough,,11.45,,TRUE,2018-02/2018-07
YGDSFH3,Eli,150.784226212,-33.091251541,C. exim,Corymbia eximia,25.5,Rough,,17,,TRUE,2018-02/2018-07
YGDSFH3,Eli,150.784226212,-33.091251541,C. exim,Corymbia eximia,29.6,Rough,,17,,TRUE,2018-02/2018-07
YGDSFH3,Eli,150.784226212,-33.091251541,C. exim,Corymbia eximia,30.8,Rough,,10,,TRUE,2018-02/2018-07
YGDSFH3,Eli,150.784226212,-33.091251541,C. gumm,Corymbia gummifera,15.1,Rough,,19,,TRUE,2018-02/2018-07
YGDSFH3,Eli,150.784226212,-33.091251541,C. gumm,Corymbia gummifera,17.3,Rough,,17,,TRUE,2018-02/2018-07
YGDSFH3,Eli,150.784226212,-33.091251541,C. gumm,Corymbia gummifera,18.6,Rough,,0.1,,TRUE,2018-02/2018-07
YGDSFH3,Eli,150.784226212,-33.091251541,C. gumm,Corymbia gummifera,25.6,Rough,,23.5,,TRUE,2018-02/2018-07
YGDSFH3,Eli,150.784226212,-33.091251541,C. gumm,Corymbia gummifera,26.3,Rough,,25.5,,TRUE,2018-02/2018-07
YGDSFH3,Eli,150.784226212,-33.091251541,C. gumm,Corymbia gummifera,26.8,Rough,,27.5,,TRUE,2018-02/2018-07
YGDSFH3,Eli,150.784226212,-33.091251541,C. gumm,Corymbia gummifera,28,Rough,,29.5,,TRUE,2018-02/2018-07
YGDSFH3,Eli,150.784226212,-33.091251541,C. gumm,Corymbia gummifera,29,Rough,,25,,TRUE,2018-02/2018-07
YGDSFH3,Eli,150.784226212,-33.091251541,C. gumm,Corymbia gummifera,30.7,Rough,,21,,TRUE,2018-02/2018-07
YGDSFH3,Eli,150.784226212,-33.091251541,C. gumm,Corymbia gummifera,32.4,Rough,,23,,TRUE,2018-02/2018-07
YGDSFH3,Eli,150.784226212,-33.091251541,C. gumm,Corymbia gummifera,34,Rough,,22,,TRUE,2018-02/2018-07
YGDSFH3,Eli,150.784226212,-33.091251541,C. gumm,Corymbia gummifera,35.6,Rough,,23,,TRUE,2018-02/2018-07
YGDSFH3,Eli,150.784226212,-33.091251541,C. gumm,Corymbia gummifera,41.5,Rough,,22.5,,TRUE,2018-02/2018-07
YGDSFH3,Eli,150.784226212,-33.091251541,C. gumm,Corymbia gummifera,41.9,Rough,,19,,TRUE,2018-02/2018-07
YGDSFH3,Eli,150.784226212,-33.091251541,C. gumm,Corymbia gummifera,42,Rough,,20,,TRUE,2018-02/2018-07
YGDSFH3,Eli,150.784226212,-33.091251541,C. gumm,Corymbia gummifera,44.5,Rough,,20,,TRUE,2018-02/2018-07
YGDSFH3,Eli,150.784226212,-33.091251541,C. gumm,Corymbia gummifera,49.2,Rough,,28.5,,TRUE,2018-02/2018-07
YGDSFH3,Eli,150.784226212,-33.091251541,C. gumm,Corymbia gummifera,49.6,Rough,,24.5,,TRUE,2018-02/2018-07
YGDSFH3,Eli,150.784226212,-33.091251541,E. spar,Eucalyptus sparsifolia,14,Stringy,,9.9,,TRUE,2018-02/2018-07
YGDSFH3,Eli,150.784226212,-33.091251541,E. spar,Eucalyptus sparsifolia,16,Stringy,,9.45,,TRUE,2018-02/2018-07
YGDSFH3,Eli,150.784226212,-33.091251541,E. spar,Eucalyptus sparsifolia,18.3,Stringy,,8,,TRUE,2018-02/2018-07
YGDSFH3,Eli,150.784226212,-33.091251541,E. spar,Eucalyptus sparsifolia,20.8,Stringy,,21.5,,TRUE,2018-02/2018-07
YGDSFH3,Eli,150.784226212,-33.091251541,E. spar,Eucalyptus sparsifolia,50.8,Stringy,,11.45,,TRUE,2018-02/2018-07
YGDSFH6,Eli,150.831127358,-33.060668291,A. bake,Angophora bakeri,10.5,Rough,,25,,TRUE,2018-02/2018-07
YGDSFH6,Eli,150.831127358,-33.060668291,A. bake,Angophora bakeri,15.2,Rough,,17,,TRUE,2018-02/2018-07
YGDSFH6,Eli,150.831127358,-33.060668291,A. bake,Angophora bakeri,24.8,Rough,,20,,TRUE,2018-02/2018-07
YGDSFH6,Eli,150.831127358,-33.060668291,A. bake,Angophora bakeri,28.4,Rough,,27,,TRUE,2018-02/2018-07
YGDSFH6,Eli,150.831127358,-33.060668291,A. bake,Angophora bakeri,30.5,Rough,,14,,TRUE,2018-02/2018-07
YGDSFH6,Eli,150.831127358,-33.060668291,A. bake,Angophora bakeri,37.8,Rough,,18,,TRUE,2018-02/2018-07
YGDSFH6,Eli,150.831127358,-33.060668291,A. bake,Angophora bakeri,38.4,Rough,,21.5,,TRUE,2018-02/2018-07
YGDSFH6,Eli,150.831127358,-33.060668291,A. bake,Angophora bakeri,40.2,Rough,,18,,TRUE,2018-02/2018-07
YGDSFH6,Eli,150.831127358,-33.060668291,A. bake,Angophora bakeri,54,Rough,,23.5,,TRUE,2018-02/2018-07
YGDSFH6,Eli,150.831127358,-33.060668291,A. bake,Angophora bakeri,62.5,Rough,,20,,TRUE,2018-02/2018-07
YGDSFH6,Eli,150.831127358,-33.060668291,C. exim,Corymbia eximia,10,Rough,,10.45,,TRUE,2018-02/2018-07
YGDSFH6,Eli,150.831127358,-33.060668291,C. exim,Corymbia eximia,11.5,Rough,,18,,TRUE,2018-02/2018-07
YGDSFH6,Eli,150.831127358,-33.060668291,C. exim,Corymbia eximia,12,Rough,,17.5,,TRUE,2018-02/2018-07
YGDSFH6,Eli,150.831127358,-33.060668291,C. exim,Corymbia eximia,12.3,Rough,,11.45,,TRUE,2018-02/2018-07
YGDSFH6,Eli,150.831127358,-33.060668291,C. exim,Corymbia eximia,20.1,Rough,,20.5,,TRUE,2018-02/2018-07
YGDSFH6,Eli,150.831127358,-33.060668291,C. exim,Corymbia eximia,29.8,Rough,,16.5,,TRUE,2018-02/2018-07
YGDSFH6,Eli,150.831127358,-33.060668291,C. exim,Corymbia eximia,33.8,Rough,,17.5,,TRUE,2018-02/2018-07
YGDSFH6,Eli,150.831127358,-33.060668291,C. exim,Corymbia eximia,37.6,Rough,,18.5,,TRUE,2018-02/2018-07
YGDSFH6,Eli,150.831127358,-33.060668291,E. punc,Eucalyptus punctata,15.3,Smooth,,10.5,,TRUE,2018-02/2018-07
YGDSFH7,Eli,150.805126846,-33.08865467,A. bake,Angophora bakeri,10.3,Rough,,17.5,,TRUE,2018-02/2018-07
YGDSFH7,Eli,150.805126846,-33.08865467,A. bake,Angophora bakeri,10.7,Rough,,14.5,,TRUE,2018-02/2018-07
YGDSFH7,Eli,150.805126846,-33.08865467,A. bake,Angophora bakeri,11.5,Rough,,16.5,,TRUE,2018-02/2018-07
YGDSFH7,Eli,150.805126846,-33.08865467,A. bake,Angophora bakeri,13.7,Rough,,19,,TRUE,2018-02/2018-07
YGDSFH7,Eli,150.805126846,-33.08865467,A. bake,Angophora bakeri,14.3,Rough,,17.5,,TRUE,2018-02/2018-07
YGDSFH7,Eli,150.805126846,-33.08865467,A. bake,Angophora bakeri,17.2,Rough,,11.45,,TRUE,2018-02/2018-07
YGDSFH7,Eli,150.805126846,-33.08865467,A. bake,Angophora bakeri,17.6,Rough,,15.5,,TRUE,2018-02/2018-07
YGDSFH7,Eli,150.805126846,-33.08865467,A. bake,Angophora bakeri,19.9,Rough,,14.5,,TRUE,2018-02/2018-07
YGDSFH7,Eli,150.805126846,-33.08865467,A. bake,Angophora bakeri,20.1,Rough,,25.5,,TRUE,2018-02/2018-07
YGDSFH7,Eli,150.805126846,-33.08865467,A. bake,Angophora bakeri,20.2,Rough,,14,,TRUE,2018-02/2018-07
YGDSFH7,Eli,150.805126846,-33.08865467,A. bake,Angophora bakeri,21,Rough,,17.5,,TRUE,2018-02/2018-07
YGDSFH7,Eli,150.805126846,-33.08865467,A. bake,Angophora bakeri,21.9,Rough,,19.5,,TRUE,2018-02/2018-07
YGDSFH7,Eli,150.805126846,-33.08865467,A. bake,Angophora bakeri,23.9,Rough,,17,,TRUE,2018-02/2018-07
YGDSFH7,Eli,150.805126846,-33.08865467,A. bake,Angophora bakeri,24.9,Rough,,11.95,,TRUE,2018-02/2018-07
YGDSFH7,Eli,150.805126846,-33.08865467,A. bake,Angophora bakeri,26,Rough,,16.5,,TRUE,2018-02/2018-07
YGDSFH7,Eli,150.805126846,-33.08865467,A. bake,Angophora bakeri,27.4,Rough,,18.5,,TRUE,2018-02/2018-07
YGDSFH7,Eli,150.805126846,-33.08865467,A. bake,Angophora bakeri,27.6,Rough,,10.45,,TRUE,2018-02/2018-07
YGDSFH7,Eli,150.805126846,-33.08865467,A. bake,Angophora bakeri,38,Rough,,22,,TRUE,2018-02/2018-07
YGDSFH7,Eli,150.805126846,-33.08865467,C. gumm,Corymbia gummifera,19.9,Rough,,30,,TRUE,2018-02/2018-07
YGDSFH7,Eli,150.805126846,-33.08865467,C. gumm,Corymbia gummifera,23.1,Rough,,23,,TRUE,2018-02/2018-07
YGDSFH7,Eli,150.805126846,-33.08865467,C. gumm,Corymbia gummifera,26.4,Rough,,24.5,,TRUE,2018-02/2018-07
YGDSFH7,Eli,150.805126846,-33.08865467,C. gumm,Corymbia gummifera,34.6,Rough,,24.5,,TRUE,2018-02/2018-07
YGDSFH7,Eli,150.805126846,-33.08865467,C. gumm,Corymbia gummifera,39.5,Rough,,33,,TRUE,2018-02/2018-07
YGDSFH7,Eli,150.805126846,-33.08865467,C. gumm,Corymbia gummifera,41.5,Rough,,23,,TRUE,2018-02/2018-07
YGDSFH7,Eli,150.805126846,-33.08865467,E. punc,Eucalyptus punctata,19.8,Smooth,,16.5,,TRUE,2018-02/2018-07
YGDSFH7,Eli,150.805126846,-33.08865467,E. punc,Eucalyptus punctata,30.3,Smooth,,13,,TRUE,2018-02/2018-07
YGDSFL1,Eli,150.751342151,-33.131051366,A. bake,Angophora bakeri,10,Rough,,15.5,,TRUE,2018-02/2018-07
YGDSFL1,Eli,150.751342151,-33.131051366,A. bake,Angophora bakeri,10.1,Rough,,14,,TRUE,2018-02/2018-07
YGDSFL1,Eli,150.751342151,-33.131051366,A. bake,Angophora bakeri,10.7,Rough,,10.95,,TRUE,2018-02/2018-07
YGDSFL1,Eli,150.751342151,-33.131051366,A. bake,Angophora bakeri,11.4,Rough,,14.5,,TRUE,2018-02/2018-07
YGDSFL1,Eli,150.751342151,-33.131051366,A. bake,Angophora bakeri,20.6,Rough,,14.5,,TRUE,2018-02/2018-07
YGDSFL1,Eli,150.751342151,-33.131051366,A. bake,Angophora bakeri,21.9,Rough,,21.5,,TRUE,2018-02/2018-07
YGDSFL1,Eli,150.751342151,-33.131051366,A. bake,Angophora bakeri,28.7,Rough,,16.5,,TRUE,2018-02/2018-07
YGDSFL1,Eli,150.751342151,-33.131051366,A. bake,Angophora bakeri,28.7,Rough,,26,,TRUE,2018-02/2018-07
YGDSFL1,Eli,150.751342151,-33.131051366,C. exim,Corymbia eximia,11.2,Rough,,16,,TRUE,2018-02/2018-07
YGDSFL1,Eli,150.751342151,-33.131051366,C. exim,Corymbia eximia,11.7,Rough,,15,,TRUE,2018-02/2018-07
YGDSFL1,Eli,150.751342151,-33.131051366,C. exim,Corymbia eximia,14.9,Rough,,20,,TRUE,2018-02/2018-07
YGDSFL1,Eli,150.751342151,-33.131051366,C. exim,Corymbia eximia,19.5,Rough,,17,,TRUE,2018-02/2018-07
YGDSFL1,Eli,150.751342151,-33.131051366,C. exim,Corymbia eximia,21.5,Rough,,15,,TRUE,2018-02/2018-07
YGDSFL1,Eli,150.751342151,-33.131051366,C. exim,Corymbia eximia,25,Rough,,18.5,,TRUE,2018-02/2018-07
YGDSFL1,Eli,150.751342151,-33.131051366,C. exim,Corymbia eximia,26.4,Rough,,22,,TRUE,2018-02/2018-07
YGDSFL1,Eli,150.751342151,-33.131051366,C. exim,Corymbia eximia,33,Rough,,26.5,,TRUE,2018-02/2018-07
YGDSFL1,Eli,150.751342151,-33.131051366,C. exim,Corymbia eximia,34.6,Rough,,23.5,,TRUE,2018-02/2018-07
YGDSFL1,Eli,150.751342151,-33.131051366,C. gumm,Corymbia gummifera,20.8,Rough,,25.5,,TRUE,2018-02/2018-07
YGDSFL1,Eli,150.751342151,-33.131051366,C. gumm,Corymbia gummifera,24.5,Rough,,25.5,,TRUE,2018-02/2018-07
YGDSFL1,Eli,150.751342151,-33.131051366,E. punc,Eucalyptus punctata,19.5,Smooth,,21,,TRUE,2018-02/2018-07
YGDSFL1,Eli,150.751342151,-33.131051366,E. punc,Eucalyptus punctata,26.1,Smooth,,12,,TRUE,2018-02/2018-07
YGDSFL1,Eli,150.751342151,-33.131051366,E. punc,Eucalyptus punctata,28.1,Smooth,,12,,TRUE,2018-02/2018-07
YGDSFL1,Eli,150.751342151,-33.131051366,E. punc,Eucalyptus punctata,43,Smooth,,11.5,,TRUE,2018-02/2018-07
YGDSFL13,Eli,150.745943462,-33.129682315,A. bake,Angophora bakeri,20.5,Rough,,18,,TRUE,2018-02/2018-07
YGDSFL13,Eli,150.745943462,-33.129682315,A. bake,Angophora bakeri,28.4,Rough,,26.5,,TRUE,2018-02/2018-07
YGDSFL13,Eli,150.745943462,-33.129682315,A. eury,Angophora costata,12,Smooth,,11.5,,TRUE,2018-02/2018-07
YGDSFL13,Eli,150.745943462,-33.129682315,A. eury,Angophora costata,17.4,Smooth,,7.5,,TRUE,2018-02/2018-07
YGDSFL13,Eli,150.745943462,-33.129682315,C. exim,Corymbia eximia,14.2,Rough,,17,,TRUE,2018-02/2018-07
YGDSFL13,Eli,150.745943462,-33.129682315,C. exim,Corymbia eximia,17.4,Rough,,13.5,,TRUE,2018-02/2018-07
YGDSFL13,Eli,150.745943462,-33.129682315,C. exim,Corymbia eximia,18.1,Rough,,14.5,,TRUE,2018-02/2018-07
YGDSFL13,Eli,150.745943462,-33.129682315,C. exim,Corymbia eximia,25.5,Rough,,20,,TRUE,2018-02/2018-07
YGDSFL13,Eli,150.745943462,-33.129682315,C. exim,Corymbia eximia,28.3,Rough,,15,,TRUE,2018-02/2018-07
YGDSFL13,Eli,150.745943462,-33.129682315,C. gumm,Corymbia gummifera,13,Rough,,22.5,,TRUE,2018-02/2018-07
YGDSFL13,Eli,150.745943462,-33.129682315,C. gumm,Corymbia gummifera,17.4,Rough,,13.5,,TRUE,2018-02/2018-07
YGDSFL13,Eli,150.745943462,-33.129682315,C. gumm,Corymbia gummifera,20,Rough,,17,,TRUE,2018-02/2018-07
YGDSFL13,Eli,150.745943462,-33.129682315,C. gumm,Corymbia gummifera,20.2,Rough,,20,,TRUE,2018-02/2018-07
YGDSFL13,Eli,150.745943462,-33.129682315,C. gumm,Corymbia gummifera,44.8,Rough,,19.5,,TRUE,2018-02/2018-07
YGDSFL13,Eli,150.745943462,-33.129682315,E. punc,Eucalyptus punctata,20.8,Smooth,,11.95,,TRUE,2018-02/2018-07
YGDSFL13,Eli,150.745943462,-33.129682315,E. punc,Eucalyptus punctata,21.2,Smooth,,0.1,,TRUE,2018-02/2018-07
YGDSFL13,Eli,150.745943462,-33.129682315,E. punc,Eucalyptus punctata,26,Smooth,,12.45,,TRUE,2018-02/2018-07
YGDSFL13,Eli,150.745943462,-33.129682315,E. spar,Eucalyptus sparsifolia,11.2,Stringy,,10,,TRUE,2018-02/2018-07
YGDSFL13,Eli,150.745943462,-33.129682315,E. spar,Eucalyptus sparsifolia,12,Stringy,,7,,TRUE,2018-02/2018-07
YGDSFL13,Eli,150.745943462,-33.129682315,E. spar,Eucalyptus sparsifolia,15.4,Stringy,,9,,TRUE,2018-02/2018-07
YGDSFL13,Eli,150.745943462,-33.129682315,E. spar,Eucalyptus sparsifolia,20,Stringy,,10.45,,TRUE,2018-02/2018-07
YGDSFL13,Eli,150.745943462,-33.129682315,E. spar,Eucalyptus sparsifolia,21.4,Stringy,,12,,TRUE,2018-02/2018-07
YGDSFL13,Eli,150.745943462,-33.129682315,E. spar,Eucalyptus sparsifolia,22.8,Stringy,,8.95,,TRUE,2018-02/2018-07
YGDSFL13,Eli,150.745943462,-33.129682315,E. spar,Eucalyptus sparsifolia,27,Stringy,,13.5,,TRUE,2018-02/2018-07
YGDSFL13,Eli,150.745943462,-33.129682315,E. spar,Eucalyptus sparsifolia,27,Stringy,,14.5,,TRUE,2018-02/2018-07
YGDSFL13,Eli,150.745943462,-33.129682315,E. spar,Eucalyptus sparsifolia,27.4,Stringy,,12.95,,TRUE,2018-02/2018-07
YGDSFL13,Eli,150.745943462,-33.129682315,E. spar,Eucalyptus sparsifolia,27.6,Stringy,,13,,TRUE,2018-02/2018-07
YGDSFL13,Eli,150.745943462,-33.129682315,E. spar,Eucalyptus sparsifolia,28.9,Stringy,,14.5,,TRUE,2018-02/2018-07
YGDSFL13,Eli,150.745943462,-33.129682315,E. spar,Eucalyptus sparsifolia,36,Stringy,,13.5,,TRUE,2018-02/2018-07
YGDSFL13,Eli,150.745943462,-33.129682315,E. spar,Eucalyptus sparsifolia,38.1,Stringy,,16.5,,TRUE,2018-02/2018-07
YGDSFL13,Eli,150.745943462,-33.129682315,E. spar,Eucalyptus sparsifolia,42.6,Stringy,,9.45,,TRUE,2018-02/2018-07
YGDSFL14,Eli,150.748368854,-33.1266152,A. bake,Angophora bakeri,10.3,Rough,,13,,TRUE,2018-02/2018-07
YGDSFL14,Eli,150.748368854,-33.1266152,A. bake,Angophora bakeri,10.7,Rough,,25,,TRUE,2018-02/2018-07
YGDSFL14,Eli,150.748368854,-33.1266152,A. bake,Angophora bakeri,11.1,Rough,,16,,TRUE,2018-02/2018-07
YGDSFL14,Eli,150.748368854,-33.1266152,A. bake,Angophora bakeri,12.3,Rough,,12,,TRUE,2018-02/2018-07
YGDSFL14,Eli,150.748368854,-33.1266152,A. bake,Angophora bakeri,14.8,Rough,,19,,TRUE,2018-02/2018-07
YGDSFL14,Eli,150.748368854,-33.1266152,A. bake,Angophora bakeri,15.7,Rough,,15.5,,TRUE,2018-02/2018-07
YGDSFL14,Eli,150.748368854,-33.1266152,A. bake,Angophora bakeri,16.8,Rough,,18,,TRUE,2018-02/2018-07
YGDSFL14,Eli,150.748368854,-33.1266152,A. bake,Angophora bakeri,24,Rough,,11.5,,TRUE,2018-02/2018-07
YGDSFL14,Eli,150.748368854,-33.1266152,A. eury,Angophora costata,32.9,Smooth,,14.5,,TRUE,2018-02/2018-07
YGDSFL14,Eli,150.748368854,-33.1266152,C. gumm,Corymbia gummifera,10.6,Rough,,19,,TRUE,2018-02/2018-07
YGDSFL14,Eli,150.748368854,-33.1266152,C. gumm,Corymbia gummifera,10.8,Rough,,19,,TRUE,2018-02/2018-07
YGDSFL14,Eli,150.748368854,-33.1266152,C. gumm,Corymbia gummifera,11,Rough,,13.5,,TRUE,2018-02/2018-07
YGDSFL14,Eli,150.748368854,-33.1266152,C. gumm,Corymbia gummifera,11.5,Rough,,23.5,,TRUE,2018-02/2018-07
YGDSFL14,Eli,150.748368854,-33.1266152,C. gumm,Corymbia gummifera,14.3,Rough,,12,,TRUE,2018-02/2018-07
YGDSFL14,Eli,150.748368854,-33.1266152,C. gumm,Corymbia gummifera,15.3,Rough,,20,,TRUE,2018-02/2018-07
YGDSFL14,Eli,150.748368854,-33.1266152,C. gumm,Corymbia gummifera,18.2,Rough,,21,,TRUE,2018-02/2018-07
YGDSFL14,Eli,150.748368854,-33.1266152,C. gumm,Corymbia gummifera,19.3,Rough,,22.5,,TRUE,2018-02/2018-07
YGDSFL14,Eli,150.748368854,-33.1266152,C. gumm,Corymbia gummifera,22.6,Rough,,23,,TRUE,2018-02/2018-07
YGDSFL14,Eli,150.748368854,-33.1266152,C. gumm,Corymbia gummifera,24.1,Rough,,23,,TRUE,2018-02/2018-07
YGDSFL14,Eli,150.748368854,-33.1266152,C. gumm,Corymbia gummifera,25,Rough,,22.5,,TRUE,2018-02/2018-07
YGDSFL14,Eli,150.748368854,-33.1266152,C. gumm,Corymbia gummifera,28.8,Rough,,21,,TRUE,2018-02/2018-07
YGDSFL14,Eli,150.748368854,-33.1266152,C. gumm,Corymbia gummifera,30.1,Rough,,26,,TRUE,2018-02/2018-07
YGDSFL14,Eli,150.748368854,-33.1266152,C. gumm,Corymbia gummifera,41,Rough,,24.5,,TRUE,2018-02/2018-07
YGDSFL14,Eli,150.748368854,-33.1266152,C. gumm,Corymbia gummifera,47.3,Rough,,26.5,,TRUE,2018-02/2018-07
YGDSFL14,Eli,150.748368854,-33.1266152,C. gumm,Corymbia gummifera,54.6,Rough,,24.5,,TRUE,2018-02/2018-07
YGDSFL14,Eli,150.748368854,-33.1266152,C. gumm,Corymbia gummifera,75.5,Rough,,29,,TRUE,2018-02/2018-07
YGDSFL14,Eli,150.748368854,-33.1266152,E. spar,Eucalyptus sparsifolia,15.5,Stringy,,12.5,,TRUE,2018-02/2018-07
YGDSFL14,Eli,150.748368854,-33.1266152,E. spar,Eucalyptus sparsifolia,16.5,Stringy,,6.5,,TRUE,2018-02/2018-07
YGDSFL14,Eli,150.748368854,-33.1266152,E. spar,Eucalyptus sparsifolia,17.3,Stringy,,0.1,,TRUE,2018-02/2018-07
YGDSFL14,Eli,150.748368854,-33.1266152,E. spar,Eucalyptus sparsifolia,23.1,Stringy,,9.5,,TRUE,2018-02/2018-07
YGDSFL14,Eli,150.748368854,-33.1266152,E. spar,Eucalyptus sparsifolia,30.1,Stringy,,12,,TRUE,2018-02/2018-07
YGDSFL14,Eli,150.748368854,-33.1266152,E. spar,Eucalyptus sparsifolia,30.8,Stringy,,0.1,,TRUE,2018-02/2018-07
YGDSFL14,Eli,150.748368854,-33.1266152,E. spar,Eucalyptus sparsifolia,33.1,Stringy,,12.5,,TRUE,2018-02/2018-07
YGDSFL14,Eli,150.748368854,-33.1266152,E. spar,Eucalyptus sparsifolia,33.3,Stringy,,8.95,,TRUE,2018-02/2018-07
YGDSFL14,Eli,150.748368854,-33.1266152,E. spar,Eucalyptus sparsifolia,42.8,Stringy,,10.95,,TRUE,2018-02/2018-07
YGDSFL14,Eli,150.748368854,-33.1266152,E. spar,Eucalyptus sparsifolia,56.5,Stringy,,10.95,,TRUE,2018-02/2018-07
YGDSFL4,Eli,150.770729513,-33.128947201,A. bake,Angophora bakeri,10.2,Rough,,17,,TRUE,2018-02/2018-07
YGDSFL4,Eli,150.770729513,-33.128947201,A. bake,Angophora bakeri,10.5,Rough,,13,,TRUE,2018-02/2018-07
YGDSFL4,Eli,150.770729513,-33.128947201,A. bake,Angophora bakeri,13.1,Rough,,17,,TRUE,2018-02/2018-07
YGDSFL4,Eli,150.770729513,-33.128947201,A. bake,Angophora bakeri,13.5,Rough,,17.5,,TRUE,2018-02/2018-07
YGDSFL4,Eli,150.770729513,-33.128947201,A. bake,Angophora bakeri,15.6,Rough,,20,,TRUE,2018-02/2018-07
YGDSFL4,Eli,150.770729513,-33.128947201,A. bake,Angophora bakeri,15.8,Rough,,17.5,,TRUE,2018-02/2018-07
YGDSFL4,Eli,150.770729513,-33.128947201,A. bake,Angophora bakeri,15.8,Rough,,21.5,,TRUE,2018-02/2018-07
YGDSFL4,Eli,150.770729513,-33.128947201,A. bake,Angophora bakeri,16,Rough,,20,,TRUE,2018-02/2018-07
YGDSFL4,Eli,150.770729513,-33.128947201,A. bake,Angophora bakeri,16.2,Rough,,19.5,,TRUE,2018-02/2018-07
YGDSFL4,Eli,150.770729513,-33.128947201,A. bake,Angophora bakeri,16.3,Rough,,24,,TRUE,2018-02/2018-07
YGDSFL4,Eli,150.770729513,-33.128947201,A. bake,Angophora bakeri,19.2,Rough,,17,,TRUE,2018-02/2018-07
YGDSFL4,Eli,150.770729513,-33.128947201,A. bake,Angophora bakeri,19.3,Rough,,21,,TRUE,2018-02/2018-07
YGDSFL4,Eli,150.770729513,-33.128947201,A. bake,Angophora bakeri,21.4,Rough,,20,,TRUE,2018-02/2018-07
YGDSFL4,Eli,150.770729513,-33.128947201,A. bake,Angophora bakeri,22.7,Rough,,24,,TRUE,2018-02/2018-07
YGDSFL4,Eli,150.770729513,-33.128947201,A. bake,Angophora bakeri,28.9,Rough,,0.1,,TRUE,2018-02/2018-07
YGDSFL4,Eli,150.770729513,-33.128947201,C. exim,Corymbia eximia,25.9,Rough,,15.5,,TRUE,2018-02/2018-07
YGDSFL4,Eli,150.770729513,-33.128947201,C. gumm,Corymbia gummifera,17.8,Rough,,0.1,,TRUE,2018-02/2018-07
YGDSFL4,Eli,150.770729513,-33.128947201,C. gumm,Corymbia gummifera,30.8,Rough,,19,,TRUE,2018-02/2018-07
YGDSFL4,Eli,150.770729513,-33.128947201,E. punc,Eucalyptus punctata,13.5,Smooth,,8,,TRUE,2018-02/2018-07
YGDSFL4,Eli,150.770729513,-33.128947201,E. punc,Eucalyptus punctata,14.2,Smooth,,11,,TRUE,2018-02/2018-07
YGDSFL4,Eli,150.770729513,-33.128947201,E. punc,Eucalyptus punctata,14.8,Smooth,,11,,TRUE,2018-02/2018-07
YGDSFL4,Eli,150.770729513,-33.128947201,E. punc,Eucalyptus punctata,15.1,Smooth,,7.5,,TRUE,2018-02/2018-07
YGDSFL4,Eli,150.770729513,-33.128947201,E. punc,Eucalyptus punctata,23.8,Smooth,,9.45,,TRUE,2018-02/2018-07
YGDSFL4,Eli,150.770729513,-33.128947201,E. punc,Eucalyptus punctata,24.9,Smooth,,12.5,,TRUE,2018-02/2018-07
YGDSFL4,Eli,150.770729513,-33.128947201,E. punc,Eucalyptus punctata,25,Smooth,,8.95,,TRUE,2018-02/2018-07
YGDSFL4,Eli,150.770729513,-33.128947201,E. punc,Eucalyptus punctata,26.8,Smooth,,10.5,,TRUE,2018-02/2018-07
YGDSFL4,Eli,150.770729513,-33.128947201,E. punc,Eucalyptus punctata,27.3,Smooth,,12.5,,TRUE,2018-02/2018-07
YGDSFL4,Eli,150.770729513,-33.128947201,E. punc,Eucalyptus punctata,30.3,Smooth,,13.5,,TRUE,2018-02/2018-07
YGDSFL4,Eli,150.770729513,-33.128947201,E. punc,Eucalyptus punctata,32,Smooth,,4.05,,TRUE,2018-02/2018-07
YGDSFL4,Eli,150.770729513,-33.128947201,E. punc,Eucalyptus punctata,33.8,Smooth,,8,,TRUE,2018-02/2018-07
YGDSFL4,Eli,150.770729513,-33.128947201,E. punc,Eucalyptus punctata,35.6,Smooth,,8,,TRUE,2018-02/2018-07
YGDSFL4,Eli,150.770729513,-33.128947201,E. punc,Eucalyptus punctata,36.2,Smooth,,6.05,,TRUE,2018-02/2018-07
YGDSFL4,Eli,150.770729513,-33.128947201,E. punc,Eucalyptus punctata,46.9,Smooth,,12.5,,TRUE,2018-02/2018-07
YGDSFL8,Eli,150.772532973,-33.125435622,A. bake,Angophora bakeri,14.5,Rough,,28.5,,TRUE,2018-02/2018-07
YGDSFL8,Eli,150.772532973,-33.125435622,A. bake,Angophora bakeri,17,Rough,,18,,TRUE,2018-02/2018-07
YGDSFL8,Eli,150.772532973,-33.125435622,A. bake,Angophora bakeri,18.6,Rough,,16,,TRUE,2018-02/2018-07
YGDSFL8,Eli,150.772532973,-33.125435622,A. bake,Angophora bakeri,22.1,Rough,,16.5,,TRUE,2018-02/2018-07
YGDSFL8,Eli,150.772532973,-33.125435622,A. bake,Angophora bakeri,22.1,Rough,,23,,TRUE,2018-02/2018-07
YGDSFL8,Eli,150.772532973,-33.125435622,A. bake,Angophora bakeri,22.9,Rough,,16,,TRUE,2018-02/2018-07
YGDSFL8,Eli,150.772532973,-33.125435622,A. bake,Angophora bakeri,24.9,Rough,,27.5,,TRUE,2018-02/2018-07
YGDSFL8,Eli,150.772532973,-33.125435622,A. bake,Angophora bakeri,26.2,Rough,,18.5,,TRUE,2018-02/2018-07
YGDSFL8,Eli,150.772532973,-33.125435622,A. bake,Angophora bakeri,27.9,Rough,,16.5,,TRUE,2018-02/2018-07
YGDSFL8,Eli,150.772532973,-33.125435622,A. bake,Angophora bakeri,31.8,Rough,,17.5,,TRUE,2018-02/2018-07
YGDSFL8,Eli,150.772532973,-33.125435622,A. bake,Angophora bakeri,35.9,Rough,,18,,TRUE,2018-02/2018-07
YGDSFL8,Eli,150.772532973,-33.125435622,A. bake,Angophora bakeri,38.1,Rough,,16,,TRUE,2018-02/2018-07
YGDSFL8,Eli,150.772532973,-33.125435622,A. bake,Angophora bakeri,42.4,Rough,,23,,TRUE,2018-02/2018-07
YGDSFL8,Eli,150.772532973,-33.125435622,A. bake,Angophora bakeri,44.2,Rough,,14.5,,TRUE,2018-02/2018-07
YGDSFL8,Eli,150.772532973,-33.125435622,C. exim,Corymbia eximia,25.5,Rough,,16,,TRUE,2018-02/2018-07
YGDSFL8,Eli,150.772532973,-33.125435622,C. gumm,Corymbia gummifera,22.2,Rough,,26,,TRUE,2018-02/2018-07
YGDSFL8,Eli,150.772532973,-33.125435622,C. gumm,Corymbia gummifera,27.5,Rough,,21,,TRUE,2018-02/2018-07
YGDSFL8,Eli,150.772532973,-33.125435622,C. gumm,Corymbia gummifera,28,Rough,,19,,TRUE,2018-02/2018-07
YGDSFL8,Eli,150.772532973,-33.125435622,C. gumm,Corymbia gummifera,31.2,Rough,,25.5,,TRUE,2018-02/2018-07
YGDSFL8,Eli,150.772532973,-33.125435622,C. gumm,Corymbia gummifera,36,Rough,,27,,TRUE,2018-02/2018-07
YGDSFL8,Eli,150.772532973,-33.125435622,C. gumm,Corymbia gummifera,37.5,Rough,,35,,TRUE,2018-02/2018-07
YGDSFL8,Eli,150.772532973,-33.125435622,C. gumm,Corymbia gummifera,39.2,Rough,,27.5,,TRUE,2018-02/2018-07
YGDSFL8,Eli,150.772532973,-33.125435622,C. gumm,Corymbia gummifera,40.8,Rough,,24,,TRUE,2018-02/2018-07
YGDSFL8,Eli,150.772532973,-33.125435622,E. punc,Eucalyptus punctata,41,Smooth,,12.5,,TRUE,2018-02/2018-07
YGWSFH1new,Eli,150.802627028,-33.088809001,A. eury,Angophora costata,23.2,Smooth,,11.45,,TRUE,2018-02/2018-07
YGWSFH1new,Eli,150.802627028,-33.088809001,A. eury,Angophora costata,29.7,Smooth,,11.45,,TRUE,2018-02/2018-07
YGWSFH1new,Eli,150.802627028,-33.088809001,A. eury,Angophora costata,38.5,Smooth,,11.45,,TRUE,2018-02/2018-07
YGWSFH1new,Eli,150.802627028,-33.088809001,A. eury,Angophora costata,47.1,Smooth,,15.5,,TRUE,2018-02/2018-07
YGWSFH1new,Eli,150.802627028,-33.088809001,A. eury,Angophora costata,47.5,Smooth,,16.5,,TRUE,2018-02/2018-07
YGWSFH1new,Eli,150.802627028,-33.088809001,A. eury,Angophora costata,82.1,Smooth,,15,,TRUE,2018-02/2018-07
YGWSFH1new,Eli,150.802627028,-33.088809001,A. flor,Angophora floribunda,47,Rough,,17,,TRUE,2018-02/2018-07
YGWSFH1new,Eli,150.802627028,-33.088809001,A. flor,Angophora floribunda,52.7,Rough,,21.5,,TRUE,2018-02/2018-07
YGWSFH1new,Eli,150.802627028,-33.088809001,C. exim,Corymbia eximia,25.5,Rough,,14.5,,TRUE,2018-02/2018-07
YGWSFH1new,Eli,150.802627028,-33.088809001,E. expr,Eucalyptus expressa,73,Stringy,,40.5,,TRUE,2018-02/2018-07
YGWSFH1new,Eli,150.802627028,-33.088809001,E. expr,Eucalyptus expressa,94,Stringy,,25,,TRUE,2018-02/2018-07
YGWSFH2,Eli,150.814124453,-33.086955204,A. flor,Angophora floribunda,13.2,Rough,,22,,TRUE,2018-02/2018-07
YGWSFH2,Eli,150.814124453,-33.086955204,A. flor,Angophora floribunda,50.8,Rough,,47.5,,TRUE,2018-02/2018-07
YGWSFH2,Eli,150.814124453,-33.086955204,E. bosi,Eucalyptus bosistoana,42,Stocking,,17.5,,TRUE,2018-02/2018-07
YGWSFH2,Eli,150.814124453,-33.086955204,E. bosi,Eucalyptus bosistoana,47.4,Stocking,,19.5,,TRUE,2018-02/2018-07
YGWSFH2,Eli,150.814124453,-33.086955204,E. fibr,Eucalyptus fibrosa,22.8,Ironbark,,45,,TRUE,2018-02/2018-07
YGWSFH2,Eli,150.814124453,-33.086955204,E. fibr,Eucalyptus fibrosa,23.4,Ironbark,,37.5,,TRUE,2018-02/2018-07
YGWSFH2,Eli,150.814124453,-33.086955204,E. fibr,Eucalyptus fibrosa,38.8,Ironbark,,43.5,,TRUE,2018-02/2018-07
YGWSFH2,Eli,150.814124453,-33.086955204,E. fibr,Eucalyptus fibrosa,51.3,Ironbark,,46,,TRUE,2018-02/2018-07
YGWSFH2,Eli,150.814124453,-33.086955204,E. mich,Eucalyptus michaeliana,27.7,Smooth,,22,,TRUE,2018-02/2018-07
YGWSFH2,Eli,150.814124453,-33.086955204,E. mich,Eucalyptus michaeliana,36.5,Smooth,,19.5,,TRUE,2018-02/2018-07
YGWSFH2,Eli,150.814124453,-33.086955204,E. mich,Eucalyptus michaeliana,38.6,Smooth,,11.95,,TRUE,2018-02/2018-07
YGWSFH2,Eli,150.814124453,-33.086955204,E. mich,Eucalyptus michaeliana,39.9,Smooth,,19.5,,TRUE,2018-02/2018-07
YGWSFH2,Eli,150.814124453,-33.086955204,E. mich,Eucalyptus michaeliana,51,Smooth,,21,,TRUE,2018-02/2018-07
YGWSFH2new,Eli,150.798032223,-33.09049533,A. flor,Angophora floribunda,11.1,Rough,,18,,TRUE,2018-02/2018-07
YGWSFH2new,Eli,150.798032223,-33.09049533,A. flor,Angophora floribunda,14.3,Rough,,,,TRUE,2018-02/2018-07
YGWSFH2new,Eli,150.798032223,-33.09049533,A. flor,Angophora floribunda,16.9,Rough,,22,,TRUE,2018-02/2018-07
YGWSFH2new,Eli,150.798032223,-33.09049533,A. flor,Angophora floribunda,73.5,Rough,,38,,TRUE,2018-02/2018-07
YGWSFH2new,Eli,150.798032223,-33.09049533,E. mich,Eucalyptus michaeliana,20,Smooth,,19,,TRUE,2018-02/2018-07
YGWSFH2new,Eli,150.798032223,-33.09049533,E. mich,Eucalyptus michaeliana,31.7,Smooth,,22,,TRUE,2018-02/2018-07
YGWSFH2new,Eli,150.798032223,-33.09049533,E. mich,Eucalyptus michaeliana,37.2,Smooth,,24.5,,TRUE,2018-02/2018-07
YGWSFH2new,Eli,150.798032223,-33.09049533,E. mich,Eucalyptus michaeliana,37.9,Smooth,,15.5,,TRUE,2018-02/2018-07
YGWSFH2new,Eli,150.798032223,-33.09049533,E. mich,Eucalyptus michaeliana,73.4,Smooth,,25,,TRUE,2018-02/2018-07
YGWSFH2new,Eli,150.798032223,-33.09049533,E. mich,Eucalyptus michaeliana,140,Smooth,,18.5,,TRUE,2018-02/2018-07
YGWSFH5,Eli,150.826284277,-33.065128832,A. flor,Angophora floribunda,16.7,Rough,,24,,TRUE,2018-02/2018-07
YGWSFH5,Eli,150.826284277,-33.065128832,A. flor,Angophora floribunda,25,Rough,,14.5,,TRUE,2018-02/2018-07
YGWSFH5,Eli,150.826284277,-33.065128832,A. flor,Angophora floribunda,32.2,Rough,,27,,TRUE,2018-02/2018-07
YGWSFH5,Eli,150.826284277,-33.065128832,C. exim,Corymbia eximia,21.9,Rough,,26.5,,TRUE,2018-02/2018-07
YGWSFH5,Eli,150.826284277,-33.065128832,E. ampl,Eucalyptus amplifolia,10.9,Smooth,,9.45,,TRUE,2018-02/2018-07
YGWSFH5,Eli,150.826284277,-33.065128832,E. ampl,Eucalyptus amplifolia,13.4,Smooth,,9.45,,TRUE,2018-02/2018-07
YGWSFH5,Eli,150.826284277,-33.065128832,E. ampl,Eucalyptus amplifolia,20.6,Smooth,,12.45,,TRUE,2018-02/2018-07
YGWSFH5,Eli,150.826284277,-33.065128832,E. ampl,Eucalyptus amplifolia,30,Smooth,,7,,TRUE,2018-02/2018-07
YGWSFH5,Eli,150.826284277,-33.065128832,E. ampl,Eucalyptus amplifolia,37.1,Smooth,,10.45,,TRUE,2018-02/2018-07
YGWSFH5,Eli,150.826284277,-33.065128832,E. ampl,Eucalyptus amplifolia,44,Smooth,,8.45,,TRUE,2018-02/2018-07
YGWSFH5,Eli,150.826284277,-33.065128832,E. ampl,Eucalyptus amplifolia,48.5,Smooth,,12.45,,TRUE,2018-02/2018-07
YGWSFH5,Eli,150.826284277,-33.065128832,E. ampl,Eucalyptus amplifolia,52.3,Smooth,,11.5,,TRUE,2018-02/2018-07
YGWSFH5,Eli,150.826284277,-33.065128832,E. euge,Eucalyptus eugenioides,24.4,Stringy,,15.5,,TRUE,2018-02/2018-07
YGWSFH5,Eli,150.826284277,-33.065128832,E. fibr,Eucalyptus fibrosa,21,Ironbark,,35,,TRUE,2018-02/2018-07
YGWSFH5,Eli,150.826284277,-33.065128832,E. fibr,Eucalyptus fibrosa,30.3,Ironbark,,50,,TRUE,2018-02/2018-07
YGWSFH5,Eli,150.826284277,-33.065128832,E. fibr,Eucalyptus fibrosa,46.5,Ironbark,,50,,TRUE,2018-02/2018-07
YGWSFH5,Eli,150.826284277,-33.065128832,E. fibr,Eucalyptus fibrosa,48.9,Ironbark,,50,,TRUE,2018-02/2018-07
YGWSFH5,Eli,150.826284277,-33.065128832,E. fibr,Eucalyptus fibrosa,71,Ironbark,,50,,TRUE,2018-02/2018-07
YGWSFH5,Eli,150.826284277,-33.065128832,E. fibr,Eucalyptus fibrosa,83.5,Ironbark,,50,,TRUE,2018-02/2018-07
YGWSFH5,Eli,150.826284277,-33.065128832,E. fibr,Eucalyptus fibrosa,91.2,Ironbark,,50,,TRUE,2018-02/2018-07
YGWSFH9,Eli,150.827867887,-33.062135525,A. flor,Angophora floribunda,32,Rough,,11.95,,TRUE,2018-02/2018-07
YGWSFH9,Eli,150.827867887,-33.062135525,A. flor,Angophora floribunda,38.2,Rough,,23,,TRUE,2018-02/2018-07
YGWSFH9,Eli,150.827867887,-33.062135525,E. euge,Eucalyptus eugenioides,33.8,Stringy,,18,,TRUE,2018-02/2018-07
YGWSFH9,Eli,150.827867887,-33.062135525,E. euge,Eucalyptus eugenioides,41,Stringy,,17.5,,TRUE,2018-02/2018-07
YGWSFH9,Eli,150.827867887,-33.062135525,E. fibr,Eucalyptus fibrosa,10.2,Ironbark,,20,,TRUE,2018-02/2018-07
YGWSFH9,Eli,150.827867887,-33.062135525,E. fibr,Eucalyptus fibrosa,28.6,Ironbark,,35,,TRUE,2018-02/2018-07
YGWSFH9,Eli,150.827867887,-33.062135525,E. fibr,Eucalyptus fibrosa,53.5,Ironbark,,50,,TRUE,2018-02/2018-07
YGWSFH9,Eli,150.827867887,-33.062135525,E. fibr,Eucalyptus fibrosa,69.5,Ironbark,,50,,TRUE,2018-02/2018-07
YGWSFH9,Eli,150.827867887,-33.062135525,E. fibr,Eucalyptus fibrosa,103,Ironbark,,50,,TRUE,2018-02/2018-07
YGWSFH9,Eli,150.827867887,-33.062135525,E. spar,Eucalyptus sparsifolia,63,Stringy,,24,,TRUE,2018-02/2018-07
YGWSFL12,Eli,150.751087966,-33.127151271,A. flor,Angophora floribunda,19,Rough,,16.5,,TRUE,2018-02/2018-07
YGWSFL12,Eli,150.751087966,-33.127151271,A. flor,Angophora floribunda,49.2,Rough,,25.5,,TRUE,2018-02/2018-07
YGWSFL12,Eli,150.751087966,-33.127151271,E. aggl,Eucalyptus agglomerata,35.5,Stringy,,22,,TRUE,2018-02/2018-07
YGWSFL12,Eli,150.751087966,-33.127151271,E. beye,Eucalyptus beyeriana,54.3,Ironbark,,50,,TRUE,2018-02/2018-07
YGWSFL12,Eli,150.751087966,-33.127151271,E. mich,Eucalyptus michaeliana,12,Smooth,,14,,TRUE,2018-02/2018-07
YGWSFL12,Eli,150.751087966,-33.127151271,E. mich,Eucalyptus michaeliana,12.8,Smooth,,10.45,,TRUE,2018-02/2018-07
YGWSFL12,Eli,150.751087966,-33.127151271,E. mich,Eucalyptus michaeliana,20,Smooth,,13.5,,TRUE,2018-02/2018-07
YGWSFL12,Eli,150.751087966,-33.127151271,E. mich,Eucalyptus michaeliana,79,Smooth,,21.5,,TRUE,2018-02/2018-07
DMDSFH2,Eli,150.679056342,-34.320989136,C. gumm,Corymbia gummifera,11.4,Rough,,11.5,,TRUE,2018-02/2018-07
DMDSFH2,Eli,150.679056342,-34.320989136,C. gumm,Corymbia gummifera,12.1,Rough,,20.5,,TRUE,2018-02/2018-07
DMDSFH2,Eli,150.679056342,-34.320989136,C. gumm,Corymbia gummifera,13.6,Rough,,15.5,,TRUE,2018-02/2018-07
DMDSFH2,Eli,150.679056342,-34.320989136,C. gumm,Corymbia gummifera,14.4,Rough,,19.5,,TRUE,2018-02/2018-07
DMDSFH2,Eli,150.679056342,-34.320989136,C. gumm,Corymbia gummifera,14.9,Rough,,15.5,,TRUE,2018-02/2018-07
DMDSFH2,Eli,150.679056342,-34.320989136,C. gumm,Corymbia gummifera,15.5,Rough,,17.5,,TRUE,2018-02/2018-07
DMDSFH2,Eli,150.679056342,-34.320989136,C. gumm,Corymbia gummifera,16.3,Rough,,18,,TRUE,2018-02/2018-07
DMDSFH2,Eli,150.679056342,-34.320989136,C. gumm,Corymbia gummifera,16.5,Rough,,17.5,,TRUE,2018-02/2018-07
DMDSFH2,Eli,150.679056342,-34.320989136,C. gumm,Corymbia gummifera,16.8,Rough,,22,,TRUE,2018-02/2018-07
DMDSFH2,Eli,150.679056342,-34.320989136,C. gumm,Corymbia gummifera,17.1,Rough,,16.5,,TRUE,2018-02/2018-07
DMDSFH2,Eli,150.679056342,-34.320989136,C. gumm,Corymbia gummifera,20.4,Rough,,14.5,,TRUE,2018-02/2018-07
DMDSFH2,Eli,150.679056342,-34.320989136,C. gumm,Corymbia gummifera,21.8,Rough,,21,,TRUE,2018-02/2018-07
DMDSFH2,Eli,150.679056342,-34.320989136,C. gumm,Corymbia gummifera,22.3,Rough,,22,,TRUE,2018-02/2018-07
DMDSFH2,Eli,150.679056342,-34.320989136,C. gumm,Corymbia gummifera,24,Rough,,21,,TRUE,2018-02/2018-07
DMDSFH2,Eli,150.679056342,-34.320989136,C. gumm,Corymbia gummifera,28.4,Rough,,24.5,,TRUE,2018-02/2018-07
DMDSFH2,Eli,150.679056342,-34.320989136,C. gumm,Corymbia gummifera,36.4,Rough,,23.5,,TRUE,2018-02/2018-07
DMDSFH2,Eli,150.679056342,-34.320989136,C. gumm,Corymbia gummifera,42,Rough,,19.5,,TRUE,2018-02/2018-07
DMDSFH2,Eli,150.679056342,-34.320989136,E. glob,Eucalyptus globoidea,13.8,Stringy,,16,,TRUE,2018-02/2018-07
DMDSFH2,Eli,150.679056342,-34.320989136,E. glob,Eucalyptus globoidea,20.2,Stringy,,10,,TRUE,2018-02/2018-07
DMDSFH2,Eli,150.679056342,-34.320989136,E. glob,Eucalyptus globoidea,25.9,Stringy,,19,,TRUE,2018-02/2018-07
DMDSFH2,Eli,150.679056342,-34.320989136,E. glob,Eucalyptus globoidea,29.7,Stringy,,10.45,,TRUE,2018-02/2018-07
DMDSFH2,Eli,150.679056342,-34.320989136,E. glob,Eucalyptus globoidea,34.1,Stringy,,22.5,,TRUE,2018-02/2018-07
DMDSFH2,Eli,150.679056342,-34.320989136,E. glob,Eucalyptus globoidea,47.6,Stringy,,14.5,,TRUE,2018-02/2018-07
DMDSFH2,Eli,150.679056342,-34.320989136,E. glob,Eucalyptus globoidea,51.3,Stringy,,13,,TRUE,2018-02/2018-07
DMDSFH2,Eli,150.679056342,-34.320989136,E. glob,Eucalyptus globoidea,51.8,Stringy,,9.9,,TRUE,2018-02/2018-07
DMDSFH2,Eli,150.679056342,-34.320989136,E. glob,Eucalyptus globoidea,63.5,Stringy,,26.5,,TRUE,2018-02/2018-07
DMDSFH2,Eli,150.679056342,-34.320989136,E. scler,Eucalyptus racemosa,12.8,Smooth,,8,,TRUE,2018-02/2018-07
DMDSFH2,Eli,150.679056342,-34.320989136,E. scler,Eucalyptus racemosa,26.3,Smooth,,11.5,,TRUE,2018-02/2018-07
DMDSFH2,Eli,150.679056342,-34.320989136,E. scler,Eucalyptus racemosa,45.9,Smooth,,13,,TRUE,2018-02/2018-07
DMDSFH2,Eli,150.679056342,-34.320989136,E. scler,Eucalyptus racemosa,47.3,Smooth,,22.5,,TRUE,2018-02/2018-07
DMDSFH2,Eli,150.679056342,-34.320989136,E. sieb,Eucalyptus sieberi,17.2,Rough,,8.5,,TRUE,2018-02/2018-07
DMDSFH2,Eli,150.679056342,-34.320989136,E. sieb,Eucalyptus sieberi,31,Rough,,14,,TRUE,2018-02/2018-07
DMDSFHnew1,Eli,150.741579661,-34.247623996,C. gumm,Corymbia gummifera,10.9,Rough,,18,,TRUE,2018-02/2018-07
DMDSFHnew1,Eli,150.741579661,-34.247623996,C. gumm,Corymbia gummifera,11.1,Rough,,21.5,,TRUE,2018-02/2018-07
DMDSFHnew1,Eli,150.741579661,-34.247623996,C. gumm,Corymbia gummifera,11.7,Rough,,17.5,,TRUE,2018-02/2018-07
DMDSFHnew1,Eli,150.741579661,-34.247623996,C. gumm,Corymbia gummifera,13,Rough,,19.5,,TRUE,2018-02/2018-07
DMDSFHnew1,Eli,150.741579661,-34.247623996,C. gumm,Corymbia gummifera,13.7,Rough,,19,,TRUE,2018-02/2018-07
DMDSFHnew1,Eli,150.741579661,-34.247623996,C. gumm,Corymbia gummifera,13.8,Rough,,19,,TRUE,2018-02/2018-07
DMDSFHnew1,Eli,150.741579661,-34.247623996,C. gumm,Corymbia gummifera,13.9,Rough,,29.5,,TRUE,2018-02/2018-07
DMDSFHnew1,Eli,150.741579661,-34.247623996,C. gumm,Corymbia gummifera,15.5,Rough,,15,,TRUE,2018-02/2018-07
DMDSFHnew1,Eli,150.741579661,-34.247623996,C. gumm,Corymbia gummifera,16.4,Rough,,22.5,,TRUE,2018-02/2018-07
DMDSFHnew1,Eli,150.741579661,-34.247623996,C. gumm,Corymbia gummifera,19.5,Rough,,18,,TRUE,2018-02/2018-07
DMDSFHnew1,Eli,150.741579661,-34.247623996,C. gumm,Corymbia gummifera,19.5,Rough,,20,,TRUE,2018-02/2018-07
DMDSFHnew1,Eli,150.741579661,-34.247623996,C. gumm,Corymbia gummifera,20.6,Rough,,13.5,,TRUE,2018-02/2018-07
DMDSFHnew1,Eli,150.741579661,-34.247623996,C. gumm,Corymbia gummifera,22.1,Rough,,21,,TRUE,2018-02/2018-07
DMDSFHnew1,Eli,150.741579661,-34.247623996,C. gumm,Corymbia gummifera,23.8,Rough,,19,,TRUE,2018-02/2018-07
DMDSFHnew1,Eli,150.741579661,-34.247623996,C. gumm,Corymbia gummifera,25,Rough,,24,,TRUE,2018-02/2018-07
DMDSFHnew1,Eli,150.741579661,-34.247623996,C. gumm,Corymbia gummifera,32.2,Rough,,16.5,,TRUE,2018-02/2018-07
DMDSFHnew1,Eli,150.741579661,-34.247623996,E. beye,Eucalyptus beyeriana,29.7,Ironbark,,50,,TRUE,2018-02/2018-07
DMDSFHnew1,Eli,150.741579661,-34.247623996,E. glob,Eucalyptus globoidea,20,Stringy,,17.5,,TRUE,2018-02/2018-07
DMDSFHnew1,Eli,150.741579661,-34.247623996,E. glob,Eucalyptus globoidea,20.1,Stringy,,10.5,,TRUE,2018-02/2018-07
DMDSFHnew1,Eli,150.741579661,-34.247623996,E. glob,Eucalyptus globoidea,21.3,Stringy,,16,,TRUE,2018-02/2018-07
DMDSFHnew1,Eli,150.741579661,-34.247623996,E. glob,Eucalyptus globoidea,22.1,Stringy,,11,,TRUE,2018-02/2018-07
DMDSFHnew1,Eli,150.741579661,-34.247623996,E. glob,Eucalyptus globoidea,28.2,Stringy,,17,,TRUE,2018-02/2018-07
DMDSFHnew1,Eli,150.741579661,-34.247623996,E. glob,Eucalyptus globoidea,30.2,Stringy,,16,,TRUE,2018-02/2018-07
DMDSFHnew1,Eli,150.741579661,-34.247623996,E. glob,Eucalyptus globoidea,35.7,Stringy,,11.95,,TRUE,2018-02/2018-07
DMDSFHnew1,Eli,150.741579661,-34.247623996,E. glob,Eucalyptus globoidea,40.7,Stringy,,13,,TRUE,2018-02/2018-07
DMDSFHnew1,Eli,150.741579661,-34.247623996,E. glob,Eucalyptus globoidea,46.7,Stringy,,18.5,,TRUE,2018-02/2018-07
DMDSFHnew1,Eli,150.741579661,-34.247623996,E. punc,Eucalyptus punctata,20.3,Smooth,,6.5,,TRUE,2018-02/2018-07
DMDSFHnew1,Eli,150.741579661,-34.247623996,E. punc,Eucalyptus punctata,34.6,Smooth,,8.5,,TRUE,2018-02/2018-07
DMDSFHnew1,Eli,150.741579661,-34.247623996,E. punc,Eucalyptus punctata,45.4,Smooth,,12.5,,TRUE,2018-02/2018-07
DMDSFHnew1,Eli,150.741579661,-34.247623996,E. scler,Eucalyptus racemosa,11.1,Smooth,,10.95,,TRUE,2018-02/2018-07
DMDSFHnew1,Eli,150.741579661,-34.247623996,E. scler,Eucalyptus racemosa,24.5,Smooth,,13.5,,TRUE,2018-02/2018-07
DMDSFHnew1,Eli,150.741579661,-34.247623996,E. scler,Eucalyptus racemosa,54.4,Smooth,,13,,TRUE,2018-02/2018-07
DMDSFHnew2,Eli,150.746130917,-34.239809792,E. beye,Eucalyptus beyeriana,30.9,Ironbark,,30,,TRUE,2018-02/2018-07
DMDSFHnew2,Eli,150.746130917,-34.239809792,E. beye,Eucalyptus beyeriana,41.7,Ironbark,,33,,TRUE,2018-02/2018-07
DMDSFHnew2,Eli,150.746130917,-34.239809792,E. beye,Eucalyptus beyeriana,46.9,Ironbark,,39.5,,TRUE,2018-02/2018-07
DMDSFHnew2,Eli,150.746130917,-34.239809792,E. beye,Eucalyptus beyeriana,57.4,Ironbark,,48.5,,TRUE,2018-02/2018-07
DMDSFHnew2,Eli,150.746130917,-34.239809792,E. beye,Eucalyptus beyeriana,60.6,Ironbark,,50,,TRUE,2018-02/2018-07
DMDSFHnew2,Eli,150.746130917,-34.239809792,E. beye,Eucalyptus beyeriana,68.5,Ironbark,,100,,TRUE,2018-02/2018-07
DMDSFHnew2,Eli,150.746130917,-34.239809792,E. fibr,Eucalyptus fibrosa,21.9,Ironbark,,25.5,,TRUE,2018-02/2018-07
DMDSFHnew2,Eli,150.746130917,-34.239809792,E. fibr,Eucalyptus fibrosa,23.7,Ironbark,,20.5,,TRUE,2018-02/2018-07
DMDSFHnew2,Eli,150.746130917,-34.239809792,E. fibr,Eucalyptus fibrosa,25.7,Ironbark,,36.5,,TRUE,2018-02/2018-07
DMDSFHnew2,Eli,150.746130917,-34.239809792,E. fibr,Eucalyptus fibrosa,29.6,Ironbark,,38.5,,TRUE,2018-02/2018-07
DMDSFHnew2,Eli,150.746130917,-34.239809792,E. fibr,Eucalyptus fibrosa,30.9,Ironbark,,33.5,,TRUE,2018-02/2018-07
DMDSFHnew2,Eli,150.746130917,-34.239809792,E. fibr,Eucalyptus fibrosa,32.4,Ironbark,,33,,TRUE,2018-02/2018-07
DMDSFHnew2,Eli,150.746130917,-34.239809792,E. fibr,Eucalyptus fibrosa,32.8,Ironbark,,36.5,,TRUE,2018-02/2018-07
DMDSFHnew2,Eli,150.746130917,-34.239809792,E. fibr,Eucalyptus fibrosa,35,Ironbark,,33.5,,TRUE,2018-02/2018-07
DMDSFHnew2,Eli,150.746130917,-34.239809792,E. fibr,Eucalyptus fibrosa,35.2,Ironbark,,25,,TRUE,2018-02/2018-07
DMDSFHnew2,Eli,150.746130917,-34.239809792,E. fibr,Eucalyptus fibrosa,37,Ironbark,,25,,TRUE,2018-02/2018-07
DMDSFHnew2,Eli,150.746130917,-34.239809792,E. fibr,Eucalyptus fibrosa,38.9,Ironbark,,27,,TRUE,2018-02/2018-07
DMDSFHnew2,Eli,150.746130917,-34.239809792,E. fibr,Eucalyptus fibrosa,52,Ironbark,,32.5,,TRUE,2018-02/2018-07
DMDSFHnew2,Eli,150.746130917,-34.239809792,E. fibr,Eucalyptus fibrosa,52.7,Ironbark,,31,,TRUE,2018-02/2018-07
DMDSFHnew2,Eli,150.746130917,-34.239809792,E. fibr,Eucalyptus fibrosa,60.5,Ironbark,,45,,TRUE,2018-02/2018-07
DMDSFHnew2,Eli,150.746130917,-34.239809792,E. glob,Eucalyptus globoidea,16.5,Stringy,,10.45,,TRUE,2018-02/2018-07
DMDSFHnew2,Eli,150.746130917,-34.239809792,E. glob,Eucalyptus globoidea,17,Stringy,,11,,TRUE,2018-02/2018-07
DMDSFHnew2,Eli,150.746130917,-34.239809792,E. glob,Eucalyptus globoidea,17.1,Stringy,,12,,TRUE,2018-02/2018-07
DMDSFHnew2,Eli,150.746130917,-34.239809792,E. glob,Eucalyptus globoidea,18.9,Stringy,,14,,TRUE,2018-02/2018-07
DMDSFHnew2,Eli,150.746130917,-34.239809792,E. glob,Eucalyptus globoidea,20.7,Stringy,,10.5,,TRUE,2018-02/2018-07
DMDSFHnew2,Eli,150.746130917,-34.239809792,E. glob,Eucalyptus globoidea,22.2,Stringy,,14.5,,TRUE,2018-02/2018-07
DMDSFHnew2,Eli,150.746130917,-34.239809792,E. glob,Eucalyptus globoidea,25.2,Stringy,,14,,TRUE,2018-02/2018-07
DMDSFHnew2,Eli,150.746130917,-34.239809792,E. glob,Eucalyptus globoidea,25.5,Stringy,,11.5,,TRUE,2018-02/2018-07
DMDSFHnew2,Eli,150.746130917,-34.239809792,E. glob,Eucalyptus globoidea,28.2,Stringy,,23,,TRUE,2018-02/2018-07
DMDSFHnew2,Eli,150.746130917,-34.239809792,E. glob,Eucalyptus globoidea,28.7,Stringy,,8.95,,TRUE,2018-02/2018-07
DMWSFH14,Eli,150.786216413,-34.305491994,C. gumm,Corymbia gummifera,12.4,Rough,,22,,TRUE,2018-02/2018-07
DMWSFH14,Eli,150.786216413,-34.305491994,C. gumm,Corymbia gummifera,13.5,Rough,,18,,TRUE,2018-02/2018-07
DMWSFH14,Eli,150.786216413,-34.305491994,C. gumm,Corymbia gummifera,14.1,Rough,,25,,TRUE,2018-02/2018-07
DMWSFH14,Eli,150.786216413,-34.305491994,C. gumm,Corymbia gummifera,15.2,Rough,,25,,TRUE,2018-02/2018-07
DMWSFH14,Eli,150.786216413,-34.305491994,C. gumm,Corymbia gummifera,17.1,Rough,,26.5,,TRUE,2018-02/2018-07
DMWSFH14,Eli,150.786216413,-34.305491994,C. gumm,Corymbia gummifera,17.3,Rough,,20,,TRUE,2018-02/2018-07
DMWSFH14,Eli,150.786216413,-34.305491994,C. gumm,Corymbia gummifera,18.1,Rough,,19.5,,TRUE,2018-02/2018-07
DMWSFH14,Eli,150.786216413,-34.305491994,C. gumm,Corymbia gummifera,19.9,Rough,,25,,TRUE,2018-02/2018-07
DMWSFH14,Eli,150.786216413,-34.305491994,C. gumm,Corymbia gummifera,20.8,Rough,,33,,TRUE,2018-02/2018-07
DMWSFH14,Eli,150.786216413,-34.305491994,C. gumm,Corymbia gummifera,21.7,Rough,,26.5,,TRUE,2018-02/2018-07
DMWSFH14,Eli,150.786216413,-34.305491994,C. gumm,Corymbia gummifera,22,Rough,,24.5,,TRUE,2018-02/2018-07
DMWSFH14,Eli,150.786216413,-34.305491994,C. gumm,Corymbia gummifera,22.5,Rough,,27.5,,TRUE,2018-02/2018-07
DMWSFH14,Eli,150.786216413,-34.305491994,C. gumm,Corymbia gummifera,25.5,Rough,,31.5,,TRUE,2018-02/2018-07
DMWSFH14,Eli,150.786216413,-34.305491994,C. gumm,Corymbia gummifera,28.3,Rough,,29.5,,TRUE,2018-02/2018-07
DMWSFH14,Eli,150.786216413,-34.305491994,E. glob,Eucalyptus globoidea,31.3,Stringy,,32,,TRUE,2018-02/2018-07
DMWSFH14,Eli,150.786216413,-34.305491994,E. glob,Eucalyptus globoidea,32.5,Stringy,,22,,TRUE,2018-02/2018-07
DMWSFH14,Eli,150.786216413,-34.305491994,E. glob,Eucalyptus globoidea,34,Stringy,,13.95,,TRUE,2018-02/2018-07
DMWSFH14,Eli,150.786216413,-34.305491994,E. glob,Eucalyptus globoidea,34.8,Stringy,,29,,TRUE,2018-02/2018-07
DMWSFH14,Eli,150.786216413,-34.305491994,E. glob,Eucalyptus globoidea,35.3,Stringy,,16,,TRUE,2018-02/2018-07
DMWSFH14,Eli,150.786216413,-34.305491994,E. glob,Eucalyptus globoidea,37.5,Stringy,,11,,TRUE,2018-02/2018-07
DMWSFH14,Eli,150.786216413,-34.305491994,E. glob,Eucalyptus globoidea,40,Stringy,,9.45,,TRUE,2018-02/2018-07
DMWSFH14,Eli,150.786216413,-34.305491994,E. glob,Eucalyptus globoidea,40.6,Stringy,,12.5,,TRUE,2018-02/2018-07
DMWSFH14,Eli,150.786216413,-34.305491994,E. glob,Eucalyptus globoidea,40.8,Stringy,,11.95,,TRUE,2018-02/2018-07
DMWSFH14,Eli,150.786216413,-34.305491994,E. glob,Eucalyptus globoidea,41.1,Stringy,,12,,TRUE,2018-02/2018-07
DMWSFH14,Eli,150.786216413,-34.305491994,E. glob,Eucalyptus globoidea,43.1,Stringy,,17,,TRUE,2018-02/2018-07
DMWSFH14,Eli,150.786216413,-34.305491994,E. glob,Eucalyptus globoidea,45.4,Stringy,,14.5,,TRUE,2018-02/2018-07
DMWSFH14,Eli,150.786216413,-34.305491994,E. glob,Eucalyptus globoidea,49.7,Stringy,,12.5,,TRUE,2018-02/2018-07
DMWSFH14,Eli,150.786216413,-34.305491994,E. glob,Eucalyptus globoidea,50.9,Stringy,,22,,TRUE,2018-02/2018-07
DMWSFH14,Eli,150.786216413,-34.305491994,E. glob,Eucalyptus globoidea,51.7,Stringy,,0.1,,TRUE,2018-02/2018-07
DMWSFH14,Eli,150.786216413,-34.305491994,E. glob,Eucalyptus globoidea,51.9,Stringy,,17.45,,TRUE,2018-02/2018-07
DMWSFH14,Eli,150.786216413,-34.305491994,E. glob,Eucalyptus globoidea,53.5,Stringy,,18,,TRUE,2018-02/2018-07
DMWSFH14,Eli,150.786216413,-34.305491994,E. glob,Eucalyptus globoidea,63.3,Stringy,,18,,TRUE,2018-02/2018-07
DMWSFH14,Eli,150.786216413,-34.305491994,E. glob,Eucalyptus globoidea,68.8,Stringy,,29.5,,TRUE,2018-02/2018-07
DMWSFH14,Eli,150.786216413,-34.305491994,E. glob,Eucalyptus globoidea,81.5,Stringy,,42.5,,TRUE,2018-02/2018-07
DMWSFH14,Eli,150.786216413,-34.305491994,E. glob,Eucalyptus globoidea,89.5,Stringy,,21.5,,TRUE,2018-02/2018-07
DMWSFH14,Eli,150.786216413,-34.305491994,E. resi,Eucalyptus resinifera,20.6,Stringy,,18,,TRUE,2018-02/2018-07
DMWSFH14,Eli,150.786216413,-34.305491994,E. resi,Eucalyptus resinifera,21.7,Stringy,,8.5,,TRUE,2018-02/2018-07
DMWSFH14,Eli,150.786216413,-34.305491994,E. resi,Eucalyptus resinifera,25.7,Stringy,,8,,TRUE,2018-02/2018-07
DMWSFH14,Eli,150.786216413,-34.305491994,E. resi,Eucalyptus resinifera,30,Stringy,,12,,TRUE,2018-02/2018-07
DMWSFH14,Eli,150.786216413,-34.305491994,E. resi,Eucalyptus resinifera,30.9,Stringy,,12.5,,TRUE,2018-02/2018-07
DMWSFH14,Eli,150.786216413,-34.305491994,E. resi,Eucalyptus resinifera,35.8,Stringy,,14.5,,TRUE,2018-02/2018-07
DMWSFH6,Eli,150.77172143,-34.287043841,C. gumm,Corymbia gummifera,27,Rough,,26,,TRUE,2018-02/2018-07
DMWSFH6,Eli,150.77172143,-34.287043841,C. gumm,Corymbia gummifera,41.7,Rough,,33.5,,TRUE,2018-02/2018-07
DMWSFH6,Eli,150.77172143,-34.287043841,C. gumm,Corymbia gummifera,53.4,Rough,,35.5,,TRUE,2018-02/2018-07
DMWSFH6,Eli,150.77172143,-34.287043841,C. gumm,Corymbia gummifera,58.8,Rough,,26.5,,TRUE,2018-02/2018-07
DMWSFH6,Eli,150.77172143,-34.287043841,C. gumm,Corymbia gummifera,66.3,Rough,,32.5,,TRUE,2018-02/2018-07
DMWSFH6,Eli,150.77172143,-34.287043841,C. gumm,Corymbia gummifera,68.4,Rough,,34,,TRUE,2018-02/2018-07
DMWSFH6,Eli,150.77172143,-34.287043841,C. gumm,Corymbia gummifera,78.4,Rough,,32,,TRUE,2018-02/2018-07
DMWSFH6,Eli,150.77172143,-34.287043841,C. gumm,Corymbia gummifera,87.1,Rough,,31,,TRUE,2018-02/2018-07
DMWSFH6,Eli,150.77172143,-34.287043841,C. gumm,Corymbia gummifera,99.6,Rough,,20,,TRUE,2018-02/2018-07
DMWSFH6,Eli,150.77172143,-34.287043841,E. glob,Eucalyptus globoidea,36.7,Stringy,,17,,TRUE,2018-02/2018-07
DMWSFH6,Eli,150.77172143,-34.287043841,E. glob,Eucalyptus globoidea,44.5,Stringy,,20,,TRUE,2018-02/2018-07
DMWSFH6,Eli,150.77172143,-34.287043841,E. glob,Eucalyptus globoidea,48.5,Stringy,,20,,TRUE,2018-02/2018-07
DMWSFH6,Eli,150.77172143,-34.287043841,E. glob,Eucalyptus globoidea,55.4,Stringy,,33.5,,TRUE,2018-02/2018-07
DMWSFH6,Eli,150.77172143,-34.287043841,E. glob,Eucalyptus globoidea,59.5,Stringy,,42.5,,TRUE,2018-02/2018-07
DMWSFH6,Eli,150.77172143,-34.287043841,E. glob,Eucalyptus globoidea,74.6,Stringy,,24.5,,TRUE,2018-02/2018-07
DMWSFH6,Eli,150.77172143,-34.287043841,E. glob,Eucalyptus globoidea,105.2,Stringy,,20,,TRUE,2018-02/2018-07
SMWSFH5,Eli,150.248232271,-33.526388242,E. blax,Eucalyptus blaxlandii,10,Stringy,,3,,TRUE,2018-02/2018-07
SMWSFH5,Eli,150.248232271,-33.526388242,E. blax,Eucalyptus blaxlandii,55,Stringy,,23.5,,TRUE,2018-02/2018-07
SMWSFH5,Eli,150.248232271,-33.526388242,E. blax,Eucalyptus blaxlandii,59.5,Stringy,,22.5,,TRUE,2018-02/2018-07
SMWSFH5,Eli,150.248232271,-33.526388242,E. cyp,Eucalyptus cypellocarpa,14.2,Stocking,,3,,TRUE,2018-02/2018-07
SMWSFH5,Eli,150.248232271,-33.526388242,E. cyp,Eucalyptus cypellocarpa,26.5,Stocking,,5,,TRUE,2018-02/2018-07
SMWSFH5,Eli,150.248232271,-33.526388242,E. cyp,Eucalyptus cypellocarpa,30.5,Stocking,,0.1,,TRUE,2018-02/2018-07
SMWSFH5,Eli,150.248232271,-33.526388242,E. cyp,Eucalyptus cypellocarpa,40.2,Stocking,,9,,TRUE,2018-02/2018-07
SMWSFH5,Eli,150.248232271,-33.526388242,E. cyp,Eucalyptus cypellocarpa,41.9,Stocking,,9.45,,TRUE,2018-02/2018-07
SMWSFH5,Eli,150.248232271,-33.526388242,E. cyp,Eucalyptus cypellocarpa,43.9,Stocking,,7,,TRUE,2018-02/2018-07
SMWSFH5,Eli,150.248232271,-33.526388242,E. cyp,Eucalyptus cypellocarpa,45.1,Stocking,,10.45,,TRUE,2018-02/2018-07
SMWSFH5,Eli,150.248232271,-33.526388242,E. cyp,Eucalyptus cypellocarpa,47,Stocking,,0.1,,TRUE,2018-02/2018-07
SMWSFH5,Eli,150.248232271,-33.526388242,E. cyp,Eucalyptus cypellocarpa,58.9,Stocking,,9.9,,TRUE,2018-02/2018-07
SMWSFH5,Eli,150.248232271,-33.526388242,E. cyp,Eucalyptus cypellocarpa,63,Stocking,,9.9,,TRUE,2018-02/2018-07
SMWSFH5,Eli,150.248232271,-33.526388242,E. cyp,Eucalyptus cypellocarpa,74.5,Stocking,,13.5,,TRUE,2018-02/2018-07
SMWSFH5,Eli,150.248232271,-33.526388242,E. cyp,Eucalyptus cypellocarpa,75,Stocking,,14,,TRUE,2018-02/2018-07
SMWSFH5,Eli,150.248232271,-33.526388242,E. cyp,Eucalyptus cypellocarpa,75.2,Stocking,,12,,TRUE,2018-02/2018-07
SMWSFH5,Eli,150.248232271,-33.526388242,E. cyp,Eucalyptus cypellocarpa,78,Stocking,,9.45,,TRUE,2018-02/2018-07
SMWSFH5,Eli,150.248232271,-33.526388242,E. cyp,Eucalyptus cypellocarpa,114.5,Stocking,,15.5,,TRUE,2018-02/2018-07
SMWSFH5,Eli,150.248232271,-33.526388242,E. pip,Eucalyptus piperita,13,Rough,,5,,TRUE,2018-02/2018-07
SMWSFH5,Eli,150.248232271,-33.526388242,E. pip,Eucalyptus piperita,32.6,Rough,,16,,TRUE,2018-02/2018-07
SMWSFH5,Eli,150.248232271,-33.526388242,E. pip,Eucalyptus piperita,37.2,Rough,,12,,TRUE,2018-02/2018-07
SMWSFH5,Eli,150.248232271,-33.526388242,E. pip,Eucalyptus piperita,37.6,Rough,,8.95,,TRUE,2018-02/2018-07
SMWSFH5,Eli,150.248232271,-33.526388242,E. pip,Eucalyptus piperita,37.9,Rough,,17.5,,TRUE,2018-02/2018-07
SMWSFH5,Eli,150.248232271,-33.526388242,E. pip,Eucalyptus piperita,43,Rough,,18.5,,TRUE,2018-02/2018-07
SMWSFH5,Eli,150.248232271,-33.526388242,E. pip,Eucalyptus piperita,59,Rough,,13.5,,TRUE,2018-02/2018-07
SMWSFH6,Eli,150.246044885,-33.528494297,E. blax,Eucalyptus blaxlandii,10.2,Stringy,,9.45,,TRUE,2018-02/2018-07
SMWSFH6,Eli,150.246044885,-33.528494297,E. blax,Eucalyptus blaxlandii,21.3,Stringy,,9.45,,TRUE,2018-02/2018-07
SMWSFH6,Eli,150.246044885,-33.528494297,E. cyp,Eucalyptus cypellocarpa,12.8,Stocking,,12,,TRUE,2018-02/2018-07
SMWSFH6,Eli,150.246044885,-33.528494297,E. cyp,Eucalyptus cypellocarpa,20,Stocking,,9.9,,TRUE,2018-02/2018-07
SMWSFH6,Eli,150.246044885,-33.528494297,E. cyp,Eucalyptus cypellocarpa,22.5,Stocking,,5,,TRUE,2018-02/2018-07
SMWSFH6,Eli,150.246044885,-33.528494297,E. cyp,Eucalyptus cypellocarpa,30.5,Stocking,,15.5,,TRUE,2018-02/2018-07
SMWSFH6,Eli,150.246044885,-33.528494297,E. cyp,Eucalyptus cypellocarpa,32,Stocking,,10.45,,TRUE,2018-02/2018-07
SMWSFH6,Eli,150.246044885,-33.528494297,E. cyp,Eucalyptus cypellocarpa,34.5,Stocking,,12.45,,TRUE,2018-02/2018-07
SMWSFH6,Eli,150.246044885,-33.528494297,E. cyp,Eucalyptus cypellocarpa,44.5,Stocking,,16,,TRUE,2018-02/2018-07
SMWSFH6,Eli,150.246044885,-33.528494297,E. cyp,Eucalyptus cypellocarpa,60.2,Stocking,,0.1,,TRUE,2018-02/2018-07
SMWSFH6,Eli,150.246044885,-33.528494297,E. cyp,Eucalyptus cypellocarpa,61,Stocking,,9.9,,TRUE,2018-02/2018-07
SMWSFH6,Eli,150.246044885,-33.528494297,E. cyp,Eucalyptus cypellocarpa,63,Stocking,,12.45,,TRUE,2018-02/2018-07
SMWSFH6,Eli,150.246044885,-33.528494297,E. cyp,Eucalyptus cypellocarpa,68,Stocking,,13.5,,TRUE,2018-02/2018-07
SMWSFH6,Eli,150.246044885,-33.528494297,E. cyp,Eucalyptus cypellocarpa,72,Stocking,,19.5,,TRUE,2018-02/2018-07
SMWSFH6,Eli,150.246044885,-33.528494297,E. cyp,Eucalyptus cypellocarpa,86,Stocking,,13.45,,TRUE,2018-02/2018-07
SMWSFH6,Eli,150.246044885,-33.528494297,E. pip,Eucalyptus piperita,14.6,Rough,,8.95,,TRUE,2018-02/2018-07
SMWSFH6,Eli,150.246044885,-33.528494297,E. pip,Eucalyptus piperita,16.5,Rough,,0.1,,TRUE,2018-02/2018-07
SMWSFH6,Eli,150.246044885,-33.528494297,E. pip,Eucalyptus piperita,30,Rough,,0.1,,TRUE,2018-02/2018-07
SMWSFH6,Eli,150.246044885,-33.528494297,E. pip,Eucalyptus piperita,31.5,Rough,,9.45,,TRUE,2018-02/2018-07
SMWSFH6,Eli,150.246044885,-33.528494297,E. pip,Eucalyptus piperita,54,Rough,,14,,TRUE,2018-02/2018-07
SMWSFH6,Eli,150.246044885,-33.528494297,E. rad,Eucalyptus radiata,21.7,Rough,,11.5,,TRUE,2018-02/2018-07
SMWSFH6,Eli,150.246044885,-33.528494297,E. rad,Eucalyptus radiata,24,Rough,,10.45,,TRUE,2018-02/2018-07
WMDSFH14,Eli,150.691878798,-32.699730326,A. eury,Angophora costata,10.8,Smooth,,9.9,,TRUE,2018-02/2018-07
WMDSFH14,Eli,150.691878798,-32.699730326,A. eury,Angophora costata,15,Smooth,,9.9,,TRUE,2018-02/2018-07
WMDSFH14,Eli,150.691878798,-32.699730326,A. eury,Angophora costata,39,Smooth,,9.9,,TRUE,2018-02/2018-07
WMDSFH14,Eli,150.691878798,-32.699730326,A. flor,Angophora floribunda,27.3,Rough,,19.5,,TRUE,2018-02/2018-07
WMDSFH14,Eli,150.691878798,-32.699730326,E. beye,Eucalyptus beyeriana,15.7,Ironbark,,28.5,,TRUE,2018-02/2018-07
WMDSFH14,Eli,150.691878798,-32.699730326,E. beye,Eucalyptus beyeriana,28.9,Ironbark,,42,,TRUE,2018-02/2018-07
WMDSFH14,Eli,150.691878798,-32.699730326,E. pip,Eucalyptus piperita,10.3,Rough,,8.95,,TRUE,2018-02/2018-07
WMDSFH14,Eli,150.691878798,-32.699730326,E. pip,Eucalyptus piperita,19.1,Rough,,12,,TRUE,2018-02/2018-07
WMDSFH14,Eli,150.691878798,-32.699730326,E. pip,Eucalyptus piperita,49.8,Rough,,19.5,,TRUE,2018-02/2018-07
WMDSFH14,Eli,150.691878798,-32.699730326,E. pip,Eucalyptus piperita,53.4,Rough,,17.5,,TRUE,2018-02/2018-07
WMDSFH14,Eli,150.691878798,-32.699730326,E. pip,Eucalyptus piperita,57.5,Rough,,12.95,,TRUE,2018-02/2018-07
WMDSFH14,Eli,150.691878798,-32.699730326,E. pip,Eucalyptus piperita,62,Rough,,17,,TRUE,2018-02/2018-07
WMDSFH14,Eli,150.691878798,-32.699730326,E. pip,Eucalyptus piperita,62.5,Rough,,8.05,,TRUE,2018-02/2018-07
WMDSFH14,Eli,150.691878798,-32.699730326,E. pip,Eucalyptus piperita,70.5,Rough,,14,,TRUE,2018-02/2018-07
WMDSFH14,Eli,150.691878798,-32.699730326,E. pip,Eucalyptus piperita,71.1,Rough,,14.5,,TRUE,2018-02/2018-07
WMDSFH14,Eli,150.691878798,-32.699730326,E. pip,Eucalyptus piperita,109,Rough,,14,,TRUE,2018-02/2018-07
WMDSFH14,Eli,150.691878798,-32.699730326,E. punc,Eucalyptus punctata,10,Smooth,,8.45,,TRUE,2018-02/2018-07
WMDSFH14,Eli,150.691878798,-32.699730326,E. punc,Eucalyptus punctata,10.5,Smooth,,9,,TRUE,2018-02/2018-07
WMDSFH14,Eli,150.691878798,-32.699730326,E. punc,Eucalyptus punctata,12,Smooth,,9.45,,TRUE,2018-02/2018-07
WMDSFH14,Eli,150.691878798,-32.699730326,E. punc,Eucalyptus punctata,63,Smooth,,18.5,,TRUE,2018-02/2018-07
WMDSFH14,Eli,150.691878798,-32.699730326,E. spar,Eucalyptus sparsifolia,43.8,Stringy,,13.5,,TRUE,2018-02/2018-07
WMWSFH6,Eli,150.694536841,-32.702953483,A. flor,Angophora floribunda,14.6,Rough,,19,,TRUE,2018-02/2018-07
WMWSFH6,Eli,150.694536841,-32.702953483,E. salig,Eucalyptus saligna,27.7,Stocking,,0.1,,TRUE,2018-02/2018-07
WMWSFH6,Eli,150.694536841,-32.702953483,E. salig,Eucalyptus saligna,39.8,Stocking,,14,,TRUE,2018-02/2018-07
WMWSFH6,Eli,150.694536841,-32.702953483,E. salig,Eucalyptus saligna,43.5,Stocking,,11.5,,TRUE,2018-02/2018-07
WMWSFH6,Eli,150.694536841,-32.702953483,E. salig,Eucalyptus saligna,105,Stocking,,17.95,,TRUE,2018-02/2018-07
WMWSFH6,Eli,150.694536841,-32.702953483,E. salig,Eucalyptus saligna,147,Stocking,,17.5,,TRUE,2018-02/2018-07
WMWSFH7,Eli,150.696688363,-32.697672558,A. flor,Angophora floribunda,46.7,Rough,,25.5,,TRUE,2018-02/2018-07
WMWSFH7,Eli,150.696688363,-32.697672558,E. dean,Eucalyptus deanei,180,Smooth,,8.5,,TRUE,2018-02/2018-07
WMWSFH7,Eli,150.696688363,-32.697672558,E. salig,Eucalyptus saligna,29.3,Stocking,,5.5,,TRUE,2018-02/2018-07
WMWSFH7,Eli,150.696688363,-32.697672558,E. salig,Eucalyptus saligna,143.3,Stocking,,10.5,,TRUE,2018-02/2018-07
YGDSFH10,Eli,150.746343676,-33.085071526,A. bake,Angophora bakeri,10,Rough,,13.5,,TRUE,2018-02/2018-07
YGDSFH10,Eli,150.746343676,-33.085071526,A. bake,Angophora bakeri,10.3,Rough,,14.5,,TRUE,2018-02/2018-07
YGDSFH10,Eli,150.746343676,-33.085071526,A. bake,Angophora bakeri,12,Rough,,14.5,,TRUE,2018-02/2018-07
YGDSFH10,Eli,150.746343676,-33.085071526,A. bake,Angophora bakeri,12.9,Rough,,28,,TRUE,2018-02/2018-07
YGDSFH10,Eli,150.746343676,-33.085071526,A. bake,Angophora bakeri,13.1,Rough,,13.5,,TRUE,2018-02/2018-07
YGDSFH10,Eli,150.746343676,-33.085071526,A. bake,Angophora bakeri,14.3,Rough,,18.5,,TRUE,2018-02/2018-07
YGDSFH10,Eli,150.746343676,-33.085071526,A. bake,Angophora bakeri,16.3,Rough,,15,,TRUE,2018-02/2018-07
YGDSFH10,Eli,150.746343676,-33.085071526,A. bake,Angophora bakeri,20,Rough,,19.5,,TRUE,2018-02/2018-07
YGDSFH10,Eli,150.746343676,-33.085071526,A. bake,Angophora bakeri,20,Rough,,24,,TRUE,2018-02/2018-07
YGDSFH10,Eli,150.746343676,-33.085071526,A. bake,Angophora bakeri,22.9,Rough,,19,,TRUE,2018-02/2018-07
YGDSFH10,Eli,150.746343676,-33.085071526,A. bake,Angophora bakeri,22.9,Rough,,25.5,,TRUE,2018-02/2018-07
YGDSFH10,Eli,150.746343676,-33.085071526,A. bake,Angophora bakeri,26,Rough,,20.5,,TRUE,2018-02/2018-07
YGDSFH10,Eli,150.746343676,-33.085071526,A. bake,Angophora bakeri,26.2,Rough,,21,,TRUE,2018-02/2018-07
YGDSFH10,Eli,150.746343676,-33.085071526,A. bake,Angophora bakeri,35.7,Rough,,29,,TRUE,2018-02/2018-07
YGDSFH10,Eli,150.746343676,-33.085071526,A. bake,Angophora bakeri,37.4,Rough,,21.5,,TRUE,2018-02/2018-07
YGDSFH10,Eli,150.746343676,-33.085071526,C. gumm,Corymbia gummifera,39.2,Rough,,25.5,,TRUE,2018-02/2018-07
YGDSFH10,Eli,150.746343676,-33.085071526,C. gumm,Corymbia gummifera,41.3,Rough,,36,,TRUE,2018-02/2018-07
YGDSFH10,Eli,150.746343676,-33.085071526,C. gummxeximxexim,Corymbia gummifera,44.5,Rough,,26,,TRUE,2018-02/2018-07
YGDSFH10,Eli,150.746343676,-33.085071526,E. spar,Eucalyptus sparsifolia,27.3,Stringy,,11.45,,TRUE,2018-02/2018-07
YGDSFH2,Eli,150.794050344,-33.089081291,A. bake,Angophora bakeri,23.1,Rough,,,,TRUE,2018-02/2018-07
YGDSFH2,Eli,150.794050344,-33.089081291,A. eury,Angophora costata,15.9,Smooth,,8.45,,TRUE,2018-02/2018-07
YGDSFH2,Eli,150.794050344,-33.089081291,C. exim,Corymbia eximia,14.9,Rough,,16.5,,TRUE,2018-02/2018-07
YGDSFH2,Eli,150.794050344,-33.089081291,C. exim,Corymbia eximia,15.8,Rough,,10.45,,TRUE,2018-02/2018-07
YGDSFH2,Eli,150.794050344,-33.089081291,C. exim,Corymbia eximia,22.6,Rough,,11.45,,TRUE,2018-02/2018-07
YGDSFH2,Eli,150.794050344,-33.089081291,C. exim,Corymbia eximia,23.3,Rough,,18,,TRUE,2018-02/2018-07
YGDSFH2,Eli,150.794050344,-33.089081291,C. exim,Corymbia eximia,23.9,Rough,,19.5,,TRUE,2018-02/2018-07
YGDSFH2,Eli,150.794050344,-33.089081291,C. exim,Corymbia eximia,25,Rough,,12.95,,TRUE,2018-02/2018-07
YGDSFH2,Eli,150.794050344,-33.089081291,C. exim,Corymbia eximia,34.8,Rough,,21.5,,TRUE,2018-02/2018-07
YGDSFH2,Eli,150.794050344,-33.089081291,C. exim,Corymbia eximia,48.7,Rough,,18,,TRUE,2018-02/2018-07
YGDSFH2,Eli,150.794050344,-33.089081291,C. exim,Corymbia eximia,51,Rough,,28.5,,TRUE,2018-02/2018-07
YGDSFH2,Eli,150.794050344,-33.089081291,C. gumm,Corymbia gummifera,25.2,Rough,,17,,TRUE,2018-02/2018-07
YGDSFH2,Eli,150.794050344,-33.089081291,C. gumm,Corymbia gummifera,54.2,Rough,,26.5,,TRUE,2018-02/2018-07
YGDSFH2,Eli,150.794050344,-33.089081291,E. punc,Eucalyptus punctata,12.2,Smooth,,5,,TRUE,2018-02/2018-07
YGDSFH2,Eli,150.794050344,-33.089081291,E. punc,Eucalyptus punctata,25.2,Smooth,,13.45,,TRUE,2018-02/2018-07
YGDSFH2,Eli,150.794050344,-33.089081291,E. punc,Eucalyptus punctata,28.2,Smooth,,15.5,,TRUE,2018-02/2018-07
YGDSFH2,Eli,150.794050344,-33.089081291,E. spar,Eucalyptus sparsifolia,31.7,Stringy,,14,,TRUE,2018-02/2018-07
YGDSFH2,Eli,150.794050344,-33.089081291,E. spar,Eucalyptus sparsifolia,31.8,Stringy,,11.45,,TRUE,2018-02/2018-07
YGDSFH2,Eli,150.794050344,-33.089081291,E. spar,Eucalyptus sparsifolia,34.3,Stringy,,11.45,,TRUE,2018-02/2018-07
YGDSFH2,Eli,150.794050344,-33.089081291,E. spar,Eucalyptus sparsifolia,34.5,Stringy,,15.5,,TRUE,2018-02/2018-07
YGDSFH2,Eli,150.794050344,-33.089081291,E. spar,Eucalyptus sparsifolia,37.2,Stringy,,15.5,,TRUE,2018-02/2018-07
YGWSFH1,Eli,150.814003344,-33.082327059,E. mich,Eucalyptus michaeliana,13.7,Smooth,,15,,TRUE,2018-02/2018-07
YGWSFH1,Eli,150.814003344,-33.082327059,E. mich,Eucalyptus michaeliana,17.9,Smooth,,9.9,,TRUE,2018-02/2018-07
YGWSFH1,Eli,150.814003344,-33.082327059,E. mich,Eucalyptus michaeliana,27.8,Smooth,,15,,TRUE,2018-02/2018-07
YGWSFH1,Eli,150.814003344,-33.082327059,E. mich,Eucalyptus michaeliana,28.8,Smooth,,20,,TRUE,2018-02/2018-07
YGWSFH1,Eli,150.814003344,-33.082327059,E. mich,Eucalyptus michaeliana,58.8,Smooth,,18.5,,TRUE,2018-02/2018-07
YGWSFH1,Eli,150.814003344,-33.082327059,E. mich,Eucalyptus michaeliana,109,Smooth,,18,,TRUE,2018-02/2018-07
YGWSFH1,Eli,150.814003344,-33.082327059,E. mich,Eucalyptus michaeliana,128.8,Smooth,,23,,TRUE,2018-02/2018-07
DMDSFH14,Eli,150.776298778,-34.28770406,C. gumm,Corymbia gummifera,11.5,Rough,,17,,TRUE,2018-02/2018-07
DMDSFH14,Eli,150.776298778,-34.28770406,C. gumm,Corymbia gummifera,12.2,Rough,,20,,TRUE,2018-02/2018-07
DMDSFH14,Eli,150.776298778,-34.28770406,C. gumm,Corymbia gummifera,13.5,Rough,,20.5,,TRUE,2018-02/2018-07
DMDSFH14,Eli,150.776298778,-34.28770406,C. gumm,Corymbia gummifera,13.8,Rough,,18.5,,TRUE,2018-02/2018-07
DMDSFH14,Eli,150.776298778,-34.28770406,C. gumm,Corymbia gummifera,13.8,Rough,,22,,TRUE,2018-02/2018-07
DMDSFH14,Eli,150.776298778,-34.28770406,C. gumm,Corymbia gummifera,14.3,Rough,,13.5,,TRUE,2018-02/2018-07
DMDSFH14,Eli,150.776298778,-34.28770406,C. gumm,Corymbia gummifera,15,Rough,,17,,TRUE,2018-02/2018-07
DMDSFH14,Eli,150.776298778,-34.28770406,C. gumm,Corymbia gummifera,15,Rough,,24.5,,TRUE,2018-02/2018-07
DMDSFH14,Eli,150.776298778,-34.28770406,C. gumm,Corymbia gummifera,15.8,Rough,,20.5,,TRUE,2018-02/2018-07
DMDSFH14,Eli,150.776298778,-34.28770406,C. gumm,Corymbia gummifera,27.7,Rough,,24.5,,TRUE,2018-02/2018-07
DMDSFH14,Eli,150.776298778,-34.28770406,C. gumm,Corymbia gummifera,34.2,Rough,,31,,TRUE,2018-02/2018-07
DMDSFH14,Eli,150.776298778,-34.28770406,E. glob,Eucalyptus globoidea,37.5,Stringy,,15.5,,TRUE,2018-02/2018-07
DMDSFH14,Eli,150.776298778,-34.28770406,E. haem,Eucalyptus haemastoma,12.5,Smooth,,6,,TRUE,2018-02/2018-07
DMDSFH14,Eli,150.776298778,-34.28770406,E. haem,Eucalyptus haemastoma,13.1,Smooth,,7.5,,TRUE,2018-02/2018-07
DMDSFH14,Eli,150.776298778,-34.28770406,E. haem,Eucalyptus haemastoma,14.7,Smooth,,9,,TRUE,2018-02/2018-07
DMDSFH14,Eli,150.776298778,-34.28770406,E. haem,Eucalyptus haemastoma,17.8,Smooth,,14.45,,TRUE,2018-02/2018-07
DMDSFH14,Eli,150.776298778,-34.28770406,E. haem,Eucalyptus haemastoma,20.9,Smooth,,9.9,,TRUE,2018-02/2018-07
DMDSFH14,Eli,150.776298778,-34.28770406,E. haem,Eucalyptus haemastoma,21,Smooth,,10,,TRUE,2018-02/2018-07
DMDSFH14,Eli,150.776298778,-34.28770406,E. haem,Eucalyptus haemastoma,21.5,Smooth,,7.5,,TRUE,2018-02/2018-07
DMDSFH14,Eli,150.776298778,-34.28770406,E. haem,Eucalyptus haemastoma,22.2,Smooth,,11,,TRUE,2018-02/2018-07
DMDSFH14,Eli,150.776298778,-34.28770406,E. haem,Eucalyptus haemastoma,22.4,Smooth,,5.5,,TRUE,2018-02/2018-07
DMDSFH14,Eli,150.776298778,-34.28770406,E. haem,Eucalyptus haemastoma,28,Smooth,,12.5,,TRUE,2018-02/2018-07
DMDSFH14,Eli,150.776298778,-34.28770406,E. haem,Eucalyptus haemastoma,28.6,Smooth,,9.9,,TRUE,2018-02/2018-07
DMDSFH14,Eli,150.776298778,-34.28770406,E. haem,Eucalyptus haemastoma,30.4,Smooth,,10.45,,TRUE,2018-02/2018-07
DMDSFH14,Eli,150.776298778,-34.28770406,E. haem,Eucalyptus haemastoma,30.5,Smooth,,8,,TRUE,2018-02/2018-07
DMDSFH14,Eli,150.776298778,-34.28770406,E. haem,Eucalyptus haemastoma,32.4,Smooth,,6.5,,TRUE,2018-02/2018-07
DMDSFH14,Eli,150.776298778,-34.28770406,E. haem,Eucalyptus haemastoma,34,Smooth,,15,,TRUE,2018-02/2018-07
DMDSFH14,Eli,150.776298778,-34.28770406,E. haem,Eucalyptus haemastoma,37.7,Smooth,,14.5,,TRUE,2018-02/2018-07
DMDSFH14,Eli,150.776298778,-34.28770406,E. haem,Eucalyptus haemastoma,64,Smooth,,7.5,,TRUE,2018-02/2018-07
WMDSFH13,Eli,150.676915033,-32.705099009,A. eury,Angophora costata,22,Smooth,,11,,TRUE,2018-02/2018-07
WMDSFH13,Eli,150.676915033,-32.705099009,A. eury,Angophora costata,27.9,Smooth,,8.95,,TRUE,2018-02/2018-07
WMDSFH13,Eli,150.676915033,-32.705099009,A. eury,Angophora costata,34,Smooth,,5.5,,TRUE,2018-02/2018-07
WMDSFH13,Eli,150.676915033,-32.705099009,A. eury,Angophora costata,35.4,Smooth,,13.5,,TRUE,2018-02/2018-07
WMDSFH13,Eli,150.676915033,-32.705099009,E. pip,Eucalyptus piperita,41.5,Rough,,10.45,,TRUE,2018-02/2018-07
WMDSFH13,Eli,150.676915033,-32.705099009,E. pip,Eucalyptus piperita,50.9,Rough,,13.5,,TRUE,2018-02/2018-07
WMDSFH13,Eli,150.676915033,-32.705099009,E. pip,Eucalyptus piperita,52.3,Rough,,13.5,,TRUE,2018-02/2018-07
WMDSFH13,Eli,150.676915033,-32.705099009,E. pip,Eucalyptus piperita,52.9,Rough,,9.9,,TRUE,2018-02/2018-07
WMDSFH13,Eli,150.676915033,-32.705099009,E. pip,Eucalyptus piperita,55.2,Rough,,8.95,,TRUE,2018-02/2018-07
WMDSFH13,Eli,150.676915033,-32.705099009,E. pip,Eucalyptus piperita,56,Rough,,8,,TRUE,2018-02/2018-07
WMDSFH13,Eli,150.676915033,-32.705099009,E. pip,Eucalyptus piperita,58.1,Rough,,11.5,,TRUE,2018-02/2018-07
WMDSFH13,Eli,150.676915033,-32.705099009,E. pip,Eucalyptus piperita,58.6,Rough,,9.5,,TRUE,2018-02/2018-07
WMDSFH13,Eli,150.676915033,-32.705099009,E. pip,Eucalyptus piperita,61,Rough,,10.45,,TRUE,2018-02/2018-07
WMDSFH13,Eli,150.676915033,-32.705099009,E. pip,Eucalyptus piperita,64.4,Rough,,10,,TRUE,2018-02/2018-07
WMDSFH13,Eli,150.676915033,-32.705099009,E. pip,Eucalyptus piperita,72.1,Rough,,14,,TRUE,2018-02/2018-07
WMDSFH13,Eli,150.676915033,-32.705099009,E. pip,Eucalyptus piperita,72.5,Rough,,12,,TRUE,2018-02/2018-07
WMDSFH13,Eli,150.676915033,-32.705099009,E. pip,Eucalyptus piperita,76,Rough,,12,,TRUE,2018-02/2018-07
WMDSFH13,Eli,150.676915033,-32.705099009,E. pip,Eucalyptus piperita,89.7,Rough,,14.5,,TRUE,2018-02/2018-07
WMDSFH13,Eli,150.676915033,-32.705099009,E. punc,Eucalyptus punctata,15,Smooth,,17.5,,TRUE,2018-02/2018-07
WMDSFH13,Eli,150.676915033,-32.705099009,E. punc,Eucalyptus punctata,26.1,Smooth,,8.95,,TRUE,2018-02/2018-07
WMDSFH13,Eli,150.676915033,-32.705099009,E. punc,Eucalyptus punctata,31.7,Smooth,,9.5,,TRUE,2018-02/2018-07
WMDSFH13,Eli,150.676915033,-32.705099009,E. punc,Eucalyptus punctata,36,Smooth,,14,,TRUE,2018-02/2018-07
WMDSFH13,Eli,150.676915033,-32.705099009,E. spar,Eucalyptus sparsifolia,56.7,Stringy,,17.5,,TRUE,2018-02/2018-07
WMDSFH2,Eli,150.706973637,-32.709178412,A. flor,Angophora floribunda,10.7,Rough,,10.45,,TRUE,2018-02/2018-07
WMDSFH2,Eli,150.706973637,-32.709178412,A. flor,Angophora floribunda,29.2,Rough,,11.5,,TRUE,2018-02/2018-07
WMDSFH2,Eli,150.706973637,-32.709178412,A. flor,Angophora floribunda,63,Rough,,11.5,,TRUE,2018-02/2018-07
WMDSFH2,Eli,150.706973637,-32.709178412,E. pip,Eucalyptus piperita,43.2,Rough,,11.5,,TRUE,2018-02/2018-07
WMDSFH2,Eli,150.706973637,-32.709178412,E. pip,Eucalyptus piperita,45.1,Rough,,12.45,,TRUE,2018-02/2018-07
WMDSFH2,Eli,150.706973637,-32.709178412,E. pip,Eucalyptus piperita,62.5,Rough,,12,,TRUE,2018-02/2018-07
WMDSFH2,Eli,150.706973637,-32.709178412,E. pip,Eucalyptus piperita,67,Rough,,10,,TRUE,2018-02/2018-07
WMDSFH2,Eli,150.706973637,-32.709178412,E. pip,Eucalyptus piperita,73,Rough,,10,,TRUE,2018-02/2018-07
WMDSFH2,Eli,150.706973637,-32.709178412,E. pip,Eucalyptus piperita,76.5,Rough,,12.5,,TRUE,2018-02/2018-07
WMDSFH2,Eli,150.706973637,-32.709178412,E. pip,Eucalyptus piperita,86,Rough,,16.5,,TRUE,2018-02/2018-07
WMDSFH2,Eli,150.706973637,-32.709178412,E. pip,Eucalyptus piperita,92.5,Rough,,13.5,,TRUE,2018-02/2018-07
WMDSFH9,Eli,150.705832709,-32.683745422,A. eury,Angophora costata,30.2,Smooth,,6,,TRUE,2018-02/2018-07
WMDSFH9,Eli,150.705832709,-32.683745422,E. pip,Eucalyptus piperita,47,Rough,,8,,TRUE,2018-02/2018-07
WMDSFH9,Eli,150.705832709,-32.683745422,E. pip,Eucalyptus piperita,54.1,Rough,,11.45,,TRUE,2018-02/2018-07
WMDSFH9,Eli,150.705832709,-32.683745422,E. pip,Eucalyptus piperita,58.2,Rough,,12.45,,TRUE,2018-02/2018-07
WMDSFH9,Eli,150.705832709,-32.683745422,E. pip,Eucalyptus piperita,59.8,Rough,,13.5,,TRUE,2018-02/2018-07
WMDSFH9,Eli,150.705832709,-32.683745422,E. pip,Eucalyptus piperita,77.5,Rough,,14.5,,TRUE,2018-02/2018-07
WMDSFH9,Eli,150.705832709,-32.683745422,E. pip,Eucalyptus piperita,114,Rough,,8.05,,TRUE,2018-02/2018-07
WMDSFH9,Eli,150.705832709,-32.683745422,E. punc,Eucalyptus punctata,55.2,Smooth,,10.45,,TRUE,2018-02/2018-07
WMDSFH9,Eli,150.705832709,-32.683745422,E. punc,Eucalyptus punctata,81,Smooth,,9.9,,TRUE,2018-02/2018-07
WMDSFH9,Eli,150.705832709,-32.683745422,E. spar,Eucalyptus sparsifolia,14.5,Stringy,,6.5,,TRUE,2018-02/2018-07
WMDSFH9,Eli,150.705832709,-32.683745422,E. spar,Eucalyptus sparsifolia,62.5,Stringy,,9.45,,TRUE,2018-02/2018-07
WMWSFH2,Eli,150.738518656,-32.637094316,A. flor,Angophora floribunda,11.3,Rough,,17.5,,TRUE,2018-02/2018-07
WMWSFH2,Eli,150.738518656,-32.637094316,A. flor,Angophora floribunda,34.5,Rough,,27.5,,TRUE,2018-02/2018-07
WMWSFH2,Eli,150.738518656,-32.637094316,A. flor,Angophora floribunda,45,Rough,,18,,TRUE,2018-02/2018-07
WMWSFH2,Eli,150.738518656,-32.637094316,A. flor,Angophora floribunda,54,Rough,,10,,TRUE,2018-02/2018-07
WMWSFH2,Eli,150.738518656,-32.637094316,A. flor,Angophora floribunda,69.7,Rough,,7.55,,TRUE,2018-02/2018-07
WMWSFH2,Eli,150.738518656,-32.637094316,E. dean,Eucalyptus deanei,11.5,Smooth,,8,,TRUE,2018-02/2018-07
WMWSFH2,Eli,150.738518656,-32.637094316,E. dean,Eucalyptus deanei,13.4,Smooth,,6.5,,TRUE,2018-02/2018-07
WMWSFH2,Eli,150.738518656,-32.637094316,E. dean,Eucalyptus deanei,20,Smooth,,10,,TRUE,2018-02/2018-07
WMWSFH2,Eli,150.738518656,-32.637094316,E. dean,Eucalyptus deanei,21,Smooth,,14.5,,TRUE,2018-02/2018-07
WMWSFH2,Eli,150.738518656,-32.637094316,E. dean,Eucalyptus deanei,21.8,Smooth,,14,,TRUE,2018-02/2018-07
WMWSFH2,Eli,150.738518656,-32.637094316,E. dean,Eucalyptus deanei,24.7,Smooth,,11,,TRUE,2018-02/2018-07
WMWSFH2,Eli,150.738518656,-32.637094316,E. dean,Eucalyptus deanei,25.1,Smooth,,12,,TRUE,2018-02/2018-07
WMWSFH2,Eli,150.738518656,-32.637094316,E. dean,Eucalyptus deanei,25.3,Smooth,,14.5,,TRUE,2018-02/2018-07
WMWSFH2,Eli,150.738518656,-32.637094316,E. dean,Eucalyptus deanei,26.9,Smooth,,11.5,,TRUE,2018-02/2018-07
WMWSFH2,Eli,150.738518656,-32.637094316,E. dean,Eucalyptus deanei,29.2,Smooth,,11.5,,TRUE,2018-02/2018-07
WMWSFH2,Eli,150.738518656,-32.637094316,E. dean,Eucalyptus deanei,29.5,Smooth,,11.5,,TRUE,2018-02/2018-07
WMWSFH2,Eli,150.738518656,-32.637094316,E. dean,Eucalyptus deanei,30,Smooth,,10.45,,TRUE,2018-02/2018-07
WMWSFH2,Eli,150.738518656,-32.637094316,E. dean,Eucalyptus deanei,33.4,Smooth,,11.5,,TRUE,2018-02/2018-07
WMWSFH2,Eli,150.738518656,-32.637094316,E. dean,Eucalyptus deanei,44.6,Smooth,,14.5,,TRUE,2018-02/2018-07
WMWSFH2,Eli,150.738518656,-32.637094316,E. dean,Eucalyptus deanei,45.7,Smooth,,14.5,,TRUE,2018-02/2018-07
WMWSFH2,Eli,150.738518656,-32.637094316,E. dean,Eucalyptus deanei,48.8,Smooth,,14.5,,TRUE,2018-02/2018-07
WMWSFH2,Eli,150.738518656,-32.637094316,E. dean,Eucalyptus deanei,58,Smooth,,22.5,,TRUE,2018-02/2018-07
WMWSFH2,Eli,150.738518656,-32.637094316,E. punc,Eucalyptus punctata,30,Smooth,,21,,TRUE,2018-02/2018-07
YGWSFH7,Eli,150.731734185,-33.078764814,A. eury,Angophora costata,10,Smooth,,13.5,,TRUE,2018-02/2018-07
YGWSFH7,Eli,150.731734185,-33.078764814,A. eury,Angophora costata,25.2,Smooth,,14.5,,TRUE,2018-02/2018-07
YGWSFH7,Eli,150.731734185,-33.078764814,A. eury,Angophora costata,36.8,Smooth,,15,,TRUE,2018-02/2018-07
YGWSFH7,Eli,150.731734185,-33.078764814,A. eury,Angophora costata,48.3,Smooth,,10.95,,TRUE,2018-02/2018-07
YGWSFH7,Eli,150.731734185,-33.078764814,A. eury,Angophora costata,79,Smooth,,18.5,,TRUE,2018-02/2018-07
YGWSFH7,Eli,150.731734185,-33.078764814,C. gumm,Corymbia gummifera,12.2,Rough,,0.1,,TRUE,2018-02/2018-07
YGWSFH7,Eli,150.731734185,-33.078764814,C. gumm,Corymbia gummifera,15.7,Rough,,35,,TRUE,2018-02/2018-07
YGWSFH7,Eli,150.731734185,-33.078764814,C. gumm,Corymbia gummifera,27,Rough,,37,,TRUE,2018-02/2018-07
YGWSFH7,Eli,150.731734185,-33.078764814,C. gumm,Corymbia gummifera,42,Rough,,26,,TRUE,2018-02/2018-07
YGWSFH7,Eli,150.731734185,-33.078764814,C. gumm,Corymbia gummifera,51.9,Rough,,23.5,,TRUE,2018-02/2018-07
YGWSFH7,Eli,150.731734185,-33.078764814,C. gumm,Corymbia gummifera,58.2,Rough,,32.5,,TRUE,2018-02/2018-07
YGWSFH7,Eli,150.731734185,-33.078764814,C. gumm,Corymbia gummifera,60,Rough,,26.5,,TRUE,2018-02/2018-07
YGWSFH7,Eli,150.731734185,-33.078764814,C. gumm,Corymbia gummifera,79,Rough,,25.5,,TRUE,2018-02/2018-07
YGWSFH7,Eli,150.731734185,-33.078764814,C. gumm,Corymbia gummifera,81.4,Rough,,32,,TRUE,2018-02/2018-07
YGWSFH7,Eli,150.731734185,-33.078764814,E. pip,Eucalyptus piperita,46.6,Rough,,19,,TRUE,2018-02/2018-07
YGWSFH7,Eli,150.731734185,-33.078764814,E. punc,Eucalyptus punctata,10,Smooth,,18.5,,TRUE,2018-02/2018-07
SMWSFL4,Eli,150.239587778,-33.564646764,E. cyp,Eucalyptus cypellocarpa,12,Stocking,,0.1,,TRUE,2018-02/2018-07
SMWSFL4,Eli,150.239587778,-33.564646764,E. cyp,Eucalyptus cypellocarpa,15.7,Stocking,,0.1,,TRUE,2018-02/2018-07
SMWSFL4,Eli,150.239587778,-33.564646764,E. cyp,Eucalyptus cypellocarpa,18.5,Stocking,,9.9,,TRUE,2018-02/2018-07
SMWSFL4,Eli,150.239587778,-33.564646764,E. cyp,Eucalyptus cypellocarpa,18.5,Stocking,,12,,TRUE,2018-02/2018-07
SMWSFL4,Eli,150.239587778,-33.564646764,E. cyp,Eucalyptus cypellocarpa,23.6,Stocking,,10.45,,TRUE,2018-02/2018-07
SMWSFL4,Eli,150.239587778,-33.564646764,E. cyp,Eucalyptus cypellocarpa,28,Stocking,,13.5,,TRUE,2018-02/2018-07
SMWSFL4,Eli,150.239587778,-33.564646764,E. cyp,Eucalyptus cypellocarpa,29,Stocking,,12,,TRUE,2018-02/2018-07
SMWSFL4,Eli,150.239587778,-33.564646764,E. cyp,Eucalyptus cypellocarpa,29.5,Stocking,,12.5,,TRUE,2018-02/2018-07
SMWSFL4,Eli,150.239587778,-33.564646764,E. cyp,Eucalyptus cypellocarpa,29.9,Stocking,,16.5,,TRUE,2018-02/2018-07
SMWSFL4,Eli,150.239587778,-33.564646764,E. cyp,Eucalyptus cypellocarpa,30.4,Stocking,,16.5,,TRUE,2018-02/2018-07
SMWSFL4,Eli,150.239587778,-33.564646764,E. cyp,Eucalyptus cypellocarpa,33,Stocking,,11.5,,TRUE,2018-02/2018-07
SMWSFL4,Eli,150.239587778,-33.564646764,E. cyp,Eucalyptus cypellocarpa,36.4,Stocking,,9.9,,TRUE,2018-02/2018-07
SMWSFL4,Eli,150.239587778,-33.564646764,E. cyp,Eucalyptus cypellocarpa,39.4,Stocking,,14.5,,TRUE,2018-02/2018-07
SMWSFL4,Eli,150.239587778,-33.564646764,E. cyp,Eucalyptus cypellocarpa,57,Stocking,,18,,TRUE,2018-02/2018-07
SMWSFL4,Eli,150.239587778,-33.564646764,E. cyp,Eucalyptus cypellocarpa,57.3,Stocking,,10.5,,TRUE,2018-02/2018-07
SMWSFL4,Eli,150.239587778,-33.564646764,E. cyp,Eucalyptus cypellocarpa,58.5,Stocking,,13,,TRUE,2018-02/2018-07
SMWSFL4,Eli,150.239587778,-33.564646764,E. cyp,Eucalyptus cypellocarpa,60,Stocking,,20.5,,TRUE,2018-02/2018-07
SMWSFL4,Eli,150.239587778,-33.564646764,E. cyp,Eucalyptus cypellocarpa,60.2,Stocking,,17,,TRUE,2018-02/2018-07
SMWSFL4,Eli,150.239587778,-33.564646764,E. cyp,Eucalyptus cypellocarpa,62.4,Stocking,,21.5,,TRUE,2018-02/2018-07
SMWSFL4,Eli,150.239587778,-33.564646764,E. cyp,Eucalyptus cypellocarpa,63.3,Stocking,,19,,TRUE,2018-02/2018-07
SMWSFL4,Eli,150.239587778,-33.564646764,E. cyp,Eucalyptus cypellocarpa,64,Stocking,,13.5,,TRUE,2018-02/2018-07
SMWSFL4,Eli,150.239587778,-33.564646764,E. cyp,Eucalyptus cypellocarpa,66,Stocking,,15,,TRUE,2018-02/2018-07
SMWSFL4,Eli,150.239587778,-33.564646764,E. cyp,Eucalyptus cypellocarpa,72.3,Stocking,,19.5,,TRUE,2018-02/2018-07
SMWSFL4,Eli,150.239587778,-33.564646764,E. cyp,Eucalyptus cypellocarpa,104.2,Stocking,,11.95,,TRUE,2018-02/2018-07
Fenris Gully,Harriet,150.284444,-33.57,E_oreades,Eucalyptus oreades,58.6,,Smooth,,0.4590355164548713,TRUE,2019-08/2021-06
Fenris Gully,Harriet,150.284444,-33.57,E_oreades,Eucalyptus oreades,58.6,,Smooth,,0.4526747747747748,TRUE,2019-08/2021-06
Hayward Gully,Harriet,150.321944,-33.643889,E_deanei,Eucalyptus deanei,26.5,,Smooth,,0.41820754716981134,TRUE,2019-08/2021-06
Hayward Gully,Harriet,150.321944,-33.643889,E_deanei,Eucalyptus deanei,26.5,,Smooth,,0.329468085106383,TRUE,2019-08/2021-06
Hayward Ridge,Harriet,150.318611,-33.642222,E_sieberi,Eucalyptus sieberi,16.1,,Rough,,0.8761627906976743,TRUE,2019-08/2021-06
Hayward Ridge,Harriet,150.318611,-33.642222,E_sieberi,Eucalyptus sieberi,12.4,,Rough,,0.5307272727272727,TRUE,2019-08/2021-06
Hayward Ridge,Harriet,150.318611,-33.642222,E_sieberi,Eucalyptus sieberi,12.4,,Rough,,0.5907339449541285,TRUE,2019-08/2021-06
Hayward Ridge,Harriet,150.318611,-33.642222,E_sieberi,Eucalyptus sieberi,16.1,,Rough,,0.5601923076923077,TRUE,2019-08/2021-06
Mccarrs Creek Road - 2,Harriet,151.2375,-33.659722,C_gummifera,Corymbia gummifera,11.8,,Rough,,0.2922033898305085,TRUE,2019-08/2021-06
Morton National Park,Harriet,150.439483,-34.62994,E_consideniana,Eucalyptus consideniana,14.1,,Rough,,0.7658030622785365,TRUE,2019-08/2021-06
Morton National Park,Harriet,150.439483,-34.62994,E_consideniana,Eucalyptus consideniana,14.1,,Rough,,0.07793391729511213,TRUE,2019-08/2021-06
Spring Ridge Trail,Harriet,150.170833,-34.415833,E_goniocalyx,Eucalyptus goniocalyx,19,,Rough,,0.744736842105263,TRUE,2019-08/2021-06
Spring Ridge Trail,Harriet,150.170833,-34.415833,E_goniocalyx,Eucalyptus goniocalyx,19,,Rough,,0.7143243243243242,TRUE,2019-08/2021-06
Wongarra Ridge,Harriet,150.341111,-33.57,E_sieberi,Eucalyptus sieberi,19.9,,Rough,,0.4017373545864039,TRUE,2019-08/2021-06
Wongarra Ridge,Harriet,150.341111,-33.57,E_sieberi,Eucalyptus sieberi,19.9,,Rough,,0.10491380859625088,TRUE,2019-08/2021-06
