Month,Date,Temperature,Plant species,Genus,Family,Origin,Horticutural variety,Colour,Flower N,Insect taxa,N,TotalN,Native bee genera,counts?,notes
October,25/10/2020,34.9,Brachyscome multifida,Brachyscome,Asteraceae,native,n,purple,80,Native bees,1,1,Lasioglossum,,
October,25/10/2020,34.9,Brachyscome multifida,Brachyscome,Asteraceae,native,n,purple,80,Honeybees,0,,,,
October,25/10/2020,34.9,Brachyscome multifida,Brachyscome,Asteraceae,native,n,purple,80,Wasps,0,,,,
October,25/10/2020,34.9,Brachyscome multifida,Brachyscome,Asteraceae,native,n,purple,80,Syrphid flies,0,,,,
October,25/10/2020,34.9,Brachyscome multifida,Brachyscome,Asteraceae,native,n,purple,80,Other flies,0,,,,
October,25/10/2020,34.9,Scaevola 'Bondi Blue',Scaevola,Goodeniaceae,native,y,blue,165,Native bees,0,3,,,
October,25/10/2020,34.9,Scaevola 'Bondi Blue',Scaevola,Goodeniaceae,native,y,blue,165,Honeybees,2,,,,
October,25/10/2020,34.9,Scaevola 'Bondi Blue',Scaevola,Goodeniaceae,native,y,blue,165,Wasps,0,,,,
October,25/10/2020,34.9,Scaevola 'Bondi Blue',Scaevola,Goodeniaceae,native,y,blue,165,Syrphid flies,1,,,,
October,25/10/2020,34.9,Scaevola 'Bondi Blue',Scaevola,Goodeniaceae,native,y,blue,165,Other flies,0,,,,
October,25/10/2020,34.9,Brachyscome multifida 'Fresco Candy',Brachyscome,Asteraceae,native,y,pink,80,Native bees,0,20,,,
October,25/10/2020,34.9,Brachyscome multifida 'Fresco Candy',Brachyscome,Asteraceae,native,y,pink,80,Honeybees,4,,,,
October,25/10/2020,34.9,Brachyscome multifida 'Fresco Candy',Brachyscome,Asteraceae,native,y,pink,80,Wasps,1,,,,
October,25/10/2020,34.9,Brachyscome multifida 'Fresco Candy',Brachyscome,Asteraceae,native,y,pink,80,Syrphid flies,15,,,,
October,25/10/2020,34.9,Brachyscome multifida 'Fresco Candy',Brachyscome,Asteraceae,native,y,pink,80,Other flies,0,,,,
October,25/10/2020,34.9,Stylidium spatulum,Stylidium,Stylidiaceae,native,n,white,18,Native bees,0,1,,,
October,25/10/2020,34.9,Stylidium spatulum,Stylidium,Stylidiaceae,native,n,white,18,Honeybees,0,,,,
October,25/10/2020,34.9,Stylidium spatulum,Stylidium,Stylidiaceae,native,n,white,18,Wasps,0,,,,
October,25/10/2020,34.9,Stylidium spatulum,Stylidium,Stylidiaceae,native,n,white,18,Syrphid flies,1,,,,
October,25/10/2020,34.9,Stylidium spatulum,Stylidium,Stylidiaceae,native,n,white,18,Other flies,0,,,,
October,25/10/2020,34.9,Stylidium hispidum,Stylidium,Stylidiaceae,native,n,white,6,Native bees,0,0,,,
October,25/10/2020,34.9,Stylidium hispidum,Stylidium,Stylidiaceae,native,n,white,6,Honeybees,0,,,,
October,25/10/2020,34.9,Stylidium hispidum,Stylidium,Stylidiaceae,native,n,white,6,Wasps,0,,,,
October,25/10/2020,34.9,Stylidium hispidum,Stylidium,Stylidiaceae,native,n,white,6,Syrphid flies,0,,,,
October,25/10/2020,34.9,Stylidium hispidum,Stylidium,Stylidiaceae,native,n,white,6,Other flies,0,,,,
October,25/10/2020,34.9,Solanum simile,Solanum,Solanaceae,native,n,purple,25,Native bees,0,6,,,
October,25/10/2020,34.9,Solanum simile,Solanum,Solanaceae,native,n,purple,25,Honeybees,0,,,,
October,25/10/2020,34.9,Solanum simile,Solanum,Solanaceae,native,n,purple,25,Wasps,0,,,,
October,25/10/2020,34.9,Solanum simile,Solanum,Solanaceae,native,n,purple,25,Syrphid flies,6,,,,
October,25/10/2020,34.9,Solanum simile,Solanum,Solanaceae,native,n,purple,25,Other flies,0,,,,
October,25/10/2020,34.9,Brachyscome segmentosa,Brachyscome,Asteraceae,native,n,pink,12,Native bees,0,9,,,
October,25/10/2020,34.9,Brachyscome segmentosa,Brachyscome,Asteraceae,native,n,pink,12,Honeybees,1,,,,
October,25/10/2020,34.9,Brachyscome segmentosa,Brachyscome,Asteraceae,native,n,pink,12,Wasps,0,,,,
October,25/10/2020,34.9,Brachyscome segmentosa,Brachyscome,Asteraceae,native,n,pink,12,Syrphid flies,8,,,,
October,25/10/2020,34.9,Brachyscome segmentosa,Brachyscome,Asteraceae,native,n,pink,12,Other flies,0,,,,
October,25/10/2020,34.9,Scaevola albida 'Mauve carpet',Scaevola,Goodeniaceae,native,y,purple,15,Native bees,0,12,,,
October,25/10/2020,34.9,Scaevola albida 'Mauve carpet',Scaevola,Goodeniaceae,native,y,purple,15,Honeybees,7,,,,
October,25/10/2020,34.9,Scaevola albida 'Mauve carpet',Scaevola,Goodeniaceae,native,y,purple,15,Wasps,0,,,,
October,25/10/2020,34.9,Scaevola albida 'Mauve carpet',Scaevola,Goodeniaceae,native,y,purple,15,Syrphid flies,5,,,,
October,25/10/2020,34.9,Scaevola albida 'Mauve carpet',Scaevola,Goodeniaceae,native,y,purple,15,Other flies,0,,,,
October,25/10/2020,34.9,Pimelea ferruginea 'Pink Solitaire' ,Pimelea,Thymelaeaceae,native,y,pink,75,Native bees,0,3,,,
October,25/10/2020,34.9,Pimelea ferruginea 'Pink Solitaire' ,Pimelea,Thymelaeaceae,native,y,pink,75,Honeybees,0,,,,
October,25/10/2020,34.9,Pimelea ferruginea 'Pink Solitaire' ,Pimelea,Thymelaeaceae,native,y,pink,75,Wasps,0,,,,
October,25/10/2020,34.9,Pimelea ferruginea 'Pink Solitaire' ,Pimelea,Thymelaeaceae,native,y,pink,75,Syrphid flies,3,,,,
October,25/10/2020,34.9,Pimelea ferruginea 'Pink Solitaire' ,Pimelea,Thymelaeaceae,native,y,pink,75,Other flies,0,,,,
October,25/10/2020,34.9,Hibbertia obtusifolia 'Sunny daze',Hibbertia,Dilleniaceae,native,y,yellow,13,Native bees,0,4,,,
October,25/10/2020,34.9,Hibbertia obtusifolia 'Sunny daze',Hibbertia,Dilleniaceae,native,y,yellow,13,Honeybees,0,,,,
October,25/10/2020,34.9,Hibbertia obtusifolia 'Sunny daze',Hibbertia,Dilleniaceae,native,y,yellow,13,Wasps,0,,,,
October,25/10/2020,34.9,Hibbertia obtusifolia 'Sunny daze',Hibbertia,Dilleniaceae,native,y,yellow,13,Syrphid flies,4,,,,
October,25/10/2020,34.9,Hibbertia obtusifolia 'Sunny daze',Hibbertia,Dilleniaceae,native,y,yellow,13,Other flies,0,,,,
October,25/10/2020,34.9,Xerochrysum bracteatum ‘Lucky Penny’ ,Xerochrysum,Asteraceae,native,y,white,5,Native bees,0,2,,,
October,25/10/2020,34.9,Xerochrysum bracteatum ‘Lucky Penny’ ,Xerochrysum,Asteraceae,native,y,white,5,Honeybees,0,,,,
October,25/10/2020,34.9,Xerochrysum bracteatum ‘Lucky Penny’ ,Xerochrysum,Asteraceae,native,y,white,5,Wasps,0,,,,
October,25/10/2020,34.9,Xerochrysum bracteatum ‘Lucky Penny’ ,Xerochrysum,Asteraceae,native,y,white,5,Syrphid flies,2,,,,
October,25/10/2020,34.9,Xerochrysum bracteatum ‘Lucky Penny’ ,Xerochrysum,Asteraceae,native,y,white,5,Other flies,0,,,,
October,25/10/2020,34.9,Lechenaultia biloba ,Lechenaultia,Goodeniaceae,native,n,blue,15,Native bees,0,2,,,
October,25/10/2020,34.9,Lechenaultia biloba ,Lechenaultia,Goodeniaceae,native,n,blue,15,Honeybees,0,,,,
October,25/10/2020,34.9,Lechenaultia biloba ,Lechenaultia,Goodeniaceae,native,n,blue,15,Wasps,0,,,,
October,25/10/2020,34.9,Lechenaultia biloba ,Lechenaultia,Goodeniaceae,native,n,blue,15,Syrphid flies,2,,,,
October,25/10/2020,34.9,Lechenaultia biloba ,Lechenaultia,Goodeniaceae,native,n,blue,15,Other flies,0,,,,
October,25/10/2020,34.9,Lechenaultia formosa 'Eldorado',Lechenaultia,Goodeniaceae,native,y,yellow,55,Native bees,0,1,,,
October,25/10/2020,34.9,Lechenaultia formosa 'Eldorado',Lechenaultia,Goodeniaceae,native,y,yellow,55,Honeybees,0,,,,
October,25/10/2020,34.9,Lechenaultia formosa 'Eldorado',Lechenaultia,Goodeniaceae,native,y,yellow,55,Wasps,0,,,,
October,25/10/2020,34.9,Lechenaultia formosa 'Eldorado',Lechenaultia,Goodeniaceae,native,y,yellow,55,Syrphid flies,1,,,,
October,25/10/2020,34.9,Lechenaultia formosa 'Eldorado',Lechenaultia,Goodeniaceae,native,y,yellow,55,Other flies,0,,,,
October,25/10/2020,34.9,Olearia homolepis,Olearia,Asteraceae,native,n,purple,40,Native bees,0,5,,,
October,25/10/2020,34.9,Olearia homolepis,Olearia,Asteraceae,native,n,purple,40,Honeybees,1,,,,
October,25/10/2020,34.9,Olearia homolepis,Olearia,Asteraceae,native,n,purple,40,Wasps,0,,,,
October,25/10/2020,34.9,Olearia homolepis,Olearia,Asteraceae,native,n,purple,40,Syrphid flies,4,,,,
October,25/10/2020,34.9,Olearia homolepis,Olearia,Asteraceae,native,n,purple,40,Other flies,0,,,,
October,25/10/2020,34.9,Myoporum insulare,Myoporum,Scrophulariaceae,native,n,white,28,Native bees,5,20,"Lasioglossum (1), Homalictus (4)",,
October,25/10/2020,34.9,Myoporum insulare,Myoporum,Scrophulariaceae,native,n,white,28,Honeybees,0,,,,
October,25/10/2020,34.9,Myoporum insulare,Myoporum,Scrophulariaceae,native,n,white,28,Wasps,0,,,,
October,25/10/2020,34.9,Myoporum insulare,Myoporum,Scrophulariaceae,native,n,white,28,Syrphid flies,12,,,,
October,25/10/2020,34.9,Myoporum insulare,Myoporum,Scrophulariaceae,native,n,white,28,Other flies,3,,,,
October,25/10/2020,34.9,Synaphea whicherensis,Synaphea,Proteaceae,native,n,yellow,125,Native bees,0,6,,,
October,25/10/2020,34.9,Synaphea whicherensis,Synaphea,Proteaceae,native,n,yellow,125,Honeybees,0,,,,
October,25/10/2020,34.9,Synaphea whicherensis,Synaphea,Proteaceae,native,n,yellow,125,Wasps,0,,,,
October,25/10/2020,34.9,Synaphea whicherensis,Synaphea,Proteaceae,native,n,yellow,125,Syrphid flies,6,,,,
October,25/10/2020,34.9,Synaphea whicherensis,Synaphea,Proteaceae,native,n,yellow,125,Other flies,0,,,,
October,25/10/2020,34.9,Baeckea virgata,Baekea,Myrtaceae,native,n,white,80,Native bees,0,6,,,
October,25/10/2020,34.9,Baeckea virgata,Baekea,Myrtaceae,native,n,white,80,Honeybees,0,,,,
October,25/10/2020,34.9,Baeckea virgata,Baekea,Myrtaceae,native,n,white,80,Wasps,0,,,,
October,25/10/2020,34.9,Baeckea virgata,Baekea,Myrtaceae,native,n,white,80,Syrphid flies,6,,,,
October,25/10/2020,34.9,Baeckea virgata,Baekea,Myrtaceae,native,n,white,80,Other flies,0,,,,
October,25/10/2020,34.9,Grevillea brachystachya,Grevillea,Proteaceae,native,n,red,14,Native bees,1,11,Exoneura (1),,
October,25/10/2020,34.9,Grevillea brachystachya,Grevillea,Proteaceae,native,n,red,14,Honeybees,8,,,,
October,25/10/2020,34.9,Grevillea brachystachya,Grevillea,Proteaceae,native,n,red,14,Wasps,0,,,,
October,25/10/2020,34.9,Grevillea brachystachya,Grevillea,Proteaceae,native,n,red,14,Syrphid flies,2,,,,
October,25/10/2020,34.9,Grevillea brachystachya,Grevillea,Proteaceae,native,n,red,14,Other flies,0,,,,
October,25/10/2020,34.9,Grevillea x Peaches and Cream,Grevillea,Proteaceae,native,n,peach,1,Native bees,0,7,,,
October,25/10/2020,34.9,Grevillea x Peaches and Cream,Grevillea,Proteaceae,native,n,peach,1,Honeybees,1,,,,
October,25/10/2020,34.9,Grevillea x Peaches and Cream,Grevillea,Proteaceae,native,n,peach,1,Wasps,0,,,,
October,25/10/2020,34.9,Grevillea x Peaches and Cream,Grevillea,Proteaceae,native,n,peach,1,Syrphid flies,6,,,,
October,25/10/2020,34.9,Grevillea x Peaches and Cream,Grevillea,Proteaceae,native,n,peach,1,Other flies,0,,,,
October,25/10/2020,34.9,Callistemon 'Endeavour',Callistemon,Myrtaceae,native,y,red,60,Native bees,2,65,Lasioglossum (2),,
October,25/10/2020,34.9,Callistemon 'Endeavour',Callistemon,Myrtaceae,native,y,red,60,Honeybees,63,,,,
October,25/10/2020,34.9,Callistemon 'Endeavour',Callistemon,Myrtaceae,native,y,red,60,Wasps,0,,,,
October,25/10/2020,34.9,Callistemon 'Endeavour',Callistemon,Myrtaceae,native,y,red,60,Syrphid flies,0,,,,
October,25/10/2020,34.9,Callistemon 'Endeavour',Callistemon,Myrtaceae,native,y,red,60,Other flies,0,,,,
October,25/10/2020,34.9,Dianella revoluta,Dianella,Asphodelaceae ,native,n,purple,11,Native bees,0,0,,,
October,25/10/2020,34.9,Dianella revoluta,Dianella,Asphodelaceae ,native,n,purple,11,Honeybees,0,,,,
October,25/10/2020,34.9,Dianella revoluta,Dianella,Asphodelaceae ,native,n,purple,11,Wasps,0,,,,
October,25/10/2020,34.9,Dianella revoluta,Dianella,Asphodelaceae ,native,n,purple,11,Syrphid flies,0,,,,
October,25/10/2020,34.9,Dianella revoluta,Dianella,Asphodelaceae ,native,n,purple,11,Other flies,0,,,,
October,25/10/2020,34.9,Hibbertia scandens,Hibbertia,Goodeniaceae,native,n,yellow,7,Native bees,0,8,,,
October,25/10/2020,34.9,Hibbertia scandens,Hibbertia,Goodeniaceae,native,n,yellow,7,Honeybees,0,,,,
October,25/10/2020,34.9,Hibbertia scandens,Hibbertia,Goodeniaceae,native,n,yellow,7,Wasps,0,,,,
October,25/10/2020,34.9,Hibbertia scandens,Hibbertia,Goodeniaceae,native,n,yellow,7,Syrphid flies,8,,,,
October,25/10/2020,34.9,Hibbertia scandens,Hibbertia,Goodeniaceae,native,n,yellow,7,Other flies,0,,,,
October,25/10/2020,34.9,Verticordia plumosa,Verticordia,Myrtaceae,native,n,pink,100,Native bees,0,9,,,
October,25/10/2020,34.9,Verticordia plumosa,Verticordia,Myrtaceae,native,n,pink,100,Honeybees,7,,,,
October,25/10/2020,34.9,Verticordia plumosa,Verticordia,Myrtaceae,native,n,pink,100,Wasps,0,,,,
October,25/10/2020,34.9,Verticordia plumosa,Verticordia,Myrtaceae,native,n,pink,100,Syrphid flies,2,,,,
October,25/10/2020,34.9,Verticordia plumosa,Verticordia,Myrtaceae,native,n,pink,100,Other flies,0,,,,
October,25/10/2020,34.9,Leptospermum rotundifolium 'Lavender Queen,Leptospermum,Myrtaceae,native,y,purple,20,Native bees,0,6,,,
October,25/10/2020,34.9,Leptospermum rotundifolium 'Lavender Queen,Leptospermum,Myrtaceae,native,y,purple,20,Honeybees,4,,,,
October,25/10/2020,34.9,Leptospermum rotundifolium 'Lavender Queen,Leptospermum,Myrtaceae,native,y,purple,20,Wasps,0,,,,
October,25/10/2020,34.9,Leptospermum rotundifolium 'Lavender Queen,Leptospermum,Myrtaceae,native,y,purple,20,Syrphid flies,2,,,,
October,25/10/2020,34.9,Leptospermum rotundifolium 'Lavender Queen,Leptospermum,Myrtaceae,native,y,purple,20,Other flies,0,,,,
October,25/10/2020,34.9,Westringia fruticosa,Westringia,Lamiaceae,native,n,white,15,Native bees,0,7,,,
October,25/10/2020,34.9,Westringia fruticosa,Westringia,Lamiaceae,native,n,white,15,Honeybees,3,,,,
October,25/10/2020,34.9,Westringia fruticosa,Westringia,Lamiaceae,native,n,white,15,Wasps,0,,,,
October,25/10/2020,34.9,Westringia fruticosa,Westringia,Lamiaceae,native,n,white,15,Syrphid flies,4,,,,
October,25/10/2020,34.9,Westringia fruticosa,Westringia,Lamiaceae,native,n,white,15,Other flies,0,,,,
October,25/10/2020,34.9,Ricinocarpos pinifolius,Ricinocarpos,Euphorbiaceae,native,n,white,1100,Native bees,0,5,,,
October,25/10/2020,34.9,Ricinocarpos pinifolius,Ricinocarpos,Euphorbiaceae,native,n,white,1100,Honeybees,0,,,,
October,25/10/2020,34.9,Ricinocarpos pinifolius,Ricinocarpos,Euphorbiaceae,native,n,white,1100,Wasps,0,,,,
October,25/10/2020,34.9,Ricinocarpos pinifolius,Ricinocarpos,Euphorbiaceae,native,n,white,1100,Syrphid flies,5,,,,
October,25/10/2020,34.9,Ricinocarpos pinifolius,Ricinocarpos,Euphorbiaceae,native,n,white,1100,Other flies,0,,,,
October,25/10/2020,34.9,Philotheca myoporoides,Philotheca,Rutaceae,native,n,white,200,Native bees,0,6,,,
October,25/10/2020,34.9,Philotheca myoporoides,Philotheca,Rutaceae,native,n,white,200,Honeybees,2,,,,
October,25/10/2020,34.9,Philotheca myoporoides,Philotheca,Rutaceae,native,n,white,200,Wasps,0,,,,
October,25/10/2020,34.9,Philotheca myoporoides,Philotheca,Rutaceae,native,n,white,200,Syrphid flies,4,,,,
October,25/10/2020,34.9,Philotheca myoporoides,Philotheca,Rutaceae,native,n,white,200,Other flies,0,,,,
October,25/10/2020,34.9,Chamelaucium uncinatum 'Dancing Queen',Chamelaucium,Myrtaceae,native,y,purple,100,Native bees,0,2,,,
October,25/10/2020,34.9,Chamelaucium uncinatum 'Dancing Queen',Chamelaucium,Myrtaceae,native,y,purple,100,Honeybees,0,,,,
October,25/10/2020,34.9,Chamelaucium uncinatum 'Dancing Queen',Chamelaucium,Myrtaceae,native,y,purple,100,Wasps,0,,,,
October,25/10/2020,34.9,Chamelaucium uncinatum 'Dancing Queen',Chamelaucium,Myrtaceae,native,y,purple,100,Syrphid flies,2,,,,
October,25/10/2020,34.9,Chamelaucium uncinatum 'Dancing Queen',Chamelaucium,Myrtaceae,native,y,purple,100,Other flies,0,,,,
October,25/10/2020,34.9,Chamelaucium x Verticordia,Chamelaucium,Myrtaceae,native,y,pink,100,Native bees,0,2,,,
October,25/10/2020,34.9,Chamelaucium x Verticordia,Chamelaucium,Myrtaceae,native,y,pink,100,Honeybees,2,,,,
October,25/10/2020,34.9,Chamelaucium x Verticordia,Chamelaucium,Myrtaceae,native,y,pink,100,Wasps,0,,,,
October,25/10/2020,34.9,Chamelaucium x Verticordia,Chamelaucium,Myrtaceae,native,y,pink,100,Syrphid flies,0,,,,
October,25/10/2020,34.9,Chamelaucium x Verticordia,Chamelaucium,Myrtaceae,native,y,pink,100,Other flies,0,,,,
October,25/10/2020,34.9,Eremophila maculata,Eremophila,Scrophulariaceae,native,n,pink,18,Native bees,0,3,,,
October,25/10/2020,34.9,Eremophila maculata,Eremophila,Scrophulariaceae,native,n,pink,18,Honeybees,0,,,,
October,25/10/2020,34.9,Eremophila maculata,Eremophila,Scrophulariaceae,native,n,pink,18,Wasps,0,,,,
October,25/10/2020,34.9,Eremophila maculata,Eremophila,Scrophulariaceae,native,n,pink,18,Syrphid flies,3,,,,
October,25/10/2020,34.9,Eremophila maculata,Eremophila,Scrophulariaceae,native,n,pink,18,Other flies,0,,,,
October,25/10/2020,34.9,Chorizema cordatum ,Chorizema,Fabaceae,native,n,orange/pink,120,Native bees,2,3,Megachile (2),,
October,25/10/2020,34.9,Chorizema cordatum ,Chorizema,Fabaceae,native,n,orange/pink,120,Honeybees,1,,,,
October,25/10/2020,34.9,Chorizema cordatum ,Chorizema,Fabaceae,native,n,orange/pink,120,Wasps,0,,,,
October,25/10/2020,34.9,Chorizema cordatum ,Chorizema,Fabaceae,native,n,orange/pink,120,Syrphid flies,0,,,,
October,25/10/2020,34.9,Chorizema cordatum ,Chorizema,Fabaceae,native,n,orange/pink,120,Other flies,0,,,,
October,25/10/2020,34.9,Grevillea 'Cooroora Cascade’ ,Grevillea,Proteaceae,native,y,yellow,20,Native bees,0,13,,,
October,25/10/2020,34.9,Grevillea 'Cooroora Cascade’ ,Grevillea,Proteaceae,native,y,yellow,20,Honeybees,13,,,,
October,25/10/2020,34.9,Grevillea 'Cooroora Cascade’ ,Grevillea,Proteaceae,native,y,yellow,20,Wasps,0,,,,
October,25/10/2020,34.9,Grevillea 'Cooroora Cascade’ ,Grevillea,Proteaceae,native,y,yellow,20,Syrphid flies,0,,,,
October,25/10/2020,34.9,Grevillea 'Cooroora Cascade’ ,Grevillea,Proteaceae,native,y,yellow,20,Other flies,0,,,,
October,25/10/2020,34.9,Babingtonia virgata,Babingtonia,Myrtaceae,native,n,white,300,Native bees,3,16,"Megachile (2), Exonuera (1)",,
October,25/10/2020,34.9,Babingtonia virgata,Babingtonia,Myrtaceae,native,n,white,300,Honeybees,8,,,,
October,25/10/2020,34.9,Babingtonia virgata,Babingtonia,Myrtaceae,native,n,white,300,Wasps,0,,,,
October,25/10/2020,34.9,Babingtonia virgata,Babingtonia,Myrtaceae,native,n,white,300,Syrphid flies,0,,,,
October,25/10/2020,34.9,Babingtonia virgata,Babingtonia,Myrtaceae,native,n,white,300,Other flies,5,,,,
October,25/10/2020,34.9,Chrysocephalum apiculatum ,Chrysocephalum,Asteraceae,native,n,yellow,200,Native bees,1,2,Lipotriches,,
October,25/10/2020,34.9,Chrysocephalum apiculatum ,Chrysocephalum,Asteraceae,native,n,yellow,200,Honeybees,0,,,,
October,25/10/2020,34.9,Chrysocephalum apiculatum ,Chrysocephalum,Asteraceae,native,n,yellow,200,Wasps,1,,,,
October,25/10/2020,34.9,Chrysocephalum apiculatum ,Chrysocephalum,Asteraceae,native,n,yellow,200,Syrphid flies,0,,,,
October,25/10/2020,34.9,Chrysocephalum apiculatum ,Chrysocephalum,Asteraceae,native,n,yellow,200,Other flies,0,,,,
October,25/10/2020,34.9,"
Melaleuca filifolia",Melaleuca,Myrtaceae,native,n,purple,150,Native bees,0,4,,,
October,25/10/2020,34.9,"
Melaleuca filifolia",Melaleuca,Myrtaceae,native,n,purple,150,Honeybees,4,,,,
October,25/10/2020,34.9,"
Melaleuca filifolia",Melaleuca,Myrtaceae,native,n,purple,150,Wasps,0,,,,
October,25/10/2020,34.9,"
Melaleuca filifolia",Melaleuca,Myrtaceae,native,n,purple,150,Syrphid flies,0,,,,
October,25/10/2020,34.9,"
Melaleuca filifolia",Melaleuca,Myrtaceae,native,n,purple,150,Other flies,0,,,,
October,25/10/2020,34.9,Hemiandra pungens,Hemiandra,Lamiaceae,native,n,purple,5,Native bees,0,0,,,
October,25/10/2020,34.9,Hemiandra pungens,Hemiandra,Lamiaceae,native,n,purple,5,Honeybees,0,,,,
October,25/10/2020,34.9,Hemiandra pungens,Hemiandra,Lamiaceae,native,n,purple,5,Wasps,0,,,,
October,25/10/2020,34.9,Hemiandra pungens,Hemiandra,Lamiaceae,native,n,purple,5,Syrphid flies,0,,,,
October,25/10/2020,34.9,Hemiandra pungens,Hemiandra,Lamiaceae,native,n,purple,5,Other flies,0,,,,
October,25/10/2020,34.9,Grevillea 'Fire Sprite',Grevillea,Proteaceae,native,y,orange,50,Native bees,0,6,,,
October,25/10/2020,34.9,Grevillea 'Fire Sprite',Grevillea,Proteaceae,native,y,orange,50,Honeybees,6,,,,
October,25/10/2020,34.9,Grevillea 'Fire Sprite',Grevillea,Proteaceae,native,y,orange,50,Wasps,0,,,,
October,25/10/2020,34.9,Grevillea 'Fire Sprite',Grevillea,Proteaceae,native,y,orange,50,Syrphid flies,0,,,,
October,25/10/2020,34.9,Grevillea 'Fire Sprite',Grevillea,Proteaceae,native,y,orange,50,Other flies,0,,,,
October,25/10/2020,34.9,Anigozanthos 'Ruby Velvet',Anigozanthos,Haemodoraceae,native,y,red,40,Native bees,0,8,,,
October,25/10/2020,34.9,Anigozanthos 'Ruby Velvet',Anigozanthos,Haemodoraceae,native,y,red,40,Honeybees,8,,,,
October,25/10/2020,34.9,Anigozanthos 'Ruby Velvet',Anigozanthos,Haemodoraceae,native,y,red,40,Wasps,0,,,,
October,25/10/2020,34.9,Anigozanthos 'Ruby Velvet',Anigozanthos,Haemodoraceae,native,y,red,40,Syrphid flies,0,,,,
October,25/10/2020,34.9,Anigozanthos 'Ruby Velvet',Anigozanthos,Haemodoraceae,native,y,red,40,Other flies,0,,,,
October,25/10/2020,34.9,"
Stylidium graminifolium",Stylidium,Stylidiaceae,native,n,purple,40,Native bees,0,11,,,
October,25/10/2020,34.9,"
Stylidium graminifolium",Stylidium,Stylidiaceae,native,n,purple,40,Honeybees,0,,,,
October,25/10/2020,34.9,"
Stylidium graminifolium",Stylidium,Stylidiaceae,native,n,purple,40,Wasps,0,,,,
October,25/10/2020,34.9,"
Stylidium graminifolium",Stylidium,Stylidiaceae,native,n,purple,40,Syrphid flies,11,,,,
October,25/10/2020,34.9,"
Stylidium graminifolium",Stylidium,Stylidiaceae,native,n,purple,40,Other flies,0,,,,
October,25/10/2020,34.9,Senna artemisioides,Senna,Fabaceae,native,n,yellow,200,Native bees,0,4,,,
October,25/10/2020,34.9,Senna artemisioides,Senna,Fabaceae,native,n,yellow,200,Honeybees,0,,,,
October,25/10/2020,34.9,Senna artemisioides,Senna,Fabaceae,native,n,yellow,200,Wasps,0,,,,
October,25/10/2020,34.9,Senna artemisioides,Senna,Fabaceae,native,n,yellow,200,Syrphid flies,4,,,,
October,25/10/2020,34.9,Senna artemisioides,Senna,Fabaceae,native,n,yellow,200,Other flies,0,,,,
October,25/10/2020,34.9,Conostylis candicans,Conostylis,Haemodoraceae,native,n,yellow,20,Native bees,0,1,,,
October,25/10/2020,34.9,Conostylis candicans,Conostylis,Haemodoraceae,native,n,yellow,20,Honeybees,0,,,,
October,25/10/2020,34.9,Conostylis candicans,Conostylis,Haemodoraceae,native,n,yellow,20,Wasps,0,,,,
October,25/10/2020,34.9,Conostylis candicans,Conostylis,Haemodoraceae,native,n,yellow,20,Syrphid flies,1,,,,
October,25/10/2020,34.9,Conostylis candicans,Conostylis,Haemodoraceae,native,n,yellow,20,Other flies,0,,,,
October,25/10/2020,34.9,Dianella revoluta,Dianella,Asphodelaceae ,native,n,blue,10,Native bees,0,2,,,
October,25/10/2020,34.9,Dianella revoluta,Dianella,Asphodelaceae ,native,n,blue,10,Honeybees,0,,,,
October,25/10/2020,34.9,Dianella revoluta,Dianella,Asphodelaceae ,native,n,blue,10,Wasps,0,,,,
October,25/10/2020,34.9,Dianella revoluta,Dianella,Asphodelaceae ,native,n,blue,10,Syrphid flies,2,,,,
October,25/10/2020,34.9,Dianella revoluta,Dianella,Asphodelaceae ,native,n,blue,10,Other flies,0,,,,
October,25/10/2020,34.9,Verticordia chrysantha,Verticordia,Myrtaceae,native,n,yellow,40,Native bees,0,0,,,
October,25/10/2020,34.9,Verticordia chrysantha,Verticordia,Myrtaceae,native,n,yellow,41,Honeybees,0,,,,
October,25/10/2020,34.9,Verticordia chrysantha,Verticordia,Myrtaceae,native,n,yellow,42,Wasps,0,,,,
October,25/10/2020,34.9,Verticordia chrysantha,Verticordia,Myrtaceae,native,n,yellow,43,Syrphid flies,0,,,,
October,25/10/2020,34.9,Verticordia chrysantha,Verticordia,Myrtaceae,native,n,yellow,44,Other flies,0,,,,
October,25/10/2020,34.9,Callistemon 'White Anzac’ ,Callistemon,Myrtaceae,native,y,white,20,Native bees,0,30,,,
October,25/10/2020,34.9,Callistemon 'White Anzac’ ,Callistemon,Myrtaceae,native,y,white,20,Honeybees,29,,,,
October,25/10/2020,34.9,Callistemon 'White Anzac’ ,Callistemon,Myrtaceae,native,y,white,20,Wasps,0,,,,
October,25/10/2020,34.9,Callistemon 'White Anzac’ ,Callistemon,Myrtaceae,native,y,white,20,Syrphid flies,1,,,,
October,25/10/2020,34.9,Callistemon 'White Anzac’ ,Callistemon,Myrtaceae,native,y,white,20,Other flies,0,,,,
October,25/10/2020,34.9,Leptospermum 'Merinda',Leptospermum,Myrtaceae,native,y,pink,500,Native bees,3,45,Exoneura,3,& beetle
October,25/10/2020,34.9,Leptospermum 'Merinda',Leptospermum,Myrtaceae,native,y,pink,500,Honeybees,16,,,,
October,25/10/2020,34.9,Leptospermum 'Merinda',Leptospermum,Myrtaceae,native,y,pink,500,Wasps,3,,,,
October,25/10/2020,34.9,Leptospermum 'Merinda',Leptospermum,Myrtaceae,native,y,pink,500,Syrphid flies,18,,,,
October,25/10/2020,34.9,Leptospermum 'Merinda',Leptospermum,Myrtaceae,native,y,pink,500,Other flies,5,,,,
October,25/10/2020,34.9,Scaevola 'Crinkle cut',Scaevola,Goodeniaceae,native,y,blue,250,Native bees,4,19,Homalictus,4,
October,25/10/2020,34.9,Scaevola 'Crinkle cut',Scaevola,Goodeniaceae,native,y,blue,250,Honeybees,0,,,,
October,25/10/2020,34.9,Scaevola 'Crinkle cut',Scaevola,Goodeniaceae,native,y,blue,250,Wasps,8,,,,
October,25/10/2020,34.9,Scaevola 'Crinkle cut',Scaevola,Goodeniaceae,native,y,blue,250,Syrphid flies,7,,,,
October,25/10/2020,34.9,Scaevola 'Crinkle cut',Scaevola,Goodeniaceae,native,y,blue,250,Other flies,0,,,,
October,25/10/2020,34.9,Tagetes ,Tagetes,Asteraceae,exotic,y,yellow/orange,16,Native bees,0,3,,,
October,25/10/2020,34.9,Tagetes ,Tagetes,Asteraceae,exotic,y,yellow/orange,16,Honeybees,0,,,,
October,25/10/2020,34.9,Tagetes ,Tagetes,Asteraceae,exotic,y,yellow/orange,16,Wasps,0,,,,
October,25/10/2020,34.9,Tagetes ,Tagetes,Asteraceae,exotic,y,yellow/orange,16,Syrphid flies,3,,,,
October,25/10/2020,34.9,Tagetes ,Tagetes,Asteraceae,exotic,y,yellow/orange,16,Other flies,0,,,,
October,25/10/2020,34.9,Petunia,Petunia,Petunioideae,exotic,y,white/pink/purple/red,70,Native bees,0,0,,,
October,25/10/2020,34.9,Petunia,Petunia,Petunioideae,exotic,y,white/pink/purple/red,70,Honeybees,0,,,,
October,25/10/2020,34.9,Petunia,Petunia,Petunioideae,exotic,y,white/pink/purple/red,70,Wasps,0,,,,
October,25/10/2020,34.9,Petunia,Petunia,Petunioideae,exotic,y,white/pink/purple/red,70,Syrphid flies,0,,,,
October,25/10/2020,34.9,Petunia,Petunia,Petunioideae,exotic,y,white/pink/purple/red,70,Other flies,0,,,,
October,25/10/2020,34.9,Dianthus,Dianthus,Caryophyllaceae,exotic,y,white/pink/purple/red,30,Native bees,0,4,,,
October,25/10/2020,34.9,Dianthus,Dianthus,Caryophyllaceae,exotic,y,white/pink/purple/red,30,Honeybees,2,,,,
October,25/10/2020,34.9,Dianthus,Dianthus,Caryophyllaceae,exotic,y,white/pink/purple/red,30,Wasps,0,,,,
October,25/10/2020,34.9,Dianthus,Dianthus,Caryophyllaceae,exotic,y,white/pink/purple/red,30,Syrphid flies,1,,,,
October,25/10/2020,34.9,Dianthus,Dianthus,Caryophyllaceae,exotic,y,white/pink/purple/red,30,Other flies,1,,,,
October,25/10/2020,34.9,Lobularia maritima,Lobularia maritima,Brassicaceae,exotic,n,white,100,Native bees,0,6,,,
October,25/10/2020,34.9,Lobularia maritima,Lobularia maritima,Brassicaceae,exotic,n,white,100,Honeybees,2,,,,
October,25/10/2020,34.9,Lobularia maritima,Lobularia maritima,Brassicaceae,exotic,n,white,100,Wasps,0,,,,
October,25/10/2020,34.9,Lobularia maritima,Lobularia maritima,Brassicaceae,exotic,n,white,100,Syrphid flies,4,,,,
October,25/10/2020,34.9,Lobularia maritima,Lobularia maritima,Brassicaceae,exotic,n,white,100,Other flies,0,,,,
October,25/10/2020,34.9,Centranthus ruber,Centranthus,Caprifoliaceae,exotic,n,red,8,Native bees,0,2,,,
October,25/10/2020,34.9,Centranthus ruber,Centranthus,Caprifoliaceae,exotic,n,red,8,Honeybees,0,,,,
October,25/10/2020,34.9,Centranthus ruber,Centranthus,Caprifoliaceae,exotic,n,red,8,Wasps,0,,,,
October,25/10/2020,34.9,Centranthus ruber,Centranthus,Caprifoliaceae,exotic,n,red,8,Syrphid flies,2,,,,
October,25/10/2020,34.9,Centranthus ruber,Centranthus,Caprifoliaceae,exotic,n,red,8,Other flies,0,,,,
October,25/10/2020,34.9,Armeria maritima Alba 'white thrift',Armeria ,Plumbaginaceae,exotic,y,white,15,Native bees,0,4,,,
October,25/10/2020,34.9,Armeria maritima Alba 'white thrift',Armeria ,Plumbaginaceae,exotic,y,white,15,Honeybees,1,,,,
October,25/10/2020,34.9,Armeria maritima Alba 'white thrift',Armeria ,Plumbaginaceae,exotic,y,white,15,Wasps,0,,,,
October,25/10/2020,34.9,Armeria maritima Alba 'white thrift',Armeria ,Plumbaginaceae,exotic,y,white,15,Syrphid flies,3,,,,
October,25/10/2020,34.9,Armeria maritima Alba 'white thrift',Armeria ,Plumbaginaceae,exotic,y,white,15,Other flies,0,,,,
October,25/10/2020,34.9,Nemesia fruticans,Nemesia,Scrophulariaceae,exotic,n,purple,15,Native bees,0,1,,,
October,25/10/2020,34.9,Nemesia fruticans,Nemesia,Scrophulariaceae,exotic,n,purple,15,Honeybees,0,,,,
October,25/10/2020,34.9,Nemesia fruticans,Nemesia,Scrophulariaceae,exotic,n,purple,15,Wasps,0,,,,
October,25/10/2020,34.9,Nemesia fruticans,Nemesia,Scrophulariaceae,exotic,n,purple,15,Syrphid flies,1,,,,
October,25/10/2020,34.9,Nemesia fruticans,Nemesia,Scrophulariaceae,exotic,n,purple,15,Other flies,0,,,,
October,25/10/2020,34.9,Leptospermum scoparium 'Ballerina',Leptospermum,Myrtaceae,native,y,pink,32,Native bees,0,1,,,
October,25/10/2020,34.9,Leptospermum scoparium 'Ballerina',Leptospermum,Myrtaceae,native,y,pink,32,Honeybees,0,,,,
October,25/10/2020,34.9,Leptospermum scoparium 'Ballerina',Leptospermum,Myrtaceae,native,y,pink,32,Wasps,0,,,,
October,25/10/2020,34.9,Leptospermum scoparium 'Ballerina',Leptospermum,Myrtaceae,native,y,pink,32,Syrphid flies,1,,,,
October,25/10/2020,34.9,Leptospermum scoparium 'Ballerina',Leptospermum,Myrtaceae,native,y,pink,32,Other flies,0,,,,
October,25/10/2020,34.9,Thryptomene saxicola,Thryptomene,Myrtaceae,native,n,pink,300,Native bees,1,12,Exoneura,1,
October,25/10/2020,34.9,Thryptomene saxicola,Thryptomene,Myrtaceae,native,n,pink,300,Honeybees,9,,,,
October,25/10/2020,34.9,Thryptomene saxicola,Thryptomene,Myrtaceae,native,n,pink,300,Wasps,0,,,,
October,25/10/2020,34.9,Thryptomene saxicola,Thryptomene,Myrtaceae,native,n,pink,300,Syrphid flies,1,,,,
October,25/10/2020,34.9,Thryptomene saxicola,Thryptomene,Myrtaceae,native,n,pink,300,Other flies,1,,,,
November,2/11/2020,21.3,Anigozanthos 'Bush surprise',Anigozanthos,Haemodoraceae,native,y,orange,32,Native bees,0,2,,,
November,2/11/2020,21.3,Anigozanthos 'Bush surprise',Anigozanthos,Haemodoraceae,native,y,orange,32,Honeybees,0,,,,
November,2/11/2020,21.3,Anigozanthos 'Bush surprise',Anigozanthos,Haemodoraceae,native,y,orange,32,Wasps,0,,,,
November,2/11/2020,21.3,Anigozanthos 'Bush surprise',Anigozanthos,Haemodoraceae,native,y,orange,32,Syrphid flies,2,,,,
November,2/11/2020,21.3,Anigozanthos 'Bush surprise',Anigozanthos,Haemodoraceae,native,y,orange,32,Other flies,0,,,,
November,2/11/2020,21.3,Grevillea 'Outback Sunrise',Grevillea,Proteaceae,native,y,yellow+red,17,Native bees,2,6,Exoneura,1,
November,2/11/2020,21.3,Grevillea 'Outback Sunrise',Grevillea,Proteaceae,native,y,yellow+red,17,Honeybees,4,,,,
November,2/11/2020,21.3,Grevillea 'Outback Sunrise',Grevillea,Proteaceae,native,y,yellow+red,17,Wasps,0,,,,
November,2/11/2020,21.3,Grevillea 'Outback Sunrise',Grevillea,Proteaceae,native,y,yellow+red,17,Syrphid flies,0,,,,
November,2/11/2020,21.3,Grevillea 'Outback Sunrise',Grevillea,Proteaceae,native,y,yellow+red,17,Other flies,0,,,,
November,2/11/2020,21.3,Grevillea 'Pink profusion',Grevillea,Proteaceae,native,y,pink,27,Native bees,0,7,,,
November,2/11/2020,21.3,Grevillea 'Pink profusion',Grevillea,Proteaceae,native,y,pink,27,Honeybees,7,,,,
November,2/11/2020,21.3,Grevillea 'Pink profusion',Grevillea,Proteaceae,native,y,pink,27,Wasps,0,,,,
November,2/11/2020,21.3,Grevillea 'Pink profusion',Grevillea,Proteaceae,native,y,pink,27,Syrphid flies,0,,,,
November,2/11/2020,21.3,Grevillea 'Pink profusion',Grevillea,Proteaceae,native,y,pink,27,Other flies,0,,,,
November,2/11/2020,21.3,Myoporum parvifolium,Myoporum,Scrophulariaceae,native,n,white,500,Native bees,0,11,,,
November,2/11/2020,21.3,Myoporum parvifolium,Myoporum,Scrophulariaceae,native,n,white,500,Honeybees,6,,,,
November,2/11/2020,21.3,Myoporum parvifolium,Myoporum,Scrophulariaceae,native,n,white,500,Wasps,0,,,,
November,2/11/2020,21.3,Myoporum parvifolium,Myoporum,Scrophulariaceae,native,n,white,500,Syrphid flies,0,,,,
November,2/11/2020,21.3,Myoporum parvifolium,Myoporum,Scrophulariaceae,native,n,white,500,Other flies,5,,,,
November,2/11/2020,21.3,Melaleuca lanceolata ,Melaleuca,Myrtaceae,native,n,white,1000,Native bees,53,83,Euryglossina mellea,50,& flower beetle Glycyphana (Glycyphaniola) stolata
November,2/11/2020,21.3,Melaleuca lanceolata ,Melaleuca,Myrtaceae,native,n,white,1000,Honeybees,22,,Megachile (male),1,
November,2/11/2020,21.3,Melaleuca lanceolata ,Melaleuca,Myrtaceae,native,n,white,1000,Wasps,0,,Lasioglossum (Chilalictus) sp female,2,
November,2/11/2020,21.3,Melaleuca lanceolata ,Melaleuca,Myrtaceae,native,n,white,1000,Syrphid flies,1,,,,
November,2/11/2020,21.3,Melaleuca lanceolata ,Melaleuca,Myrtaceae,native,n,white,1000,Other flies,7,,,,
November,2/11/2020,21.3,Babingtonia 'Miniature',Babingtonia,Myrtaceae,native,y,white,2000,Native bees,0,22,,,
November,2/11/2020,21.3,Babingtonia 'Miniature',Babingtonia,Myrtaceae,native,y,white,2000,Honeybees,11,,,,
November,2/11/2020,21.3,Babingtonia 'Miniature',Babingtonia,Myrtaceae,native,y,white,2000,Wasps,0,,,,
November,2/11/2020,21.3,Babingtonia 'Miniature',Babingtonia,Myrtaceae,native,y,white,2000,Syrphid flies,1,,,,
November,2/11/2020,21.3,Babingtonia 'Miniature',Babingtonia,Myrtaceae,native,y,white,2000,Other flies,10,,,,
November,2/11/2020,21.3,Verticordia plumosa,Verticordia,Myrtaceae,native,n,pink,120,Native bees,0,0,,,
November,2/11/2020,21.3,Verticordia plumosa,Verticordia,Myrtaceae,native,n,pink,120,Honeybees,0,,,,
November,2/11/2020,21.3,Verticordia plumosa,Verticordia,Myrtaceae,native,n,pink,120,Wasps,0,,,,
November,2/11/2020,21.3,Verticordia plumosa,Verticordia,Myrtaceae,native,n,pink,120,Syrphid flies,0,,,,
November,2/11/2020,21.3,Verticordia plumosa,Verticordia,Myrtaceae,native,n,pink,120,Other flies,0,,,,
November,2/11/2020,21.3,Ricinocarpus tuberculatus,Ricinocarpos,Euphorbiaceae,native,n,white,37,Native bees,0,0,,,
November,2/11/2020,21.3,Ricinocarpus tuberculatus,Ricinocarpos,Euphorbiaceae,native,n,white,37,Honeybees,0,,,,
November,2/11/2020,21.3,Ricinocarpus tuberculatus,Ricinocarpos,Euphorbiaceae,native,n,white,37,Wasps,0,,,,
November,2/11/2020,21.3,Ricinocarpus tuberculatus,Ricinocarpos,Euphorbiaceae,native,n,white,37,Syrphid flies,0,,,,
November,2/11/2020,21.3,Ricinocarpus tuberculatus,Ricinocarpos,Euphorbiaceae,native,n,white,37,Other flies,0,,,,
November,2/11/2020,21.3,Dianella revoluta,Dianella,Asphodelaceae ,native,n,blue,9,Native bees,3,3,Amegilla (Notomegilla) chlorocyanea,1,
November,2/11/2020,21.3,Dianella revoluta,Dianella,Asphodelaceae ,native,n,blue,9,Honeybees,0,,Lipotriches (Austronomia) flavoviridis species-group,2,
November,2/11/2020,21.3,Dianella revoluta,Dianella,Asphodelaceae ,native,n,blue,9,Wasps,0,,,,
November,2/11/2020,21.3,Dianella revoluta,Dianella,Asphodelaceae ,native,n,blue,9,Syrphid flies,0,,,,
November,2/11/2020,21.3,Dianella revoluta,Dianella,Asphodelaceae ,native,n,blue,9,Other flies,0,,,,
November,2/11/2020,21.3,Hibbertia scandens,Hibbertia,Dilleniaceae,native,n,yellow,24,Native bees,4,5,Amegilla (Notomegilla) chlorocyanea,1,
November,2/11/2020,21.3,Hibbertia scandens,Hibbertia,Dilleniaceae,native,n,yellow,24,Honeybees,0,,Lasioglossum (Chilalictus) sp,2,
November,2/11/2020,21.3,Hibbertia scandens,Hibbertia,Dilleniaceae,native,n,yellow,24,Wasps,0,,Lipotriches (Austronomia) flavoviridis species-group,1,
November,2/11/2020,21.3,Hibbertia scandens,Hibbertia,Dilleniaceae,native,n,yellow,24,Syrphid flies,1,,,,
November,2/11/2020,21.3,Hibbertia scandens,Hibbertia,Dilleniaceae,native,n,yellow,24,Other flies,0,,,,
November,2/11/2020,21.3,Chamelaucium 'Dancing Queen' ,Chamelaucium,Myrtaceae,native,y,pink,6,Native bees,0,0,,,
November,2/11/2020,21.3,Chamelaucium 'Dancing Queen' ,Chamelaucium,Myrtaceae,native,y,pink,6,Honeybees,0,,,,
November,2/11/2020,21.3,Chamelaucium 'Dancing Queen' ,Chamelaucium,Myrtaceae,native,y,pink,6,Wasps,0,,,,
November,2/11/2020,21.3,Chamelaucium 'Dancing Queen' ,Chamelaucium,Myrtaceae,native,y,pink,6,Syrphid flies,0,,,,
November,2/11/2020,21.3,Chamelaucium 'Dancing Queen' ,Chamelaucium,Myrtaceae,native,y,pink,6,Other flies,0,,,,
November,2/11/2020,21.3,Chamelaucium x Verticordia 'Paddys Pink',Chamelaucium,Myrtaceae,native,y,pink,35,Native bees,0,0,,,
November,2/11/2020,21.3,Chamelaucium x Verticordia 'Paddys Pink',Chamelaucium,Myrtaceae,native,y,pink,35,Honeybees,0,,,,
November,2/11/2020,21.3,Chamelaucium x Verticordia 'Paddys Pink',Chamelaucium,Myrtaceae,native,y,pink,35,Wasps,0,,,,
November,2/11/2020,21.3,Chamelaucium x Verticordia 'Paddys Pink',Chamelaucium,Myrtaceae,native,y,pink,35,Syrphid flies,0,,,,
November,2/11/2020,21.3,Chamelaucium x Verticordia 'Paddys Pink',Chamelaucium,Myrtaceae,native,y,pink,35,Other flies,0,,,,
November,2/11/2020,21.3,Westeringia fruticosa,Westringia,Lamiaceae,native,n,white,6,Native bees,0,0,,,
November,2/11/2020,21.3,Westeringia fruticosa,Westringia,Lamiaceae,native,n,white,6,Honeybees,0,,,,
November,2/11/2020,21.3,Westeringia fruticosa,Westringia,Lamiaceae,native,n,white,6,Wasps,0,,,,
November,2/11/2020,21.3,Westeringia fruticosa,Westringia,Lamiaceae,native,n,white,6,Syrphid flies,0,,,,
November,2/11/2020,21.3,Westeringia fruticosa,Westringia,Lamiaceae,native,n,white,6,Other flies,0,,,,
November,2/11/2020,21.3,Philotheca myoporoides ,Philotheca,Rutaceae,native,n,white,30,Native bees,0,11,,,
November,2/11/2020,21.3,Philotheca myoporoides ,Philotheca,Rutaceae,native,n,white,30,Honeybees,1,,,,
November,2/11/2020,21.3,Philotheca myoporoides ,Philotheca,Rutaceae,native,n,white,30,Wasps,0,,,,
November,2/11/2020,21.3,Philotheca myoporoides ,Philotheca,Rutaceae,native,n,white,30,Syrphid flies,0,,,,
November,2/11/2020,21.3,Philotheca myoporoides ,Philotheca,Rutaceae,native,n,white,30,Other flies,10,,,,
November,2/11/2020,21.3,Chorizema cordatum,Chorizema,Fabaceae,native,n,orange+pink,5,Native bees,0,0,,,
November,2/11/2020,21.3,Chorizema cordatum,Chorizema,Fabaceae,native,n,orange+pink,5,Honeybees,0,,,,
November,2/11/2020,21.3,Chorizema cordatum,Chorizema,Fabaceae,native,n,orange+pink,5,Wasps,0,,,,
November,2/11/2020,21.3,Chorizema cordatum,Chorizema,Fabaceae,native,n,orange+pink,5,Syrphid flies,0,,,,
November,2/11/2020,21.3,Chorizema cordatum,Chorizema,Fabaceae,native,n,orange+pink,5,Other flies,0,,,,
November,2/11/2020,21.3,Grevillea nudiflora,Grevillea,Proteaceae,native,n,red,40,Native bees,0,0,,,
November,2/11/2020,21.3,Grevillea nudiflora,Grevillea,Proteaceae,native,n,red,40,Honeybees,0,,,,
November,2/11/2020,21.3,Grevillea nudiflora,Grevillea,Proteaceae,native,n,red,40,Wasps,0,,,,
November,2/11/2020,21.3,Grevillea nudiflora,Grevillea,Proteaceae,native,n,red,40,Syrphid flies,0,,,,
November,2/11/2020,21.3,Grevillea nudiflora,Grevillea,Proteaceae,native,n,red,40,Other flies,0,,,,
November,2/11/2020,21.3,Acacia subulata,Acacia,Fabaceae,native,n,yellow,200,Native bees,1,3,Hylaeus (Prosopisteron) sp,1,
November,2/11/2020,21.3,Acacia subulata,Acacia,Fabaceae,native,n,yellow,200,Honeybees,0,,,,
November,2/11/2020,21.3,Acacia subulata,Acacia,Fabaceae,native,n,yellow,200,Wasps,0,,,,
November,2/11/2020,21.3,Acacia subulata,Acacia,Fabaceae,native,n,yellow,200,Syrphid flies,2,,,,
November,2/11/2020,21.3,Acacia subulata,Acacia,Fabaceae,native,n,yellow,200,Other flies,0,,,,
November,2/11/2020,21.3,"Anigozanthos ""yellow gem""",Anigozanthos,Haemodoraceae,native,y,yellow,20,Native bees,0,0,,,
November,2/11/2020,21.3,"Anigozanthos ""yellow gem""",Anigozanthos,Haemodoraceae,native,y,yellow,20,Honeybees,0,,,,
November,2/11/2020,21.3,"Anigozanthos ""yellow gem""",Anigozanthos,Haemodoraceae,native,y,yellow,20,Wasps,0,,,,
November,2/11/2020,21.3,"Anigozanthos ""yellow gem""",Anigozanthos,Haemodoraceae,native,y,yellow,20,Syrphid flies,0,,,,
November,2/11/2020,21.3,"Anigozanthos ""yellow gem""",Anigozanthos,Haemodoraceae,native,y,yellow,20,Other flies,0,,,,
November,2/11/2020,21.3,"Grevillea ""Tango""",Grevillea,Proteaceae,native,y,orange,10,Native bees,0,10,,,
November,2/11/2020,21.3,"Grevillea ""Tango""",Grevillea,Proteaceae,native,y,orange,10,Honeybees,10,,,,
November,2/11/2020,21.3,"Grevillea ""Tango""",Grevillea,Proteaceae,native,y,orange,10,Wasps,0,,,,
November,2/11/2020,21.3,"Grevillea ""Tango""",Grevillea,Proteaceae,native,y,orange,10,Syrphid flies,0,,,,
November,2/11/2020,21.3,"Grevillea ""Tango""",Grevillea,Proteaceae,native,y,orange,10,Other flies,0,,,,
November,2/11/2020,21.3,"Grevillea ""Fire Sprite""",Grevillea,Proteaceae,native,y,red/orange,28,Native bees,0,0,,,
November,2/11/2020,21.3,"Grevillea ""Fire Sprite""",Grevillea,Proteaceae,native,y,red/orange,28,Honeybees,0,,,,
November,2/11/2020,21.3,"Grevillea ""Fire Sprite""",Grevillea,Proteaceae,native,y,red/orange,28,Wasps,0,,,,
November,2/11/2020,21.3,"Grevillea ""Fire Sprite""",Grevillea,Proteaceae,native,y,red/orange,28,Syrphid flies,0,,,,
November,2/11/2020,21.3,"Grevillea ""Fire Sprite""",Grevillea,Proteaceae,native,y,red/orange,28,Other flies,0,,,,
November,2/11/2020,21.3,"Scaevola ""Mauve Clusters""",Scaevola,Goodeniaceae,native,y,blue,410,Native bees,1,20,Exoneura,1,
November,2/11/2020,21.3,"Scaevola ""Mauve Clusters""",Scaevola,Goodeniaceae,native,y,blue,410,Honeybees,14,,,,
November,2/11/2020,21.3,"Scaevola ""Mauve Clusters""",Scaevola,Goodeniaceae,native,y,blue,410,Wasps,0,,,,
November,2/11/2020,21.3,"Scaevola ""Mauve Clusters""",Scaevola,Goodeniaceae,native,y,blue,410,Syrphid flies,1,,,,
November,2/11/2020,21.3,"Scaevola ""Mauve Clusters""",Scaevola,Goodeniaceae,native,y,blue,410,Other flies,4,,,,
November,2/11/2020,21.3,Austromyrtus dulcis,Austromyrtus,Myrtaceae,native,n,white,400,Native bees,0,0,,,
November,2/11/2020,21.3,Austromyrtus dulcis,Austromyrtus,Myrtaceae,native,n,white,400,Honeybees,0,,,,
November,2/11/2020,21.3,Austromyrtus dulcis,Austromyrtus,Myrtaceae,native,n,white,400,Wasps,0,,,,
November,2/11/2020,21.3,Austromyrtus dulcis,Austromyrtus,Myrtaceae,native,n,white,400,Syrphid flies,0,,,,
November,2/11/2020,21.3,Austromyrtus dulcis,Austromyrtus,Myrtaceae,native,n,white,400,Other flies,0,,,,
November,2/11/2020,21.3,"Scaevola ""Purple Fanfare""",Scaevola,Goodeniaceae,native,y,blue,50,Native bees,1,1,Megachile,,
November,2/11/2020,21.3,"Scaevola ""Purple Fanfare""",Scaevola,Goodeniaceae,native,y,blue,50,Honeybees,0,,,,
November,2/11/2020,21.3,"Scaevola ""Purple Fanfare""",Scaevola,Goodeniaceae,native,y,blue,50,Wasps,0,,,,
November,2/11/2020,21.3,"Scaevola ""Purple Fanfare""",Scaevola,Goodeniaceae,native,y,blue,50,Syrphid flies,0,,,,
November,2/11/2020,21.3,"Scaevola ""Purple Fanfare""",Scaevola,Goodeniaceae,native,y,blue,50,Other flies,0,,,,
November,2/11/2020,21.3,Baekea virgata,Baekea,Myrtaceae,native,n,white,1000,Native bees,8,117,Megachile: smaller species (oblonga?) and larger (monstrosa?),,
November,2/11/2020,21.3,Baekea virgata,Baekea,Myrtaceae,native,n,white,1000,Honeybees,100,,,,
November,2/11/2020,21.3,Baekea virgata,Baekea,Myrtaceae,native,n,white,1000,Wasps,9,,Wasps: Pison (Crabronidae): 5; Eumenidae: 2; Polistes (Vespidae): 2,,
November,2/11/2020,21.3,Baekea virgata,Baekea,Myrtaceae,native,n,white,1000,Syrphid flies,0,,,,
November,2/11/2020,21.3,Baekea virgata,Baekea,Myrtaceae,native,n,white,1000,Other flies,0,,,,
November,2/11/2020,21.3,Hemiandra pungens,Hemiandra,Lamiaceae,native,n,purple,70,Native bees,0,0,,,
November,2/11/2020,21.3,Hemiandra pungens,Hemiandra,Lamiaceae,native,n,purple,70,Honeybees,0,,,,
November,2/11/2020,21.3,Hemiandra pungens,Hemiandra,Lamiaceae,native,n,purple,70,Wasps,0,,,,
November,2/11/2020,21.3,Hemiandra pungens,Hemiandra,Lamiaceae,native,n,purple,70,Syrphid flies,0,,,,
November,2/11/2020,21.3,Hemiandra pungens,Hemiandra,Lamiaceae,native,n,purple,70,Other flies,0,,,,
November,2/11/2020,21.3,Chrysocephalum apicatum,Chrysocephalum,Asteraceae,native,n,yellow,400,Native bees,0,1,,,
November,2/11/2020,21.3,Chrysocephalum apicatum,Chrysocephalum,Asteraceae,native,n,yellow,400,Honeybees,0,,,,
November,2/11/2020,21.3,Chrysocephalum apicatum,Chrysocephalum,Asteraceae,native,n,yellow,400,Wasps,1,,,,
November,2/11/2020,21.3,Chrysocephalum apicatum,Chrysocephalum,Asteraceae,native,n,yellow,400,Syrphid flies,0,,,,
November,2/11/2020,21.3,Chrysocephalum apicatum,Chrysocephalum,Asteraceae,native,n,yellow,400,Other flies,0,,,,
November,2/11/2020,21.3,Anigozanthos 'Big Red',Anigozanthos,Haemodoraceae,native,y,red,73,Native bees,0,1,,,
November,2/11/2020,21.3,Anigozanthos 'Big Red',Anigozanthos,Haemodoraceae,native,y,red,73,Honeybees,1,,,,
November,2/11/2020,21.3,Anigozanthos 'Big Red',Anigozanthos,Haemodoraceae,native,y,red,73,Wasps,0,,,,
November,2/11/2020,21.3,Anigozanthos 'Big Red',Anigozanthos,Haemodoraceae,native,y,red,73,Syrphid flies,0,,,,
November,2/11/2020,21.3,Anigozanthos 'Big Red',Anigozanthos,Haemodoraceae,native,y,red,73,Other flies,0,,,,
November,2/11/2020,21.3,Chamelaucium x Verticordia 'Paddys Pink',Chamelaucium,Myrtaceae,native,y,pink,400,Native bees,0,0,,,
November,2/11/2020,21.3,Chamelaucium x Verticordia 'Paddys Pink',Chamelaucium,Myrtaceae,native,y,pink,400,Honeybees,0,,,,
November,2/11/2020,21.3,Chamelaucium x Verticordia 'Paddys Pink',Chamelaucium,Myrtaceae,native,y,pink,400,Wasps,0,,,,
November,2/11/2020,21.3,Chamelaucium x Verticordia 'Paddys Pink',Chamelaucium,Myrtaceae,native,y,pink,400,Syrphid flies,0,,,,
November,2/11/2020,21.3,Chamelaucium x Verticordia 'Paddys Pink',Chamelaucium,Myrtaceae,native,y,pink,400,Other flies,0,,,,
November,2/11/2020,21.3,Verticordia mitchelliana,Verticordia,Myrtaceae,native,n,red,60,Native bees,0,0,,,
November,2/11/2020,21.3,Verticordia mitchelliana,Verticordia,Myrtaceae,native,n,red,60,Honeybees,0,,,,
November,2/11/2020,21.3,Verticordia mitchelliana,Verticordia,Myrtaceae,native,n,red,60,Wasps,0,,,,
November,2/11/2020,21.3,Verticordia mitchelliana,Verticordia,Myrtaceae,native,n,red,60,Syrphid flies,0,,,,
November,2/11/2020,21.3,Verticordia mitchelliana,Verticordia,Myrtaceae,native,n,red,60,Other flies,0,,,,
November,2/11/2020,21.3,Nuytsia floribunda,Nuytsia,Loranthaceae,native,n,yellow,480,Native bees,0,28,,,
November,2/11/2020,21.3,Nuytsia floribunda,Nuytsia,Loranthaceae,native,n,yellow,480,Honeybees,27,,,,
November,2/11/2020,21.3,Nuytsia floribunda,Nuytsia,Loranthaceae,native,n,yellow,480,Wasps,0,,,,
November,2/11/2020,21.3,Nuytsia floribunda,Nuytsia,Loranthaceae,native,n,yellow,480,Syrphid flies,0,,,,
November,2/11/2020,21.3,Nuytsia floribunda,Nuytsia,Loranthaceae,native,n,yellow,480,Other flies,1,,,,
November,2/11/2020,21.3,Boronia crenulata,Boronia,Rutaceae,native,n,pink,25,Native bees,21,23,Megachile,1,
November,2/11/2020,21.3,Boronia crenulata,Boronia,Rutaceae,native,n,pink,25,Honeybees,1,,Lasioglossum,20,
November,2/11/2020,21.3,Boronia crenulata,Boronia,Rutaceae,native,n,pink,25,Wasps,0,,,,
November,2/11/2020,21.3,Boronia crenulata,Boronia,Rutaceae,native,n,pink,25,Syrphid flies,1,,,,
November,2/11/2020,21.3,Boronia crenulata,Boronia,Rutaceae,native,n,pink,25,Other flies,0,,,,
November,2/11/2020,21.3,Myoporum parviflorum,Myoporum,Scrophulariaceae,native,n,white,200,Native bees,0,1,,,
November,2/11/2020,21.3,Myoporum parviflorum,Myoporum,Scrophulariaceae,native,n,white,200,Honeybees,1,,,,
November,2/11/2020,21.3,Myoporum parviflorum,Myoporum,Scrophulariaceae,native,n,white,200,Wasps,0,,,,
November,2/11/2020,21.3,Myoporum parviflorum,Myoporum,Scrophulariaceae,native,n,white,200,Syrphid flies,0,,,,
November,2/11/2020,21.3,Myoporum parviflorum,Myoporum,Scrophulariaceae,native,n,white,200,Other flies,0,,,,
November,2/11/2020,21.3,Pansy,Viola,Violaceae,exotic,y,white,45,Native bees,0,0,,,
November,2/11/2020,21.3,Pansy,Viola,Violaceae,exotic,y,white,45,Honeybees,0,,,,
November,2/11/2020,21.3,Pansy,Viola,Violaceae,exotic,y,white,45,Wasps,0,,,,
November,2/11/2020,21.3,Pansy,Viola,Violaceae,exotic,y,white,45,Syrphid flies,0,,,,
November,2/11/2020,21.3,Pansy,Viola,Violaceae,exotic,y,white,45,Other flies,0,,,,
November,2/11/2020,21.3,Lobelia erinus,Lobelia,Campanulaceae,exotic,n,blue,300,Native bees,0,1,,,
November,2/11/2020,21.3,Lobelia erinus,Lobelia,Campanulaceae,exotic,n,blue,300,Honeybees,0,,,,
November,2/11/2020,21.3,Lobelia erinus,Lobelia,Campanulaceae,exotic,n,blue,300,Wasps,0,,,,
November,2/11/2020,21.3,Lobelia erinus,Lobelia,Campanulaceae,exotic,n,blue,300,Syrphid flies,1,,,,
November,2/11/2020,21.3,Lobelia erinus,Lobelia,Campanulaceae,exotic,n,blue,300,Other flies,0,,,,
November,2/11/2020,21.3,Dianthus,Dianthus,Caryophyllaceae,exotic,n,pink,22,Native bees,0,1,,,
November,2/11/2020,21.3,Dianthus,Dianthus,Caryophyllaceae,exotic,n,pink,22,Honeybees,0,,,,
November,2/11/2020,21.3,Dianthus,Dianthus,Caryophyllaceae,exotic,n,pink,22,Wasps,0,,,,
November,2/11/2020,21.3,Dianthus,Dianthus,Caryophyllaceae,exotic,n,pink,22,Syrphid flies,1,,,,
November,2/11/2020,21.3,Dianthus,Dianthus,Caryophyllaceae,exotic,n,pink,22,Other flies,0,,,,
November,2/11/2020,21.3,Calibrachoa,Calibrachoa,Solanaceae,exotic,n,yellow/pink,10,Native bees,0,0,,,
November,2/11/2020,21.3,Calibrachoa,Calibrachoa,Solanaceae,exotic,n,yellow/pink,10,Honeybees,0,,,,
November,2/11/2020,21.3,Calibrachoa,Calibrachoa,Solanaceae,exotic,n,yellow/pink,10,Wasps,0,,,,
November,2/11/2020,21.3,Calibrachoa,Calibrachoa,Solanaceae,exotic,n,yellow/pink,10,Syrphid flies,0,,,,
November,2/11/2020,21.3,Calibrachoa,Calibrachoa,Solanaceae,exotic,n,yellow/pink,10,Other flies,0,,,,
November,2/11/2020,21.3,Tagetes,Tagetes,Asteraceae,exotic,n,yellow/orange,13,Native bees,0,0,,,
November,2/11/2020,21.3,Tagetes,Tagetes,Asteraceae,exotic,n,yellow/orange,13,Honeybees,0,,,,
November,2/11/2020,21.3,Tagetes,Tagetes,Asteraceae,exotic,n,yellow/orange,13,Wasps,0,,,,
November,2/11/2020,21.3,Tagetes,Tagetes,Asteraceae,exotic,n,yellow/orange,13,Syrphid flies,0,,,,
November,2/11/2020,21.3,Tagetes,Tagetes,Asteraceae,exotic,n,yellow/orange,13,Other flies,0,,,,
November,2/11/2020,21.3,Petunia,Petunia,Solanaceae,exotic,y,white/pink/purple/red,70,Native bees,0,1,,,
November,2/11/2020,21.3,Petunia,Petunia,Solanaceae,exotic,y,white/pink/purple/red,70,Honeybees,0,,,,
November,2/11/2020,21.3,Petunia,Petunia,Solanaceae,exotic,y,white/pink/purple/red,70,Wasps,0,,,,
November,2/11/2020,21.3,Petunia,Petunia,Solanaceae,exotic,y,white/pink/purple/red,70,Syrphid flies,1,,,,
November,2/11/2020,21.3,Petunia,Petunia,Solanaceae,exotic,y,white/pink/purple/red,70,Other flies,0,,,,
November,2/11/2020,21.3,Antirrhinum majus,Antirrhinum,Plantaginaceae,exotic,n,white/pink/yellow,50,Native bees,0,0,,,
November,2/11/2020,21.3,Antirrhinum majus,Antirrhinum,Plantaginaceae,exotic,n,white/pink/yellow,50,Honeybees,0,,,,
November,2/11/2020,21.3,Antirrhinum majus,Antirrhinum,Plantaginaceae,exotic,n,white/pink/yellow,50,Wasps,0,,,,
November,2/11/2020,21.3,Antirrhinum majus,Antirrhinum,Plantaginaceae,exotic,n,white/pink/yellow,50,Syrphid flies,0,,,,
November,2/11/2020,21.3,Antirrhinum majus,Antirrhinum,Plantaginaceae,exotic,n,white/pink/yellow,50,Other flies,0,,,,
November,2/11/2020,21.3,Pelargonium 'zonal',Pelargonium,Geraniaceae,exotic,y,pink+white,50,Native bees,0,0,,,
November,2/11/2020,21.3,Pelargonium 'zonal',Pelargonium,Geraniaceae,exotic,y,pink+white,50,Honeybees,0,,,,
November,2/11/2020,21.3,Pelargonium 'zonal',Pelargonium,Geraniaceae,exotic,y,pink+white,50,Wasps,0,,,,
November,2/11/2020,21.3,Pelargonium 'zonal',Pelargonium,Geraniaceae,exotic,y,pink+white,50,Syrphid flies,0,,,,
November,2/11/2020,21.3,Pelargonium 'zonal',Pelargonium,Geraniaceae,exotic,y,pink+white,50,Other flies,0,,,,
November,2/11/2020,21.3,Scaevola 'Crinkle Cut',Scaevola,Goodeniaceae,native,y,blue,300,Native bees,0,6,,,
November,2/11/2020,21.3,Scaevola 'Crinkle Cut',Scaevola,Goodeniaceae,native,y,blue,300,Honeybees,6,,,,
November,2/11/2020,21.3,Scaevola 'Crinkle Cut',Scaevola,Goodeniaceae,native,y,blue,300,Wasps,0,,,,
November,2/11/2020,21.3,Scaevola 'Crinkle Cut',Scaevola,Goodeniaceae,native,y,blue,300,Syrphid flies,0,,,,
November,2/11/2020,21.3,Scaevola 'Crinkle Cut',Scaevola,Goodeniaceae,native,y,blue,300,Other flies,0,,,,
November,2/11/2020,21.3,Thryptomene saxicola,Thryptomene,Myrtaceae,native,n,pink,300,Native bees,8,14,Exoneura,7,
November,2/11/2020,21.3,Thryptomene saxicola,Thryptomene,Myrtaceae,native,n,pink,300,Honeybees,6,,Lasioglossum (Chilalictus) sp,1,
November,2/11/2020,21.3,Thryptomene saxicola,Thryptomene,Myrtaceae,native,n,pink,300,Wasps,0,,,,
November,2/11/2020,21.3,Thryptomene saxicola,Thryptomene,Myrtaceae,native,n,pink,300,Syrphid flies,0,,,,
November,2/11/2020,21.3,Thryptomene saxicola,Thryptomene,Myrtaceae,native,n,pink,300,Other flies,0,,,,
November,2/11/2020,21.3,Eremophila microtheca,Eremophila,Scrophulariaceae,native,n,purple,28,Native bees,0,0,,,
November,2/11/2020,21.3,Eremophila microtheca,Eremophila,Scrophulariaceae,native,n,purple,28,Honeybees,0,,,,
November,2/11/2020,21.3,Eremophila microtheca,Eremophila,Scrophulariaceae,native,n,purple,28,Wasps,0,,,,
November,2/11/2020,21.3,Eremophila microtheca,Eremophila,Scrophulariaceae,native,n,purple,28,Syrphid flies,0,,,,
November,2/11/2020,21.3,Eremophila microtheca,Eremophila,Scrophulariaceae,native,n,purple,28,Other flies,0,,,,
November,2/11/2020,21.3,Callistemon salignus,Callistemon,Myrtaceae,native,n,white,15,Native bees,0,8,,,
November,2/11/2020,21.3,Callistemon salignus,Callistemon,Myrtaceae,native,n,white,15,Honeybees,8,,,,
November,2/11/2020,21.3,Callistemon salignus,Callistemon,Myrtaceae,native,n,white,15,Wasps,0,,,,
November,2/11/2020,21.3,Callistemon salignus,Callistemon,Myrtaceae,native,n,white,15,Syrphid flies,0,,,,
November,2/11/2020,21.3,Callistemon salignus,Callistemon,Myrtaceae,native,n,white,15,Other flies,0,,,,
November,2/11/2020,21.3,Grevillea 'Peaches & Cream',Grevillea,Proteaceae,native,y,yellow+pink,8,Native bees,0,3,,,
November,2/11/2020,21.3,Grevillea 'Peaches & Cream',Grevillea,Proteaceae,native,y,yellow+pink,8,Honeybees,3,,,,
November,2/11/2020,21.3,Grevillea 'Peaches & Cream',Grevillea,Proteaceae,native,y,yellow+pink,8,Wasps,0,,,,
November,2/11/2020,21.3,Grevillea 'Peaches & Cream',Grevillea,Proteaceae,native,y,yellow+pink,8,Syrphid flies,0,,,,
November,2/11/2020,21.3,Grevillea 'Peaches & Cream',Grevillea,Proteaceae,native,y,yellow+pink,8,Other flies,0,,,,
November,2/11/2020,21.3,Hibbertia vestita,Hibbertia,Dilleniaceae,native,n,yellow,8,Native bees,0,0,,,
November,2/11/2020,21.3,Hibbertia vestita,Hibbertia,Dilleniaceae,native,n,yellow,8,Honeybees,0,,,,
November,2/11/2020,21.3,Hibbertia vestita,Hibbertia,Dilleniaceae,native,n,yellow,8,Wasps,0,,,,
November,2/11/2020,21.3,Hibbertia vestita,Hibbertia,Dilleniaceae,native,n,yellow,8,Syrphid flies,0,,,,
November,2/11/2020,21.3,Hibbertia vestita,Hibbertia,Dilleniaceae,native,n,yellow,8,Other flies,0,,,,
November,2/11/2020,21.3,Anigozanthos 'Bush Ballad',Anigozanthos,Haemodoraceae,native,y,red,80,Native bees,0,0,,,
November,2/11/2020,21.3,Anigozanthos 'Bush Ballad',Anigozanthos,Haemodoraceae,native,y,red,80,Honeybees,0,,,,
November,2/11/2020,21.3,Anigozanthos 'Bush Ballad',Anigozanthos,Haemodoraceae,native,y,red,80,Wasps,0,,,,
November,2/11/2020,21.3,Anigozanthos 'Bush Ballad',Anigozanthos,Haemodoraceae,native,y,red,80,Syrphid flies,0,,,,
November,2/11/2020,21.3,Anigozanthos 'Bush Ballad',Anigozanthos,Haemodoraceae,native,y,red,80,Other flies,0,,,,
November,2/11/2020,21.3,Ozothamnus 'radiance',Ozothamnus ,Asteraceae,native,y,white,200,Native bees,0,0,,,
November,2/11/2020,21.3,Ozothamnus 'radiance',Ozothamnus ,Asteraceae,native,y,white,200,Honeybees,0,,,,
November,2/11/2020,21.3,Ozothamnus 'radiance',Ozothamnus ,Asteraceae,native,y,white,200,Wasps,0,,,,
November,2/11/2020,21.3,Ozothamnus 'radiance',Ozothamnus ,Asteraceae,native,y,white,200,Syrphid flies,0,,,,
November,2/11/2020,21.3,Ozothamnus 'radiance',Ozothamnus ,Asteraceae,native,y,white,200,Other flies,0,,,,
November,2/11/2020,21.3,Stylidium spatulata,Stylidium,Stylidiaceae,native,n,pink,6,Native bees,0,0,,,
November,2/11/2020,21.3,Stylidium spatulata,Stylidium,Stylidiaceae,native,n,pink,6,Honeybees,0,,,,
November,2/11/2020,21.3,Stylidium spatulata,Stylidium,Stylidiaceae,native,n,pink,6,Wasps,0,,,,
November,2/11/2020,21.3,Stylidium spatulata,Stylidium,Stylidiaceae,native,n,pink,6,Syrphid flies,0,,,,
November,2/11/2020,21.3,Stylidium spatulata,Stylidium,Stylidiaceae,native,n,pink,6,Other flies,0,,,,
November,2/11/2020,21.3,Stylidium adnatum,Stylidium,Stylidiaceae,native,n,pink,130,Native bees,0,0,,,
November,2/11/2020,21.3,Stylidium adnatum,Stylidium,Stylidiaceae,native,n,pink,130,Honeybees,0,,,,
November,2/11/2020,21.3,Stylidium adnatum,Stylidium,Stylidiaceae,native,n,pink,130,Wasps,0,,,,
November,2/11/2020,21.3,Stylidium adnatum,Stylidium,Stylidiaceae,native,n,pink,130,Syrphid flies,0,,,,
November,2/11/2020,21.3,Stylidium adnatum,Stylidium,Stylidiaceae,native,n,pink,130,Other flies,0,,,,
November,2/11/2020,21.3,Stylidium caespitosum,Stylidium,Stylidiaceae,native,n,white,50,Native bees,0,0,,,
November,2/11/2020,21.3,Stylidium caespitosum,Stylidium,Stylidiaceae,native,n,white,50,Honeybees,0,,,,
November,2/11/2020,21.3,Stylidium caespitosum,Stylidium,Stylidiaceae,native,n,white,50,Wasps,0,,,,
November,2/11/2020,21.3,Stylidium caespitosum,Stylidium,Stylidiaceae,native,n,white,50,Syrphid flies,0,,,,
November,2/11/2020,21.3,Stylidium caespitosum,Stylidium,Stylidiaceae,native,n,white,50,Other flies,0,,,,
November,2/11/2020,21.3,Dampiera diversifolia,Dampiera,Goodeniaceae,native,n,blue,25,Native bees,0,2,,,
November,2/11/2020,21.3,Dampiera diversifolia,Dampiera,Goodeniaceae,native,n,blue,25,Honeybees,0,,,,
November,2/11/2020,21.3,Dampiera diversifolia,Dampiera,Goodeniaceae,native,n,blue,25,Wasps,0,,,,
November,2/11/2020,21.3,Dampiera diversifolia,Dampiera,Goodeniaceae,native,n,blue,25,Syrphid flies,2,,,,
November,2/11/2020,21.3,Dampiera diversifolia,Dampiera,Goodeniaceae,native,n,blue,25,Other flies,0,,,,
November,2/11/2020,21.3,Scaevola 'white carpet',Scaevola,Goodeniaceae,native,y,white,50,Native bees,0,1,,,
November,2/11/2020,21.3,Scaevola 'white carpet',Scaevola,Goodeniaceae,native,y,white,50,Honeybees,1,,,,
November,2/11/2020,21.3,Scaevola 'white carpet',Scaevola,Goodeniaceae,native,y,white,50,Wasps,0,,,,
November,2/11/2020,21.3,Scaevola 'white carpet',Scaevola,Goodeniaceae,native,y,white,50,Syrphid flies,0,,,,
November,2/11/2020,21.3,Scaevola 'white carpet',Scaevola,Goodeniaceae,native,y,white,50,Other flies,0,,,,
November,2/11/2020,21.3,Swainsona formosa,Swainsona,Fabaceae,native,n,red,4,Native bees,0,0,,,
November,2/11/2020,21.3,Swainsona formosa,Swainsona,Fabaceae,native,n,red,4,Honeybees,0,,,,
November,2/11/2020,21.3,Swainsona formosa,Swainsona,Fabaceae,native,n,red,4,Wasps,0,,,,
November,2/11/2020,21.3,Swainsona formosa,Swainsona,Fabaceae,native,n,red,4,Syrphid flies,0,,,,
November,2/11/2020,21.3,Swainsona formosa,Swainsona,Fabaceae,native,n,red,4,Other flies,0,,,,
January,24/1/2021,28.1,Grevillea 'Aphrodites dream',Grevillea,Proteaceae,native,y,pink,61,Native bees,0,18,,,
January,24/1/2021,28.1,Grevillea 'Aphrodites dream',Grevillea,Proteaceae,native,y,pink,61,Honeybees,18,,,,
January,24/1/2021,28.1,Grevillea 'Aphrodites dream',Grevillea,Proteaceae,native,y,pink,61,Wasps,0,,,,
January,24/1/2021,28.1,Grevillea 'Aphrodites dream',Grevillea,Proteaceae,native,y,pink,61,Syrphid flies,0,,,,
January,24/1/2021,28.1,Grevillea 'Aphrodites dream',Grevillea,Proteaceae,native,y,pink,61,Other flies,0,,,,
January,24/1/2021,28.1,Grevillea 'Outback sunrise',Grevillea,Proteaceae,native,y,yellow+red,36,Native bees,0,10,,,
January,24/1/2021,28.1,Grevillea 'Outback sunrise',Grevillea,Proteaceae,native,y,yellow+red,36,Honeybees,10,,,,
January,24/1/2021,28.1,Grevillea 'Outback sunrise',Grevillea,Proteaceae,native,y,yellow+red,36,Wasps,0,,,,
January,24/1/2021,28.1,Grevillea 'Outback sunrise',Grevillea,Proteaceae,native,y,yellow+red,36,Syrphid flies,0,,,,
January,24/1/2021,28.1,Grevillea 'Outback sunrise',Grevillea,Proteaceae,native,y,yellow+red,36,Other flies,0,,,,
January,24/1/2021,28.1,Grevillea rhyolitica,Grevillea,Proteaceae,native,n,red,27,Native bees,0,0,,,
January,24/1/2021,28.1,Grevillea rhyolitica,Grevillea,Proteaceae,native,n,red,27,Honeybees,0,,,,
January,24/1/2021,28.1,Grevillea rhyolitica,Grevillea,Proteaceae,native,n,red,27,Wasps,0,,,,
January,24/1/2021,28.1,Grevillea rhyolitica,Grevillea,Proteaceae,native,n,red,27,Syrphid flies,0,,,,
January,24/1/2021,28.1,Grevillea rhyolitica,Grevillea,Proteaceae,native,n,red,27,Other flies,0,,,,
January,24/1/2021,28.1,Grevillea acanthifolia x laurifolia,Grevillea,Proteaceae,native,y,pink,1,Native bees,0,0,,,
January,24/1/2021,28.1,Grevillea acanthifolia x laurifolia,Grevillea,Proteaceae,native,y,pink,1,Honeybees,0,,,,
January,24/1/2021,28.1,Grevillea acanthifolia x laurifolia,Grevillea,Proteaceae,native,y,pink,1,Wasps,0,,,,
January,24/1/2021,28.1,Grevillea acanthifolia x laurifolia,Grevillea,Proteaceae,native,y,pink,1,Syrphid flies,0,,,,
January,24/1/2021,28.1,Grevillea acanthifolia x laurifolia,Grevillea,Proteaceae,native,y,pink,1,Other flies,0,,,,
January,24/1/2021,28.1,Grevillea 'Bronze rambler',Grevillea,Proteaceae,native,y,orange,1,Native bees,0,0,,,
January,24/1/2021,28.1,Grevillea 'Bronze rambler',Grevillea,Proteaceae,native,y,orange,1,Honeybees,0,,,,
January,24/1/2021,28.1,Grevillea 'Bronze rambler',Grevillea,Proteaceae,native,y,orange,1,Wasps,0,,,,
January,24/1/2021,28.1,Grevillea 'Bronze rambler',Grevillea,Proteaceae,native,y,orange,1,Syrphid flies,0,,,,
January,24/1/2021,28.1,Grevillea 'Bronze rambler',Grevillea,Proteaceae,native,y,orange,1,Other flies,0,,,,
January,24/1/2021,28.1,Grevillea 'Spirit of Anzac',Grevillea,Proteaceae,native,y,red,7,Native bees,0,0,,,
January,24/1/2021,28.1,Grevillea 'Spirit of Anzac',Grevillea,Proteaceae,native,y,red,7,Honeybees,0,,,,
January,24/1/2021,28.1,Grevillea 'Spirit of Anzac',Grevillea,Proteaceae,native,y,red,7,Wasps,0,,,,
January,24/1/2021,28.1,Grevillea 'Spirit of Anzac',Grevillea,Proteaceae,native,y,red,7,Syrphid flies,0,,,,
January,24/1/2021,28.1,Grevillea 'Spirit of Anzac',Grevillea,Proteaceae,native,y,red,7,Other flies,0,,,,
January,24/1/2021,28.1,Grevillea 'Scarlet Moon',Grevillea,Proteaceae,native,y,red,26,Native bees,0,14,,,
January,24/1/2021,28.1,Grevillea 'Scarlet Moon',Grevillea,Proteaceae,native,y,red,26,Honeybees,14,,,,
January,24/1/2021,28.1,Grevillea 'Scarlet Moon',Grevillea,Proteaceae,native,y,red,26,Wasps,0,,,,
January,24/1/2021,28.1,Grevillea 'Scarlet Moon',Grevillea,Proteaceae,native,y,red,26,Syrphid flies,0,,,,
January,24/1/2021,28.1,Grevillea 'Scarlet Moon',Grevillea,Proteaceae,native,y,red,26,Other flies,0,,,,
January,24/1/2021,28.1,Chrysocephalum apiculatum ,Chrysocephalum,Asteraceae,native,n,yellow,660,Native bees,0,0,,,
January,24/1/2021,28.1,Chrysocephalum apiculatum ,Chrysocephalum,Asteraceae,native,n,yellow,660,Honeybees,0,,,,
January,24/1/2021,28.1,Chrysocephalum apiculatum ,Chrysocephalum,Asteraceae,native,n,yellow,660,Wasps,0,,,,
January,24/1/2021,28.1,Chrysocephalum apiculatum ,Chrysocephalum,Asteraceae,native,n,yellow,660,Syrphid flies,0,,,,
January,24/1/2021,28.1,Chrysocephalum apiculatum ,Chrysocephalum,Asteraceae,native,n,yellow,660,Other flies,0,,,,
January,24/1/2021,28.1,Acacia subulata,Acacia,Fabaceae,native,n,yellow,200,Native bees,0,6,,,
January,24/1/2021,28.1,Acacia subulata,Acacia,Fabaceae,native,n,yellow,200,Honeybees,0,,,,
January,24/1/2021,28.1,Acacia subulata,Acacia,Fabaceae,native,n,yellow,200,Wasps,5,,,,
January,24/1/2021,28.1,Acacia subulata,Acacia,Fabaceae,native,n,yellow,200,Syrphid flies,1,,,,
January,24/1/2021,28.1,Acacia subulata,Acacia,Fabaceae,native,n,yellow,200,Other flies,0,,,,
January,24/1/2021,28.1,Grevillea 'Poorinda Royal Mantle',Grevillea,Proteaceae,native,y,pink,15,Native bees,0,2,,,
January,24/1/2021,28.1,Grevillea 'Poorinda Royal Mantle',Grevillea,Proteaceae,native,y,pink,15,Honeybees,2,,,,
January,24/1/2021,28.1,Grevillea 'Poorinda Royal Mantle',Grevillea,Proteaceae,native,y,pink,15,Wasps,0,,,,
January,24/1/2021,28.1,Grevillea 'Poorinda Royal Mantle',Grevillea,Proteaceae,native,y,pink,15,Syrphid flies,0,,,,
January,24/1/2021,28.1,Grevillea 'Poorinda Royal Mantle',Grevillea,Proteaceae,native,y,pink,15,Other flies,0,,,,
January,24/1/2021,28.1,Anigozanthos pulcherrimus ,Anigozanthos,Haemodoraceae,native,n,yellow,200,Native bees,0,0,,,
January,24/1/2021,28.1,Anigozanthos pulcherrimus ,Anigozanthos,Haemodoraceae,native,n,yellow,200,Honeybees,0,,,,
January,24/1/2021,28.1,Anigozanthos pulcherrimus ,Anigozanthos,Haemodoraceae,native,n,yellow,200,Wasps,0,,,,
January,24/1/2021,28.1,Anigozanthos pulcherrimus ,Anigozanthos,Haemodoraceae,native,n,yellow,200,Syrphid flies,0,,,,
January,24/1/2021,28.1,Anigozanthos pulcherrimus ,Anigozanthos,Haemodoraceae,native,n,yellow,200,Other flies,0,,,,
January,24/1/2021,28.1,Callistemon 'Western Glory’,Callistemon,Myrtaceae,native,y,red,1,Native bees,0,0,,,
January,24/1/2021,28.1,Callistemon 'Western Glory’,Callistemon,Myrtaceae,native,y,red,1,Honeybees,0,,,,
January,24/1/2021,28.1,Callistemon 'Western Glory’,Callistemon,Myrtaceae,native,y,red,1,Wasps,0,,,,
January,24/1/2021,28.1,Callistemon 'Western Glory’,Callistemon,Myrtaceae,native,y,red,1,Syrphid flies,0,,,,
January,24/1/2021,28.1,Callistemon 'Western Glory’,Callistemon,Myrtaceae,native,y,red,1,Other flies,0,,,,
January,24/1/2021,28.1,Baekea virgata,Baekea,Myrtaceae,native,n,white,2600,Native bees,1,62,Megachile monstrosa,1,
January,24/1/2021,28.1,Baekea virgata,Baekea,Myrtaceae,native,n,white,2600,Honeybees,46,,,,
January,24/1/2021,28.1,Baekea virgata,Baekea,Myrtaceae,native,n,white,2600,Wasps,15,,Wasps: Polistes (Vespidae): 3; Bembix (Crabronidae): 7; Eumenidae: 4; Pteromalidae: 1,,
January,24/1/2021,28.1,Baekea virgata,Baekea,Myrtaceae,native,n,white,2600,Syrphid flies,0,,,,
January,24/1/2021,28.1,Baekea virgata,Baekea,Myrtaceae,native,n,white,2600,Other flies,0,,,,
January,24/1/2021,28.1,Marianthus bicolor,Marianthus,Pittosporaceae,native,n,white,600,Native bees,3,4,,,
January,24/1/2021,28.1,Marianthus bicolor,Marianthus,Pittosporaceae,native,n,white,600,Honeybees,0,,,,
January,24/1/2021,28.1,Marianthus bicolor,Marianthus,Pittosporaceae,native,n,white,600,Wasps,0,,,,
January,24/1/2021,28.1,Marianthus bicolor,Marianthus,Pittosporaceae,native,n,white,600,Syrphid flies,1,,,,
January,24/1/2021,28.1,Marianthus bicolor,Marianthus,Pittosporaceae,native,n,white,600,Other flies,0,,,,
January,24/1/2021,28.1,Grevillea 'Fire sprite',Grevillea,Proteaceae,native,y,red,1,Native bees,0,0,,,
January,24/1/2021,28.1,Grevillea 'Fire sprite',Grevillea,Proteaceae,native,y,red,1,Honeybees,0,,,,
January,24/1/2021,28.1,Grevillea 'Fire sprite',Grevillea,Proteaceae,native,y,red,1,Wasps,0,,,,
January,24/1/2021,28.1,Grevillea 'Fire sprite',Grevillea,Proteaceae,native,y,red,1,Syrphid flies,0,,,,
January,24/1/2021,28.1,Grevillea 'Fire sprite',Grevillea,Proteaceae,native,y,red,1,Other flies,0,,,,
January,24/1/2021,28.1,Hibbertia scandens,Hibbertia,Dilleniaceae,native,n,yellow,3,Native bees,2,2,Homalictus,2,
January,24/1/2021,28.1,Hibbertia scandens,Hibbertia,Dilleniaceae,native,n,yellow,3,Honeybees,0,,,,
January,24/1/2021,28.1,Hibbertia scandens,Hibbertia,Dilleniaceae,native,n,yellow,3,Wasps,0,,,,
January,24/1/2021,28.1,Hibbertia scandens,Hibbertia,Dilleniaceae,native,n,yellow,3,Syrphid flies,0,,,,
January,24/1/2021,28.1,Hibbertia scandens,Hibbertia,Dilleniaceae,native,n,yellow,3,Other flies,0,,,,
January,24/1/2021,28.1,Grevillea petrophiloides,Grevillea,Proteaceae,native,n,pink,13,Native bees,0,0,,,
January,24/1/2021,28.1,Grevillea petrophiloides,Grevillea,Proteaceae,native,n,pink,13,Honeybees,0,,,,
January,24/1/2021,28.1,Grevillea petrophiloides,Grevillea,Proteaceae,native,n,pink,13,Wasps,0,,,,
January,24/1/2021,28.1,Grevillea petrophiloides,Grevillea,Proteaceae,native,n,pink,13,Syrphid flies,0,,,,
January,24/1/2021,28.1,Grevillea petrophiloides,Grevillea,Proteaceae,native,n,pink,13,Other flies,0,,,,
January,24/1/2021,28.1,Grevillea 'Peaches & cream',Grevillea,Proteaceae,native,y,yellow+pink,14,Native bees,0,0,,,
January,24/1/2021,28.1,Grevillea 'Peaches & cream',Grevillea,Proteaceae,native,y,yellow+pink,14,Honeybees,0,,,,
January,24/1/2021,28.1,Grevillea 'Peaches & cream',Grevillea,Proteaceae,native,y,yellow+pink,14,Wasps,0,,,,
January,24/1/2021,28.1,Grevillea 'Peaches & cream',Grevillea,Proteaceae,native,y,yellow+pink,14,Syrphid flies,0,,,,
January,24/1/2021,28.1,Grevillea 'Peaches & cream',Grevillea,Proteaceae,native,y,yellow+pink,14,Other flies,0,,,,
January,24/1/2021,28.1,Scaevola 'Crinkle cut',Scaevola,Goodeniaceae,native,y,blue,250,Native bees,0,8,,,
January,24/1/2021,28.1,Scaevola 'Crinkle cut',Scaevola,Goodeniaceae,native,y,blue,250,Honeybees,8,,,,
January,24/1/2021,28.1,Scaevola 'Crinkle cut',Scaevola,Goodeniaceae,native,y,blue,250,Wasps,0,,,,
January,24/1/2021,28.1,Scaevola 'Crinkle cut',Scaevola,Goodeniaceae,native,y,blue,250,Syrphid flies,0,,,,
January,24/1/2021,28.1,Scaevola 'Crinkle cut',Scaevola,Goodeniaceae,native,y,blue,250,Other flies,0,,,,
January,24/1/2021,28.1,Tagetes ,Tagetes,Asteraceae,exotic,y,yellow/orange,40,Native bees,0,0,,,
January,24/1/2021,28.1,Tagetes ,Tagetes,Asteraceae,exotic,y,yellow/orange,40,Honeybees,0,,,,
January,24/1/2021,28.1,Tagetes ,Tagetes,Asteraceae,exotic,y,yellow/orange,40,Wasps,0,,,,
January,24/1/2021,28.1,Tagetes ,Tagetes,Asteraceae,exotic,y,yellow/orange,40,Syrphid flies,0,,,,
January,24/1/2021,28.1,Tagetes ,Tagetes,Asteraceae,exotic,y,yellow/orange,40,Other flies,0,,,,
January,24/1/2021,28.1,Petunia,Petunia,Solanaceae,exotic,y,white/pink/purple/red,400,Native bees,0,0,,,
January,24/1/2021,28.1,Petunia,Petunia,Solanaceae,exotic,y,white/pink/purple/red,400,Honeybees,0,,,,
January,24/1/2021,28.1,Petunia,Petunia,Solanaceae,exotic,y,white/pink/purple/red,400,Wasps,0,,,,
January,24/1/2021,28.1,Petunia,Petunia,Solanaceae,exotic,y,white/pink/purple/red,400,Syrphid flies,0,,,,
January,24/1/2021,28.1,Petunia,Petunia,Solanaceae,exotic,y,white/pink/purple/red,400,Other flies,0,,,,
January,24/1/2021,28.1,Dianthus,Dianthus,Caryophyllaceae,exotic,y,white/pink/purple/red,20,Native bees,0,0,,,
January,24/1/2021,28.1,Dianthus,Dianthus,Caryophyllaceae,exotic,y,white/pink/purple/red,20,Honeybees,0,,,,
January,24/1/2021,28.1,Dianthus,Dianthus,Caryophyllaceae,exotic,y,white/pink/purple/red,20,Wasps,0,,,,
January,24/1/2021,28.1,Dianthus,Dianthus,Caryophyllaceae,exotic,y,white/pink/purple/red,20,Syrphid flies,0,,,,
January,24/1/2021,28.1,Dianthus,Dianthus,Caryophyllaceae,exotic,y,white/pink/purple/red,20,Other flies,0,,,,
January,24/1/2021,28.1,Lobelia erinus,Lobelia,Campanulaceae,exotic,n,blue,60,Native bees,0,0,,,
January,24/1/2021,28.1,Lobelia erinus,Lobelia,Campanulaceae,exotic,n,blue,60,Honeybees,0,,,,
January,24/1/2021,28.1,Lobelia erinus,Lobelia,Campanulaceae,exotic,n,blue,60,Wasps,0,,,,
January,24/1/2021,28.1,Lobelia erinus,Lobelia,Campanulaceae,exotic,n,blue,60,Syrphid flies,0,,,,
January,24/1/2021,28.1,Lobelia erinus,Lobelia,Campanulaceae,exotic,n,blue,60,Other flies,0,,,,
January,24/1/2021,28.1,Pelargonium 'zonal',Pelargonium,Geraniaceae,exotic,y,white/pink/orange/red,120,Native bees,0,0,,,
January,24/1/2021,28.1,Pelargonium 'zonal',Pelargonium,Geraniaceae,exotic,y,white/pink/orange/red,120,Honeybees,0,,,,
January,24/1/2021,28.1,Pelargonium 'zonal',Pelargonium,Geraniaceae,exotic,y,white/pink/orange/red,120,Wasps,0,,,,
January,24/1/2021,28.1,Pelargonium 'zonal',Pelargonium,Geraniaceae,exotic,y,white/pink/orange/red,120,Syrphid flies,0,,,,
January,24/1/2021,28.1,Pelargonium 'zonal',Pelargonium,Geraniaceae,exotic,y,white/pink/orange/red,120,Other flies,0,,,,
January,24/1/2021,28.1,Angelonia angustifolia,Angelonia,Plantaginaceae,exotic,y,pink/purple,150,Native bees,0,0,,,
January,24/1/2021,28.1,Angelonia angustifolia,Angelonia,Plantaginaceae,exotic,y,pink/purple,150,Honeybees,0,,,,
January,24/1/2021,28.1,Angelonia angustifolia,Angelonia,Plantaginaceae,exotic,y,pink/purple,150,Wasps,0,,,,
January,24/1/2021,28.1,Angelonia angustifolia,Angelonia,Plantaginaceae,exotic,y,pink/purple,150,Syrphid flies,0,,,,
January,24/1/2021,28.1,Angelonia angustifolia,Angelonia,Plantaginaceae,exotic,y,pink/purple,150,Other flies,0,,,,
January,24/1/2021,28.1,Antirrhinum majus,Antirrhinum,Plantaginaceae,exotic,n,yellow/white/pink/orange,40,Native bees,0,0,,,
January,24/1/2021,28.1,Antirrhinum majus,Antirrhinum,Plantaginaceae,exotic,n,yellow/white/pink/orange,40,Honeybees,0,,,,
January,24/1/2021,28.1,Antirrhinum majus,Antirrhinum,Plantaginaceae,exotic,n,yellow/white/pink/orange,40,Wasps,0,,,,
January,24/1/2021,28.1,Antirrhinum majus,Antirrhinum,Plantaginaceae,exotic,n,yellow/white/pink/orange,40,Syrphid flies,0,,,,
January,24/1/2021,28.1,Antirrhinum majus,Antirrhinum,Plantaginaceae,exotic,n,yellow/white/pink/orange,40,Other flies,0,,,,
January,24/1/2021,28.1,Allium schoenoprasum,Allium,Amaryllidaceae,exotic,n,white,50,Native bees,0,0,,,
January,24/1/2021,28.1,Allium schoenoprasum,Allium,Amaryllidaceae,exotic,n,white,50,Honeybees,0,,,,
January,24/1/2021,28.1,Allium schoenoprasum,Allium,Amaryllidaceae,exotic,n,white,50,Wasps,0,,,,
January,24/1/2021,28.1,Allium schoenoprasum,Allium,Amaryllidaceae,exotic,n,white,50,Syrphid flies,0,,,,
January,24/1/2021,28.1,Allium schoenoprasum,Allium,Amaryllidaceae,exotic,n,white,50,Other flies,0,,,,
January,24/1/2021,28.1,Bulbine semibarbata,Bulbine,Asphodelaceae,native,n,yellow,80,Native bees,0,1,,,
January,24/1/2021,28.1,Bulbine semibarbata,Bulbine,Asphodelaceae,native,n,yellow,80,Honeybees,0,,,,
January,24/1/2021,28.1,Bulbine semibarbata,Bulbine,Asphodelaceae,native,n,yellow,80,Wasps,1,,,,
January,24/1/2021,28.1,Bulbine semibarbata,Bulbine,Asphodelaceae,native,n,yellow,80,Syrphid flies,0,,,,
January,24/1/2021,28.1,Bulbine semibarbata,Bulbine,Asphodelaceae,native,n,yellow,80,Other flies,0,,,,
January,24/1/2021,28.1,Trachymene incisa,Trachymene,Araliaceae,native,n,white,200,Native bees,0,1,,,
January,24/1/2021,28.1,Trachymene incisa,Trachymene,Araliaceae,native,n,white,200,Honeybees,1,,,,
January,24/1/2021,28.1,Trachymene incisa,Trachymene,Araliaceae,native,n,white,200,Wasps,0,,,,
January,24/1/2021,28.1,Trachymene incisa,Trachymene,Araliaceae,native,n,white,200,Syrphid flies,0,,,,
January,24/1/2021,28.1,Trachymene incisa,Trachymene,Araliaceae,native,n,white,200,Other flies,0,,,,
January,24/1/2021,28.1,Callistemon 'candy pink',Callistemon,Myrtaceae,native,y,pink,14,Native bees,0,1,,,
January,24/1/2021,28.1,Callistemon 'candy pink',Callistemon,Myrtaceae,native,y,pink,14,Honeybees,1,,,,
January,24/1/2021,28.1,Callistemon 'candy pink',Callistemon,Myrtaceae,native,y,pink,14,Wasps,0,,,,
January,24/1/2021,28.1,Callistemon 'candy pink',Callistemon,Myrtaceae,native,y,pink,14,Syrphid flies,0,,,,
January,24/1/2021,28.1,Callistemon 'candy pink',Callistemon,Myrtaceae,native,y,pink,14,Other flies,0,,,,
January,24/1/2021,28.1,Corymbia ficifolia,Corymbia,Myrtaceae,native,n,red,77,Native bees,0,1,,,
January,24/1/2021,28.1,Corymbia ficifolia,Corymbia,Myrtaceae,native,n,red,77,Honeybees,1,,,,
January,24/1/2021,28.1,Corymbia ficifolia,Corymbia,Myrtaceae,native,n,red,77,Wasps,0,,,,
January,24/1/2021,28.1,Corymbia ficifolia,Corymbia,Myrtaceae,native,n,red,77,Syrphid flies,0,,,,
January,24/1/2021,28.1,Corymbia ficifolia,Corymbia,Myrtaceae,native,n,red,77,Other flies,0,,,,
January,24/1/2021,28.1,Anigozanthos 'Bush Glow',Anigozanthos,Haemodoraceae,native,y,yellow+red,3,Native bees,0,0,,,
January,24/1/2021,28.1,Anigozanthos 'Bush Glow',Anigozanthos,Haemodoraceae,native,y,yellow+red,3,Honeybees,0,,,,
January,24/1/2021,28.1,Anigozanthos 'Bush Glow',Anigozanthos,Haemodoraceae,native,y,yellow+red,3,Wasps,0,,,,
January,24/1/2021,28.1,Anigozanthos 'Bush Glow',Anigozanthos,Haemodoraceae,native,y,yellow+red,3,Syrphid flies,0,,,,
January,24/1/2021,28.1,Anigozanthos 'Bush Glow',Anigozanthos,Haemodoraceae,native,y,yellow+red,3,Other flies,0,,,,
January,24/1/2021,28.1,Anigozanthos 'Bush tenacity',Anigozanthos,Haemodoraceae,native,y,yellow+red,80,Native bees,0,0,,,
January,24/1/2021,28.1,Anigozanthos 'Bush tenacity',Anigozanthos,Haemodoraceae,native,y,yellow+red,80,Honeybees,0,,,,
January,24/1/2021,28.1,Anigozanthos 'Bush tenacity',Anigozanthos,Haemodoraceae,native,y,yellow+red,80,Wasps,0,,,,
January,24/1/2021,28.1,Anigozanthos 'Bush tenacity',Anigozanthos,Haemodoraceae,native,y,yellow+red,80,Syrphid flies,0,,,,
January,24/1/2021,28.1,Anigozanthos 'Bush tenacity',Anigozanthos,Haemodoraceae,native,y,yellow+red,80,Other flies,0,,,,
January,24/1/2021,28.1,Anigozanthos 'Bush tango',Anigozanthos,Haemodoraceae,native,y,yellow+red,30,Native bees,0,0,,,
January,24/1/2021,28.1,Anigozanthos 'Bush tango',Anigozanthos,Haemodoraceae,native,y,yellow+red,30,Honeybees,0,,,,
January,24/1/2021,28.1,Anigozanthos 'Bush tango',Anigozanthos,Haemodoraceae,native,y,yellow+red,30,Wasps,0,,,,
January,24/1/2021,28.1,Anigozanthos 'Bush tango',Anigozanthos,Haemodoraceae,native,y,yellow+red,30,Syrphid flies,0,,,,
January,24/1/2021,28.1,Anigozanthos 'Bush tango',Anigozanthos,Haemodoraceae,native,y,yellow+red,30,Other flies,0,,,,
January,24/1/2021,28.1,Anigozanthos 'Bush diamond',Anigozanthos,Haemodoraceae,native,y,white,80,Native bees,0,1,,,
January,24/1/2021,28.1,Anigozanthos 'Bush diamond',Anigozanthos,Haemodoraceae,native,y,white,80,Honeybees,1,,,,
January,24/1/2021,28.1,Anigozanthos 'Bush diamond',Anigozanthos,Haemodoraceae,native,y,white,80,Wasps,0,,,,
January,24/1/2021,28.1,Anigozanthos 'Bush diamond',Anigozanthos,Haemodoraceae,native,y,white,80,Syrphid flies,0,,,,
January,24/1/2021,28.1,Anigozanthos 'Bush diamond',Anigozanthos,Haemodoraceae,native,y,white,80,Other flies,0,,,,
January,24/1/2021,28.1,Eremophila calorhabdos x denticulata ,Eremophila,Scrophulariaceae,native,y,pink,33,Native bees,0,0,,,
January,24/1/2021,28.1,Eremophila calorhabdos x denticulata ,Eremophila,Scrophulariaceae,native,y,pink,33,Honeybees,0,,,,
January,24/1/2021,28.1,Eremophila calorhabdos x denticulata ,Eremophila,Scrophulariaceae,native,y,pink,33,Wasps,0,,,,
January,24/1/2021,28.1,Eremophila calorhabdos x denticulata ,Eremophila,Scrophulariaceae,native,y,pink,33,Syrphid flies,0,,,,
January,24/1/2021,28.1,Eremophila calorhabdos x denticulata ,Eremophila,Scrophulariaceae,native,y,pink,33,Other flies,0,,,,
January,24/1/2021,28.1,Eremophila bignoniiflora x polyclada,Eremophila,Scrophulariaceae,native,y,purple,21,Native bees,0,0,,,
January,24/1/2021,28.1,Eremophila bignoniiflora x polyclada,Eremophila,Scrophulariaceae,native,y,purple,21,Honeybees,0,,,,
January,24/1/2021,28.1,Eremophila bignoniiflora x polyclada,Eremophila,Scrophulariaceae,native,y,purple,21,Wasps,0,,,,
January,24/1/2021,28.1,Eremophila bignoniiflora x polyclada,Eremophila,Scrophulariaceae,native,y,purple,21,Syrphid flies,0,,,,
January,24/1/2021,28.1,Eremophila bignoniiflora x polyclada,Eremophila,Scrophulariaceae,native,y,purple,21,Other flies,0,,,,
January,24/1/2021,28.1,Eremophila drummondii,Eremophila,Scrophulariaceae,native,n,purple,13,Native bees,0,1,,,
January,24/1/2021,28.1,Eremophila drummondii,Eremophila,Scrophulariaceae,native,n,purple,13,Honeybees,1,,,,
January,24/1/2021,28.1,Eremophila drummondii,Eremophila,Scrophulariaceae,native,n,purple,13,Wasps,0,,,,
January,24/1/2021,28.1,Eremophila drummondii,Eremophila,Scrophulariaceae,native,n,purple,13,Syrphid flies,0,,,,
January,24/1/2021,28.1,Eremophila drummondii,Eremophila,Scrophulariaceae,native,n,purple,13,Other flies,0,,,,
January,24/1/2021,28.1,Eremophila glabra x decipiens,Eremophila,Scrophulariaceae,native,y,red,12,Native bees,0,0,,,
January,24/1/2021,28.1,Eremophila glabra x decipiens,Eremophila,Scrophulariaceae,native,y,red,12,Honeybees,0,,,,
January,24/1/2021,28.1,Eremophila glabra x decipiens,Eremophila,Scrophulariaceae,native,y,red,12,Wasps,0,,,,
January,24/1/2021,28.1,Eremophila glabra x decipiens,Eremophila,Scrophulariaceae,native,y,red,12,Syrphid flies,0,,,,
January,24/1/2021,28.1,Eremophila glabra x decipiens,Eremophila,Scrophulariaceae,native,y,red,12,Other flies,0,,,,
January,24/1/2021,28.1,Ozothamnus 'radiance',Ozothamnus ,Asteraceae,native,y,white,30,Native bees,0,0,,,
January,24/1/2021,28.1,Ozothamnus 'radiance',Ozothamnus ,Asteraceae,native,y,white,30,Honeybees,0,,,,
January,24/1/2021,28.1,Ozothamnus 'radiance',Ozothamnus ,Asteraceae,native,y,white,30,Wasps,0,,,,
January,24/1/2021,28.1,Ozothamnus 'radiance',Ozothamnus ,Asteraceae,native,y,white,30,Syrphid flies,0,,,,
January,24/1/2021,28.1,Ozothamnus 'radiance',Ozothamnus ,Asteraceae,native,y,white,30,Other flies,0,,,,
January,24/1/2021,28.1,Goodenia varia,Goodenia,Goodeniaceae,native,n,yellow,30,Native bees,0,2,,,
January,24/1/2021,28.1,Goodenia varia,Goodenia,Goodeniaceae,native,n,yellow,30,Honeybees,2,,,,
January,24/1/2021,28.1,Goodenia varia,Goodenia,Goodeniaceae,native,n,yellow,30,Wasps,0,,,,
January,24/1/2021,28.1,Goodenia varia,Goodenia,Goodeniaceae,native,n,yellow,30,Syrphid flies,0,,,,
January,24/1/2021,28.1,Goodenia varia,Goodenia,Goodeniaceae,native,n,yellow,30,Other flies,0,,,,
January,24/1/2021,28.1,Goodenia ovata,Goodenia,Goodeniaceae,native,n,yellow,50,Native bees,0,5,,,
January,24/1/2021,28.1,Goodenia ovata,Goodenia,Goodeniaceae,native,n,yellow,50,Honeybees,5,,,,
January,24/1/2021,28.1,Goodenia ovata,Goodenia,Goodeniaceae,native,n,yellow,50,Wasps,0,,,,
January,24/1/2021,28.1,Goodenia ovata,Goodenia,Goodeniaceae,native,n,yellow,50,Syrphid flies,0,,,,
January,24/1/2021,28.1,Goodenia ovata,Goodenia,Goodeniaceae,native,n,yellow,50,Other flies,0,,,,
January,24/1/2021,28.1,Lobelia anceps,Lobelia,Campanulaceae,native,n,blue,30,Native bees,0,0,,,
January,24/1/2021,28.1,Lobelia anceps,Lobelia,Campanulaceae,native,n,blue,30,Honeybees,0,,,,
January,24/1/2021,28.1,Lobelia anceps,Lobelia,Campanulaceae,native,n,blue,30,Wasps,0,,,,
January,24/1/2021,28.1,Lobelia anceps,Lobelia,Campanulaceae,native,n,blue,30,Syrphid flies,0,,,,
January,24/1/2021,28.1,Lobelia anceps,Lobelia,Campanulaceae,native,n,blue,30,Other flies,0,,,,
January,24/1/2021,28.1,Brachyscome multifida ,Brachyscome,Asteraceae,native,n,purple,30,Native bees,0,0,,,
January,24/1/2021,28.1,Brachyscome multifida ,Brachyscome,Asteraceae,native,n,purple,30,Honeybees,0,,,,
January,24/1/2021,28.1,Brachyscome multifida ,Brachyscome,Asteraceae,native,n,purple,30,Wasps,0,,,,
January,24/1/2021,28.1,Brachyscome multifida ,Brachyscome,Asteraceae,native,n,purple,30,Syrphid flies,0,,,,
January,24/1/2021,28.1,Brachyscome multifida ,Brachyscome,Asteraceae,native,n,purple,30,Other flies,0,,,,
January,24/1/2021,28.1,Chrysocephalum apiculatum,Chrysocephalum,Asteraceae,native,n,yellow,500,Native bees,0,0,,,
January,24/1/2021,28.1,Chrysocephalum apiculatum,Chrysocephalum,Asteraceae,native,n,yellow,500,Honeybees,0,,,,
January,24/1/2021,28.1,Chrysocephalum apiculatum,Chrysocephalum,Asteraceae,native,n,yellow,500,Wasps,0,,,,
January,24/1/2021,28.1,Chrysocephalum apiculatum,Chrysocephalum,Asteraceae,native,n,yellow,500,Syrphid flies,0,,,,
January,24/1/2021,28.1,Chrysocephalum apiculatum,Chrysocephalum,Asteraceae,native,n,yellow,500,Other flies,0,,,,
January,24/1/2021,28.1,Scaevola humilis 'Pink perfection',Scaevola,Goodeniaceae,native,y,pink,160,Native bees,0,4,,,
January,24/1/2021,28.1,Scaevola humilis 'Pink perfection',Scaevola,Goodeniaceae,native,y,pink,160,Honeybees,4,,,,
January,24/1/2021,28.1,Scaevola humilis 'Pink perfection',Scaevola,Goodeniaceae,native,y,pink,160,Wasps,0,,,,
January,24/1/2021,28.1,Scaevola humilis 'Pink perfection',Scaevola,Goodeniaceae,native,y,pink,160,Syrphid flies,0,,,,
January,24/1/2021,28.1,Scaevola humilis 'Pink perfection',Scaevola,Goodeniaceae,native,y,pink,160,Other flies,0,,,,
January,24/1/2021,28.1,Dampiera linearis,Dampiera,Goodeniaceae,native,n,blue,160,Native bees,0,0,,,
January,24/1/2021,28.1,Dampiera linearis,Dampiera,Goodeniaceae,native,n,blue,160,Honeybees,0,,,,
January,24/1/2021,28.1,Dampiera linearis,Dampiera,Goodeniaceae,native,n,blue,160,Wasps,0,,,,
January,24/1/2021,28.1,Dampiera linearis,Dampiera,Goodeniaceae,native,n,blue,160,Syrphid flies,0,,,,
January,24/1/2021,28.1,Dampiera linearis,Dampiera,Goodeniaceae,native,n,blue,160,Other flies,0,,,,
January,24/1/2021,28.1,Myoporum parvifolium,Myoporum,Scrophulariaceae,native,n,white,30,Native bees,0,0,,,
January,24/1/2021,28.1,Myoporum parvifolium,Myoporum,Scrophulariaceae,native,n,white,30,Honeybees,0,,,,
January,24/1/2021,28.1,Myoporum parvifolium,Myoporum,Scrophulariaceae,native,n,white,30,Wasps,0,,,,
January,24/1/2021,28.1,Myoporum parvifolium,Myoporum,Scrophulariaceae,native,n,white,30,Syrphid flies,0,,,,
January,24/1/2021,28.1,Myoporum parvifolium,Myoporum,Scrophulariaceae,native,n,white,30,Other flies,0,,,,
January,24/1/2021,28.1,Scaevola aemula,Scaevola,Goodeniaceae,native,n,blue,30,Native bees,0,4,,,
January,24/1/2021,28.1,Scaevola aemula,Scaevola,Goodeniaceae,native,n,blue,31,Honeybees,4,,,,
January,24/1/2021,28.1,Scaevola aemula,Scaevola,Goodeniaceae,native,n,blue,32,Wasps,0,,,,
January,24/1/2021,28.1,Scaevola aemula,Scaevola,Goodeniaceae,native,n,blue,33,Syrphid flies,0,,,,
January,24/1/2021,28.1,Scaevola aemula,Scaevola,Goodeniaceae,native,n,blue,34,Other flies,0,,,,
January,24/1/2021,28.1,Eremophila decipiens,Eremophila,Scrophulariaceae,native,n,red,20,Native bees,0,0,,,
January,24/1/2021,28.1,Eremophila decipiens,Eremophila,Scrophulariaceae,native,n,red,20,Honeybees,0,,,,
January,24/1/2021,28.1,Eremophila decipiens,Eremophila,Scrophulariaceae,native,n,red,20,Wasps,0,,,,
January,24/1/2021,28.1,Eremophila decipiens,Eremophila,Scrophulariaceae,native,n,red,20,Syrphid flies,0,,,,
January,24/1/2021,28.1,Eremophila decipiens,Eremophila,Scrophulariaceae,native,n,red,20,Other flies,0,,,,
January,24/1/2021,28.1,Grevilla 'red coral',Grevillea,Proteaceae,native,y,red,7,Native bees,0,3,,,
January,24/1/2021,28.1,Grevilla 'red coral',Grevillea,Proteaceae,native,y,red,8,Honeybees,3,,,,
January,24/1/2021,28.1,Grevilla 'red coral',Grevillea,Proteaceae,native,y,red,9,Wasps,0,,,,
January,24/1/2021,28.1,Grevilla 'red coral',Grevillea,Proteaceae,native,y,red,10,Syrphid flies,0,,,,
January,24/1/2021,28.1,Grevilla 'red coral',Grevillea,Proteaceae,native,y,red,11,Other flies,0,,,,
January,24/1/2021,28.1,Eremophila racemosa,Eremophila,Scrophulariaceae,native,n,pink,30,Native bees,0,2,,,
January,24/1/2021,28.1,Eremophila racemosa,Eremophila,Scrophulariaceae,native,n,pink,30,Honeybees,2,,,,
January,24/1/2021,28.1,Eremophila racemosa,Eremophila,Scrophulariaceae,native,n,pink,30,Wasps,0,,,,
January,24/1/2021,28.1,Eremophila racemosa,Eremophila,Scrophulariaceae,native,n,pink,30,Syrphid flies,0,,,,
January,24/1/2021,28.1,Eremophila racemosa,Eremophila,Scrophulariaceae,native,n,pink,30,Other flies,0,,,,
January,24/1/2021,28.1,Dipteracanthus australasicus,Dipteracanthus,Acanthaceae,native,n,purple,14,Native bees,0,0,,,
January,24/1/2021,28.1,Dipteracanthus australasicus,Dipteracanthus,Acanthaceae,native,n,purple,14,Honeybees,0,,,,
January,24/1/2021,28.1,Dipteracanthus australasicus,Dipteracanthus,Acanthaceae,native,n,purple,14,Wasps,0,,,,
January,24/1/2021,28.1,Dipteracanthus australasicus,Dipteracanthus,Acanthaceae,native,n,purple,14,Syrphid flies,0,,,,
January,24/1/2021,28.1,Dipteracanthus australasicus,Dipteracanthus,Acanthaceae,native,n,purple,14,Other flies,0,,,,
February,24/2/2021,33.5,Hibbertia titaceum,Hibbertia,Dilleniaceae,native,n,yellow,2,Native bees,0,0,,,
February,24/2/2021,33.5,Hibbertia titaceum,Hibbertia,Dilleniaceae,native,n,yellow,2,Honeybees,0,,,,
February,24/2/2021,33.5,Hibbertia titaceum,Hibbertia,Dilleniaceae,native,n,yellow,2,Wasps,0,,,,
February,24/2/2021,33.5,Hibbertia titaceum,Hibbertia,Dilleniaceae,native,n,yellow,2,Syrphid flies,0,,,,
February,24/2/2021,33.5,Hibbertia titaceum,Hibbertia,Dilleniaceae,native,n,yellow,2,Other flies,0,,,,
February,24/2/2021,33.5,Chrysocephalum apiculatum,Chrysocephalum,Asteraceae,native,n,yellow,800,Native bees,0,3,,,
February,24/2/2021,33.5,Chrysocephalum apiculatum,Chrysocephalum,Asteraceae,native,n,yellow,800,Honeybees,2,,,,
February,24/2/2021,33.5,Chrysocephalum apiculatum,Chrysocephalum,Asteraceae,native,n,yellow,800,Wasps,0,,,,
February,24/2/2021,33.5,Chrysocephalum apiculatum,Chrysocephalum,Asteraceae,native,n,yellow,800,Syrphid flies,0,,,,
February,24/2/2021,33.5,Chrysocephalum apiculatum,Chrysocephalum,Asteraceae,native,n,yellow,800,Other flies,1,,,,
February,24/2/2021,33.5,Hemiandra pungens,Hemiandra,Lamiaceae,native,n,purple,50,Native bees,0,0,,,
February,24/2/2021,33.5,Hemiandra pungens,Hemiandra,Lamiaceae,native,n,purple,50,Honeybees,0,,,,
February,24/2/2021,33.5,Hemiandra pungens,Hemiandra,Lamiaceae,native,n,purple,50,Wasps,0,,,,
February,24/2/2021,33.5,Hemiandra pungens,Hemiandra,Lamiaceae,native,n,purple,50,Syrphid flies,0,,,,
February,24/2/2021,33.5,Hemiandra pungens,Hemiandra,Lamiaceae,native,n,purple,50,Other flies,0,,,,
February,24/2/2021,33.5,Hemiandra pungens 'alba' ,Hemiandra,Lamiaceae,native,y,white,40,Native bees,0,0,,,
February,24/2/2021,33.5,Hemiandra pungens 'alba' ,Hemiandra,Lamiaceae,native,y,white,40,Honeybees,0,,,,
February,24/2/2021,33.5,Hemiandra pungens 'alba' ,Hemiandra,Lamiaceae,native,y,white,40,Wasps,0,,,,
February,24/2/2021,33.5,Hemiandra pungens 'alba' ,Hemiandra,Lamiaceae,native,y,white,40,Syrphid flies,0,,,,
February,24/2/2021,33.5,Hemiandra pungens 'alba' ,Hemiandra,Lamiaceae,native,y,white,40,Other flies,0,,,,
February,24/2/2021,33.5,Scaevola humilis 'Pink perfection,Scaevola,Goodeniaceae,native,y,pink,170,Native bees,0,3,,,
February,24/2/2021,33.5,Scaevola humilis 'Pink perfection,Scaevola,Goodeniaceae,native,y,pink,170,Honeybees,3,,,,
February,24/2/2021,33.5,Scaevola humilis 'Pink perfection,Scaevola,Goodeniaceae,native,y,pink,170,Wasps,0,,,,
February,24/2/2021,33.5,Scaevola humilis 'Pink perfection,Scaevola,Goodeniaceae,native,y,pink,170,Syrphid flies,0,,,,
February,24/2/2021,33.5,Scaevola humilis 'Pink perfection,Scaevola,Goodeniaceae,native,y,pink,170,Other flies,0,,,,
February,24/2/2021,33.5,Scaevola aemula 'alba',Scaevola,Goodeniaceae,native,y,white,60,Native bees,0,0,,,
February,24/2/2021,33.5,Scaevola aemula 'alba',Scaevola,Goodeniaceae,native,y,white,60,Honeybees,0,,,,
February,24/2/2021,33.5,Scaevola aemula 'alba',Scaevola,Goodeniaceae,native,y,white,60,Wasps,0,,,,
February,24/2/2021,33.5,Scaevola aemula 'alba',Scaevola,Goodeniaceae,native,y,white,60,Syrphid flies,0,,,,
February,24/2/2021,33.5,Scaevola aemula 'alba',Scaevola,Goodeniaceae,native,y,white,60,Other flies,0,,,,
February,24/2/2021,33.5,Goodenia 'Gold Cover',Goodenia,Goodeniaceae,native,y,yellow,19,Native bees,4,8,Braunsapis ,4,
February,24/2/2021,33.5,Goodenia 'Gold Cover',Goodenia,Goodeniaceae,native,y,yellow,19,Honeybees,4,,,,
February,24/2/2021,33.5,Goodenia 'Gold Cover',Goodenia,Goodeniaceae,native,y,yellow,19,Wasps,0,,,,
February,24/2/2021,33.5,Goodenia 'Gold Cover',Goodenia,Goodeniaceae,native,y,yellow,19,Syrphid flies,0,,,,
February,24/2/2021,33.5,Goodenia 'Gold Cover',Goodenia,Goodeniaceae,native,y,yellow,19,Other flies,0,,,,
February,24/2/2021,33.5,Goodenia varia,Goodenia,Goodeniaceae,native,n,yellow,35,Native bees,2,5,Braunsapis ,1,
February,24/2/2021,33.5,Goodenia varia,Goodenia,Goodeniaceae,native,n,yellow,35,Honeybees,3,,Megachile (Eutricharaea),1,
February,24/2/2021,33.5,Goodenia varia,Goodenia,Goodeniaceae,native,n,yellow,35,Wasps,0,,,,
February,24/2/2021,33.5,Goodenia varia,Goodenia,Goodeniaceae,native,n,yellow,35,Syrphid flies,0,,,,
February,24/2/2021,33.5,Goodenia varia,Goodenia,Goodeniaceae,native,n,yellow,35,Other flies,0,,,,
February,24/2/2021,33.5,Hibbertia obtusifolia,Hibbertia,Dilleniaceae,native,n,yellow,7,Native bees,0,0,,,
February,24/2/2021,33.5,Hibbertia obtusifolia,Hibbertia,Dilleniaceae,native,n,yellow,8,Honeybees,0,,,,
February,24/2/2021,33.5,Hibbertia obtusifolia,Hibbertia,Dilleniaceae,native,n,yellow,9,Wasps,0,,,,
February,24/2/2021,33.5,Hibbertia obtusifolia,Hibbertia,Dilleniaceae,native,n,yellow,10,Syrphid flies,0,,,,
February,24/2/2021,33.5,Hibbertia obtusifolia,Hibbertia,Dilleniaceae,native,n,yellow,11,Other flies,0,,,,
February,24/2/2021,33.5,Dampiera linearis,Dampiera,Goodeniaceae,native,n,blue,80,Native bees,0,1,,,
February,24/2/2021,33.5,Dampiera linearis,Dampiera,Goodeniaceae,native,n,blue,80,Honeybees,0,,,,
February,24/2/2021,33.5,Dampiera linearis,Dampiera,Goodeniaceae,native,n,blue,80,Wasps,1,,,,
February,24/2/2021,33.5,Dampiera linearis,Dampiera,Goodeniaceae,native,n,blue,80,Syrphid flies,0,,,,
February,24/2/2021,33.5,Dampiera linearis,Dampiera,Goodeniaceae,native,n,blue,80,Other flies,0,,,,
February,24/2/2021,33.5,Lechenaultia 'Stirling orange',Lechenaultia,Goodeniaceae,native,y,orange,50,Native bees,0,0,,,
February,24/2/2021,33.5,Lechenaultia 'Stirling orange',Lechenaultia,Goodeniaceae,native,y,orange,50,Honeybees,0,,,,
February,24/2/2021,33.5,Lechenaultia 'Stirling orange',Lechenaultia,Goodeniaceae,native,y,orange,50,Wasps,0,,,,
February,24/2/2021,33.5,Lechenaultia 'Stirling orange',Lechenaultia,Goodeniaceae,native,y,orange,50,Syrphid flies,0,,,,
February,24/2/2021,33.5,Lechenaultia 'Stirling orange',Lechenaultia,Goodeniaceae,native,y,orange,50,Other flies,0,,,,
February,24/2/2021,33.5,Grevillea 'Little John',Grevillea,Proteaceae,native,y,red,14,Native bees,0,0,,,
February,24/2/2021,33.5,Grevillea 'Little John',Grevillea,Proteaceae,native,y,red,14,Honeybees,0,,,,
February,24/2/2021,33.5,Grevillea 'Little John',Grevillea,Proteaceae,native,y,red,14,Wasps,0,,,,
February,24/2/2021,33.5,Grevillea 'Little John',Grevillea,Proteaceae,native,y,red,14,Syrphid flies,0,,,,
February,24/2/2021,33.5,Grevillea 'Little John',Grevillea,Proteaceae,native,y,red,14,Other flies,0,,,,
February,24/2/2021,33.5,Grevillea 'Gold rush',Grevillea,Proteaceae,native,y,yellow,8,Native bees,0,0,,,
February,24/2/2021,33.5,Grevillea 'Gold rush',Grevillea,Proteaceae,native,y,yellow,8,Honeybees,0,,,,
February,24/2/2021,33.5,Grevillea 'Gold rush',Grevillea,Proteaceae,native,y,yellow,8,Wasps,0,,,,
February,24/2/2021,33.5,Grevillea 'Gold rush',Grevillea,Proteaceae,native,y,yellow,8,Syrphid flies,0,,,,
February,24/2/2021,33.5,Grevillea 'Gold rush',Grevillea,Proteaceae,native,y,yellow,8,Other flies,0,,,,
February,24/2/2021,33.5,Grevillea 'Pinky petite',Grevillea,Proteaceae,native,y,pink,21,Native bees,0,0,,,
February,24/2/2021,33.5,Grevillea 'Pinky petite',Grevillea,Proteaceae,native,y,pink,21,Honeybees,0,,,,
February,24/2/2021,33.5,Grevillea 'Pinky petite',Grevillea,Proteaceae,native,y,pink,21,Wasps,0,,,,
February,24/2/2021,33.5,Grevillea 'Pinky petite',Grevillea,Proteaceae,native,y,pink,21,Syrphid flies,0,,,,
February,24/2/2021,33.5,Grevillea 'Pinky petite',Grevillea,Proteaceae,native,y,pink,21,Other flies,0,,,,
February,24/2/2021,33.5,Grevillea rosmarifolia 'Pink pixie',Grevillea,Proteaceae,native,y,pink,11,Native bees,0,0,,,
February,24/2/2021,33.5,Grevillea rosmarifolia 'Pink pixie',Grevillea,Proteaceae,native,y,pink,11,Honeybees,0,,,,
February,24/2/2021,33.5,Grevillea rosmarifolia 'Pink pixie',Grevillea,Proteaceae,native,y,pink,11,Wasps,0,,,,
February,24/2/2021,33.5,Grevillea rosmarifolia 'Pink pixie',Grevillea,Proteaceae,native,y,pink,11,Syrphid flies,0,,,,
February,24/2/2021,33.5,Grevillea rosmarifolia 'Pink pixie',Grevillea,Proteaceae,native,y,pink,11,Other flies,0,,,,
February,24/2/2021,33.5,Grevillea 'Outback sunrise',Grevillea,Proteaceae,native,y,red+yellow,16,Native bees,0,0,,,
February,24/2/2021,33.5,Grevillea 'Outback sunrise',Grevillea,Proteaceae,native,y,red+yellow,16,Honeybees,0,,,,
February,24/2/2021,33.5,Grevillea 'Outback sunrise',Grevillea,Proteaceae,native,y,red+yellow,16,Wasps,0,,,,
February,24/2/2021,33.5,Grevillea 'Outback sunrise',Grevillea,Proteaceae,native,y,red+yellow,16,Syrphid flies,0,,,,
February,24/2/2021,33.5,Grevillea 'Outback sunrise',Grevillea,Proteaceae,native,y,red+yellow,16,Other flies,0,,,,
February,24/2/2021,33.5,Grevillea rhyolitica 'Deua Flame',Grevillea,Proteaceae,native,y,red,6,Native bees,0,0,,,
February,24/2/2021,33.5,Grevillea rhyolitica 'Deua Flame',Grevillea,Proteaceae,native,y,red,6,Honeybees,0,,,,
February,24/2/2021,33.5,Grevillea rhyolitica 'Deua Flame',Grevillea,Proteaceae,native,y,red,6,Wasps,0,,,,
February,24/2/2021,33.5,Grevillea rhyolitica 'Deua Flame',Grevillea,Proteaceae,native,y,red,6,Syrphid flies,0,,,,
February,24/2/2021,33.5,Grevillea rhyolitica 'Deua Flame',Grevillea,Proteaceae,native,y,red,6,Other flies,0,,,,
February,24/2/2021,33.5,Bacopa monnieri,Bacopa,Plantaginaceae,native,n,white,8,Native bees,0,1,,,
February,24/2/2021,33.5,Bacopa monnieri,Bacopa,Plantaginaceae,native,n,white,8,Honeybees,1,,,,
February,24/2/2021,33.5,Bacopa monnieri,Bacopa,Plantaginaceae,native,n,white,8,Wasps,0,,,,
February,24/2/2021,33.5,Bacopa monnieri,Bacopa,Plantaginaceae,native,n,white,8,Syrphid flies,0,,,,
February,24/2/2021,33.5,Bacopa monnieri,Bacopa,Plantaginaceae,native,n,white,8,Other flies,0,,,,
February,24/2/2021,33.5,Callistemon 'Little John’ ,Callistemon,Myrtaceae,native,y,red,2,Native bees,0,0,,,
February,24/2/2021,33.5,Callistemon 'Little John’ ,Callistemon,Myrtaceae,native,y,red,2,Honeybees,0,,,,
February,24/2/2021,33.5,Callistemon 'Little John’ ,Callistemon,Myrtaceae,native,y,red,2,Wasps,0,,,,
February,24/2/2021,33.5,Callistemon 'Little John’ ,Callistemon,Myrtaceae,native,y,red,2,Syrphid flies,0,,,,
February,24/2/2021,33.5,Callistemon 'Little John’ ,Callistemon,Myrtaceae,native,y,red,2,Other flies,0,,,,
February,24/2/2021,33.5,Grevillea 'Scarlett Moon',Grevillea,Proteaceae,native,y,red,9,Native bees,0,1,,,
February,24/2/2021,33.5,Grevillea 'Scarlett Moon',Grevillea,Proteaceae,native,y,red,9,Honeybees,1,,,,
February,24/2/2021,33.5,Grevillea 'Scarlett Moon',Grevillea,Proteaceae,native,y,red,9,Wasps,0,,,,
February,24/2/2021,33.5,Grevillea 'Scarlett Moon',Grevillea,Proteaceae,native,y,red,9,Syrphid flies,0,,,,
February,24/2/2021,33.5,Grevillea 'Scarlett Moon',Grevillea,Proteaceae,native,y,red,9,Other flies,0,,,,
February,24/2/2021,33.5,Westringia fruticosa,Westringia,Lamiaceae,native,n,white,21,Native bees,4,4,Megachile tosticauda,4,
February,24/2/2021,33.5,Westringia fruticosa,Westringia,Lamiaceae,native,n,white,21,Honeybees,0,,,,
February,24/2/2021,33.5,Westringia fruticosa,Westringia,Lamiaceae,native,n,white,21,Wasps,0,,,,
February,24/2/2021,33.5,Westringia fruticosa,Westringia,Lamiaceae,native,n,white,21,Syrphid flies,0,,,,
February,24/2/2021,33.5,Westringia fruticosa,Westringia,Lamiaceae,native,n,white,21,Other flies,0,,,,
February,24/2/2021,33.5,Kunzea baxteri,Kunzea,Myrtaceae,native,n,red,150,Native bees,0,0,,,
February,24/2/2021,33.5,Kunzea baxteri,Kunzea,Myrtaceae,native,n,red,150,Honeybees,0,,,,
February,24/2/2021,33.5,Kunzea baxteri,Kunzea,Myrtaceae,native,n,red,150,Wasps,0,,,,
February,24/2/2021,33.5,Kunzea baxteri,Kunzea,Myrtaceae,native,n,red,150,Syrphid flies,0,,,,
February,24/2/2021,33.5,Kunzea baxteri,Kunzea,Myrtaceae,native,n,red,150,Other flies,0,,,,
February,24/2/2021,33.5,Houttuynia cordata,Houttuynia,Saururaceae,exotic,n,white,2,Native bees,0,0,,,
February,24/2/2021,33.5,Houttuynia cordata,Houttuynia,Saururaceae,exotic,n,white,2,Honeybees,0,,,,
February,24/2/2021,33.5,Houttuynia cordata,Houttuynia,Saururaceae,exotic,n,white,2,Wasps,0,,,,
February,24/2/2021,33.5,Houttuynia cordata,Houttuynia,Saururaceae,exotic,n,white,2,Syrphid flies,0,,,,
February,24/2/2021,33.5,Houttuynia cordata,Houttuynia,Saururaceae,exotic,n,white,2,Other flies,0,,,,
February,24/2/2021,33.5,Taxandria marginata,Taxandria,Myrtaceae,native,n,white,100,Native bees,4,4,Hylaeus,4,
February,24/2/2021,33.5,Taxandria marginata,Taxandria,Myrtaceae,native,n,white,100,Honeybees,0,,,,
February,24/2/2021,33.5,Taxandria marginata,Taxandria,Myrtaceae,native,n,white,100,Wasps,0,,,,
February,24/2/2021,33.5,Taxandria marginata,Taxandria,Myrtaceae,native,n,white,100,Syrphid flies,0,,,,
February,24/2/2021,33.5,Taxandria marginata,Taxandria,Myrtaceae,native,n,white,100,Other flies,0,,,,
February,24/2/2021,33.5,Eucalyptus leucoxys rosea,Eucalyptus,Myrtaceae,native,n,pink,100,Native bees,1,2,Homalictus,1,
February,24/2/2021,33.5,Eucalyptus leucoxys rosea,Eucalyptus,Myrtaceae,native,n,pink,101,Honeybees,1,,,,
February,24/2/2021,33.5,Eucalyptus leucoxys rosea,Eucalyptus,Myrtaceae,native,n,pink,102,Wasps,0,,,,
February,24/2/2021,33.5,Eucalyptus leucoxys rosea,Eucalyptus,Myrtaceae,native,n,pink,103,Syrphid flies,0,,,,
February,24/2/2021,33.5,Eucalyptus leucoxys rosea,Eucalyptus,Myrtaceae,native,n,pink,100,Other flies,0,,,,
February,24/2/2021,33.5,Baekea virgata,Baekea,Myrtaceae,native,n,white,150,Native bees,2,2,Hylaeus,2,
February,24/2/2021,33.5,Baekea virgata,Baekea,Myrtaceae,native,n,white,150,Honeybees,0,,,,
February,24/2/2021,33.5,Baekea virgata,Baekea,Myrtaceae,native,n,white,150,Wasps,0,,,,
February,24/2/2021,33.5,Baekea virgata,Baekea,Myrtaceae,native,n,white,150,Syrphid flies,0,,,,
February,24/2/2021,33.5,Baekea virgata,Baekea,Myrtaceae,native,n,white,150,Other flies,0,,,,
February,24/2/2021,33.5,Crowea exalata,Crowea,Rutaceae,native,n,purple,50,Native bees,0,0,,,
February,24/2/2021,33.5,Crowea exalata,Crowea,Rutaceae,native,n,purple,50,Honeybees,0,,,,
February,24/2/2021,33.5,Crowea exalata,Crowea,Rutaceae,native,n,purple,50,Wasps,0,,,,
February,24/2/2021,33.5,Crowea exalata,Crowea,Rutaceae,native,n,purple,50,Syrphid flies,0,,,,
February,24/2/2021,33.5,Crowea exalata,Crowea,Rutaceae,native,n,purple,50,Other flies,0,,,,
February,24/2/2021,33.5,Crowea exalata 'rubra',Crowea,Rutaceae,native,y,pink,50,Native bees,0,1,,,
February,24/2/2021,33.5,Crowea exalata 'rubra',Crowea,Rutaceae,native,y,pink,50,Honeybees,1,,,,
February,24/2/2021,33.5,Crowea exalata 'rubra',Crowea,Rutaceae,native,y,pink,50,Wasps,0,,,,
February,24/2/2021,33.5,Crowea exalata 'rubra',Crowea,Rutaceae,native,y,pink,50,Syrphid flies,0,,,,
February,24/2/2021,33.5,Crowea exalata 'rubra',Crowea,Rutaceae,native,y,pink,50,Other flies,0,,,,
February,24/2/2021,33.5,Correa 'Dusky Bells',Crowea,Rutaceae,native,y,red,5,Native bees,0,0,,,
February,24/2/2021,33.5,Correa 'Dusky Bells',Crowea,Rutaceae,native,y,red,5,Honeybees,0,,,,
February,24/2/2021,33.5,Correa 'Dusky Bells',Crowea,Rutaceae,native,y,red,5,Wasps,0,,,,
February,24/2/2021,33.5,Correa 'Dusky Bells',Crowea,Rutaceae,native,y,red,5,Syrphid flies,0,,,,
February,24/2/2021,33.5,Correa 'Dusky Bells',Crowea,Rutaceae,native,y,red,5,Other flies,0,,,,
February,24/2/2021,33.5,Plectranthus 'Blue Spire',Plectranthus,Lamiaceae,native,y,purple,70,Native bees,3,3,Megachile tosticauda,,
February,24/2/2021,33.5,Plectranthus 'Blue Spire',Plectranthus,Lamiaceae,native,y,purple,70,Honeybees,0,,,,
February,24/2/2021,33.5,Plectranthus 'Blue Spire',Plectranthus,Lamiaceae,native,y,purple,70,Wasps,0,,,,
February,24/2/2021,33.5,Plectranthus 'Blue Spire',Plectranthus,Lamiaceae,native,y,purple,70,Syrphid flies,0,,,,
February,24/2/2021,33.5,Plectranthus 'Blue Spire',Plectranthus,Lamiaceae,native,y,purple,70,Other flies,0,,,,
February,24/2/2021,33.5,Verticordia argentea,Verticordia,Myrtaceae,native,n,pink,150,Native bees,0,0,,,
February,24/2/2021,33.5,Verticordia argentea,Verticordia,Myrtaceae,native,n,pink,150,Honeybees,0,,,,
February,24/2/2021,33.5,Verticordia argentea,Verticordia,Myrtaceae,native,n,pink,150,Wasps,0,,,,
February,24/2/2021,33.5,Verticordia argentea,Verticordia,Myrtaceae,native,n,pink,150,Syrphid flies,0,,,,
February,24/2/2021,33.5,Verticordia argentea,Verticordia,Myrtaceae,native,n,pink,150,Other flies,0,,,,
February,24/2/2021,33.5,Corymbia ficifolia,Corymbia,Myrtaceae,native,n,red,5,Native bees,0,0,,,
February,24/2/2021,33.5,Corymbia ficifolia,Corymbia,Myrtaceae,native,n,red,5,Honeybees,0,,,,
February,24/2/2021,33.5,Corymbia ficifolia,Corymbia,Myrtaceae,native,n,red,5,Wasps,0,,,,
February,24/2/2021,33.5,Corymbia ficifolia,Corymbia,Myrtaceae,native,n,red,5,Syrphid flies,0,,,,
February,24/2/2021,33.5,Corymbia ficifolia,Corymbia,Myrtaceae,native,n,red,5,Other flies,0,,,,
February,24/2/2021,33.5,Platysace deflexa,Platysace,Apiaceae,native,n,white,300,Native bees,0,0,,,
February,24/2/2021,33.5,Platysace deflexa,Platysace,Apiaceae,native,n,white,300,Honeybees,0,,,,
February,24/2/2021,33.5,Platysace deflexa,Platysace,Apiaceae,native,n,white,300,Wasps,0,,,,
February,24/2/2021,33.5,Platysace deflexa,Platysace,Apiaceae,native,n,white,300,Syrphid flies,0,,,,
February,24/2/2021,33.5,Platysace deflexa,Platysace,Apiaceae,native,n,white,300,Other flies,0,,,,
February,24/2/2021,33.5,Scaevola 'Crinkle cut',Scaevola,Goodeniaceae,native,y,blue,250,Native bees,2,2,Megachile tosticauda,,
February,24/2/2021,33.5,Scaevola 'Crinkle cut',Scaevola,Goodeniaceae,native,y,blue,250,Honeybees,0,,,,
February,24/2/2021,33.5,Scaevola 'Crinkle cut',Scaevola,Goodeniaceae,native,y,blue,250,Wasps,0,,,,
February,24/2/2021,33.5,Scaevola 'Crinkle cut',Scaevola,Goodeniaceae,native,y,blue,250,Syrphid flies,0,,,,
February,24/2/2021,33.5,Scaevola 'Crinkle cut',Scaevola,Goodeniaceae,native,y,blue,250,Other flies,0,,,,
February,24/2/2021,33.5,Tagetes,Tagetes,Asteraceae,exotic,y,yellow/orange,80,Native bees,0,1,,,
February,24/2/2021,33.5,Tagetes,Tagetes,Asteraceae,exotic,y,yellow/orange,80,Honeybees,1,,,,
February,24/2/2021,33.5,Tagetes,Tagetes,Asteraceae,exotic,y,yellow/orange,80,Wasps,0,,,,
February,24/2/2021,33.5,Tagetes,Tagetes,Asteraceae,exotic,y,yellow/orange,80,Syrphid flies,0,,,,
February,24/2/2021,33.5,Tagetes,Tagetes,Asteraceae,exotic,y,yellow/orange,80,Other flies,0,,,,
February,24/2/2021,33.5,Petunia,Petunia,Solanaceae,exotic,y,white/red/pink/purple,240,Native bees,0,0,,,
February,24/2/2021,33.5,Petunia,Petunia,Solanaceae,exotic,y,white/red/pink/purple,240,Honeybees,0,,,,
February,24/2/2021,33.5,Petunia,Petunia,Solanaceae,exotic,y,white/red/pink/purple,240,Wasps,0,,,,
February,24/2/2021,33.5,Petunia,Petunia,Solanaceae,exotic,y,white/red/pink/purple,240,Syrphid flies,0,,,,
February,24/2/2021,33.5,Petunia,Petunia,Solanaceae,exotic,y,white/red/pink/purple,240,Other flies,0,,,,
February,24/2/2021,33.5,Pelargonium 'zonal',Pelargonium,Geraniaceae,exotic,y,white/red/pink,200,Native bees,0,0,,,
February,24/2/2021,33.5,Pelargonium 'zonal',Pelargonium,Geraniaceae,exotic,y,white/red/pink,200,Honeybees,0,,,,
February,24/2/2021,33.5,Pelargonium 'zonal',Pelargonium,Geraniaceae,exotic,y,white/red/pink,200,Wasps,0,,,,
February,24/2/2021,33.5,Pelargonium 'zonal',Pelargonium,Geraniaceae,exotic,y,white/red/pink,200,Syrphid flies,0,,,,
February,24/2/2021,33.5,Pelargonium 'zonal',Pelargonium,Geraniaceae,exotic,y,white/red/pink,200,Other flies,0,,,,
February,24/2/2021,33.5,Angelonia angustifolia,Angelonia,Plantaginaceae,exotic,y,purple/pink,150,Native bees,0,0,,,
February,24/2/2021,33.5,Angelonia angustifolia,Angelonia,Plantaginaceae,exotic,y,purple/pink,150,Honeybees,0,,,,
February,24/2/2021,33.5,Angelonia angustifolia,Angelonia,Plantaginaceae,exotic,y,purple/pink,150,Wasps,0,,,,
February,24/2/2021,33.5,Angelonia angustifolia,Angelonia,Plantaginaceae,exotic,y,purple/pink,150,Syrphid flies,0,,,,
February,24/2/2021,33.5,Angelonia angustifolia,Angelonia,Plantaginaceae,exotic,y,purple/pink,150,Other flies,0,,,,
February,24/2/2021,33.5,Viola hederacea,Viola,Violaceae,,n,purple+white,4,Native bees,0,0,,,
February,24/2/2021,33.5,Viola hederacea,Viola,Violaceae,,n,purple+white,5,Honeybees,0,,,,
February,24/2/2021,33.5,Viola hederacea,Viola,Violaceae,,n,purple+white,6,Wasps,0,,,,
February,24/2/2021,33.5,Viola hederacea,Viola,Violaceae,,n,purple+white,7,Syrphid flies,0,,,,
February,24/2/2021,33.5,Viola hederacea,Viola,Violaceae,,n,purple+white,8,Other flies,0,,,,
February,24/2/2021,33.5,Nemesia fruticans,Nemesia,Plantaginaceae,,n,blue,20,Native bees,0,0,,,
February,24/2/2021,33.5,Nemesia fruticans,Nemesia,Plantaginaceae,,n,blue,20,Honeybees,0,,,,
February,24/2/2021,33.5,Nemesia fruticans,Nemesia,Plantaginaceae,,n,blue,20,Wasps,0,,,,
February,24/2/2021,33.5,Nemesia fruticans,Nemesia,Plantaginaceae,,n,blue,20,Syrphid flies,0,,,,
February,24/2/2021,33.5,Nemesia fruticans,Nemesia,Plantaginaceae,,n,blue,20,Other flies,0,,,,
February,24/2/2021,33.5,Phyla nodiflora,Phyla,Verbenaceae,exotic,n,pink,100,Native bees,0,1,,,
February,24/2/2021,33.5,Phyla nodiflora,Phyla,Verbenaceae,exotic,n,pink,100,Honeybees,1,,,,
February,24/2/2021,33.5,Phyla nodiflora,Phyla,Verbenaceae,exotic,n,pink,100,Wasps,0,,,,
February,24/2/2021,33.5,Phyla nodiflora,Phyla,Verbenaceae,exotic,n,pink,100,Syrphid flies,0,,,,
February,24/2/2021,33.5,Phyla nodiflora,Phyla,Verbenaceae,exotic,n,pink,100,Other flies,0,,,,
February,24/2/2021,33.5,Dianthus,Dianthus,Caryophyllaceae,exotic,y,white/pink/purple/red,10,Native bees,0,0,,,
February,24/2/2021,33.5,Dianthus,Dianthus,Caryophyllaceae,exotic,y,white/pink/purple/red,10,Honeybees,0,,,,
February,24/2/2021,33.5,Dianthus,Dianthus,Caryophyllaceae,exotic,y,white/pink/purple/red,10,Wasps,0,,,,
February,24/2/2021,33.5,Dianthus,Dianthus,Caryophyllaceae,exotic,y,white/pink/purple/red,10,Syrphid flies,0,,,,
February,24/2/2021,33.5,Dianthus,Dianthus,Caryophyllaceae,exotic,y,white/pink/purple/red,10,Other flies,0,,,,
February,24/2/2021,33.5,Lobelia erinus,Lobelia,Campanulaceae,exotic,n,blue,150,Native bees,0,0,,,
February,24/2/2021,33.5,Lobelia erinus,Lobelia,Campanulaceae,exotic,n,blue,150,Honeybees,0,,,,
February,24/2/2021,33.5,Lobelia erinus,Lobelia,Campanulaceae,exotic,n,blue,150,Wasps,0,,,,
February,24/2/2021,33.5,Lobelia erinus,Lobelia,Campanulaceae,exotic,n,blue,150,Syrphid flies,0,,,,
February,24/2/2021,33.5,Lobelia erinus,Lobelia,Campanulaceae,exotic,n,blue,150,Other flies,0,,,,
February,24/2/2021,33.5,Antirrhinum majus majus,Antirrhinum,Plantaginaceae,exotic,y,yellow/white/pink/orange,17,Native bees,0,0,,,
February,24/2/2021,33.5,Antirrhinum majus majus,Antirrhinum,Plantaginaceae,exotic,y,yellow/white/pink/orange,17,Honeybees,0,,,,
February,24/2/2021,33.5,Antirrhinum majus majus,Antirrhinum,Plantaginaceae,exotic,y,yellow/white/pink/orange,17,Wasps,0,,,,
February,24/2/2021,33.5,Antirrhinum majus majus,Antirrhinum,Plantaginaceae,exotic,y,yellow/white/pink/orange,17,Syrphid flies,0,,,,
February,24/2/2021,33.5,Antirrhinum majus majus,Antirrhinum,Plantaginaceae,exotic,y,yellow/white/pink/orange,17,Other flies,0,,,,
February,24/2/2021,33.5,Tulbaghia violacea,Tulbaghia,Amaryllidaceae,exotic,n,pink,25,Native bees,0,0,,,
February,24/2/2021,33.5,Tulbaghia violacea,Tulbaghia,Amaryllidaceae,exotic,n,pink,25,Honeybees,0,,,,
February,24/2/2021,33.5,Tulbaghia violacea,Tulbaghia,Amaryllidaceae,exotic,n,pink,25,Wasps,0,,,,
February,24/2/2021,33.5,Tulbaghia violacea,Tulbaghia,Amaryllidaceae,exotic,n,pink,25,Syrphid flies,0,,,,
February,24/2/2021,33.5,Tulbaghia violacea,Tulbaghia,Amaryllidaceae,exotic,n,pink,25,Other flies,0,,,,
February,24/2/2021,33.5,Goodeia obovata,Goodenia,Goodeniaceae,native,n,yellow,10,Native bees,0,1,,,
February,24/2/2021,33.5,Goodeia obovata,Goodenia,Goodeniaceae,native,n,yellow,10,Honeybees,1,,,,
February,24/2/2021,33.5,Goodeia obovata,Goodenia,Goodeniaceae,native,n,yellow,10,Wasps,0,,,,
February,24/2/2021,33.5,Goodeia obovata,Goodenia,Goodeniaceae,native,n,yellow,10,Syrphid flies,0,,,,
February,24/2/2021,33.5,Goodeia obovata,Goodenia,Goodeniaceae,native,n,yellow,10,Other flies,0,,,,
February,24/2/2021,33.5,Trachymene incisa,Trachymene,Araliaceae,native,n,white,200,Native bees,0,4,,,
February,24/2/2021,33.5,Trachymene incisa,Trachymene,Araliaceae,native,n,white,200,Honeybees,0,,,,
February,24/2/2021,33.5,Trachymene incisa,Trachymene,Araliaceae,native,n,white,200,Wasps,0,,,,
February,24/2/2021,33.5,Trachymene incisa,Trachymene,Araliaceae,native,n,white,200,Syrphid flies,0,,,,
February,24/2/2021,33.5,Trachymene incisa,Trachymene,Araliaceae,native,n,white,200,Other flies,4,,,,
February,24/2/2021,33.5,Anigozanthos 'Amber velvet',Anigozanthos,Haemodoraceae,native,y,red+yellow,59,Native bees,0,0,,,
February,24/2/2021,33.5,Anigozanthos 'Amber velvet',Anigozanthos,Haemodoraceae,native,y,red+yellow,59,Honeybees,0,,,,
February,24/2/2021,33.5,Anigozanthos 'Amber velvet',Anigozanthos,Haemodoraceae,native,y,red+yellow,59,Wasps,0,,,,
February,24/2/2021,33.5,Anigozanthos 'Amber velvet',Anigozanthos,Haemodoraceae,native,y,red+yellow,59,Syrphid flies,0,,,,
February,24/2/2021,33.5,Anigozanthos 'Amber velvet',Anigozanthos,Haemodoraceae,native,y,red+yellow,59,Other flies,0,,,,
February,24/2/2021,33.5,Anigozanthos 'Bush surprise',Anigozanthos,Haemodoraceae,native,y,red,9,Native bees,0,0,,,
February,24/2/2021,33.5,Anigozanthos 'Bush surprise',Anigozanthos,Haemodoraceae,native,y,red,9,Honeybees,0,,,,
February,24/2/2021,33.5,Anigozanthos 'Bush surprise',Anigozanthos,Haemodoraceae,native,y,red,9,Wasps,0,,,,
February,24/2/2021,33.5,Anigozanthos 'Bush surprise',Anigozanthos,Haemodoraceae,native,y,red,9,Syrphid flies,0,,,,
February,24/2/2021,33.5,Anigozanthos 'Bush surprise',Anigozanthos,Haemodoraceae,native,y,red,9,Other flies,0,,,,
February,24/2/2021,33.5,Anigozanthos 'Bush pearl',Anigozanthos,Haemodoraceae,native,y,pink,55,Native bees,0,0,,,
February,24/2/2021,33.5,Anigozanthos 'Bush pearl',Anigozanthos,Haemodoraceae,native,y,pink,55,Honeybees,0,,,,
February,24/2/2021,33.5,Anigozanthos 'Bush pearl',Anigozanthos,Haemodoraceae,native,y,pink,55,Wasps,0,,,,
February,24/2/2021,33.5,Anigozanthos 'Bush pearl',Anigozanthos,Haemodoraceae,native,y,pink,55,Syrphid flies,0,,,,
February,24/2/2021,33.5,Anigozanthos 'Bush pearl',Anigozanthos,Haemodoraceae,native,y,pink,55,Other flies,0,,,,
February,24/2/2021,33.5,Anigozanthos 'Bush glow',Anigozanthos,Haemodoraceae,native,y,red+yellow,10,Native bees,0,0,,,
February,24/2/2021,33.5,Anigozanthos 'Bush glow',Anigozanthos,Haemodoraceae,native,y,red+yellow,10,Honeybees,0,,,,
February,24/2/2021,33.5,Anigozanthos 'Bush glow',Anigozanthos,Haemodoraceae,native,y,red+yellow,10,Wasps,0,,,,
February,24/2/2021,33.5,Anigozanthos 'Bush glow',Anigozanthos,Haemodoraceae,native,y,red+yellow,10,Syrphid flies,0,,,,
February,24/2/2021,33.5,Anigozanthos 'Bush glow',Anigozanthos,Haemodoraceae,native,y,red+yellow,10,Other flies,0,,,,
February,24/2/2021,33.5,Boronia denticulata,Boronia,Rutaceae,native,n,pink,11,Native bees,0,0,,,
February,24/2/2021,33.5,Boronia denticulata,Boronia,Rutaceae,native,n,pink,11,Honeybees,0,,,,
February,24/2/2021,33.5,Boronia denticulata,Boronia,Rutaceae,native,n,pink,11,Wasps,0,,,,
February,24/2/2021,33.5,Boronia denticulata,Boronia,Rutaceae,native,n,pink,11,Syrphid flies,0,,,,
February,24/2/2021,33.5,Boronia denticulata,Boronia,Rutaceae,native,n,pink,11,Other flies,0,,,,
February,24/2/2021,33.5,Eremophila 'Magenta dream',Eremophila,Scrophulariaceae,native,y,pink,30,Native bees,0,0,,,
February,24/2/2021,33.5,Eremophila 'Magenta dream',Eremophila,Scrophulariaceae,native,y,pink,30,Honeybees,0,,,,
February,24/2/2021,33.5,Eremophila 'Magenta dream',Eremophila,Scrophulariaceae,native,y,pink,30,Wasps,0,,,,
February,24/2/2021,33.5,Eremophila 'Magenta dream',Eremophila,Scrophulariaceae,native,y,pink,30,Syrphid flies,0,,,,
February,24/2/2021,33.5,Eremophila 'Magenta dream',Eremophila,Scrophulariaceae,native,y,pink,30,Other flies,0,,,,
February,24/2/2021,33.5,Eremophila glabra x decipiens,Eremophila,Scrophulariaceae,native,y,red,15,Native bees,0,0,,,
February,24/2/2021,33.5,Eremophila glabra x decipiens,Eremophila,Scrophulariaceae,native,y,red,15,Honeybees,0,,,,
February,24/2/2021,33.5,Eremophila glabra x decipiens,Eremophila,Scrophulariaceae,native,y,red,15,Wasps,0,,,,
February,24/2/2021,33.5,Eremophila glabra x decipiens,Eremophila,Scrophulariaceae,native,y,red,15,Syrphid flies,0,,,,
February,24/2/2021,33.5,Eremophila glabra x decipiens,Eremophila,Scrophulariaceae,native,y,red,15,Other flies,0,,,,
February,24/2/2021,33.5,Eremophila youngii,Eremophila,Scrophulariaceae,native,n,red,4,Native bees,0,0,,,
February,24/2/2021,33.5,Eremophila youngii,Eremophila,Scrophulariaceae,native,n,red,4,Honeybees,0,,,,
February,24/2/2021,33.5,Eremophila youngii,Eremophila,Scrophulariaceae,native,n,red,4,Wasps,0,,,,
February,24/2/2021,33.5,Eremophila youngii,Eremophila,Scrophulariaceae,native,n,red,4,Syrphid flies,0,,,,
February,24/2/2021,33.5,Eremophila youngii,Eremophila,Scrophulariaceae,native,n,red,4,Other flies,0,,,,
February,24/2/2021,33.5,Eremophila alternifolia x maculata,Eremophila,Scrophulariaceae,native,y,pink,20,Native bees,0,0,,,
February,24/2/2021,33.5,Eremophila alternifolia x maculata,Eremophila,Scrophulariaceae,native,y,pink,20,Honeybees,0,,,,
February,24/2/2021,33.5,Eremophila alternifolia x maculata,Eremophila,Scrophulariaceae,native,y,pink,20,Wasps,0,,,,
February,24/2/2021,33.5,Eremophila alternifolia x maculata,Eremophila,Scrophulariaceae,native,y,pink,20,Syrphid flies,0,,,,
February,24/2/2021,33.5,Eremophila alternifolia x maculata,Eremophila,Scrophulariaceae,native,y,pink,20,Other flies,0,,,,
February,24/2/2021,33.5,Eremophila alorhabdos ,Eremophila,Scrophulariaceae,native,n,pink,25,Native bees,0,0,,,
February,24/2/2021,33.5,Eremophila alorhabdos ,Eremophila,Scrophulariaceae,native,n,pink,25,Honeybees,0,,,,
February,24/2/2021,33.5,Eremophila alorhabdos ,Eremophila,Scrophulariaceae,native,n,pink,25,Wasps,0,,,,
February,24/2/2021,33.5,Eremophila alorhabdos ,Eremophila,Scrophulariaceae,native,n,pink,25,Syrphid flies,0,,,,
February,24/2/2021,33.5,Eremophila alorhabdos ,Eremophila,Scrophulariaceae,native,n,pink,25,Other flies,0,,,,
February,24/2/2021,33.5,Eremophila drummondii,Eremophila,Scrophulariaceae,native,n,purple,20,Native bees,0,0,,,
February,24/2/2021,33.5,Eremophila drummondii,Eremophila,Scrophulariaceae,native,n,purple,20,Honeybees,0,,,,
February,24/2/2021,33.5,Eremophila drummondii,Eremophila,Scrophulariaceae,native,n,purple,20,Wasps,0,,,,
February,24/2/2021,33.5,Eremophila drummondii,Eremophila,Scrophulariaceae,native,n,purple,20,Syrphid flies,0,,,,
February,24/2/2021,33.5,Eremophila drummondii,Eremophila,Scrophulariaceae,native,n,purple,20,Other flies,0,,,,
February,24/2/2021,33.5,Eremophila macdonnellii,Eremophila,Scrophulariaceae,native,n,purple,8,Native bees,0,2,,,
February,24/2/2021,33.5,Eremophila macdonnellii,Eremophila,Scrophulariaceae,native,n,purple,8,Honeybees,1,,,,
February,24/2/2021,33.5,Eremophila macdonnellii,Eremophila,Scrophulariaceae,native,n,purple,8,Wasps,0,,,,
February,24/2/2021,33.5,Eremophila macdonnellii,Eremophila,Scrophulariaceae,native,n,purple,8,Syrphid flies,1,,,,
February,24/2/2021,33.5,Eremophila macdonnellii,Eremophila,Scrophulariaceae,native,n,purple,8,Other flies,0,,,,
February,24/2/2021,33.5,Eremophila bignoniiflora x polyclada,Eremophila,Scrophulariaceae,native,y,pink,12,Native bees,0,0,,,
February,24/2/2021,33.5,Eremophila bignoniiflora x polyclada,Eremophila,Scrophulariaceae,native,y,pink,12,Honeybees,0,,,,
February,24/2/2021,33.5,Eremophila bignoniiflora x polyclada,Eremophila,Scrophulariaceae,native,y,pink,12,Wasps,0,,,,
February,24/2/2021,33.5,Eremophila bignoniiflora x polyclada,Eremophila,Scrophulariaceae,native,y,pink,12,Syrphid flies,0,,,,
February,24/2/2021,33.5,Eremophila bignoniiflora x polyclada,Eremophila,Scrophulariaceae,native,y,pink,12,Other flies,0,,,,
February,24/2/2021,33.5,Chrysocephalum apiculatum,Chrysocephalum,Asteraceae,native,n,yellow,400,Native bees,0,0,,,
February,24/2/2021,33.5,Chrysocephalum apiculatum,Chrysocephalum,Asteraceae,native,n,yellow,400,Honeybees,0,,,,
February,24/2/2021,33.5,Chrysocephalum apiculatum,Chrysocephalum,Asteraceae,native,n,yellow,400,Wasps,0,,,,
February,24/2/2021,33.5,Chrysocephalum apiculatum,Chrysocephalum,Asteraceae,native,n,yellow,400,Syrphid flies,0,,,,
February,24/2/2021,33.5,Chrysocephalum apiculatum,Chrysocephalum,Asteraceae,native,n,yellow,400,Other flies,0,,,,
February,24/2/2021,33.5,Hibbertia scandens,Hibbertia,Dilleniaceae,native,n,yellow,1,Native bees,0,0,,,
February,24/2/2021,33.5,Hibbertia scandens,Hibbertia,Dilleniaceae,native,n,yellow,1,Honeybees,0,,,,
February,24/2/2021,33.5,Hibbertia scandens,Hibbertia,Dilleniaceae,native,n,yellow,1,Wasps,0,,,,
February,24/2/2021,33.5,Hibbertia scandens,Hibbertia,Dilleniaceae,native,n,yellow,1,Syrphid flies,0,,,,
February,24/2/2021,33.5,Hibbertia scandens,Hibbertia,Dilleniaceae,native,n,yellow,1,Other flies,0,,,,
February,24/2/2021,33.5,Westringia hybrid Smokey ,Westringia,Lamiaceae,native,y,white,20,Native bees,2,2,Megachile,2,
February,24/2/2021,33.5,Westringia hybrid Smokey ,Westringia,Lamiaceae,native,y,white,20,Honeybees,0,,,,
February,24/2/2021,33.5,Westringia hybrid Smokey ,Westringia,Lamiaceae,native,y,white,20,Wasps,0,,,,
February,24/2/2021,33.5,Westringia hybrid Smokey ,Westringia,Lamiaceae,native,y,white,20,Syrphid flies,0,,,,
February,24/2/2021,33.5,Westringia hybrid Smokey ,Westringia,Lamiaceae,native,y,white,20,Other flies,0,,,,
February,24/2/2021,33.5,Grevillea nudiflora,Grevillea,Proteaceae,native,n,red,30,Native bees,0,0,,,
February,24/2/2021,33.5,Grevillea nudiflora,Grevillea,Proteaceae,native,n,red,30,Honeybees,0,,,,
February,24/2/2021,33.5,Grevillea nudiflora,Grevillea,Proteaceae,native,n,red,30,Wasps,0,,,,
February,24/2/2021,33.5,Grevillea nudiflora,Grevillea,Proteaceae,native,n,red,30,Syrphid flies,0,,,,
February,24/2/2021,33.5,Grevillea nudiflora,Grevillea,Proteaceae,native,n,red,30,Other flies,0,,,,