species,trait_name,trait_value,number_records,percent_records,notes
Banksia aculeata,growth_form,shrub,12,100,
Banksia aculeata,growth_response,"killed, new seedlings",9,78,
Banksia aculeata,growth_response,unspecified,9,22,
Banksia aculeata,flowering_response,occurred after fire,6,,
Banksia aculeata,flowering_response,median time to flowering: 25-36 months,6,,
Banksia aculeata,flowering_response,minimum time to flowering: <1 month,6,,
Banksia aculeata,flowering_response,not occurred after fire,3,,
Banksia aculeata,flowering_response,median time to no flowering: 13-24 months,3,,
Banksia aculeata,flowering_response,maximum time to no flowering: 25-36 months,3,,
Banksia aculeata,pollinator_type,no pollinator observed,3,100,
Banksia aculeata,months_flowering_range,Feb,2,,only month with 'majority flowers fully open' records in the monthly chart; text: 'Flowering was recorded once (in February)'
Banksia aculeata,months_flowering_peak,Feb,2,,
Banksia aculeata,months_fruiting_cones_present,"May, Jun, Sep, Oct",,,"read from monthly bar chart; non-contiguous months, low sample (1-6 records/month)"
Banksia aemula,growth_form,tree,273,60,
Banksia aemula,growth_form,shrub,273,38,
Banksia aemula,growth_form,unspecified,273,3,
Banksia aemula,growth_response,ground resprout,51,18,
Banksia aemula,growth_response,ground resprout and trunk resprout,51,20,
Banksia aemula,growth_response,"killed, new seedlings and trunk resprout",51,2,
Banksia aemula,growth_response,trunk resprout,51,39,
Banksia aemula,growth_response,unspecified,51,22,
Banksia aemula,flowering_response,occurred after fire,30,,
Banksia aemula,flowering_response,median time to flowering: 1-12 months,30,,
Banksia aemula,flowering_response,minimum time to flowering: <1 month,30,,
Banksia aemula,flowering_response,not occurred after fire,7,,
Banksia aemula,flowering_response,median time to no flowering: 1-12 months,7,,
Banksia aemula,flowering_response,maximum time to no flowering: 25-36 months,7,,
Banksia aemula,pollinator_type,bird,109,29,
Banksia aemula,pollinator_type,"bees, wasps, ants",109,18,
Banksia aemula,pollinator_type,"butterflies, moths",109,1,
Banksia aemula,pollinator_type,no pollinator observed,109,51,
Banksia aemula,specific_pollinator,honeyeater (unspecified),10,,
Banksia aemula,specific_pollinator,New Holland Honeyeater,2,,
Banksia aemula,specific_pollinator,Brown Honeyeater,4,,
Banksia aemula,specific_pollinator,White-cheeked Honeyeater,6,,
Banksia aemula,specific_pollinator,Tawny-crowned Honeyeater,1,,
Banksia aemula,specific_pollinator,Noisy Miner,1,,
Banksia aemula,specific_pollinator,wattlebird (unspecified),2,,
Banksia aemula,specific_pollinator,Little Wattlebird,2,,
Banksia aemula,specific_pollinator,friarbird (unspecified),2,,
Banksia aemula,specific_pollinator,Noisy Friarbird,1,,
Banksia aemula,specific_pollinator,lorikeets and allies (unspecified),2,,
Banksia aemula,specific_pollinator,Rainbow Lorikeet,1,,
Banksia aemula,specific_pollinator,flycatchers and allies (unspecified),1,,
Banksia aemula,specific_pollinator,ant,3,,
Banksia aemula,specific_pollinator,bee (unspecified),9,,
Banksia aemula,specific_pollinator,European honey bee,3,,
Banksia aemula,months_flowering_range,Jan-Oct,,,from Discussion text: 'B. aemula flowers from January to October'; monthly chart shows some 'fully open' bar in every month
Banksia aemula,months_flowering_peak,Feb-Mar,,,Discussion text: 'though mainly in February and March'
Banksia aemula,months_fruiting_cones_present,uncertain - not confidently isolated from chart,,,"LOW CONFIDENCE: with flowering recorded nearly year-round, the 'fruiting cones present' category could not be reliably separated from adjacent categories at this image resolution; recommend manual check against the original chart"
Banksia ashbyi,growth_form,tree,70,46,
Banksia ashbyi,growth_form,shrub,70,51,
Banksia ashbyi,growth_form,unspecified,70,3,
Banksia ashbyi,growth_response,ground resprout,8,12,
Banksia ashbyi,growth_response,"killed, new seedlings",8,37,
Banksia ashbyi,growth_response,"killed, new seedlings and trunk resprout",8,12,
Banksia ashbyi,growth_response,unspecified,8,37,
Banksia ashbyi,flowering_response,occurred after fire,5,,
Banksia ashbyi,flowering_response,median time to flowering: 13-24 months,5,,
Banksia ashbyi,flowering_response,minimum time to flowering: <1 month,5,,
Banksia ashbyi,flowering_response,not occurred after fire,2,,
Banksia ashbyi,flowering_response,median time to no flowering: 13-24 months,2,,
Banksia ashbyi,flowering_response,maximum time to no flowering: 25-36 months,2,,
Banksia ashbyi,pollinator_type,bird,17,18,
Banksia ashbyi,pollinator_type,"butterflies, moths",17,6,
Banksia ashbyi,pollinator_type,"bees, wasps, ants",17,24,
Banksia ashbyi,pollinator_type,no pollinator observed,17,53,
Banksia ashbyi,specific_pollinator,honeyeater (unspecified),3,,
Banksia ashbyi,specific_pollinator,Singing Honeyeater,1,,
Banksia ashbyi,specific_pollinator,ant,3,,
Banksia ashbyi,months_flowering_range,Apr-Sep,,,from monthly chart ('fully open' bars); text: 'Flowering was observed mainly in winter'
Banksia ashbyi,months_flowering_peak,Jul,,,tallest 'fully open' bar in chart (~65%); consistent with text
Banksia ashbyi,months_fruiting_cones_present,uncertain - not confidently isolated from chart,,,LOW CONFIDENCE - flag for manual check
Banksia attenuata,growth_form,tree,1280,76,
Banksia attenuata,growth_form,shrub,1280,23,
Banksia attenuata,growth_form,unspecified,1280,1,
Banksia attenuata,growth_response,ground resprout,191,18,
Banksia attenuata,growth_response,"ground resprout and killed, new seedlings",191,5,
Banksia attenuata,growth_response,ground resprout and trunk resprout,191,14,
Banksia attenuata,growth_response,"killed, new seedlings",191,2,
Banksia attenuata,growth_response,"killed, new seedlings and trunk resprout",191,2,
Banksia attenuata,growth_response,trunk resprout,191,27,
Banksia attenuata,growth_response,unspecified,191,34,
Banksia attenuata,flowering_response,occurred after fire,134,,
Banksia attenuata,flowering_response,median time to flowering: 13-24 months,134,,
Banksia attenuata,flowering_response,minimum time to flowering: <1 month,134,,
Banksia attenuata,flowering_response,not occurred after fire,20,,
Banksia attenuata,flowering_response,median time to no flowering: 13-24 months,20,,
Banksia attenuata,flowering_response,maximum time to no flowering: 61-72 months,20,,
Banksia attenuata,pollinator_type,bird,436,6,
Banksia attenuata,pollinator_type,"butterflies, moths",436,1,
Banksia attenuata,pollinator_type,"bees, wasps, ants",436,11,
Banksia attenuata,pollinator_type,flies,436,1,
Banksia attenuata,pollinator_type,no pollinator observed,436,82,
Banksia attenuata,specific_pollinator,honeyeater (unspecified),5,,
Banksia attenuata,specific_pollinator,New Holland Honeyeater,1,,
Banksia attenuata,specific_pollinator,Brown Honeyeater,1,,
Banksia attenuata,specific_pollinator,Singing Honeyeater,1,,
Banksia attenuata,specific_pollinator,Miner (unspecified),1,,
Banksia attenuata,specific_pollinator,wattlebird (unspecified),3,,
Banksia attenuata,specific_pollinator,Western Spinebill,2,,
Banksia attenuata,specific_pollinator,Port Lincoln Parrot,1,,
Banksia attenuata,specific_pollinator,Red-tailed Black Cockatoo,1,,
Banksia attenuata,specific_pollinator,ant,9,,
Banksia attenuata,specific_pollinator,bee (unspecified),29,,
Banksia attenuata,specific_pollinator,European honey bee,1,,
Banksia attenuata,specific_pollinator,blowfly,1,,
Banksia attenuata,specific_pollinator,dragonfly,1,,
Banksia attenuata,months_flowering_range,Oct-Mar,,,from monthly chart ('fully open' bars >~10%); text: 'flowers and produces new shoots mainly in late spring and summer'
Banksia attenuata,months_flowering_peak,Nov-Jan,,,"Dec tallest (~90%), Nov ~72%, Jan ~78%"
Banksia attenuata,months_fruiting_cones_present,uncertain - not confidently isolated from chart,,,LOW CONFIDENCE - flag for manual check
Banksia audax,growth_form,shrub,33,94,
Banksia audax,growth_form,unspecified,33,6,
Banksia audax,growth_response,ground resprout,4,50,
Banksia audax,growth_response,unspecified,4,50,
Banksia audax,flowering_response,occurred after fire,4,,
Banksia audax,flowering_response,median time to flowering: 25-36 months,4,,
Banksia audax,flowering_response,minimum time to flowering: 13-24 months,4,,
Banksia audax,flowering_response,not occurred after fire,0,,
Banksia audax,pollinator_type,"bees, wasps, ants",1,100,
Banksia audax,months_flowering_range,Jan,1,,"main summer record per text ('flowers in summer'); a second minor record in May also shows a small 'fully open' bar in the chart (low confidence, not reflected in Discussion text)"
Banksia audax,months_flowering_peak,Jan,1,,
Banksia audax,months_fruiting_cones_present,none evident in chart,,,"chart shows 'majority in bud' pattern for most other months, no clear fruiting-cone pattern"
Banksia baueri,growth_form,shrub,132,96,
Banksia baueri,growth_form,tree,132,2,
Banksia baueri,growth_form,unspecified,132,2,
Banksia baueri,growth_response,"killed, new seedlings",3,33,
Banksia baueri,growth_response,"killed, new seedlings and trunk resprout",3,33,
Banksia baueri,growth_response,unspecified,3,33,
Banksia baueri,flowering_response,occurred after fire,2,,
Banksia baueri,flowering_response,median time to flowering: 13-24 months,2,,
Banksia baueri,flowering_response,minimum time to flowering: 1-12 months,2,,
Banksia baueri,flowering_response,not occurred after fire,0,,
Banksia baueri,pollinator_type,"bees, wasps, ants",21,5,
Banksia baueri,pollinator_type,no pollinator observed,21,95,
Banksia baueri,specific_pollinator,ant,1,,
Banksia baueri,months_flowering_range,Mar-Sep,,,from monthly chart ('fully open' bars); text: 'Flowering occurs in autumn and winter'
Banksia baueri,months_flowering_peak,Jul,,,tallest 'fully open' bar in chart (~100%)
Banksia baueri,months_fruiting_cones_present,uncertain - not confidently isolated from chart,,,LOW CONFIDENCE - flag for manual check
Banksia baxteri,growth_form,tree,188,29,
Banksia baxteri,growth_form,shrub,188,69,
Banksia baxteri,growth_form,unspecified,188,2,
Banksia baxteri,growth_response,"ground resprout and killed, new seedlings",24,4,
Banksia baxteri,growth_response,"killed, new seedlings",24,62,
Banksia baxteri,growth_response,unspecified,24,33,
Banksia baxteri,flowering_response,occurred after fire,12,,
Banksia baxteri,flowering_response,median time to flowering: 13-24 months,12,,
Banksia baxteri,flowering_response,minimum time to flowering: 1-12 months,12,,
Banksia baxteri,flowering_response,not occurred after fire,5,,
Banksia baxteri,flowering_response,median time to no flowering: 37-48 months,5,,
Banksia baxteri,flowering_response,maximum time to no flowering: 61-72 months,5,,
Banksia baxteri,pollinator_type,bird,61,23,
Banksia baxteri,pollinator_type,"bees, wasps, ants",61,7,
Banksia baxteri,pollinator_type,no pollinator observed,61,70,
Banksia baxteri,specific_pollinator,honeyeater (unspecified),2,,
Banksia baxteri,specific_pollinator,New Holland Honeyeater,5,,
Banksia baxteri,specific_pollinator,White-cheeked Honeyeater,1,,
Banksia baxteri,specific_pollinator,Little Wattlebird,2,,
Banksia baxteri,specific_pollinator,Western Spinebill,1,,
Banksia baxteri,specific_pollinator,Red-tailed Black Cockatoo,2,,
Banksia baxteri,specific_pollinator,ant,1,,
Banksia baxteri,months_flowering_range,Sep-Jun,,,"text: 'peak in January and February. Some flowers were recorded as late as June, a few as early as September' (i.e. low/no flowering Jul-Aug)"
Banksia baxteri,months_flowering_peak,Jan-Feb,,,"text and chart agree (Jan ~92%, Feb ~98%)"
Banksia baxteri,months_fruiting_cones_present,uncertain - not confidently isolated from chart,,,LOW CONFIDENCE - flag for manual check
Banksia benthamiana,growth_form,tree,36,36,
Banksia benthamiana,growth_form,shrub,36,58,
Banksia benthamiana,growth_form,unspecified,36,6,
Banksia benthamiana,growth_response,"killed, new seedlings",2,100,
Banksia benthamiana,flowering_response,occurred after fire,1,,
Banksia benthamiana,flowering_response,minimum time to flowering: 85-96 months,1,,
Banksia benthamiana,flowering_response,not occurred after fire,0,,
Banksia benthamiana,pollinator_type,"butterflies, moths",6,17,
Banksia benthamiana,pollinator_type,no pollinator observed,6,83,
Banksia benthamiana,months_flowering_range,Nov-Dec,,,"text: 'summer appears to be the main season'; chart shows 'fully open' only in Nov (1 record) and Dec (2 records) - THIN SAMPLE, low confidence"
Banksia benthamiana,months_flowering_peak,Nov-Dec,,,THIN SAMPLE (1-2 records) - low confidence
Banksia benthamiana,months_fruiting_cones_present,none evident in chart,,,
Banksia blechnifolia,growth_form,shrub,37,100,
Banksia blechnifolia,growth_response,"killed, no seedlings and killed, new seedlings",2,50,
Banksia blechnifolia,growth_response,unspecified,2,50,
Banksia blechnifolia,flowering_response,occurred after fire,1,,
Banksia blechnifolia,flowering_response,minimum time to flowering: 85-96 months,1,,
Banksia blechnifolia,flowering_response,not occurred after fire,1,,
Banksia blechnifolia,flowering_response,maximum time to no flowering: 13-24 months,1,,
Banksia blechnifolia,pollinator_type,"bees, wasps, ants",12,17,
Banksia blechnifolia,pollinator_type,flies,12,17,
Banksia blechnifolia,pollinator_type,no pollinator observed,12,66,
Banksia blechnifolia,specific_pollinator,ant,2,,
Banksia blechnifolia,specific_pollinator,blowfly,1,,
Banksia blechnifolia,months_flowering_range,Jun-Nov,,,text: 'Flowering is mainly in spring although it may begin as early as June'; chart shows 'fully open' bars Jun-Nov
Banksia blechnifolia,months_flowering_peak,Sep-Nov,,,"DISCREPANCY FLAGGED: text says 'mainly in spring' (Sep-Nov) but the single tallest bar in the chart was July (~70%); reporting the text-based spring peak as primary, chart peak noted here for reference"
Banksia blechnifolia,months_fruiting_cones_present,uncertain - not confidently isolated from chart,,,LOW CONFIDENCE - flag for manual check
Banksia brownii,growth_form,tree,18,56,
Banksia brownii,growth_form,shrub,18,39,
Banksia brownii,growth_form,unspecified,18,5,
Banksia brownii,growth_response,"killed, new seedlings",2,50,
Banksia brownii,growth_response,unspecified,2,50,
Banksia brownii,flowering_response,occurred after fire,2,,
Banksia brownii,flowering_response,minimum time to flowering: 61-72 months,2,,
Banksia brownii,flowering_response,not occurred after fire,0,,
Banksia brownii,pollinator_type,no pollinator observed,2,100,
Banksia brownii,months_flowering_range,"Apr, Jul",,,"text: 'Flowering appears to be in winter'; chart shows 'fully open' solid bars in Apr (~100%) and Jul (~100%), plus a small Jan record - THIN SAMPLE (18 total records)"
Banksia brownii,months_flowering_peak,Apr and Jul (tied),,,THIN SAMPLE - low confidence
Banksia brownii,months_fruiting_cones_present,Aug-Nov,,,from monthly chart ('fruiting cones present' pattern); moderate confidence
Banksia burdettii,growth_form,tree,81,17,
Banksia burdettii,growth_form,shrub,81,26,
Banksia burdettii,growth_form,unspecified,81,57,
Banksia burdettii,growth_response,unspecified,1,100,
Banksia burdettii,flowering_response,occurred after fire,1,,
Banksia burdettii,flowering_response,minimum time to flowering: 49-60 months,1,,
Banksia burdettii,flowering_response,not occurred after fire,0,,
Banksia burdettii,pollinator_type,bird,2,100,
Banksia burdettii,specific_pollinator,Brown Honeyeater,1,,
Banksia burdettii,months_flowering_range,Jan-Apr,,,"from monthly chart ('fully open' bars, Jan/Feb 100%, Apr ~15%); a small secondary record in Aug also shows partial 'fully open'. NOTE: Discussion text states 'Flowering is in summer and early autumn' which matches Jan-Apr well"
Banksia burdettii,months_flowering_peak,Jan-Feb,,,chart shows Jan and Feb both at 100% 'fully open'
Banksia burdettii,months_fruiting_cones_present,uncertain - not confidently isolated from chart,,,LOW CONFIDENCE - flag for manual check
Banksia caleyi,growth_form,tree,100,2,
Banksia caleyi,growth_form,shrub,100,95,
Banksia caleyi,growth_form,unspecified,100,3,
Banksia caleyi,growth_response,"killed, new seedlings",3,33,
Banksia caleyi,growth_response,"killed, no seedlings",3,33,
Banksia caleyi,growth_response,unspecified,3,33,
Banksia caleyi,flowering_response,occurred after fire,1,,
Banksia caleyi,flowering_response,median time to flowering: 25-36 months,1,,
Banksia caleyi,flowering_response,not occurred after fire,1,,
Banksia caleyi,flowering_response,maximum time to no flowering: 25-36 months,1,,
Banksia caleyi,pollinator_type,"bees, wasps, ants",29,3,
Banksia caleyi,pollinator_type,no pollinator observed,29,97,
Banksia caleyi,specific_pollinator,ant,1,,
Banksia caleyi,months_flowering_range,Sep-Jan,,,text: 'Flowering is from September to January'
Banksia caleyi,months_flowering_peak,Nov-Dec,,,"from monthly chart ('fully open' bars: Nov ~75%, Dec ~85%, tallest of the season)"
Banksia caleyi,months_fruiting_cones_present,uncertain - not confidently isolated from chart,,,LOW CONFIDENCE - flag for manual check
Banksia candolleana,growth_form,shrub,95,99,
Banksia candolleana,growth_form,unspecified,95,1,
Banksia candolleana,growth_response,ground resprout,15,60,
Banksia candolleana,growth_response,"ground resprout and killed, new seedlings",15,7,
Banksia candolleana,growth_response,unspecified,15,33,
Banksia candolleana,flowering_response,occurred after fire,10,,
Banksia candolleana,flowering_response,median time to flowering: 13-24 months,10,,
Banksia candolleana,flowering_response,minimum time to flowering: 13-24 months,10,,
Banksia candolleana,flowering_response,not occurred after fire,3,,
Banksia candolleana,flowering_response,median time to no flowering: 13-24 months,3,,
Banksia candolleana,flowering_response,maximum time to no flowering: 13-24 months,3,,
Banksia candolleana,pollinator_type,"bees, wasps, ants",26,12,
Banksia candolleana,pollinator_type,no pollinator observed,26,88,
Banksia candolleana,specific_pollinator,ant,2,,
Banksia candolleana,specific_pollinator,European honey bee,1,,
Banksia candolleana,months_flowering_range,"Mar-Jul, plus a single Dec record",,,text: 'Flowering is from March to July. There is also a single record of flowering in December'
Banksia candolleana,months_flowering_peak,May,,,"from monthly chart ('fully open' ~100%, tallest bar)"
Banksia candolleana,months_fruiting_cones_present,uncertain - not confidently isolated from chart,,,LOW CONFIDENCE - flag for manual check
Banksia canei,growth_form,shrub,48,92,
Banksia canei,growth_form,tree,48,6,
Banksia canei,growth_form,unspecified,48,2,
Banksia canei,growth_response,unspecified,3,100,
Banksia canei,flowering_response,occurred after fire,2,,
Banksia canei,flowering_response,minimum time to flowering: <1 month,2,,
Banksia canei,flowering_response,not occurred after fire,0,,
Banksia canei,pollinator_type,bird,42,5,
Banksia canei,pollinator_type,"bees, wasps, ants",42,7,
Banksia canei,pollinator_type,no pollinator observed,42,88,
Banksia canei,specific_pollinator,honeyeater (unspecified),1,,
Banksia canei,specific_pollinator,Yellow-tufted Honeyeater,1,,
Banksia canei,specific_pollinator,bee (unspecified),2,,
Banksia canei,months_flowering_range,Dec-May,,,text: 'Flowers were recorded from December to May with a peak from February to April'; chart also shows a single minor 'fully open' record in Aug (1 record) not mentioned in the text
Banksia canei,months_flowering_peak,Feb-Apr,,,text and chart agree (Feb/Mar/Apr all ~90-100% 'fully open')
Banksia canei,months_fruiting_cones_present,uncertain - not confidently isolated from chart,,,LOW CONFIDENCE - flag for manual check
Banksia chamaephyton,growth_form,shrub,36,97,
Banksia chamaephyton,growth_form,unspecified,36,3,
Banksia chamaephyton,growth_response,no fire-response records,0,,
Banksia chamaephyton,pollinator_type,no pollinator observed,13,100,
Banksia chamaephyton,months_flowering_range,Nov-Dec,,,text: 'Flowering is in November and December'; chart confirms 100% 'fully open' in both months and 0% in all others
Banksia chamaephyton,months_flowering_peak,Nov-Dec,,,both months at 100% 'fully open' in the chart
Banksia chamaephyton,months_fruiting_cones_present,none evident in chart,,,
Banksia coccinea,growth_form,tree,171,33,
Banksia coccinea,growth_form,shrub,171,65,
Banksia coccinea,growth_form,unspecified,171,2,
Banksia coccinea,growth_response,"ground resprout and killed, new seedlings",29,3,
Banksia coccinea,growth_response,"killed, new seedlings",29,59,
Banksia coccinea,growth_response,unspecified,29,38,
Banksia coccinea,flowering_response,occurred after fire,15,,
Banksia coccinea,flowering_response,median time to flowering: 13-24 months,15,,
Banksia coccinea,flowering_response,minimum time to flowering: <1 month,15,,
Banksia coccinea,flowering_response,not occurred after fire,8,,
Banksia coccinea,flowering_response,median time to no flowering: 24-25 months,8,,
Banksia coccinea,flowering_response,maximum time to no flowering: 49-60 months,8,,
Banksia coccinea,pollinator_type,bird,43,21,
Banksia coccinea,pollinator_type,"bees, wasps, ants",43,9,
Banksia coccinea,pollinator_type,no pollinator observed,43,70,
Banksia coccinea,specific_pollinator,New Holland Honeyeater,7,,
Banksia coccinea,specific_pollinator,Red Wattlebird,1,,
Banksia coccinea,specific_pollinator,Western Spinebill,1,,
Banksia coccinea,specific_pollinator,rosella (unspecified),1,,
Banksia coccinea,specific_pollinator,ant,3,,
Banksia coccinea,months_flowering_range,May-Dec,,,text: 'Flowering is from May to December with a peak from July to October'
Banksia coccinea,months_flowering_peak,Jul-Oct,,,"text and chart agree (Jul ~90%, Aug ~90%, Sep ~65%, Oct ~95% 'fully open')"
Banksia coccinea,months_fruiting_cones_present,uncertain - not confidently isolated from chart,,,LOW CONFIDENCE - flag for manual check
Banksia conferta,growth_form,tree,32,9,
Banksia conferta,growth_form,shrub,32,91,
Banksia conferta,growth_response,"killed, new seedlings",6,67,
Banksia conferta,growth_response,unspecified,6,33,
Banksia conferta,flowering_response,occurred after fire,4,,
Banksia conferta,flowering_response,median time to flowering: 60-72 months,4,,
Banksia conferta,flowering_response,minimum time to flowering: 49-60 months,4,,
Banksia conferta,flowering_response,not occurred after fire,1,,
Banksia conferta,flowering_response,maximum time to no flowering: 37-48 months,1,,
Banksia conferta,pollinator_type,bird,22,5,
Banksia conferta,pollinator_type,"bees, wasps, ants",22,14,
Banksia conferta,pollinator_type,flies,22,5,
Banksia conferta,pollinator_type,no pollinator observed,22,77,
Banksia conferta,specific_pollinator,ant,1,,
Banksia conferta,specific_pollinator,bee (unspecified),1,,
Banksia conferta,months_flowering_range,Apr-Aug,,,text: 'Limited records suggest a flowering period from autumn to late winter'
Banksia conferta,months_flowering_peak,Aug,,,"from monthly chart, tallest 'fully open' bar (~100%); May and Jul also high (~90%)"
Banksia conferta,months_fruiting_cones_present,uncertain - not confidently isolated from chart,,,LOW CONFIDENCE - flag for manual check
Banksia conferta var. conferta,growth_form,tree,6,17,
Banksia conferta var. conferta,growth_form,shrub,6,83,
Banksia conferta var. conferta,growth_response,"killed, new seedlings",5,60,
Banksia conferta var. conferta,growth_response,unspecified,5,40,
Banksia conferta var. conferta,flowering_response,occurred after fire,4,,
Banksia conferta var. conferta,flowering_response,median time to flowering: 61-72 months,4,,
Banksia conferta var. conferta,flowering_response,minimum time to flowering: 49-60 months,4,,
Banksia conferta var. conferta,flowering_response,not occurred after fire,0,,
Banksia conferta var. conferta,pollinator_type,bird,2,50,
Banksia conferta var. conferta,pollinator_type,"bees, wasps, ants",2,50,
Banksia conferta var. conferta,months_flowering_range,"Apr, May, Aug",,,"THIN SAMPLE (6 total records). Chart shows 'fully open' at Apr (100%) and Aug (100%), with a small amount in May (~15%)"
Banksia conferta var. conferta,months_flowering_peak,Apr and Aug (tied),,,THIN SAMPLE - low confidence
Banksia conferta var. conferta,months_fruiting_cones_present,uncertain - not confidently isolated from chart,,,LOW CONFIDENCE - flag for manual check
Banksia conferta var. penicillata,growth_form,tree,26,8,
Banksia conferta var. penicillata,growth_form,shrub,26,92,
Banksia conferta var. penicillata,growth_response,"killed, new seedlings",1,100,
Banksia conferta var. penicillata,flowering_response,occurred after fire,0,,
Banksia conferta var. penicillata,flowering_response,not occurred after fire,1,,
Banksia conferta var. penicillata,flowering_response,maximum time to no flowering: 37-48 months,1,,
Banksia conferta var. penicillata,pollinator_type,"bees, wasps, ants",20,10,
Banksia conferta var. penicillata,pollinator_type,flies,20,5,
Banksia conferta var. penicillata,pollinator_type,no pollinator observed,20,85,
Banksia conferta var. penicillata,specific_pollinator,ant,1,,
Banksia conferta var. penicillata,specific_pollinator,bee (unspecified),1,,
Banksia conferta var. penicillata,months_flowering_range,Apr-Jul,,,text: 'Flowering is from autumn through to winter'
Banksia conferta var. penicillata,months_flowering_peak,Jun,,,"from monthly chart, tallest 'fully open' bar (~70%)"
Banksia conferta var. penicillata,months_fruiting_cones_present,uncertain - not confidently isolated from chart,,,LOW CONFIDENCE - flag for manual check
Banksia cuneata,growth_form,tree,4,50,
Banksia cuneata,growth_form,shrub,4,50,
Banksia cuneata,growth_response,no fire-response records,0,,
Banksia cuneata,months_flowering_range,Jun,,,"DISCREPANCY FLAGGED: Discussion text states 'The species flowers in spring' but the monthly chart's only 'fully open' record is in June (100%), with Nov and Dec both showing only 'majority in bud'. THIN SAMPLE (4 total records: Jun=2, Nov=1, Dec=1) - recommend manual check of the original chart/text"
Banksia cuneata,months_flowering_peak,Jun,,,only month with a 'fully open' record in the chart; THIN SAMPLE
Banksia cuneata,months_fruiting_cones_present,none evident in chart,,,
Banksia dentata,growth_form,tree,133,92,
Banksia dentata,growth_form,shrub,133,5,
Banksia dentata,growth_form,unspecified,133,3,
Banksia dentata,growth_response,ground resprout,36,8,
Banksia dentata,growth_response,"killed, new seedlings",36,8,
Banksia dentata,growth_response,trunk resprout,36,56,
Banksia dentata,growth_response,"killed, no seedlings and trunk resprout",36,6,
Banksia dentata,growth_response,unspecified,36,22,
Banksia dentata,flowering_response,occurred after fire,23,,
Banksia dentata,flowering_response,median time to flowering: 1-12 months,23,,
Banksia dentata,flowering_response,minimum time to flowering: <1 month,23,,
Banksia dentata,flowering_response,not occurred after fire,6,,
Banksia dentata,flowering_response,median time to no flowering: 1-12 months,6,,
Banksia dentata,flowering_response,maximum time to no flowering: 13-24 months,6,,
Banksia dentata,pollinator_type,bird,44,2,
Banksia dentata,pollinator_type,no pollinator observed,44,98,
Banksia dentata,specific_pollinator,honeyeater (unspecified),1,,
Banksia dentata,months_flowering_range,Apr-Jul,,,"DISCREPANCY FLAGGED: from the monthly chart ('fully open' bars: Apr ~25%, May ~15%, Jun ~5%, Jul ~15%), but the Discussion text cites George (1981) stating the flowering period as 'November to June' (attributed to the tropical wet season making fieldwork difficult) - the actual Atlas chart data do not show any 'fully open' records outside Apr-Jul"
Banksia dentata,months_flowering_peak,Apr,,,tallest 'fully open' bar in the chart (~25%)
Banksia dentata,months_fruiting_cones_present,uncertain - not confidently isolated from chart,,,LOW CONFIDENCE - flag for manual check
Banksia dryandroides,growth_form,shrub,65,100,
Banksia dryandroides,growth_response,ground resprout,7,14,
Banksia dryandroides,growth_response,"killed, new seedlings",7,43,
Banksia dryandroides,growth_response,unspecified,7,43,
Banksia dryandroides,flowering_response,occurred after fire,3,,
Banksia dryandroides,flowering_response,median time to flowering: 25-36 months,3,,
Banksia dryandroides,flowering_response,minimum time to flowering: 13-24 months,3,,
Banksia dryandroides,flowering_response,not occurred after fire,3,,
Banksia dryandroides,flowering_response,median time to no flowering: 37-48 months,3,,
Banksia dryandroides,flowering_response,maximum time to no flowering: 37-48 months,3,,
Banksia dryandroides,pollinator_type,no pollinator observed,17,100,
Banksia dryandroides,months_flowering_range,"Sep-Jan, plus a secondary record in Jun",,,"text: 'main flowering period is from spring through to early summer, though flowers have also been recorded in June ... from every month' (old flowers with residual colour recorded in other months, but chart 'fully open' bars concentrate at Jan ~35%, Jun ~35%, Sep ~10%, Nov ~65%)"
Banksia dryandroides,months_flowering_peak,Nov,,,tallest 'fully open' bar in chart (~65%); text also notes 'a possible peak in spring'
Banksia dryandroides,months_fruiting_cones_present,uncertain - not confidently isolated from chart,,,LOW CONFIDENCE - flag for manual check
Banksia elderiana,growth_form,shrub,167,99,
Banksia elderiana,growth_form,tree,167,1,
Banksia elderiana,growth_response,ground resprout,30,73,
Banksia elderiana,growth_response,ground resprout and trunk resprout,30,3,
Banksia elderiana,growth_response,"killed, no seedlings",30,3,
Banksia elderiana,growth_response,unspecified,30,20,
Banksia elderiana,flowering_response,occurred after fire,18,,
Banksia elderiana,flowering_response,median time to flowering: 25-36 months,18,,
Banksia elderiana,flowering_response,minimum time to flowering: 1-12 months,18,,
Banksia elderiana,flowering_response,not occurred after fire,8,,
Banksia elderiana,flowering_response,median time to no flowering: 1-12 months,8,,
Banksia elderiana,flowering_response,maximum time to no flowering: 25-36 months,8,,
Banksia elderiana,pollinator_type,"bees, wasps, ants",27,11,
Banksia elderiana,pollinator_type,flies,27,4,
Banksia elderiana,pollinator_type,no pollinator observed,27,85,
Banksia elderiana,specific_pollinator,ant,2,,
Banksia elderiana,months_flowering_range,Dec-Feb,,,text: 'Flowering is from December to February and new shoot growth mainly from late spring to autumn'
Banksia elderiana,months_flowering_peak,Feb,,,"from monthly chart, tallest 'fully open' bar (~65%); Jan also substantial (~40%)"
Banksia elderiana,months_fruiting_cones_present,uncertain - not confidently isolated from chart,,,LOW CONFIDENCE - flag for manual check
Banksia elegans,growth_form,tree,24,17,
Banksia elegans,growth_form,shrub,24,83,
Banksia elegans,growth_response,ground resprout,15,47,
Banksia elegans,growth_response,ground resprout and trunk resprout,15,27,
Banksia elegans,growth_response,trunk resprout,15,27,
Banksia elegans,flowering_response,occurred after fire,5,,
Banksia elegans,flowering_response,median time to flowering: 13-24 months,5,,
Banksia elegans,flowering_response,minimum time to flowering: 1-12 months,5,,
Banksia elegans,flowering_response,not occurred after fire,8,,
Banksia elegans,flowering_response,median time to no flowering: 13-24 months,8,,
Banksia elegans,flowering_response,maximum time to no flowering: 25-36 months,8,,
Banksia elegans,pollinator_type,no pollinator observed,6,100,
Banksia elegans,months_flowering_range,no 'fully open' records in the Atlas chart,,,text: 'Atlas contributors did not observe flowering plants nor pollinators though George (1981) recorded the flowering period as October and November.' The monthly chart shows only 'majority in bud' / 'recently finished' / 'unspecified' categories across all 12 months - zero months with a 'fully open' bar
Banksia elegans,months_flowering_peak,not observed by Atlas contributors; George (1981) reports October-November,,,"literature citation only, not supported by Atlas chart data"
Banksia elegans,months_fruiting_cones_present,none evident in chart,,,
Banksia epica,growth_form,tree,1,100,
Banksia epica,growth_response,no fire-response records,0,,
Banksia epica,pollinator_type,bird,1,100,
Banksia epica,specific_pollinator,New Holland Honeyeater,1,,
Banksia epica,specific_pollinator,thornbill (unspecified),1,,
Banksia epica,months_flowering_range,Apr-May,,,text: 'The entire flowering season is not known though flowers have been observed in April and May.' Only 1 total record (May); chart shows that single May record as 100% 'fully open'. THIN SAMPLE
Banksia epica,months_flowering_peak,May,,,THIN SAMPLE - only 1 record total
Banksia epica,months_fruiting_cones_present,not known,,,text: fruiting cone appearance is described but timing not discussed
Banksia ericifolia,growth_form,tree,565,21,
Banksia ericifolia,growth_form,shrub,565,75,
Banksia ericifolia,growth_form,unspecified,565,4,
Banksia ericifolia,growth_response,ground resprout,97,5,
Banksia ericifolia,growth_response,"killed, new seedlings",97,60,
Banksia ericifolia,growth_response,trunk resprout,97,2,
Banksia ericifolia,growth_response,"killed, no seedlings",97,3,
Banksia ericifolia,growth_response,"killed, no seedlings and killed, new seedlings",97,1,
Banksia ericifolia,growth_response,unspecified,97,29,
Banksia ericifolia,flowering_response,occurred after fire,32,,
Banksia ericifolia,flowering_response,median time to flowering: 13-24 months,32,,
Banksia ericifolia,flowering_response,minimum time to flowering: <1 month,32,,
Banksia ericifolia,flowering_response,not occurred after fire,32,,
Banksia ericifolia,flowering_response,median time to no flowering: 13-24 months,32,,
Banksia ericifolia,flowering_response,maximum time to no flowering: 49-60 months,32,,
Banksia ericifolia,pollinator_type,bird,372,15,
Banksia ericifolia,pollinator_type,"butterflies, moths",372,1,
Banksia ericifolia,pollinator_type,"bees, wasps, ants",372,8,
Banksia ericifolia,pollinator_type,flies,372,0.3,
Banksia ericifolia,pollinator_type,mammals,372,1,
Banksia ericifolia,pollinator_type,no pollinator observed,372,75,
Banksia ericifolia,specific_pollinator,honeyeater (unspecified),9,,
Banksia ericifolia,specific_pollinator,New Holland Honeyeater,17,,
Banksia ericifolia,specific_pollinator,Brown Honeyeater,1,,
Banksia ericifolia,specific_pollinator,White-cheeked Honeyeater,3,,
Banksia ericifolia,specific_pollinator,White-eared Honeyeater,11,,
Banksia ericifolia,specific_pollinator,White-plumed Honeyeater,1,,
Banksia ericifolia,specific_pollinator,Yellow-faced Honeyeater,3,,
Banksia ericifolia,specific_pollinator,Crescent Honeyeater,1,,
Banksia ericifolia,specific_pollinator,Tawny-crowned Honeyeater,1,,
Banksia ericifolia,specific_pollinator,Noisy Miner,2,,
Banksia ericifolia,specific_pollinator,wattlebird (unspecified),3,,
Banksia ericifolia,specific_pollinator,Little Wattlebird,10,,
Banksia ericifolia,specific_pollinator,Red Wattlebird,10,,
Banksia ericifolia,specific_pollinator,Eastern Spinebill,11,,
Banksia ericifolia,specific_pollinator,Black-faced Cuckoo-shrike,1,,
Banksia ericifolia,specific_pollinator,friarbird (unspecified),1,,
Banksia ericifolia,specific_pollinator,bee (unspecified),20,,
Banksia ericifolia,specific_pollinator,European honey bee,5,,
Banksia ericifolia,specific_pollinator,possum (unspecified),2,,
Banksia ericifolia,months_flowering_range,Mar-Oct,,,text: 'predominantly in winter with flowers recorded as early as February and as late as October'
Banksia ericifolia,months_flowering_peak,Jun,,,tallest 'fully open' bar in chart (~95%); Jul also high (~75%)
Banksia ericifolia,months_fruiting_cones_present,uncertain - not confidently isolated from chart,,,LOW CONFIDENCE - flag for manual check
Banksia ericifolia var. ericifolia,growth_form,tree,423,9,
Banksia ericifolia var. ericifolia,growth_form,shrub,423,90,
Banksia ericifolia var. ericifolia,growth_form,unspecified,423,1,
Banksia ericifolia var. ericifolia,growth_response,ground resprout,69,4,
Banksia ericifolia var. ericifolia,growth_response,"killed, new seedlings",69,58,
Banksia ericifolia var. ericifolia,growth_response,"killed, no seedlings",69,3,
Banksia ericifolia var. ericifolia,growth_response,"killed, no seedlings and killed, new seedlings",69,1,
Banksia ericifolia var. ericifolia,growth_response,unspecified,69,33,
Banksia ericifolia var. ericifolia,flowering_response,occurred after fire,24,,
Banksia ericifolia var. ericifolia,flowering_response,median time to flowering: 13-24 months,24,,
Banksia ericifolia var. ericifolia,flowering_response,minimum time to flowering: <1 month,24,,
Banksia ericifolia var. ericifolia,flowering_response,not occurred after fire,19,,
Banksia ericifolia var. ericifolia,flowering_response,median time to no flowering: 13-24 months,19,,
Banksia ericifolia var. ericifolia,flowering_response,maximum time to no flowering: 37-48 months,19,,
Banksia ericifolia var. ericifolia,pollinator_type,bird,305,13,
Banksia ericifolia var. ericifolia,pollinator_type,"bees, wasps, ants",305,4,
Banksia ericifolia var. ericifolia,pollinator_type,mammals,305,1,
Banksia ericifolia var. ericifolia,pollinator_type,no pollinator observed,305,82,
Banksia ericifolia var. ericifolia,specific_pollinator,honeyeater (unspecified),9,,
Banksia ericifolia var. ericifolia,specific_pollinator,New Holland Honeyeater,15,,
Banksia ericifolia var. ericifolia,specific_pollinator,White-cheeked Honeyeater,3,,
Banksia ericifolia var. ericifolia,specific_pollinator,White-eared Honeyeater,2,,
Banksia ericifolia var. ericifolia,specific_pollinator,White-plumed Honeyeater,1,,
Banksia ericifolia var. ericifolia,specific_pollinator,Yellow-faced Honeyeater,1,,
Banksia ericifolia var. ericifolia,specific_pollinator,Crescent Honeyeater,3,,
Banksia ericifolia var. ericifolia,specific_pollinator,Noisy Miner,2,,
Banksia ericifolia var. ericifolia,specific_pollinator,Red Wattlebird,10,,
Banksia ericifolia var. ericifolia,specific_pollinator,Little Wattlebird,5,,
Banksia ericifolia var. ericifolia,specific_pollinator,Eastern Spinebill,10,,
Banksia ericifolia var. ericifolia,specific_pollinator,friarbird (unspecified),1,,
Banksia ericifolia var. ericifolia,specific_pollinator,Rainbow Lorikeet,1,,
Banksia ericifolia var. ericifolia,specific_pollinator,bee (unspecified),8,,
Banksia ericifolia var. ericifolia,specific_pollinator,European honey bee,4,,
Banksia ericifolia var. ericifolia,months_flowering_range,May-Sep,,,text: 'flowering period is between May and September with a peak in July'
Banksia ericifolia var. ericifolia,months_flowering_peak,Jul,,,text states July; chart shows Jun and Jul both near-tallest (~95-100%)
Banksia ericifolia var. ericifolia,months_fruiting_cones_present,uncertain - not confidently isolated from chart,,,LOW CONFIDENCE - flag for manual check
Banksia ericifolia var. macrantha,growth_form,tree,76,26,
Banksia ericifolia var. macrantha,growth_form,shrub,76,71,
Banksia ericifolia var. macrantha,growth_form,unspecified,76,3,
Banksia ericifolia var. macrantha,growth_response,"killed, new seedlings",10,80,
Banksia ericifolia var. macrantha,growth_response,"killed, no seedlings",10,10,
Banksia ericifolia var. macrantha,growth_response,unspecified,10,10,
Banksia ericifolia var. macrantha,flowering_response,occurred after fire,2,,
Banksia ericifolia var. macrantha,flowering_response,median time to flowering: 1-12 months,2,,
Banksia ericifolia var. macrantha,flowering_response,minimum time to flowering: <1 month,2,,
Banksia ericifolia var. macrantha,flowering_response,not occurred after fire,6,,
Banksia ericifolia var. macrantha,flowering_response,median time to no flowering: 1-12 months,6,,
Banksia ericifolia var. macrantha,flowering_response,maximum time to no flowering: 25-36 months,6,,
Banksia ericifolia var. macrantha,pollinator_type,bird,29,34,
Banksia ericifolia var. macrantha,pollinator_type,"butterflies, moths",29,3,
Banksia ericifolia var. macrantha,pollinator_type,"bees, wasps, ants",29,21,
Banksia ericifolia var. macrantha,pollinator_type,no pollinator observed,29,41,
Banksia ericifolia var. macrantha,specific_pollinator,honeyeater (unspecified),2,,
Banksia ericifolia var. macrantha,specific_pollinator,Brown Honeyeater,1,,
Banksia ericifolia var. macrantha,specific_pollinator,White-cheeked Honeyeater,6,,
Banksia ericifolia var. macrantha,specific_pollinator,Tawny-crowned Honeyeater,1,,
Banksia ericifolia var. macrantha,specific_pollinator,Little Wattlebird,3,,
Banksia ericifolia var. macrantha,specific_pollinator,Eastern Spinebill,1,,
Banksia ericifolia var. macrantha,specific_pollinator,Black-faced Cuckoo-shrike,1,,
Banksia ericifolia var. macrantha,specific_pollinator,bee (unspecified),2,,
Banksia ericifolia var. macrantha,specific_pollinator,European honey bee,1,,
Banksia ericifolia var. macrantha,months_flowering_range,May-Sep,,,text: 'main flowering period is between May and September with a peak in July' (shared wording with var. ericifolia's account)
Banksia ericifolia var. macrantha,months_flowering_peak,Jul,,,"text and chart agree, tallest 'fully open' bar (~100%)"
Banksia ericifolia var. macrantha,months_fruiting_cones_present,uncertain - not confidently isolated from chart,,,LOW CONFIDENCE - flag for manual check
Banksia gardneri,growth_form,shrub,329,95,
Banksia gardneri,growth_form,unspecified,329,5,
Banksia gardneri,growth_response,ground resprout,46,43,
Banksia gardneri,growth_response,"ground resprout and killed, new seedlings",46,4,
Banksia gardneri,growth_response,unspecified,46,52,
Banksia gardneri,flowering_response,occurred after fire,36,,
Banksia gardneri,flowering_response,median time to flowering: 13-24 months,36,,
Banksia gardneri,flowering_response,minimum time to flowering: <1 month,36,,
Banksia gardneri,flowering_response,not occurred after fire,6,,
Banksia gardneri,flowering_response,median time to no flowering: 25-36 months,6,,
Banksia gardneri,flowering_response,maximum time to no flowering: 73-84 months,6,,
Banksia gardneri,pollinator_type,"bees, wasps, ants",88,5,
Banksia gardneri,pollinator_type,beetles,88,1,
Banksia gardneri,pollinator_type,mammals,88,1,
Banksia gardneri,pollinator_type,no pollinator observed,88,93,
Banksia gardneri,specific_pollinator,ant,3,,
Banksia gardneri,specific_pollinator,Honey-possum,1,,
Banksia gardneri,specific_pollinator,cockroach,1,,
Banksia gardneri,months_flowering_range,Jan-Nov,,,"from monthly chart - 'fully open' bars present in every month except Dec, ranging from ~10% to ~85%; no single Discussion sentence states a flowering season for the species as a whole (the two named varieties each have their own, narrower, season - see var. brevidentata)"
Banksia gardneri,months_flowering_peak,Nov,,,tallest 'fully open' bar (~85%); May is a secondary peak (~78%)
Banksia gardneri,months_fruiting_cones_present,uncertain - not confidently isolated from chart,,,LOW CONFIDENCE - flag for manual check
Banksia gardneri var. brevidentata,growth_form,shrub,29,100,
Banksia gardneri var. brevidentata,growth_response,ground resprout,8,50,
Banksia gardneri var. brevidentata,growth_response,"ground resprout and killed, new seedlings",8,12,
Banksia gardneri var. brevidentata,growth_response,unspecified,8,37,
Banksia gardneri var. brevidentata,flowering_response,occurred after fire,7,,
Banksia gardneri var. brevidentata,flowering_response,median time to flowering: 13-24 months,7,,
Banksia gardneri var. brevidentata,flowering_response,minimum time to flowering: <1 month,7,,
Banksia gardneri var. brevidentata,flowering_response,not occurred after fire,0,,
Banksia gardneri var. brevidentata,pollinator_type,"bees, wasps, ants",11,9,
Banksia gardneri var. brevidentata,pollinator_type,no pollinator observed,11,91,
Banksia gardneri var. brevidentata,months_flowering_range,"May-Jun, plus a minor record in Oct",,,"text: 'Flowering is from autumn to early winter'; chart shows 'fully open' at May (~85%), Jun (~35%) and a separate Oct bar (~65%) not mentioned in the text"
Banksia gardneri var. brevidentata,months_flowering_peak,May,,,"tallest 'fully open' bar in chart (~85%), though Jun carried the most total records (13 of 29)"
Banksia gardneri var. brevidentata,months_fruiting_cones_present,uncertain - not confidently isolated from chart,,,LOW CONFIDENCE - flag for manual check
Banksia gardneri var. gardneri,growth_form,shrub,180,99,
Banksia gardneri var. gardneri,growth_form,unspecified,180,1,
Banksia gardneri var. gardneri,growth_response,ground resprout,27,37,
Banksia gardneri var. gardneri,growth_response,unspecified,27,63,
Banksia gardneri var. gardneri,flowering_response,occurred after fire,21,,
Banksia gardneri var. gardneri,flowering_response,median time to flowering: 13-24 months,21,,
Banksia gardneri var. gardneri,flowering_response,minimum time to flowering: <1 month,21,,
Banksia gardneri var. gardneri,flowering_response,not occurred after fire,4,,
Banksia gardneri var. gardneri,flowering_response,median time to no flowering: 24-25 months,4,,
Banksia gardneri var. gardneri,flowering_response,maximum time to no flowering: 73-84 months,4,,
Banksia gardneri var. gardneri,pollinator_type,"bees, wasps, ants",55,5,
Banksia gardneri var. gardneri,pollinator_type,no pollinator observed,55,95,
Banksia gardneri var. gardneri,specific_pollinator,ant,3,,
Banksia gardneri var. gardneri,months_flowering_range,Sep-Nov,,,text: 'The main flowering period is from September to November'
Banksia gardneri var. gardneri,months_flowering_peak,Oct,,,tallest 'fully open' bar in chart (~92%); Nov also high (~75%)
Banksia gardneri var. gardneri,months_fruiting_cones_present,uncertain - not confidently isolated from chart,,,LOW CONFIDENCE - flag for manual check
Banksia gardneri var. hiemalis,growth_form,shrub,81,98,
Banksia gardneri var. hiemalis,growth_form,unspecified,81,2,
Banksia gardneri var. hiemalis,growth_response,ground resprout,2,100,
Banksia gardneri var. hiemalis,flowering_response,occurred after fire,2,,
Banksia gardneri var. hiemalis,flowering_response,median time to flowering: 13-24 months,2,,
Banksia gardneri var. hiemalis,flowering_response,minimum time to flowering: 1-12 months,2,,
Banksia gardneri var. hiemalis,flowering_response,not occurred after fire,0,,
Banksia gardneri var. hiemalis,pollinator_type,mammals,6,17,
Banksia gardneri var. hiemalis,pollinator_type,no pollinator observed,6,83,
Banksia gardneri var. hiemalis,specific_pollinator,Honey-possum,1,,
Banksia gardneri var. hiemalis,specific_pollinator,cockroach,1,,
Banksia gardneri var. hiemalis,months_flowering_range,Jun-Oct,,,"text: 'George (1981) stated that June-August is the flowering period of var. hiemalis... Atlas contributors [data] suggest a peak flowering time in July but with some plants flowering as late as October, whilst in November, 6 out of 11 recordings were stated to be in bud'"
Banksia gardneri var. hiemalis,months_flowering_peak,Jul,,,text: Atlas data 'suggest a peak flowering time in July'
Banksia gardneri var. hiemalis,months_fruiting_cones_present,uncertain - not confidently isolated from chart,,,LOW CONFIDENCE - flag for manual check
Banksia goodii,growth_form,shrub,17,94,
Banksia goodii,growth_form,unspecified,17,6,
Banksia goodii,growth_response,ground resprout,5,40,
Banksia goodii,growth_response,"killed, new seedlings",5,20,
Banksia goodii,growth_response,unspecified,5,40,
Banksia goodii,flowering_response,occurred after fire,3,,
Banksia goodii,flowering_response,median time to flowering: 13-24 months,3,,
Banksia goodii,flowering_response,minimum time to flowering: 1-12 months,3,,
Banksia goodii,flowering_response,not occurred after fire,1,,
Banksia goodii,flowering_response,maximum time to no flowering: 13-24 months,1,,
Banksia goodii,pollinator_type,no pollinator observed,3,100,
Banksia goodii,months_flowering_range,Sep-Nov,,,"text: 'The flowering season is short being mainly in November though plants were reported ""in bud"" as early as September'"
Banksia goodii,months_flowering_peak,Nov,,,text states flowering is 'mainly in November'
Banksia goodii,months_fruiting_cones_present,uncertain - not confidently isolated from chart,,,LOW CONFIDENCE - flag for manual check
Banksia grandis,growth_form,tree,1952,90,
Banksia grandis,growth_form,shrub,1952,9,
Banksia grandis,growth_form,unspecified,1952,1,
Banksia grandis,growth_response,ground resprout,385,9,
Banksia grandis,growth_response,"ground resprout and killed, new seedlings",385,2,
Banksia grandis,growth_response,ground resprout and trunk resprout,385,16,
Banksia grandis,growth_response,"killed, new seedlings",385,5,
Banksia grandis,growth_response,"killed, new seedlings and trunk resprout",385,2,
Banksia grandis,growth_response,trunk resprout,385,25,
Banksia grandis,growth_response,"killed, no seedlings and trunk resprout",385,1,
Banksia grandis,growth_response,"killed, no seedlings and killed, new seedlings",385,1,
Banksia grandis,growth_response,unspecified,385,40,
Banksia grandis,flowering_response,occurred after fire,197,,
Banksia grandis,flowering_response,median time to flowering: 1-12 months,197,,
Banksia grandis,flowering_response,minimum time to flowering: <1 month,197,,
Banksia grandis,flowering_response,not occurred after fire,76,,
Banksia grandis,flowering_response,median time to no flowering: 13-24 months,76,,
Banksia grandis,flowering_response,maximum time to no flowering: 61-72 months,76,,
Banksia grandis,pollinator_type,bird,914,6,
Banksia grandis,pollinator_type,"butterflies, moths",914,0.4,
Banksia grandis,pollinator_type,"bees, wasps, ants",914,7,
Banksia grandis,pollinator_type,flies,914,1,
Banksia grandis,pollinator_type,beetles,914,0.3,
Banksia grandis,pollinator_type,no pollinator observed,914,85,
Banksia grandis,specific_pollinator,honeyeater (unspecified),7,,
Banksia grandis,specific_pollinator,New Holland Honeyeater,13,,
Banksia grandis,specific_pollinator,Spiny-cheeked Honeyeater,1,,
Banksia grandis,specific_pollinator,wattlebird (unspecified),1,,
Banksia grandis,specific_pollinator,Red Wattlebird,13,,
Banksia grandis,specific_pollinator,Western Spinebill,6,,
Banksia grandis,specific_pollinator,Red-capped Parrot,2,,
Banksia grandis,specific_pollinator,Port Lincoln Parrot,4,,
Banksia grandis,specific_pollinator,Purple-crowned Lorikeet,3,,
Banksia grandis,specific_pollinator,Rufous Treecreeper,1,,
Banksia grandis,specific_pollinator,ant,19,,
Banksia grandis,specific_pollinator,bee (unspecified),43,,
Banksia grandis,specific_pollinator,native bee,3,,
Banksia grandis,specific_pollinator,European honey bee,6,,
Banksia grandis,specific_pollinator,blowfly,1,,
Banksia grandis,months_flowering_range,Aug-Jan,,,text: 'B. grandis flowers and produces new shoot growth from August to January'; chart shows low-level 'fully open' bars (~10-20%) present nearly year-round with a clear rise from Oct
Banksia grandis,months_flowering_peak,Nov-Dec,,,"tallest 'fully open' bars in chart (Nov ~65%, Dec ~60%)"
Banksia grandis,months_fruiting_cones_present,uncertain - not confidently isolated from chart,,,LOW CONFIDENCE - flag for manual check
Banksia grossa,growth_form,shrub,53,98,
Banksia grossa,growth_form,unspecified,53,2,
Banksia grossa,growth_response,no fire-response records,0,,
Banksia grossa,pollinator_type,no pollinator observed,14,100,
Banksia grossa,months_flowering_range,"Mar-May, plus a secondary record in Dec",,,text: 'Flowering is mainly in autumn ... though some flowers were recorded as early as December'
Banksia grossa,months_flowering_peak,Mar-Apr,,,"chart shows Mar and Apr both ~65% 'fully open', the tallest bars"
Banksia grossa,months_fruiting_cones_present,none evident in chart,,,text notes George (1981) recorded the species as lignotuberous; no fire-response records exist
Banksia hookeriana,growth_form,tree,36,3,
Banksia hookeriana,growth_form,shrub,36,94,
Banksia hookeriana,growth_form,unspecified,36,3,
Banksia hookeriana,growth_response,ground resprout,15,13,
Banksia hookeriana,growth_response,"ground resprout and killed, new seedlings",15,13,
Banksia hookeriana,growth_response,"killed, new seedlings",15,33,
Banksia hookeriana,growth_response,"killed, no seedlings",15,7,
Banksia hookeriana,growth_response,unspecified,15,33,
Banksia hookeriana,flowering_response,occurred after fire,9,,
Banksia hookeriana,flowering_response,median time to flowering: 13-24 months,9,,
Banksia hookeriana,flowering_response,minimum time to flowering: 1-12 months,9,,
Banksia hookeriana,flowering_response,not occurred after fire,4,,
Banksia hookeriana,flowering_response,median time to no flowering: 13-24 months,4,,
Banksia hookeriana,flowering_response,maximum time to no flowering: 13-24 months,4,,
Banksia hookeriana,pollinator_type,bird,12,33,
Banksia hookeriana,pollinator_type,"bees, wasps, ants",12,25,
Banksia hookeriana,pollinator_type,no pollinator observed,12,42,
Banksia hookeriana,specific_pollinator,New Holland Honeyeater,3,,
Banksia hookeriana,specific_pollinator,Brown Honeyeater,1,,
Banksia hookeriana,specific_pollinator,ant,2,,
Banksia hookeriana,specific_pollinator,bee (unspecified),1,,
Banksia hookeriana,months_flowering_range,May-Oct,,,"text: 'Flowering is from late autumn to spring'; chart shows 'fully open' bars at May, Jun, Jul, Aug and Oct (thin sample per month, several at 100% from a single record)"
Banksia hookeriana,months_flowering_peak,Jul-Aug,,,chart shows Jul and Aug both at ~100% 'fully open'; Oct also 100% but on a very small sample
Banksia hookeriana,months_fruiting_cones_present,uncertain - not confidently isolated from chart,,,LOW CONFIDENCE - flag for manual check
Banksia ilicifolia,growth_form,tree,557,96,
Banksia ilicifolia,growth_form,shrub,557,3,
Banksia ilicifolia,growth_form,unspecified,557,1,
Banksia ilicifolia,growth_response,ground resprout,99,4,
Banksia ilicifolia,growth_response,"ground resprout and killed, new seedlings",99,2,
Banksia ilicifolia,growth_response,ground resprout and trunk resprout,99,15,
Banksia ilicifolia,growth_response,"killed, new seedlings",99,4,
Banksia ilicifolia,growth_response,trunk resprout,99,31,
Banksia ilicifolia,growth_response,"killed, no seedlings and trunk resprout",99,1,
Banksia ilicifolia,growth_response,unspecified,99,42,
Banksia ilicifolia,flowering_response,occurred after fire,65,,
Banksia ilicifolia,flowering_response,median time to flowering: 13-24 months,65,,
Banksia ilicifolia,flowering_response,minimum time to flowering: <1 month,65,,
Banksia ilicifolia,flowering_response,not occurred after fire,18,,
Banksia ilicifolia,flowering_response,median time to no flowering: 13-24 months,18,,
Banksia ilicifolia,flowering_response,maximum time to no flowering: 37-48 months,18,,
Banksia ilicifolia,pollinator_type,bird,255,16,
Banksia ilicifolia,pollinator_type,"bees, wasps, ants",255,10,
Banksia ilicifolia,pollinator_type,flies,255,1,
Banksia ilicifolia,pollinator_type,beetles,255,2,
Banksia ilicifolia,pollinator_type,no pollinator observed,255,71,
Banksia ilicifolia,specific_pollinator,honeyeater (unspecified),6,,
Banksia ilicifolia,specific_pollinator,New Holland Honeyeater,20,,
Banksia ilicifolia,specific_pollinator,Brown Honeyeater,5,,
Banksia ilicifolia,specific_pollinator,White-cheeked Honeyeater,1,,
Banksia ilicifolia,specific_pollinator,Singing Honeyeater,2,,
Banksia ilicifolia,specific_pollinator,Silvereye,1,,
Banksia ilicifolia,specific_pollinator,Red Wattlebird,1,,
Banksia ilicifolia,specific_pollinator,Western Spinebill,8,,
Banksia ilicifolia,specific_pollinator,Port Lincoln Parrot,4,,
Banksia ilicifolia,specific_pollinator,ant,4,,
Banksia ilicifolia,specific_pollinator,bee (unspecified),16,,
Banksia ilicifolia,specific_pollinator,native bee,1,,
Banksia ilicifolia,specific_pollinator,European honey bee,2,,
Banksia ilicifolia,months_flowering_range,year-round (intermittent),,,"text: 'B. ilicifolia flowers intermittently in most months of the year with an apparent peak in July, August and September'"
Banksia ilicifolia,months_flowering_peak,Jul-Sep,,,text-stated peak
Banksia ilicifolia,months_fruiting_cones_present,uncertain - not confidently isolated from chart,,,LOW CONFIDENCE - flag for manual check
Banksia incana,growth_form,shrub,38,100,
Banksia incana,growth_response,no fire-response records,0,,
Banksia incana,pollinator_type,no pollinator observed,12,100,
Banksia incana,months_flowering_range,"Dec-Jan, plus a minor record in Mar",,,"text: 'Atlas records suggest a flowering season in summer. According to A.S. George (1981) the season may extend into autumn.' Chart shows 'fully open' concentrated at Jan (~100%) and Dec (~65%), with a small Mar record (~10%)"
Banksia incana,months_flowering_peak,Jan,,,tallest 'fully open' bar in chart (~100%)
Banksia incana,months_fruiting_cones_present,none evident in chart,,,no fire-response records; text notes George (1981) reported the species resprouts from its lignotuber when burnt
Banksia integrifolia,growth_form,tree,1736,75,
Banksia integrifolia,growth_form,shrub,1736,22,
Banksia integrifolia,growth_form,unspecified,1736,3,
Banksia integrifolia,growth_response,ground resprout,122,13,
Banksia integrifolia,growth_response,"ground resprout and killed, new seedlings",122,2,
Banksia integrifolia,growth_response,ground resprout and trunk resprout,122,7,
Banksia integrifolia,growth_response,"killed, new seedlings",122,7,
Banksia integrifolia,growth_response,"killed, new seedlings and trunk resprout",122,1,
Banksia integrifolia,growth_response,trunk resprout,122,17,
Banksia integrifolia,growth_response,trunk resprout and sucker resprout,122,1,
Banksia integrifolia,growth_response,"killed, no seedlings",122,2,
Banksia integrifolia,growth_response,"killed, no seedlings and ground resprout",122,1,
Banksia integrifolia,growth_response,unspecified,122,50,
Banksia integrifolia,flowering_response,occurred after fire,70,,
Banksia integrifolia,flowering_response,median time to flowering: 13-24 months,70,,
Banksia integrifolia,flowering_response,minimum time to flowering: <1 month,70,,
Banksia integrifolia,flowering_response,not occurred after fire,20,,
Banksia integrifolia,flowering_response,median time to no flowering: 1-12 months,20,,
Banksia integrifolia,flowering_response,maximum time to no flowering: 85-96 months,20,,
Banksia integrifolia,pollinator_type,bird,920,19,
Banksia integrifolia,pollinator_type,"butterflies, moths",920,1,
Banksia integrifolia,pollinator_type,"bees, wasps, ants",920,5,
Banksia integrifolia,pollinator_type,beetles,920,0.3,
Banksia integrifolia,pollinator_type,mammals,920,0.3,
Banksia integrifolia,pollinator_type,no pollinator observed,920,75,
Banksia integrifolia,specific_pollinator,honeyeater (unspecified),26,,
Banksia integrifolia,specific_pollinator,New Holland Honeyeater,25,,
Banksia integrifolia,specific_pollinator,White-eared Honeyeater,5,,
Banksia integrifolia,specific_pollinator,White-naped Honeyeater,1,,
Banksia integrifolia,specific_pollinator,Brown Honeyeater,13,,
Banksia integrifolia,specific_pollinator,White-cheeked Honeyeater,6,,
Banksia integrifolia,specific_pollinator,Singing Honeyeater,1,,
Banksia integrifolia,specific_pollinator,Tawny-crowned Honeyeater,1,,
Banksia integrifolia,specific_pollinator,White-plumed Honeyeater,3,,
Banksia integrifolia,specific_pollinator,Yellow-faced Honeyeater,4,,
Banksia integrifolia,specific_pollinator,White-throated Honeyeater,2,,
Banksia integrifolia,specific_pollinator,Blue-faced Honeyeater,2,,
Banksia integrifolia,specific_pollinator,Dusky Honeyeater,1,,
Banksia integrifolia,specific_pollinator,Bridled Honeyeater,1,,
Banksia integrifolia,specific_pollinator,Scarlet Honeyeater,1,,
Banksia integrifolia,specific_pollinator,Fuscous Honeyeater,1,,
Banksia integrifolia,specific_pollinator,Noisy Miner,9,,
Banksia integrifolia,specific_pollinator,Silvereye,7,,
Banksia integrifolia,specific_pollinator,wattlebird (unspecified),14,,
Banksia integrifolia,specific_pollinator,Red Wattlebird,21,,
Banksia integrifolia,specific_pollinator,Little Wattlebird,26,,
Banksia integrifolia,specific_pollinator,Eastern Spinebill,16,,
Banksia integrifolia,specific_pollinator,friarbird (unspecified),7,,
Banksia integrifolia,specific_pollinator,Noisy Friarbird,6,,
Banksia integrifolia,specific_pollinator,Little Friarbird,3,,
Banksia integrifolia,specific_pollinator,rosella (unspecified),2,,
Banksia integrifolia,specific_pollinator,lorikeet (unspecified),2,,
Banksia integrifolia,specific_pollinator,Rainbow Lorikeet,14,,
Banksia integrifolia,specific_pollinator,Black-faced Cuckoo-shrike,1,,
Banksia integrifolia,specific_pollinator,weavers and allies (unspecified),1,,
Banksia integrifolia,specific_pollinator,Striated Pardalote,1,,
Banksia integrifolia,specific_pollinator,thornbill (unspecified),1,,
Banksia integrifolia,specific_pollinator,Brown Thornbill,1,,
Banksia integrifolia,specific_pollinator,ant,4,,
Banksia integrifolia,specific_pollinator,bee (unspecified),18,,
Banksia integrifolia,specific_pollinator,native bee,2,,
Banksia integrifolia,specific_pollinator,European honey bee,14,,
Banksia integrifolia,specific_pollinator,European wasp,1,,
Banksia integrifolia,specific_pollinator,spider,1,,
Banksia integrifolia,specific_pollinator,possum (unspecified),2,,
Banksia integrifolia,months_flowering_range,Mar-Sep,,,text: 'a predominantly autumn- and winter- flowering species though some flowers have been recorded in all months of the year'
Banksia integrifolia,months_flowering_peak,May,,,tallest 'fully open' bar in chart (~85%); Apr and Jun also high (~78%)
Banksia integrifolia,months_fruiting_cones_present,uncertain - not confidently isolated from chart,,,LOW CONFIDENCE - flag for manual check
Banksia integrifolia var. aquilonia,growth_form,tree,92,93,
Banksia integrifolia var. aquilonia,growth_form,shrub,92,7,
Banksia integrifolia var. aquilonia,growth_response,ground resprout,14,14,
Banksia integrifolia var. aquilonia,growth_response,trunk resprout,14,64,
Banksia integrifolia var. aquilonia,growth_response,unspecified,14,21,
Banksia integrifolia var. aquilonia,flowering_response,occurred after fire,10,,
Banksia integrifolia var. aquilonia,flowering_response,median time to flowering: 13-24 months,10,,
Banksia integrifolia var. aquilonia,flowering_response,minimum time to flowering: 1-12 months,10,,
Banksia integrifolia var. aquilonia,flowering_response,not occurred after fire,3,,
Banksia integrifolia var. aquilonia,flowering_response,median time to no flowering: 13-24 months,3,,
Banksia integrifolia var. aquilonia,pollinator_type,bird,23,9,
Banksia integrifolia var. aquilonia,pollinator_type,no pollinator observed,23,91,
Banksia integrifolia var. aquilonia,specific_pollinator,White-cheeked Honeyeater,1,,
Banksia integrifolia var. aquilonia,specific_pollinator,Bridled Honeyeater,1,,
Banksia integrifolia var. aquilonia,specific_pollinator,Eastern Spinebill,1,,
Banksia integrifolia var. aquilonia,specific_pollinator,Rainbow Lorikeet,1,,
Banksia integrifolia var. aquilonia,months_flowering_range,Mar-Jul,,,text: 'Flowering is from March to July'
Banksia integrifolia var. aquilonia,months_flowering_peak,Apr,,,tallest 'fully open' bar in chart (~70%)
Banksia integrifolia var. aquilonia,months_fruiting_cones_present,uncertain - not confidently isolated from chart,,,LOW CONFIDENCE - flag for manual check
Banksia integrifolia var. compar,growth_form,tree,437,91,
Banksia integrifolia var. compar,growth_form,shrub,437,9,
Banksia integrifolia var. compar,growth_response,ground resprout,34,15,
Banksia integrifolia var. compar,growth_response,"ground resprout and killed, new seedlings",34,3,
Banksia integrifolia var. compar,growth_response,"killed, new seedlings",34,6,
Banksia integrifolia var. compar,growth_response,trunk resprout,34,21,
Banksia integrifolia var. compar,growth_response,unspecified,34,56,
Banksia integrifolia var. compar,flowering_response,occurred after fire,22,,
Banksia integrifolia var. compar,flowering_response,median time to flowering: 12-13 months,22,,
Banksia integrifolia var. compar,flowering_response,minimum time to flowering: <1 month,22,,
Banksia integrifolia var. compar,flowering_response,not occurred after fire,4,,
Banksia integrifolia var. compar,flowering_response,median time to no flowering: 1-12 months,4,,
Banksia integrifolia var. compar,flowering_response,maximum time to no flowering: 13-24 months,4,,
Banksia integrifolia var. compar,pollinator_type,bird,187,28,
Banksia integrifolia var. compar,pollinator_type,"butterflies, moths",187,3,
Banksia integrifolia var. compar,pollinator_type,"bees, wasps, ants",187,9,
Banksia integrifolia var. compar,pollinator_type,mammals,187,2,
Banksia integrifolia var. compar,pollinator_type,no pollinator observed,187,59,
Banksia integrifolia var. compar,specific_pollinator,honeyeater (unspecified),11,,
Banksia integrifolia var. compar,specific_pollinator,New Holland Honeyeater,1,,
Banksia integrifolia var. compar,specific_pollinator,Brown Honeyeater,4,,
Banksia integrifolia var. compar,specific_pollinator,Lewin's Honeyeater,2,,
Banksia integrifolia var. compar,specific_pollinator,Yellow-faced Honeyeater,1,,
Banksia integrifolia var. compar,specific_pollinator,Noisy Miner,6,,
Banksia integrifolia var. compar,specific_pollinator,Dusky Honeyeater,1,,
Banksia integrifolia var. compar,specific_pollinator,Spiny-cheeked Honeyeater,1,,
Banksia integrifolia var. compar,specific_pollinator,White-throated Honeyeater,1,,
Banksia integrifolia var. compar,specific_pollinator,Scarlet Honeyeater,1,,
Banksia integrifolia var. compar,specific_pollinator,Fuscous Honeyeater,1,,
Banksia integrifolia var. compar,specific_pollinator,Red Wattlebird,9,,
Banksia integrifolia var. compar,specific_pollinator,Eastern Spinebill,2,,
Banksia integrifolia var. compar,specific_pollinator,rosella (unspecified),2,,
Banksia integrifolia var. compar,specific_pollinator,friarbird (unspecified),1,,
Banksia integrifolia var. compar,specific_pollinator,Noisy Friarbird,3,,
Banksia integrifolia var. compar,specific_pollinator,Little Friarbird,3,,
Banksia integrifolia var. compar,specific_pollinator,lorikeets and allies (unspecified),1,,
Banksia integrifolia var. compar,specific_pollinator,Rainbow Lorikeet,5,,
Banksia integrifolia var. compar,specific_pollinator,weavers and allies (unspecified),1,,
Banksia integrifolia var. compar,specific_pollinator,Striated Pardalote,1,,
Banksia integrifolia var. compar,specific_pollinator,thornbill (unspecified),1,,
Banksia integrifolia var. compar,specific_pollinator,Brown Thornbill,1,,
Banksia integrifolia var. compar,specific_pollinator,ant,2,,
Banksia integrifolia var. compar,specific_pollinator,bee (unspecified),5,,
Banksia integrifolia var. compar,specific_pollinator,native bee,2,,
Banksia integrifolia var. compar,specific_pollinator,European honey bee,4,,
Banksia integrifolia var. compar,months_flowering_range,Feb-Sep,,,text: 'Flowering is from February to September'
Banksia integrifolia var. compar,months_flowering_peak,Apr-May,,,"chart shows Apr and May both ~90% 'fully open', the tallest bars"
Banksia integrifolia var. compar,months_fruiting_cones_present,uncertain - not confidently isolated from chart,,,LOW CONFIDENCE - flag for manual check
Banksia integrifolia var. integrifolia,growth_form,tree,1147,54,
Banksia integrifolia var. integrifolia,growth_form,shrub,1147,45,
Banksia integrifolia var. integrifolia,growth_form,unspecified,1147,1,
Banksia integrifolia var. integrifolia,growth_response,ground resprout,69,10,
Banksia integrifolia var. integrifolia,growth_response,"ground resprout and killed, new seedlings",69,1,
Banksia integrifolia var. integrifolia,growth_response,ground resprout and trunk resprout,69,12,
Banksia integrifolia var. integrifolia,growth_response,"killed, new seedlings",69,10,
Banksia integrifolia var. integrifolia,growth_response,"killed, new seedlings and trunk resprout",69,1,
Banksia integrifolia var. integrifolia,growth_response,trunk resprout,69,7,
Banksia integrifolia var. integrifolia,growth_response,trunk resprout and sucker resprout,69,1,
Banksia integrifolia var. integrifolia,growth_response,"killed, no seedlings",69,4,
Banksia integrifolia var. integrifolia,growth_response,"killed, no seedlings and ground resprout",69,1,
Banksia integrifolia var. integrifolia,growth_response,unspecified,69,51,
Banksia integrifolia var. integrifolia,flowering_response,occurred after fire,38,,
Banksia integrifolia var. integrifolia,flowering_response,median time to flowering: 13-24 months,38,,
Banksia integrifolia var. integrifolia,flowering_response,minimum time to flowering: <1 month,38,,
Banksia integrifolia var. integrifolia,flowering_response,not occurred after fire,11,,
Banksia integrifolia var. integrifolia,flowering_response,median time to no flowering: 1-12 months,11,,
Banksia integrifolia var. integrifolia,flowering_response,maximum time to no flowering: 85-96 months,11,,
Banksia integrifolia var. integrifolia,pollinator_type,bird,671,17,
Banksia integrifolia var. integrifolia,pollinator_type,"butterflies, moths",671,0.4,
Banksia integrifolia var. integrifolia,pollinator_type,"bees, wasps, ants",671,3,
Banksia integrifolia var. integrifolia,pollinator_type,beetles,671,0.4,
Banksia integrifolia var. integrifolia,pollinator_type,no pollinator observed,671,79,
Banksia integrifolia var. integrifolia,specific_pollinator,honeyeater (unspecified),13,,
Banksia integrifolia var. integrifolia,specific_pollinator,New Holland Honeyeater,21,,
Banksia integrifolia var. integrifolia,specific_pollinator,Brown Honeyeater,9,,
Banksia integrifolia var. integrifolia,specific_pollinator,White-cheeked Honeyeater,5,,
Banksia integrifolia var. integrifolia,specific_pollinator,Singing Honeyeater,1,,
Banksia integrifolia var. integrifolia,specific_pollinator,White-eared Honeyeater,4,,
Banksia integrifolia var. integrifolia,specific_pollinator,Tawny-crowned Honeyeater,2,,
Banksia integrifolia var. integrifolia,specific_pollinator,White-naped Honeyeater,1,,
Banksia integrifolia var. integrifolia,specific_pollinator,Yellow-faced Honeyeater,3,,
Banksia integrifolia var. integrifolia,specific_pollinator,Noisy Miner,3,,
Banksia integrifolia var. integrifolia,specific_pollinator,Spiny-cheeked Honeyeater,1,,
Banksia integrifolia var. integrifolia,specific_pollinator,Silvereye,7,,
Banksia integrifolia var. integrifolia,specific_pollinator,wattlebird (unspecified),14,,
Banksia integrifolia var. integrifolia,specific_pollinator,Red Wattlebird,18,,
Banksia integrifolia var. integrifolia,specific_pollinator,Little Wattlebird,26,,
Banksia integrifolia var. integrifolia,specific_pollinator,Eastern Spinebill,5,,
Banksia integrifolia var. integrifolia,specific_pollinator,friarbird (unspecified),5,,
Banksia integrifolia var. integrifolia,specific_pollinator,Noisy Friarbird,3,,
Banksia integrifolia var. integrifolia,specific_pollinator,lorikeets and allies (unspecified),1,,
Banksia integrifolia var. integrifolia,specific_pollinator,Rainbow Lorikeet,8,,
Banksia integrifolia var. integrifolia,specific_pollinator,Black-faced Cuckoo-shrike,1,,
Banksia integrifolia var. integrifolia,specific_pollinator,ant,1,,
Banksia integrifolia var. integrifolia,specific_pollinator,bee (unspecified),7,,
Banksia integrifolia var. integrifolia,specific_pollinator,European honey bee,9,,
Banksia integrifolia var. integrifolia,specific_pollinator,European wasp,1,,
Banksia integrifolia var. integrifolia,specific_pollinator,spider,1,,
Banksia integrifolia var. integrifolia,months_flowering_range,"Mar-Sep, plus a few flowers in Nov-Dec",,,text: 'flowers from March to September with a few flowers recorded in November and December'
Banksia integrifolia var. integrifolia,months_flowering_peak,Jul,,,"text and chart agree, tallest 'fully open' bar (~100%)"
Banksia integrifolia var. integrifolia,months_fruiting_cones_present,uncertain - not confidently isolated from chart,,,LOW CONFIDENCE - flag for manual check
Banksia laevigata,growth_form,shrub,59,96,
Banksia laevigata,growth_form,tree,59,2,
Banksia laevigata,growth_form,unspecified,59,2,
Banksia laevigata,growth_response,"killed, new seedlings",8,50,
Banksia laevigata,growth_response,"killed, no seedlings and killed, new seedlings",8,12,
Banksia laevigata,growth_response,unspecified,8,37,
Banksia laevigata,flowering_response,occurred after fire,2,,
Banksia laevigata,flowering_response,median time to flowering: 36-37 months,2,,
Banksia laevigata,flowering_response,minimum time to flowering: 13-24 months,2,,
Banksia laevigata,flowering_response,not occurred after fire,4,,
Banksia laevigata,flowering_response,median time to no flowering: 12-13 months,4,,
Banksia laevigata,flowering_response,maximum time to no flowering: 25-36 months,4,,
Banksia laevigata,pollinator_type,"bees, wasps, ants",9,11,
Banksia laevigata,pollinator_type,no pollinator observed,9,89,
Banksia laevigata,months_flowering_range,Nov-Dec,,,"no single Discussion sentence for the species as a whole (see the two subspecies accounts); chart shows 'fully open' only at Nov (~10%) and Dec (~85%), all other months in bud"
Banksia laevigata,months_flowering_peak,Dec,,,tallest 'fully open' bar in chart (~85%)
Banksia laevigata,months_fruiting_cones_present,uncertain - not confidently isolated from chart,,,LOW CONFIDENCE - flag for manual check
Banksia laevigata subsp. fuscolutea,growth_form,shrub,41,95,
Banksia laevigata subsp. fuscolutea,growth_form,unspecified,41,5,
Banksia laevigata subsp. fuscolutea,growth_response,"killed, new seedlings",8,50,
Banksia laevigata subsp. fuscolutea,growth_response,"killed, no seedlings and killed, new seedlings",8,12,
Banksia laevigata subsp. fuscolutea,growth_response,unspecified,8,37,
Banksia laevigata subsp. fuscolutea,flowering_response,occurred after fire,2,,
Banksia laevigata subsp. fuscolutea,flowering_response,median time to flowering: 25-36 months,2,,
Banksia laevigata subsp. fuscolutea,flowering_response,minimum time to flowering: 13-24 months,2,,
Banksia laevigata subsp. fuscolutea,flowering_response,not occurred after fire,4,,
Banksia laevigata subsp. fuscolutea,flowering_response,median time to no flowering: 12-13 months,4,,
Banksia laevigata subsp. fuscolutea,flowering_response,maximum time to no flowering: 25-36 months,4,,
Banksia laevigata subsp. fuscolutea,pollinator_type,no pollinator observed,5,100,
Banksia laevigata subsp. fuscolutea,months_flowering_range,Nov-Dec,,,"text: 'George (1981) described the flowering period as December to January. However, there were no Atlas records from January and only two from December so the flowering period may last longer than was recorded'; chart confirms 'fully open' at Nov (~20%) and Dec (~55%) only"
Banksia laevigata subsp. fuscolutea,months_flowering_peak,Dec,,,tallest 'fully open' bar in chart (~55%)
Banksia laevigata subsp. fuscolutea,months_fruiting_cones_present,uncertain - not confidently isolated from chart,,,LOW CONFIDENCE - flag for manual check
Banksia laevigata subsp. laevigata,growth_form,shrub,14,93,
Banksia laevigata subsp. laevigata,growth_form,tree,14,7,
Banksia laevigata subsp. laevigata,growth_response,no fire-response records,0,,
Banksia laevigata subsp. laevigata,pollinator_type,"bees, wasps, ants",3,33,
Banksia laevigata subsp. laevigata,pollinator_type,no pollinator observed,3,67,
Banksia laevigata subsp. laevigata,months_flowering_range,Sep-Jan,,,"text: 'George (1981) described the flowering period of B. laevigata subsp. laevigata as November to January. Atlas records show it to be largely in bud in September/October and flowering in November. There are no records in December and a single record in January is of ""flowers mainly finished still with some colour""'"
Banksia laevigata subsp. laevigata,months_flowering_peak,Nov,,,text-stated peak; only month with 'fully open' records
Banksia laevigata subsp. laevigata,months_fruiting_cones_present,not indicated in chart,,,very small sample (14 records total)
Banksia lanata,growth_form,shrub,17,94,
Banksia lanata,growth_form,unspecified,17,6,
Banksia lanata,growth_response,no fire-response records,0,,
Banksia lanata,pollinator_type,no pollinator observed,4,100,
Banksia lanata,months_flowering_range,Oct,,,"DISCREPANCY FLAGGED: text states 'George (1981) described the flowering period as late October to January. However, there are no [Atlas] records from summer months' - the monthly chart shows a 'fully open' bar ONLY in October (~35%); all other months show 'majority in bud' or no data, including Nov-Jan"
Banksia lanata,months_flowering_peak,Oct,,,only month with a 'fully open' record in the chart
Banksia lanata,months_fruiting_cones_present,not known,,,no fire-response records; text notes George (1981) stated the species is non-lignotuberous
Banksia laricina,growth_form,shrub,23,100,
Banksia laricina,growth_response,no fire-response records,0,,
Banksia laricina,pollinator_type,"bees, wasps, ants",4,25,
Banksia laricina,pollinator_type,no pollinator observed,4,75,
Banksia laricina,specific_pollinator,ant,1,,
Banksia laricina,specific_pollinator,bee (unspecified),1,,
Banksia laricina,months_flowering_range,Apr-Aug,,,text: 'Flowering is from April to August'
Banksia laricina,months_flowering_peak,Jul,,,tallest 'fully open' bar in chart (~100%)
Banksia laricina,months_fruiting_cones_present,not known,,,no fire-response records
Banksia lemanniana,growth_form,shrub,69,88,
Banksia lemanniana,growth_form,tree,69,7,
Banksia lemanniana,growth_form,unspecified,69,4,
Banksia lemanniana,growth_response,"killed, new seedlings",4,50,
Banksia lemanniana,growth_response,unspecified,4,50,
Banksia lemanniana,flowering_response,occurred after fire,3,,
Banksia lemanniana,flowering_response,median time to flowering: 13-24 months,3,,
Banksia lemanniana,flowering_response,minimum time to flowering: 13-24 months,3,,
Banksia lemanniana,flowering_response,not occurred after fire,0,,
Banksia lemanniana,pollinator_type,bird,19,16,
Banksia lemanniana,pollinator_type,"bees, wasps, ants",19,16,
Banksia lemanniana,pollinator_type,no pollinator observed,19,68,
Banksia lemanniana,specific_pollinator,New Holland Honeyeater,1,,
Banksia lemanniana,specific_pollinator,Red Wattlebird,1,,
Banksia lemanniana,specific_pollinator,ant,2,,
Banksia lemanniana,specific_pollinator,native bee,1,,
Banksia lemanniana,specific_pollinator,European honey bee,1,,
Banksia lemanniana,months_flowering_range,Nov-Feb,,,"text: 'It flowers in summer, when the New Holland Honeyeater and Red Wattlebird were observed on the inflorescences'; chart confirms 'fully open' at Jan (~95%), Feb (~90%), Nov (~20%) and Dec (~100%)"
Banksia lemanniana,months_flowering_peak,Dec,,,tallest 'fully open' bar in chart (~100%); Jan also very high (~95%)
Banksia lemanniana,months_fruiting_cones_present,uncertain - not confidently isolated from chart,,,LOW CONFIDENCE - flag for manual check
Banksia leptophylla,growth_form,shrub,104,99,
Banksia leptophylla,growth_form,unspecified,104,1,
Banksia leptophylla,growth_response,"killed, new seedlings",13,38,
Banksia leptophylla,growth_response,"killed, no seedlings",13,15,
Banksia leptophylla,growth_response,unspecified,13,46,
Banksia leptophylla,flowering_response,occurred after fire,6,,
Banksia leptophylla,flowering_response,median time to flowering: 13-24 months,6,,
Banksia leptophylla,flowering_response,minimum time to flowering: <1 month,6,,
Banksia leptophylla,flowering_response,not occurred after fire,5,,
Banksia leptophylla,flowering_response,median time to no flowering: 13-24 months,5,,
Banksia leptophylla,flowering_response,maximum time to no flowering: 37-48 months,5,,
Banksia leptophylla,pollinator_type,"bees, wasps, ants",19,11,
Banksia leptophylla,pollinator_type,no pollinator observed,19,89,
Banksia leptophylla,specific_pollinator,ant,1,,
Banksia leptophylla,months_flowering_range,"Apr-Jul, plus Nov-Dec",,,"text: 'Flowering occurs in two distinct peaks, one in November-December, the other from April to July.' Text also distinguishes var. leptophylla (large flowers, eastern) and var. melletica (small flowers, western) within this species account, but neither is given a separate numeric data page in this atlas"
Banksia leptophylla,months_flowering_peak,Jun-Jul,,,"chart shows Jun and Jul both at 100% 'fully open', the tallest bars; Nov is a secondary peak (~65%)"
Banksia leptophylla,months_fruiting_cones_present,uncertain - not confidently isolated from chart,,,LOW CONFIDENCE - flag for manual check
Banksia lindleyana,growth_form,shrub,28,100,
Banksia lindleyana,growth_response,ground resprout,4,75,
Banksia lindleyana,growth_response,unspecified,4,25,
Banksia lindleyana,flowering_response,occurred after fire,2,,
Banksia lindleyana,flowering_response,median time to flowering: 37-48 months,2,,
Banksia lindleyana,flowering_response,minimum time to flowering: 37-48 months,2,,
Banksia lindleyana,flowering_response,not occurred after fire,0,,
Banksia lindleyana,pollinator_type,"bees, wasps, ants",2,50,
Banksia lindleyana,pollinator_type,no pollinator observed,2,50,
Banksia lindleyana,specific_pollinator,ant,1,,
Banksia lindleyana,months_flowering_range,Apr,,,"DISCREPANCY FLAGGED: text states 'Flowering was sparsely recorded by Atlas contributors, though George (1981) stated that it is from January to March' - but the monthly chart's ONLY 'fully open' bar is in April (~55%); Feb, Aug and Sep show 'majority in bud' only, with zero 'fully open' months matching George's Jan-Mar claim"
Banksia lindleyana,months_flowering_peak,Apr,,,only month with a 'fully open' record in the chart
Banksia lindleyana,months_fruiting_cones_present,uncertain - not confidently isolated from chart,,,LOW CONFIDENCE - flag for manual check
Banksia littoralis,growth_form,tree,726,92,
Banksia littoralis,growth_form,shrub,726,7,
Banksia littoralis,growth_response,ground resprout,125,5,
Banksia littoralis,growth_response,ground resprout and trunk resprout,125,10,
Banksia littoralis,growth_response,"killed, new seedlings",125,2,
Banksia littoralis,growth_response,"killed, new seedlings and trunk resprout",125,1,
Banksia littoralis,growth_response,trunk resprout,125,30,
Banksia littoralis,growth_response,unspecified,125,52,
Banksia littoralis,flowering_response,occurred after fire,70,,
Banksia littoralis,flowering_response,median time to flowering: 13-24 months,70,,
Banksia littoralis,flowering_response,minimum time to flowering: <1 month,70,,
Banksia littoralis,flowering_response,not occurred after fire,23,,
Banksia littoralis,flowering_response,median time to no flowering: 1-12 months,23,,
Banksia littoralis,flowering_response,maximum time to no flowering: 61-72 months,23,,
Banksia littoralis,pollinator_type,bird,382,10,
Banksia littoralis,pollinator_type,"bees, wasps, ants",382,7,
Banksia littoralis,pollinator_type,beetle,382,1,
Banksia littoralis,pollinator_type,mammal,382,1,
Banksia littoralis,pollinator_type,no pollinator observed,382,82,
Banksia littoralis,specific_pollinator,honeyeater (unspecified),6,,
Banksia littoralis,specific_pollinator,New Holland Honeyeater,16,,
Banksia littoralis,specific_pollinator,Brown Honeyeater,1,,
Banksia littoralis,specific_pollinator,Silvereye,2,,
Banksia littoralis,specific_pollinator,wattlebird (unspecified),1,,
Banksia littoralis,specific_pollinator,Red Wattlebird,5,,
Banksia littoralis,specific_pollinator,Little Wattlebird,4,,
Banksia littoralis,specific_pollinator,Red-tailed Black-Cockatoo,1,,
Banksia littoralis,specific_pollinator,ant,13,,
Banksia littoralis,specific_pollinator,bee (unspecified),14,,
Banksia littoralis,specific_pollinator,native bee,1,,
Banksia littoralis,specific_pollinator,European honey bee,4,,
Banksia littoralis,specific_pollinator,Honey-possum,1,,
Banksia littoralis,specific_pollinator,jewel beetle,1,,
Banksia littoralis,months_flowering_range,"Mar-Aug, plus minor records in Jan and Oct",,,text: 'the main flowering period is from March to August with some flowers also recorded as early as January and as late as October'
Banksia littoralis,months_flowering_peak,May,,,tallest 'fully open' bar in chart (~78%)
Banksia littoralis,months_fruiting_cones_present,uncertain - not confidently isolated from chart,,,LOW CONFIDENCE - flag for manual check
Banksia lullfitzii,growth_form,shrub,7,100,
Banksia lullfitzii,growth_response,ground resprout,1,100,
Banksia lullfitzii,flowering_response,occurred after fire,1,,
Banksia lullfitzii,flowering_response,minimum time to flowering: 25-36 months,1,,
Banksia lullfitzii,flowering_response,not occurred after fire,0,,
Banksia lullfitzii,pollinator_type,bird,1,100,
Banksia lullfitzii,specific_pollinator,Brown Honeyeater,1,,
Banksia lullfitzii,specific_pollinator,White-eared Honeyeater,1,,
Banksia lullfitzii,specific_pollinator,Tawny-crowned Honeyeater,1,,
Banksia lullfitzii,specific_pollinator,Red Wattlebird,1,,
Banksia lullfitzii,months_flowering_range,Apr-May,,,"text: 'Flowering is in autumn when birds were observed on the flower spikes'; chart confirms 'fully open' at 100% in both Apr and May, with only 7 total records (THIN SAMPLE)"
Banksia lullfitzii,months_flowering_peak,Apr-May (tied),,,THIN SAMPLE - both months at 100% 'fully open'
Banksia lullfitzii,months_fruiting_cones_present,not known,,,THIN SAMPLE (7 total records)
Banksia marginata,growth_form,tree,3775,39,
Banksia marginata,growth_form,shrub,3775,57,
Banksia marginata,growth_form,unspecified,3775,5,
Banksia marginata,growth_response,ground resprout,408,37,
Banksia marginata,growth_response,"ground resprout and killed, new seedlings",408,4,
Banksia marginata,growth_response,ground resprout and trunk resprout,408,4,
Banksia marginata,growth_response,"killed, new seedlings",408,19,
Banksia marginata,growth_response,trunk resprout,408,8,
Banksia marginata,growth_response,"killed, no seedlings",408,1,
Banksia marginata,growth_response,unspecified,408,26,
Banksia marginata,flowering_response,occurred after fire,167,,
Banksia marginata,flowering_response,median time to flowering: 13-24 months,167,,
Banksia marginata,flowering_response,minimum time to flowering: <1 month,167,,
Banksia marginata,flowering_response,not occurred after fire,159,,
Banksia marginata,flowering_response,median time to no flowering: 13-24 months,159,,
Banksia marginata,flowering_response,maximum time to no flowering: 85-96 months,159,,
Banksia marginata,pollinator_type,bird,2469,8,
Banksia marginata,pollinator_type,"butterflies, moths",2469,0.2,
Banksia marginata,pollinator_type,"bees, wasps, ants",2469,5,
Banksia marginata,pollinator_type,flies,2469,0.2,
Banksia marginata,pollinator_type,beetles,2469,0.1,
Banksia marginata,pollinator_type,mammals,2469,0.2,
Banksia marginata,pollinator_type,no pollinator observed,2469,86,
Banksia marginata,specific_pollinator,honeyeater (unspecified),42,,
Banksia marginata,specific_pollinator,New Holland Honeyeater,87,,
Banksia marginata,specific_pollinator,Singing Honeyeater,2,,
Banksia marginata,specific_pollinator,White-eared Honeyeater,2,,
Banksia marginata,specific_pollinator,Tawny-crowned Honeyeater,3,,
Banksia marginata,specific_pollinator,White-naped Honeyeater,3,,
Banksia marginata,specific_pollinator,Yellow-faced Honeyeater,3,,
Banksia marginata,specific_pollinator,Crescent Honeyeater,14,,
Banksia marginata,specific_pollinator,Noisy Miner,1,,
Banksia marginata,specific_pollinator,wattlebird (unspecified),5,,
Banksia marginata,specific_pollinator,Red Wattlebird,27,,
Banksia marginata,specific_pollinator,Little Wattlebird,7,,
Banksia marginata,specific_pollinator,Yellow Wattlebird,1,,
Banksia marginata,specific_pollinator,Eastern Spinebill,17,,
Banksia marginata,specific_pollinator,cockatoos and parrots (unspecified),1,,
Banksia marginata,specific_pollinator,Musk Lorikeet,1,,
Banksia marginata,specific_pollinator,thornbill (unspecified),2,,
Banksia marginata,specific_pollinator,ant,31,,
Banksia marginata,specific_pollinator,bee (unspecified),42,,
Banksia marginata,specific_pollinator,native bee,2,,
Banksia marginata,specific_pollinator,European honey bee,19,,
Banksia marginata,specific_pollinator,blowfly,3,,
Banksia marginata,specific_pollinator,brown butterfly,2,,
Banksia marginata,specific_pollinator,Sugar Glider,1,,
Banksia marginata,months_flowering_range,"year-round, main season Feb-Jun",,,"no single Discussion sentence gives a flowering season (the long discussion focuses on distribution, variation, and fire-response variability across this very widespread species); chart shows a 'fully open' bar of some size in every month"
Banksia marginata,months_flowering_peak,Mar-May,,,"chart shows Mar, Apr and May all at ~62% 'fully open', the tallest bars"
Banksia marginata,months_fruiting_cones_present,uncertain - not confidently isolated from chart,,,LOW CONFIDENCE - flag for manual check
Banksia media,growth_form,tree,336,13,
Banksia media,growth_form,shrub,336,87,
Banksia media,growth_response,ground resprout,26,12,
Banksia media,growth_response,"killed, new seedlings",26,42,
Banksia media,growth_response,"killed, no seedlings",26,4,
Banksia media,growth_response,"killed, no seedlings and killed, new seedlings",26,15,
Banksia media,growth_response,unspecified,26,27,
Banksia media,flowering_response,occurred after fire,9,,
Banksia media,flowering_response,median time to flowering: 37-48 months,9,,
Banksia media,flowering_response,minimum time to flowering: 1-12 months,9,,
Banksia media,flowering_response,not occurred after fire,10,,
Banksia media,flowering_response,median time to no flowering: 13-24 months,10,,
Banksia media,flowering_response,maximum time to no flowering: 25-36 months,10,,
Banksia media,pollinator_type,bird,112,9,
Banksia media,pollinator_type,"bees, wasps, ants",112,14,
Banksia media,pollinator_type,flies,112,4,
Banksia media,pollinator_type,beetles,112,1,
Banksia media,pollinator_type,no pollinator observed,112,71,
Banksia media,specific_pollinator,honeyeater (unspecified),4,,
Banksia media,specific_pollinator,New Holland Honeyeater,2,,
Banksia media,specific_pollinator,wattlebird (unspecified),1,,
Banksia media,specific_pollinator,Red Wattlebird,1,,
Banksia media,specific_pollinator,Western Spinebill,1,,
Banksia media,specific_pollinator,thornbill (unspecified),1,,
Banksia media,specific_pollinator,ant,12,,
Banksia media,specific_pollinator,meat ant,1,,
Banksia media,specific_pollinator,bee (unspecified),3,,
Banksia media,specific_pollinator,European honey bee,2,,
Banksia media,months_flowering_range,"Mar-Jul, plus minor records in Feb and Oct",,,text: 'The main flowering period is from March to July with some flowers recorded in February and some as late as October'
Banksia media,months_flowering_peak,Apr,,,tallest 'fully open' bar in chart (~78%)
Banksia media,months_fruiting_cones_present,uncertain - not confidently isolated from chart,,,LOW CONFIDENCE - flag for manual check
Banksia meisneri,growth_form,shrub,52,100,
Banksia meisneri,growth_response,"ground resprout and killed, new seedlings",10,10,
Banksia meisneri,growth_response,"killed, new seedlings",10,50,
Banksia meisneri,growth_response,"killed, no seedlings",10,20,
Banksia meisneri,growth_response,unspecified,10,20,
Banksia meisneri,flowering_response,occurred after fire,7,,
Banksia meisneri,flowering_response,median time to flowering: 1-12 months,7,,
Banksia meisneri,flowering_response,minimum time to flowering: <1 month,7,,
Banksia meisneri,flowering_response,not occurred after fire,3,,
Banksia meisneri,flowering_response,median time to no flowering: 13-24 months,3,,
Banksia meisneri,flowering_response,maximum time to no flowering: 25-36 months,3,,
Banksia meisneri,pollinator_type,"bees, wasps, ants",24,25,
Banksia meisneri,pollinator_type,no pollinator observed,24,75,
Banksia meisneri,specific_pollinator,bee (unspecified),1,,
Banksia meisneri,specific_pollinator,ant,4,,
Banksia meisneri,months_flowering_range,May-Sep,,,"no single Discussion sentence for the species as a whole (see the two named varieties, ascendens and meisneri, which each have their own account); chart shows 'fully open' bars May-Sep"
Banksia meisneri,months_flowering_peak,Jul,,,tallest 'fully open' bar in chart (~90%)
Banksia meisneri,months_fruiting_cones_present,uncertain - not confidently isolated from chart,,,LOW CONFIDENCE - flag for manual check
Banksia meisneri var. ascendens,growth_form,shrub,29,100,
Banksia meisneri var. ascendens,growth_response,"killed, new seedlings",4,50,
Banksia meisneri var. ascendens,growth_response,"killed, no seedlings",4,25,
Banksia meisneri var. ascendens,growth_response,unspecified,4,25,
Banksia meisneri var. ascendens,flowering_response,occurred after fire,2,,
Banksia meisneri var. ascendens,flowering_response,median time to flowering: 1 months,2,,
Banksia meisneri var. ascendens,flowering_response,minimum time to flowering: <1 month,2,,
Banksia meisneri var. ascendens,flowering_response,not occurred after fire,2,,
Banksia meisneri var. ascendens,flowering_response,median time to no flowering: 1-12 months,2,,
Banksia meisneri var. ascendens,flowering_response,maximum time to no flowering: 25-36 months,2,,
Banksia meisneri var. ascendens,pollinator_type,"bees, wasps, ants",22,23,
Banksia meisneri var. ascendens,pollinator_type,no pollinator observed,22,77,
Banksia meisneri var. ascendens,specific_pollinator,ant,4,,
Banksia meisneri var. ascendens,months_flowering_range,Jun,,,"DISCREPANCY FLAGGED: text states 'Flowering was recorded in June only, whilst buds were recorded as early as March. This is in contrast to the April-August flowering period suggested by George (1981)' - i.e. the book itself flags that its own Atlas data (Jun only) disagrees with George's broader literature claim"
Banksia meisneri var. ascendens,months_flowering_peak,Jun,,,only month with 'fully open' records per text
Banksia meisneri var. ascendens,months_fruiting_cones_present,uncertain - not confidently isolated from chart,,,LOW CONFIDENCE - flag for manual check
Banksia meisneri var. meisneri,growth_form,shrub,22,100,
Banksia meisneri var. meisneri,growth_response,"ground resprout and killed, new seedlings",6,17,
Banksia meisneri var. meisneri,growth_response,"killed, new seedlings",6,50,
Banksia meisneri var. meisneri,growth_response,"killed, no seedlings",6,17,
Banksia meisneri var. meisneri,growth_response,unspecified,6,17,
Banksia meisneri var. meisneri,flowering_response,occurred after fire,5,,
Banksia meisneri var. meisneri,flowering_response,median time to flowering: 13-24 months,5,,
Banksia meisneri var. meisneri,flowering_response,minimum time to flowering: 1-12 months,5,,
Banksia meisneri var. meisneri,flowering_response,not occurred after fire,1,,
Banksia meisneri var. meisneri,flowering_response,maximum time to no flowering: 13-24 months,1,,
Banksia meisneri var. meisneri,pollinator_type,"bees, wasps, ants",2,50,
Banksia meisneri var. meisneri,pollinator_type,no pollinator observed,2,50,
Banksia meisneri var. meisneri,specific_pollinator,bee (unspecified),1,,
Banksia meisneri var. meisneri,months_flowering_range,"May, Jul-Aug",,,"text: 'Flowering is from late autumn to early spring'; chart shows 'fully open' at May (100%), Jul (100%) and Aug (100%), each on a small per-month sample (22 total records)"
Banksia meisneri var. meisneri,months_flowering_peak,"May, Jul, Aug (tied)",,,THIN per-month SAMPLE - each of the three months shows 100% 'fully open' but on very few records
Banksia meisneri var. meisneri,months_fruiting_cones_present,uncertain - not confidently isolated from chart,,,LOW CONFIDENCE - flag for manual check
Banksia menziesii,growth_form,tree,442,85,
Banksia menziesii,growth_form,shrub,442,13,
Banksia menziesii,growth_form,unspecified,442,2,
Banksia menziesii,growth_response,ground resprout,80,10,
Banksia menziesii,growth_response,"ground resprout and killed, new seedlings",80,5,
Banksia menziesii,growth_response,ground resprout and trunk resprout,80,25,
Banksia menziesii,growth_response,"killed, new seedlings",80,2,
Banksia menziesii,growth_response,trunk resprout,80,31,
Banksia menziesii,growth_response,"killed, no seedlings",80,2,
Banksia menziesii,growth_response,unspecified,80,24,
Banksia menziesii,flowering_response,occurred after fire,51,,
Banksia menziesii,flowering_response,median time to flowering: 13-24 months,51,,
Banksia menziesii,flowering_response,minimum time to flowering: <1 month,51,,
Banksia menziesii,flowering_response,not occurred after fire,14,,
Banksia menziesii,flowering_response,median time to no flowering: 13-24 months,14,,
Banksia menziesii,flowering_response,maximum time to no flowering: 13-24 months,14,,
Banksia menziesii,pollinator_type,bird,134,23,
Banksia menziesii,pollinator_type,"butterflies, moths",134,1,
Banksia menziesii,pollinator_type,"bees, wasps, ants",134,16,
Banksia menziesii,pollinator_type,beetles,134,1,
Banksia menziesii,pollinator_type,no pollinator observed,134,59,
Banksia menziesii,specific_pollinator,honeyeater (unspecified),3,,
Banksia menziesii,specific_pollinator,New Holland Honeyeater,6,,
Banksia menziesii,specific_pollinator,Brown Honeyeater,3,,
Banksia menziesii,specific_pollinator,White-cheeked Honeyeater,2,,
Banksia menziesii,specific_pollinator,Singing Honeyeater,2,,
Banksia menziesii,specific_pollinator,Red Wattlebird,4,,
Banksia menziesii,specific_pollinator,Little Wattlebird,4,,
Banksia menziesii,specific_pollinator,Western Spinebill,4,,
Banksia menziesii,specific_pollinator,cockatoos and parrots (unspecified),1,,
Banksia menziesii,specific_pollinator,Port Lincoln Parrot,4,,
Banksia menziesii,specific_pollinator,Western Rosella,2,,
Banksia menziesii,specific_pollinator,Red-tailed Black-Cockatoo,1,,
Banksia menziesii,specific_pollinator,Western Warbler,1,,
Banksia menziesii,specific_pollinator,ant,9,,
Banksia menziesii,specific_pollinator,bee (unspecified),12,,
Banksia menziesii,specific_pollinator,European honey bee,3,,
Banksia menziesii,months_flowering_range,Mar-Aug,,,text: 'The flowering period is from March-August'
Banksia menziesii,months_flowering_peak,May-Jun,,,"chart shows May and Jun both at ~90% 'fully open', the tallest bars"
Banksia menziesii,months_fruiting_cones_present,uncertain - not confidently isolated from chart,,,LOW CONFIDENCE - flag for manual check
Banksia micrantha,growth_form,shrub,31,97,
Banksia micrantha,growth_form,unspecified,31,3,
Banksia micrantha,growth_response,ground resprout,3,100,
Banksia micrantha,flowering_response,occurred after fire,2,,
Banksia micrantha,flowering_response,median time to flowering: 12-13 months,2,,
Banksia micrantha,flowering_response,minimum time to flowering: 1-12 months,2,,
Banksia micrantha,flowering_response,not occurred after fire,0,,
Banksia micrantha,pollinator_type,"bees, wasps, ants",10,10,
Banksia micrantha,pollinator_type,no pollinator observed,10,90,
Banksia micrantha,months_flowering_range,"Dec, Mar-May",,,"text: 'Flowering was recorded in December and also from March to May. There is a lack of records from the intervening months of January and February. However, George (1981) stated that the flowering period is from January to May'"
Banksia micrantha,months_flowering_peak,Dec,,,tallest 'fully open' bar in chart (~100%); Apr also high (~90%)
Banksia micrantha,months_fruiting_cones_present,uncertain - not confidently isolated from chart,,,LOW CONFIDENCE - flag for manual check
Banksia nutans,growth_form,shrub,360,98,
Banksia nutans,growth_form,unspecified,360,2,
Banksia nutans,growth_response,ground resprout,26,4,
Banksia nutans,growth_response,"killed, new seedlings",26,42,
Banksia nutans,growth_response,trunk resprout,26,4,
Banksia nutans,growth_response,"killed, no seedlings",26,4,
Banksia nutans,growth_response,unspecified,26,46,
Banksia nutans,flowering_response,occurred after fire,15,,
Banksia nutans,flowering_response,median time to flowering: 13-24 months,15,,
Banksia nutans,flowering_response,minimum time to flowering: <1 month,15,,
Banksia nutans,flowering_response,not occurred after fire,9,,
Banksia nutans,flowering_response,median time to no flowering: 1-12 months,9,,
Banksia nutans,flowering_response,maximum time to no flowering: 25-36 months,9,,
Banksia nutans,pollinator_type,bird,76,1,
Banksia nutans,pollinator_type,no pollinator observed,76,99,
Banksia nutans,months_flowering_range,"Sep-Jun, predominantly summer",,,text: 'B. nutans flowers predominantly in summer though flowers have been recorded as early as September and as late as June'
Banksia nutans,months_flowering_peak,Jan,,,tallest 'fully open' bar in chart (~65%)
Banksia nutans,months_fruiting_cones_present,uncertain - not confidently isolated from chart,,,LOW CONFIDENCE - flag for manual check
Banksia nutans var. cernuella,growth_form,shrub,100,100,
Banksia nutans var. cernuella,growth_response,"killed, new seedlings",6,33,
Banksia nutans var. cernuella,growth_response,"killed, no seedlings",6,17,
Banksia nutans var. cernuella,growth_response,unspecified,6,50,
Banksia nutans var. cernuella,flowering_response,occurred after fire,5,,
Banksia nutans var. cernuella,flowering_response,median time to flowering: 25-36 months,5,,
Banksia nutans var. cernuella,flowering_response,minimum time to flowering: <1 month,5,,
Banksia nutans var. cernuella,flowering_response,not occurred after fire,1,,
Banksia nutans var. cernuella,flowering_response,maximum time to no flowering: 1-12 months,1,,
Banksia nutans var. cernuella,pollinator_type,no pollinator observed,27,100,
Banksia nutans var. cernuella,months_flowering_range,Jan-Apr,,,"text: 'The main flowering period is January to April, slightly later than that of var. nutans... A single record of var. cernuella flowering in October is possibly indicative of an incorrect identification'"
Banksia nutans var. cernuella,months_flowering_peak,Jan-Feb,,,"chart shows Jan and Feb both ~90% 'fully open', the tallest bars"
Banksia nutans var. cernuella,months_fruiting_cones_present,uncertain - not confidently isolated from chart,,,LOW CONFIDENCE - flag for manual check
Banksia nutans var. nutans,growth_form,shrub,204,100,
Banksia nutans var. nutans,growth_response,ground resprout,13,8,
Banksia nutans var. nutans,growth_response,"killed, new seedlings",13,31,
Banksia nutans var. nutans,growth_response,trunk resprout,13,8,
Banksia nutans var. nutans,growth_response,unspecified,13,54,
Banksia nutans var. nutans,flowering_response,occurred after fire,8,,
Banksia nutans var. nutans,flowering_response,median time to flowering: 13-24 months,8,,
Banksia nutans var. nutans,flowering_response,minimum time to flowering: <1 month,8,,
Banksia nutans var. nutans,flowering_response,not occurred after fire,4,,
Banksia nutans var. nutans,flowering_response,median time to no flowering: 1-12 months,4,,
Banksia nutans var. nutans,flowering_response,maximum time to no flowering: 1-12 months,4,,
Banksia nutans var. nutans,pollinator_type,bird,43,2,
Banksia nutans var. nutans,pollinator_type,no pollinator observed,43,98,
Banksia nutans var. nutans,months_flowering_range,Nov-Mar,,,text: 'The main flowering period is November to March'
Banksia nutans var. nutans,months_flowering_peak,Jan,,,tallest 'fully open' bar in chart (~65%)
Banksia nutans var. nutans,months_fruiting_cones_present,uncertain - not confidently isolated from chart,,,LOW CONFIDENCE - flag for manual check
Banksia oblongifolia,growth_form,tree,492,0.3,
Banksia oblongifolia,growth_form,shrub,492,99,
Banksia oblongifolia,growth_response,ground resprout,98,69,
Banksia oblongifolia,growth_response,"ground resprout and killed, new seedlings",98,5,
Banksia oblongifolia,growth_response,trunk resprout,98,1,
Banksia oblongifolia,growth_response,unspecified,98,24,
Banksia oblongifolia,flowering_response,occurred after fire,47,,
Banksia oblongifolia,flowering_response,median time to flowering: 13-24 months,47,,
Banksia oblongifolia,flowering_response,minimum time to flowering: <1 month,47,,
Banksia oblongifolia,flowering_response,not occurred after fire,23,,
Banksia oblongifolia,flowering_response,median time to no flowering: 1-12 months,23,,
Banksia oblongifolia,flowering_response,maximum time to no flowering: 25-36 months,23,,
Banksia oblongifolia,pollinator_type,bird,243,6,
Banksia oblongifolia,pollinator_type,"bees, wasps, ants",243,13,
Banksia oblongifolia,pollinator_type,flies,243,1,
Banksia oblongifolia,pollinator_type,beetles,243,0.4,
Banksia oblongifolia,pollinator_type,no pollinator observed,243,80,
Banksia oblongifolia,specific_pollinator,honeyeater (unspecified),3,,
Banksia oblongifolia,specific_pollinator,New Holland Honeyeater,2,,
Banksia oblongifolia,specific_pollinator,Brown Honeyeater,6,,
Banksia oblongifolia,specific_pollinator,Tawny-crowned Honeyeater,1,,
Banksia oblongifolia,specific_pollinator,White-plumed Honeyeater,1,,
Banksia oblongifolia,specific_pollinator,Yellow-faced Honeyeater,1,,
Banksia oblongifolia,specific_pollinator,White-cheeked Honeyeater,1,,
Banksia oblongifolia,specific_pollinator,Lewin's Honeyeater,2,,
Banksia oblongifolia,specific_pollinator,Noisy Miner,1,,
Banksia oblongifolia,specific_pollinator,Red Wattlebird,1,,
Banksia oblongifolia,specific_pollinator,Eastern Spinebill,2,,
Banksia oblongifolia,specific_pollinator,friarbird (unspecified),1,,
Banksia oblongifolia,specific_pollinator,Noisy Friarbird,2,,
Banksia oblongifolia,specific_pollinator,ant,13,,
Banksia oblongifolia,specific_pollinator,bee (unspecified),13,,
Banksia oblongifolia,specific_pollinator,European honey bee,9,,
Banksia oblongifolia,months_flowering_range,late Jan-Jul,,,"text: 'It flowers from late January to July'; species hybridises readily with B. robur (20 recorded hybrids) and with B. integrifolia var. integrifolia near Caloundra; two informal varieties (var. oblongifolia, var. minor) were proposed by Conran and Clifford (1987) but are not given separate data pages in this atlas"
Banksia oblongifolia,months_flowering_peak,Apr,,,tallest 'fully open' bar in chart (~65%); May close behind (~62%)
Banksia oblongifolia,months_fruiting_cones_present,uncertain - not confidently isolated from chart,,,LOW CONFIDENCE - flag for manual check
Banksia occidentalis,growth_form,tree,80,25,
Banksia occidentalis,growth_form,shrub,80,72,
Banksia occidentalis,growth_form,unspecified,80,3,
Banksia occidentalis,growth_response,"killed, new seedlings",9,44,
Banksia occidentalis,growth_response,trunk resprout,9,11,
Banksia occidentalis,growth_response,"killed, no seedlings",9,11,
Banksia occidentalis,growth_response,unspecified,9,33,
Banksia occidentalis,flowering_response,occurred after fire,8,,
Banksia occidentalis,flowering_response,median time to flowering: 25-36 months,8,,
Banksia occidentalis,flowering_response,minimum time to flowering: 1-12 months,8,,
Banksia occidentalis,flowering_response,not occurred after fire,0,,
Banksia occidentalis,pollinator_type,bird,35,31,
Banksia occidentalis,pollinator_type,"bees, wasps, ants",35,29,
Banksia occidentalis,pollinator_type,no pollinator observed,35,40,
Banksia occidentalis,specific_pollinator,honeyeater (unspecified),1,,
Banksia occidentalis,specific_pollinator,New Holland Honeyeater,7,,
Banksia occidentalis,specific_pollinator,Tawny-crowned Honeyeater,1,,
Banksia occidentalis,specific_pollinator,Little Wattlebird,1,,
Banksia occidentalis,specific_pollinator,Western Spinebill,1,,
Banksia occidentalis,specific_pollinator,ant,9,,
Banksia occidentalis,specific_pollinator,bee (unspecified),1,,
Banksia occidentalis,months_flowering_range,"Jan, Mar-May, Jul, Sep",,,"text: 'Flowering of B. occidentalis peaks in May, though flowers were recorded from many months of the year'; Hopper (1987) recognised two subspecies (subsp. occidentalis, subsp. formosa) not separately tabulated here"
Banksia occidentalis,months_flowering_peak,May,,,"text and chart agree, tallest 'fully open' bar (~90%)"
Banksia occidentalis,months_fruiting_cones_present,uncertain - not confidently isolated from chart,,,LOW CONFIDENCE - flag for manual check
Banksia oligantha,growth_form,shrub,1,100,
Banksia oligantha,growth_response,no fire-response records,0,,
Banksia oligantha,pollinator_type,no pollinator observed,1,100,
Banksia oligantha,months_flowering_range,Nov,,,"THIN SAMPLE: only 1 total record. text: 'In early October, plants were reported to be ""mainly in bud"". By mid November about 20% were in full flower, and by the end of November most flowers had faded' - describes a transitional bud-to-open-to-fading state through Oct-Nov"
Banksia oligantha,months_flowering_peak,Nov,,,"THIN SAMPLE (1 record); chart shows the single Nov record as 'majority in bud', consistent with the text's description of an early-to-mid flowering transition"
Banksia oligantha,months_fruiting_cones_present,not known,,,THIN SAMPLE (1 total record); species newly described from the Atlas project
Banksia oreophila,growth_form,shrub,31,90,
Banksia oreophila,growth_form,unspecified,31,10,
Banksia oreophila,growth_response,"killed, new seedlings",6,67,
Banksia oreophila,growth_response,unspecified,6,33,
Banksia oreophila,flowering_response,occurred after fire,3,,
Banksia oreophila,flowering_response,median time to flowering: 25-36 months,3,,
Banksia oreophila,flowering_response,minimum time to flowering: 13-24 months,3,,
Banksia oreophila,flowering_response,not occurred after fire,1,,
Banksia oreophila,flowering_response,maximum time to no flowering: 25-36 months,1,,
Banksia oreophila,pollinator_type,"bees, wasps, ants",9,22,
Banksia oreophila,pollinator_type,no pollinator observed,9,78,
Banksia oreophila,specific_pollinator,ant,2,,
Banksia oreophila,months_flowering_range,"Mar, Jun",,,text: 'Flowering was recorded in March and June. George (1981) defined the flowering period as June and July' - the book flags its own narrower/different Atlas result vs George's literature claim
Banksia oreophila,months_flowering_peak,"Mar, Jun (tied)",,,THIN SAMPLE; chart shows both months at 100% 'fully open'
Banksia oreophila,months_fruiting_cones_present,uncertain - not confidently isolated from chart,,,LOW CONFIDENCE - flag for manual check
Banksia ornata,growth_form,shrub,839,90,
Banksia ornata,growth_form,unspecified,839,10,
Banksia ornata,growth_form,tree,839,0.2,
Banksia ornata,growth_response,ground resprout,93,2,
Banksia ornata,growth_response,"ground resprout and killed, new seedlings",93,4,
Banksia ornata,growth_response,"killed, new seedlings",93,59,
Banksia ornata,growth_response,trunk resprout,93,3,
Banksia ornata,growth_response,sucker resprout,93,1,
Banksia ornata,growth_response,"killed, no seedlings",93,2,
Banksia ornata,growth_response,unspecified,93,28,
Banksia ornata,flowering_response,occurred after fire,39,,
Banksia ornata,flowering_response,median time to flowering: 37-48 months,39,,
Banksia ornata,flowering_response,minimum time to flowering: <1 month,39,,
Banksia ornata,flowering_response,not occurred after fire,39,,
Banksia ornata,flowering_response,median time to no flowering: 13-24 months,39,,
Banksia ornata,flowering_response,maximum time to no flowering: 49-60 months,39,,
Banksia ornata,pollinator_type,bird,379,36,
Banksia ornata,pollinator_type,"butterflies, moths",379,0.3,
Banksia ornata,pollinator_type,"bees, wasps, ants",379,17,
Banksia ornata,pollinator_type,flies,379,0.3,
Banksia ornata,pollinator_type,mammals,379,0.3,
Banksia ornata,pollinator_type,no pollinator observed,379,47,
Banksia ornata,specific_pollinator,honeyeater (unspecified),12,,
Banksia ornata,specific_pollinator,New Holland Honeyeater,46,,
Banksia ornata,specific_pollinator,Singing Honeyeater,2,,
Banksia ornata,specific_pollinator,Tawny-crowned Honeyeater,1,,
Banksia ornata,specific_pollinator,Noisy Miner,3,,
Banksia ornata,specific_pollinator,Spiny-cheeked Honeyeater,3,,
Banksia ornata,specific_pollinator,White-faced Honeyeater,1,,
Banksia ornata,specific_pollinator,Red Wattlebird,3,,
Banksia ornata,specific_pollinator,Little Wattlebird,3,,
Banksia ornata,specific_pollinator,Little Thornbill,10,,
Banksia ornata,specific_pollinator,White-browed Babbler,1,,
Banksia ornata,specific_pollinator,ant,8,,
Banksia ornata,specific_pollinator,bee (unspecified),18,,
Banksia ornata,specific_pollinator,European honey bee,7,,
Banksia ornata,months_flowering_range,Mar-Jul,,,text: 'B. ornata flowers in winter when the abundant showy flowers are very attractive to honey-eating birds'; several colour variants exist (cream to yellow/orange/bronze)
Banksia ornata,months_flowering_peak,May,,,tallest 'fully open' bar in chart (~100%); Jun close behind (~90%)
Banksia ornata,months_fruiting_cones_present,uncertain - not confidently isolated from chart,,,LOW CONFIDENCE - flag for manual check
Banksia paludosa,growth_form,shrub,291,98,
Banksia paludosa,growth_form,unspecified,291,2,
Banksia paludosa,growth_response,ground resprout,51,73,
Banksia paludosa,growth_response,"killed, new seedlings",51,4,
Banksia paludosa,growth_response,unspecified,51,24,
Banksia paludosa,flowering_response,occurred after fire,11,,
Banksia paludosa,flowering_response,median time to flowering: 25-36 months,11,,
Banksia paludosa,flowering_response,minimum time to flowering: 13-24 months,11,,
Banksia paludosa,flowering_response,not occurred after fire,21,,
Banksia paludosa,flowering_response,median time to no flowering: 13-24 months,21,,
Banksia paludosa,flowering_response,maximum time to no flowering: 61-72 months,21,,
Banksia paludosa,pollinator_type,bird,191,3,
Banksia paludosa,pollinator_type,"bees, wasps, ants",191,2,
Banksia paludosa,pollinator_type,mammal,191,1,
Banksia paludosa,pollinator_type,no pollinator observed,191,95,
Banksia paludosa,specific_pollinator,New Holland Honeyeater,4,,
Banksia paludosa,specific_pollinator,White-eared Honeyeater,1,,
Banksia paludosa,specific_pollinator,Yellow-faced Honeyeater,1,,
Banksia paludosa,specific_pollinator,Crescent Honeyeater,2,,
Banksia paludosa,specific_pollinator,Red Wattlebird,2,,
Banksia paludosa,specific_pollinator,Eastern Spinebill,3,,
Banksia paludosa,specific_pollinator,ant,2,,
Banksia paludosa,specific_pollinator,European honey bee,2,,
Banksia paludosa,specific_pollinator,Brown Antechinus,1,,
Banksia paludosa,months_flowering_range,May-Aug,,,text: 'B. paludosa flowers from late autumn through winter... the Brown Antechinus (A. stuartii) has been frequently observed and is thought to be the main pollinator' on upland heaths at Barren Grounds Nature Reserve
Banksia paludosa,months_flowering_peak,Jun,,,tallest 'fully open' bar in chart (~65%)
Banksia paludosa,months_fruiting_cones_present,uncertain - not confidently isolated from chart,,,LOW CONFIDENCE - flag for manual check
Banksia petiolaris,growth_form,shrub,51,98,
Banksia petiolaris,growth_form,unspecified,51,2,
Banksia petiolaris,growth_response,"killed, new seedlings",7,14,
Banksia petiolaris,growth_response,unspecified,7,86,
Banksia petiolaris,flowering_response,occurred after fire,0,,
Banksia petiolaris,flowering_response,not occurred after fire,7,,
Banksia petiolaris,flowering_response,median time to no flowering: 1-12 months,7,,
Banksia petiolaris,flowering_response,maximum time to no flowering: 25-36 months,7,,
Banksia petiolaris,pollinator_type,"bees, wasps, ants",25,4,
Banksia petiolaris,pollinator_type,no pollinator observed,25,96,
Banksia petiolaris,months_flowering_range,Oct,,,"DISCREPANCY FLAGGED: text states 'There were few Atlas records of flowering, though George (1981) stated that it is October-December' - the chart's only 'fully open' bar is in October (~40%); Nov and Dec show bud/recently-finished patterns rather than 'fully open'"
Banksia petiolaris,months_flowering_peak,Oct,,,only month with a 'fully open' bar in the chart
Banksia petiolaris,months_fruiting_cones_present,uncertain - not confidently isolated from chart,,,"LOW CONFIDENCE - flag for manual check; text notes new shoot growth occurs in many months with no clear season, and the species is non-lignotuberous"
Banksia pilostylis,growth_form,tree,102,2,
Banksia pilostylis,growth_form,shrub,102,97,
Banksia pilostylis,growth_form,unspecified,102,1,
Banksia pilostylis,growth_response,ground resprout,6,50,
Banksia pilostylis,growth_response,"killed, new seedlings",6,33,
Banksia pilostylis,growth_response,unspecified,6,17,
Banksia pilostylis,flowering_response,occurred after fire,4,,
Banksia pilostylis,flowering_response,median time to flowering: 49-60 months,4,,
Banksia pilostylis,flowering_response,minimum time to flowering: 25-36 months,4,,
Banksia pilostylis,flowering_response,not occurred after fire,0,,
Banksia pilostylis,pollinator_type,"bees, wasps, ants",60,25,
Banksia pilostylis,pollinator_type,flies,60,3,
Banksia pilostylis,pollinator_type,beetles,60,7,
Banksia pilostylis,pollinator_type,no pollinator observed,60,65,
Banksia pilostylis,specific_pollinator,ant,13,,
Banksia pilostylis,specific_pollinator,bee (unspecified),1,,
Banksia pilostylis,months_flowering_range,Nov-Jan,,,text: 'The species flowers from November to January'
Banksia pilostylis,months_flowering_peak,Jan,,,chart shows Jan at 100% 'fully open'; Dec also high (~90%)
Banksia pilostylis,months_fruiting_cones_present,uncertain - not confidently isolated from chart,,,LOW CONFIDENCE - flag for manual check
Banksia plagiocarpa,growth_form,tree,21,38,
Banksia plagiocarpa,growth_form,shrub,21,38,
Banksia plagiocarpa,growth_form,unspecified,21,24,
Banksia plagiocarpa,growth_response,"killed, new seedlings",9,44,
Banksia plagiocarpa,growth_response,"killed, new seedlings and trunk resprout",9,11,
Banksia plagiocarpa,growth_response,trunk resprout,9,11,
Banksia plagiocarpa,growth_response,unspecified,9,33,
Banksia plagiocarpa,flowering_response,occurred after fire,5,,
Banksia plagiocarpa,flowering_response,median time to flowering: 1-12 months,5,,
Banksia plagiocarpa,flowering_response,minimum time to flowering: 1-12 months,5,,
Banksia plagiocarpa,flowering_response,not occurred after fire,3,,
Banksia plagiocarpa,flowering_response,median time to no flowering: 1-12 months,3,,
Banksia plagiocarpa,flowering_response,maximum time to no flowering: 1-12 months,3,,
Banksia plagiocarpa,pollinator_type,no pollinator observed,,,0 pollinator-type records reported
Banksia plagiocarpa,months_flowering_range,"Jan, May",,,"chart shows 'fully open' bars only at Jan (~15%) and May (~15%), consistent with the species' thin record base (Jan=1, May=3 records)"
Banksia plagiocarpa,months_flowering_peak,"Jan, May (tied, thin sample)",,,THIN SAMPLE; no explicit Discussion-text flowering-season statement for this species (text focuses on distribution/fire response)
Banksia plagiocarpa,months_fruiting_cones_present,not known,,,"text notes most plants resprouted from epicormic buds after a 1985 fire on Bishops Peak, with only partial fire tolerance"
Banksia praemorsa,growth_form,tree,28,26,
Banksia praemorsa,growth_form,shrub,28,74,
Banksia praemorsa,growth_response,"killed, new seedlings",3,33,
Banksia praemorsa,growth_response,trunk resprout,3,33,
Banksia praemorsa,growth_response,"killed, no seedlings and trunk resprout",3,33,
Banksia praemorsa,flowering_response,occurred after fire,2,,
Banksia praemorsa,flowering_response,median time to flowering: 24-25 months,2,,
Banksia praemorsa,flowering_response,minimum time to flowering: 13-24 months,2,,
Banksia praemorsa,flowering_response,not occurred after fire,1,,
Banksia praemorsa,flowering_response,maximum time to no flowering: 13-24 months,1,,
Banksia praemorsa,pollinator_type,bird,9,22,
Banksia praemorsa,pollinator_type,"bees, wasps, ants",9,56,
Banksia praemorsa,pollinator_type,no pollinator observed,9,22,
Banksia praemorsa,specific_pollinator,New Holland Honeyeater,2,,
Banksia praemorsa,specific_pollinator,ant,6,,
Banksia praemorsa,months_flowering_range,Sep-Nov,,,text: 'The species flowers from September to November'
Banksia praemorsa,months_flowering_peak,Nov,,,tallest 'fully open' bar in chart (~100%); Sep and Oct both ~65%
Banksia praemorsa,months_fruiting_cones_present,uncertain - not confidently isolated from chart,,,LOW CONFIDENCE - flag for manual check
Banksia prionotes,growth_form,tree,386,82,
Banksia prionotes,growth_form,shrub,386,16,
Banksia prionotes,growth_form,unspecified,386,2,
Banksia prionotes,growth_response,ground resprout,35,9,
Banksia prionotes,growth_response,ground resprout and trunk resprout,35,3,
Banksia prionotes,growth_response,"killed, new seedlings",35,46,
Banksia prionotes,growth_response,"killed, no seedlings",35,3,
Banksia prionotes,growth_response,"killed, no seedlings and killed, new seedlings",35,3,
Banksia prionotes,growth_response,unspecified,35,37,
Banksia prionotes,flowering_response,occurred after fire,15,,
Banksia prionotes,flowering_response,median time to flowering: 25-36 months,15,,
Banksia prionotes,flowering_response,minimum time to flowering: <1 month,15,,
Banksia prionotes,flowering_response,not occurred after fire,8,,
Banksia prionotes,flowering_response,median time to no flowering: 13-24 months,8,,
Banksia prionotes,flowering_response,maximum time to no flowering: 25-36 months,8,,
Banksia prionotes,pollinator_type,bird,114,32,
Banksia prionotes,pollinator_type,"butterflies, moths",114,1,
Banksia prionotes,pollinator_type,"bees, wasps, ants",114,15,
Banksia prionotes,pollinator_type,flies,114,1,
Banksia prionotes,pollinator_type,no pollinator observed,114,51,
Banksia prionotes,specific_pollinator,honeyeater (unspecified),12,,
Banksia prionotes,specific_pollinator,New Holland Honeyeater,2,,
Banksia prionotes,specific_pollinator,Brown Honeyeater,2,,
Banksia prionotes,specific_pollinator,White-cheeked Honeyeater,3,,
Banksia prionotes,specific_pollinator,Singing Honeyeater,4,,
Banksia prionotes,specific_pollinator,Tawny-crowned Honeyeater,1,,
Banksia prionotes,specific_pollinator,wattlebird (unspecified),1,,
Banksia prionotes,specific_pollinator,Red Wattlebird,2,,
Banksia prionotes,specific_pollinator,Eastern Spinebill,1,,
Banksia prionotes,specific_pollinator,lorikeets and allies (unspecified),1,,
Banksia prionotes,specific_pollinator,ant,10,,
Banksia prionotes,specific_pollinator,bee (unspecified),5,,
Banksia prionotes,specific_pollinator,aphid,1,,
Banksia prionotes,months_flowering_range,"Feb-Jun, plus flowers recorded as late as October",,,text: 'Flowers occur mainly between February and June when they are frequently visited by honey-eating birds. Flowers were also recorded as late as October'
Banksia prionotes,months_flowering_peak,Apr-May,,,"chart shows Apr and May both ~90% 'fully open', the tallest bars"
Banksia prionotes,months_fruiting_cones_present,uncertain - not confidently isolated from chart,,,LOW CONFIDENCE - flag for manual check
Banksia pulchella,growth_form,shrub,147,98,
Banksia pulchella,growth_form,unspecified,147,2,
Banksia pulchella,growth_response,"killed, new seedlings",11,36,
Banksia pulchella,growth_response,unspecified,11,64,
Banksia pulchella,flowering_response,occurred after fire,4,,
Banksia pulchella,flowering_response,median time to flowering: 12-13 months,4,,
Banksia pulchella,flowering_response,minimum time to flowering: 1-12 months,4,,
Banksia pulchella,flowering_response,not occurred after fire,3,,
Banksia pulchella,flowering_response,median time to no flowering: 1-12 months,3,,
Banksia pulchella,flowering_response,maximum time to no flowering: 1-12 months,3,,
Banksia pulchella,pollinator_type,"bees, wasps, ants",85,20,
Banksia pulchella,pollinator_type,flies,85,4,
Banksia pulchella,pollinator_type,beetles,85,2,
Banksia pulchella,pollinator_type,no pollinator observed,85,74,
Banksia pulchella,specific_pollinator,ant,13,,
Banksia pulchella,specific_pollinator,bee (unspecified),1,,
Banksia pulchella,months_flowering_range,"Jan-Jun, plus minor spring records",,,"text: 'The main flowering period is summer through to winter, though flowers were also recorded in spring.' Ants visiting flowers are noted as unlikely pollinators given the species' very long floral style, which causes them to by-pass the pollen presenter"
Banksia pulchella,months_flowering_peak,Jun,,,tallest 'fully open' bar in chart (~100%)
Banksia pulchella,months_fruiting_cones_present,uncertain - not confidently isolated from chart,,,LOW CONFIDENCE - flag for manual check
Banksia quercifolia,growth_form,tree,180,11,
Banksia quercifolia,growth_form,shrub,180,88,
Banksia quercifolia,growth_form,unspecified,180,1,
Banksia quercifolia,growth_response,"ground resprout and killed, new seedlings",49,2,
Banksia quercifolia,growth_response,"killed, new seedlings",49,63,
Banksia quercifolia,growth_response,"killed, no seedlings",49,2,
Banksia quercifolia,growth_response,unspecified,49,33,
Banksia quercifolia,flowering_response,occurred after fire,23,,
Banksia quercifolia,flowering_response,median time to flowering: 25-36 months,23,,
Banksia quercifolia,flowering_response,minimum time to flowering: 1-12 months,23,,
Banksia quercifolia,flowering_response,not occurred after fire,14,,
Banksia quercifolia,flowering_response,median time to no flowering: 13-24 months,14,,
Banksia quercifolia,flowering_response,maximum time to no flowering: 25-36 months,14,,
Banksia quercifolia,pollinator_type,bird,43,12,
Banksia quercifolia,pollinator_type,mammals,43,2,
Banksia quercifolia,pollinator_type,no pollinator observed,43,86,
Banksia quercifolia,specific_pollinator,New Holland Honeyeater,5,,
Banksia quercifolia,specific_pollinator,Western Spinebill,1,,
Banksia quercifolia,months_flowering_range,"Jan, Apr-Sep",,,"text: 'main flowering season of B. quercifolia is from autumn to spring, though some flowers were recorded as early as January'"
Banksia quercifolia,months_flowering_peak,May-Jun,,,"chart shows May and Jun both at ~100% 'fully open', the tallest bars"
Banksia quercifolia,months_fruiting_cones_present,uncertain - not confidently isolated from chart,,,LOW CONFIDENCE - flag for manual check
Banksia repens,growth_form,shrub,346,97,
Banksia repens,growth_form,unspecified,346,3,
Banksia repens,growth_response,ground resprout,38,37,
Banksia repens,growth_response,"ground resprout and killed, new seedlings",38,3,
Banksia repens,growth_response,"killed, new seedlings",38,5,
Banksia repens,growth_response,unspecified,38,55,
Banksia repens,flowering_response,occurred after fire,13,,
Banksia repens,flowering_response,median time to flowering: 13-24 months,13,,
Banksia repens,flowering_response,minimum time to flowering: 1-12 months,13,,
Banksia repens,flowering_response,not occurred after fire,16,,
Banksia repens,flowering_response,median time to no flowering: 13-24 months,16,,
Banksia repens,flowering_response,maximum time to no flowering: 49-60 months,16,,
Banksia repens,pollinator_type,bird,117,2,
Banksia repens,pollinator_type,"bees, wasps, ants",117,4,
Banksia repens,pollinator_type,no pollinator observed,117,94,
Banksia repens,specific_pollinator,ant,3,,
Banksia repens,months_flowering_range,"Oct-Dec, plus a single April record",,,text: 'B. repens flowers from October to December. There is also a single record of it flowering in April'
Banksia repens,months_flowering_peak,Oct-Nov,,,"chart shows Oct and Nov both ~65% 'fully open', the tallest bars"
Banksia repens,months_fruiting_cones_present,uncertain - not confidently isolated from chart,,,LOW CONFIDENCE - flag for manual check
Banksia robur,growth_form,tree,261,2,
Banksia robur,growth_form,shrub,261,96,
Banksia robur,growth_form,unspecified,261,2,
Banksia robur,growth_response,ground resprout,40,62,
Banksia robur,growth_response,"ground resprout and killed, new seedlings",40,2,
Banksia robur,growth_response,ground resprout and trunk resprout,40,10,
Banksia robur,growth_response,trunk resprout,40,2,
Banksia robur,growth_response,unspecified,40,23,
Banksia robur,flowering_response,occurred after fire,24,,
Banksia robur,flowering_response,median time to flowering: 13-24 months,24,,
Banksia robur,flowering_response,minimum time to flowering: <1 month,24,,
Banksia robur,flowering_response,not occurred after fire,8,,
Banksia robur,flowering_response,median time to no flowering: 12-13 months,8,,
Banksia robur,flowering_response,maximum time to no flowering: 13-24 months,8,,
Banksia robur,pollinator_type,bird,110,12,
Banksia robur,pollinator_type,"butterflies, moths",110,1,
Banksia robur,pollinator_type,"bees, wasps, ants",110,7,
Banksia robur,pollinator_type,beetles,110,2,
Banksia robur,pollinator_type,no pollinator observed,110,78,
Banksia robur,specific_pollinator,honeyeater (unspecified),2,,
Banksia robur,specific_pollinator,New Holland Honeyeater,1,,
Banksia robur,specific_pollinator,Brown Honeyeater,5,,
Banksia robur,specific_pollinator,Tawny-crowned Honeyeater,1,,
Banksia robur,specific_pollinator,Lewin's Honeyeater,1,,
Banksia robur,specific_pollinator,Little Wattlebird,1,,
Banksia robur,specific_pollinator,friarbird (unspecified),2,,
Banksia robur,specific_pollinator,Little Friarbird,1,,
Banksia robur,specific_pollinator,ant,1,,
Banksia robur,specific_pollinator,bee (unspecified),1,,
Banksia robur,specific_pollinator,European honey bee,2,,
Banksia robur,specific_pollinator,blue butterfly,1,,
Banksia robur,specific_pollinator,jewel beetle,1,,
Banksia robur,months_flowering_range,"no definite season; low-level 'fully open' most months except Feb, May, Jun and Nov",,,"text: 'There does not appear to be a definite flowering season with flowers recorded in all months of the year except February, May, June and November. George (1981) had stated the main flowering period to be January and May' - the book itself notes a discrepancy with George's claim; hybridises readily with B. oblongifolia (20 recorded hybrid populations, Wollongong NSW to Pialba QLD)"
Banksia robur,months_flowering_peak,Mar,,,"tallest 'fully open' bar in chart (~25%), though levels are low and fairly flat across the year"
Banksia robur,months_fruiting_cones_present,uncertain - not confidently isolated from chart,,,LOW CONFIDENCE - flag for manual check
Banksia saxicola,growth_form,tree,54,52,
Banksia saxicola,growth_form,shrub,54,46,
Banksia saxicola,growth_form,unspecified,54,2,
Banksia saxicola,growth_response,trunk resprout,3,33,
Banksia saxicola,growth_response,"killed, no seedlings",3,33,
Banksia saxicola,growth_response,unspecified,3,33,
Banksia saxicola,flowering_response,occurred after fire,1,,
Banksia saxicola,flowering_response,minimum time to flowering: 49-60 months,1,,
Banksia saxicola,flowering_response,not occurred after fire,2,,
Banksia saxicola,flowering_response,median time to no flowering: 48-49 months,2,,
Banksia saxicola,flowering_response,maximum time to no flowering: 85-96 months,2,,
Banksia saxicola,pollinator_type,bird,34,6,
Banksia saxicola,pollinator_type,no pollinator observed,34,94,
Banksia saxicola,specific_pollinator,New Holland Honeyeater,1,,
Banksia saxicola,specific_pollinator,Crescent Honeyeater,1,,
Banksia saxicola,months_flowering_range,"Jan-Mar, plus a minor record in May",,,"text: 'The main flowering period of B. saxicola is January to March, though flowers were also recorded in May'"
Banksia saxicola,months_flowering_peak,Feb,,,tallest 'fully open' bar in chart (~90%)
Banksia saxicola,months_fruiting_cones_present,uncertain - not confidently isolated from chart,,,LOW CONFIDENCE - flag for manual check
Banksia scabrella,growth_form,shrub,17,100,
Banksia scabrella,growth_response,unspecified,1,100,
Banksia scabrella,flowering_response,occurred after fire,1,,
Banksia scabrella,flowering_response,minimum time to flowering: 25-36 months,1,,
Banksia scabrella,flowering_response,not occurred after fire,0,,
Banksia scabrella,pollinator_type,no pollinator observed,1,100,
Banksia scabrella,months_flowering_range,"Apr, Sep",,,"DISCREPANCY FLAGGED: text states 'Flowering was recorded in September and also in April. However, George (1981) described the flowering period as September to January' - Atlas chart confirms 'fully open' only at Apr and Sep (both 100%, thin sample); Feb and May show 'majority in bud' rather than 'fully open' despite having the most total records (Feb=12)"
Banksia scabrella,months_flowering_peak,"Apr, Sep (tied, thin sample)",,,THIN SAMPLE (17 total records)
Banksia scabrella,months_fruiting_cones_present,not known,,,THIN SAMPLE; text notes further data are needed for new shoot growth
Banksia sceptrum,growth_form,tree,80,31,
Banksia sceptrum,growth_form,shrub,80,69,
Banksia sceptrum,growth_response,"killed, new seedlings",8,100,
Banksia sceptrum,flowering_response,occurred after fire,4,,
Banksia sceptrum,flowering_response,median time to flowering: 36-37 months,4,,
Banksia sceptrum,flowering_response,minimum time to flowering: 1-12 months,4,,
Banksia sceptrum,flowering_response,not occurred after fire,3,,
Banksia sceptrum,flowering_response,median time to no flowering: 25-36 months,3,,
Banksia sceptrum,flowering_response,maximum time to no flowering: 73-84 months,3,,
Banksia sceptrum,pollinator_type,bird,7,14,
Banksia sceptrum,pollinator_type,"bees, wasps, ants",7,29,
Banksia sceptrum,pollinator_type,no pollinator observed,7,57,
Banksia sceptrum,specific_pollinator,honeyeater (unspecified),1,,
Banksia sceptrum,specific_pollinator,ant,2,,
Banksia sceptrum,months_flowering_range,Apr,,,"DISCREPANCY FLAGGED: text infers 'the species flowers in summer when temperatures are generally too hot for much field work to be undertaken. The lack of any records for November, December and January... bears witness to this fact' - but the chart's ONLY 'fully open' bar (vs. 'majority in bud' everywhere else) is in April, not summer"
Banksia sceptrum,months_flowering_peak,Apr,,,only month with a 'fully open' bar in the chart; all other months show 'majority in bud'
Banksia sceptrum,months_fruiting_cones_present,uncertain - not confidently isolated from chart,,,LOW CONFIDENCE - flag for manual check
Banksia seminuda,growth_form,tree,190,97,
Banksia seminuda,growth_form,shrub,190,2,
Banksia seminuda,growth_form,unspecified,190,1,
Banksia seminuda,growth_response,ground resprout,22,5,
Banksia seminuda,growth_response,"killed, new seedlings",22,14,
Banksia seminuda,growth_response,trunk resprout,22,14,
Banksia seminuda,growth_response,"killed, no seedlings",22,14,
Banksia seminuda,growth_response,unspecified,22,55,
Banksia seminuda,flowering_response,occurred after fire,14,,
Banksia seminuda,flowering_response,median time to flowering: 24-25 months,14,,
Banksia seminuda,flowering_response,minimum time to flowering: <1 month,14,,
Banksia seminuda,flowering_response,not occurred after fire,4,,
Banksia seminuda,flowering_response,median time to no flowering: 13-24 months,4,,
Banksia seminuda,flowering_response,maximum time to no flowering: 61-72 months,4,,
Banksia seminuda,pollinator_type,bird,63,24,
Banksia seminuda,pollinator_type,flies,63,2,
Banksia seminuda,pollinator_type,no pollinator observed,63,75,
Banksia seminuda,specific_pollinator,honeyeater (unspecified),2,,
Banksia seminuda,specific_pollinator,New Holland Honeyeater,2,,
Banksia seminuda,specific_pollinator,wattlebird (unspecified),3,,
Banksia seminuda,months_flowering_range,Mar-Aug,,,text: 'B. seminuda has a flowering period from March to August'; red style-forms recorded from several scattered south-coast locations
Banksia seminuda,months_flowering_peak,Jun,,,tallest 'fully open' bar in chart (~100%)
Banksia seminuda,months_fruiting_cones_present,uncertain - not confidently isolated from chart,,,LOW CONFIDENCE - flag for manual check
Banksia serrata,growth_form,tree,1472,82,
Banksia serrata,growth_form,shrub,1472,16,
Banksia serrata,growth_form,unspecified,1472,2,
Banksia serrata,growth_response,ground resprout,285,2,
Banksia serrata,growth_response,"ground resprout and killed, new seedlings",285,1,
Banksia serrata,growth_response,ground resprout and trunk resprout,285,5,
Banksia serrata,growth_response,"killed, new seedlings",285,1,
Banksia serrata,growth_response,"killed, new seedlings and trunk resprout",285,3,
Banksia serrata,growth_response,trunk resprout,285,60,
Banksia serrata,growth_response,unspecified,285,28,
Banksia serrata,flowering_response,occurred after fire,215,,
Banksia serrata,flowering_response,median time to flowering: 13-24 months,215,,
Banksia serrata,flowering_response,minimum time to flowering: <1 month,215,,
Banksia serrata,flowering_response,not occurred after fire,21,,
Banksia serrata,flowering_response,median time to no flowering: 25-36 months,21,,
Banksia serrata,flowering_response,maximum time to no flowering: 85-96 months,21,,
Banksia serrata,pollinator_type,bird,1026,5,
Banksia serrata,pollinator_type,"bees, wasps, ants",1026,2,
Banksia serrata,pollinator_type,mammals,1026,0.2,
Banksia serrata,pollinator_type,no pollinator observed,1026,93,
Banksia serrata,specific_pollinator,honeyeater (unspecified),10,,
Banksia serrata,specific_pollinator,New Holland Honeyeater,13,,
Banksia serrata,specific_pollinator,Brown Honeyeater,1,,
Banksia serrata,specific_pollinator,White-cheeked Honeyeater,1,,
Banksia serrata,specific_pollinator,White-eared Honeyeater,1,,
Banksia serrata,specific_pollinator,Tawny-crowned Honeyeater,1,,
Banksia serrata,specific_pollinator,White-naped Honeyeater,1,,
Banksia serrata,specific_pollinator,White-plumed Honeyeater,2,,
Banksia serrata,specific_pollinator,Crescent Honeyeater,1,,
Banksia serrata,specific_pollinator,Noisy Miner,1,,
Banksia serrata,specific_pollinator,Yellow-tufted Honeyeater,3,,
Banksia serrata,specific_pollinator,wattlebird (unspecified),1,,
Banksia serrata,specific_pollinator,Red Wattlebird,4,,
Banksia serrata,specific_pollinator,Little Wattlebird,13,,
Banksia serrata,specific_pollinator,Eastern Spinebill,11,,
Banksia serrata,specific_pollinator,cockatoos and parrots (unspecified),1,,
Banksia serrata,specific_pollinator,Yellow-tailed Black-Cockatoo,1,,
Banksia serrata,specific_pollinator,friarbird (unspecified),1,,
Banksia serrata,specific_pollinator,Noisy Friarbird,4,,
Banksia serrata,specific_pollinator,Drongo,1,,
Banksia serrata,specific_pollinator,Rainbow Lorikeet,2,,
Banksia serrata,specific_pollinator,flycatchers and allies (unspecified),1,,
Banksia serrata,specific_pollinator,ant,8,,
Banksia serrata,specific_pollinator,bee (unspecified),11,,
Banksia serrata,specific_pollinator,native bee,1,,
Banksia serrata,specific_pollinator,European honey bee,2,,
Banksia serrata,months_flowering_range,"Dec-Apr, plus flowers recorded in Aug and Oct",,,"text: 'The main flowering period is conspicuous from December to April, though flowers were also recorded in August and October'"
Banksia serrata,months_flowering_peak,Feb,,,tallest 'fully open' bar in chart (~65%)
Banksia serrata,months_fruiting_cones_present,uncertain - not confidently isolated from chart,,,LOW CONFIDENCE - flag for manual check
Banksia solandri,growth_form,tree,19,16,
Banksia solandri,growth_form,shrub,19,84,
Banksia solandri,growth_response,"killed, new seedlings",3,100,
Banksia solandri,flowering_response,occurred after fire,1,,
Banksia solandri,flowering_response,minimum time to flowering: 13-24 months,1,,
Banksia solandri,flowering_response,not occurred after fire,2,,
Banksia solandri,flowering_response,median time to no flowering: 25-36 months,2,,
Banksia solandri,flowering_response,maximum time to no flowering: 25-36 months,2,,
Banksia solandri,pollinator_type,no pollinator observed,8,100,
Banksia solandri,months_flowering_range,Sep-Nov,,,text: 'Flowering is from September to November'
Banksia solandri,months_flowering_peak,"Sep, Nov (tied)",,,chart shows both Sep and Nov at 100% fully open; THIN SAMPLE (19 total records)
Banksia solandri,months_fruiting_cones_present,uncertain - not confidently isolated from chart,,,LOW CONFIDENCE - flag for manual check
Banksia speciosa,growth_form,tree,216,41,
Banksia speciosa,growth_form,shrub,216,55,
Banksia speciosa,growth_form,unspecified,216,4,
Banksia speciosa,growth_response,"killed, new seedlings",24,71,
Banksia speciosa,growth_response,unspecified,24,29,
Banksia speciosa,flowering_response,occurred after fire,7,,
Banksia speciosa,flowering_response,median time to flowering: 25-36 months,7,,
Banksia speciosa,flowering_response,minimum time to flowering: 1-12 months,7,,
Banksia speciosa,flowering_response,not occurred after fire,12,,
Banksia speciosa,flowering_response,median time to no flowering: 13-24 months,12,,
Banksia speciosa,flowering_response,maximum time to no flowering: 25-36 months,12,,
Banksia speciosa,pollinator_type,bird,143,24,
Banksia speciosa,pollinator_type,"butterflies, moths",143,1,
Banksia speciosa,pollinator_type,"bees, wasps, ants",143,22,
Banksia speciosa,pollinator_type,flies,143,8,
Banksia speciosa,pollinator_type,beetles,143,4,
Banksia speciosa,pollinator_type,no pollinator observed,143,41,
Banksia speciosa,specific_pollinator,honeyeater (unspecified),11,,
Banksia speciosa,specific_pollinator,New Holland Honeyeater,11,,
Banksia speciosa,specific_pollinator,Fuscous Honeyeater,4,,
Banksia speciosa,specific_pollinator,wattlebird (unspecified),1,,
Banksia speciosa,specific_pollinator,Little Wattlebird,8,,
Banksia speciosa,specific_pollinator,Western Spinebill,2,,
Banksia speciosa,specific_pollinator,Grey Butcherbird,1,,
Banksia speciosa,specific_pollinator,flycatchers and allies (unspecified),1,,
Banksia speciosa,specific_pollinator,thornbill (unspecified),1,,
Banksia speciosa,specific_pollinator,ant,22,,
Banksia speciosa,specific_pollinator,bee (unspecified),11,,
Banksia speciosa,specific_pollinator,blowfly,1,,
Banksia speciosa,specific_pollinator,aphid,2,,
Banksia speciosa,months_flowering_range,Oct-Apr,,,text: 'The main flowering period is from October to April when the large conspicuous flowers attract many honey-eating birds and insects'; often co-occurs with B. petiolaris and B. pulchella
Banksia speciosa,months_flowering_peak,Feb,,,tallest 'fully open' bar in chart (~90%)
Banksia speciosa,months_fruiting_cones_present,uncertain - not confidently isolated from chart,,,LOW CONFIDENCE - flag for manual check
Banksia sphaerocarpa,growth_form,tree,433,13,
Banksia sphaerocarpa,growth_form,shrub,433,87,
Banksia sphaerocarpa,growth_response,ground resprout,59,36,
Banksia sphaerocarpa,growth_response,"ground resprout and killed, new seedlings",59,5,
Banksia sphaerocarpa,growth_response,ground resprout and trunk resprout,59,3,
Banksia sphaerocarpa,growth_response,"killed, new seedlings",59,10,
Banksia sphaerocarpa,growth_response,trunk resprout,59,3,
Banksia sphaerocarpa,growth_response,unspecified,59,42,
Banksia sphaerocarpa,flowering_response,occurred after fire,45,,
Banksia sphaerocarpa,flowering_response,median time to flowering: 13-24 months,45,,
Banksia sphaerocarpa,flowering_response,minimum time to flowering: <1 month,45,,
Banksia sphaerocarpa,flowering_response,not occurred after fire,9,,
Banksia sphaerocarpa,flowering_response,median time to no flowering: 1-12 months,9,,
Banksia sphaerocarpa,flowering_response,maximum time to no flowering: 25-36 months,9,,
Banksia sphaerocarpa,pollinator_type,bird,166,4,
Banksia sphaerocarpa,pollinator_type,"bees, wasps, ants",166,19,
Banksia sphaerocarpa,pollinator_type,flies,166,3,
Banksia sphaerocarpa,pollinator_type,beetles,166,1,
Banksia sphaerocarpa,pollinator_type,no pollinator observed,166,73,
Banksia sphaerocarpa,specific_pollinator,flycatchers and allies (unspecified),1,,
Banksia sphaerocarpa,specific_pollinator,ant,11,,
Banksia sphaerocarpa,specific_pollinator,bee (unspecified),21,,
Banksia sphaerocarpa,specific_pollinator,European honey bee,1,,
Banksia sphaerocarpa,months_flowering_range,"Jan-Aug, plus Dec",,,"no single Discussion sentence for the species as a whole - the account focuses on the three recognised varieties (caesia, dolichostyla, sphaerocarpa), each with its own flowering-season statement; about 10% of Atlas records did not specify variety"
Banksia sphaerocarpa,months_flowering_peak,Apr-May,,,"chart shows Apr and May both ~65% fully open, the tallest bars"
Banksia sphaerocarpa,months_fruiting_cones_present,uncertain - not confidently isolated from chart,,,LOW CONFIDENCE - flag for manual check
Banksia sphaerocarpa var. caesia,growth_form,shrub,98,100,
Banksia sphaerocarpa var. caesia,growth_response,ground resprout,3,67,
Banksia sphaerocarpa var. caesia,growth_response,unspecified,3,33,
Banksia sphaerocarpa var. caesia,flowering_response,occurred after fire,3,,
Banksia sphaerocarpa var. caesia,flowering_response,median time to flowering: 13-24 months,3,,
Banksia sphaerocarpa var. caesia,flowering_response,minimum time to flowering: 1-12 months,3,,
Banksia sphaerocarpa var. caesia,flowering_response,not occurred after fire,0,,
Banksia sphaerocarpa var. caesia,pollinator_type,bird,31,3,
Banksia sphaerocarpa var. caesia,pollinator_type,"bees, wasps, ants",31,13,
Banksia sphaerocarpa var. caesia,pollinator_type,no pollinator observed,31,84,
Banksia sphaerocarpa var. caesia,specific_pollinator,flycatchers and allies (unspecified),1,,
Banksia sphaerocarpa var. caesia,specific_pollinator,ant,3,,
Banksia sphaerocarpa var. caesia,specific_pollinator,bee (unspecified),1,,
Banksia sphaerocarpa var. caesia,months_flowering_range,Mar-Jun,,,"text: 'Atlas records suggest the main flowering period is from March to July which is shorter than the January to July period stated by George (1981)' - chart's fully open bars run Mar-Jun, with Jul at 0%"
Banksia sphaerocarpa var. caesia,months_flowering_peak,May,,,tallest fully open bar in chart (~100%)
Banksia sphaerocarpa var. caesia,months_fruiting_cones_present,uncertain - not confidently isolated from chart,,,LOW CONFIDENCE - flag for manual check
Banksia sphaerocarpa var. dolichostyla,growth_form,tree,5,40,
Banksia sphaerocarpa var. dolichostyla,growth_form,shrub,5,60,
Banksia sphaerocarpa var. dolichostyla,growth_response,no fire-response records,0,,
Banksia sphaerocarpa var. dolichostyla,pollinator_type,"bees, wasps, ants",1,100,
Banksia sphaerocarpa var. dolichostyla,specific_pollinator,ant,1,,
Banksia sphaerocarpa var. dolichostyla,months_flowering_range,Apr,,,"text: 'It flowers from March to May (George 1981)'; THIN SAMPLE (5 total records: Feb, Apr, Oct, Nov, Dec each =1) - chart's only fully open bar is Apr (Feb shows bud); Oct-Dec show flowers finished/fruiting cones present rather than flowering, consistent with fruiting several months after an April flowering"
Banksia sphaerocarpa var. dolichostyla,months_flowering_peak,Apr,,,only month with a fully open bar; THIN SAMPLE
Banksia sphaerocarpa var. dolichostyla,months_fruiting_cones_present,Oct-Dec,,,"chart shows flowers finished/fruiting cones present pattern at Oct, Nov, Dec (thin sample, 1 record/month)"
Banksia sphaerocarpa var. sphaerocarpa,growth_form,shrub,283,100,
Banksia sphaerocarpa var. sphaerocarpa,growth_response,ground resprout,48,35,
Banksia sphaerocarpa var. sphaerocarpa,growth_response,"ground resprout and killed, new seedlings",48,4,
Banksia sphaerocarpa var. sphaerocarpa,growth_response,ground resprout and trunk resprout,48,4,
Banksia sphaerocarpa var. sphaerocarpa,growth_response,"killed, new seedlings",48,8,
Banksia sphaerocarpa var. sphaerocarpa,growth_response,trunk resprout,48,4,
Banksia sphaerocarpa var. sphaerocarpa,growth_response,unspecified,48,44,
Banksia sphaerocarpa var. sphaerocarpa,flowering_response,occurred after fire,36,,
Banksia sphaerocarpa var. sphaerocarpa,flowering_response,median time to flowering: 13-24 months,36,,
Banksia sphaerocarpa var. sphaerocarpa,flowering_response,minimum time to flowering: <1 month,36,,
Banksia sphaerocarpa var. sphaerocarpa,flowering_response,not occurred after fire,8,,
Banksia sphaerocarpa var. sphaerocarpa,flowering_response,median time to no flowering: 1-12 months,8,,
Banksia sphaerocarpa var. sphaerocarpa,flowering_response,maximum time to no flowering: 25-36 months,8,,
Banksia sphaerocarpa var. sphaerocarpa,pollinator_type,bird,111,4,
Banksia sphaerocarpa var. sphaerocarpa,pollinator_type,"bees, wasps, ants",111,15,
Banksia sphaerocarpa var. sphaerocarpa,pollinator_type,flies,111,2,
Banksia sphaerocarpa var. sphaerocarpa,pollinator_type,no pollinator observed,111,77,
Banksia sphaerocarpa var. sphaerocarpa,specific_pollinator,ant,5,,
Banksia sphaerocarpa var. sphaerocarpa,specific_pollinator,bee (unspecified),13,,
Banksia sphaerocarpa var. sphaerocarpa,specific_pollinator,European honey bee,1,,
Banksia sphaerocarpa var. sphaerocarpa,months_flowering_range,flowers recorded in all months except Sep and Nov; main period Feb-May,,,text: 'flowers have been recorded in all months of the year except September and November though the main flowering period is from February to May. There does not appear to be a dominant season for new shoot growth'
Banksia sphaerocarpa var. sphaerocarpa,months_flowering_peak,Apr-May,,,"chart shows Apr and May both ~90% fully open, the tallest bars"
Banksia sphaerocarpa var. sphaerocarpa,months_fruiting_cones_present,uncertain - not confidently isolated from chart,,,LOW CONFIDENCE - flag for manual check
Banksia spinulosa,growth_form,tree,1386,9,
Banksia spinulosa,growth_form,shrub,1386,89,
Banksia spinulosa,growth_form,unspecified,1386,2,
Banksia spinulosa,growth_response,ground resprout,235,49,
Banksia spinulosa,growth_response,"ground resprout and killed, new seedlings",235,1,
Banksia spinulosa,growth_response,"killed, new seedlings",235,12,
Banksia spinulosa,growth_response,trunk resprout,235,3,
Banksia spinulosa,growth_response,"killed, no seedlings",235,4,
Banksia spinulosa,growth_response,unspecified,235,31,
Banksia spinulosa,flowering_response,occurred after fire,125,,
Banksia spinulosa,flowering_response,median time to flowering: 25-36 months,125,,
Banksia spinulosa,flowering_response,minimum time to flowering: <1 month,125,,
Banksia spinulosa,flowering_response,not occurred after fire,35,,
Banksia spinulosa,flowering_response,median time to no flowering: 13-24 months,35,,
Banksia spinulosa,flowering_response,maximum time to no flowering: 49-60 months,35,,
Banksia spinulosa,pollinator_type,bird,859,7,
Banksia spinulosa,pollinator_type,"bees, wasps, ants",859,5,
Banksia spinulosa,pollinator_type,flies,859,0.1,
Banksia spinulosa,pollinator_type,mammal,859,0.5,
Banksia spinulosa,pollinator_type,no pollinator observed,859,87,
Banksia spinulosa,specific_pollinator,honeyeater (unspecified),10,,
Banksia spinulosa,specific_pollinator,New Holland Honeyeater,8,,
Banksia spinulosa,specific_pollinator,White-eared Honeyeater,4,,
Banksia spinulosa,specific_pollinator,Yellow-faced Honeyeater,3,,
Banksia spinulosa,specific_pollinator,White-plumed Honeyeater,1,,
Banksia spinulosa,specific_pollinator,Lewin's Honeyeater,1,,
Banksia spinulosa,specific_pollinator,Crescent Honeyeater,3,,
Banksia spinulosa,specific_pollinator,White-cheeked Honeyeater,1,,
Banksia spinulosa,specific_pollinator,Brown Honeyeater,1,,
Banksia spinulosa,specific_pollinator,Eastern Spinebill,2,,
Banksia spinulosa,specific_pollinator,Noisy Miner,1,,
Banksia spinulosa,specific_pollinator,wattlebird (unspecified),3,,
Banksia spinulosa,specific_pollinator,Red Wattlebird,7,,
Banksia spinulosa,specific_pollinator,Noisy Friarbird,3,,
Banksia spinulosa,specific_pollinator,Eastern Yellow Robin,1,,
Banksia spinulosa,specific_pollinator,ant,15,,
Banksia spinulosa,specific_pollinator,bee (unspecified),19,,
Banksia spinulosa,specific_pollinator,native bee,2,,
Banksia spinulosa,specific_pollinator,European honey bee,9,,
Banksia spinulosa,specific_pollinator,European wasp,1,,
Banksia spinulosa,specific_pollinator,Brown Antechinus,4,,
Banksia spinulosa,specific_pollinator,Pygmy-possum,1,,
Banksia spinulosa,months_flowering_range,Jan-Oct,,,"text: 'Flowering peaks in autumn, but was recorded from January to October.' Four varieties are recognised (cunninghamii, neoanglica, collina, spinulosa) but not given separate data pages in this atlas - volunteers had difficulty distinguishing atypical/intermediate forms"
Banksia spinulosa,months_flowering_peak,Jun,,,"tallest fully open bar in chart (~90%), consistent with the text's peaks in autumn (though Jun is technically early winter)"
Banksia spinulosa,months_fruiting_cones_present,uncertain - not confidently isolated from chart,,,LOW CONFIDENCE - flag for manual check
Banksia spinulosa var. collina,growth_form,tree,191,2,
Banksia spinulosa var. collina,growth_form,shrub,191,98,
Banksia spinulosa var. collina,growth_response,ground resprout,45,69,
Banksia spinulosa var. collina,growth_response,"ground resprout and killed, new seedlings",45,2,
Banksia spinulosa var. collina,growth_response,unspecified,45,29,
Banksia spinulosa var. collina,flowering_response,occurred after fire,23,,
Banksia spinulosa var. collina,flowering_response,median time to flowering: 13-24 months,23,,
Banksia spinulosa var. collina,flowering_response,minimum time to flowering: <1 month,23,,
Banksia spinulosa var. collina,flowering_response,not occurred after fire,6,,
Banksia spinulosa var. collina,flowering_response,median time to no flowering: 12-13 months,6,,
Banksia spinulosa var. collina,flowering_response,maximum time to no flowering: 13-24 months,6,,
Banksia spinulosa var. collina,pollinator_type,bird,87,10,
Banksia spinulosa var. collina,pollinator_type,"bees, wasps, ants",87,9,
Banksia spinulosa var. collina,pollinator_type,no pollinator observed,87,80,
Banksia spinulosa var. collina,specific_pollinator,Brown Honeyeater,2,,
Banksia spinulosa var. collina,specific_pollinator,White-cheeked Honeyeater,1,,
Banksia spinulosa var. collina,specific_pollinator,White-eared Honeyeater,1,,
Banksia spinulosa var. collina,specific_pollinator,Lewin's Honeyeater,1,,
Banksia spinulosa var. collina,specific_pollinator,Eastern Spinebill,2,,
Banksia spinulosa var. collina,specific_pollinator,Noisy Friarbird,2,,
Banksia spinulosa var. collina,specific_pollinator,ant,2,,
Banksia spinulosa var. collina,specific_pollinator,bee (unspecified),4,,
Banksia spinulosa var. collina,specific_pollinator,European honey bee,2,,
Banksia spinulosa var. collina,months_flowering_range,Feb-Sep,,,text: 'The main flowering period is from late summer to early spring'
Banksia spinulosa var. collina,months_flowering_peak,Feb,,,tallest 'fully open' bar in chart (~100%); Jun also high (~90%)
Banksia spinulosa var. collina,months_fruiting_cones_present,uncertain - not confidently isolated from chart,,,LOW CONFIDENCE - flag for manual check
Banksia spinulosa var. cunninghamii,growth_form,tree,331,27,
Banksia spinulosa var. cunninghamii,growth_form,shrub,331,70,
Banksia spinulosa var. cunninghamii,growth_form,unspecified,331,2,
Banksia spinulosa var. cunninghamii,growth_response,ground resprout,50,2,
Banksia spinulosa var. cunninghamii,growth_response,"killed, new seedlings",50,42,
Banksia spinulosa var. cunninghamii,growth_response,"killed, no seedlings",50,16,
Banksia spinulosa var. cunninghamii,growth_response,unspecified,50,40,
Banksia spinulosa var. cunninghamii,flowering_response,occurred after fire,27,,
Banksia spinulosa var. cunninghamii,flowering_response,median time to flowering: 13-24 months,27,,
Banksia spinulosa var. cunninghamii,flowering_response,minimum time to flowering: <1 month,27,,
Banksia spinulosa var. cunninghamii,flowering_response,not occurred after fire,10,,
Banksia spinulosa var. cunninghamii,flowering_response,median time to no flowering: 13-24 months,10,,
Banksia spinulosa var. cunninghamii,flowering_response,maximum time to no flowering: 25-36 months,10,,
Banksia spinulosa var. cunninghamii,pollinator_type,bird,223,5,
Banksia spinulosa var. cunninghamii,pollinator_type,"bees, wasps, ants",223,2,
Banksia spinulosa var. cunninghamii,pollinator_type,no pollinator observed,223,92,
Banksia spinulosa var. cunninghamii,specific_pollinator,honeyeater (unspecified),6,,
Banksia spinulosa var. cunninghamii,specific_pollinator,Crescent Honeyeater,2,,
Banksia spinulosa var. cunninghamii,specific_pollinator,wattlebird (unspecified),2,,
Banksia spinulosa var. cunninghamii,specific_pollinator,Red Wattlebird,2,,
Banksia spinulosa var. cunninghamii,specific_pollinator,Eastern Spinebill,5,,
Banksia spinulosa var. cunninghamii,specific_pollinator,ant,1,,
Banksia spinulosa var. cunninghamii,specific_pollinator,bee (unspecified),2,,
Banksia spinulosa var. cunninghamii,specific_pollinator,European honey bee,1,,
Banksia spinulosa var. cunninghamii,specific_pollinator,European wasp,1,,
Banksia spinulosa var. cunninghamii,specific_pollinator,Brown Antechinus,1,,
Banksia spinulosa var. cunninghamii,months_flowering_range,Apr-Aug,,,"text: 'The main flowering period is largely from April to August'; unlike the other varieties, var. cunninghamii is non-lignotuberous, killed by fire and regenerating from seedling regrowth (may take 3+ years, though flowering was recorded just 18 months post-fire at Bastion Point, Victoria)"
Banksia spinulosa var. cunninghamii,months_flowering_peak,May,,,tallest 'fully open' bar in chart (~100%)
Banksia spinulosa var. cunninghamii,months_fruiting_cones_present,uncertain - not confidently isolated from chart,,,LOW CONFIDENCE - flag for manual check
Banksia spinulosa var. neoanglica,growth_form,shrub,35,100,
Banksia spinulosa var. neoanglica,growth_response,ground resprout,14,57,
Banksia spinulosa var. neoanglica,growth_response,"killed, new seedlings",14,7,
Banksia spinulosa var. neoanglica,growth_response,unspecified,14,36,
Banksia spinulosa var. neoanglica,flowering_response,occurred after fire,9,,
Banksia spinulosa var. neoanglica,flowering_response,median time to flowering: 49-60 months,9,,
Banksia spinulosa var. neoanglica,flowering_response,minimum time to flowering: <1 month,9,,
Banksia spinulosa var. neoanglica,flowering_response,not occurred after fire,1,,
Banksia spinulosa var. neoanglica,flowering_response,maximum time to no flowering: 49-60 months,1,,
Banksia spinulosa var. neoanglica,pollinator_type,bird,10,40,
Banksia spinulosa var. neoanglica,pollinator_type,"bees, wasps, ants",10,10,
Banksia spinulosa var. neoanglica,pollinator_type,no pollinator observed,10,50,
Banksia spinulosa var. neoanglica,specific_pollinator,Eastern Spinebill,2,,
Banksia spinulosa var. neoanglica,months_flowering_range,"May, Jul-Aug",,,"text: 'the relatively small amount of flowering data available suggests that it flowers from May to August'; a newly recognised variety (George 1987), about one-quarter of records were of plants resprouting from lignotubers post-fire"
Banksia spinulosa var. neoanglica,months_flowering_peak,Jul-Aug (tied),,,"chart shows both at 100% 'fully open'; a Dec bar (7 records) shows only 'majority in bud', not 'fully open'"
Banksia spinulosa var. neoanglica,months_fruiting_cones_present,uncertain - not confidently isolated from chart,,,LOW CONFIDENCE - flag for manual check
Banksia spinulosa var. spinulosa,growth_form,tree,765,0.1,
Banksia spinulosa var. spinulosa,growth_form,shrub,765,100,
Banksia spinulosa var. spinulosa,growth_response,ground resprout,103,59,
Banksia spinulosa var. spinulosa,growth_response,"ground resprout and killed, new seedlings",103,1,
Banksia spinulosa var. spinulosa,growth_response,ground resprout and trunk resprout,103,1,
Banksia spinulosa var. spinulosa,growth_response,"killed, new seedlings",103,4,
Banksia spinulosa var. spinulosa,growth_response,trunk resprout,103,7,
Banksia spinulosa var. spinulosa,growth_response,unspecified,103,28,
Banksia spinulosa var. spinulosa,flowering_response,occurred after fire,59,,
Banksia spinulosa var. spinulosa,flowering_response,median time to flowering: 25-36 months,59,,
Banksia spinulosa var. spinulosa,flowering_response,minimum time to flowering: <1 month,59,,
Banksia spinulosa var. spinulosa,flowering_response,not occurred after fire,13,,
Banksia spinulosa var. spinulosa,flowering_response,median time to no flowering: 13-24 months,13,,
Banksia spinulosa var. spinulosa,flowering_response,maximum time to no flowering: 25-36 months,13,,
Banksia spinulosa var. spinulosa,pollinator_type,bird,498,5,
Banksia spinulosa var. spinulosa,pollinator_type,"bees, wasps, ants",498,5,
Banksia spinulosa var. spinulosa,pollinator_type,flies,498,1,
Banksia spinulosa var. spinulosa,pollinator_type,no pollinator observed,498,89,
Banksia spinulosa var. spinulosa,specific_pollinator,honeyeater (unspecified),3,,
Banksia spinulosa var. spinulosa,specific_pollinator,New Holland Honeyeater,5,,
Banksia spinulosa var. spinulosa,specific_pollinator,White-eared Honeyeater,1,,
Banksia spinulosa var. spinulosa,specific_pollinator,White-plumed Honeyeater,2,,
Banksia spinulosa var. spinulosa,specific_pollinator,Yellow-faced Honeyeater,1,,
Banksia spinulosa var. spinulosa,specific_pollinator,Crescent Honeyeater,1,,
Banksia spinulosa var. spinulosa,specific_pollinator,Noisy Miner,1,,
Banksia spinulosa var. spinulosa,specific_pollinator,wattlebird (unspecified),1,,
Banksia spinulosa var. spinulosa,specific_pollinator,Red Wattlebird,5,,
Banksia spinulosa var. spinulosa,specific_pollinator,Eastern Spinebill,11,,
Banksia spinulosa var. spinulosa,specific_pollinator,Noisy Friarbird,1,,
Banksia spinulosa var. spinulosa,specific_pollinator,Eastern Yellow Robin,1,,
Banksia spinulosa var. spinulosa,specific_pollinator,ant,12,,
Banksia spinulosa var. spinulosa,specific_pollinator,bee (unspecified),8,,
Banksia spinulosa var. spinulosa,specific_pollinator,native bee,1,,
Banksia spinulosa var. spinulosa,specific_pollinator,European honey bee,4,,
Banksia spinulosa var. spinulosa,specific_pollinator,Brown Antechinus,1,,
Banksia spinulosa var. spinulosa,months_flowering_range,Mar-Aug,,,text: 'Flowering is from March to July' (chart shows a small residual bar into Aug)
Banksia spinulosa var. spinulosa,months_flowering_peak,Jun,,,tallest 'fully open' bar in chart (~100%)
Banksia spinulosa var. spinulosa,months_fruiting_cones_present,uncertain - not confidently isolated from chart,,,LOW CONFIDENCE - flag for manual check
Banksia telmatiaea,growth_form,shrub,43,93,
Banksia telmatiaea,growth_form,unspecified,43,7,
Banksia telmatiaea,growth_response,"killed, new seedlings",4,25,
Banksia telmatiaea,growth_response,"killed, no seedlings",4,50,
Banksia telmatiaea,growth_response,unspecified,4,25,
Banksia telmatiaea,flowering_response,occurred after fire,1,,
Banksia telmatiaea,flowering_response,minimum time to flowering: 13-24 months,1,,
Banksia telmatiaea,flowering_response,not occurred after fire,0,,
Banksia telmatiaea,pollinator_type,bird,9,11,
Banksia telmatiaea,pollinator_type,"bees, wasps, ants",9,11,
Banksia telmatiaea,pollinator_type,no pollinator observed,9,78,
Banksia telmatiaea,specific_pollinator,Red Wattlebird,1,,
Banksia telmatiaea,specific_pollinator,bee (unspecified),1,,
Banksia telmatiaea,months_flowering_range,"Apr-Aug, plus a record in Nov",,,text: 'the main flowering period is April to August though flowers have also been recorded in November'
Banksia telmatiaea,months_flowering_peak,Jun,,,tallest 'fully open' bar in chart (~100%)
Banksia telmatiaea,months_fruiting_cones_present,uncertain - not confidently isolated from chart,,,LOW CONFIDENCE - flag for manual check
Banksia tricuspis,growth_form,tree,13,15,
Banksia tricuspis,growth_form,shrub,13,85,
Banksia tricuspis,growth_response,"killed, new seedlings and trunk resprout",4,75,
Banksia tricuspis,growth_response,trunk resprout,4,25,
Banksia tricuspis,flowering_response,occurred after fire,2,,
Banksia tricuspis,flowering_response,median time to flowering: 36-37 months,2,,
Banksia tricuspis,flowering_response,minimum time to flowering: 1-12 months,2,,
Banksia tricuspis,flowering_response,not occurred after fire,1,,
Banksia tricuspis,flowering_response,maximum time to no flowering: <1 month,1,,
Banksia tricuspis,pollinator_type,bird,7,29,
Banksia tricuspis,pollinator_type,"bees, wasps, ants",7,29,
Banksia tricuspis,pollinator_type,mammal,7,14,
Banksia tricuspis,pollinator_type,no pollinator observed,7,29,
Banksia tricuspis,specific_pollinator,Brown Honeyeater,1,,
Banksia tricuspis,specific_pollinator,Western Spinebill,1,,
Banksia tricuspis,specific_pollinator,European honey bee,1,,
Banksia tricuspis,specific_pollinator,Honey-possum,1,,
Banksia tricuspis,months_flowering_range,May-Jul,,,"text: 'Atlas contributors recorded the flowering period as May-July, though [Van Leeuwen (1985)] defined it as March-August. [Van Leeuwen] stated that the species is probably pollinated by birds, mammals and insects with the Brown Honeyeater and Honey-possum being the most important.' Seedlings are killed by fire and do not tolerate burning until at least 20 years of age (Van Leeuwen 1985)"
Banksia tricuspis,months_flowering_peak,May-Jun (tied),,,chart shows both at 100% 'fully open'; THIN SAMPLE (13 total records)
Banksia tricuspis,months_fruiting_cones_present,uncertain - not confidently isolated from chart,,,LOW CONFIDENCE - flag for manual check
Banksia verticillata,growth_form,tree,21,38,
Banksia verticillata,growth_form,shrub,21,62,
Banksia verticillata,growth_response,ground resprout and trunk resprout,3,33,
Banksia verticillata,growth_response,unspecified,3,67,
Banksia verticillata,flowering_response,occurred after fire,2,,
Banksia verticillata,flowering_response,median time to flowering: 12-13 months,2,,
Banksia verticillata,flowering_response,minimum time to flowering: 1-12 months,2,,
Banksia verticillata,flowering_response,not occurred after fire,1,,
Banksia verticillata,flowering_response,maximum time to no flowering: 25-36 months,1,,
Banksia verticillata,pollinator_type,bird,3,33,
Banksia verticillata,pollinator_type,no pollinator observed,3,67,
Banksia verticillata,specific_pollinator,New Holland Honeyeater,1,,
Banksia verticillata,months_flowering_range,Mar-Apr,,,"DISCREPANCY FLAGGED: text states 'George (1981) stated the flowering period to be January to April but [there were] no records at all from January and February. Atlas records [show] it flowering in March and April' - chart confirms 'fully open' only Mar (~65%) and Apr (100%), zero in Jan-Feb"
Banksia verticillata,months_flowering_peak,Apr,,,tallest 'fully open' bar in chart (100%)
Banksia verticillata,months_fruiting_cones_present,uncertain - not confidently isolated from chart,,,LOW CONFIDENCE - flag for manual check
Banksia victoriae,growth_form,tree,23,4,
Banksia victoriae,growth_form,shrub,23,91,
Banksia victoriae,growth_form,unspecified,23,4,
Banksia victoriae,growth_response,"killed, new seedlings",1,100,
Banksia victoriae,pollinator_type,no pollinator observed,2,100,
Banksia victoriae,months_flowering_range,Jan,,,"text: 'Atlas records show the species to be flowering in January though lack of data from adjoining months prevent an assessment of the entire flowering period. However, George (1981) defined it as January and February.' Chart's only 'fully open' bar (partial, ~15%) is in Jan; Aug and Sep, despite having the most total records (7 and 10), show only 'majority in bud'"
Banksia victoriae,months_flowering_peak,Jan,,,only month with any 'fully open' signal in the chart
Banksia victoriae,months_fruiting_cones_present,not known,,,"only 1 fire-response record; text notes deep yellow sands are strongly preferred, often co-occurring with B. attenuata and B. sceptrum"
Banksia violacea,growth_form,shrub,166,100,
Banksia violacea,growth_response,"killed, new seedlings",12,58,
Banksia violacea,growth_response,"killed, no seedlings",12,25,
Banksia violacea,growth_response,unspecified,12,17,
Banksia violacea,flowering_response,occurred after fire,4,,
Banksia violacea,flowering_response,median time to flowering: 49-60 months,4,,
Banksia violacea,flowering_response,minimum time to flowering: 37-48 months,4,,
Banksia violacea,flowering_response,not occurred after fire,4,,
Banksia violacea,flowering_response,median time to no flowering: 24-25 months,4,,
Banksia violacea,flowering_response,maximum time to no flowering: 49-60 months,4,,
Banksia violacea,pollinator_type,"bees, wasps, ants",36,11,
Banksia violacea,pollinator_type,flies,36,3,
Banksia violacea,pollinator_type,no pollinator observed,36,86,
Banksia violacea,specific_pollinator,ant,3,,
Banksia violacea,months_flowering_range,Nov-Apr,,,"text: 'The flowering period appears to be from November to April, but even in the most floriferous month (February) less than 50% of recorded populations were in full flower. In January, not one of the nine records was of plants in full flower.' Chart confirms 'fully open' bars only reach ~35% at their tallest (Feb), consistent with this low-full-flower-rate description; species is generally non-lignotuberous (killed by fire, regenerates from seed) except a lignotuberous population recorded near Woodanilling"
Banksia violacea,months_flowering_peak,Feb,,,"tallest 'fully open' bar in chart (~35%, matching the text's description of low full-flower rates even at peak)"
Banksia violacea,months_fruiting_cones_present,uncertain - not confidently isolated from chart,,,LOW CONFIDENCE - flag for manual check; this is the final species account in the Atlas (B genus ends alphabetically at violacea)
