Site,Plot,site_code,original_code,taxon_code,individual_number,sample_type,Field_name,species_name,Species,Height_(mm),Diameter_(mm),Diameter_at_base_(mm),Flowering,Seeds_or_Buds,Seed_v_sprout,Sample taken,Measured,Leaf_dry_mass,Leaf_dry_mass_2,Leaf_dry_mass_3,Stem-volume,Stem dry weight (g),Stem_specific_density,Biomass_weight,Biomass_weight_2,Biomass_weight_3,Biomass_weight_4,Biomass state (mouldy/fresh),time_since_fire,leaf_scan_n_images,leaf_scan_n_leaves,leaf_scan_compound,leaf_scan_area_tot_cm2,nitrogen_sample_label,nitrogen_sample_pure_mixed,nitrogen_sample_fresh_mouldy,leaf_N_per_dry_mass
Bargo,1,BAR-1,BAR-1-ALLS-1,ALLS,1,individual,ALLS,Acacia myrtifolia,,534,2.1,5.2,n,buds,seed,y,1,0.451,,,482.9825248,0.315,6.521975099004658e-4,17.65,,,,,14_months,1,5,FALSE,31.326,,,,
Bargo,1,BAR-1,BAR-1-ALLS-2,ALLS,2,individual,ALLS,Acacia myrtifolia,,379,2.4,2.9,n,,seed,y,2,0.589,,,327.9203138,0.186,5.672109722163849e-4,8.03,,,,,14_months,1,5,FALSE,43.189,,,,
Bargo,1,BAR-1,BAR-1-ALLS-3,ALLS,3,individual,ALLS,Acacia myrtifolia,,663,2.3,4.1,n,,seed,y,3,0.513,,,876.1108571,0.501,5.718454416354932e-4,29.29,,,,Fresh,14_months,1,5,FALSE,44.315999999999995,,,,
Bargo,1,BAR-1,,ALLS,,individual,ALLS,Acacia myrtifolia,,755,2,7,n,,seed,n,4,,,,,,,,,,,,14_months,,,,,,,,
Bargo,1,BAR-1,,ALLS,,individual,ALLS,Acacia myrtifolia,,636,4,4.9,n,,seed,n,4,,,,,,,,,,,,14_months,,,,,,,,
Bargo,1,BAR-1,,ALLS,,individual,ALLS,Acacia myrtifolia,,765,2.9,6,n,,seed,n,5,,,,,,,,,,,,14_months,,,,,,,,
Bargo,1,BAR-1,,ALLS,,individual,ALLS,Acacia myrtifolia,,796,2.5,6,n,,seed,n,6,,,,,,,,,,,,14_months,,,,,,,,
Bargo,1,BAR-1,BAR-1-ALLS,ALLS,,pooled_nitrogen_sample,,Acacia myrtifolia,,,,,,,,,,,,,,,,,,,,,14_months,,,,,9,Pure,Fresh,1.58
Bargo,1,BAR-1,BAR-1-BS-1,BS,1,individual,BS,Banksia serrata,,179,,4,n,,seed,y,1,1.763,,,353.7063602,0.238,6.728745275188863e-4,2.17,,,,,14_months,1,5,FALSE,101.305,,,,
Bargo,1,BAR-1,BAR-1-BS-2,BS,2,individual,BS,Banksia serrata,,181,,2.4,n,,seed,y,2,1.056,,,190.6801638,0.134,7.027474558945182e-4,1.55,,,,,14_months,1,5,FALSE,68.825,,,,
Bargo,1,BAR-1,BAR-1-BS-3,BS,3,individual,BS,Banksia serrata,,178,,8.1,n,,seed,y,3,2.012,,,1244.690075,0.503,4.041166633388637e-4,45.1,,,,,14_months,1,5,FALSE,102.063,,,,
Bargo,1,BAR-1,,BS,,individual,BS,Banksia serrata,,193,,6.5,n,,seed,n,4,,,,,,,,,,,,14_months,,,,,,,,
Bargo,1,BAR-1,,BS,,individual,BS,Banksia serrata,,349,2.5,5,n,,seed,n,5,,,,,,,,,,,,14_months,,,,,,,,
Bargo,1,BAR-1,BAR-1-BS,BS,,pooled_nitrogen_sample,,Banksia serrata,,,,,,,,,,,,,,,,,,,,,14_months,,,,,16,Pure,Fresh,0.58
Bargo,1,BAR-1,BAR-1-BSNL-1,BSNL,1,individual,BSNL,BSNL-unidentified,,555,1.5,4.3,n,,seed,y,1,0.019,,,512.363873,0.288,5.621005210880666e-4,46.1,,,,,14_months,1,5,FALSE,1.246,,,,
Bargo,1,BAR-1,BAR-1-BSNL-2,BSNL,2,individual,BSNL,BSNL-unidentified,,1680,1.9,8,n,,seed,y,2,0.031,,,1124.744441,0.669,5.948017839547606e-4,35.36,,,,,14_months,1,5,FALSE,2.49,,,,
Bargo,1,BAR-1,BAR-1-BSNL-3,BSNL,3,individual,BSNL,BSNL-unidentified,,1007,2,7.1,n,,seed,y,3,0.027,,,2706.049546,1.281,4.733837936905239e-4,20.15,,,,,14_months,1,5,FALSE,1.657,,,,
Bargo,1,BAR-1,,BSNL,,individual,BSNL,BSNL-unidentified,,974,1.7,8.2,n,,seed,n,4,,,,,,,,,,,,14_months,,,,,,,,
Bargo,1,BAR-1,,BSNL,,individual,BSNL,BSNL-unidentified,,2116,2.9,17,n,,seed,n,5,,,,,,,,,,,,14_months,,,,,,,,
Bargo,1,BAR-1,,BSNL,,individual,BSNL,BSNL-unidentified,,1424,2.1,7.9,n,,seed,n,6,,,,,,,,,,,,14_months,,,,,,,,
Bargo,1,BAR-1,BAR-1-BSNL,BSNL,,pooled_nitrogen_sample,,BSNL-unidentified,,,,,,,,,,,,,,,,,,,,,14_months,,,,,8,Mixed,Fresh,2.49
Bargo,1,BAR-1,BAR-1-DP-1,DP,1,individual,DP,Lomandra obliqua,,104,,2.2,n,,seed,y,1,0.015,,,116.0010573,0.061,5.258572759577769e-4,0.65,,,,,14_months,1,5,FALSE,0.755,,,,
Bargo,1,BAR-1,BAR-1-DP-2,DP,2,individual,DP,Lomandra obliqua,,175,,1,n,,seed,y,2,0.023,,,295.0847801,0.152,5.15106200829773e-4,2.36,,,,,14_months,1,5,FALSE,1.105,,,,
Bargo,1,BAR-1,BAR-1-DP-3,DP,3,individual,DP,Lomandra obliqua,,149,,1.9,n,,seed,y,3,0.02,,,163.3188531,0.092,5.63315246548226e-4,0.87,,,,,14_months,1,5,FALSE,0.924,,,,
Bargo,1,BAR-1,,DP,,individual,DP,Lomandra obliqua,,94,,1,n,,seed,n,4,,,,,,,,,,,,14_months,,,,,,,,
Bargo,1,BAR-1,,DP,,individual,DP,Lomandra obliqua,,93,,2.4,n,,seed,n,5,,,,,,,,,,,,14_months,,,,,,,,
Bargo,1,BAR-1,BAR-1-DP,DP,,pooled_nitrogen_sample,,Lomandra obliqua,,,,,,,,,,,,,,,,,,,,,14_months,,,,,7,Mixed,Fresh,1.62
Bargo,1,BAR-1,BAR-1-FSTL-1,FSTL,1,individual,FSTL,FSTL-unidentified,,315,1.9,2.9,n,,seed,y,1,0.363,,,195.9427242,0.141,7.195980385374268e-4,1.7,,,,,14_months,1,5,FALSE,18.732,,,,
Bargo,1,BAR-1,BAR-1-FSTL-2,FSTL,2,individual,FSTL,FSTL-unidentified,,300,1.8,3,n,,seed,y,2,0.259,,,241.150969,0.137,5.681088513478045e-4,1.4,,,,,14_months,1,5,FALSE,16.189,,,,
Bargo,1,BAR-1,BAR-1-FSTL,FSTL,,pooled_nitrogen_sample,,FSTL-unidentified,,,,,,,,,,,,,,,,,,,,,14_months,,,,,10,Pure,Fresh,0.99
Bargo,1,BAR-1,,Fake Mountain Devil,,individual,Fake Mountain Devil,Banksia spinulosa,,726,3.2,6,n,,sprout,n,1,,,,,,,,,,,,14_months,,,,,,,,
Bargo,1,BAR-1,,Fake Mountain Devil,,individual,Fake Mountain Devil,Banksia spinulosa,,836,2.9,19,n,,sprout,n,2,,,,,,,,,,,,14_months,,,,,,,,
Bargo,1,BAR-1,,Fake Mountain Devil,,individual,Fake Mountain Devil,Banksia spinulosa,,822,2,7.5,n,,sprout,n,3,,,,,,,,,,,,14_months,,,,,,,,
Bargo,1,BAR-1,,Fake Mountain Devil,,individual,Fake Mountain Devil,Banksia spinulosa,,970,3.1,10.1,n,,sprout,n,4,,,,,,,,,,,,14_months,,,,,,,,
Bargo,1,BAR-1,,Fake Mountain Devil,,individual,Fake Mountain Devil,Banksia spinulosa,,1055,2.4,8.8,n,,sprout,n,5,,,,,,,,,,,,14_months,,,,,,,,
Bargo,1,BAR-1,,Geebung,,individual,Geebung,Persoonia levis,,553,4.9,13.2,n,,sprout,n,1,,,,,,,,,,,,14_months,,,,,,,,
Bargo,1,BAR-1,,Geebung,,individual,Geebung,Persoonia levis,,740,5.5,9,n,,sprout,n,2,,,,,,,,,,,,14_months,,,,,,,,
Bargo,1,BAR-1,BAR-1-LBL-1,LBL,1,individual,LBL,Poranthera corymbosa,,282,2.8,3.3,n,,seed,y,1,0.026,,,386.2644367,0.189,4.893020999155318e-4,0.68,,,,,14_months,1,5,FALSE,3.088,,,,
Bargo,1,BAR-1,BAR-1-LBL-2,LBL,2,individual,LBL,Poranthera corymbosa,,296,3.4,3.7,n,,seed,y,2,0.032,,,,0.233,,0.86,,,,,14_months,1,5,FALSE,3.093,,,,
Bargo,1,BAR-1,BAR-1-LBL-3,LBL,3,individual,LBL,Poranthera corymbosa,,260,3.9,4.5,n,,seed,y,3,0.043,,,1014.239214,0.327,3.224091471580589e-4,1.55,,,,,14_months,1,5,FALSE,5.503,,,,
Bargo,1,BAR-1,,LBL,,individual,LBL,Poranthera corymbosa,,399,3.9,4.9,n,,seed,n,4,,,,,,,,,,,,14_months,,,,,,,,
Bargo,1,BAR-1,,LBL,,individual,LBL,Poranthera corymbosa,,299,2.9,4.5,n,,seed,n,5,,,,,,,,,,,,14_months,,,,,,,,
Bargo,1,BAR-1,BAR-1-LBL,LBL,,pooled_nitrogen_sample,,Poranthera corymbosa,,,,,,,,,,,,,,,,,,,,,14_months,,,,,12,Mixed,Fresh,1.33
Bargo,1,BAR-1,,Leptospermum,,individual,Leptospermum,Leptospermum,,463,2,3.8,n,,sprout,n,1,,,,,,,,,,,,14_months,,,,,,,,
Bargo,1,BAR-1,BAR-1-MAML-1,MAML,1,individual,MAML,Acacia terminalis,,647,2.9,8.9,n,,seed,y,1,1.621,1.741,1.411,1289.947859,0.621,4.8141480732516955e-4,45.9,,,,Fresh,14_months,3,3,TRUE,315.98,,,,
Bargo,1,BAR-1,BAR-1-MAML-2,MAML,2,individual,MAML,Acacia terminalis,,1342,2.6,9.5,n,,seed,y,2,0.499,0.798,0.477,1189.195117,0.804,6.760875389635493e-4,53.02,,,,,14_months,3,3,TRUE,123.99600000000001,,,,
Bargo,1,BAR-1,BAR-1-MAML-3,MAML,3,individual,MAML,Acacia terminalis,,1089,3.4,7.4,n,,seed,y,3,0.761,0.94,0.82,,0.582,,33.22,,,,Fresh,14_months,3,3,TRUE,200.911,,,,
Bargo,1,BAR-1,,MAML,,individual,MAML,Acacia terminalis,,920,2.4,10.5,n,,seed,n,4,,,,,,,,,,,,14_months,,,,,,,,
Bargo,1,BAR-1,,MAML,,individual,MAML,Acacia terminalis,,817,3,7.8,,,seed,n,5,,,,,,,,,,,,14_months,,,,,,,,
Bargo,1,BAR-1,BAR-1-MAML,MAML,,pooled_nitrogen_sample,,Acacia terminalis,,,,,,,,,,,,,,,,,,,,,14_months,,,,,11,Pure,Fresh,1.35
Bargo,1,BAR-1,BAR-1-OLOB-1,OLOB,1,individual,OLOB,Pimelea linifolia,,524,2.8,3.5,n,,seed,y,1,0.029,,,310.3754395,0.179,5.767208909582551e-4,1.95,,,,,14_months,1,5,FALSE,3.6,,,,
Bargo,1,BAR-1,BAR-1-OLOB-2,OLOB,2,individual,OLOB,Pimelea linifolia,,751,3.1,7.4,n,,seed,y,2,0.018,,,526.1750997,0.375,7.126905097063832e-4,22.02,,,,,14_months,1,5,FALSE,1.166,,,,
Bargo,1,BAR-1,BAR-1-OLOB-3,OLOB,3,individual,OLOB,Pimelea linifolia,,489,2,2.5,n,,seed,y,3,0.024,,,265.5117184,0.121,4.5572376514738415e-4,0.99,,,,,14_months,1,5,FALSE,3.504,,,,
Bargo,1,BAR-1,,OLOB,,individual,OLOB,Pimelea linifolia,,489,1.4,3,n,,seed,n,4,,,,,,,,,,,,14_months,,,,,,,,
Bargo,1,BAR-1,,OLOB,,individual,OLOB,Pimelea linifolia,,564,1.1,3,n,,seed,n,5,,,,,,,,,,,,14_months,,,,,,,,
Bargo,1,BAR-1,BAR-1-OLOB,OLOB,,pooled_nitrogen_sample,,Pimelea linifolia,,,,,,,,,,,,,,,,,,,,,14_months,,,,,13,Mixed,Fresh,1.88
Bargo,1,BAR-1,BAR-1-RSA-1,RSA,1,individual,RSA,Acacia binervata,,354,1.9,2.4,n,,seed,y,1,,,,,,,,,,,,14_months,,,,,,,,
Bargo,1,BAR-1,BAR-1-SWL-1,SWL,1,individual,SWL,SWL-unidentified,,205,,1.7,n,,seed,y,1,0.124,,,91.89180328,0.058,6.311770792360056e-4,0.39,,,,,14_months,1,5,FALSE,12.749,,,,
Bargo,1,BAR-1,BAR-1-SWL-2,SWL,2,individual,SWL,SWL-unidentified,,173,,2.2,n,,seed,y,2,0.174,,,117.9268077,0.073,6.190280346238864e-4,0.7,,,,,14_months,1,5,FALSE,15.436,,,,
Bargo,1,BAR-1,BAR-1-SWL-3,SWL,3,individual,SWL,SWL-unidentified,,301,1.5,2.1,n,,seed,y,3,0.192,,,195.5287212,0.123,6.290635935484244e-4,1.6,,,,,14_months,1,5,FALSE,20.264,,,,
Bargo,1,BAR-1,,SWL,,individual,SWL,SWL-unidentified,,299,1.9,2.1,n,,seed,n,4,,,,,,,,,,,,14_months,,,,,,,,
Bargo,1,BAR-1,,SWL,,individual,SWL,SWL-unidentified,,191,,1.8,n,,seed,n,5,,,,,,,,,,,,14_months,,,,,,,,
Bargo,1,BAR-1,BAR-1-SWL,SWL,,pooled_nitrogen_sample,,SWL-unidentified,,,,,,,,,,,,,,,,,,,,,14_months,,,,,14,Pure,Fresh,0.89
Bargo,1,BAR-1,BAR-1-SWNL-1,SWNL,1,individual,SWNL,Acacia ulicifolia,,855,1.1,4.1,n,,seed,y,1,,,,513.1039494,0.284,5.534940830841322e-4,9.59,,,,Fresh,14_months,1,5,FALSE,0.364,,,,
Bargo,1,BAR-1,BAR-1-SWNL-2,SWNL,2,individual,SWNL,Acacia ulicifolia,,366,1.1,2,n,,seed,y,2,0.006,,,202.5276399,0.135,6.665756835297028e-4,0.92,,,,,14_months,1,5,FALSE,0.367,,,,
Bargo,1,BAR-1,BAR-1-SWNL-3,SWNL,3,individual,SWNL,Acacia ulicifolia,,557,1.2,3,n,,seed,y,3,0.006,,,540.8536722,0.294,5.435851046441319e-4,4.17,,,,,14_months,1,5,FALSE,0.271,,,,
Bargo,1,BAR-1,BAR-1-SWNL,SWNL,,pooled_nitrogen_sample,,Acacia ulicifolia,,,,,,,,,,,,,,,,,,,,,14_months,,,,,15,Mixed,Fresh,1.68
Bargo,1,BAR-1,,Secret Spike,,individual,Secret Spike,Monocota scoparia,,672,1.9,5.4,y,,sprout,n,1,,,,,,,,,,,,14_months,,,,,,,,
Bargo,1,BAR-1,,Secret Spike,,individual,Secret Spike,Monocota scoparia,,718,1.4,2,y,,sprout,n,2,,,,,,,,,,,,14_months,,,,,,,,
Bargo,1,BAR-1,,Seed Pod Plant,,individual,Seed Pod Plant,Lomatia silaifolia,,1118,3.9,10,n,seed pods,sprout,n,1,,,,,,,,,,,,14_months,,,,,,,,
Bargo,1,BAR-1,,Seed Pod Plant,,individual,Seed Pod Plant,Lomatia silaifolia,,985,3.4,7,n,seed pods,sprout,n,2,,,,,,,,,,,,14_months,,,,,,,,
Bargo,1,BAR-1,,Seed Pod Plant,,individual,Seed Pod Plant,Lomatia silaifolia,,455,3.3,6,n,,sprout,n,3,,,,,,,,,,,,14_months,,,,,,,,
Bargo,1,BAR-1,,Seed Pod Plant,,individual,Seed Pod Plant,Lomatia silaifolia,,609,2.8,4.4,n,,sprout,n,4,,,,,,,,,,,,14_months,,,,,,,,
Bargo,1,BAR-1,,Seed Pod Plant,,individual,Seed Pod Plant,Lomatia silaifolia,,335,3.1,4,n,,sprout,n,5,,,,,,,,,,,,14_months,,,,,,,,
Bargo,1,BAR-1,,Thick Leaved Seed Pod Plant,,individual,Thick Leaved Seed Pod Plant,Lomatia silaifolia,,796,3.5,5,n,seed pods,sprout,n,1,,,,,,,,,,,,14_months,,,,,,,,
Bargo,1,BAR-1,,Thick Leaved Seed Pod Plant,,individual,Thick Leaved Seed Pod Plant,Lomatia silaifolia,,693,3,5.5,n,seed pods,sprout,n,2,,,,,,,,,,,,14_months,,,,,,,,
Bargo,1,BAR-1,,Thick Leaved Seed Pod Plant,,individual,Thick Leaved Seed Pod Plant,Lomatia silaifolia,,945,2.6,6.5,n,seed pods,sprout,n,3,,,,,,,,,,,,14_months,,,,,,,,
Bargo,1,BAR-1,,Thick Leaved Seed Pod Plant,,individual,Thick Leaved Seed Pod Plant,Lomatia silaifolia,,969,2.9,7.6,n,seed pods,sprout,n,4,,,,,,,,,,,,14_months,,,,,,,,
Bargo,1,BAR-1,,Thick Leaved Seed Pod Plant,,individual,Thick Leaved Seed Pod Plant,Lomatia silaifolia,,402,3,5.8,n,,sprout,n,5,,,,,,,,,,,,14_months,,,,,,,,
Bargo,1,BAR-1,,Thick Leaved Seed Pod Plant,,individual,Thick Leaved Seed Pod Plant,Lomatia silaifolia,,982,4,7,n,,sprout,n,6,,,,,,,,,,,,14_months,,,,,,,,
Bargo,1,BAR-1,,Thick Round Edge Leaves,,individual,Thick Round Edge Leaves,Thick Round Edge Leaves,,251,2.4,3.1,n,,sprout,n,1,,,,,,,,,,,,14_months,,,,,,,,
Bargo,1,BAR-1,,Thick Round Edge Leaves,,individual,Thick Round Edge Leaves,Thick Round Edge Leaves,,253,2.9,2.9,n,,sprout,n,2,,,,,,,,,,,,14_months,,,,,,,,
Bargo,1,BAR-1,,Thick Round Edge Leaves,,individual,Thick Round Edge Leaves,Thick Round Edge Leaves,,245,2,3.1,n,,sprout,n,3,,,,,,,,,,,,14_months,,,,,,,,
Bargo,1,BAR-1,,Thick Round Edge Leaves,,individual,Thick Round Edge Leaves,Thick Round Edge Leaves,,376,1.4,3.5,n,buds,sprout,n,4,,,,,,,,,,,,14_months,,,,,,,,
Bargo,1,BAR-1,,Thick Round Edge Leaves,,individual,Thick Round Edge Leaves,Thick Round Edge Leaves,,340,2.1,2.2,n,buds,sprout,n,5,,,,,,,,,,,,14_months,,,,,,,,
Bargo,1,BAR-1,,Tough Leaved Euc,,individual,Tough Leaved Euc,Tough Leaved Eucalyptus,,991,4,14.1,n,,sprout,n,1,,,,,,,,,,,,14_months,,,,,,,,
Bargo,1,BAR-1,,Tough Leaved Euc,,individual,Tough Leaved Euc,Tough Leaved Eucalyptus,,994,3.7,8.2,n,,sprout,n,2,,,,,,,,,,,,14_months,,,,,,,,
Bargo,1,BAR-1,,Tough Leaved Euc,,individual,Tough Leaved Euc,Tough Leaved Eucalyptus,,764,2.1,14,n,,sprout,n,3,,,,,,,,,,,,14_months,,,,,,,,
Bargo,1,BAR-1,,Tough Leaved Euc,,individual,Tough Leaved Euc,Tough Leaved Eucalyptus,,1538,3.5,20,n,,sprout,n,4,,,,,,,,,,,,14_months,,,,,,,,
Bargo,1,BAR-1,,Tough Leaved Euc,,individual,Tough Leaved Euc,Tough Leaved Eucalyptus,,1336,3.1,18.5,n,,sprout,n,5,,,,,,,,,,,,14_months,,,,,,,,
Bargo,1,BAR-1,,Waratah,,individual,Waratah,Waratah,,1191,8,8,y,buds,sprout,n,1,,,,,,,,,,,,14_months,,,,,,,,
Bargo,1,BAR-1,,Waratah,,individual,Waratah,Waratah,,1046,9.8,19,n,buds,sprout,n,2,,,,,,,,,,,,14_months,,,,,,,,
Bargo,1,BAR-1,,Waratah,,individual,Waratah,Waratah,,1005,7.5,17.2,n,buds,sprout,n,3,,,,,,,,,,,,14_months,,,,,,,,
Bargo,1,BAR-1,,Waratah,,individual,Waratah,Waratah,,651,4,8.5,n,,sprout,n,4,,,,,,,,,,,,14_months,,,,,,,,
Bargo,2,BAR-2,BAR-2-AFT-1,AFT,1,individual,AFT,Persoonia pinifolia,,246,,2.7,n,,seed,y,1,0.011,,,188.1276787,,0,0.73,,,,,14_months,1,5,FALSE,0.728,,,,
Bargo,2,BAR-2,BAR-2-AFT-2,AFT,2,individual,AFT,Persoonia pinifolia,,298,2,3,n,,seed,y,2,0.012,,,355.9588996,,0,1.07,,,,,14_months,1,5,FALSE,0.783,,,,
Bargo,2,BAR-2,BAR-2-AFT-3,AFT,3,individual,AFT,Persoonia pinifolia,,213,1.4,2.4,n,,seed,y,3,0.011,,,128.5330274,,0,0.56,,,,,14_months,1,5,FALSE,0.571,,,,
Bargo,2,BAR-2,,AFT,,individual,AFT,Persoonia pinifolia,,233,,1,n,,seed,n,4,,,,,,,,,,,,14_months,,,,,,,,
Bargo,2,BAR-2,,AFT,,individual,AFT,Persoonia pinifolia,,219,,2,n,,seed,n,5,,,,,,,,,,,,14_months,,,,,,,,
Bargo,2,BAR-2,,AFT,,individual,AFT,Persoonia pinifolia,,410,1,1.5,n,,seed,n,6,,,,,,,,,,,,14_months,,,,,,,,
Bargo,2,BAR-2,BAR-2-AFT,AFT,,pooled_nitrogen_sample,,Persoonia pinifolia,,,,,,,,,,,,,,,,,,,,,14_months,,,,,18,Mixed,Fresh,2.32
Bargo,2,BAR-2,BAR-2-ALLS-1,ALLS,1,individual,ALLS,Acacia myrtifolia,,461,2.9,4,n,,seed,y,1,0.502,,,566.1205594,0.31,5.47586542923917e-4,6.17,,,,,14_months,1,5,FALSE,44.464,,,,
Bargo,2,BAR-2,BAR-2-ALLS-2,ALLS,2,individual,ALLS,Acacia myrtifolia,,365,2.5,3.7,n,,seed,y,2,0.503,,,654.9124965,0.346,5.283148540440165e-4,11.45,,,,,14_months,1,5,FALSE,33.725,,,,
Bargo,2,BAR-2,BAR-2-ALLS-3,ALLS,3,individual,ALLS,Acacia myrtifolia,,895,2.5,8,n,,seed,y,4,0.796,,,1070.199677,,0,42.95,,,,fresh,14_months,1,5,FALSE,47.145,,,,
Bargo,2,BAR-2,,ALLS,,individual,ALLS,Acacia myrtifolia,,495,3,4,n,,seed,n,3,,,,,,,,,,,,14_months,,,,,,,,
Bargo,2,BAR-2,BAR-2-ALLS,ALLS,,pooled_nitrogen_sample,,Acacia myrtifolia,,,,,,,,,,,,,,,,,,,,,14_months,,,,,45,Pure,Fresh,1.35
Bargo,2,BAR-2,BAR-2-BS-1,BS,1,individual,BS,Banksia serrata,,153,,3.5,n,,seed,y,1,1.365,,,137.4185641,0.06,4.3662223072231913e-4,0.75,,,,,14_months,1,5,FALSE,68.463,,,,
Bargo,2,BAR-2,BAR-2-BS-2,BS,2,individual,BS,Banksia serrata,,169,,5,n,,seed,y,2,1.77,,,351.02673,0.171,4.8714238941290885e-4,1.65,,,,,14_months,1,5,FALSE,80.209,,,,
Bargo,2,BAR-2,BAR-2-BS-3,BS,3,individual,BS,Banksia serrata,,157,,5,n,,seed,y,3,1.07,,,328.4346624,0.224,6.820230190173741e-4,1.57,,,,,14_months,1,5,FALSE,60.641000000000005,,,,
Bargo,2,BAR-2,,BS,,individual,BS,Banksia serrata,,203,,4,n,,seed,n,4,,,,,,,,,,,,14_months,,,,,,,,
Bargo,2,BAR-2,,BS,,individual,BS,Banksia serrata,,239,,5,n,,seed,n,5,,,,,,,,,,,,14_months,,,,,,,,
Bargo,2,BAR-2,BAR-2-BS,BS,,pooled_nitrogen_sample,,Banksia serrata,,,,,,,,,,,,,,,,,,,,,14_months,,,,,17,Pure,Fresh,0.54
Bargo,2,BAR-2,BAR-2-BSNL-1,BSNL,1,individual,BSNL,BSNL-unidentified,,1075,2.1,8,n,,seed,y,1,0.054,,,1710.422667,0.933,5.454792069824692e-4,22.86,,,,Fresh,14_months,1,5,FALSE,3.292,,,,
Bargo,2,BAR-2,BAR-2-BSNL-2,BSNL,2,individual,BSNL,BSNL-unidentified,,628,2.4,4.5,n,,seed,y,2,0.018,,,758.8837497,0.329,4.3353148638386246e-4,4.58,,,,,14_months,1,5,FALSE,1.499,,,,
Bargo,2,BAR-2,BAR-2-BSNL-3,BSNL,3,individual,BSNL,BSNL-unidentified,,411,2,3.6,n,,seed,y,3,0.024,,,416.6807783,0.208,4.99183093706917e-4,3.62,,,,,14_months,1,5,FALSE,1.7,,,,
Bargo,2,BAR-2,,BSNL,,individual,BSNL,BSNL-unidentified,,423,1.9,2.6,n,,seed,n,4,,,,,,,,,,,,14_months,,,,,,,,
Bargo,2,BAR-2,BAR-2-BSNL,BSNL,,pooled_nitrogen_sample,,BSNL-unidentified,,,,,,,,,,,,,,,,,,,,,14_months,,,,,57,Mixed,Fresh,1.53
Bargo,2,BAR-2,BAR-2-CL-1,CL,1,individual,CL,Xanthosia stellata,,281,1.1,1.9,n,,seed,y,7,0.075,,,104.721483,0.048,4.5835867316737673e-4,0.51,,,,,14_months,1,5,FALSE,12.922,,,,
Bargo,2,BAR-2,BAR-2-CL-2,CL,2,individual,CL,Xanthosia stellata,,261,,1.1,n,,seed,y,6,0.059,,,78.00863629,0.038,4.87125551826513e-4,0.11,,,,,14_months,1,5,FALSE,7.628,,,,
Bargo,2,BAR-2,BAR-2-CL-3,CL,3,individual,CL,Xanthosia stellata,,111,,1.4,n,,seed,y,3,0.05,,,61.78688082,0.038,6.150172900085879e-4,0.03,,,,,14_months,1,5,FALSE,4.367,,,,
Bargo,2,BAR-2,,CL,,individual,CL,Xanthosia stellata,,83,,1.1,n,,seed,n,1,,,,,,,,,,,,14_months,,,,,,,,
Bargo,2,BAR-2,,CL,,individual,CL,Xanthosia stellata,,80,,1.5,n,,seed,n,2,,,,,,,,,,,,14_months,,,,,,,,
Bargo,2,BAR-2,,CL,,individual,CL,Xanthosia stellata,,119,,1,n,,seed,n,4,,,,,,,,,,,,14_months,,,,,,,,
Bargo,2,BAR-2,,CL,,individual,CL,Xanthosia stellata,,112,,1.5,n,,seed,n,5,,,,,,,,,,,,14_months,,,,,,,,
Bargo,2,BAR-2,BAR-2-CL,CL,,pooled_nitrogen_sample,,Xanthosia stellata,,,,,,,,,,,,,,,,,,,,,14_months,,,,,62,Mixed,Fresh,1.46
Bargo,2,BAR-2,BAR-2-DP-1,DP,1,individual,DP,Lomandra obliqua,,103,,1.9,n,,seed,y,1,0.02,,,52.49303964,0.037,7.048553532763187e-4,0.36,,,,,14_months,1,5,FALSE,1.16,,,,
Bargo,2,BAR-2,BAR-2-DP-2,DP,2,individual,DP,Lomandra obliqua,,82,,2,n,,seed,y,2,0.018,,,42.38439586,0.029,6.842140700976362e-4,0.22,,,,,14_months,1,5,FALSE,0.728,,,,
Bargo,2,BAR-2,BAR-2-DP-3,DP,3,individual,DP,Lomandra obliqua,,140,,1.1,n,,seed,y,3,0.012,,,75.15094544,0.055,7.31860386825228e-4,1.31,,,,,14_months,1,5,FALSE,0.625,,,,
Bargo,2,BAR-2,BAR-2-DP,DP,,pooled_nitrogen_sample,,Lomandra obliqua,,,,,,,,,,,,,,,,,,,,,14_months,,,,,61,Mixed,Fresh,1.31
Bargo,2,BAR-2,,Fake Mountain Devil (Banksia),,individual,Fake Mountain Devil (Banksia),Banksia spinulosa,,1045,2,9.1,n,,sprout,n,1,,,,,,,,,,,,14_months,,,,,,,,
Bargo,2,BAR-2,,Fake Mountain Devil (Banksia),,individual,Fake Mountain Devil (Banksia),Banksia spinulosa,,1318,3.5,14,y,,sprout,n,2,,,,,,,,,,,,14_months,,,,,,,,
Bargo,2,BAR-2,,Fake Mountain Devil (Banksia),,individual,Fake Mountain Devil (Banksia),Banksia spinulosa,,1572,2.5,12.9,n,,sprout,n,3,,,,,,,,,,,,14_months,,,,,,,,
Bargo,2,BAR-2,,Fake Mountain Devil (Banksia),,individual,Fake Mountain Devil (Banksia),Banksia spinulosa,,1845,5,11,n,,sprout,n,4,,,,,,,,,,,,14_months,,,,,,,,
Bargo,2,BAR-2,,Fake Mountain Devil (Banksia),,individual,Fake Mountain Devil (Banksia),Banksia spinulosa,,1303,3.5,8.9,n,,sprout,n,5,,,,,,,,,,,,14_months,,,,,,,,
Bargo,2,BAR-2,,Geebung,,individual,Geebung,Persoonia levis,,339,3,7.2,n,,sprout,n,1,,,,,,,,,,,,14_months,,,,,,,,
Bargo,2,BAR-2,,Leptospermum,,individual,Leptospermum,Leptospermum,,944,1.4,5,n,,sprout,n,1,,,,,,,,,,,,14_months,,,,,,,,
Bargo,2,BAR-2,,Leptospermum,,individual,Leptospermum,Leptospermum,,1246,1,8.9,n,,sprout,n,2,,,,,,,,,,,,14_months,,,,,,,,
Bargo,2,BAR-2,,Leptospermum,,individual,Leptospermum,Leptospermum,,1005,2,7,n,,sprout,n,3,,,,,,,,,,,,14_months,,,,,,,,
Bargo,2,BAR-2,,Leptospermum,,individual,Leptospermum,Leptospermum,,1008,1.9,7.1,n,,sprout,n,4,,,,,,,,,,,,14_months,,,,,,,,
Bargo,2,BAR-2,,Leptospermum,,individual,Leptospermum,Leptospermum,,1094,1.3,9,n,,sprout,n,5,,,,,,,,,,,,14_months,,,,,,,,
Bargo,2,BAR-2,BAR-2-MAML-1,MAML,1,individual,MAML,Acacia terminalis,,621,2.1,7.5,n,,seed,y,1,1.565,1.703,1.394,1007.535162,0.538,5.339764013119376e-4,63.07,,,,Fresh,14_months,3,3,TRUE,257.02,,,,
Bargo,2,BAR-2,BAR-2-MAML-2,MAML,2,individual,MAML,Acacia terminalis,,480,2.4,5.5,n,,seed,y,2,1.666,1.36,1.661,716.3145409,0.455,6.35195816949805e-4,40.89,,,,Fresh,14_months,3,3,TRUE,326.299,,,,
Bargo,2,BAR-2,BAR-2-MAML-3,MAML,3,individual,MAML,Acacia terminalis,,785,2.4,7.2,n,,seed,y,3,0.887,0.76,1.05,1734.159695,0.918,5.293630123262668e-4,13.38,,,,,14_months,3,3,TRUE,189.329,,,,
Bargo,2,BAR-2,,MAML,,individual,MAML,Acacia terminalis,,752,2,6.3,n,,seed,n,4,,,,,,,,,,,,14_months,,,,,,,,
Bargo,2,BAR-2,,MAML,,individual,MAML,Acacia terminalis,,625,1.4,4.5,n,,seed,n,5,,,,,,,,,,,,14_months,,,,,,,,
Bargo,2,BAR-2,BAR-2-MAML,MAML,,pooled_nitrogen_sample,,Acacia terminalis,,,,,,,,,,,,,,,,,,,,,14_months,,,,,43,Pure,Fresh,1.17
Bargo,2,BAR-2,,Mountain Devil,,individual,Mountain Devil,Lambertia formosa,,1035,2.5,8.4,n,,sprout,n,1,,,,,,,,,,,,14_months,,,,,,,,
Bargo,2,BAR-2,,Mountain Devil,,individual,Mountain Devil,Lambertia formosa,,1204,2,7.1,n,,sprout,n,2,,,,,,,,,,,,14_months,,,,,,,,
Bargo,2,BAR-2,,Mountain Devil,,individual,Mountain Devil,Lambertia formosa,,1783,2.4,12.1,n,,sprout,n,3,,,,,,,,,,,,14_months,,,,,,,,
Bargo,2,BAR-2,,Mountain Devil,,individual,Mountain Devil,Lambertia formosa,,1349,2,7.4,n,,sprout,n,4,,,,,,,,,,,,14_months,,,,,,,,
Bargo,2,BAR-2,,Mountain Devil,,individual,Mountain Devil,Lambertia formosa,,1304,4,10.5,y,,sprout,n,5,,,,,,,,,,,,14_months,,,,,,,,
Bargo,2,BAR-2,,Mountain Devil,,individual,Mountain Devil,Lambertia formosa,,1245,2.2,8,y,,sprout,n,6,,,,,,,,,,,,14_months,,,,,,,,
Bargo,2,BAR-2,BAR-2-OLOB-1,OLOB,1,individual,OLOB,Pimelea linifolia,,321,1.1,1.6,n,,seed,y,1,0.013,,,77.42849321,0.049,6.328419677121081e-4,0.5,,,,,14_months,1,5,FALSE,1.831,,,,
Bargo,2,BAR-2,BAR-2-OLOB-2,OLOB,2,individual,OLOB,Pimelea linifolia,,385,1.5,3,n,,seed,y,2,0.017,,,196.2395851,0.108,5.503476780434754e-4,0.65,,,,,14_months,1,5,FALSE,2.231,,,,
Bargo,2,BAR-2,BAR-2-OLOB-3,OLOB,3,individual,OLOB,Pimelea linifolia,,439,1.2,2.9,n,,seed,y,3,0.022,,,246.5209937,0.123,4.989433076425247e-4,0.9,,,,,14_months,1,5,FALSE,2.725,,,,
Bargo,2,BAR-2,,OLOB,,individual,OLOB,Pimelea linifolia,,512,1.1,2.3,n,,seed,n,4,,,,,,,,,,,,14_months,,,,,,,,
Bargo,2,BAR-2,,OLOB,,individual,OLOB,Pimelea linifolia,,504,2.1,3.1,n,,seed,n,5,,,,,,,,,,,,14_months,,,,,,,,
Bargo,2,BAR-2,BAR-2-OLOB,OLOB,,pooled_nitrogen_sample,,Pimelea linifolia,,,,,,,,,,,,,,,,,,,,,14_months,,,,,58,Mixed,Fresh,1.84
Bargo,2,BAR-2,,Pointy Leaved Euc,,individual,Pointy Leaved Euc,Pointy Leaves Eucalyptus,,1041,2.8,13.1,n,,sprout,n,1,,,,,,,,,,,,14_months,,,,,,,,
Bargo,2,BAR-2,,Pointy Leaved Euc,,individual,Pointy Leaved Euc,Pointy Leaves Eucalyptus,,1353,2.4,19.5,n,,sprout,n,2,,,,,,,,,,,,14_months,,,,,,,,
Bargo,2,BAR-2,,Pointy Leaved Euc,,individual,Pointy Leaved Euc,Pointy Leaves Eucalyptus,,913,3.4,15,n,,sprout,n,3,,,,,,,,,,,,14_months,,,,,,,,
Bargo,2,BAR-2,,Pointy Leaved Euc,,individual,Pointy Leaved Euc,Pointy Leaves Eucalyptus,,871,3.1,12.9,n,,sprout,n,4,,,,,,,,,,,,14_months,,,,,,,,
Bargo,2,BAR-2,,Pointy Leaved Euc,,individual,Pointy Leaved Euc,Pointy Leaves Eucalyptus,,1891,2.7,23.6,n,,sprout,n,5,,,,,,,,,,,,14_months,,,,,,,,
Bargo,2,BAR-2,,Pointy Leaved Euc,,individual,Pointy Leaved Euc,Pointy Leaves Eucalyptus,,995,2.8,10.9,n,,sprout,n,6,,,,,,,,,,,,14_months,,,,,,,,
Bargo,2,BAR-2,BAR-2-SOB-1,SOB,1,individual,SOB,Hakea sericea,,399,3.2,5.8,n,,seed,y,1,0.102,,,655.9724001,0.35,5.335590338048431e-4,8.46,,,,,14_months,1,5,FALSE,3.104,,,,
Bargo,2,BAR-2,BAR-2-SOB-2,SOB,2,individual,SOB,Hakea sericea,,308,3,2.2,n,,seed,y,2,0.085,,,291.4099894,0.151,5.181702944051513e-4,2.81,,,,,14_months,1,5,FALSE,2.882,,,,
Bargo,2,BAR-2,BAR-2-SOB-3,SOB,3,individual,SOB,Hakea sericea,,431,2,3.5,n,,seed,y,3,0.157,,,439.2908642,0.252,5.7365181144598e-4,4.8,,,,,14_months,1,5,FALSE,3.572,,,,
Bargo,2,BAR-2,,SOB,,individual,SOB,Hakea sericea,,235,,2.5,n,,seed,n,4,,,,,,,,,,,,14_months,,,,,,,,
Bargo,2,BAR-2,,SOB,,individual,SOB,Hakea sericea,,415,1.9,3.4,n,,seed,n,5,,,,,,,,,,,,14_months,,,,,,,,
Bargo,2,BAR-2,BAR-2-SOB,SOB,,pooled_nitrogen_sample,,Hakea sericea,,,,,,,,,,,,,,,,,,,,,14_months,,,,,66,Mixed,Fresh,0.58
Bargo,2,BAR-2,BAR-2-SWNL-1,SWNL,1,individual,SWNL,Acacia ulicifolia,,723,1.8,4.9,n,,seed,y,1,,,,993.1360409,0.418,4.208889646389229e-4,14.93,,,,,14_months,1,5,FALSE,0.352,,,,
Bargo,2,BAR-2,BAR-2-SWNL-2,SWNL,2,individual,SWNL,Acacia ulicifolia,,531,1.5,3,n,,seed,y,2,0.004,,,276.4722683,0.145,5.244648980224683e-4,2.53,,,,fresh,14_months,1,5,FALSE,0.33899999999999997,,,,
Bargo,2,BAR-2,BAR-2-SWNL-3,SWNL,3,individual,SWNL,Acacia ulicifolia,,698,1.3,5,n,,seed,y,3,0.005,,,460.5943531,0.22,4.7764371951002977e-4,12.4,,,,,14_months,1,5,FALSE,0.346,,,,
Bargo,2,BAR-2,,SWNL,,individual,SWNL,Acacia ulicifolia,,432,1.2,3,y,,seed,n,4,,,,,,,,,,,,14_months,,,,,,,,
Bargo,2,BAR-2,,SWNL,,individual,SWNL,Acacia ulicifolia,,404,1.2,2.3,y,,seed,n,5,,,,,,,,,,,,14_months,,,,,,,,
Bargo,2,BAR-2,BAR-2-SWNL,SWNL,,pooled_nitrogen_sample,,Acacia ulicifolia,,,,,,,,,,,,,,,,,,,,,14_months,,,,,59,Mixed,Fresh,2.13
Bargo,2,BAR-2,,Secret Spike,,individual,Secret Spike,Monocota scoparia,,599,3,4,y,,sprout,n,1,,,,,,,,,,,,14_months,,,,,,,,
Bargo,2,BAR-2,,Thick Leaved Seed Pod Plant,,individual,Thick Leaved Seed Pod Plant,Lomatia silaifolia,,570,3.4,5.9,n,seed pods,sprout,n,1,,,,,,,,,,,,14_months,,,,,,,,
Bargo,2,BAR-2,,Thick Leaved Seed Pod Plant,,individual,Thick Leaved Seed Pod Plant,Lomatia silaifolia,,717,3,5.8,n,,sprout,n,2,,,,,,,,,,,,14_months,,,,,,,,
Bargo,2,BAR-2,,Thick Leaved Seed Pod Plant,,individual,Thick Leaved Seed Pod Plant,Lomatia silaifolia,,1061,3.1,6.9,n,,sprout,n,3,,,,,,,,,,,,14_months,,,,,,,,
Bargo,2,BAR-2,,Thick Leaved Seed Pod Plant,,individual,Thick Leaved Seed Pod Plant,Lomatia silaifolia,,1025,3,7.4,n,,sprout,n,4,,,,,,,,,,,,14_months,,,,,,,,
Bargo,2,BAR-2,,Thick Leaved Seed Pod Plant,,individual,Thick Leaved Seed Pod Plant,Lomatia silaifolia,,1089,3,8.5,n,,sprout,n,5,,,,,,,,,,,,14_months,,,,,,,,
Bargo,2,BAR-2,,Thin Leaves off Branching Stem,,individual,Thin Leaves off Branching Stem,Thin Leaves off Branching Stem,,1524,1.1,10,n,,sprout,n,1,,,,,,,,,,,,14_months,,,,,,,,
Bargo,2,BAR-2,,Thin Leaves off Branching Stem,,individual,Thin Leaves off Branching Stem,Thin Leaves off Branching Stem,,1084,1,7.3,n,,sprout,n,2,,,,,,,,,,,,14_months,,,,,,,,
Bargo,2,BAR-2,,Thin Leaves off Branching Stem,,individual,Thin Leaves off Branching Stem,Thin Leaves off Branching Stem,,1093,1.1,8,n,,sprout,n,3,,,,,,,,,,,,14_months,,,,,,,,
Bargo,2,BAR-2,,Thin Leaves off Branching Stem,,individual,Thin Leaves off Branching Stem,Thin Leaves off Branching Stem,,1143,1,8,n,,sprout,n,3,,,,,,,,,,,,14_months,,,,,,,,
Bargo,2,BAR-2,,Thin Leaves off Branching Stem,,individual,Thin Leaves off Branching Stem,Thin Leaves off Branching Stem,,1651,1,10.5,n,,sprout,n,4,,,,,,,,,,,,14_months,,,,,,,,
Bargo,2,BAR-2,,Thin Leaves off Branching Stem,,individual,Thin Leaves off Branching Stem,Thin Leaves off Branching Stem,,1296,1.2,6.8,n,,sprout,n,5,,,,,,,,,,,,14_months,,,,,,,,
Bargo,2,BAR-2,BAR-2-WLBS-1,WLBS,1,individual,WLBS,Hibbertia cistiflora,,412,0.9,3.8,n,,seed,y,1,0.008,,,158.5454998,,0,3.47,,,,,14_months,1,5,FALSE,0.5800000000000001,,,,
Bargo,2,BAR-2,BAR-2-WLBS-2,WLBS,2,individual,WLBS,Hibbertia cistiflora,,316,2,4.3,n,,seed,y,2,0.011,,,348.8158494,,0,4.26,,,,,14_months,1,5,FALSE,0.618,,,,
Bargo,2,BAR-2,BAR-2-WLBS-3,WLBS,3,individual,WLBS,Hibbertia cistiflora,,295,1.5,3.1,n,,seed,y,3,0.008,,,166.5021199,,0,1.87,,,,,14_months,1,5,FALSE,0.583,,,,
Bargo,2,BAR-2,,WLBS,,individual,WLBS,Hibbertia cistiflora,,303,1.3,3.6,n,,seed,n,4,,,,,,,,,,,,14_months,,,,,,,,
Bargo,2,BAR-2,BAR-2-WLBS,WLBS,,pooled_nitrogen_sample,,Hibbertia cistiflora,,,,,,,,,,,,,,,,,,,,,14_months,,,,,60,Mixed,Fresh,1.08
Bargo,3,BAR-3,BAR-3-ALLS-1,ALLS,1,individual,ALLS,Acacia myrtifolia,,645,2.1,3.5,n,,seed,y,1,0.372,,,799.2290251,0.382,4.7796061955107796e-4,23.22,,,,,14_months,1,5,FALSE,26.36,,,,
Bargo,3,BAR-3,BAR-3-ALLS-2,ALLS,2,individual,ALLS,Acacia myrtifolia,,961,2.8,8.4,n,,seed,y,2,0.68,,,1413.06765,0.636,4.5008460847575135e-4,46.51,,,,Fresh,14_months,1,5,FALSE,46.518,,,,
Bargo,3,BAR-3,BAR-3-ALLS-3,ALLS,3,individual,ALLS,Acacia myrtifolia,,671,2.8,5,n,,seed,y,3,0.779,,,1241.788236,0.485,3.9056578725714386e-4,13.23,,,,,14_months,1,5,FALSE,56.22,,,,
Bargo,3,BAR-3,,ALLS,,individual,ALLS,Acacia myrtifolia,,989,2.1,5.6,n,,seed,n,4,,,,,,,,,,,,14_months,,,,,,,,
Bargo,3,BAR-3,,ALLS,,individual,ALLS,Acacia myrtifolia,,884,2.8,5.7,n,buds,seed,n,5,,,,,,,,,,,,14_months,,,,,,,,
Bargo,3,BAR-3,,ALLS,,individual,ALLS,Acacia myrtifolia,,883,3.1,5.4,n,,seed,n,6,,,,,,,,,,,,14_months,,,,,,,,
Bargo,3,BAR-3,BAR-3-ALLS,ALLS,,pooled_nitrogen_sample,,Acacia myrtifolia,,,,,,,,,,,,,,,,,,,,,14_months,,,,,35,Pure,Fresh,1.77
Bargo,3,BAR-3,BAR-3-BPLE-1,BPLE,1,individual,BPLE,Blue Pointy Leaf Eucalyptus,,455,2.4,5.8,n,,seed,y,1,2.936,,,677.9035878,0.427,6.298830802559148e-4,9.36,,,,,14_months,1,5,FALSE,201.265,,,,
Bargo,3,BAR-3,BAR-3-BPLE-2,BPLE,2,individual,BPLE,Blue Pointy Leaf Eucalyptus,,362,2.6,5,n,,seed,y,2,3.036,,,684.6155046,0.398,5.813482127205684e-4,3.32,,,,,14_months,1,5,FALSE,212.675,,,,
Bargo,3,BAR-3,BAR-3-BPLE-3,BPLE,3,individual,BPLE,Blue Pointy Leaf Eucalyptus,,263,2,4.1,n,,seed,y,3,1.518,,,384.7543429,0.211,5.484018670449165e-4,2.85,,,,,14_months,1,5,FALSE,94.699,,,,
Bargo,3,BAR-3,BAR-3-BPLE,BPLE,,pooled_nitrogen_sample,,Blue Pointy Leaf Eucalyptus,,,,,,,,,,,,,,,,,,,,,14_months,,,,,22,Pure,Fresh,0.98
Bargo,3,BAR-3,BAR-3-BS-1,BS,1,individual,BS,Banksia serrata,,174,,5,n,,seed,y,1,2.303,,,982.2631327,0.385,3.9195200062302e-4,3.38,,,,,14_months,1,5,FALSE,116.291,,,,
Bargo,3,BAR-3,BAR-3-BS-2,BS,2,individual,BS,Banksia serrata,,239,,5.5,n,,seed,y,2,1.58,,,724.5769296,0.288,3.974733230313989e-4,4.56,,,,,14_months,1,5,FALSE,84.648,,,,
Bargo,3,BAR-3,BAR-3-BS-3,BS,3,individual,BS,Banksia serrata,,189,,5,n,,seed,y,3,1.354,,,394.1018639,0.177,4.491224635387978e-4,1.7,,,,,14_months,1,5,FALSE,73.94,,,,
Bargo,3,BAR-3,,BS,,individual,BS,Banksia serrata,,635,4.2,11.9,n,,seed,n,4,,,,,,,,,,,,14_months,,,,,,,,
Bargo,3,BAR-3,,BS,,individual,BS,Banksia serrata,,321,3.6,5.8,n,,seed,n,5,,,,,,,,,,,,14_months,,,,,,,,
Bargo,3,BAR-3,,BS,,individual,BS,Banksia serrata,,335,3.6,5.7,n,,seed,n,6,,,,,,,,,,,,14_months,,,,,,,,
Bargo,3,BAR-3,BAR-3-BS,BS,,pooled_nitrogen_sample,,Banksia serrata,,,,,,,,,,,,,,,,,,,,,14_months,,,,,20,Pure,Fresh,0.62
Bargo,3,BAR-3,BAR-3-BSNL-1,BSNL,1,individual,BSNL,BSNL-unidentified,,869,2.2,6.8,n,,seed,y,1,,,,1830.467827,0.872,4.76380948704869e-4,11.99,,,,,14_months,1,5,FALSE,1.164,,,,
Bargo,3,BAR-3,BAR-3-BSNL-2,BSNL,2,individual,BSNL,BSNL-unidentified,,1164,2.7,9,n,,seed,y,2,0.038,,,2499.287872,1.355,5.421544333409225e-4,25.94,,,,,14_months,1,5,FALSE,2.39,,,,
Bargo,3,BAR-3,BAR-3-BSNL-3,BSNL,3,individual,BSNL,BSNL-unidentified,,1474,2,10.1,n,,seed,y,3,0.031,,,4349.409583,1.64,3.7706267223258655e-4,31.05,,,,,14_months,1,5,FALSE,2.459,,,,
Bargo,3,BAR-3,,BSNL,,individual,BSNL,BSNL-unidentified,,1364,1.8,16,n,,seed,n,4,,,,,,,,,,,,14_months,,,,,,,,
Bargo,3,BAR-3,,BSNL,,individual,BSNL,BSNL-unidentified,,1191,2,8.4,n,,seed,n,5,,,,,,,,,,,,14_months,,,,,,,,
Bargo,3,BAR-3,BAR-3-BSNL,BSNL,,pooled_nitrogen_sample,,BSNL-unidentified,,,,,,,,,,,,,,,,,,,,,14_months,,,,,65,Mixed,Fresh,2.05
Bargo,3,BAR-3,BAR-3-CL-1,CL,1,individual,CL,Xanthosia stellata,,156,,1,n,,seed,y,1,0.057,,,54.42789419,0.043,7.900360769037498e-4,0.18,,,,,14_months,1,5,FALSE,4.77,,,,
Bargo,3,BAR-3,BAR-3-CL-2,CL,2,individual,CL,Xanthosia stellata,,194,,2,n,,seed,y,2,0.062,,,89.29857345,0.048,5.375225845783094e-4,0.59,,,,,14_months,1,5,FALSE,4.324,,,,
Bargo,3,BAR-3,BAR-3-CL-3,CL,3,individual,CL,Xanthosia stellata,,171,,2.1,n,,seed,y,3,0.08,,,62.36372086,0.055,8.819230033350515e-4,0.39,,,,,14_months,1,5,FALSE,6.843,,,,
Bargo,3,BAR-3,,CL,,individual,CL,Xanthosia stellata,,180,,2,n,,seed,n,4,,,,,,,,,,,,14_months,,,,,,,,
Bargo,3,BAR-3,,CL,,individual,CL,Xanthosia stellata,,161,,1.2,n,,seed,n,5,,,,,,,,,,,,14_months,,,,,,,,
Bargo,3,BAR-3,BAR-3-CL,CL,,pooled_nitrogen_sample,,Xanthosia stellata,,,,,,,,,,,,,,,,,,,,,14_months,,,,,64,Mixed,Fresh,0.99
Bargo,3,BAR-3,BAR-3-DP-1,DP,1,individual,DP,Lomandra obliqua,,145,,1.1,n,,seed,y,1,,,,131.0360477,0.075,5.723615853532798e-4,1.38,,,,,14_months,1,5,FALSE,1.014,,,,
Bargo,3,BAR-3,BAR-3-DP-2,DP,2,individual,DP,Lomandra obliqua,,173,,1.9,n,,seed,y,2,0.027,,,205.0831684,0.106,5.168634794702147e-4,1.39,,,,,14_months,1,5,FALSE,1.309,,,,
Bargo,3,BAR-3,BAR-3-DP-3,DP,3,individual,DP,Lomandra obliqua,,145,,1,n,,seed,y,3,0.01,,,109.2797419,0.057,5.215971323592593e-4,1.24,,,,,14_months,1,5,FALSE,0.5820000000000001,,,,
Bargo,3,BAR-3,,DP,,individual,DP,Lomandra obliqua,,232,1.5,1.5,n,,seed,n,4,,,,,,,,,,,,14_months,,,,,,,,
Bargo,3,BAR-3,,DP,,individual,DP,Lomandra obliqua,,171,,2,n,,seed,n,5,,,,,,,,,,,,14_months,,,,,,,,
Bargo,3,BAR-3,BAR-3-DP,DP,,pooled_nitrogen_sample,,Lomandra obliqua,,,,,,,,,,,,,,,,,,,,,14_months,,,,,70,Mixed,Fresh,1.46
Bargo,3,BAR-3,,Fake Mountain Devil (Banksia),,individual,Fake Mountain Devil (Banksia),Banksia spinulosa,,1018,2,12,n,,sprout,n,1,,,,,,,,,,,,14_months,,,,,,,,
Bargo,3,BAR-3,,Fake Mountain Devil (Banksia),,individual,Fake Mountain Devil (Banksia),Banksia spinulosa,,1128,2.9,8,n,,sprout,n,2,,,,,,,,,,,,14_months,,,,,,,,
Bargo,3,BAR-3,,Fake Mountain Devil (Banksia),,individual,Fake Mountain Devil (Banksia),Banksia spinulosa,,915,2.5,9.5,n,,sprout,n,3,,,,,,,,,,,,14_months,,,,,,,,
Bargo,3,BAR-3,,Fake Mountain Devil (Banksia),,individual,Fake Mountain Devil (Banksia),Banksia spinulosa,,772,3,6,n,,sprout,n,4,,,,,,,,,,,,14_months,,,,,,,,
Bargo,3,BAR-3,,Fake Mountain Devil (Banksia),,individual,Fake Mountain Devil (Banksia),Banksia spinulosa,,912,3.1,8.1,n,,sprout,n,5,,,,,,,,,,,,14_months,,,,,,,,
Bargo,3,BAR-3,,Leptospermum,,individual,Leptospermum,Leptospermum,,975,1.1,9.1,n,,sprout,n,1,,,,,,,,,,,,14_months,,,,,,,,
Bargo,3,BAR-3,,Leptospermum,,individual,Leptospermum,Leptospermum,,983,1.4,8.5,n,,sprout,n,2,,,,,,,,,,,,14_months,,,,,,,,
Bargo,3,BAR-3,,Leptospermum,,individual,Leptospermum,Leptospermum,,690,1.3,4.5,n,,sprout,n,3,,,,,,,,,,,,14_months,,,,,,,,
Bargo,3,BAR-3,,Leptospermum,,individual,Leptospermum,Leptospermum,,872,2,8,n,,sprout,n,4,,,,,,,,,,,,14_months,,,,,,,,
Bargo,3,BAR-3,,Leptospermum,,individual,Leptospermum,Leptospermum,,735,1.6,5,n,,sprout,n,5,,,,,,,,,,,,14_months,,,,,,,,
Bargo,3,BAR-3,BAR-3-MAML-1,MAML,1,individual,MAML,Acacia terminalis,,613,3,5.5,n,,seed,y,1,1.063,0.672,0.824,1226.225328,0.662,5.398681505622921e-4,20.78,,,,Fresh,14_months,3,3,TRUE,174.205,,,,
Bargo,3,BAR-3,BAR-3-MAML-2,MAML,2,individual,MAML,Acacia terminalis,,629,2.5,6,n,,seed,y,2,0.879,1.416,0.81,1060.67419,0.55,5.185381196086237e-4,24.41,,,,,14_months,3,3,TRUE,255.38299999999998,,,,
Bargo,3,BAR-3,BAR-3-MAML-3,MAML,3,individual,MAML,Acacia terminalis,,899,2,6.9,n,,seed,y,4,1.096,0.983,0.985,1947.818861,0.912,4.6821602268076615e-4,26.23,,,,,14_months,3,3,TRUE,202.49,,,,
Bargo,3,BAR-3,,MAML,,individual,MAML,Acacia terminalis,,1335,3.5,10.9,n,,seed,n,3,,,,,,,,,,,,14_months,,,,,,,,
Bargo,3,BAR-3,,MAML,,individual,MAML,Acacia terminalis,,924,2.4,9.9,n,,seed,n,5,,,,,,,,,,,,14_months,,,,,,,,
Bargo,3,BAR-3,BAR-3-MAML,MAML,,pooled_nitrogen_sample,,Acacia terminalis,,,,,,,,,,,,,,,,,,,,,14_months,,,,,38,Pure,Fresh,1.62
Bargo,3,BAR-3,BAR-3-MRSA-1,MRSA,1,individual,MRSA,Acacia binervata,,299,1.4,3.1,n,,seed,y,1,1.308,,,263.2383005,0.171,6.496015195174838e-4,0.94,,,,,14_months,1,5,FALSE,95.584,,,,
Bargo,3,BAR-3,BAR-3-MRSA-2,MRSA,2,individual,MRSA,Acacia binervata,,277,1.4,3,n,,seed,y,2,0.909,,,189.3694718,0.127,6.706466400990405e-4,0.74,,,,,14_months,1,5,FALSE,59.729,,,,
Bargo,3,BAR-3,BAR-3-MRSA-3,MRSA,3,individual,MRSA,Acacia binervata,,248,1.5,1.9,n,,seed,y,3,1.123,,,180.4703717,0.129,7.147987715924897e-4,1.31,,,,,14_months,1,5,FALSE,71.213,,,,
Bargo,3,BAR-3,,MRSA,,individual,MRSA,Acacia binervata,,238,,3,n,,seed,n,4,,,,,,,,,,,,14_months,,,,,,,,
Bargo,3,BAR-3,,MRSA,,individual,MRSA,Acacia binervata,,348,2,3.5,n,,seed,n,5,,,,,,,,,,,,14_months,,,,,,,,
Bargo,3,BAR-3,,MRSA,,individual,MRSA,Acacia binervata,,1341,1.6,13.4,n,,seed,n,6,,,,,,,,,,,,14_months,,,,,,,,
Bargo,3,BAR-3,BAR-3-MRSA,MRSA,,pooled_nitrogen_sample,,Acacia binervata,,,,,,,,,,,,,,,,,,,,,14_months,,,,,33,Pure,Fresh,0.89
Bargo,3,BAR-3,BAR-3-OLOB-1,OLOB,1,individual,OLOB,Pimelea linifolia,,416,1.5,2.5,n,,seed,y,1,0.025,,,238.4192364,0.143,5.997838184503136e-4,0.73,,,,,14_months,1,5,FALSE,2.93,,,,
Bargo,3,BAR-3,BAR-3-OLOB-2,OLOB,2,individual,OLOB,Pimelea linifolia,,587,1,3,n,,seed,y,2,0.018,,,319.819907,0.196,6.128449033661936e-4,1.82,,,,,14_months,1,5,FALSE,2.091,,,,
Bargo,3,BAR-3,BAR-3-OLOB-3,OLOB,3,individual,OLOB,Pimelea linifolia,,544,1,2.4,n,,seed,y,3,0.025,,,215.9036644,0.097,4.492744496466268e-4,0.69,,,,,14_months,1,5,FALSE,3.269,,,,
Bargo,3,BAR-3,,OLOB,,individual,OLOB,Pimelea linifolia,,460,1,2.7,n,,seed,n,4,,,,,,,,,,,,14_months,,,,,,,,
Bargo,3,BAR-3,BAR-3-OLOB,OLOB,,pooled_nitrogen_sample,,Pimelea linifolia,,,,,,,,,,,,,,,,,,,,,14_months,,,,,63,Mixed,Fresh,1.55
Bargo,3,BAR-3,BAR-3-SOB-1,SOB,1,individual,SOB,Hakea sericea,,153,,1.9,n,,seed,y,1,0.055,,,100.6936645,0.065,6.455222413719982e-4,0.42,,,,,14_months,1,5,FALSE,2.08,,,,
Bargo,3,BAR-3,BAR-3-SOB-2,SOB,2,individual,SOB,Hakea sericea,,494,2.3,2.5,n,,seed,y,2,0.08,,,242.5803959,0.142,5.853729419195823e-4,3.11,,,,,14_months,1,5,FALSE,3.025,,,,
Bargo,3,BAR-3,BAR-3-SOB-3,SOB,3,individual,SOB,Hakea sericea,,418,2,4,n,,seed,y,3,0.089,,,476.5804782,0.249,5.224720931508772e-4,6.86,,,,,14_months,1,5,FALSE,2.657,,,,
Bargo,3,BAR-3,,SOB,,individual,SOB,Hakea sericea,,275,2,2,n,,seed,n,4,,,,,,,,,,,,14_months,,,,,,,,
Bargo,3,BAR-3,,SOB,,individual,SOB,Hakea sericea,,394,2,3,n,,seed,n,5,,,,,,,,,,,,14_months,,,,,,,,
Bargo,3,BAR-3,BAR-3-SOB,SOB,,pooled_nitrogen_sample,,Hakea sericea,,,,,,,,,,,,,,,,,,,,,14_months,,,,,161,Pure,Fresh,1.85
Bargo,3,BAR-3,BAR-3-SOL-1,SOL,1,individual,SOL,Gonocarpus teucrioides,,256,1.9,2,n,,seed,y,1,0.049,,,137.8674432,0.061,4.424539875705768e-4,0.64,,,,,14_months,1,5,FALSE,5.897,,,,
Bargo,3,BAR-3,BAR-3-SOL-2,SOL,2,individual,SOL,Gonocarpus teucrioides,,332,1.6,1.6,n,,seed,y,2,0.053,,,215.9036644,0.095,4.4001105893226334e-4,9.98,,,,,14_months,1,5,FALSE,5.2379999999999995,,,,
Bargo,3,BAR-3,BAR-3-SOL-3,SOL,3,individual,SOL,Gonocarpus teucrioides,,316,1.2,2,n,,seed,y,3,0.041,,,163.8854307,0.065,3.9661853846535976e-4,3.76,,,,,14_months,1,5,FALSE,6.681,,,,
Bargo,3,BAR-3,,SOL,,individual,SOL,Gonocarpus teucrioides,,415,1.1,1.5,n,,seed,n,4,,,,,,,,,,,,14_months,,,,,,,,
Bargo,3,BAR-3,,SOL,,individual,SOL,Gonocarpus teucrioides,,331,1.4,1.4,n,,seed,n,5,,,,,,,,,,,,14_months,,,,,,,,
Bargo,3,BAR-3,BAR-3-SOL,SOL,,pooled_nitrogen_sample,,Gonocarpus teucrioides,,,,,,,,,,,,,,,,,,,,,14_months,,,,,69,Mixed,Fresh,1.17
Bargo,3,BAR-3,BAR-3-SWL-1,SWL,1,individual,SWL,SWL-unidentified,,194,,1.5,n,,seed,y,1,0.134,,,68.21740682,0.042,6.156786362580765e-4,0.82,,,,,14_months,1,5,FALSE,10.744,,,,
Bargo,3,BAR-3,BAR-3-SWL-2,SWL,2,individual,SWL,SWL-unidentified,,158,,1.6,n,,seed,y,2,0.108,,,84.44014622,0.047,5.566072786935541e-4,0.18,,,,,14_months,1,5,FALSE,9.007,,,,
Bargo,3,BAR-3,BAR-3-SWL-3,SWL,3,individual,SWL,SWL-unidentified,,191,,2.2,n,,seed,y,3,0.059,,,280.8643632,0.132,4.699777447593252e-4,2,,,,,14_months,1,5,FALSE,4.789,,,,
Bargo,3,BAR-3,,SWL,,individual,SWL,SWL-unidentified,,235,,2,n,,seed,n,4,,,,,,,,,,,,14_months,,,,,,,,
Bargo,3,BAR-3,,SWL,,individual,SWL,SWL-unidentified,,486,2,5,n,,seed,n,5,,,,,,,,,,,,14_months,,,,,,,,
Bargo,3,BAR-3,BAR-3-SWL,SWL,,pooled_nitrogen_sample,,SWL-unidentified,,,,,,,,,,,,,,,,,,,,,14_months,,,,,67,Mixed,Fresh,2.14
Bargo,3,BAR-3,,Seed Pod Plant,,individual,Seed Pod Plant,Lomatia silaifolia,,750,2.9,10,n,,sprout,n,1,,,,,,,,,,,,14_months,,,,,,,,
Bargo,3,BAR-3,BAR-3-TLA-1,TLA,1,individual,TLA,Acacia subtilinervis,,499,2.2,5,n,,seed,y,1,0.673,,,769.0354006,0.415,5.39637056598718e-4,5.74,,,,,14_months,1,5,FALSE,38.551,,,,
Bargo,3,BAR-3,BAR-3-TLA-2,TLA,2,individual,TLA,Acacia subtilinervis,,1225,2.3,5.4,n,,seed,y,2,0.801,,,1769.673632,0.87,4.916160721775392e-4,18.93,,,,,14_months,1,5,FALSE,46.807,,,,
Bargo,3,BAR-3,BAR-3-TLA-3,TLA,3,individual,TLA,Acacia subtilinervis,,1022,2,6,n,,seed,y,3,0.799,,,1684.744091,0.763,4.528877733277059e-4,11.9,,,,,14_months,1,5,FALSE,44.065,,,,
Bargo,3,BAR-3,,TLA,,individual,TLA,Acacia subtilinervis,,695,3,6,n,,seed,n,4,,,,,,,,,,,,14_months,,,,,,,,
Bargo,3,BAR-3,,TLA,,individual,TLA,Acacia subtilinervis,,846,2,5.6,n,,seed,n,5,,,,,,,,,,,,14_months,,,,,,,,
Bargo,3,BAR-3,BAR-3-TLA,TLA,,pooled_nitrogen_sample,,Acacia subtilinervis,,,,,,,,,,,,,,,,,,,,,14_months,,,,,21,Pure,Fresh,1.56
Bargo,3,BAR-3,,Thick Leaved Seed Pod Plant,,individual,Thick Leaved Seed Pod Plant,Lomatia silaifolia,,765,3.1,7,n,seed pods,sprout,n,1,,,,,,,,,,,,14_months,,,,,,,,
Bargo,3,BAR-3,,Thick Leaved Seed Pod Plant,,individual,Thick Leaved Seed Pod Plant,Lomatia silaifolia,,822,2.5,5.1,n,seed pods,sprout,n,2,,,,,,,,,,,,14_months,,,,,,,,
Bargo,3,BAR-3,,Thick Leaved Seed Pod Plant,,individual,Thick Leaved Seed Pod Plant,Lomatia silaifolia,,791,2.1,6.9,n,seed pods,sprout,n,3,,,,,,,,,,,,14_months,,,,,,,,
Bargo,3,BAR-3,,Thick Leaved Seed Pod Plant,,individual,Thick Leaved Seed Pod Plant,Lomatia silaifolia,,634,2.4,4.7,n,seed pods,sprout,n,4,,,,,,,,,,,,14_months,,,,,,,,
Bargo,3,BAR-3,,Thick Leaved Seed Pod Plant,,individual,Thick Leaved Seed Pod Plant,Lomatia silaifolia,,747,2.9,7,n,seed pods,sprout,n,5,,,,,,,,,,,,14_months,,,,,,,,
Bargo,3,BAR-3,,Thick Round Edge Leaves,,individual,Thick Round Edge Leaves,Thick Round Edge Leaves,,385,2.5,3,n,buds,sprout,n,1,,,,,,,,,,,,14_months,,,,,,,,
Bargo,3,BAR-3,,Thick Round Edge Leaves,,individual,Thick Round Edge Leaves,Thick Round Edge Leaves,,434,2.5,2.5,n,,sprout,n,2,,,,,,,,,,,,14_months,,,,,,,,
Bargo,3,BAR-3,,Thick Round Edge Leaves,,individual,Thick Round Edge Leaves,Thick Round Edge Leaves,,251,1.9,2.1,n,,sprout,n,3,,,,,,,,,,,,14_months,,,,,,,,
Bargo,3,BAR-3,,Thick Round Edge Leaves,,individual,Thick Round Edge Leaves,Thick Round Edge Leaves,,336,2,2.1,n,,sprout,n,4,,,,,,,,,,,,14_months,,,,,,,,
Bargo,3,BAR-3,,Thick Round Edge Leaves,,individual,Thick Round Edge Leaves,Thick Round Edge Leaves,,226,,2.6,n,,sprout,n,5,,,,,,,,,,,,14_months,,,,,,,,
Bargo,3,BAR-3,,Tough Leaved Euc,,individual,Tough Leaved Euc,Tough Leaved Eucalyptus,,655,2.9,7,n,,sprout,n,1,,,,,,,,,,,,14_months,,,,,,,,
Bargo,3,BAR-3,BAR-3-WLBS-1,WLBS,1,individual,WLBS,Hibbertia cistiflora,,201,,3,n,,seed,y,1,0.009,,,117.9370637,0.052,4.409131308565892e-4,0.51,,,,,14_months,1,5,FALSE,0.604,,,,
Bargo,3,BAR-3,BAR-3-WLBS,WLBS,,pooled_nitrogen_sample,,Hibbertia cistiflora,,,,,,,,,,,,,,,,,,,,,14_months,,,,,68,Mixed,Fresh,0.72
Ben Boyd,1,BB-1,BB-1-BBA-1,BBA,1,individual,BBA,Acacia mearnsii,,1832,3.4,18.8,n,,seed,y,1,1.012,0.654,0.876,13583.86013,3.919,2.885041484890496e-4,65.04,103.41,,,Fresh,15_months,3,3,TRUE,313.773,,,,
Ben Boyd,1,BB-1,BB-1-BBA-2,BBA,2,individual,BBA,Acacia mearnsii,,1699,3.4,13,n,,seed,y,2,0.639,0.669,0.921,6807.402907,2.109,3.0980978044230814e-4,64.42,,,,Mouldy,15_months,3,3,FALSE,15.254000000000001,,,,
Ben Boyd,1,BB-1,BB-1-BBA-3,BBA,3,individual,BBA,Acacia mearnsii,,2217,4,18.5,n,,seed,y,3,0.64,0.769,0.753,12721.03279,3.277,2.576048701467108e-4,146.26,,,,Fresh,15_months,3,3,TRUE,283.772,,,,
Ben Boyd,1,BB-1,,BBA,,individual,BBA,Acacia mearnsii,,2763,4.5,29.5,n,,seed,n,4,,,,,,,,,,,,15_months,,,,,,,,
Ben Boyd,1,BB-1,,BBA,,individual,BBA,Acacia mearnsii,,2634,5.5,29.5,n,,seed,n,5,,,,,,,,,,,,15_months,,,,,,,,
Ben Boyd,1,BB-1,BB-1-BBA,BBA,,pooled_nitrogen_sample,,Acacia mearnsii,,,,,,,,,,,,,,,,,,,,,15_months,,,,,46,Pure,Fresh,4.29
Ben Boyd,1,BB-1,BB-1-BBE-1,BBE,1,individual,BBE,Blue Boyd Eucalyptus,,925,1.5,10,n,,seed,y,1,2.025,,,2084.420764,0.891,4.2745688173350017e-4,33.64,,,,Fresh,15_months,1,5,FALSE,197.604,,,,
Ben Boyd,1,BB-1,BB-1-BBE-2,BBE,2,individual,BBE,Blue Boyd Eucalyptus,,1359,1.6,11.9,n,,seed,y,2,2.894,,,3665.030567,1.665,4.542936189923461e-4,44.77,,,,Fresh,15_months,1,5,FALSE,274.856,,,,
Ben Boyd,1,BB-1,BB-1-BBE-3,BBE,3,individual,BBE,Blue Boyd Eucalyptus,,1963,1.7,27,n,,seed,y,3,2.513,,,8769.31956,3.279,3.7391726662085515e-4,113.15,94.46,,,Mouldy,15_months,,,,,,,,
Ben Boyd,1,BB-1,,BBE,,individual,BBE,Blue Boyd Eucalyptus,,1671,2.5,11,n,,seed,n,4,,,,,,,,,,,,15_months,,,,,,,,
Ben Boyd,1,BB-1,,BBE,,individual,BBE,Blue Boyd Eucalyptus,,1695,2,14.4,n,,seed,n,5,,,,,,,,,,,,15_months,,,,,,,,
Ben Boyd,1,BB-1,BB-1-BBE,BBE,,pooled_nitrogen_sample,,Blue Boyd Eucalyptus,,,,,,,,,,,,,,,,,,,,,15_months,,,,,24,Pure,Fresh,1.36
Ben Boyd,1,BB-1,BB-1-BWL-1,BWL,1,individual,BWL,Pultenaea daphnoides,,1822,3,11.4,n,,seed,y,1,0.102,,,4721.015427,2.161,4.5774050803583616e-4,72.85,,,,Mouldy,15_months,1,5,FALSE,16.721,,,,
Ben Boyd,1,BB-1,BB-1-BWL-2,BWL,2,individual,BWL,Pultenaea daphnoides,,1606,1.8,8.5,n,,seed,y,2,0.102,,,4394.33414,1.884,4.287338968720298e-4,83.5,,,,Some Mould,15_months,1,5,FALSE,13.726,,,,
Ben Boyd,1,BB-1,BB-1-BWL-3,BWL,3,individual,BWL,Pultenaea daphnoides,,1712,2.3,9,n,,seed,y,3,0.078,,,2311.575929,1.064,0.00046029204001111574,32.17,,,,Fresh,15_months,1,5,FALSE,12.427,,,,
Ben Boyd,1,BB-1,,BWL,,individual,BWL,Pultenaea daphnoides,,1973,3,8.9,n,,seed,n,4,,,,,,,,,,,,15_months,,,,,,,,
Ben Boyd,1,BB-1,,BWL,,individual,BWL,Pultenaea daphnoides,,1279,2.2,12.1,n,,seed,n,5,,,,,,,,,,,,15_months,,,,,,,,
Ben Boyd,1,BB-1,,BWL,,individual,BWL,Pultenaea daphnoides,,2135,2.1,10.8,n,,seed,n,6,,,,,,,,,,,,15_months,,,,,,,,
Ben Boyd,1,BB-1,BB-1-BWL,BWL,,pooled_nitrogen_sample,,Pultenaea daphnoides,,,,,,,,,,,,,,,,,,,,,15_months,,,,,159,Mixed,Slightly mouldy,2.56
Ben Boyd,1,BB-1,BB-1-DSP-1,DSP,1,individual,DSP,Opercularia aspera,,527,1.5,2,y,,seed,y,1,0.099,,,345.3858629,0.088,2.547874984260104e-4,45.9,,,,Fresh,15_months,1,5,FALSE,19.498,,,,
Ben Boyd,1,BB-1,BB-1-DSP-2,DSP,2,individual,DSP,Opercularia aspera,,426,1,1.5,y,,seed,y,2,0.101,,,330.6580809,0.093,2.81257302851539e-4,12.57,,,,Very Mouldy,15_months,1,5,FALSE,10.771,,,,
Ben Boyd,1,BB-1,BB-1-DSP-3,DSP,3,individual,DSP,Opercularia aspera,,334,0.9,2,y,,seed,y,3,0.084,,,228.4893776,0.064,2.8010054853420897e-4,3.93,,,,Very Mouldy,15_months,1,5,FALSE,10.177,,,,
Ben Boyd,1,BB-1,,DSP,,individual,DSP,Opercularia aspera,,419,0.5,1,n,,seed,n,4,,,,,,,,,,,,15_months,,,,,,,,
Ben Boyd,1,BB-1,,DSP,,individual,DSP,Opercularia aspera,,374,1.2,1.5,y,,seed,n,5,,,,,,,,,,,,15_months,,,,,,,,
Ben Boyd,1,BB-1,BB-1-DSP,DSP,,pooled_nitrogen_sample,,Opercularia aspera,,,,,,,,,,,,,,,,,,,,,15_months,,,,,166,Mixed,Very mouldy,1.03
Ben Boyd,1,BB-1,BB-1-LLSU-1,LLSU,1,individual,LLSU,Olearia viscidula,,1084,2.9,7,n,,seed,y,1,0.07,,,2274.431308,0.735,3.2315770426424325e-4,11,,,,Very Mouldy,15_months,1,5,FALSE,9.041,,,,
Ben Boyd,1,BB-1,BB-1-LLSU-2,LLSU,2,individual,LLSU,Olearia viscidula,,1014,3,8,n,,seed,y,2,0.06,,,2420.992666,1.014,4.188364608618769e-4,20.02,,,,Very Mouldy,15_months,1,5,FALSE,8.412,,,,
Ben Boyd,1,BB-1,BB-1-LLSU-3,LLSU,3,individual,LLSU,Olearia viscidula,,938,2.5,7,n,,seed,y,3,0.051,,,1846.619051,0.605,3.276257762381333e-4,12.17,,,,Very Mouldy,15_months,1,5,FALSE,6.541,,,,
Ben Boyd,1,BB-1,,LLSU,,individual,LLSU,Olearia viscidula,,1212,2.5,11.5,n,,seed,n,4,,,,,,,,,,,,15_months,,,,,,,,
Ben Boyd,1,BB-1,,LLSU,,individual,LLSU,Olearia viscidula,,1229,3.1,15.7,n,,seed,n,5,,,,,,,,,,,,15_months,,,,,,,,
Ben Boyd,1,BB-1,BB-1-LLSU,LLSU,,pooled_nitrogen_sample,,Olearia viscidula,,,,,,,,,,,,,,,,,,,,,15_months,,,,,42,Mixed,Mouldy,2.72
Ben Boyd,1,BB-1,BB-1-LVA-1,LVA,1,individual,LVA,Acacia obtusifolia,,1373,4.5,18,n,,seed,y,1,2.946,,,12511.57467,4.419,3.531929526501399e-4,91.77,131.05,,,Some Mould,15_months,1,5,FALSE,260.301,,,,
Ben Boyd,1,BB-1,BB-1-LVA-2,LVA,2,individual,LVA,Acacia obtusifolia,,1376,2.5,12,n,,seed,y,2,2.333,,,4982.069675,1.846,3.705287401465336e-4,52.96,,,,Fresh,15_months,1,5,FALSE,224.546,,,,
Ben Boyd,1,BB-1,BB-1-LVA-3,LVA,3,individual,LVA,Acacia obtusifolia,,1306,3,12,n,,seed,y,3,2.384,,,4486.772402,1.722,3.8379481857212335e-4,53.05,,,,Fresh,15_months,1,5,FALSE,210.859,,,,
Ben Boyd,1,BB-1,,LVA,,individual,LVA,Acacia obtusifolia,,1583,3.1,12.5,n,,seed,n,4,,,,,,,,,,,,15_months,,,,,,,,
Ben Boyd,1,BB-1,,LVA,,individual,LVA,Acacia obtusifolia,,1529,3,22,n,,seed,n,5,,,,,,,,,,,,15_months,,,,,,,,
Ben Boyd,1,BB-1,BB-1-LVA,LVA,,pooled_nitrogen_sample,,Acacia obtusifolia,,,,,,,,,,,,,,,,,,,,,15_months,,,,,23,Pure,Fresh,2.46
Ben Boyd,1,BB-1,BB-1-OLLE-1,OLLE,1,individual,OLLE,Opposite Leaves Eucalyptus,,480,1.7,4,n,,seed,y,1,0.684,,,278.8777072,0.14,5.020121594000254e-4,0.55,,,,Some Mould,15_months,1,5,FALSE,100.784,,,,
Ben Boyd,1,BB-1,BB-1-OLLE,OLLE,,pooled_nitrogen_sample,,Opposite Leaves Eucalyptus,,,,,,,,,,,,,,,,,,,,,15_months,,,,,163,Pure,Fresh,1.46
Ben Boyd,1,BB-1,BB-1-OLOB-1,OLOB,1,individual,OLOB,Pimelea linifolia,,1055,1.3,5.6,y,,seed,y,1,0.04,,,1739.15727,0.734,4.2204348776347293e-4,13.06,,,,Some Mould,15_months,1,5,FALSE,6.253,,,,
Ben Boyd,1,BB-1,BB-1-OLOB-2,OLOB,2,individual,OLOB,Pimelea linifolia,,671,1,3.3,n,buds,seed,y,2,0.038,,,125.603765,0.061,4.8565423178198523e-4,1.74,,,,Mouldy,15_months,1,5,FALSE,6.4719999999999995,,,,
Ben Boyd,1,BB-1,BB-1-OLOB-3,OLOB,3,individual,OLOB,Pimelea linifolia,,786,1.1,5.1,n,buds,seed,y,3,,,,1054.880805,0.554,5.251778185498408e-4,7.57,,,,Fresh,15_months,,,,,,,,
Ben Boyd,1,BB-1,,OLOB,,individual,OLOB,Pimelea linifolia,,786,0.5,3.5,n,buds,seed,n,4,,,,,,,,,,,,15_months,,,,,,,,
Ben Boyd,1,BB-1,BB-1-OLOB,OLOB,,pooled_nitrogen_sample,,Pimelea linifolia,,,,,,,,,,,,,,,,,,,,,15_months,,,,,164,Mixed,Fresh,1.99
Ben Boyd,1,BB-1,,Small Serrations Leathery Leaf,,individual,Small Serrations Leathery Leaf,Small Serrations Leathery Leaf,,1410,3.6,5.5,n,buds,sprout,n,1,,,,,,,,,,,,15_months,,,,,,,,
Ben Boyd,1,BB-1,,Small Serrations Leathery Leaf,,individual,Small Serrations Leathery Leaf,Small Serrations Leathery Leaf,,1376,4,8.9,n,,sprout,n,2,,,,,,,,,,,,15_months,,,,,,,,
Ben Boyd,1,BB-1,,Small Serrations Leathery Leaf,,individual,Small Serrations Leathery Leaf,Small Serrations Leathery Leaf,,1041,2.4,4.5,n,,sprout,n,3,,,,,,,,,,,,15_months,,,,,,,,
Ben Boyd,1,BB-1,,Small Serrations Leathery Leaf,,individual,Small Serrations Leathery Leaf,Small Serrations Leathery Leaf,,812,1.9,3,n,,sprout,n,4,,,,,,,,,,,,15_months,,,,,,,,
Ben Boyd,1,BB-1,,Small Serrations Leathery Leaf,,individual,Small Serrations Leathery Leaf,Small Serrations Leathery Leaf,,468,1.5,3.5,n,,sprout,n,5,,,,,,,,,,,,15_months,,,,,,,,
Ben Boyd,1,BB-1,BB-1-TSL-1,TSL,1,individual,TSL,TSL-unidentified,,269,4.5,4.5,n,,seed,y,1,0.305,,,1260.940731,0.144,1.142004508695659e-4,2.84,,,,Very Mouldy,15_months,1,5,FALSE,102.616,,,,
Ben Boyd,1,BB-1,BB-1-TSL-2,TSL,2,individual,TSL,TSL-unidentified,,623,5,6,n,,seed,y,2,0.202,,,1609.43183,0.183,1.1370472274057112e-4,,,,,,15_months,1,4,FALSE,112.157,,,,
Ben Boyd,1,BB-1,BB-1-TSL-3,TSL,3,individual,TSL,TSL-unidentified,,573,3.9,4.6,n,,seed,y,3,0.332,,,1507.886152,0.196,1.299832880221318e-4,,,,,,15_months,1,4,FALSE,127.167,,,,
Ben Boyd,1,BB-1,BB-1-TSL,TSL,,pooled_nitrogen_sample,,TSL-unidentified,,,,,,,,,,,,,,,,,,,,,15_months,,,,,41,Pure,Fresh,3.48
Ben Boyd,1,BB-1,BB-1-TWUL-1,TWUL,1,individual,TWUL,Helichrysum leucopsideum,,334,2,2.5,y,,seed,y,1,0.018,,,436.0405092,0.159,3.646450195458124e-4,12.66,,,,Mouldy,15_months,1,5,FALSE,1.7950000000000002,,,,
Ben Boyd,1,BB-1,BB-1-TWUL-2,TWUL,2,individual,TWUL,Helichrysum leucopsideum,,346,2,2,y,,seed,y,2,0.007,,,500.0239633,0.18,3.599827472508656e-4,,,,,,15_months,1,5,FALSE,1.315,,,,
Ben Boyd,1,BB-1,BB-1-TWUL-3,TWUL,3,individual,TWUL,Helichrysum leucopsideum,,415,2.5,2.5,y,,seed,y,3,0.01,,,548.6845762,0.191,3.4810528359080197e-4,20.8,,,,Very Mouldy,15_months,1,5,FALSE,1.744,,,,
Ben Boyd,1,BB-1,,TWUL,,individual,TWUL,Helichrysum leucopsideum,,321,2,2,y,,seed,n,4,,,,,,,,,,,,15_months,,,,,,,,
Ben Boyd,1,BB-1,,TWUL,,individual,TWUL,Helichrysum leucopsideum,,281,1.7,1.7,y,,seed,n,5,,,,,,,,,,,,15_months,,,,,,,,
Ben Boyd,1,BB-1,BB-1-TWUL,TWUL,,pooled_nitrogen_sample,,Helichrysum leucopsideum,,,,,,,,,,,,,,,,,,,,,15_months,,,,,173,Mixed,Fresh,1.5
Ben Boyd,1,BB-1,,Whorled Leaves Fuzzy Red Stem,,individual,Whorled Leaves Fuzzy Red Stem,Whorled Leaves Fuzzy Red Stem,,496,1.6,2.9,n,,sprout,n,1,,,,,,,,,,,,15_months,,,,,,,,
Ben Boyd,1,BB-1,,Whorled Longitudinal Veins,,individual,Whorled Longitudinal Veins,Leucopogon affinis,,1399,1.5,7.4,y,,sprout,n,1,,,,,,,,,,,,15_months,,,,,,,,
Ben Boyd,1,BB-1,,Whorled Longitudinal Veins,,individual,Whorled Longitudinal Veins,Leucopogon affinis,,862,2,5.9,y,,sprout,n,2,,,,,,,,,,,,15_months,,,,,,,,
Ben Boyd,2,BB-2,BB-2-BBA-1,BBA,1,individual,BBA,Acacia mearnsii,,3089,7,32.2,n,,seed,y,1,0.711,0.856,0.834,39172.5272,13.575,3.4654389109722795e-4,175.32,124.75,TRUE,TRUE,Mouldy,15_months,3,3,TRUE,277.425,,,,
Ben Boyd,2,BB-2,BB-2-BBA-2,BBA,2,individual,BBA,Acacia mearnsii,,2455,2.2,15.6,n,,seed,y,2,0.839,0.63,0.811,12165.89804,3.944,3.2418486387380575e-4,83.58,133.28,,,Very Mouldy,15_months,3,3,TRUE,244.303,,,,
Ben Boyd,2,BB-2,BB-2-BBA-3,BBA,3,individual,BBA,Acacia mearnsii,,3322,3.5,29.1,n,,seed,y,3,0.827,0.752,0.58,30922.01644,8.187,2.6476281117972266e-4,177.08,138.88,TRUE,TRUE,Mouldy,15_months,3,3,TRUE,289.671,,,,
Ben Boyd,2,BB-2,,BBA,,individual,BBA,Acacia mearnsii,,3174,3.5,13.3,n,,seed,n,4,,,,,,,,,,,,15_months,,,,,,,,
Ben Boyd,2,BB-2,,BBA,,individual,BBA,Acacia mearnsii,,3519,5,20.9,n,,seed,n,5,,,,,,,,,,,,15_months,,,,,,,,
Ben Boyd,2,BB-2,,BBA,,individual,BBA,Acacia mearnsii,,2706,4.3,22.6,n,,seed,n,6,,,,,,,,,,,,15_months,,,,,,,,
Ben Boyd,2,BB-2,BB-2-BBA,BBA,,pooled_nitrogen_sample,,Acacia mearnsii,,,,,,,,,,,,,,,,,,,,,15_months,,,,,1,Pure,Fresh,3.44
Ben Boyd,2,BB-2,BB-2-BBE-1,BBE,1,individual,BBE,Blue Boyd Eucalyptus,,1501,1.7,7.7,n,,seed,y,1,2.131,,,1822.145556,0.831,4.5605577296701973e-4,17.27,,,,Mouldy,15_months,1,5,FALSE,235.146,,,,
Ben Boyd,2,BB-2,BB-2-BBE,BBE,,pooled_nitrogen_sample,,Blue Boyd Eucalyptus,,,,,,,,,,,,,,,,,,,,,15_months,,,,,149,Pure,Fresh,1.95
Ben Boyd,2,BB-2,BB-2-BWL-1,BWL,1,individual,BWL,Pultenaea daphnoides,,1559,1.9,5.7,n,,seed,y,1,0.081,,,1271.340588,0.483,3.79913930664188e-4,10.34,,,,Some Mould,15_months,1,5,FALSE,12.073,,,,
Ben Boyd,2,BB-2,BB-2-BWL-2,BWL,2,individual,BWL,Pultenaea daphnoides,,1134,2,6.1,n,,seed,y,2,0.054,,,825.1294843,0.268,3.247975076631255e-4,7.47,,,,Some Mould,15_months,1,5,FALSE,11.134,,,,
Ben Boyd,2,BB-2,BB-2-BWL-3,BWL,3,individual,BWL,Pultenaea daphnoides,,1271,1.9,6,n,,seed,y,3,0.035,,,1497.582708,0.434,2.8980035471937355e-4,7.91,,,,Some Mould,15_months,1,5,FALSE,6.881,,,,
Ben Boyd,2,BB-2,,BWL,,individual,BWL,Pultenaea daphnoides,,1727,1.5,10.5,n,,seed,n,4,,,,,,,,,,,,15_months,,,,,,,,
Ben Boyd,2,BB-2,,BWL,,individual,BWL,Pultenaea daphnoides,,726,2.1,4,n,,seed,n,5,,,,,,,,,,,,15_months,,,,,,,,
Ben Boyd,2,BB-2,,BWL,,individual,BWL,Pultenaea daphnoides,,1015,1.5,5.5,n,,seed,n,6,,,,,,,,,,,,15_months,,,,,,,,
Ben Boyd,2,BB-2,BB-2-BWL,BWL,,pooled_nitrogen_sample,,Pultenaea daphnoides,,,,,,,,,,,,,,,,,,,,,15_months,,,,,4,Mixed,Some mould,2.79
Ben Boyd,2,BB-2,BB-2-DBE-1,DBE,1,individual,DBE,DBE,,802,2,7,n,,lignotuber,y,1,0.708,,,2213.660065,0.727,3.2841537483308214e-4,12.72,,,,Very Mouldy,15_months,1,5,FALSE,119.608,,,,
Ben Boyd,2,BB-2,BB-2-DBE-2,DBE,2,individual,DBE,DBE,,878,1.9,8,n,,lignotuber,y,2,0.919,,,1268.145983,0.564,4.447437499788224e-4,12.22,,,,Mouldy,15_months,1,5,FALSE,86.002,,,,
Ben Boyd,2,BB-2,BB-2-DBE-3,DBE,3,individual,DBE,DBE,,823,1.5,8,n,,lignotuber,y,3,0.844,,,1741.102283,0.658,3.779215077854217e-4,7.49,,,,Mouldy,15_months,1,5,FALSE,106.098,,,,
Ben Boyd,2,BB-2,BB-2-DBE,DBE,,pooled_nitrogen_sample,,DBE,,,,,,,,,,,,,,,,,,,,,15_months,,,,,3,Pure,Fresh,1.97
Ben Boyd,2,BB-2,,Discolorous Boyd Eucalyptus,,individual,Discolorous Boyd Eucalyptus,Discolourous Boyd Eucalyptus,,1607,1.4,15.5,n,,sprout,n,1,,,,,,,,,,,,15_months,,,,,,,,
Ben Boyd,2,BB-2,BB-2-LLSU-1,LLSU,1,individual,LLSU,Olearia viscidula,,1330,4.5,18.6,n,,seed,y,1,0.047,,,12407.37347,4.776,3.84932396171355e-4,48.57,80.02,,,Very Mouldy,15_months,1,5,FALSE,3.411,,,,
Ben Boyd,2,BB-2,BB-2-LLSU-2,LLSU,2,individual,LLSU,Olearia viscidula,,849,1,6.5,n,,seed,y,2,0.029,,,2176.028788,0.769,3.533960599421996e-4,10.73,,,,Very Mouldy,15_months,1,5,FALSE,3.632,,,,
Ben Boyd,2,BB-2,BB-2-LLSU-3,LLSU,3,individual,LLSU,Olearia viscidula,,811,2,5.3,n,,seed,y,3,0.014,,,723.3104751,0.185,2.557684512648917e-4,9.01,,,,Mouldy,15_months,1,5,FALSE,2.589,,,,
Ben Boyd,2,BB-2,,LLSU,,individual,LLSU,Olearia viscidula,,776,0.9,8.2,n,,seed,n,4,,,,,,,,,,,,15_months,,,,,,,,
Ben Boyd,2,BB-2,,LLSU,,individual,LLSU,Olearia viscidula,,1711,0.9,5.9,n,,seed,n,5,,,,,,,,,,,,15_months,,,,,,,,
Ben Boyd,2,BB-2,,LLSU,,individual,LLSU,Olearia viscidula,,848,2,5.6,n,,seed,n,6,,,,,,,,,,,,15_months,,,,,,,,
Ben Boyd,2,BB-2,BB-2-LLSU,LLSU,,pooled_nitrogen_sample,,Olearia viscidula,,,,,,,,,,,,,,,,,,,,,15_months,,,,,158,Mixed,Very mouldy,2.59
Ben Boyd,2,BB-2,BB-2-MSFL-1,MSFL,1,individual,MSFL,Gonocarpus humilis,,1007,0.5,3,n,,seed,y,1,0.026,,,228.2562016,0.073,3.198160640906766e-4,8.15,,,,Very Mouldy,15_months,1,5,FALSE,5.622,,,,
Ben Boyd,2,BB-2,BB-2-MSFL-2,MSFL,2,individual,MSFL,Gonocarpus humilis,,1234,1,2,n,,seed,y,2,0.033,,,248.6887188,0.053,2.1311782961342754e-4,1.7,,,,Mouldy,15_months,1,5,FALSE,4.890000000000001,,,,
Ben Boyd,2,BB-2,BB-2-MSFL-3,MSFL,3,individual,MSFL,Gonocarpus humilis,,1114,0.4,2,n,,seed,y,3,0.035,,,280.6383801,0.117,4.169066253814227e-4,7.88,,,,Very Mouldy,15_months,1,5,FALSE,4.452,,,,
Ben Boyd,2,BB-2,,MSFL,,individual,MSFL,Gonocarpus humilis,,535,1,1.9,n,,seed,n,4,,,,,,,,,,,,15_months,,,,,,,,
Ben Boyd,2,BB-2,BB-2-MSFL,MSFL,,pooled_nitrogen_sample,,Gonocarpus humilis,,,,,,,,,,,,,,,,,,,,,15_months,,,,,6,Mixed,Mouldy,1.76
Ben Boyd,2,BB-2,BB-2-PSSL-1,PSSL,1,individual,PSSL,PSSL-unidentified,,824,2,8.7,n,,seed,y,1,0.012,,,1129.231735,0.443,3.923021168015615e-4,9.52,,,,Fresh,15_months,1,5,FALSE,0.963,,,,
Ben Boyd,2,BB-2,BB-2-PSSL-2,PSSL,2,individual,PSSL,PSSL-unidentified,,1054,1,7,n,,seed,y,5,0.018,,,1374.181025,0.558,4.06060038560058e-4,17.2,,,,Fresh,15_months,1,5,FALSE,1.849,,,,
Ben Boyd,2,BB-2,BB-2-PSSL-3,PSSL,3,individual,PSSL,PSSL-unidentified,,898,1,4.6,n,,seed,y,3,0.03,,,1218.887385,0.533,4.372840399853675e-4,6.3,,,,Fresh,15_months,1,5,FALSE,2.264,,,,
Ben Boyd,2,BB-2,,PSSL,,individual,PSSL,PSSL-unidentified,,542,1.5,3,n,,seed,n,2,,,,,,,,,,,,15_months,,,,,,,,
Ben Boyd,2,BB-2,,PSSL,,individual,PSSL,PSSL-unidentified,,1046,1.4,7.4,n,,seed,n,4,,,,,,,,,,,,15_months,,,,,,,,
Ben Boyd,2,BB-2,,PSSL,,individual,PSSL,PSSL-unidentified,,1437,2.1,6.5,n,,seed,n,6,,,,,,,,,,,,15_months,,,,,,,,
Ben Boyd,2,BB-2,BB-2-PSSL,PSSL,,pooled_nitrogen_sample,,PSSL-unidentified,,,,,,,,,,,,,,,,,,,,,15_months,,,,,5,Mixed,Fresh,1.88
Ben Boyd,3,BB-3,BB-3-BAML-1,BAML,1,individual,BAML,Acacia terminalis,,1672,3,17.8,n,,seed,y,1,0.713,1.315,1.812,5003.923386,1.932,3.860970384569353e-4,169.07,,,,Mouldy,15_months,3,3,TRUE,340.093,,,,
Ben Boyd,3,BB-3,BB-3-BAML-2,BAML,2,individual,BAML,Acacia terminalis,,1836,2,13.3,n,,seed,y,2,1.291,1.124,1.369,6340.153692,2.45,3.8642596363104066e-4,116.42,,,,Mouldy,15_months,3,3,FALSE,140.87900000000002,,,,
Ben Boyd,3,BB-3,BB-3-BAML-3,BAML,3,individual,BAML,Acacia terminalis,,2136,2.9,18,n,,seed,y,3,1.433,1.498,0.632,10117.41689,4.189,4.1403848883012664e-4,202.74,,,,Fresh,15_months,3,3,TRUE,345.25000000000006,,,,
Ben Boyd,3,BB-3,,BAML,,individual,BAML,Acacia terminalis,,2368,3,23.9,n,,seed,n,4,,,,,,,,,,,,15_months,,,,,,,,
Ben Boyd,3,BB-3,,BAML,,individual,BAML,Acacia terminalis,,2146,2.5,11.5,n,,seed,n,5,,,,,,,,,,,,15_months,,,,,,,,
Ben Boyd,3,BB-3,BB-3-BAML,BAML,,pooled_nitrogen_sample,,Acacia terminalis,,,,,,,,,,,,,,,,,,,,,15_months,,,,,26,Pure,Fresh,2.2
Ben Boyd,3,BB-3,BB-3-BBE-1,BBE,1,individual,BBE,Blue Boyd Eucalyptus,,1371,1.9,9.5,n,,seed,y,1,2.837,,,2638.3322,1.246,4.72268048731695e-4,25.72,,,,Some Mould,15_months,1,5,FALSE,286.234,,,,
Ben Boyd,3,BB-3,BB-3-BBE-2,BBE,2,individual,BBE,Blue Boyd Eucalyptus,,1048,2,12,n,,seed,y,2,1.427,,,2686.935396,1.061,3.9487365478883287e-4,30.85,,,,Some Mould,15_months,1,5,FALSE,126.039,,,,
Ben Boyd,3,BB-3,BB-3-BBE-3,BBE,3,individual,BBE,Blue Boyd Eucalyptus,,1546,2,16.7,n,,seed,y,3,2.819,,,5748.488024,2.339,4.0688960127161254e-4,95.52,,,,Mouldy,15_months,1,4,FALSE,214.48,,,,
Ben Boyd,3,BB-3,,BBE,,individual,BBE,Blue Boyd Eucalyptus,,1831,2,16.4,n,,seed,n,4,,,,,,,,,,,,15_months,,,,,,,,
Ben Boyd,3,BB-3,,BBE,,individual,BBE,Blue Boyd Eucalyptus,,1590,1.4,14.5,n,,seed,n,5,,,,,,,,,,,,15_months,,,,,,,,
Ben Boyd,3,BB-3,BB-3-BBE,BBE,,pooled_nitrogen_sample,,Blue Boyd Eucalyptus,,,,,,,,,,,,,,,,,,,,,15_months,,,,,27,Pure,Fresh,1.19
Ben Boyd,3,BB-3,BB-3-BS-1,BS,1,individual,BS,Banksia serrata,,456,3,8.3,n,,seed,y,1,1.348,,,1046.412258,0.346,3.306536189296054e-4,15.66,,,,Fresh,15_months,1,5,FALSE,96.736,,,,
Ben Boyd,3,BB-3,BB-3-BS-2,BS,2,individual,BS,Banksia serrata,,485,3.3,9.5,n,,seed,y,4,1.816,,,1392.047559,0.468,3.361954101167315e-4,14.06,,,,Fresh,15_months,1,5,FALSE,125.231,,,,
Ben Boyd,3,BB-3,BB-3-BS-3,BS,3,individual,BS,Banksia serrata,,782,3.9,12.2,n,,seed,y,7,1.363,,,1916.919007,0.739,3.8551446216631937e-4,19.39,,,,Fresh,15_months,1,5,FALSE,112.014,,,,
Ben Boyd,3,BB-3,,BS,,individual,BS,Banksia serrata,,307,3,5,n,,seed,n,2,,,,,,,,,,,,15_months,,,,,,,,
Ben Boyd,3,BB-3,,BS,,individual,BS,Banksia serrata,,437,3,7,n,,seed,n,3,,,,,,,,,,,,15_months,,,,,,,,
Ben Boyd,3,BB-3,,BS,,individual,BS,Banksia serrata,,481,3.5,8.4,n,,seed,n,5,,,,,,,,,,,,15_months,,,,,,,,
Ben Boyd,3,BB-3,,BS,,individual,BS,Banksia serrata,,844,3,13.1,n,,seed,n,6,,,,,,,,,,,,15_months,,,,,,,,
Ben Boyd,3,BB-3,BB-3-BS,BS,,pooled_nitrogen_sample,,Banksia serrata,,,,,,,,,,,,,,,,,,,,,15_months,,,,,28,Pure,Fresh,0.8
Ben Boyd,3,BB-3,BB-3-BSE-1,BSE,1,individual,BSE,Boyd Sandpaper Eucalyptus,,1479,2.9,23.4,n,,lignotuber,y,1,1.003,,,2898.561009,1.143,3.9433360086297913e-4,86.74,,,,Some Mould,15_months,1,5,FALSE,66.529,,,,
Ben Boyd,3,BB-3,BB-3-BSE-2,BSE,2,individual,BSE,Boyd Sandpaper Eucalyptus,,775,1.1,5.2,n,,lignotuber,y,2,1.051,,,1097.734048,0.473,4.3088760967355906e-4,16.1,,,,Fresh,15_months,1,5,FALSE,96.1,,,,
Ben Boyd,3,BB-3,BB-3-BSE-3,BSE,3,individual,BSE,Boyd Sandpaper Eucalyptus,,1241,1.5,11,n,,lignotuber,y,3,1.963,,,3474.629708,1.493,4.296860746232934e-4,76.97,,,,Some Mould,15_months,1,5,FALSE,155.416,,,,
Ben Boyd,3,BB-3,,BSE,,individual,BSE,Boyd Sandpaper Eucalyptus,,1355,2,11.3,n,,lignotuber,n,4,,,,,,,,,,,,15_months,,,,,,,,
Ben Boyd,3,BB-3,BB-3-BSE,BSE,,pooled_nitrogen_sample,,Boyd Sandpaper Eucalyptus,,,,,,,,,,,,,,,,,,,,,15_months,,,,,36,Pure,Fresh,1.32
Ben Boyd,3,BB-3,,Blue Boyd Eucalyptus,,individual,Blue Boyd Eucalyptus,Blue Boyd Eucalyptus,,2289,2,21.3,n,,sprout,n,1,,,,,,,,,,,,15_months,,,,,,,,
Ben Boyd,3,BB-3,,Blue Boyd Eucalyptus,,individual,Blue Boyd Eucalyptus,Blue Boyd Eucalyptus,,2333,2.2,20,n,,sprout,n,2,,,,,,,,,,,,15_months,,,,,,,,
Ben Boyd,3,BB-3,,Blue Boyd Eucalyptus,,individual,Blue Boyd Eucalyptus,Blue Boyd Eucalyptus,,2474,2,18.1,n,,sprout,n,3,,,,,,,,,,,,15_months,,,,,,,,
Ben Boyd,3,BB-3,,Blue Boyd Eucalyptus,,individual,Blue Boyd Eucalyptus,Blue Boyd Eucalyptus,,2390,2,24.3,n,,sprout,n,4,,,,,,,,,,,,15_months,,,,,,,,
Ben Boyd,3,BB-3,,Blue Boyd Eucalyptus,,individual,Blue Boyd Eucalyptus,Blue Boyd Eucalyptus,,2534,2,28,n,,sprout,n,5,,,,,,,,,,,,15_months,,,,,,,,
Ben Boyd,3,BB-3,,Blueberry Ash,,individual,Blueberry Ash,Eleocarpus reticulatus,,359,2.1,3.2,n,,sprout,n,1,,,,,,,,,,,,15_months,,,,,,,,
Ben Boyd,3,BB-3,,Blueberry Ash,,individual,Blueberry Ash,Eleocarpus reticulatus,,381,2.3,3.8,n,,sprout,n,2,,,,,,,,,,,,15_months,,,,,,,,
Ben Boyd,3,BB-3,,Boyd Sandpaper Eucalyptus,,individual,Boyd Sandpaper Eucalyptus,Boyd Sandpaper Eucalyptus,,2029,2,11.5,n,,sprout,n,1,,,,,,,,,,,,15_months,,,,,,,,
Ben Boyd,3,BB-3,,Boyd Sandpaper Eucalyptus,,individual,Boyd Sandpaper Eucalyptus,Boyd Sandpaper Eucalyptus,,2286,1.5,29,n,,sprout,n,2,,,,,,,,,,,,15_months,,,,,,,,
Ben Boyd,3,BB-3,,Boyd Sandpaper Eucalyptus,,individual,Boyd Sandpaper Eucalyptus,Boyd Sandpaper Eucalyptus,,2187,1.6,22.9,n,,sprout,n,3,,,,,,,,,,,,15_months,,,,,,,,
Ben Boyd,3,BB-3,,Boyd Sandpaper Eucalyptus,,individual,Boyd Sandpaper Eucalyptus,Boyd Sandpaper Eucalyptus,,2653,2,25.3,n,,sprout,n,4,,,,,,,,,,,,15_months,,,,,,,,
Ben Boyd,3,BB-3,,Boyd Sandpaper Eucalyptus,,individual,Boyd Sandpaper Eucalyptus,Boyd Sandpaper Eucalyptus,,2227,1.5,26,n,,sprout,n,5,,,,,,,,,,,,15_months,,,,,,,,
Ben Boyd,3,BB-3,BB-3-FYP-1,FYP,1,individual,FYP,Bossiaea heterophylla,,445,0.5,2.5,y,,seed,y,1,0.018,,,71.65847179,0.046,6.419338684029728e-4,0.78,,,,Some Mould,15_months,1,5,FALSE,2.783,,,,
Ben Boyd,3,BB-3,BB-3-FYP-2,FYP,2,individual,FYP,Bossiaea heterophylla,,697,0.5,1.5,y,,seed,y,2,0.035,,,300.6037818,0.122,4.0584985082180365e-4,5.37,,,,Some Mould,15_months,1,5,FALSE,5.044,,,,
Ben Boyd,3,BB-3,BB-3-FYP,FYP,,pooled_nitrogen_sample,,Bossiaea heterophylla,,,,,,,,,,,,,,,,,,,,,15_months,,,,,168,Mixed,Slightly mouldy,2.59
Ben Boyd,3,BB-3,BB-3-LVA-1,LVA,1,individual,LVA,Acacia obtusifolia,,1523,2.5,9.9,n,,seed,y,1,2.718,,,3584.797471,1.33,3.710111967996309e-4,44.59,,,,,15_months,1,5,FALSE,218.246,,,,
Ben Boyd,3,BB-3,BB-3-LVA-2,LVA,2,individual,LVA,Acacia obtusifolia,,1476,3.8,11.1,n,,seed,y,2,3.125,,,3685.03882,1.418,3.847992027394707e-4,48.67,,,,Fresh,15_months,1,5,FALSE,293.036,,,,
Ben Boyd,3,BB-3,BB-3-LVA,LVA,,pooled_nitrogen_sample,,Acacia obtusifolia,,,,,,,,,,,,,,,,,,,,,15_months,,,,,29,Pure,Fresh,1.92
Ben Boyd,3,BB-3,BB-3-MFOL-1,MFOL,1,individual,MFOL,Xanthosia pilosa,,599,1.3,5,n,,lignotuber,y,1,0.221,,,525.9757504,0.191,3.6313461191841284e-4,7.13,,,,Fresh,15_months,1,5,FALSE,23.569,,,,
Ben Boyd,3,BB-3,BB-3-MFOL-2,MFOL,2,individual,MFOL,Xanthosia pilosa,,539,1.1,3.5,n,,seed,y,2,0.265,,,354.8395326,0.121,3.4099920917323405e-4,1.49,,,,Some Mould,15_months,1,5,FALSE,25.637,,,,
Ben Boyd,3,BB-3,BB-3-MFOL-3,MFOL,3,individual,MFOL,Xanthosia pilosa,,601,1.4,3,n,,seed,y,3,0.23,,,303.2908274,0.111,3.6598535126024717e-4,1.65,,,,Some Mould,15_months,1,5,FALSE,22.11,,,,
Ben Boyd,3,BB-3,,MFOL,,individual,MFOL,Xanthosia pilosa,,558,1.2,5.9,n,,seed,n,4,,,,,,,,,,,,15_months,,,,,,,,
Ben Boyd,3,BB-3,,MFOL,,individual,MFOL,Xanthosia pilosa,,531,1,5,n,,seed,n,5,,,,,,,,,,,,15_months,,,,,,,,
Ben Boyd,3,BB-3,,MFOL,,individual,MFOL,Xanthosia pilosa,,616,1.5,4,n,,seed,n,6,,,,,,,,,,,,15_months,,,,,,,,
Ben Boyd,3,BB-3,BB-3-MFOL,MFOL,,pooled_nitrogen_sample,,Xanthosia pilosa,,,,,,,,,,,,,,,,,,,,,15_months,,,,,48,Pure,Fresh,1.49
Ben Boyd,3,BB-3,BB-3-MSFL-1,MSFL,1,individual,MSFL,Gonocarpus humilis,,329,1.5,2,n,,seed,y,1,0.054,,,199.9881335,0.084,4.2002492112863286e-4,1.29,,,,Mouldy,15_months,1,5,FALSE,7.636,,,,
Ben Boyd,3,BB-3,BB-3-MSFL-2,MSFL,2,individual,MSFL,Gonocarpus humilis,,296,1,2.3,n,,seed,y,2,0.043,,,46.54840457,0.03,6.444904025633289e-4,0.71,,,,Very Mouldy,15_months,1,5,FALSE,5.651,,,,
Ben Boyd,3,BB-3,BB-3-MSFL-3,MSFL,3,individual,MSFL,Gonocarpus humilis,,426,1.2,3,n,,seed,y,4,0.056,,,177.0501263,0.072,4.0666449386204137e-4,3.62,,,,Mouldy,15_months,1,5,FALSE,7.184,,,,
Ben Boyd,3,BB-3,,MSFL,,individual,MSFL,Gonocarpus humilis,,320,1.5,2.4,n,,seed,n,3,,,,,,,,,,,,15_months,,,,,,,,
Ben Boyd,3,BB-3,,MSFL,,individual,MSFL,Gonocarpus humilis,,490,1.4,2.2,n,,seed,n,5,,,,,,,,,,,,15_months,,,,,,,,
Ben Boyd,3,BB-3,,MSFL,,individual,MSFL,Gonocarpus humilis,,455,1.2,1.5,n,,seed,n,6,,,,,,,,,,,,15_months,,,,,,,,
Ben Boyd,3,BB-3,BB-3-MSFL,MSFL,,pooled_nitrogen_sample,,Gonocarpus humilis,,,,,,,,,,,,,,,,,,,,,15_months,,,,,170,Mixed,Very mouldy,2.36
Ben Boyd,3,BB-3,BB-3-MSNL-1,MSNL,1,individual,MSNL,Platysace linearifolia,,853,2,4.9,y,,seed,y,1,0.007,,,1279.781,0.474,3.703758689963361e-4,12.86,,,,Some mould,15_months,1,5,FALSE,0.516,,,,
Ben Boyd,3,BB-3,BB-3-MSNL-2,MSNL,2,individual,MSNL,Platysace linearifolia,,631,1.1,4,y,,seed,y,2,0.007,,,737.9973226,0.269,3.6449996736072175e-4,3.01,,,,Fresh,15_months,1,5,FALSE,0.501,,,,
Ben Boyd,3,BB-3,BB-3-MSNL-3,MSNL,3,individual,MSNL,Platysace linearifolia,,717,1,4.5,y,,seed,y,3,0.005,,,608.0202992,0.237,3.897896177345258e-4,3.82,,,,Fresh,15_months,1,5,FALSE,0.507,,,,
Ben Boyd,3,BB-3,,MSNL,,individual,MSNL,Platysace linearifolia,,815,1,3.5,n,,seed,n,4,,,,,,,,,,,,15_months,,,,,,,,
Ben Boyd,3,BB-3,,MSNL,,individual,MSNL,Platysace linearifolia,,591,1.5,4.6,y,,seed,n,5,,,,,,,,,,,,15_months,,,,,,,,
Ben Boyd,3,BB-3,BB-3-MSNL,MSNL,,pooled_nitrogen_sample,,Platysace linearifolia,,,,,,,,,,,,,,,,,,,,,15_months,,,,,169,Mixed,Fresh,3.3
Ben Boyd,3,BB-3,BB-3-OLOB-1,OLOB,1,individual,OLOB,Pimelea linifolia,,667,1.6,4.9,n,,seed,y,1,0.042,,,603.5381824,0.279,4.622739838771136e-4,2.32,,,,Very Mouldy,15_months,1,5,FALSE,5.9350000000000005,,,,
Ben Boyd,3,BB-3,BB-3-OLOB-2,OLOB,2,individual,OLOB,Pimelea linifolia,,980,1.2,5.5,n,buds,seed,y,2,0.032,,,1378.127083,0.42,3.0476144412292926e-4,9.92,,,,Mouldy,15_months,1,5,FALSE,7.362,,,,
Ben Boyd,3,BB-3,BB-3-OLOB-3,OLOB,3,individual,OLOB,Pimelea linifolia,,985,1.2,5.5,n,,seed,y,3,0.053,,,2291.174106,0.685,2.9897335091478205e-4,9.96,,,,Mouldy,15_months,1,5,FALSE,7.598,,,,
Ben Boyd,3,BB-3,,OLOB,,individual,OLOB,Pimelea linifolia,,805,1.5,6,n,,seed,n,4,,,,,,,,,,,,15_months,,,,,,,,
Ben Boyd,3,BB-3,,OLOB,,individual,OLOB,Pimelea linifolia,,913,1,3.5,n,,seed,n,5,,,,,,,,,,,,15_months,,,,,,,,
Ben Boyd,3,BB-3,BB-3-OLOB,OLOB,,pooled_nitrogen_sample,,Pimelea linifolia,,,,,,,,,,,,,,,,,,,,,15_months,,,,,172,Mixed,Mouldy,2.24
Ben Boyd,3,BB-3,BB-3-TLLF-1,TLLF,1,individual,TLLF,Phyllanthus hirtellus,,590,1.8,3.7,n,,seed,y,1,0.013,,,325.8054111,0.148,4.5425887648800926e-4,4.02,,,,Fresh,15_months,1,5,FALSE,1.509,,,,
Ben Boyd,3,BB-3,BB-3-TLLF-2,TLLF,2,individual,TLLF,Phyllanthus hirtellus,,1158,1.9,12,n,,seed,y,4,0.026,,,2240.652996,1.149,5.127969400220328e-4,54.56,,,,Fresh,15_months,1,5,FALSE,2.988,,,,
Ben Boyd,3,BB-3,BB-3-TLLF-3,TLLF,3,individual,TLLF,Phyllanthus hirtellus,,869,1.5,5.4,n,,seed,y,3,0.027,,,1133.14588,0.494,4.359544598088288e-4,15.98,,,,Fresh,15_months,1,5,FALSE,2.646,,,,
Ben Boyd,3,BB-3,,TLLF,,individual,TLLF,Phyllanthus hirtellus,,393,1,1.4,n,,seed,n,2,,,,,,,,,,,,15_months,,,,,,,,
Ben Boyd,3,BB-3,,TLLF,,individual,TLLF,Phyllanthus hirtellus,,631,1.7,2.6,n,,seed,n,5,,,,,,,,,,,,15_months,,,,,,,,
Ben Boyd,3,BB-3,BB-3-TLLF,TLLF,,pooled_nitrogen_sample,,Phyllanthus hirtellus,,,,,,,,,,,,,,,,,,,,,15_months,,,,,167,Mixed,Fresh,2.17
Ben Boyd,3,BB-3,BB-3-WLW-1,WLW,1,individual,WLW,Acacia suaveolens,,1981,1.4,11.5,n,,seed,y,1,0.548,,,5934.943767,2.592,4.3673539325044127e-4,81.71,,,,Some Mould,15_months,1,5,FALSE,37.555,,,,
Ben Boyd,3,BB-3,BB-3-WLW-2,WLW,2,individual,WLW,Acacia suaveolens,,2301,1.5,6,n,,seed,y,2,0.534,,,5471.300003,2.048,3.743168897477838e-4,52.73,,,,Mouldy,15_months,1,5,FALSE,46.435,,,,
Ben Boyd,3,BB-3,BB-3-WLW-3,WLW,3,individual,WLW,Acacia suaveolens,,2535,1.5,13.1,n,,seed,y,3,0.555,,,5038.074346,1.978,3.926103237381642e-4,105.67,,,,Some Mould,15_months,1,5,FALSE,42.857,,,,
Ben Boyd,3,BB-3,,WLW,,individual,WLW,Acacia suaveolens,,2612,2.4,14,n,,seed,n,4,,,,,,,,,,,,15_months,,,,,,,,
Ben Boyd,3,BB-3,,WLW,,individual,WLW,Acacia suaveolens,,2443,1.9,14.5,n,,seed,n,5,,,,,,,,,,,,15_months,,,,,,,,
Ben Boyd,3,BB-3,,WLW,,individual,WLW,Acacia suaveolens,,2031,1.9,13.4,n,,seed,n,6,,,,,,,,,,,,15_months,,,,,,,,
Ben Boyd,3,BB-3,BB-3-WLW,WLW,,pooled_nitrogen_sample,,Acacia suaveolens,,,,,,,,,,,,,,,,,,,,,15_months,,,,,34,Pure,Fresh,2.67
Blue Mountains,1,BM-1,BM-1-ALL-1,ALL,1,individual,ALL,Acacia obtusifolia,,544,3.7,5,n,,seed,y,1,1.627,,,576.1023418,0.367,6.370395906625353e-4,6.7,,,,,14_months,1,5,FALSE,100.054,,,,
Blue Mountains,1,BM-1,BM-1-ALL-2,ALL,2,individual,ALL,Acacia obtusifolia,,495,2,4,n,,seed,y,2,2.041,,,506.7074791,0.337,6.650780063451406e-4,2.2,,,,,14_months,1,5,FALSE,120.382,,,,
Blue Mountains,1,BM-1,BM-1-ALL-3,ALL,3,individual,ALL,Acacia obtusifolia,,416,2.7,4.6,n,,seed,y,3,3.141,,,794.2190574,0.363,4.570527446021468e-4,4.94,,,,,14_months,1,5,FALSE,167.361,,,,
Blue Mountains,1,BM-1,,ALL,,individual,ALL,Acacia obtusifolia,,631,3.2,5.1,n,,seed,n,4,,,,,,,,,,,,14_months,,,,,,,,
Blue Mountains,1,BM-1,,ALL,,individual,ALL,Acacia obtusifolia,,424,2.2,3.4,n,,seed,n,5,,,,,,,,,,,,14_months,,,,,,,,
Blue Mountains,1,BM-1,BM-1-ALL,ALL,,pooled_nitrogen_sample,,Acacia obtusifolia,,,,,,,,,,,,,,,,,,,,,14_months,,,,,55,Pure,Fresh,1.88
Blue Mountains,1,BM-1,BM-1-AML-1,AML,1,individual,AML,Acacia terminalis,,481,2.2,3.4,n,,seed,y,1,0.468,0.419,0.504,590.3226605,0.308,5.217485633011712e-4,10.02,,,,,14_months,3,3,TRUE,120.099,,,,
Blue Mountains,1,BM-1,BM-1-AML-2,AML,2,individual,AML,Acacia terminalis,,358,1.7,2.2,n,,seed,y,2,0.308,0.325,0.102,222.377636,0.148,6.655345504257451e-4,2.2,,,,,14_months,3,3,TRUE,58.649,,,,
Blue Mountains,1,BM-1,BM-1-AML,AML,,pooled_nitrogen_sample,,Acacia terminalis,,,,,,,,,,,,,,,,,,,,,14_months,,,,,151,Pure,Fresh,1.86
Blue Mountains,1,BM-1,BM-1-APPS-1,APPS,1,individual,APPS,Stylidium productum,,115,,4,n,,seed,y,1,0.061,,,52.073925,0.065,0.0012482254794506078,0.25,,,,,14_months,1,5,FALSE,5.316,,,,
Blue Mountains,1,BM-1,BM-1-APPS-2,APPS,2,individual,APPS,Stylidium productum,,97,,2.9,n,,seed,y,2,0.035,,,26.58790731,0.035,0.0013163879199637545,,,,,,14_months,1,5,FALSE,2.764,,,,
Blue Mountains,1,BM-1,BM-1-APPS-3,APPS,3,individual,APPS,Stylidium productum,,108,,2.5,n,,seed,y,3,0.027,,,24.91603679,0.025,0.0010033698461239108,0.14,,,,,14_months,1,5,FALSE,2.073,,,,
Blue Mountains,1,BM-1,,APPS,,individual,APPS,Stylidium productum,,99,,1.5,n,,seed,n,4,,,,,,,,,,,,14_months,,,,,,,,
Blue Mountains,1,BM-1,,APPS,,individual,APPS,Stylidium productum,,115,,1.9,n,,seed,n,5,,,,,,,,,,,,14_months,,,,,,,,
Blue Mountains,1,BM-1,BM-1-APPS,APPS,,pooled_nitrogen_sample,,Stylidium productum,,,,,,,,,,,,,,,,,,,,,14_months,,,,,115,Mixed,Fresh,1.2
Blue Mountains,1,BM-1,,Acacia Multi Leaf,,individual,Acacia Multi Leaf,Acacia terminalis,,395,2.1,4,n,,sprout,n,1,,,,,,,,,,,,14_months,,,,,,,,
Blue Mountains,1,BM-1,BM-1-BSWL-1,BSWL,1,individual,BSWL,Platysace lanceolata,,585,1.3,3,n,,seed,y,1,0.074,,,994.4833543,0.424,4.2635203311014333e-4,27.98,,,,,14_months,1,5,FALSE,8.733,,,,
Blue Mountains,1,BM-1,BM-1-BSWL-3,BSWL,3,individual,BSWL,Platysace lanceolata,,749,2,3.2,n,,seed,y,3,0.06,,,742.4069602,0.449,6.047895885553687e-4,5.22,,,,,14_months,1,5,FALSE,6.355,,,,
Blue Mountains,1,BM-1,,BSWL,,individual,BSWL,Platysace lanceolata,,539,1.9,4,y,,seed,n,2,,,,,,,,,,,,14_months,,,,,,,,
Blue Mountains,1,BM-1,BM-1-BSWL,BSWL,,pooled_nitrogen_sample,,Platysace lanceolata,,,,,,,,,,,,,,,,,,,,,14_months,,,,,116,Mixed,Fresh,1.44
Blue Mountains,1,BM-1,BM-1-CL-1,CL,1,individual,CL,Xanthosia stellata,,132,,1.1,n,,seed,y,1,0.041,,,47.84201861,0.026,5.434553297582942e-4,0.08,,,,,14_months,1,5,FALSE,2.857,,,,
Blue Mountains,1,BM-1,BM-1-CL-2,CL,2,individual,CL,Xanthosia stellata,,111,,1.7,n,,seed,y,2,0.037,,,70.13801949,0.042,5.988193037869881e-4,0.05,,,,,14_months,1,5,FALSE,3.112,,,,
Blue Mountains,1,BM-1,BM-1-CL-3,CL,3,individual,CL,Xanthosia stellata,,112,,1.9,n,,seed,y,3,0.07,,,95.30070402,0.062,6.505723188255625e-4,0.1,,,,,14_months,1,5,FALSE,6.219,,,,
Blue Mountains,1,BM-1,,CL,,individual,CL,Xanthosia stellata,,153,,1.2,n,,seed,n,4,,,,,,,,,,,,14_months,,,,,,,,
Blue Mountains,1,BM-1,,CL,,individual,CL,Xanthosia stellata,,210,1.4,1.9,n,,seed,n,5,,,,,,,,,,,,14_months,,,,,,,,
Blue Mountains,1,BM-1,BM-1-CL,CL,,pooled_nitrogen_sample,,Xanthosia stellata,,,,,,,,,,,,,,,,,,,,,14_months,,,,,131,Mixed,Fresh,1.26
Blue Mountains,1,BM-1,BM-1-FLDF-1,FLDF,1,individual,FLDF,Pomax umbellata,,100,,1.5,y,,seed,y,1,0.014,,,105.2812624,0.06,5.699019809625687e-4,0.36,,,,,14_months,1,5,FALSE,1.55,,,,
Blue Mountains,1,BM-1,BM-1-FLDF-2,FLDF,2,individual,FLDF,Pomax umbellata,,136,,1.7,y,,seed,y,2,0.013,,,83.10250189,0.046,5.535332746165532e-4,3.04,,,,,14_months,1,5,FALSE,1.417,,,,
Blue Mountains,1,BM-1,BM-1-FLDF-3,FLDF,3,individual,FLDF,Pomax umbellata,,128,,0.9,y,,seed,y,3,0.016,,,41.26894939,0.034,8.238639583162889e-4,0.03,,,,,14_months,1,5,FALSE,1.637,,,,
Blue Mountains,1,BM-1,BM-1-FLDF,FLDF,,pooled_nitrogen_sample,,Pomax umbellata,,,,,,,,,,,,,,,,,,,,,14_months,,,,,139,Mixed,Fresh,1.16
Blue Mountains,1,BM-1,BM-1-FR-1,FR,1,individual,FR,Dampiera stricta,,210,,2.4,n,,seed,y,1,0.273,,,175.3228263,0.118,6.730441351549214e-4,4.79,,,,,14_months,1,5,FALSE,21.294,,,,
Blue Mountains,1,BM-1,BM-1-FR-2,FR,2,individual,FR,Dampiera stricta,,216,,1.3,n,,seed,y,2,0.272,,,136.1574983,0.083,6.095881683807348e-4,3.47,,,,,14_months,1,5,FALSE,24.19,,,,
Blue Mountains,1,BM-1,BM-1-FR,FR,,pooled_nitrogen_sample,,Dampiera stricta,,,,,,,,,,,,,,,,,,,,,14_months,,,,,133,Mixed,Fresh,0.87
Blue Mountains,1,BM-1,,Geebung,,individual,Geebung,Persoonia levis,,480,3.5,4.5,n,,sprout,n,1,,,,,,,,,,,,14_months,,,,,,,,
Blue Mountains,1,BM-1,BM-1-LCL-1,LCL,1,individual,LCL,LCL,,115,,1.2,n,,seed,y,1,0.009,,,19.70313101,0.017,8.628070326168938e-4,0.15,,,,,14_months,1,5,FALSE,0.624,,,,
Blue Mountains,1,BM-1,BM-1-LCL-2,LCL,2,individual,LCL,LCL,,122,,2,n,,seed,y,2,,,,,,,,,,,,14_months,,,,,,,,
Blue Mountains,1,BM-1,,Leptospermum…,,individual,Leptospermum…,Leptospermum…,,859,,,,,sprout,n,1,,,,,,,,,,,,14_months,,,,,,,,
Blue Mountains,1,BM-1,,Leptospermum…,,individual,Leptospermum…,Leptospermum…,,794,2.8,8,n,,sprout,n,2,,,,,,,,,,,,14_months,,,,,,,,
Blue Mountains,1,BM-1,,Leptospermum…,,individual,Leptospermum…,Leptospermum…,,1380,2.1,8.9,n,,sprout,n,3,,,,,,,,,,,,14_months,,,,,,,,
Blue Mountains,1,BM-1,,Leptospermum…,,individual,Leptospermum…,Leptospermum…,,812,1.4,6.7,n,,sprout,n,4,,,,,,,,,,,,14_months,,,,,,,,
Blue Mountains,1,BM-1,,Leptospermum…,,individual,Leptospermum…,Leptospermum…,,891,1.8,6.9,n,,sprout,n,4,,,,,,,,,,,,14_months,,,,,,,,
Blue Mountains,1,BM-1,,Leptospermum…,,individual,Leptospermum…,Leptospermum…,,843,3.5,7.8,n,,sprout,n,5,,,,,,,,,,,,14_months,,,,,,,,
Blue Mountains,1,BM-1,,Lomandra longifolia,,individual,Lomandra longifolia,Lomandra longifolia,,853,,,n,,sprout,n,1,,,,,,,,,,,,14_months,,,,,,,,
Blue Mountains,1,BM-1,,Lomandra longifolia,,individual,Lomandra longifolia,Lomandra longifolia,,739,,,n,,sprout,n,2,,,,,,,,,,,,14_months,,,,,,,,
Blue Mountains,1,BM-1,,Lomandra longifolia,,individual,Lomandra longifolia,Lomandra longifolia,,829,,,n,,sprout,n,3,,,,,,,,,,,,14_months,,,,,,,,
Blue Mountains,1,BM-1,,Lomandra longifolia,,individual,Lomandra longifolia,Lomandra longifolia,,777,,,n,,sprout,n,4,,,,,,,,,,,,14_months,,,,,,,,
Blue Mountains,1,BM-1,BM-1-MSNL-1,MSNL,1,individual,MSNL,Platysace linearifolia,,613,1,4,n,,seed,y,1,0.009,,,303.7001093,0.1611,5.3045749759959e-4,12.58,,,,,14_months,1,5,FALSE,0.643,,,,
Blue Mountains,1,BM-1,BM-1-MSNL-2,MSNL,2,individual,MSNL,Platysace linearifolia,,504,0.9,4,y,,seed,y,2,0.009,,,141.3527282,0.064,4.527680563013003e-4,7.12,,,,,14_months,1,5,FALSE,0.431,,,,
Blue Mountains,1,BM-1,BM-1-MSNL-3,MSNL,3,individual,MSNL,Platysace linearifolia,,457,2.3,2.3,n,,seed,y,3,0.013,,,248.1506338,0.122,4.916368664136775e-4,0.97,,,,,14_months,1,5,FALSE,0.9,,,,
Blue Mountains,1,BM-1,,MSNL,,individual,MSNL,Platysace linearifolia,,350,1,2.1,n,,seed,n,4,,,,,,,,,,,,14_months,,,,,,,,
Blue Mountains,1,BM-1,,MSNL,,individual,MSNL,Platysace linearifolia,,320,1,2.6,y,,seed,n,5,,,,,,,,,,,,14_months,,,,,,,,
Blue Mountains,1,BM-1,BM-1-MSNL,MSNL,,pooled_nitrogen_sample,,Platysace linearifolia,,,,,,,,,,,,,,,,,,,,,14_months,,,,,141,Mixed,Fresh,1.2
Blue Mountains,1,BM-1,BM-1-OSWL-1,OSWL,1,individual,OSWL,Epacris pulchella,,364,2,3,n,,seed,y,1,0.005,,,179.5057544,0.073,4.0667219969634573e-4,0.46,,,,,14_months,1,5,FALSE,0.738,,,,
Blue Mountains,1,BM-1,BM-1-OSWL-2,OSWL,2,individual,OSWL,Epacris pulchella,,268,1.2,1.25,n,,seed,y,2,0.005,,,98.52034562,0.057,5.785606987195627e-4,0.44,,,,,14_months,1,5,FALSE,0.781,,,,
Blue Mountains,1,BM-1,BM-1-OSWL-3,OSWL,3,individual,OSWL,Epacris pulchella,,111,,0.9,n,,seed,y,3,0.002,,,48.03636539,0.028,5.828917273959474e-4,0.14,,,,,14_months,1,5,FALSE,0.269,,,,
Blue Mountains,1,BM-1,,OSWL,,individual,OSWL,Epacris pulchella,,144,,1,n,,seed,n,4,,,,,,,,,,,,14_months,,,,,,,,
Blue Mountains,1,BM-1,BM-1-OSWL,OSWL,,pooled_nitrogen_sample,,Epacris pulchella,,,,,,,,,,,,,,,,,,,,,14_months,,,,,123,Mixed,Fresh,1.18
Blue Mountains,1,BM-1,,Pink Leptospermum,,individual,Pink Leptospermum,Pink Leptospermum,,100,2.6,6.2,n,,sprout,n,1,,,,,,,,,,,,14_months,,,,,,,,
Blue Mountains,1,BM-1,,Pink Leptospermum,,individual,Pink Leptospermum,Pink Leptospermum,,580,1.2,2.8,n,,sprout,n,2,,,,,,,,,,,,14_months,,,,,,,,
Blue Mountains,1,BM-1,,Pink Leptospermum,,individual,Pink Leptospermum,Pink Leptospermum,,876,1.5,6,n,,sprout,n,3,,,,,,,,,,,,14_months,,,,,,,,
Blue Mountains,1,BM-1,,Pink Leptospermum,,individual,Pink Leptospermum,Pink Leptospermum,,755,3.1,4,n,,sprout,n,4,,,,,,,,,,,,14_months,,,,,,,,
Blue Mountains,1,BM-1,,Pink Leptospermum,,individual,Pink Leptospermum,Pink Leptospermum,,796,1.5,5,n,,sprout,n,5,,,,,,,,,,,,14_months,,,,,,,,
Blue Mountains,1,BM-1,BM-1-RSE-1,RSE,1,individual,RSE,Red Stemmed Eucalyptus,,357,3,4.8,n,,seed,y,1,2.06,,,799.6477405,0.418,5.227301708357669e-4,5.94,,,,,14_months,1,5,FALSE,163.93,,,,
Blue Mountains,1,BM-1,BM-1-RSE-2,RSE,2,individual,RSE,Red Stemmed Eucalyptus,,417,2.3,8,n,,seed,y,2,1.955,,,604.8747272,0.384,6.348421958007043e-4,6.38,,,,,14_months,1,5,FALSE,158.259,,,,
Blue Mountains,1,BM-1,BM-1-RSE-3,RSE,3,individual,RSE,Red Stemmed Eucalyptus,,415,1.9,2.1,n,,seed,y,3,1.469,,,521.9087035,0.282,5.403243864470253e-4,4.2,,,,,14_months,1,5,FALSE,150.587,,,,
Blue Mountains,1,BM-1,,RSE,,individual,RSE,Red Stemmed Eucalyptus,,530,2.5,5,n,,seed,n,4,,,,,,,,,,,,14_months,,,,,,,,
Blue Mountains,1,BM-1,BM-1-RSE,RSE,,pooled_nitrogen_sample,,Red Stemmed Eucalyptus,,,,,,,,,,,,,,,,,,,,,14_months,,,,,47,Pure,Fresh,0.8
Blue Mountains,1,BM-1,,Red Stemmed Eucalyptus,,individual,Red Stemmed Eucalyptus,Red Stemmed Eucalyptus,,873,3.5,19.1,n,,sprout,n,1,,,,,,,,,,,,14_months,,,,,,,,
Blue Mountains,1,BM-1,,Secret spike,,individual,Secret spike,Monocota scoparia,,235,1.5,2.5,n,,sprout,n,1,,,,,,,,,,,,14_months,,,,,,,,
Blue Mountains,1,BM-1,,Seed Pod Plant,,individual,Seed Pod Plant,Lomatia silaifolia,,113,3.1,5.2,n,,sprout,n,1,,,,,,,,,,,,14_months,,,,,,,,
Blue Mountains,1,BM-1,,Spike,,individual,Spike,Daviesia ulicifolia,Daviesia Ulicifolia,466,3.6,4.2,y,,sprout,n,1,,,,,,,,,,,,14_months,,,,,,,,
Blue Mountains,1,BM-1,,Spike,,individual,Spike,Daviesia ulicifolia,Daviesia Ulicifolia,440,2.6,1.9,n,,sprout,n,2,,,,,,,,,,,,14_months,,,,,,,,
Blue Mountains,1,BM-1,,Spike,,individual,Spike,Daviesia ulicifolia,,235,,2.5,n,,sprout,n,3,,,,,,,,,,,,14_months,,,,,,,,
Blue Mountains,1,BM-1,,Spike,,individual,Spike,Daviesia ulicifolia,,183,,2.1,n,,sprout,n,4,,,,,,,,,,,,14_months,,,,,,,,
Blue Mountains,1,BM-1,,Spike,,individual,Spike,Daviesia ulicifolia,,325,3.8,3.8,n,,sprout,n,5,,,,,,,,,,,,14_months,,,,,,,,
Blue Mountains,1,BM-1,BM-1-TLW-1,TLW,1,individual,TLW,Gonocarpus teucrioides,,119,,1.3,n,,seed,y,1,0.031,,,95.22669988,0.072,7.560904671770717e-4,0.12,,,,,14_months,1,5,FALSE,3.34,,,,
Blue Mountains,1,BM-1,BM-1-TLW-2,TLW,2,individual,TLW,Gonocarpus teucrioides,,145,,2.2,n,,seed,y,2,0.038,,,247.6808741,0.124,5.006442279832054e-4,,,,,,14_months,1,5,FALSE,3.647,,,,
Blue Mountains,1,BM-1,BM-1-TLW-3,TLW,3,individual,TLW,Gonocarpus teucrioides,,87,,1.6,n,,seed,y,3,0.033,,,70.44290233,0.062,8.801454504181557e-4,0.11,,,,,14_months,1,5,FALSE,3.174,,,,
Blue Mountains,1,BM-1,,TLW,,individual,TLW,Gonocarpus teucrioides,,89,,1.7,n,,seed,n,4,,,,,,,,,,,,14_months,,,,,,,,
Blue Mountains,1,BM-1,,TLW,,individual,TLW,Gonocarpus teucrioides,,117,,1.7,n,,seed,n,5,,,,,,,,,,,,14_months,,,,,,,,
Blue Mountains,1,BM-1,BM-1-TLW,TLW,,pooled_nitrogen_sample,,Gonocarpus teucrioides,,,,,,,,,,,,,,,,,,,,,14_months,,,,,121,Mixed,Fresh,1.21
Blue Mountains,1,BM-1,,Tuftie,,individual,Tuftie,Tuftie,,229,,2.2,n,,sprout,n,1,,,,,,,,,,,,14_months,,,,,,,,
Blue Mountains,1,BM-1,,Tuftie,,individual,Tuftie,Tuftie,,176,,,n,,sprout,n,2,,,,,,,,,,,,14_months,,,,,,,,
Blue Mountains,2,BM-2,BM-2-AML-1,AML,1,individual,AML,Acacia terminalis,,174,,3.5,n,,seed,y,1,0.239,0.28,0.182,178.6835363,0.124,6.939643269193571e-4,0.35,,,,,14_months,3,3,TRUE,55.388999999999996,,,,
Blue Mountains,2,BM-2,BM-2-AML-2,AML,2,individual,AML,Acacia terminalis,,226,,2.1,n,,seed,y,2,0.47,0.574,0.129,192.6335712,0.156,8.098276900968339e-4,0.72,,,,,14_months,3,3,TRUE,95.593,,,,
Blue Mountains,2,BM-2,BM-2-AML-3,AML,3,individual,AML,Acacia terminalis,,223,,2.8,n,,seed,y,3,0.717,0.537,0.29,282.7542471,0.211,7.462310545785609e-4,2.46,,,,,14_months,3,3,TRUE,116.987,,,,
Blue Mountains,2,BM-2,,AML,,individual,AML,Acacia terminalis,,315,3,4.5,n,,seed,n,4,,,,,,,,,,,,14_months,,,,,,,,
Blue Mountains,2,BM-2,,AML,,individual,AML,Acacia terminalis,,275,,2,n,,seed,n,5,,,,,,,,,,,,14_months,,,,,,,,
Blue Mountains,2,BM-2,BM-2-AML,AML,,pooled_nitrogen_sample,,Acacia terminalis,,,,,,,,,,,,,,,,,,,,,14_months,,,,,118,Pure,Fresh,1.91
Blue Mountains,2,BM-2,BM-2-BS-1,BS,1,individual,BS,Banksia serrata,,153,,4,n,,seed,y,1,0.675,,,446.0081457,0.203,4.5514863788282604e-4,0.85,,,,,14_months,1,5,FALSE,39.542,,,,
Blue Mountains,2,BM-2,BM-2-BS-2,BS,2,individual,BS,Banksia serrata,,150,,3.2,n,,seed,y,2,0.722,,,292.6960789,0.179,6.115558523117612e-4,0.62,,,,,14_months,1,5,FALSE,39.985,,,,
Blue Mountains,2,BM-2,BM-2-BS-3,BS,3,individual,BS,Banksia serrata,,165,,3.5,n,,seed,y,3,0.639,,,292.5213714,0.164,5.606427975333908e-4,0.82,,,,,14_months,1,5,FALSE,39.783,,,,
Blue Mountains,2,BM-2,,BS,,individual,BS,Banksia serrata,,134,,2.5,n,,seed,n,4,,,,,,,,,,,,14_months,,,,,,,,
Blue Mountains,2,BM-2,BM-2-BS,BS,,pooled_nitrogen_sample,,Banksia serrata,,,,,,,,,,,,,,,,,,,,,14_months,,,,,117,Pure,Fresh,0.51
Blue Mountains,2,BM-2,BM-2-C-1,C,1,individual,C,C,,181,,1.5,n,,seed,y,1,0.026,,,62.36372086,0.038,6.093286204860355e-4,0.19,,,,,14_months,1,5,FALSE,2.311,,,,
Blue Mountains,2,BM-2,BM-2-C-2,C,2,individual,C,C,,80,,1.5,n,,seed,y,2,0.034,,,32.42141072,0.023,7.094077490530617e-4,,,,,,14_months,1,5,FALSE,2.55,,,,
Blue Mountains,2,BM-2,BM-2-C-3,C,3,individual,C,C,,107,,1.8,n,,seed,y,3,0.038,,,75.94363908,0.034,4.4770043168703e-4,0.08,,,,,14_months,1,5,FALSE,3.009,,,,
Blue Mountains,2,BM-2,BM-2-C,C,,pooled_nitrogen_sample,,C,,,,,,,,,,,,,,,,,,,,,14_months,,,,,140,Mixed,Fresh,1.03
Blue Mountains,2,BM-2,BM-2-FUL-1,FUL,1,individual,FUL,FUL-unidentified,,159,,1.5,n,,seed,y,1,0.185,,,126.3446027,0.077,6.094443162153377e-4,0.36,,,,,14_months,1,5,FALSE,15.203,,,,
Blue Mountains,2,BM-2,BM-2-FUL-2,FUL,2,individual,FUL,FUL-unidentified,,145,,1.6,n,,seed,y,2,0.145,,,127.0613025,0.067,5.273045268837851e-4,0.08,,,,,14_months,1,5,FALSE,10.696,,,,
Blue Mountains,2,BM-2,BM-2-FUL-3,FUL,3,individual,FUL,FUL-unidentified,,129,,1.1,n,,seed,y,3,0.145,,,107.4746221,0.075,6.978391599294583e-4,0.18,,,,,14_months,1,5,FALSE,12.139,,,,
Blue Mountains,2,BM-2,,FUL,,individual,FUL,FUL-unidentified,,109,,1.5,,,seed,n,4,,,,,,,,,,,,14_months,,,,,,,,
Blue Mountains,2,BM-2,,FUL,,individual,FUL,FUL-unidentified,,175,,1.8,n,,seed,n,5,,,,,,,,,,,,14_months,,,,,,,,
Blue Mountains,2,BM-2,BM-2-FUL,FUL,,pooled_nitrogen_sample,,FUL-unidentified,,,,,,,,,,,,,,,,,,,,,14_months,,,,,119,Mixed,Fresh,1.38
Blue Mountains,2,BM-2,,Fuzzy Red Stem Small Leaf,,individual,Fuzzy Red Stem Small Leaf,Fuzzy Red Stem Small Leaf,,335,1.1,1.5,n,,sprout,n,1,,,,,,,,,,,,14_months,,,,,,,,
Blue Mountains,2,BM-2,,Leptospermum…,,individual,Leptospermum…,Leptospermum…,,562,1.7,4.2,n,,sprout,n,1,,,,,,,,,,,,14_months,,,,,,,,
Blue Mountains,2,BM-2,,Leptospermum…,,individual,Leptospermum…,Leptospermum…,,564,1.4,3.7,n,,sprout,n,2,,,,,,,,,,,,14_months,,,,,,,,
Blue Mountains,2,BM-2,,Leptospermum…,,individual,Leptospermum…,Leptospermum…,,491,1.1,4.8,n,,sprout,n,3,,,,,,,,,,,,14_months,,,,,,,,
Blue Mountains,2,BM-2,,Leptospermum…,,individual,Leptospermum…,Leptospermum…,,610,1.9,4.2,n,,sprout,n,4,,,,,,,,,,,,14_months,,,,,,,,
Blue Mountains,2,BM-2,,Leptospermum…,,individual,Leptospermum…,Leptospermum…,,370,2,3,n,,sprout,n,5,,,,,,,,,,,,14_months,,,,,,,,
Blue Mountains,2,BM-2,BM-2-MSNL-1,MSNL,1,individual,MSNL,Platysace linearifolia,,232,,3.5,y,,seed,y,1,0.013,,,88.88361487,0.056,6.300373818268402e-4,1.21,,,,,14_months,1,5,FALSE,0.599,,,,
Blue Mountains,2,BM-2,BM-2-MSNL-2,MSNL,2,individual,MSNL,Platysace linearifolia,,320,,1.8,n,,seed,y,2,0.011,,,87.41677908,0.05,5.719725723850132e-4,1.44,,,,,14_months,1,5,FALSE,0.732,,,,
Blue Mountains,2,BM-2,BM-2-MSNL,MSNL,,pooled_nitrogen_sample,,Platysace linearifolia,,,,,,,,,,,,,,,,,,,,,14_months,,,,,122,Mixed,Fresh,1
Blue Mountains,2,BM-2,,Mountain Devil,,individual,Mountain Devil,Lambertia formosa,,1462,2,8.8,n,,sprout,n,1,,,,,,,,,,,,14_months,,,,,,,,
Blue Mountains,2,BM-2,,Mountain Devil,,individual,Mountain Devil,Lambertia formosa,,1203,2.2,8.9,n,,sprout,n,2,,,,,,,,,,,,14_months,,,,,,,,
Blue Mountains,2,BM-2,,Mountain Devil,,individual,Mountain Devil,Lambertia formosa,,1092,2,7,n,,sprout,n,3,,,,,,,,,,,,14_months,,,,,,,,
Blue Mountains,2,BM-2,,Mountain Devil,,individual,Mountain Devil,Lambertia formosa,,968,2,4.8,n,,sprout,n,4,,,,,,,,,,,,14_months,,,,,,,,
Blue Mountains,2,BM-2,,Mountain Devil,,individual,Mountain Devil,Lambertia formosa,,921,2.6,5,n,,sprout,n,5,,,,,,,,,,,,14_months,,,,,,,,
Blue Mountains,2,BM-2,,Mountain Devil,,individual,Mountain Devil,Lambertia formosa,,1252,3,8.9,n,,sprout,n,6,,,,,,,,,,,,14_months,,,,,,,,
Blue Mountains,2,BM-2,,Mountain Devil,,individual,Mountain Devil,Lambertia formosa,,999.5,2.5,6,n,,sprout,n,7,,,,,,,,,,,,14_months,,,,,,,,
Blue Mountains,2,BM-2,,Mountain Devil,,individual,Mountain Devil,Lambertia formosa,,1849,2.5,5,y,,sprout,n,8,,,,,,,,,,,,14_months,,,,,,,,
Blue Mountains,2,BM-2,,Mountain Devil,,individual,Mountain Devil,Lambertia formosa,,1151,3.5,5.9,n,,sprout,n,9,,,,,,,,,,,,14_months,,,,,,,,
Blue Mountains,2,BM-2,,Mountain Devil,,individual,Mountain Devil,Lambertia formosa,,1160,2.1,5.5,n,,sprout,n,10,,,,,,,,,,,,14_months,,,,,,,,
Blue Mountains,2,BM-2,,Red Stem Euc,,individual,Red Stem Euc,Red Stemmed Eucalyptus,,1165,4.1,15,n,,sprout,n,1,,,,,,,,,,,,14_months,,,,,,,,
Blue Mountains,2,BM-2,,Red Stem Euc,,individual,Red Stem Euc,Red Stemmed Eucalyptus,,1010,2.4,14,n,,sprout,n,2,,,,,,,,,,,,14_months,,,,,,,,
Blue Mountains,2,BM-2,,Red Stem Euc,,individual,Red Stem Euc,Red Stemmed Eucalyptus,,1196,3,12,,,sprout,n,3,,,,,,,,,,,,14_months,,,,,,,,
Blue Mountains,2,BM-2,,Round Leaf Euc,,individual,Round Leaf Euc,Round Leaf Eucalyptus,,621,2.8,9.3,n,,sprout,n,1,,,,,,,,,,,,14_months,,,,,,,,
Blue Mountains,2,BM-2,,Round Leaf Euc,,individual,Round Leaf Euc,Round Leaf Eucalyptus,,609,2.9,13,n,,sprout,n,2,,,,,,,,,,,,14_months,,,,,,,,
Blue Mountains,2,BM-2,,Round Leaf Euc,,individual,Round Leaf Euc,Round Leaf Eucalyptus,,655,2,6.5,n,,sprout,n,3,,,,,,,,,,,,14_months,,,,,,,,
Blue Mountains,2,BM-2,,Round Leaf Euc,,individual,Round Leaf Euc,Round Leaf Eucalyptus,,1105,2,12,n,,sprout,n,4,,,,,,,,,,,,14_months,,,,,,,,
Blue Mountains,2,BM-2,,Round Leaf Euc,,individual,Round Leaf Euc,Round Leaf Eucalyptus,,675,3.3,14,n,,sprout,n,5,,,,,,,,,,,,14_months,,,,,,,,
Blue Mountains,2,BM-2,,Round Leaf Euc,,individual,Round Leaf Euc,Round Leaf Eucalyptus,,739,3,12.9,n,,sprout,n,6,,,,,,,,,,,,14_months,,,,,,,,
Blue Mountains,2,BM-2,,Round Leaf Euc,,individual,Round Leaf Euc,Round Leaf Eucalyptus,,635,3.4,10.5,n,,sprout,n,7,,,,,,,,,,,,14_months,,,,,,,,
Blue Mountains,2,BM-2,,Round Leaf Euc,,individual,Round Leaf Euc,Round Leaf Eucalyptus,,691,4,10.5,n,,sprout,n,8,,,,,,,,,,,,14_months,,,,,,,,
Blue Mountains,2,BM-2,,Round Leaf Euc,,individual,Round Leaf Euc,Round Leaf Eucalyptus,,750,2.8,16.1,n,,sprout,n,9,,,,,,,,,,,,14_months,,,,,,,,
Blue Mountains,2,BM-2,,Round Leaf Euc,,individual,Round Leaf Euc,Round Leaf Eucalyptus,,470,2.5,7.8,n,,sprout,n,10,,,,,,,,,,,,14_months,,,,,,,,
Blue Mountains,2,BM-2,,Round Yellow Flower,,individual,Round Yellow Flower,Round Yellow Flower,,299,2.5,3,n,,sprout,n,1,,,,,,,,,,,,14_months,,,,,,,,
Blue Mountains,2,BM-2,,Round Yellow Flower,,individual,Round Yellow Flower,Round Yellow Flower,,511,3,4.5,n,,sprout,n,2,,,,,,,,,,,,14_months,,,,,,,,
Blue Mountains,2,BM-2,,Round Yellow Flower,,individual,Round Yellow Flower,Round Yellow Flower,,500,3.2,4.5,n,,sprout,n,3,,,,,,,,,,,,14_months,,,,,,,,
Blue Mountains,2,BM-2,BM-2-SFL-1,SFL,1,individual,SFL,Commersoonia fraseri,,137,,2.5,n,,seed,y,1,0.206,,,220.3532722,0.131,5.944999077712812e-4,0.33,,,,,14_months,1,5,FALSE,19.484,,,,
Blue Mountains,2,BM-2,BM-2-SFL-2,SFL,2,individual,SFL,Commersoonia fraseri,,115,,1.4,n,,seed,y,2,0.105,,,81.08497981,0.066,8.139608612427674e-4,0.09,,,,,14_months,1,5,FALSE,11.54,,,,
Blue Mountains,2,BM-2,BM-2-SFL-3,SFL,3,individual,SFL,Commersoonia fraseri,,148,,2,n,,seed,y,3,0.18,,,107.0453714,0.058,5.418263231884121e-4,0.13,,,,,14_months,1,5,FALSE,17.355999999999998,,,,
Blue Mountains,2,BM-2,,SFL,,individual,SFL,Commersoonia fraseri,,103,,1.8,n,,seed,n,4,,,,,,,,,,,,14_months,,,,,,,,
Blue Mountains,2,BM-2,,SFL,,individual,SFL,Commersoonia fraseri,,316,,3.8,n,,seed,n,5,,,,,,,,,,,,14_months,,,,,,,,
Blue Mountains,2,BM-2,BM-2-SFL,SFL,,pooled_nitrogen_sample,,Commersoonia fraseri,,,,,,,,,,,,,,,,,,,,,14_months,,,,,145,Mixed,Fresh,1.33
Blue Mountains,2,BM-2,BM-2-SPS-1,SPS,1,individual,SPS,SPS-unidentified,,205,,2.8,n,,seed,y,1,0.018,,,289.529179,0.109,3.764732811265285e-4,0.43,,,,,14_months,1,5,FALSE,2.245,,,,
Blue Mountains,2,BM-2,BM-2-SPS-2,SPS,2,individual,SPS,SPS-unidentified,,116,,2,n,,seed,y,2,0.009,,,110.4166734,0.05,4.528301610651495e-4,0.14,,,,,14_months,1,5,FALSE,1.42,,,,
Blue Mountains,2,BM-2,BM-2-SPS-3,SPS,3,individual,SPS,SPS-unidentified,,130,,2.5,n,,seed,y,3,0.014,,,268.5634462,0.128,4.7660991028793256e-4,0.25,,,,,14_months,1,5,FALSE,1.342,,,,
Blue Mountains,2,BM-2,,SPS,,individual,SPS,SPS-unidentified,,224,,4,,,seed,n,4,,,,,,,,,,,,14_months,,,,,,,,
Blue Mountains,2,BM-2,,SPS,,individual,SPS,SPS-unidentified,,310,,3.8,,,seed,n,5,,,,,,,,,,,,14_months,,,,,,,,
Blue Mountains,2,BM-2,BM-2-SPS,SPS,,pooled_nitrogen_sample,,SPS-unidentified,,,,,,,,,,,,,,,,,,,,,14_months,,,,,126,Mixed,Fresh,1.52
Blue Mountains,2,BM-2,BM-2-STL-1,STL,1,individual,STL,Dampiera stricta,,323,1.4,1.8,n,,seed,y,1,0.172,,,152.1636096,0.091,5.980404923306971e-4,1.82,,,,,14_months,1,5,FALSE,9.692,,,,
Blue Mountains,2,BM-2,BM-2-STL-2,STL,2,individual,STL,Dampiera stricta,,288,1.8,1.8,n,,seed,y,2,0.178,,,183.206904,0.091,4.967061721647782e-4,3.56,,,,,14_months,1,5,FALSE,11.08,,,,
Blue Mountains,2,BM-2,BM-2-STL-3,STL,3,individual,STL,Dampiera stricta,,357,2,2,n,,seed,y,3,0.202,,,197.4646492,0.13,6.583456863123427e-4,0.75,,,,,14_months,1,5,FALSE,12.815,,,,
Blue Mountains,2,BM-2,,STL,,individual,STL,Dampiera stricta,,140,,1.1,n,,seed,n,4,,,,,,,,,,,,14_months,,,,,,,,
Blue Mountains,2,BM-2,,STL,,individual,STL,Dampiera stricta,,275,,2.2,n,,seed,n,5,,,,,,,,,,,,14_months,,,,,,,,
Blue Mountains,2,BM-2,BM-2-STL,STL,,pooled_nitrogen_sample,,Dampiera stricta,,,,,,,,,,,,,,,,,,,,,14_months,,,,,127,Mixed,Fresh,1.01
Blue Mountains,2,BM-2,,Secret Spike,,individual,Secret Spike,Monocota scoparia,,425,1.5,2.3,n,,sprout,n,1,,,,,,,,,,,,14_months,,,,,,,,
Blue Mountains,2,BM-2,,Secret Spike,,individual,Secret Spike,Monocota scoparia,,423,3.3,5.3,y,,sprout,n,2,,,,,,,,,,,,14_months,,,,,,,,
Blue Mountains,2,BM-2,,Secret Spike,,individual,Secret Spike,Monocota scoparia,,416,3.2,2,n,,sprout,n,3,,,,,,,,,,,,14_months,,,,,,,,
Blue Mountains,2,BM-2,,Secret Spike,,individual,Secret Spike,Monocota scoparia,,576,2.1,4,n,,sprout,n,4,,,,,,,,,,,,14_months,,,,,,,,
Blue Mountains,2,BM-2,,Secret Spike,,individual,Secret Spike,Monocota scoparia,,400,3,3.8,n,,sprout,n,5,,,,,,,,,,,,14_months,,,,,,,,
Blue Mountains,2,BM-2,,Seed Pod Plant,,individual,Seed Pod Plant,Lomatia silaifolia,,383,2.3,4,n,,sprout,n,1,,,,,,,,,,,,14_months,,,,,,,,
Blue Mountains,2,BM-2,,Seed Pod Plant,,individual,Seed Pod Plant,Lomatia silaifolia,,379,4,4.2,n,,sprout,n,2,,,,,,,,,,,,14_months,,,,,,,,
Blue Mountains,2,BM-2,,Seed Pod Plant,,individual,Seed Pod Plant,Lomatia silaifolia,,1010,4,7.6,y,seed pods,sprout,n,3,,,,,,,,,,,,14_months,,,,,,,,
Blue Mountains,2,BM-2,,Seed Pod Plant,,individual,Seed Pod Plant,Lomatia silaifolia,,1385,4,10,y,seed pods,sprout,n,4,,,,,,,,,,,,14_months,,,,,,,,
Blue Mountains,2,BM-2,,Seed Pod Plant,,individual,Seed Pod Plant,Lomatia silaifolia,,304,2.8,3.2,n,,sprout,n,5,,,,,,,,,,,,14_months,,,,,,,,
Blue Mountains,2,BM-2,BM-2-Spike-1,Spike,1,individual,Spike,Daviesia ulicifolia,,230,,1.6,n,,seed,y,1,0.025,,,130.0235386,0.073,5.614368043356728e-4,2.97,,,,,14_months,1,5,FALSE,1.481,,,,
Blue Mountains,2,BM-2,,Spike,,individual,Spike,Daviesia ulicifolia,,430,2,2.3,n,,sprout,n,2,,,,,,,,,,,,14_months,,,,,,,,
Blue Mountains,2,BM-2,,Spike,,individual,Spike,Daviesia ulicifolia,,352,2,2,n,,sprout,n,3,,,,,,,,,,,,14_months,,,,,,,,
Blue Mountains,2,BM-2,,Spike,,individual,Spike,Daviesia ulicifolia,,432,1.8,2,n,,sprout,n,4,,,,,,,,,,,,14_months,,,,,,,,
Blue Mountains,2,BM-2,,Spike,,individual,Spike,Daviesia ulicifolia,,228,,1.8,n,,sprout,n,5,,,,,,,,,,,,14_months,,,,,,,,
Blue Mountains,2,BM-2,BM-2-Spike,Spike,,pooled_nitrogen_sample,,Daviesia ulicifolia,,,,,,,,,,,,,,,,,,,,,14_months,,,,,120,Mixed,Fresh,2.03
Blue Mountains,2,BM-2,,Tuftie,,individual,Tuftie,Tuftie,,210,,1,n,,sprout,n,1,,,,,,,,,,,,14_months,,,,,,,,
Blue Mountains,2,BM-2,,Tuftie,,individual,Tuftie,Tuftie,,271,,2,n,,sprout,n,2,,,,,,,,,,,,14_months,,,,,,,,
Blue Mountains,2,BM-2,,Tuftie,,individual,Tuftie,Tuftie,,216,,2.5,n,,sprout,n,3,,,,,,,,,,,,14_months,,,,,,,,
Blue Mountains,2,BM-2,,Tuftie,,individual,Tuftie,Tuftie,,285,,1.8,n,,sprout,n,4,,,,,,,,,,,,14_months,,,,,,,,
Blue Mountains,2,BM-2,,Tuftie,,individual,Tuftie,Tuftie,,340,,1.2,n,,sprout,n,5,,,,,,,,,,,,14_months,,,,,,,,
Blue Mountains,2,BM-2,,Waratah,,individual,Waratah,Waratah,,1335,9.9,13.9,y,,sprout,n,1,,,,,,,,,,,,14_months,,,,,,,,
Blue Mountains,2,BM-2,,Waratah,,individual,Waratah,Waratah,,495,5.9,7.5,n,,sprout,n,2,,,,,,,,,,,,14_months,,,,,,,,
Blue Mountains,2,BM-2,,Waratah,,individual,Waratah,Waratah,,562,5.2,9.9,n,,sprout,n,3,,,,,,,,,,,,14_months,,,,,,,,
Blue Mountains,2,BM-2,,Waratah,,individual,Waratah,Waratah,,439,4,6.7,n,,sprout,n,4,,,,,,,,,,,,14_months,,,,,,,,
Blue Mountains,2,BM-2,,Waratah,,individual,Waratah,Waratah,,496,6.4,8.1,n,,sprout,n,5,,,,,,,,,,,,14_months,,,,,,,,
Blue Mountains,2,BM-2,,Xantheria,,individual,Xantheria,Xanthorrhoea,,841,,,n,,sprout,n,1,,,,,,,,,,,,14_months,,,,,,,,
Blue Mountains,2,BM-2,,Xantheria,,individual,Xantheria,Xanthorrhoea,,956,,,n,,sprout,n,2,,,,,,,,,,,,14_months,,,,,,,,
Blue Mountains,2,BM-2,,Xantheria,,individual,Xantheria,Xanthorrhoea,,1400,,,n,,sprout,n,3,,,,,,,,,,,,14_months,,,,,,,,
Blue Mountains,2,BM-2,,Xantheria,,individual,Xantheria,Xanthorrhoea,,839,,,n,,sprout,n,4,,,,,,,,,,,,14_months,,,,,,,,
Blue Mountains,2,BM-2,,Xantheria,,individual,Xantheria,Xanthorrhoea,,1080,,,n,,sprout,n,5,,,,,,,,,,,,14_months,,,,,,,,
Blue Mountains,2,BM-2,,Xantheria,,individual,Xantheria,Xanthorrhoea,,804,,,n,,sprout,n,6,,,,,,,,,,,,14_months,,,,,,,,
Blue Mountains,2,BM-2,,Yellow Round Flower,,individual,Yellow Round Flower,Yellow Round Flower,,510,2.8,5.1,n,,sprout,n,4,,,,,,,,,,,,14_months,,,,,,,,
Blue Mountains,2,BM-2,,Yellow Round Flower,,individual,Yellow Round Flower,Yellow Round Flower,,674,4,6.4,n,,sprout,n,5,,,,,,,,,,,,14_months,,,,,,,,
Blue Mountains,3,BM-3,,Acacia Straight Veins,,individual,Acacia Straight Veins,Acacia Straight Veins,,561,2.7,8.2,n,buds,sprout,n,1,,,,,,,,,,,,14_months,,,,,,,,
Blue Mountains,3,BM-3,,Acacia Straight Veins,,individual,Acacia Straight Veins,Acacia Straight Veins,,566,3,4.9,n,,sprout,n,2,,,,,,,,,,,,14_months,,,,,,,,
Blue Mountains,3,BM-3,,Acacia Straight Veins,,individual,Acacia Straight Veins,Acacia Straight Veins,,607,2.5,7,y,,sprout,n,3,,,,,,,,,,,,14_months,,,,,,,,
Blue Mountains,3,BM-3,,Acacia Straight Veins,,individual,Acacia Straight Veins,Acacia Straight Veins,,469,2.4,5.2,n,,sprout,n,3,,,,,,,,,,,,14_months,,,,,,,,
Blue Mountains,3,BM-3,,Acacia Straight Veins,,individual,Acacia Straight Veins,Acacia Straight Veins,,690,3,7,n,,sprout,n,4,,,,,,,,,,,,14_months,,,,,,,,
Blue Mountains,3,BM-3,BM-3-BLRS,BLRS,,pooled_nitrogen_sample,,Blue Leaf Red Stem Eucalyptus,,,,,,,,,,,,,,,,,,,,,14_months,,,,,134,Mixed,Fresh,1.08
Blue Mountains,3,BM-3,BM-3-BS-1,BS,1,individual,BS,Banksia serrata,,121,,3.1,n,,seed,y,1,0.996,,,442.9033031,0.248,5.599416357118606e-4,0.94,,,,,14_months,1,5,FALSE,50.613,,,,
Blue Mountains,3,BM-3,BM-3-BS-2,BS,2,individual,BS,Banksia serrata,,149,,3.4,n,,seed,y,2,0.785,,,307.6849338,0.194,6.305151103891978e-4,0.57,,,,,14_months,1,5,FALSE,48.659,,,,
Blue Mountains,3,BM-3,BM-3-BS-3,BS,3,individual,BS,Banksia serrata,,119,,3.2,n,,seed,y,3,0.591,,,192.2125782,0.116,6.034984863441159e-4,0.34,,,,,14_months,1,5,FALSE,40.887,,,,
Blue Mountains,3,BM-3,,BS,,individual,BS,Banksia serrata,,105,,2.9,n,,seed,n,4,,,,,,,,,,,,14_months,,,,,,,,
Blue Mountains,3,BM-3,BM-3-BS,BS,,pooled_nitrogen_sample,,Banksia serrata,,,,,,,,,,,,,,,,,,,,,14_months,,,,,56,Pure,Fresh,0.53
Blue Mountains,3,BM-3,,Blue Leaf Red Stem Euc,,individual,Blue Leaf Red Stem Euc,Blue Leaf Red Stem Euc,,600,3,6.1,n,,sprout,n,1,,,,,,,,,,,,14_months,,,,,,,,
Blue Mountains,3,BM-3,,Blue Leaf Red Stem Euc,,individual,Blue Leaf Red Stem Euc,Blue Leaf Red Stem Euc,,545,2.3,7,n,,sprout,n,2,,,,,,,,,,,,14_months,,,,,,,,
Blue Mountains,3,BM-3,,Blue Leaf Red Stem Euc,,individual,Blue Leaf Red Stem Euc,Blue Leaf Red Stem Euc,,642,3.4,13,n,,sprout,n,3,,,,,,,,,,,,14_months,,,,,,,,
Blue Mountains,3,BM-3,BM-3-CL-1,CL,1,individual,CL,Xanthosia stellata,,65,,0.7,n,,seed,y,1,0.035,,,37.61729953,0.017,4.5191973406922555e-4,,,,,,14_months,1,5,FALSE,3.265,,,,
Blue Mountains,3,BM-3,BM-3-CL-2,CL,2,individual,CL,Xanthosia stellata,,41,,0.5,n,,seed,y,2,0.02,,,10.40188309,0.007,6.729550735606278e-4,,,,,,14_months,1,5,FALSE,1.945,,,,
Blue Mountains,3,BM-3,BM-3-CL-3,CL,3,individual,CL,Xanthosia stellata,,29,,0.9,n,,seed,y,3,0.014,,,7.465366623,0.005,6.697594709676458e-4,,,,,,14_months,1,5,FALSE,1.602,,,,
Blue Mountains,3,BM-3,,Fake Geebung,,individual,Fake Geebung,Fake Geebung,,571,2.9,5.5,n,,sprout,n,1,,,,,,,,,,,,14_months,,,,,,,,
Blue Mountains,3,BM-3,,Fake Mountain Devil,,individual,Fake Mountain Devil,Banksia spinulosa,,846,3.3,8.4,n,,sprout,n,1,,,,,,,,,,,,14_months,,,,,,,,
Blue Mountains,3,BM-3,,Fake Mountain Devil,,individual,Fake Mountain Devil,Banksia spinulosa,,936,3,12.7,n,,sprout,n,2,,,,,,,,,,,,14_months,,,,,,,,
Blue Mountains,3,BM-3,,Fake Mountain Devil,,individual,Fake Mountain Devil,Banksia spinulosa,,620,2.4,7.9,n,,sprout,n,3,,,,,,,,,,,,14_months,,,,,,,,
Blue Mountains,3,BM-3,,Fake Mountain Devil,,individual,Fake Mountain Devil,Banksia spinulosa,,712,3.5,13,n,,sprout,n,4,,,,,,,,,,,,14_months,,,,,,,,
Blue Mountains,3,BM-3,,Fake Secret Spike,,individual,Fake Secret Spike,Fake Secret Spike,,279,1.2,3.6,n,,sprout,n,1,,,,,,,,,,,,14_months,,,,,,,,
Blue Mountains,3,BM-3,,Fake Secret Spike,,individual,Fake Secret Spike,Fake Secret Spike,,226,1.1,1.5,n,,sprout,n,2,,,,,,,,,,,,14_months,,,,,,,,
Blue Mountains,3,BM-3,,Fake Secret Spike,,individual,Fake Secret Spike,Fake Secret Spike,,265,1.2,1.5,y,,sprout,n,3,,,,,,,,,,,,14_months,,,,,,,,
Blue Mountains,3,BM-3,,Fake Secret Spike,,individual,Fake Secret Spike,Fake Secret Spike,,341,1.1,2,y,,sprout,n,4,,,,,,,,,,,,14_months,,,,,,,,
Blue Mountains,3,BM-3,,Fake Secret Spike,,individual,Fake Secret Spike,Fake Secret Spike,,208,,1.7,n,,sprout,n,5,,,,,,,,,,,,14_months,,,,,,,,
Blue Mountains,3,BM-3,,Fake Tufty,,individual,Fake Tufty,Fake Tufty,,201,,1.5,n,,sprout,n,1,,,,,,,,,,,,14_months,,,,,,,,
Blue Mountains,3,BM-3,,Fake Tufty,,individual,Fake Tufty,Fake Tufty,,136,,2.3,n,,sprout,n,2,,,,,,,,,,,,14_months,,,,,,,,
Blue Mountains,3,BM-3,,Fuzzy Red Stem Small Leaves,,individual,Fuzzy Red Stem Small Leaves,Fuzzy Red Stem Small Leaves,,219,,1.4,n,,sprout,n,1,,,,,,,,,,,,14_months,,,,,,,,
Blue Mountains,3,BM-3,,Fuzzy Red Stem Small Leaves,,individual,Fuzzy Red Stem Small Leaves,Fuzzy Red Stem Small Leaves,,226,,2,n,,sprout,n,2,,,,,,,,,,,,14_months,,,,,,,,
Blue Mountains,3,BM-3,,Geebung,,individual,Geebung,Persoonia levis,,245,4.1,4.6,n,,sprout,n,1,,,,,,,,,,,,14_months,,,,,,,,
Blue Mountains,3,BM-3,,Geebung,,individual,Geebung,Persoonia levis,,249,3.1,4.1,n,,sprout,n,2,,,,,,,,,,,,14_months,,,,,,,,
Blue Mountains,3,BM-3,,Geebung,,individual,Geebung,Persoonia levis,,541,4.2,9,n,,sprout,n,3,,,,,,,,,,,,14_months,,,,,,,,
Blue Mountains,3,BM-3,,Geebung,,individual,Geebung,Persoonia levis,,438,4.9,11.9,n,,sprout,n,4,,,,,,,,,,,,14_months,,,,,,,,
Blue Mountains,3,BM-3,,Geebung,,individual,Geebung,Persoonia levis,,599,6,6.2,n,,sprout,n,5,,,,,,,,,,,,14_months,,,,,,,,
Blue Mountains,3,BM-3,BM-3-LBL-1,LBL,1,individual,LBL,Poranthera corymbosa,,141,,2.7,n,,seed,y,1,0.03,,,295.661018,0.151,5.107200165291997e-4,0.15,,,,,14_months,1,5,FALSE,5.433,,,,
Blue Mountains,3,BM-3,BM-3-LBL-2,LBL,2,individual,LBL,Poranthera corymbosa,,118,,2,n,,seed,y,2,0.017,,,125.1445078,0.079,6.312702122433854e-4,0.09,,,,,14_months,1,5,FALSE,2.149,,,,
Blue Mountains,3,BM-3,BM-3-LBL-3,LBL,3,individual,LBL,Poranthera corymbosa,,175,,3,n,,seed,y,3,0.033,,,518.7476329,0.211,4.067488439810864e-4,0.44,,,,,14_months,1,5,FALSE,4.042,,,,
Blue Mountains,3,BM-3,,LBL,,individual,LBL,Poranthera corymbosa,,115,,1.6,n,,seed,n,4,,,,,,,,,,,,14_months,,,,,,,,
Blue Mountains,3,BM-3,,LBL,,individual,LBL,Poranthera corymbosa,,338,3.4,4,n,,seed,n,5,,,,,,,,,,,,14_months,,,,,,,,
Blue Mountains,3,BM-3,BM-3-LBL,LBL,,pooled_nitrogen_sample,,Poranthera corymbosa,,,,,,,,,,,,,,,,,,,,,14_months,,,,,124,Mixed,Fresh,2.57
Blue Mountains,3,BM-3,BM-3-MSNL-1,MSNL,1,individual,MSNL,Platysace linearifolia,,368,1.2,1.8,y,,seed,y,1,0.007,,,94.45809178,0.061,6.457890356505781e-4,0.51,,,,,14_months,1,5,FALSE,0.267,,,,
Blue Mountains,3,BM-3,BM-3-MSNL-2,MSNL,2,individual,MSNL,Platysace linearifolia,,415,1.2,2.4,y,,seed,y,2,,,,124.4245638,0.075,6.027748678352208e-4,1.05,,,,,14_months,1,5,FALSE,0.698,,,,
Blue Mountains,3,BM-3,BM-3-MSNL-3,MSNL,3,individual,MSNL,Platysace linearifolia,,467,1,3.2,y,,seed,y,3,0.011,,,160.7031893,0.085,5.289254082028353e-4,3.32,,,,,14_months,1,5,FALSE,0.667,,,,
Blue Mountains,3,BM-3,,MSNL,,individual,MSNL,Platysace linearifolia,,411,1.2,2.9,y,,seed,n,4,,,,,,,,,,,,14_months,,,,,,,,
Blue Mountains,3,BM-3,,MSNL,,individual,MSNL,Platysace linearifolia,,519,1.1,2.6,y,,seed,n,5,,,,,,,,,,,,14_months,,,,,,,,
Blue Mountains,3,BM-3,BM-3-MSNL,MSNL,,pooled_nitrogen_sample,,Platysace linearifolia,,,,,,,,,,,,,,,,,,,,,14_months,,,,,130,Mixed,Fresh,1.14
Blue Mountains,3,BM-3,,Pointy Pink Leptospermum,,individual,Pointy Pink Leptospermum,Pointy Pink Leptospermum,,454,1.1,2,n,,sprout,n,1,,,,,,,,,,,,14_months,,,,,,,,
Blue Mountains,3,BM-3,,Pointy Pink Leptospermum,,individual,Pointy Pink Leptospermum,Pointy Pink Leptospermum,,524,1.1,2.1,n,,sprout,n,2,,,,,,,,,,,,14_months,,,,,,,,
Blue Mountains,3,BM-3,,Pointy Pink Leptospermum,,individual,Pointy Pink Leptospermum,Pointy Pink Leptospermum,,319,1.3,1.8,n,,sprout,n,3,,,,,,,,,,,,14_months,,,,,,,,
Blue Mountains,3,BM-3,,Pointy Pink Leptospermum,,individual,Pointy Pink Leptospermum,Pointy Pink Leptospermum,,345,1.3,1.9,n,,sprout,n,4,,,,,,,,,,,,14_months,,,,,,,,
Blue Mountains,3,BM-3,,Pointy Pink Leptospermum,,individual,Pointy Pink Leptospermum,Pointy Pink Leptospermum,,523,1.2,3,n,,sprout,n,5,,,,,,,,,,,,14_months,,,,,,,,
Blue Mountains,3,BM-3,,Red Seed Pod,,individual,Red Seed Pod,Red Seed Pod,,813,4,5.2,y,,sprout,n,1,,,,,,,,,,,,14_months,,,,,,,,
Blue Mountains,3,BM-3,BM-3-STL-1,STL,1,individual,STL,Dampiera stricta,,284,1.3,1.8,n,,seed,y,1,0.163,,,207.8198447,0.081,3.8976066081142637e-4,0.7,,,,,14_months,1,5,FALSE,8.932,,,,
Blue Mountains,3,BM-3,BM-3-STL-2,STL,2,individual,STL,Dampiera stricta,,194,,1.3,n,,seed,y,2,0.12,,,117.4233522,0.061,5.194878093422374e-4,0.25,,,,,14_months,1,5,FALSE,7.364,,,,
Blue Mountains,3,BM-3,BM-3-STL-3,STL,3,individual,STL,Dampiera stricta,,325,1.5,2.7,n,,seed,y,3,0.193,,,134.3475002,0.071,5.284802463336046e-4,1.57,,,,,14_months,1,5,FALSE,11.142,,,,
Blue Mountains,3,BM-3,,STL,,individual,STL,Dampiera stricta,,179,,1,n,,seed,n,4,,,,,,,,,,,,14_months,,,,,,,,
Blue Mountains,3,BM-3,,STL,,individual,STL,Dampiera stricta,,364,1,1.1,n,,seed,n,5,,,,,,,,,,,,14_months,,,,,,,,
Blue Mountains,3,BM-3,,STL,,individual,STL,Dampiera stricta,,211,,1.4,n,,seed,n,6,,,,,,,,,,,,14_months,,,,,,,,
Blue Mountains,3,BM-3,,STL,,individual,STL,Dampiera stricta,,325,1.4,1.3,n,,seed,n,6,,,,,,,,,,,,14_months,,,,,,,,
Blue Mountains,3,BM-3,BM-3-STL,STL,,pooled_nitrogen_sample,,Dampiera stricta,,,,,,,,,,,,,,,,,,,,,14_months,,,,,132,Mixed,Fresh,1.29
Blue Mountains,3,BM-3,,Secret Spike,,individual,Secret Spike,Monocota scoparia,,629,2,7.7,n,,sprout,n,1,,,,,,,,,,,,14_months,,,,,,,,
Blue Mountains,3,BM-3,,Secret Spike,,individual,Secret Spike,Monocota scoparia,,409,2,4.1,y,,sprout,n,2,,,,,,,,,,,,14_months,,,,,,,,
Blue Mountains,3,BM-3,,Secret Spike,,individual,Secret Spike,Monocota scoparia,,375,2.4,2.9,y,,sprout,n,3,,,,,,,,,,,,14_months,,,,,,,,
Blue Mountains,3,BM-3,,Secret Spike,,individual,Secret Spike,Monocota scoparia,,498,1.9,4.1,y,,sprout,n,4,,,,,,,,,,,,14_months,,,,,,,,
Blue Mountains,3,BM-3,,Secret Spike,,individual,Secret Spike,Monocota scoparia,,519,3.1,5,y,,sprout,n,5,,,,,,,,,,,,14_months,,,,,,,,
Blue Mountains,3,BM-3,,Seed Pod Plant,,individual,Seed Pod Plant,Lomatia silaifolia,,659,2.9,4.5,n,,sprout,n,2,,,,,,,,,,,,14_months,,,,,,,,
Blue Mountains,3,BM-3,,Seed Pod Plant,,individual,Seed Pod Plant,Lomatia silaifolia,,613,2.8,6.2,n,,sprout,n,3,,,,,,,,,,,,14_months,,,,,,,,
Blue Mountains,3,BM-3,,Seed Pod Plant,,individual,Seed Pod Plant,Lomatia silaifolia,,615,2,3.1,n,,sprout,n,4,,,,,,,,,,,,14_months,,,,,,,,
Blue Mountains,3,BM-3,,Seed Pod Plant,,individual,Seed Pod Plant,Lomatia silaifolia,,569,2.9,7,n,seed pods,sprout,n,5,,,,,,,,,,,,14_months,,,,,,,,
Blue Mountains,3,BM-3,,Short Whorled Needle Leaves,,individual,Short Whorled Needle Leaves,Acacia ulicifolia,,192,,1.9,n,,sprout,n,1,,,,,,,,,,,,14_months,,,,,,,,
Blue Mountains,3,BM-3,,Short Whorled Needle Leaves,,individual,Short Whorled Needle Leaves,Acacia ulicifolia,,146,,1,n,,sprout,n,2,,,,,,,,,,,,14_months,,,,,,,,
Blue Mountains,3,BM-3,,Short Whorled Needle Leaves,,individual,Short Whorled Needle Leaves,Acacia ulicifolia,,167,,1.2,n,,sprout,n,3,,,,,,,,,,,,14_months,,,,,,,,
Blue Mountains,3,BM-3,,Short Whorled Needle Leaves,,individual,Short Whorled Needle Leaves,Acacia ulicifolia,,211,,1.5,n,,sprout,n,4,,,,,,,,,,,,14_months,,,,,,,,
Blue Mountains,3,BM-3,,Short Whorled Needle Leaves,,individual,Short Whorled Needle Leaves,Acacia ulicifolia,,216,,2.1,n,,sprout,n,5,,,,,,,,,,,,14_months,,,,,,,,
Blue Mountains,3,BM-3,,Spike,,individual,Spike,Daviesia ulicifolia,,241,2,2,n,,sprout,n,1,,,,,,,,,,,,14_months,,,,,,,,
Blue Mountains,3,BM-3,,Spike,,individual,Spike,Daviesia ulicifolia,,217,,1.3,n,,sprout,n,2,,,,,,,,,,,,14_months,,,,,,,,
Blue Mountains,3,BM-3,,Spike,,individual,Spike,Daviesia ulicifolia,,265,2.1,2.3,n,,sprout,n,3,,,,,,,,,,,,14_months,,,,,,,,
Blue Mountains,3,BM-3,,Spike,,individual,Spike,Daviesia ulicifolia,,417,2.7,3.2,n,,sprout,n,3,,,,,,,,,,,,14_months,,,,,,,,
Blue Mountains,3,BM-3,,Spike,,individual,Spike,Daviesia ulicifolia,,319,1.8,2,n,,sprout,n,4,,,,,,,,,,,,14_months,,,,,,,,
Blue Mountains,3,BM-3,,Thin Leaves  off Branching Stem,,individual,Thin Leaves  off Branching Stem,Thin Leaves  off Branching Stem,,453,1.1,4,n,,sprout,n,1,,,,,,,,,,,,14_months,,,,,,,,
Blue Mountains,3,BM-3,,Thin Leaves  off Branching Stem,,individual,Thin Leaves  off Branching Stem,Thin Leaves  off Branching Stem,,374,1.6,2.7,n,,sprout,n,2,,,,,,,,,,,,14_months,,,,,,,,
Blue Mountains,3,BM-3,,Thin Leaves  off Branching Stem,,individual,Thin Leaves  off Branching Stem,Thin Leaves  off Branching Stem,,725,1.3,6.1,n,,sprout,n,3,,,,,,,,,,,,14_months,,,,,,,,
Blue Mountains,3,BM-3,,Thin Leaves  off Branching Stem,,individual,Thin Leaves  off Branching Stem,Thin Leaves  off Branching Stem,,554,1.9,3,n,,sprout,n,4,,,,,,,,,,,,14_months,,,,,,,,
Blue Mountains,3,BM-3,,Thin Leaves  off Branching Stem,,individual,Thin Leaves  off Branching Stem,Thin Leaves  off Branching Stem,,1035,1.3,6.9,n,,sprout,n,5,,,,,,,,,,,,14_months,,,,,,,,
Blue Mountains,3,BM-3,,Waratah,,individual,Waratah,Waratah,,546,5.9,7.9,n,,sprout,n,1,,,,,,,,,,,,14_months,,,,,,,,
Blue Mountains,3,BM-3,,Waratah,,individual,Waratah,Waratah,,410,7.1,11.1,n,,sprout,n,2,,,,,,,,,,,,14_months,,,,,,,,
Eurobodalla,1,EURO-1,EURO-1-BWL-1,BWL,1,individual,BWL,Pultenaea daphnoides,,568,1.4,3,n,,seed,y,1,0.072,,,280.6934496,0.128,4.560134915239575e-4,2.05,,,,,15_months,1,5,FALSE,10.208,,,,
Eurobodalla,1,EURO-1,EURO-1-BWL-2,BWL,2,individual,BWL,Pultenaea daphnoides,,814,2,4.5,n,,seed,y,2,0.069,,,736.2167486,0.392,5.324518910299619e-4,5.53,,,,,15_months,1,5,FALSE,8.49,,,,
Eurobodalla,1,EURO-1,EURO-1-BWL-3,BWL,3,individual,BWL,Pultenaea daphnoides,,651,1.9,4,n,,seed,y,4,0.09,,,870.6430286,0.366,4.203789474872733e-4,4.62,,,,,15_months,1,5,FALSE,10.598,,,,
Eurobodalla,1,EURO-1,,BWL,,individual,BWL,Pultenaea daphnoides,,1039,2.1,4.9,n,,seed,n,3,,,,,,,,,,,,15_months,,,,,,,,
Eurobodalla,1,EURO-1,,BWL,,individual,BWL,Pultenaea daphnoides,,735,3,4.5,n,,seed,n,5,,,,,,,,,,,,15_months,,,,,,,,
Eurobodalla,1,EURO-1,,BWL,,individual,BWL,Pultenaea daphnoides,,845,2,5.3,n,,seed,n,6,,,,,,,,,,,,15_months,,,,,,,,
Eurobodalla,1,EURO-1,EURO-1-BWL,BWL,,pooled_nitrogen_sample,,Pultenaea daphnoides,,,,,,,,,,,,,,,,,,,,,15_months,,,,,87,Mixed,Slightly mouldy,2.49
Eurobodalla,1,EURO-1,,Blueberry Ash,,individual,Blueberry Ash,Eleocarpus reticulatus,,715,3.6,5.1,n,,sprout,n,1,,,,,,,,,,,,15_months,,,,,,,,
Eurobodalla,1,EURO-1,,Blueberry Ash,,individual,Blueberry Ash,Eleocarpus reticulatus,,635,3.6,4.8,n,,sprout,n,2,,,,,,,,,,,,15_months,,,,,,,,
Eurobodalla,1,EURO-1,,Blueberry Ash,,individual,Blueberry Ash,Eleocarpus reticulatus,,461,2.9,4.6,n,,sprout,n,3,,,,,,,,,,,,15_months,,,,,,,,
Eurobodalla,1,EURO-1,,Blueberry Ash,,individual,Blueberry Ash,Eleocarpus reticulatus,,785,3.8,10,n,,sprout,n,4,,,,,,,,,,,,15_months,,,,,,,,
Eurobodalla,1,EURO-1,EURO-1-DSP-1,DSP,1,individual,DSP,Opercularia aspera,,349,1,1.6,n,,seed,y,1,0.046,,,112.1771107,0.031,2.7634871148450786e-4,0.41,,,,,15_months,1,5,FALSE,13.847,,,,
Eurobodalla,1,EURO-1,EURO-1-DSP-2,DSP,2,individual,DSP,Opercularia aspera,,398,1.5,2,n,,seed,y,2,0.049,,,345.3858629,0.06,1.7371874892682527e-4,0.69,,,,,15_months,1,5,FALSE,11.419,,,,
Eurobodalla,1,EURO-1,EURO-1-DSP-3,DSP,3,individual,DSP,Opercularia aspera,,451,1,1,n,,seed,y,3,0.048,,,154.0547676,0.049,3.1806870221132974e-4,0.44,,,,,15_months,1,5,FALSE,11.928,,,,
Eurobodalla,1,EURO-1,,DSP,,individual,DSP,Opercularia aspera,,678,1.1,2,y,,seed,n,4,,,,,,,,,,,,15_months,,,,,,,,
Eurobodalla,1,EURO-1,,DSP,,individual,DSP,Opercularia aspera,,559,0.6,1.1,n,,seed,n,5,,,,,,,,,,,,15_months,,,,,,,,
Eurobodalla,1,EURO-1,EURO-1-DSP,DSP,,pooled_nitrogen_sample,,Opercularia aspera,,,,,,,,,,,,,,,,,,,,,15_months,,,,,88,Mixed,Slightly mouldy,2.07
Eurobodalla,1,EURO-1,,Euro Eucalyptus,,individual,Euro Eucalyptus,Euro Eucalyptus,,634,2,5.3,n,,sprout,n,1,,,,,,,,,,,,15_months,,,,,,,,
Eurobodalla,1,EURO-1,EURO-1-LVA-1,LVA,1,individual,LVA,Acacia obtusifolia,,855,2,3.5,n,,seed,y,1,0.617,,,565.4309929,0.2,3.537124821797154e-4,3.14,,,,,15_months,1,5,FALSE,57.035,,,,
Eurobodalla,1,EURO-1,EURO-1-LVA-2,LVA,2,individual,LVA,Acacia obtusifolia,,1346,2.4,6.3,n,,seed,y,2,0.672,,,1591.161839,0.638,4.0096487004801775e-4,12.4,,,,,15_months,1,5,FALSE,67.185,,,,
Eurobodalla,1,EURO-1,EURO-1-LVA-3,LVA,3,individual,LVA,Acacia obtusifolia,,1232,2,7,n,,seed,y,3,0.648,,,1201.74842,0.493,4.1023561320762964e-4,11.57,,,,,15_months,1,5,FALSE,67.743,,,,
Eurobodalla,1,EURO-1,,LVA,,individual,LVA,Acacia obtusifolia,,1849,3,10,n,,seed,n,4,,,,,,,,,,,,15_months,,,,,,,,
Eurobodalla,1,EURO-1,,LVA,,individual,LVA,Acacia obtusifolia,,1550,2,7,n,,seed,n,5,,,,,,,,,,,,15_months,,,,,,,,
Eurobodalla,1,EURO-1,EURO-1-LVA,LVA,,pooled_nitrogen_sample,,Acacia obtusifolia,,,,,,,,,,,,,,,,,,,,,15_months,,,,,30,Pure,Fresh,2.53
Eurobodalla,1,EURO-1,,Long Veins Acacia,,individual,Long Veins Acacia,Acacia obtusifolia,,498,2.3,4,n,,sprout,n,1,,,,,,,,,,,,15_months,,,,,,,,
Eurobodalla,1,EURO-1,EURO-1-MSFL-1,MSFL,1,individual,MSFL,Gonocarpus humilis,,231,1.9,2,n,,seed,y,1,0.039,,,157.0497177,0.076,4.8392318759322414e-4,0.49,,,,,15_months,1,5,FALSE,6.182,,,,
Eurobodalla,1,EURO-1,EURO-1-MSFL-2,MSFL,2,individual,MSFL,Gonocarpus humilis,,298,1,1.9,n,,seed,y,2,0.088,,,153.93804,0.057,3.7027884725568806e-4,0.67,,,,,15_months,1,5,FALSE,12.55,,,,
Eurobodalla,1,EURO-1,EURO-1-MSFL-3,MSFL,3,individual,MSFL,Gonocarpus humilis,,351,1.3,2,n,,seed,y,3,0.076,,,157.8900654,0.061,3.863447636522418e-4,0.74,,,,,15_months,1,5,FALSE,9.882,,,,
Eurobodalla,1,EURO-1,,MSFL,,individual,MSFL,Gonocarpus humilis,,281,1.2,1.5,n,,seed,n,4,,,,,,,,,,,,15_months,,,,,,,,
Eurobodalla,1,EURO-1,,MSFL,,individual,MSFL,Gonocarpus humilis,,357,1,1,n,,seed,n,5,,,,,,,,,,,,15_months,,,,,,,,
Eurobodalla,1,EURO-1,,MSFL,,individual,MSFL,Gonocarpus humilis,,310,1.1,1.5,n,,seed,n,6,,,,,,,,,,,,15_months,,,,,,,,
Eurobodalla,1,EURO-1,EURO-1-MSFL,MSFL,,pooled_nitrogen_sample,,Gonocarpus humilis,,,,,,,,,,,,,,,,,,,,,15_months,,,,,86,Mixed,Slightly mouldy,1.63
Eurobodalla,1,EURO-1,EURO-1-MSWNL-1,MSWNL,1,individual,MSWNL,Acacia brownii,,791,1.4,5,y,,seed,y,1,0.004,,,695.5922315,0.278,3.9965943754218024e-4,4.81,,,,,15_months,1,5,FALSE,0.269,,,,
Eurobodalla,1,EURO-1,EURO-1-MSWNL-2,MSWNL,2,individual,MSWNL,Acacia brownii,,797,1.9,4,y,,seed,y,2,0.005,,,640.6304716,0.271,4.230207772089997e-4,4.14,,,,Mouldy,15_months,1,5,FALSE,0.28800000000000003,,,,
Eurobodalla,1,EURO-1,EURO-1-MSWNL-3,MSWNL,3,individual,MSWNL,Acacia brownii,,845,1.6,4,y,,seed,y,3,0.005,,,750.4372637,0.32,4.2641805715011165e-4,4.17,,,,,15_months,1,5,FALSE,0.28500000000000003,,,,
Eurobodalla,1,EURO-1,,MSWNL,,individual,MSWNL,Acacia brownii,,741,1,3.1,n,,seed,n,4,,,,,,,,,,,,15_months,,,,,,,,
Eurobodalla,1,EURO-1,,MSWNL,,individual,MSWNL,Acacia brownii,,845,1,4.4,n,,seed,n,5,,,,,,,,,,,,15_months,,,,,,,,
Eurobodalla,1,EURO-1,,MSWNL,,individual,MSWNL,Acacia brownii,,844,1.4,4,n,,seed,n,6,,,,,,,,,,,,15_months,,,,,,,,
Eurobodalla,1,EURO-1,EURO-1-MSWNL,MSWNL,,pooled_nitrogen_sample,,Acacia brownii,,,,,,,,,,,,,,,,,,,,,15_months,,,,,90,Mixed,Mouldy,2.24
Eurobodalla,1,EURO-1,,Purple Tip Eucalyptus,,individual,Purple Tip Eucalyptus,Purple Tip Eucalyptus,,802,2.6,7.5,n,,sprout,n,1,,,,,,,,,,,,15_months,,,,,,,,
Eurobodalla,1,EURO-1,,Purple Tip Eucalyptus,,individual,Purple Tip Eucalyptus,Purple Tip Eucalyptus,,496,2.9,4.3,n,,sprout,n,2,,,,,,,,,,,,15_months,,,,,,,,
Eurobodalla,1,EURO-1,,Purple Tip Eucalyptus,,individual,Purple Tip Eucalyptus,Purple Tip Eucalyptus,,475,1.1,3.1,n,,sprout,n,3,,,,,,,,,,,,15_months,,,,,,,,
Eurobodalla,1,EURO-1,,Purple Tip Eucalyptus,,individual,Purple Tip Eucalyptus,Purple Tip Eucalyptus,,696,1.5,7.5,n,,sprout,n,4,,,,,,,,,,,,15_months,,,,,,,,
Eurobodalla,1,EURO-1,,Purple Tip Eucalyptus,,individual,Purple Tip Eucalyptus,Purple Tip Eucalyptus,,581,3.5,5.6,n,,sprout,n,5,,,,,,,,,,,,15_months,,,,,,,,
Eurobodalla,1,EURO-1,EURO-1-SLFS-1,SLFS,1,individual,SLFS,Brunoniella australis,,200,,2,y,,seed,y,1,0.021,,,67.74128972,0.033,4.871475009761595e-4,0.57,,,,,15_months,1,5,FALSE,2.326,,,,
Eurobodalla,1,EURO-1,EURO-1-SLFS-2,SLFS,2,individual,SLFS,Brunoniella australis,,154,,2,y,,seed,y,2,0.016,,,90.01197023,0.042,4.666046070614935e-4,1.34,,,,,15_months,1,5,FALSE,1.819,,,,
Eurobodalla,1,EURO-1,EURO-1-SLFS-3,SLFS,3,individual,SLFS,Brunoniella australis,,125,,1,y,,seed,y,3,0.016,,,39.53214389,0.025,6.323967672879985e-4,0.56,,,,,15_months,1,5,FALSE,1.785,,,,
Eurobodalla,1,EURO-1,,SLFS,,individual,SLFS,Brunoniella australis,,133,,1.5,n,,seed,n,4,,,,,,,,,,,,15_months,,,,,,,,
Eurobodalla,1,EURO-1,,SLFS,,individual,SLFS,Brunoniella australis,,126,,1,n,,seed,n,5,,,,,,,,,,,,15_months,,,,,,,,
Eurobodalla,1,EURO-1,EURO-1-SLFS,SLFS,,pooled_nitrogen_sample,,Brunoniella australis,,,,,,,,,,,,,,,,,,,,,15_months,,,,,89,Mixed,Slightly mouldy,1.86
Eurobodalla,1,EURO-1,,Tough Leaf,,individual,Tough Leaf,Hibbertia empetrifolia,,258,1.1,2.8,n,,sprout,n,1,,,,,,,,,,,,15_months,,,,,,,,
Eurobodalla,1,EURO-1,,Tough Leaf,,individual,Tough Leaf,Hibbertia empetrifolia,,201,,1.2,n,,sprout,n,2,,,,,,,,,,,,15_months,,,,,,,,
Eurobodalla,1,EURO-1,,Tough Leaf,,individual,Tough Leaf,Hibbertia empetrifolia,,349,1,1,n,,sprout,n,3,,,,,,,,,,,,15_months,,,,,,,,
Eurobodalla,1,EURO-1,EURO-1-WGL-1,WGL,1,individual,WGL,Platysace lanceolata,,222,1.1,1.3,n,,seed,y,1,0.018,,,37.76673462,0.023,6.090015520648155e-4,0.2,,,,,15_months,1,5,FALSE,2.4130000000000003,,,,
Eurobodalla,1,EURO-1,EURO-1-WSWL-1,WSWL,1,individual,WSWL,Platysace lanceolata,,351,1.8,3.1,n,,seed,y,1,0.071,,,289.1274282,0.152,5.257197525198338e-4,2.36,,,,,15_months,1,5,FALSE,4.728,,,,
Eurobodalla,1,EURO-1,EURO-1-WSWL-2,WSWL,2,individual,WSWL,Platysace lanceolata,,289,1.2,2,n,,seed,y,2,0.029,,,79.29812699,0.039,4.918148950090353e-4,0.23,,,,,15_months,1,5,FALSE,3.74,,,,
Eurobodalla,1,EURO-1,EURO-1-WSWL-3,WSWL,3,individual,WSWL,Platysace lanceolata,,242,1.1,2,n,,seed,y,3,0.026,,,94.53472265,0.044,4.6543744739065986e-4,0.89,,,,,15_months,1,5,FALSE,2.262,,,,
Eurobodalla,1,EURO-1,,WSWL,,individual,WSWL,Platysace lanceolata,,320,1.9,3.1,n,,seed,n,4,,,,,,,,,,,,15_months,,,,,,,,
Eurobodalla,1,EURO-1,,WSWL,,individual,WSWL,Platysace lanceolata,,202,,2.8,n,,seed,n,5,,,,,,,,,,,,15_months,,,,,,,,
Eurobodalla,1,EURO-1,EURO-1-WSWL,WSWL,,pooled_nitrogen_sample,,Platysace lanceolata,,,,,,,,,,,,,,,,,,,,,15_months,,,,,84,Mixed,Mouldy,1.42
Eurobodalla,1,EURO-1,,Whorled Leaves Fuzzy Stem,,individual,Whorled Leaves Fuzzy Stem,Whorled Leaves Fuzzy Stem,,519,2,4,n,,sprout,n,1,,,,,,,,,,,,15_months,,,,,,,,
Eurobodalla,1,EURO-1,,Whorled Leaves Fuzzy Stem,,individual,Whorled Leaves Fuzzy Stem,Whorled Leaves Fuzzy Stem,,564,2.4,5.9,n,,sprout,n,2,,,,,,,,,,,,15_months,,,,,,,,
Eurobodalla,1,EURO-1,,Whorled Leaves Fuzzy Stem,,individual,Whorled Leaves Fuzzy Stem,Whorled Leaves Fuzzy Stem,,748,2,6,n,,sprout,n,3,,,,,,,,,,,,15_months,,,,,,,,
Eurobodalla,1,EURO-1,,Whorled Leaves Fuzzy Stem,,individual,Whorled Leaves Fuzzy Stem,Whorled Leaves Fuzzy Stem,,374,1.5,3.5,n,,sprout,n,4,,,,,,,,,,,,15_months,,,,,,,,
Eurobodalla,1,EURO-1,,Whorled Leaves Fuzzy Stem,,individual,Whorled Leaves Fuzzy Stem,Whorled Leaves Fuzzy Stem,,504,1.5,5,n,,sprout,n,5,,,,,,,,,,,,15_months,,,,,,,,
Eurobodalla,1,EURO-1,,Whorled Longitudinal Veins,,individual,Whorled Longitudinal Veins,Leucopogon affinis,,917,2.1,6,y,,sprout,n,1,,,,,,,,,,,,15_months,,,,,,,,
Eurobodalla,1,EURO-1,,Whorled Longitudinal Veins,,individual,Whorled Longitudinal Veins,Leucopogon affinis,,451,2.4,3.3,y,,sprout,n,2,,,,,,,,,,,,15_months,,,,,,,,
Eurobodalla,1,EURO-1,,Whorled Longitudinal Veins,,individual,Whorled Longitudinal Veins,Leucopogon affinis,,747,2,4.7,y,,sprout,n,3,,,,,,,,,,,,15_months,,,,,,,,
Eurobodalla,1,EURO-1,,Whorled Longitudinal Veins,,individual,Whorled Longitudinal Veins,Leucopogon affinis,,462,1.1,3,y,,sprout,n,4,,,,,,,,,,,,15_months,,,,,,,,
Eurobodalla,1,EURO-1,,Whorled Longitudinal Veins,,individual,Whorled Longitudinal Veins,Leucopogon affinis,,1096,1,5,y,,sprout,n,5,,,,,,,,,,,,15_months,,,,,,,,
Eurobodalla,1,EURO-1,,Whorled Longitudinal Veins,,individual,Whorled Longitudinal Veins,Leucopogon affinis,,1875,1.5,10,y,,sprout,n,6,,,,,,,,,,,,15_months,,,,,,,,
Eurobodalla,1,EURO-1,,Woody Stem Whorled Leaves,,individual,Woody Stem Whorled Leaves,Platysace lanceolata,,615,1.7,5,n,,sprout,n,1,,,,,,,,,,,,15_months,,,,,,,,
Eurobodalla,1,EURO-1,,Woody Stem Whorled Leaves,,individual,Woody Stem Whorled Leaves,Platysace lanceolata,,468,2,4.5,n,,sprout,n,2,,,,,,,,,,,,15_months,,,,,,,,
Eurobodalla,1,EURO-1,,Woody Stem Whorled Leaves,,individual,Woody Stem Whorled Leaves,Platysace lanceolata,,401,2.4,3.6,n,,sprout,n,3,,,,,,,,,,,,15_months,,,,,,,,
Eurobodalla,1,EURO-1,,Woody Stem Whorled Leaves,,individual,Woody Stem Whorled Leaves,Platysace lanceolata,,649,1.5,5,n,,sprout,n,4,,,,,,,,,,,,15_months,,,,,,,,
Eurobodalla,2,EURO-2,EURO-2-ALLS-1,ALLS,1,individual,ALLS,Acacia myrtifolia,,655,3,3,n,,seed,y,1,0.312,,,436.0405092,0.145,3.325379109065585e-4,3.22,,,,,15_months,1,5,FALSE,44.556,,,,
Eurobodalla,2,EURO-2,EURO-2-ALLS,ALLS,,pooled_nitrogen_sample,,Acacia myrtifolia,,,,,,,,,,,,,,,,,,,,,15_months,,,,,76,Mixed,Very mouldy,2.25
Eurobodalla,2,EURO-2,EURO-2-ASLRN-1,ASLRN,1,individual,ASLRN,Phyllanthus hirtellus,,546,1.5,2,y,,seed,y,1,0.01,,,157.3338508,0.077,4.894051700157078e-4,27.59,,,,Fresh,15_months,1,5,FALSE,0.8160000000000001,,,,
Eurobodalla,2,EURO-2,EURO-2-ASLRN-2,ASLRN,2,individual,ASLRN,Phyllanthus hirtellus,,294,1.3,1.5,y,,seed,y,2,0.02,,,192.8798743,0.072,3.732893349360711e-4,0.75,,,,,15_months,1,5,FALSE,2.245,,,,
Eurobodalla,2,EURO-2,EURO-2-ASLRN-3,ASLRN,3,individual,ASLRN,Phyllanthus hirtellus,,336,1,2,n,,seed,y,3,0.01,,,109.039445,0.053,4.8606263540684747e-4,0.66,,,,,15_months,1,5,FALSE,0.964,,,,
Eurobodalla,2,EURO-2,,ASLRN,,individual,ASLRN,Phyllanthus hirtellus,,318,1,2.6,y,,seed,n,4,,,,,,,,,,,,15_months,,,,,,,,
Eurobodalla,2,EURO-2,,ASLRN,,individual,ASLRN,Phyllanthus hirtellus,,359,1,1,y,,seed,n,5,,,,,,,,,,,,15_months,,,,,,,,
Eurobodalla,2,EURO-2,EURO-2-ASLRN,ASLRN,,pooled_nitrogen_sample,,Phyllanthus hirtellus,,,,,,,,,,,,,,,,,,,,,15_months,,,,,74,Mixed,Fresh,1.39
Eurobodalla,2,EURO-2,EURO-2-BEE-1,BEE,1,individual,BEE,Blue Euro Eucalyptus,,316,2.5,5,n,,seed,y,1,1.3,,,409.1729653,0.177,4.325798989926571e-4,4.58,,,,,15_months,1,5,FALSE,118.739,,,,
Eurobodalla,2,EURO-2,EURO-2-BEE-2,BEE,2,individual,BEE,Blue Euro Eucalyptus,,543,1.8,4.9,n,,seed,n,2,0.98,,,544.0562335,0.263,4.834059124882723e-4,4.21,,,,,15_months,1,5,FALSE,92.954,,,,
Eurobodalla,2,EURO-2,EURO-2-BEE-3,BEE,3,individual,BEE,Blue Euro Eucalyptus,,511,2,4.6,n,,seed,y,3,1.174,,,502.6960972,0.231,4.595221671436522e-4,3.73,,,,,15_months,1,5,FALSE,143.46,,,,
Eurobodalla,2,EURO-2,,BEE,,individual,BEE,Blue Euro Eucalyptus,,873,1.9,7.5,n,,seed,n,4,,,,,,,,,,,,15_months,,,,,,,,
Eurobodalla,2,EURO-2,,BEE,,individual,BEE,Blue Euro Eucalyptus,,855,2.5,7.4,n,,seed,n,5,,,,,,,,,,,,15_months,,,,,,,,
Eurobodalla,2,EURO-2,,BEE,,individual,BEE,Blue Euro Eucalyptus,,1071,2.1,9.7,n,,seed,n,6,,,,,,,,,,,,15_months,,,,,,,,
Eurobodalla,2,EURO-2,EURO-2-BEE,BEE,,pooled_nitrogen_sample,,Blue Euro Eucalyptus,,,,,,,,,,,,,,,,,,,,,15_months,,,,,49,Pure,Fresh,1.45
Eurobodalla,2,EURO-2,,Blueberry Ash,,individual,Blueberry Ash,Eleocarpus reticulatus,,699,3.2,5.5,n,,sprout,n,1,,,,,,,,,,,,15_months,,,,,,,,
Eurobodalla,2,EURO-2,,Blueberry Ash,,individual,Blueberry Ash,Eleocarpus reticulatus,,851,5.3,10,n,,sprout,n,2,,,,,,,,,,,,15_months,,,,,,,,
Eurobodalla,2,EURO-2,,Blueberry Ash,,individual,Blueberry Ash,Eleocarpus reticulatus,,913,4.3,10.1,n,,sprout,n,3,,,,,,,,,,,,15_months,,,,,,,,
Eurobodalla,2,EURO-2,,Blueberry Ash,,individual,Blueberry Ash,Eleocarpus reticulatus,,374,4,5,n,,sprout,n,4,,,,,,,,,,,,15_months,,,,,,,,
Eurobodalla,2,EURO-2,EURO-2-DSP-1,DSP,1,individual,DSP,Opercularia aspera,,502,1.5,2.7,n,,seed,y,1,0.061,,,398.9401697,0.126,3.158368336153039e-4,3.18,,,,,15_months,1,5,FALSE,11.519,,,,
Eurobodalla,2,EURO-2,EURO-2-DSP,DSP,,pooled_nitrogen_sample,,Opercularia aspera,,,,,,,,,,,,,,,,,,,,,15_months,,,,,79,Mixed,Mouldy,1.77
Eurobodalla,2,EURO-2,,Dog Shit Plant,,individual,Dog Shit Plant,Opercularia aspera,,811,1.5,2.2,y,,sprout,n,1,,,,,,,,,,,,15_months,,,,,,,,
Eurobodalla,2,EURO-2,,Dog Shit Plant,,individual,Dog Shit Plant,Opercularia aspera,,521,1.5,3,n,,sprout,n,2,,,,,,,,,,,,15_months,,,,,,,,
Eurobodalla,2,EURO-2,,Dog Shit Plant,,individual,Dog Shit Plant,Opercularia aspera,,499,1.3,3.5,n,,sprout,n,3,,,,,,,,,,,,15_months,,,,,,,,
Eurobodalla,2,EURO-2,,Dog Shit Plant,,individual,Dog Shit Plant,Opercularia aspera,,455,1.5,1.5,n,,sprout,n,4,,,,,,,,,,,,15_months,,,,,,,,
Eurobodalla,2,EURO-2,,Dog Shit Plant,,individual,Dog Shit Plant,Opercularia aspera,,594,1.5,1.5,n,,sprout,n,5,,,,,,,,,,,,15_months,,,,,,,,
Eurobodalla,2,EURO-2,EURO-2-EAML-1,EAML,1,individual,EAML,Acacia terminalis,,1338,2.5,8.5,n,,seed,y,1,2.126,1.799,1.052,3224.367581,1.138,3.529374277008028e-4,32.34,,,,,15_months,3,3,TRUE,457.377,,,,
Eurobodalla,2,EURO-2,EURO-2-EAML-2,EAML,2,individual,EAML,Acacia terminalis,,1404,3,9,n,,seed,y,2,1.54,1.638,1.753,4396.086451,1.368,3.1118587299137717e-4,71.67,,,,,15_months,3,3,TRUE,456.89,,,,
Eurobodalla,2,EURO-2,EURO-2-EAML-3,EAML,3,individual,EAML,Acacia terminalis,,1445,3,10.5,n,,seed,y,3,1.743,2.428,2.299,6947.175586,2.607,3.752604159384781e-4,59.14,,,,Mouldy,15_months,3,3,TRUE,540.519,,,,
Eurobodalla,2,EURO-2,,EAML,,individual,EAML,Acacia terminalis,,1449,3.5,9,n,,seed,n,4,,,,,,,,,,,,15_months,,,,,,,,
Eurobodalla,2,EURO-2,,EAML,,individual,EAML,Acacia terminalis,,1195,2.1,9.6,n,,seed,n,4,,,,,,,,,,,,15_months,,,,,,,,
Eurobodalla,2,EURO-2,EURO-2-EAML,EAML,,pooled_nitrogen_sample,,Acacia terminalis,,,,,,,,,,,,,,,,,,,,,15_months,,,,,54,Pure,Fresh,2.26
Eurobodalla,2,EURO-2,EURO-2-LVA-1,LVA,1,individual,LVA,Acacia obtusifolia,,987,2,5.5,n,,seed,y,1,1.03,,,1383.305056,0.485,3.5060957660520547e-4,9.39,,,,,15_months,1,5,FALSE,99.918,,,,
Eurobodalla,2,EURO-2,EURO-2-LVA-2,LVA,2,individual,LVA,Acacia obtusifolia,,631,3,6.5,n,,seed,y,2,1.384,,,992.541056,0.513,5.168551939477655e-4,10.49,,,,,15_months,1,5,FALSE,103.376,,,,
Eurobodalla,2,EURO-2,EURO-2-LVA,LVA,,pooled_nitrogen_sample,,Acacia obtusifolia,,,,,,,,,,,,,,,,,,,,,15_months,,,,,71,Mixed,Fresh,3
Eurobodalla,2,EURO-2,EURO-2-MSFL-1,MSFL,1,individual,MSFL,Gonocarpus humilis,,363,1.5,1.5,n,,seed,y,1,0.066,,,193.0465489,0.081,4.195879204344585e-4,0.89,,,,,15_months,1,5,FALSE,8.887,,,,
Eurobodalla,2,EURO-2,EURO-2-MSFL-2,MSFL,2,individual,MSFL,Gonocarpus humilis,,434,1.6,3.7,n,,seed,y,2,0.065,,,325.8054111,0.126,3.867339083614133e-4,13.14,,,,,15_months,1,5,FALSE,8.791,,,,
Eurobodalla,2,EURO-2,EURO-2-MSFL-3,MSFL,3,individual,MSFL,Gonocarpus humilis,,452,1.6,2.3,n,,seed,y,3,0.083,,,396.5976018,0.148,3.73174218220903e-4,3.69,,,,,15_months,1,5,FALSE,12.426,,,,
Eurobodalla,2,EURO-2,,MSFL,,individual,MSFL,Gonocarpus humilis,,343,1.1,2.2,n,,seed,n,4,,,,,,,,,,,,15_months,,,,,,,,
Eurobodalla,2,EURO-2,,MSFL,,individual,MSFL,Gonocarpus humilis,,364,1.4,1.9,n,,seed,n,5,,,,,,,,,,,,15_months,,,,,,,,
Eurobodalla,2,EURO-2,EURO-2-MSFL,MSFL,,pooled_nitrogen_sample,,Gonocarpus humilis,,,,,,,,,,,,,,,,,,,,,15_months,,,,,73,Mixed,Slightly mouldy,1.28
Eurobodalla,2,EURO-2,,Maybe Banksia,,individual,Maybe Banksia,Persoonia linearis,,845,2,9,n,,sprout,n,1,,,,,,,,,,,,15_months,,,,,,,,
Eurobodalla,2,EURO-2,,Maybe Banksia,,individual,Maybe Banksia,Persoonia linearis,,1209,3,8.6,n,,sprout,n,2,,,,,,,,,,,,15_months,,,,,,,,
Eurobodalla,2,EURO-2,,Maybe Banksia,,individual,Maybe Banksia,Persoonia linearis,,815,2,6,n,,sprout,n,3,,,,,,,,,,,,15_months,,,,,,,,
Eurobodalla,2,EURO-2,,Maybe Banksia,,individual,Maybe Banksia,Persoonia linearis,,482,2.6,3.3,n,,sprout,n,4,,,,,,,,,,,,15_months,,,,,,,,
Eurobodalla,2,EURO-2,,Maybe Fake Mountain Devil,,individual,Maybe Fake Mountain Devil,Banksia spinulosa,,818,3.8,6.5,n,,sprout,n,1,,,,,,,,,,,,15_months,,,,,,,,
Eurobodalla,2,EURO-2,EURO-2-PSWL-1,PSWL,1,individual,PSWL,PSWL,,238,2,4.5,n,,seed,y,2,0.025,,,214.5942376,0.113,5.265751833030581e-4,2.53,,,,,15_months,1,5,FALSE,2.468,,,,
Eurobodalla,2,EURO-2,EURO-2-PSWL-2,PSWL,2,individual,PSWL,PSWL,,526,1.1,5,n,,seed,y,3,0.052,,,571.0362225,0.246,4.3079578896590924e-4,10.34,,,,,15_months,1,5,FALSE,4.119,,,,
Eurobodalla,2,EURO-2,EURO-2-PSWL-3,PSWL,3,individual,PSWL,PSWL,,439,2,4.4,n,,seed,y,4,0.055,,,839.5947469,0.374,4.454530014401642e-4,9.1,,,,,15_months,1,5,FALSE,5.052,,,,
Eurobodalla,2,EURO-2,,PSWL,,individual,PSWL,PSWL,,365,2,4,n,,seed,n,1,,,,,,,,,,,,15_months,,,,,,,,
Eurobodalla,2,EURO-2,,PSWL,,individual,PSWL,PSWL,,348,1.3,3,n,,seed,n,5,,,,,,,,,,,,15_months,,,,,,,,
Eurobodalla,2,EURO-2,,PSWL,,individual,PSWL,PSWL,,727,1.6,5,n,,seed,n,6,,,,,,,,,,,,15_months,,,,,,,,
Eurobodalla,2,EURO-2,,PSWL,,individual,PSWL,PSWL,,382,1.2,2.9,n,,seed,n,6,,,,,,,,,,,,15_months,,,,,,,,
Eurobodalla,2,EURO-2,EURO-2-PSWL,PSWL,,pooled_nitrogen_sample,,PSWL,,,,,,,,,,,,,,,,,,,,,15_months,,,,,75,Mixed,Slightly mouldy,0.99
Eurobodalla,2,EURO-2,EURO-2-SFBSL-1,SFBSL,1,individual,SFBSL,Persoonia subvelutina,,355,1,4.6,n,,seed,y,1,0.04,,,184.3153757,0.116,6.293560673354069e-4,2.72,,,,Slightly mouldy,15_months,1,5,FALSE,3.886,,,,
Eurobodalla,2,EURO-2,EURO-2-SFBSL-2,SFBSL,2,individual,SFBSL,Persoonia subvelutina,,462,1.5,4.5,n,,seed,y,2,0.056,,,456.3666377,0.242,5.30275397035229e-4,7.37,,,,Slightly mouldy,15_months,1,5,FALSE,5.507000000000001,,,,
Eurobodalla,2,EURO-2,EURO-2-SFBSL-3,SFBSL,3,individual,SFBSL,Persoonia subvelutina,,429,2,3.9,n,,seed,y,3,0.057,,,422.992657,0.219,5.177394840686324e-4,2.06,,,,,15_months,1,5,FALSE,4.786,,,,
Eurobodalla,2,EURO-2,,SFBSL,,individual,SFBSL,Persoonia subvelutina,,331,1.1,3.5,n,,seed,n,6,,,,,,,,,,,,15_months,,,,,,,,
Eurobodalla,2,EURO-2,,SFBSL,,individual,SFBSL,Persoonia subvelutina,,315,1.5,2,n,,seed,n,4,,,,,,,,,,,,15_months,,,,,,,,
Eurobodalla,2,EURO-2,,SFBSL,,individual,SFBSL,Persoonia subvelutina,,279,1.4,2,n,,seed,n,5,,,,,,,,,,,,15_months,,,,,,,,
Eurobodalla,2,EURO-2,EURO-2-SFBSL,SFBSL,,pooled_nitrogen_sample,,Persoonia subvelutina,,,,,,,,,,,,,,,,,,,,,15_months,,,,,77,Mixed,Mouldy,1.8
Eurobodalla,2,EURO-2,,Serrated Blueberry Ash,,individual,Serrated Blueberry Ash,Lomatia illicifolia,,413,2.3,4.8,n,,sprout,n,1,,,,,,,,,,,,15_months,,,,,,,,
Eurobodalla,2,EURO-2,,Serrated Blueberry Ash,,individual,Serrated Blueberry Ash,Lomatia illicifolia,,223,,4.9,n,,sprout,n,2,,,,,,,,,,,,15_months,,,,,,,,
Eurobodalla,2,EURO-2,,Serrated Blueberry Ash,,individual,Serrated Blueberry Ash,Lomatia illicifolia,,209,,2.5,n,,sprout,n,3,,,,,,,,,,,,15_months,,,,,,,,
Eurobodalla,2,EURO-2,,Serrated Blueberry Ash,,individual,Serrated Blueberry Ash,Lomatia illicifolia,,227,,4.9,n,,sprout,n,4,,,,,,,,,,,,15_months,,,,,,,,
Eurobodalla,2,EURO-2,,Serrated Blueberry Ash,,individual,Serrated Blueberry Ash,Lomatia illicifolia,,237,,4.1,n,,sprout,n,5,,,,,,,,,,,,15_months,,,,,,,,
Eurobodalla,2,EURO-2,,Tough Leaf,,individual,Tough Leaf,Hibbertia empetrifolia,,245,1,2,n,,sprout,n,1,,,,,,,,,,,,15_months,,,,,,,,
Eurobodalla,2,EURO-2,,Tough Leaf,,individual,Tough Leaf,Hibbertia empetrifolia,,184,,1,y,,sprout,n,2,,,,,,,,,,,,15_months,,,,,,,,
Eurobodalla,2,EURO-2,,Tough Leaf,,individual,Tough Leaf,Hibbertia empetrifolia,,292,1.3,1.8,y,,sprout,n,3,,,,,,,,,,,,15_months,,,,,,,,
Eurobodalla,2,EURO-2,,Tough Leaf,,individual,Tough Leaf,Hibbertia empetrifolia,,539,1,1.5,n,,sprout,n,4,,,,,,,,,,,,15_months,,,,,,,,
Eurobodalla,2,EURO-2,,Tough Leaf,,individual,Tough Leaf,Hibbertia empetrifolia,,264,1.5,1.5,n,,sprout,n,5,,,,,,,,,,,,15_months,,,,,,,,
Eurobodalla,2,EURO-2,,Tough Leaf,,individual,Tough Leaf,Hibbertia empetrifolia,,371,1,1.1,n,,sprout,n,6,,,,,,,,,,,,15_months,,,,,,,,
Eurobodalla,2,EURO-2,EURO-2-WSWL-1,WSWL,1,individual,WSWL,Platysace lanceolata,,353,2.1,5.1,n,,seed,n,1,0.034,,,392.7024589,0.208,5.29663095521809e-4,7.3,,,,,15_months,1,5,FALSE,3.3129999999999997,,,,
Eurobodalla,2,EURO-2,EURO-2-WSWL-2,WSWL,2,individual,WSWL,Platysace lanceolata,,245,1.5,2.5,n,,seed,y,2,0.055,,,351.6731607,0.139,3.9525336458239425e-4,2.82,,,,,15_months,1,5,FALSE,5.448,,,,
Eurobodalla,2,EURO-2,EURO-2-WSWL,WSWL,,pooled_nitrogen_sample,,Platysace lanceolata,,,,,,,,,,,,,,,,,,,,,15_months,,,,,72,Mixed,Fresh,1.22
Eurobodalla,2,EURO-2,,Whorled Longitudinal Veins,,individual,Whorled Longitudinal Veins,Leucopogon affinis,,345,2.4,2.5,n,,sprout,n,1,,,,,,,,,,,,15_months,,,,,,,,
Eurobodalla,2,EURO-2,,Whorled Longitudinal Veins,,individual,Whorled Longitudinal Veins,Leucopogon affinis,,506,2.2,3.9,n,,sprout,n,2,,,,,,,,,,,,15_months,,,,,,,,
Eurobodalla,3,EURO-3,EURO-3-BASG-1,BASG,1,individual,BASG,Acacia mearnsii,,714,1.5,3.8,n,,seed,y,1,0.111,0.124,1.45,535.7011155,0.193,3.6027552382425455e-4,2.59,,,,,15_months,3,3,TRUE,52.708,,,,
Eurobodalla,3,EURO-3,EURO-3-BASG-2,BASG,2,individual,BASG,Acacia mearnsii,,665,1.5,3.5,n,,seed,y,3,0.087,0.084,0.085,551.3114451,0.21,3.8090992281487825e-4,1.82,,,,,15_months,3,3,TRUE,43.886,,,,
Eurobodalla,3,EURO-3,EURO-3-BASG-3,BASG,3,individual,BASG,Acacia mearnsii,,579,1.2,2.9,n,,seed,y,4,0.055,0.154,0.173,178.3939055,0.062,3.475455051349835e-4,0.69,,,,,15_months,3,3,TRUE,71.94,,,,
Eurobodalla,3,EURO-3,,BASG,,individual,BASG,Acacia mearnsii,,345,1.2,2,n,,seed,n,2,,,,,,,,,,,,15_months,,,,,,,,
Eurobodalla,3,EURO-3,,BASG,,individual,BASG,Acacia mearnsii,,587,1.4,2.9,n,,seed,n,5,,,,,,,,,,,,15_months,,,,,,,,
Eurobodalla,3,EURO-3,,BASG,,individual,BASG,Acacia mearnsii,,551,1,1.6,n,,seed,n,6,,,,,,,,,,,,15_months,,,,,,,,
Eurobodalla,3,EURO-3,,BASG,,individual,BASG,Acacia mearnsii,,731,2.8,4.3,n,,seed,n,6,,,,,,,,,,,,15_months,,,,,,,,
Eurobodalla,3,EURO-3,EURO-3-BASG,BASG,,pooled_nitrogen_sample,,Acacia mearnsii,,,,,,,,,,,,,,,,,,,,,15_months,,,,,82,Pure,Fresh,4.09
Eurobodalla,3,EURO-3,EURO-3-DSP-1,DSP,1,individual,DSP,Opercularia aspera,,587,1.1,2,n,,seed,y,1,0.046,,,371.2170871,0.01,2.693841514172045e-5,8.15,,,,Slightly mouldy,15_months,1,5,FALSE,10.213,,,,
Eurobodalla,3,EURO-3,EURO-3-DSP-2,DSP,2,individual,DSP,Opercularia aspera,,456,0.9,2,n,,seed,y,2,0.04,,,313.6358847,0.083,2.646380852732825e-4,1.73,,,,,15_months,1,5,FALSE,8.782,,,,
Eurobodalla,3,EURO-3,EURO-3-DSP-3,DSP,3,individual,DSP,Opercularia aspera,,622,0.4,1.9,n,,seed,y,3,0.04,,,357.3179045,0.089,2.4907791879205985e-4,4.25,,,,,15_months,1,5,FALSE,7.867,,,,
Eurobodalla,3,EURO-3,,DSP,,individual,DSP,Opercularia aspera,,558,1.2,1.2,n,,seed,n,4,,,,,,,,,,,,15_months,,,,,,,,
Eurobodalla,3,EURO-3,,DSP,,individual,DSP,Opercularia aspera,,596,1.3,1.5,n,,seed,n,5,,,,,,,,,,,,15_months,,,,,,,,
Eurobodalla,3,EURO-3,EURO-3-DSP,DSP,,pooled_nitrogen_sample,,Opercularia aspera,,,,,,,,,,,,,,,,,,,,,15_months,,,,,80,Mixed,Slightly mouldy,2.05
Eurobodalla,3,EURO-3,EURO-3-EAML-1,EAML,1,individual,EAML,Acacia terminalis,,1346,3.1,7.3,n,,seed,y,1,1.037,0.987,1.354,3313.785276,1.177,3.551829409480423e-4,18.39,,,,,15_months,3,3,TRUE,,,,,
Eurobodalla,3,EURO-3,EURO-3-EAML-2,EAML,2,individual,EAML,Acacia terminalis,,1491,2,9,n,,seed,y,2,0.623,0.893,0.762,3441.459208,1.393,4.04770161669166e-4,36.57,,,,Mouldy,15_months,3,3,TRUE,204.663,,,,
Eurobodalla,3,EURO-3,EURO-3-EAML-3,EAML,3,individual,EAML,Acacia terminalis,,1409,2,7.5,n,,seed,y,3,0.705,0.762,0.733,1898.125683,0.824,4.3411245492324963e-4,18.8,,,,,15_months,3,3,TRUE,201.303,,,,
Eurobodalla,3,EURO-3,,EAML,,individual,EAML,Acacia terminalis,,1305,1.4,5.4,n,,seed,n,4,,,,,,,,,,,,15_months,,,,,,,,
Eurobodalla,3,EURO-3,,EAML,,individual,EAML,Acacia terminalis,,1336,3.1,9,n,,seed,n,5,,,,,,,,,,,,15_months,,,,,,,,
Eurobodalla,3,EURO-3,,EAML,,individual,EAML,Acacia terminalis,,1175,2.3,6.1,n,,seed,n,6,,,,,,,,,,,,15_months,,,,,,,,
Eurobodalla,3,EURO-3,EURO-3-EAML,EAML,,pooled_nitrogen_sample,,Acacia terminalis,,,,,,,,,,,,,,,,,,,,,15_months,,,,,50,Pure,Fresh,2.04
Eurobodalla,3,EURO-3,,Green Euro Eucalyptus,,individual,Green Euro Eucalyptus,Green Euro Eucalyptus,,789,1,7,n,,sprout,n,1,,,,,,,,,,,,15_months,,,,,,,,
Eurobodalla,3,EURO-3,,Green Euro Eucalyptus,,individual,Green Euro Eucalyptus,Green Euro Eucalyptus,,966,2,7.7,n,,sprout,n,2,,,,,,,,,,,,15_months,,,,,,,,
Eurobodalla,3,EURO-3,,Green Euro Eucalyptus,,individual,Green Euro Eucalyptus,Green Euro Eucalyptus,,996,2.2,10.5,n,,sprout,n,3,,,,,,,,,,,,15_months,,,,,,,,
Eurobodalla,3,EURO-3,,Green Euro Eucalyptus,,individual,Green Euro Eucalyptus,Green Euro Eucalyptus,,665,2,6.5,n,,sprout,n,4,,,,,,,,,,,,15_months,,,,,,,,
Eurobodalla,3,EURO-3,,Green Euro Eucalyptus,,individual,Green Euro Eucalyptus,Green Euro Eucalyptus,,947,2.1,8.5,n,,sprout,n,5,,,,,,,,,,,,15_months,,,,,,,,
Eurobodalla,3,EURO-3,EURO-3-ME-1,ME,1,individual,ME,ME,,421,1.1,3,n,,seed,y,1,0.78,,,415.6257268,0.179,4.306759386098714e-4,2.88,,,,,15_months,1,5,FALSE,107.993,,,,
Eurobodalla,3,EURO-3,EURO-3-ME-2,ME,2,individual,ME,ME,,377,1.9,3,n,,seed,y,2,0.476,,,346.4736918,0.172,4.964301881231607e-4,1.18,,,,,15_months,1,5,FALSE,69.588,,,,
Eurobodalla,3,EURO-3,EURO-3-ME-3,ME,3,individual,ME,ME,,321,1.5,2.1,n,,seed,y,3,0.381,,,253.8224652,0.11,4.33373775301273e-4,0.59,,,,,15_months,1,5,FALSE,73.845,,,,
Eurobodalla,3,EURO-3,,ME,,individual,ME,ME,,579,1.9,3,n,,seed,n,4,,,,,,,,,,,,15_months,,,,,,,,
Eurobodalla,3,EURO-3,,ME,,individual,ME,ME,,514,1.1,3,n,,seed,n,5,,,,,,,,,,,,15_months,,,,,,,,
Eurobodalla,3,EURO-3,EURO-3-ME,ME,,pooled_nitrogen_sample,,ME,,,,,,,,,,,,,,,,,,,,,15_months,,,,,78,Mixed,Fresh,1.7
Eurobodalla,3,EURO-3,EURO-3-MSFL-1,MSFL,1,individual,MSFL,Gonocarpus humilis,,442,1,2.7,n,,seed,y,1,0.035,,,188.1337852,0.087,4.624368765424701e-4,4.25,,,,,15_months,1,5,FALSE,4.058,,,,
Eurobodalla,3,EURO-3,EURO-3-MSFL-2,MSFL,2,individual,MSFL,Gonocarpus humilis,,465,1.4,2.2,n,,seed,y,2,0.044,,,216.34227,0.103,4.7609743579005615e-4,2.17,,,,Mouldy,15_months,1,5,FALSE,5.338,,,,
Eurobodalla,3,EURO-3,EURO-3-MSFL-3,MSFL,3,individual,MSFL,Gonocarpus humilis,,484,1.7,2.3,n,,seed,y,3,0.06,,,334.9040481,0.17,5.076080774910167e-4,1.26,,,,,15_months,1,5,FALSE,6.195,,,,
Eurobodalla,3,EURO-3,,MSFL,,individual,MSFL,Gonocarpus humilis,,645,1.3,2.3,n,,seed,n,4,,,,,,,,,,,,15_months,,,,,,,,
Eurobodalla,3,EURO-3,,MSFL,,individual,MSFL,Gonocarpus humilis,,541,1.4,2,n,,seed,n,5,,,,,,,,,,,,15_months,,,,,,,,
Eurobodalla,3,EURO-3,,MSFL,,individual,MSFL,Gonocarpus humilis,,550,0.9,1.9,n,,seed,n,6,,,,,,,,,,,,15_months,,,,,,,,
Eurobodalla,3,EURO-3,EURO-3-MSFL,MSFL,,pooled_nitrogen_sample,,Gonocarpus humilis,,,,,,,,,,,,,,,,,,,,,15_months,,,,,85,Mixed,Mouldy,1.05
Eurobodalla,3,EURO-3,,Maybe Banksia,,individual,Maybe Banksia,Persoonia linearis,,612,2,3.4,n,,sprout,n,1,,,,,,,,,,,,15_months,,,,,,,,
Eurobodalla,3,EURO-3,,Maybe Banksia,,individual,Maybe Banksia,Persoonia linearis,,493,2,3.9,n,,sprout,n,2,,,,,,,,,,,,15_months,,,,,,,,
Eurobodalla,3,EURO-3,EURO-3-OLOB-1,OLOB,1,individual,OLOB,Pimelea linifolia,,379,1,1.9,n,,seed,y,1,0.014,,,224.1782573,0.075,3.345551923870718e-4,0.28,,,,,15_months,1,5,FALSE,4.064,,,,
Eurobodalla,3,EURO-3,EURO-3-OLOB-2,OLOB,2,individual,OLOB,Pimelea linifolia,,632,1.4,3,n,,seed,y,2,0.02,,,242.9334694,0.081,3.3342462115267516e-4,0.83,,,,,15_months,1,5,FALSE,4.832,,,,
Eurobodalla,3,EURO-3,EURO-3-OLOB-3,OLOB,3,individual,OLOB,Pimelea linifolia,,522,2,2.1,y,,seed,y,3,0.019,,,279.3824826,0.11,3.9372547260770887e-4,0.59,,,,,15_months,1,5,FALSE,4.653,,,,
Eurobodalla,3,EURO-3,,OLOB,,individual,OLOB,Pimelea linifolia,,349,1,2,n,,seed,n,4,,,,,,,,,,,,15_months,,,,,,,,
Eurobodalla,3,EURO-3,,OLOB,,individual,OLOB,Pimelea linifolia,,378,1.2,2,n,,seed,n,5,,,,,,,,,,,,15_months,,,,,,,,
Eurobodalla,3,EURO-3,EURO-3-PSWL-1,PSWL,1,individual,PSWL,PSWL,,639,1,4.9,n,,seed,y,1,0.033,,,658.8095724,0.274,4.159016679157166e-4,7.91,,,,,15_months,1,5,FALSE,3.369,,,,
Eurobodalla,3,EURO-3,EURO-3-PSWL-2,PSWL,2,individual,PSWL,PSWL,,419,1.4,3.1,n,,seed,y,2,0.041,,,367.6972402,0.224,6.091968486849688e-4,1.88,,,,,15_months,1,5,FALSE,,,,,
Eurobodalla,3,EURO-3,EURO-3-PSWL-3,PSWL,3,individual,PSWL,PSWL,,305,2.1,2.9,n,,seed,y,3,0.028,,,243.9698023,0.177,7.254996246721966e-4,1.89,,,,,15_months,1,5,FALSE,,,,,
Eurobodalla,3,EURO-3,,PSWL,,individual,PSWL,PSWL,,474,1.1,2.8,n,,seed,n,4,,,,,,,,,,,,15_months,,,,,,,,
Eurobodalla,3,EURO-3,,PSWL,,individual,PSWL,PSWL,,354,0.7,2.1,n,,seed,n,5,,,,,,,,,,,,15_months,,,,,,,,
Eurobodalla,3,EURO-3,,PSWL,,individual,PSWL,PSWL,,409,1.5,3,n,,seed,n,6,,,,,,,,,,,,15_months,,,,,,,,
Eurobodalla,3,EURO-3,EURO-3-PSWL,PSWL,,pooled_nitrogen_sample,,PSWL,,,,,,,,,,,,,,,,,,,,,15_months,,,,,83,Mixed,Slightly mouldy,1.24
Eurobodalla,3,EURO-3,,Thick Leaved Banksia,,individual,Thick Leaved Banksia,Banksia spinulosa,,814,2,7.5,n,,sprout,n,1,,,,,,,,,,,,15_months,,,,,,,,
Eurobodalla,3,EURO-3,,Thick Leaved Banksia,,individual,Thick Leaved Banksia,Banksia spinulosa,,747,2,8.2,n,,sprout,n,2,,,,,,,,,,,,15_months,,,,,,,,
Eurobodalla,3,EURO-3,,Tough Leaf,,individual,Tough Leaf,Hibbertia empetrifolia,,284,0.9,1,n,,sprout,n,1,,,,,,,,,,,,15_months,,,,,,,,
Eurobodalla,3,EURO-3,,Tough Leaf,,individual,Tough Leaf,Hibbertia empetrifolia,,315,1,1.5,n,,sprout,n,2,,,,,,,,,,,,15_months,,,,,,,,
Eurobodalla,3,EURO-3,,Tough Leaf,,individual,Tough Leaf,Hibbertia empetrifolia,,366,1,1,n,,sprout,n,3,,,,,,,,,,,,15_months,,,,,,,,
Eurobodalla,3,EURO-3,,Tough Leaf,,individual,Tough Leaf,Hibbertia empetrifolia,,310,0.3,1.5,n,,sprout,n,4,,,,,,,,,,,,15_months,,,,,,,,
Eurobodalla,3,EURO-3,,Tough Leaf,,individual,Tough Leaf,Hibbertia empetrifolia,,361,0.9,1.3,n,,sprout,n,5,,,,,,,,,,,,15_months,,,,,,,,
Eurobodalla,3,EURO-3,EURO-3-WWL-1,WWL,1,individual,WWL,Pultenaea linophylla,,371,2,3.1,n,buds,seed,y,1,0.002,,,272.691115,0.175,6.417517490439685e-4,1.8,,,,,15_months,1,5,FALSE,0.28900000000000003,,,,
Eurobodalla,3,EURO-3,EURO-3-WWL-2,WWL,2,individual,WWL,Pultenaea linophylla,,462,1,2,n,buds,seed,y,2,0.006,,,198.9729889,0.101,5.076065880015537e-4,1.33,,,,,15_months,1,5,FALSE,0.799,,,,
Eurobodalla,3,EURO-3,EURO-3-WWL,WWL,,pooled_nitrogen_sample,,Pultenaea linophylla,,,,,,,,,,,,,,,,,,,,,15_months,,,,,81,Biomass,Fresh,2.02
Eurobodalla,3,EURO-3,,Whorled Longitudinal Veins,,individual,Whorled Longitudinal Veins,Leucopogon affinis,,292,1.1,2.5,n,,sprout,n,1,,,,,,,,,,,,15_months,,,,,,,,
Eurobodalla,3,EURO-3,,Whorled Longitudinal Veins,,individual,Whorled Longitudinal Veins,Leucopogon affinis,,495,1.4,3.9,n,,sprout,n,2,,,,,,,,,,,,15_months,,,,,,,,
Eurobodalla,3,EURO-3,,Whorled Longitudinal Veins,,individual,Whorled Longitudinal Veins,Leucopogon affinis,,521,2,3.8,n,,sprout,n,3,,,,,,,,,,,,15_months,,,,,,,,
Eurobodalla,3,EURO-3,,Woody Stem Whorled Leaves,,individual,Woody Stem Whorled Leaves,Platysace lanceolata,,561,2,5.2,n,,sprout,n,1,,,,,,,,,,,,15_months,,,,,,,,
Eurobodalla,3,EURO-3,,Woody Stem Whorled Leaves,,individual,Woody Stem Whorled Leaves,Platysace lanceolata,,647,1,3,n,,sprout,n,2,,,,,,,,,,,,15_months,,,,,,,,
Eurobodalla,3,EURO-3,,Woody Stem Whorled Leaves,,individual,Woody Stem Whorled Leaves,Platysace lanceolata,,351,1.5,2.5,n,,sprout,n,3,,,,,,,,,,,,15_months,,,,,,,,
Eurobodalla,3,EURO-3,,Woody Stem Whorled Leaves,,individual,Woody Stem Whorled Leaves,Platysace lanceolata,,606,1.3,3.9,n,,sprout,n,4,,,,,,,,,,,,15_months,,,,,,,,
Eurobodalla,3,EURO-3,,Woody Stem Whorled Leaves,,individual,Woody Stem Whorled Leaves,Platysace lanceolata,,592,1,3.6,n,,sprout,n,5,,,,,,,,,,,,15_months,,,,,,,,
Meroo,1,MER-1,MER-1-AAML-1,AAML,1,individual,AAML,Acacia terminalis,,472,2,5.3,n,,seed,y,1,0.911,0.729,0.515,584.0155119,0.347,5.94162300366118e-4,9.09,,,,,15_months,3,3,TRUE,140.102,,,,
Meroo,1,MER-1,MER-1-AAML-2,AAML,2,individual,AAML,Acacia terminalis,,1041,2.4,7.2,n,,seed,y,2,1.094,1.068,1.005,2521.249213,1.033,4.0971752997429685e-4,24.92,,,,,15_months,3,3,TRUE,249.708,,,,
Meroo,1,MER-1,MER-1-AAML-3,AAML,3,individual,AAML,Acacia terminalis,,709,2.4,8,n,,seed,y,3,0.79,0.605,0.715,1108.372186,0.447,4.032941331856915e-4,24.41,,,,,15_months,3,3,TRUE,167.678,,,,
Meroo,1,MER-1,,AAML,,individual,AAML,Acacia terminalis,,887,2.5,7.1,n,,seed,n,4,,,,,,,,,,,,15_months,,,,,,,,
Meroo,1,MER-1,,AAML,,individual,AAML,Acacia terminalis,,877,2.6,6.3,n,,seed,n,5,,,,,,,,,,,,15_months,,,,,,,,
Meroo,1,MER-1,,AAML,,individual,AAML,Acacia terminalis,,1315,2.6,10.2,n,,seed,n,6,,,,,,,,,,,,15_months,,,,,,,,
Meroo,1,MER-1,MER-1-AAML,AAML,,pooled_nitrogen_sample,,Acacia terminalis,,,,,,,,,,,,,,,,,,,,,15_months,,,,,92,Pure,Fresh,1.69
Meroo,1,MER-1,MER-1-AE-1,AE,1,individual,AE,AE,,306,1.2,2,n,,seed,y,1,0.651,,,133.7552707,0.087,6.504416576983533e-4,0.94,,,,,15_months,1,5,FALSE,83.332,,,,
Meroo,1,MER-1,MER-1-AE-2,AE,2,individual,AE,AE,,527,2.5,4.5,n,,seed,y,2,1.265,,,700.5675238,0.38,5.424173788970604e-4,6.77,,,,,15_months,1,5,FALSE,126.792,,,,
Meroo,1,MER-1,MER-1-AE-3,AE,3,individual,AE,AE,,361,2,3.5,n,,seed,y,3,0.984,,,355.3989958,0.192,5.402378798730416e-4,2.02,,,,,15_months,1,5,FALSE,86.71,,,,
Meroo,1,MER-1,,AE,,individual,AE,AE,,378,3.1,5,n,,seed,n,4,,,,,,,,,,,,15_months,,,,,,,,
Meroo,1,MER-1,MER-1-AE,AE,,pooled_nitrogen_sample,,AE,,,,,,,,,,,,,,,,,,,,,15_months,,,,,93,Pure,Fresh,1.16
Meroo,1,MER-1,MER-1-DP-1,DP,1,individual,DP,Lomandra obliqua,,173,,1.9,n,,seed,y,1,0.012,,,168.6587927,0.104,6.166295770004051e-4,4.39,,,,,15_months,1,5,FALSE,0.963,,,,
Meroo,1,MER-1,MER-1-DP-2,DP,2,individual,DP,Lomandra obliqua,,196,,1.5,n,,seed,y,2,0.012,,,141.728598,0.06,4.233443415562468e-4,1.89,,,,,15_months,1,5,FALSE,0.6880000000000001,,,,
Meroo,1,MER-1,MER-1-DP-3,DP,3,individual,DP,Lomandra obliqua,,175,,2.2,n,,seed,y,3,0.01,,,86.40936849,0.038,4.397671301624854e-4,0.9,,,,,15_months,1,5,FALSE,0.7,,,,
Meroo,1,MER-1,MER-1-DP,DP,,pooled_nitrogen_sample,,Lomandra obliqua,,,,,,,,,,,,,,,,,,,,,15_months,,,,,100,Mixed,Fresh,1.74
Meroo,1,MER-1,MER-1-MASV-1,MASV,1,individual,MASV,Hakea dactyloides,,591,1.5,6.5,n,,seed,y,1,0.798,,,1752.668536,0.804,4.5872906569939135e-4,22.4,,,,,15_months,1,5,FALSE,61.897,,,,
Meroo,1,MER-1,MER-1-MASV,MASV,,pooled_nitrogen_sample,,Hakea dactyloides,,,,,,,,,,,,,,,,,,,,,15_months,,,,,94,Biomass,Fresh,2.41
Meroo,1,MER-1,MER-1-MSWNL-1,MSWNL,1,individual,MSWNL,Acacia brownii,,634,1.9,3.5,y,,seed,y,1,0.005,,,417.7363185,0.21,5.027094621651864e-4,3.19,,,,,15_months,1,5,FALSE,0.393,,,,
Meroo,1,MER-1,MER-1-MSWNL-2,MSWNL,2,individual,MSWNL,Acacia brownii,,401,1.7,3.1,y,,seed,y,2,0.006,,,299.4868583,0.17,5.676375950683911e-4,1.21,,,,,15_months,1,5,FALSE,0.34199999999999997,,,,
Meroo,1,MER-1,MER-1-MSWNL-3,MSWNL,3,individual,MSWNL,Acacia brownii,,315,2,3.1,y,,seed,y,3,0.006,,,380.0217081,0.209,5.499685821763716e-4,1.66,,,,,15_months,1,5,FALSE,0.33,,,,
Meroo,1,MER-1,,MSWNL,,individual,MSWNL,Acacia brownii,,423,3.9,4,y,,seed,n,4,,,,,,,,,,,,15_months,,,,,,,,
Meroo,1,MER-1,MER-1-MSWNL,MSWNL,,pooled_nitrogen_sample,,Acacia brownii,,,,,,,,,,,,,,,,,,,,,15_months,,,,,101,Mixed,Fresh,2.18
Meroo,1,MER-1,,Make Fake Secret Spike,,individual,Make Fake Secret Spike,Leucopogon gelidus,,588,2.1,6.9,n,buds,sprout,n,1,,,,,,,,,,,,15_months,,,,,,,,
Meroo,1,MER-1,,Maybe Fake Mountain Devil (Banksia),,individual,Maybe Fake Mountain Devil (Banksia),Banksia spinulosa,,981,2,9,n,,sprout,n,1,,,,,,,,,,,,15_months,,,,,,,,
Meroo,1,MER-1,,Maybe Fake Mountain Devil (Banksia),,individual,Maybe Fake Mountain Devil (Banksia),Banksia spinulosa,,1314,5.6,12.2,y,,sprout,n,2,,,,,,,,,,,,15_months,,,,,,,,
Meroo,1,MER-1,,Maybe Fake Mountain Devil (Banksia),,individual,Maybe Fake Mountain Devil (Banksia),Banksia spinulosa,,1394,4.4,11.9,y,,sprout,n,3,,,,,,,,,,,,15_months,,,,,,,,
Meroo,1,MER-1,,Maybe Fake Mountain Devil (Banksia),,individual,Maybe Fake Mountain Devil (Banksia),Banksia spinulosa,,953,2.5,8.4,n,,sprout,n,4,,,,,,,,,,,,15_months,,,,,,,,
Meroo,1,MER-1,,Maybe Fake Mountain Devil (Banksia),,individual,Maybe Fake Mountain Devil (Banksia),Banksia spinulosa,,1176,4.1,10,n,,sprout,n,5,,,,,,,,,,,,15_months,,,,,,,,
Meroo,1,MER-1,MER-1-OLOB-1,OLOB,1,individual,OLOB,Pimelea linifolia,,596,3,7,y,,seed,y,1,0.031,,,963.9462185,0.394,4.0873649632974834e-4,5.85,,,,,15_months,1,5,FALSE,4.648,,,,
Meroo,1,MER-1,MER-1-OLOB-2,OLOB,2,individual,OLOB,Pimelea linifolia,,936,1,7.2,y,,seed,y,2,0.019,,,1953.668415,0.601,3.07626409571657e-4,5.84,,,,,15_months,1,5,FALSE,5.669,,,,
Meroo,1,MER-1,MER-1-OLOB-3,OLOB,3,individual,OLOB,Pimelea linifolia,,465,2,3.7,y,,seed,y,3,0.029,,,704.7932364,0.24,3.405254017843466e-4,1.41,,,,,15_months,1,5,FALSE,6.611,,,,
Meroo,1,MER-1,,OLOB,,individual,OLOB,Pimelea linifolia,,485,1.3,3,y,,seed,n,4,,,,,,,,,,,,15_months,,,,,,,,
Meroo,1,MER-1,,OLOB,,individual,OLOB,Pimelea linifolia,,408,2.5,3.6,y,,seed,n,5,,,,,,,,,,,,15_months,,,,,,,,
Meroo,1,MER-1,MER-1-OLOB,OLOB,,pooled_nitrogen_sample,,Pimelea linifolia,,,,,,,,,,,,,,,,,,,,,15_months,,,,,97,Mixed,Very mouldy,1.88
Meroo,1,MER-1,MER-1-SWL-1,SWL,1,individual,SWL,SWL-unidentified,,182,,1.5,n,,seed,y,1,0.037,,,66.71717415,0.043,6.445117100332102e-4,0.21,,,,,15_months,1,5,FALSE,4.007,,,,
Meroo,1,MER-1,MER-1-SWL-2,SWL,2,individual,SWL,SWL-unidentified,,338,1.3,2.3,n,,seed,y,2,0.045,,,116.1279252,0.072,6.200059105163449e-4,0.79,,,,,15_months,1,5,FALSE,4.8870000000000005,,,,
Meroo,1,MER-1,MER-1-SWL-3,SWL,3,individual,SWL,SWL-unidentified,,432,2.1,2.2,n,,seed,y,3,,,,206.6693237,0.106,5.128966316929986e-4,1.82,,,,,15_months,1,4,FALSE,5.293,,,,
Meroo,1,MER-1,,SWL,,individual,SWL,SWL-unidentified,,180,,1.5,n,,seed,n,4,,,,,,,,,,,,15_months,,,,,,,,
Meroo,1,MER-1,,SWL,,individual,SWL,SWL-unidentified,,691,1.7,4.9,n,,seed,n,5,,,,,,,,,,,,15_months,,,,,,,,
Meroo,1,MER-1,MER-1-SWL,SWL,,pooled_nitrogen_sample,,SWL-unidentified,,,,,,,,,,,,,,,,,,,,,15_months,,,,,95,Mixed,Fresh,1.14
Meroo,1,MER-1,MER-1-TPL-1,TPL,1,individual,TPL,Xanthosia tridentata,,356,0.9,2.1,n,,seed,y,1,0.014,,,52.93159506,0.032,6.045538579316714e-4,1.16,,,,,15_months,1,5,FALSE,3.016,,,,
Meroo,1,MER-1,MER-1-TPL-2,TPL,2,individual,TPL,Xanthosia tridentata,,347,1,2.5,n,,seed,y,2,0.014,,,57.5374426,0.033,5.735395684757112e-4,0.56,,,,,15_months,1,5,FALSE,3.466,,,,
Meroo,1,MER-1,MER-1-TPL-3,TPL,3,individual,TPL,Xanthosia tridentata,,288,0.5,1.1,n,,seed,y,3,0.017,,,45.50400609,0.027,5.933543509685303e-4,0.07,,,,,15_months,1,5,FALSE,4.277,,,,
Meroo,1,MER-1,,TPL,,individual,TPL,Xanthosia tridentata,,258,1.3,2.2,n,,seed,n,4,,,,,,,,,,,,15_months,,,,,,,,
Meroo,1,MER-1,,TPL,,individual,TPL,Xanthosia tridentata,,156,,1.1,n,,seed,n,5,,,,,,,,,,,,15_months,,,,,,,,
Meroo,1,MER-1,MER-1-TPL,TPL,,pooled_nitrogen_sample,,Xanthosia tridentata,,,,,,,,,,,,,,,,,,,,,15_months,,,,,91,Mixed,Fresh,1.79
Meroo,1,MER-1,,Three Leaves Opposite Branches (Mountain Devil?),,individual,Three Leaves Opposite Branches (Mountain Devil?),Lambertia formosa,,1853,2.2,16.1,n,,sprout,n,1,,,,,,,,,,,,15_months,,,,,,,,
Meroo,1,MER-1,,Three Leaves Opposite Branches (Mountain Devil?),,individual,Three Leaves Opposite Branches (Mountain Devil?),Lambertia formosa,,1631,2,10.2,n,,sprout,n,2,,,,,,,,,,,,15_months,,,,,,,,
Meroo,1,MER-1,,Three Leaves Opposite Branches (Mountain Devil?),,individual,Three Leaves Opposite Branches (Mountain Devil?),Lambertia formosa,,1527,2,15,y,,sprout,n,3,,,,,,,,,,,,15_months,,,,,,,,
Meroo,1,MER-1,,Three Leaves Opposite Branches (Mountain Devil?),,individual,Three Leaves Opposite Branches (Mountain Devil?),Lambertia formosa,,1696,3,11,y,,sprout,n,4,,,,,,,,,,,,15_months,,,,,,,,
Meroo,1,MER-1,,Three Leaves Opposite Branches (Mountain Devil?),,individual,Three Leaves Opposite Branches (Mountain Devil?),Lambertia formosa,,1693,2.5,12.5,n,,sprout,n,5,,,,,,,,,,,,15_months,,,,,,,,
Meroo,1,MER-1,MER-1-WLW-1,WLW,1,individual,WLW,Acacia suaveolens,,1736,1.4,10,n,buds,seed,y,1,0.592,,,5225.521016,2.1,4.018738023577016e-4,33.35,,,,,15_months,1,5,FALSE,40.864,,,,
Meroo,1,MER-1,MER-1-WLW-2,WLW,2,individual,WWL,Acacia suaveolens,,2237,3.5,12.4,n,buds,seed,y,2,0.647,,,5423.926638,2.371,4.3713718091037353e-4,68.62,,,,,15_months,1,5,FALSE,42.191,,,,
Meroo,1,MER-1,MER-1-WLW-3,WLW,3,individual,WWL,Acacia suaveolens,,2189,2,9.9,n,,seed,y,3,0.395,,,3463.739527,1.498,4.324805570173579e-4,31.79,,,,,15_months,1,5,FALSE,32.053,,,,
Meroo,1,MER-1,,WLW,,individual,WLW,Acacia suaveolens,,2279,2.3,12.6,n,,seed,n,4,,,,,,,,,,,,15_months,,,,,,,,
Meroo,1,MER-1,,WLW,,individual,WLW,Acacia suaveolens,,2335,2.5,15,n,,seed,n,5,,,,,,,,,,,,15_months,,,,,,,,
Meroo,1,MER-1,MER-1-WLW,WLW,,pooled_nitrogen_sample,,Acacia suaveolens,,,,,,,,,,,,,,,,,,,,,15_months,,,,,96,Pure,Fresh,2.33
Meroo,2,MER-2,MER-2-DP-1,DP,1,individual,DP,Lomandra obliqua,,93,,1.1,n,,seed,y,1,0.012,,,84.16621243,0.047,5.584188552988447e-4,0.15,,,,,15_months,1,5,FALSE,0.515,,,,
Meroo,2,MER-2,MER-2-DP-2,DP,2,individual,DP,Lomandra obliqua,,233,2,2,n,,seed,y,2,0.022,,,182.6377477,0.104,5.694332158039419e-4,1.42,,,,,15_months,1,5,FALSE,0.639,,,,
Meroo,2,MER-2,MER-2-DP-3,DP,3,individual,DP,Lomandra obliqua,,141,,1.5,n,,seed,y,3,0.011,,,163.9302856,0.089,5.429137128276924e-4,1.95,,,,,15_months,1,5,FALSE,0.389,,,,
Meroo,2,MER-2,,DP,,individual,DP,Lomandra obliqua,,209,,2,n,,seed,n,4,,,,,,,,,,,,15_months,,,,,,,,
Meroo,2,MER-2,,DP,,individual,DP,Lomandra obliqua,,233,,1.1,n,,seed,n,5,,,,,,,,,,,,15_months,,,,,,,,
Meroo,2,MER-2,MER-2-DP,DP,,pooled_nitrogen_sample,,Lomandra obliqua,,,,,,,,,,,,,,,,,,,,,15_months,,,,,103,Mixed,Fresh,1.17
Meroo,2,MER-2,MER-2-FSLL-1,FSLL,1,individual,FSLL,Pultenaea retusa,,369,1,1.1,n,,seed,y,1,0.01,,,91.46732176,0.048,5.247775825988064e-4,0.26,,,,,15_months,1,5,FALSE,1.281,,,,
Meroo,2,MER-2,MER-2-FSLL-2,FSLL,2,individual,FSLL,Pultenaea retusa,,354,1.2,1.3,n,,seed,y,2,0.02,,,148.1618729,0.095,6.411905987724593e-4,0.45,,,,,15_months,1,5,FALSE,2.324,,,,
Meroo,2,MER-2,MER-2-FSLL-3,FSLL,3,individual,FSLL,Pultenaea retusa,,431,0.9,1.6,n,,seed,y,3,0.019,,,107.0469531,0.067,6.258935734248376e-4,0.83,,,,,15_months,1,5,FALSE,2.3,,,,
Meroo,2,MER-2,,FSLL,,individual,FSLL,Pultenaea retusa,,287,1.4,1.4,n,,seed,n,4,,,,,,,,,,,,15_months,,,,,,,,
Meroo,2,MER-2,,FSLL,,individual,FSLL,Pultenaea retusa,,411,1.3,2,n,,seed,n,5,,,,,,,,,,,,15_months,,,,,,,,
Meroo,2,MER-2,MER-2-FSLL,FSLL,,pooled_nitrogen_sample,,Pultenaea retusa,,,,,,,,,,,,,,,,,,,,,15_months,,,,,105,Mixed,Fresh,2.42
Meroo,2,MER-2,,Geebung,,individual,Geebung,Persoonia levis,,713,4.5,7,n,,sprout,n,1,,,,,,,,,,,,15_months,,,,,,,,
Meroo,2,MER-2,MER-2-LPL-1,LPL,1,individual,LPL,LPL-unidentified,,383,3.5,3.5,n,,seed,y,1,0.043,,,663.7222968,0.329,4.956892386864289e-4,3.74,,,,,15_months,1,5,FALSE,1.371,,,,
Meroo,2,MER-2,MER-2-LPL-2,LPL,2,individual,LPL,LPL-unidentified,,344,2,4.9,n,,seed,y,2,0.037,,,723.7417547,0.578,7.986274057651796e-4,8.88,,,,,15_months,1,5,FALSE,1.252,,,,
Meroo,2,MER-2,MER-2-LPL-3,LPL,3,individual,LPL,LPL-unidentified,,451,2.5,3,n,,seed,y,3,0.044,,,417.9105984,0.254,6.077854952050911e-4,3.52,,,,,15_months,1,5,FALSE,1.273,,,,
Meroo,2,MER-2,,LPL,,individual,LPL,LPL-unidentified,,376,2,2.1,n,,seed,n,4,,,,,,,,,,,,15_months,,,,,,,,
Meroo,2,MER-2,,LPL,,individual,LPL,LPL-unidentified,,511,2.1,2.7,n,,seed,n,5,,,,,,,,,,,,15_months,,,,,,,,
Meroo,2,MER-2,MER-2-LPL,LPL,,pooled_nitrogen_sample,,LPL-unidentified,,,,,,,,,,,,,,,,,,,,,15_months,,,,,98,Mixed,Fresh,1.87
Meroo,2,MER-2,MER-2-MSWNL-1,MSWNL,1,individual,MSWNL,Acacia brownii,,432,2,3.5,y,,seed,y,1,0.025,,,492.005768,0.221,4.491817258532628e-4,2.79,,,,,15_months,1,5,FALSE,0.307,,,,
Meroo,2,MER-2,MER-2-MSWNL-2,MSWNL,2,individual,MSWNL,Acacia brownii,,359,2.4,3.5,y,,seed,y,2,0.009,,,410.8812237,0.234,5.695076496628921e-4,2.68,,,,,15_months,1,5,FALSE,0.402,,,,
Meroo,2,MER-2,MER-2-MSWNL-3,MSWNL,3,individual,MSWNL,Acacia brownii,,378,2,2.3,y,,seed,y,3,0.007,,,444.7606716,0.227,5.103868540880222e-4,1.41,,,,,15_months,1,5,FALSE,0.367,,,,
Meroo,2,MER-2,,MSWNL,,individual,MSWNL,Acacia brownii,,342,2,2.7,n,,seed,n,4,,,,,,,,,,,,15_months,,,,,,,,
Meroo,2,MER-2,,MSWNL,,individual,MSWNL,Acacia brownii,,477,1.9,2,y,,seed,n,5,,,,,,,,,,,,15_months,,,,,,,,
Meroo,2,MER-2,MER-2-MSWNL,MSWNL,,pooled_nitrogen_sample,,Acacia brownii,,,,,,,,,,,,,,,,,,,,,15_months,,,,,109,Mixed,Fresh,2.64
Meroo,2,MER-2,,Maybe Acacia Straight Vein,,individual,Maybe Acacia Straight Vein,Maybe Acacia Straight Vein,,632,3,6,n,buds,sprout,n,1,,,,,,,,,,,,15_months,,,,,,,,
Meroo,2,MER-2,,Maybe Acacia Straight Vein,,individual,Maybe Acacia Straight Vein,Maybe Acacia Straight Vein,,602,2.4,4,n,buds,sprout,n,2,,,,,,,,,,,,15_months,,,,,,,,
Meroo,2,MER-2,,Maybe Acacia Straight Vein,,individual,Maybe Acacia Straight Vein,Maybe Acacia Straight Vein,,763,2.1,7,n,buds,sprout,n,3,,,,,,,,,,,,15_months,,,,,,,,
Meroo,2,MER-2,,Maybe Banksia Serrata,,individual,Maybe Banksia Serrata,Banksia serrata,,1209,3.8,7.9,n,,sprout,n,1,,,,,,,,,,,,15_months,,,,,,,,
Meroo,2,MER-2,,Maybe Banksia Serrata,,individual,Maybe Banksia Serrata,Banksia serrata,,954,3,7.4,n,,sprout,n,2,,,,,,,,,,,,15_months,,,,,,,,
Meroo,2,MER-2,,Maybe Banksia Serrata,,individual,Maybe Banksia Serrata,Banksia serrata,,832,2.8,8.9,n,,sprout,n,3,,,,,,,,,,,,15_months,,,,,,,,
Meroo,2,MER-2,,Maybe Banksia Serrata,,individual,Maybe Banksia Serrata,Banksia serrata,,452,3,5,n,,sprout,n,4,,,,,,,,,,,,15_months,,,,,,,,
Meroo,2,MER-2,,Maybe Banksia Serrata,,individual,Maybe Banksia Serrata,Banksia serrata,,589,5,5.9,n,,sprout,n,5,,,,,,,,,,,,15_months,,,,,,,,
Meroo,2,MER-2,,Maybe Fake Mountain Devil,,individual,Maybe Fake Mountain Devil,Banksia spinulosa,,771,4.5,7.5,n,,sprout,n,1,,,,,,,,,,,,15_months,,,,,,,,
Meroo,2,MER-2,,Maybe Fake Mountain Devil,,individual,Maybe Fake Mountain Devil,Banksia spinulosa,,689,5,5.6,n,,sprout,n,2,,,,,,,,,,,,15_months,,,,,,,,
Meroo,2,MER-2,,Maybe Fake Mountain Devil,,individual,Maybe Fake Mountain Devil,Banksia spinulosa,,1444,2.5,14,y,,sprout,n,3,,,,,,,,,,,,15_months,,,,,,,,
Meroo,2,MER-2,,Maybe Fake Mountain Devil,,individual,Maybe Fake Mountain Devil,Banksia spinulosa,,1431,3.6,11,n,,sprout,n,4,,,,,,,,,,,,15_months,,,,,,,,
Meroo,2,MER-2,,Maybe Fake Mountain Devil,,individual,Maybe Fake Mountain Devil,Banksia spinulosa,,1075,2.5,12.9,n,,sprout,n,5,,,,,,,,,,,,15_months,,,,,,,,
Meroo,2,MER-2,,Maybe Fake Secret Spike,,individual,Maybe Fake Secret Spike,Leucopogon gelidus,,996,1.2,11,n,,sprout,n,1,,,,,,,,,,,,15_months,,,,,,,,
Meroo,2,MER-2,,Maybe Fake Secret Spike,,individual,Maybe Fake Secret Spike,Leucopogon gelidus,,738,2,6.5,n,,sprout,n,2,,,,,,,,,,,,15_months,,,,,,,,
Meroo,2,MER-2,MER-2-OLOB-1,OLOB,1,individual,OLOB,Pimelea linifolia,,445,1,2.7,y,,seed,y,1,0.029,,,124.2464988,0.062,4.990080251661788e-4,1.16,,,,,15_months,1,5,FALSE,5.154,,,,
Meroo,2,MER-2,MER-2-OLOB-2,OLOB,2,individual,OLOB,Pimelea linifolia,,453,1.3,3.5,y,,seed,y,2,0.031,,,420.2783033,0.096,2.2842007128660643e-4,1.36,,,,,15_months,1,5,FALSE,4.697,,,,
Meroo,2,MER-2,MER-2-OLOB-3,OLOB,3,individual,OLOB,Pimelea linifolia,,424,1,2.9,n,,seed,y,3,0.014,,,74.55376358,0.036,0.00048287300695920143,0.63,,,,,15_months,1,5,FALSE,2.803,,,,
Meroo,2,MER-2,,OLOB,,individual,OLOB,Pimelea linifolia,,506,1.1,3.4,n,,seed,n,4,,,,,,,,,,,,15_months,,,,,,,,
Meroo,2,MER-2,MER-2-OLOB,OLOB,,pooled_nitrogen_sample,,Pimelea linifolia,,,,,,,,,,,,,,,,,,,,,15_months,,,,,108,Mixed,Fresh,1.58
Meroo,2,MER-2,MER-2-RLT-1,RLT,1,individual,RLT,Bossiaea obcordata,,495,1.4,3,n,,seed,y,1,0.022,,,196.4480974,0.123,6.261195787992396e-4,1.78,,,,,15_months,1,5,FALSE,2.756,,,,
Meroo,2,MER-2,MER-2-RLT-2,RLT,2,individual,RLT,Bossiaea obcordata,,830,1.1,3.2,n,,seed,y,2,0.014,,,507.1086605,0.291,5.738415110344974e-4,3.91,,,,,15_months,1,5,FALSE,1.739,,,,
Meroo,2,MER-2,MER-2-RLT-3,RLT,3,individual,RLT,Bossiaea obcordata,,332,1.9,2.7,n,,seed,y,3,0.015,,,284.026374,0.171,6.020567653340532e-4,1.34,,,,,15_months,1,5,FALSE,1.61,,,,
Meroo,2,MER-2,,RLT,,individual,RLT,Bossiaea obcordata,,339,1.5,2,n,,seed,n,4,,,,,,,,,,,,15_months,,,,,,,,
Meroo,2,MER-2,,RLT,,individual,RLT,Bossiaea obcordata,,271,1.9,2,n,,seed,n,5,,,,,,,,,,,,15_months,,,,,,,,
Meroo,2,MER-2,MER-2-RLT,RLT,,pooled_nitrogen_sample,,Bossiaea obcordata,,,,,,,,,,,,,,,,,,,,,15_months,,,,,107,Mixed,Mouldy,3.11
Meroo,2,MER-2,MER-2-SLA-1,SLA,1,individual,SLA,Acacia longifolia,,671,2,3,n,,seed,y,1,0.622,,,587.020899,0.228,0.00038840184461643844,5.31,,,,,15_months,1,5,FALSE,53.864,,,,
Meroo,2,MER-2,MER-2-SLA-2,SLA,2,individual,SLA,Acacia longifolia,,1221,1.9,5.9,n,,seed,y,2,0.598,,,1256.660021,0.6,4.774561058467858e-4,11.74,,,,,15_months,1,5,FALSE,52.779,,,,
Meroo,2,MER-2,MER-2-SLA,SLA,,pooled_nitrogen_sample,,Acacia longifolia,,,,,,,,,,,,,,,,,,,,,15_months,,,,,99,Pure,Fresh,2.77
Meroo,2,MER-2,MER-2-SLW-1,SLW,1,individual,SLW,Persoonia  linearis,,212,,1.4,n,,seed,y,1,0.042,,,88.63000108,0.061,6.882545329649679e-4,0.24,,,,,15_months,1,5,FALSE,4.527,,,,
Meroo,2,MER-2,MER-2-SLW-2,SLW,2,individual,SLW,Persoonia  linearis,,240,1,1.4,n,,seed,y,2,0.032,,,47.70342202,0.03,6.288857010598168e-4,0.3,,,,,15_months,1,5,FALSE,4.364,,,,
Meroo,2,MER-2,MER-2-SLW-3,SLW,3,individual,SLW,Persoonia  linearis,,182,,1.6,n,,seed,y,3,0.028,,,68.71868938,0.038,5.529791144570284e-4,0.18,,,,,15_months,1,5,FALSE,3.758,,,,
Meroo,2,MER-2,,SLW,,individual,SLW,Persoonia  linearis,,231,1.4,1.4,n,,seed,n,4,,,,,,,,,,,,15_months,,,,,,,,
Meroo,2,MER-2,MER-2-SLW,SLW,,pooled_nitrogen_sample,,Persoonia  linearis,,,,,,,,,,,,,,,,,,,,,15_months,,,,,102,Mixed,Fresh,1.02
Meroo,2,MER-2,,Seed Pod Plant,,individual,Seed Pod Plant,Lomatia silaifolia,,342,3,5.1,n,,sprout,n,1,,,,,,,,,,,,15_months,,,,,,,,
Meroo,2,MER-2,,Seed Pod Plant,,individual,Seed Pod Plant,Lomatia silaifolia,,339,1.9,2,n,,sprout,n,2,,,,,,,,,,,,15_months,,,,,,,,
Meroo,2,MER-2,,Seed Pod Plant,,individual,Seed Pod Plant,Lomatia silaifolia,,568,2.4,4.1,n,,sprout,n,2,,,,,,,,,,,,15_months,,,,,,,,
Meroo,2,MER-2,,Seed Pod Plant,,individual,Seed Pod Plant,Lomatia silaifolia,,339,2.1,3.1,n,,sprout,n,3,,,,,,,,,,,,15_months,,,,,,,,
Meroo,2,MER-2,,Seed Pod Plant,,individual,Seed Pod Plant,Lomatia silaifolia,,201,,1.5,n,,sprout,n,4,,,,,,,,,,,,15_months,,,,,,,,
Meroo,2,MER-2,,Seed Pod Plant,,individual,Seed Pod Plant,Lomatia silaifolia,,295,3.2,3.3,n,,sprout,n,5,,,,,,,,,,,,15_months,,,,,,,,
Meroo,2,MER-2,MER-2-TPL-1,TPL,1,individual,TPL,Xanthosia tridentata,,103,,0.9,n,,seed,y,1,0.019,,,38.87720909,0.024,6.173282640850185e-4,0.092,,,,,15_months,1,5,FALSE,1.494,,,,
Meroo,2,MER-2,MER-2-TPL-2,TPL,2,individual,TPL,Xanthosia tridentata,,198,,1,n,,seed,y,2,0.022,,,31.95368866,0.016,5.007246634417199e-4,0.106,,,,,15_months,1,5,FALSE,3.452,,,,
Meroo,2,MER-2,MER-2-TPL-3,TPL,3,individual,TPL,Xanthosia tridentata,,167,,0.5,n,,seed,y,3,0.017,,,15.05325536,0.01,6.643081354065332e-4,0.036,,,,,15_months,1,5,FALSE,3.729,,,,
Meroo,2,MER-2,,Three Leaves Opposite Branches,,individual,Three Leaves Opposite Branches,Lambertia formosa,,884,2.5,7.9,y,,sprout,n,1,,,,,,,,,,,,15_months,,,,,,,,
Meroo,2,MER-2,,Three Leaves Opposite Branches,,individual,Three Leaves Opposite Branches,Lambertia formosa,,765,2.7,7.5,n,,sprout,n,2,,,,,,,,,,,,15_months,,,,,,,,
Meroo,2,MER-2,,Three Leaves Opposite Branches,,individual,Three Leaves Opposite Branches,Lambertia formosa,,1076,3.7,6.9,y,,sprout,n,3,,,,,,,,,,,,15_months,,,,,,,,
Meroo,2,MER-2,,Three Leaves Opposite Branches,,individual,Three Leaves Opposite Branches,Lambertia formosa,,1062,3.2,12.9,y,,sprout,n,4,,,,,,,,,,,,15_months,,,,,,,,
Meroo,2,MER-2,,Three Leaves Opposite Branches,,individual,Three Leaves Opposite Branches,Lambertia formosa,,1348,2.9,9,y,,sprout,n,5,,,,,,,,,,,,15_months,,,,,,,,
Meroo,2,MER-2,MER-2-WLW-1,WLW,1,individual,WLW,Acacia suaveolens,,1899,3,10.1,n,,seed,y,1,0.561,,,2971.15041,1.232,4.146542012324445e-4,29.4,,,,,15_months,1,5,FALSE,38.669,,,,
Meroo,2,MER-2,MER-2-WLW-2,WLW,2,individual,WLW,Acacia suaveolens,,1732,1.9,10.8,n,,seed,y,2,0.399,,,3715.94724,1.43,3.8482785347619734e-4,41.58,,,,,15_months,1,5,FALSE,35.903999999999996,,,,
Meroo,2,MER-2,MER-2-WLW-3,WLW,3,individual,WLW,Acacia suaveolens,,1656,1.6,6.3,n,,seed,y,3,0.307,,,2202.444579,0.929,4.218040303297003e-4,15.69,,,,,15_months,1,5,FALSE,22.543,,,,
Meroo,2,MER-2,,WLW,,individual,WLW,Acacia suaveolens,,1914,3,9,n,,seed,n,4,,,,,,,,,,,,15_months,,,,,,,,
Meroo,2,MER-2,MER-2-WLW,WLW,,pooled_nitrogen_sample,,Acacia suaveolens,,,,,,,,,,,,,,,,,,,,,15_months,,,,,104,Pure,Fresh,2.63
Meroo,2,MER-2,MER-2-YP-1,YP,1,individual,YP,Bossiaea heterophylla,,324,1,1.6,y,,seed,y,1,0.042,,,82.51589454,0.081,9.816290600925962e-4,1.31,,,,,15_months,1,5,FALSE,3.519,,,,
Meroo,2,MER-2,MER-2-YP-2,YP,2,individual,YP,Bossiaea heterophylla,,263,1.2,1.5,y,,seed,y,2,0.022,,,218.4632726,0.136,6.225302696486293e-4,0.86,,,,,15_months,1,5,FALSE,2.136,,,,
Meroo,2,MER-2,MER-2-YP-3,YP,3,individual,YP,Bossiaea heterophylla,,294,2.1,2,n,,seed,y,3,0.046,,,170.8667564,0.077,4.506435401614494e-4,1.23,,,,,15_months,1,5,FALSE,3.925,,,,
Meroo,2,MER-2,,YP,,individual,YP,Bossiaea heterophylla,,331,1,1.5,n,,seed,n,4,,,,,,,,,,,,15_months,,,,,,,,
Meroo,2,MER-2,,YP,,individual,YP,Bossiaea heterophylla,,268,0.5,0.9,n,,seed,n,5,,,,,,,,,,,,15_months,,,,,,,,
Meroo,2,MER-2,MER-2-YP,YP,,pooled_nitrogen_sample,,Bossiaea heterophylla,,,,,,,,,,,,,,,,,,,,,15_months,,,,,106,Mixed,Mouldy,2.79
Meroo,3,MER-3,MER-3-AAML-1,AAML,1,individual,AAML,Acacia terminalis,,1199,2.8,7,n,,seed,y,1,0.759,1.163,1.005,2510,1.033,4.115537848605577e-4,23.21,,,,,15_months,3,3,TRUE,249.88099999999997,,,,
Meroo,3,MER-3,MER-3-AAML-2,AAML,2,individual,AAML,Acacia terminalis,,614,2.2,5.8,n,,seed,y,2,0.832,0.406,,900,0.357,3.9666666666666664e-4,4.61,,,,,15_months,2,2,TRUE,109.249,,,,
Meroo,3,MER-3,MER-3-AAML-3,AAML,3,individual,AAML,Acacia terminalis,,1066,2.1,9.5,n,,seed,y,3,1.018,1.099,0.635,4590,1.72,3.747276688453159e-4,45.46,,,,,15_months,3,3,TRUE,,,,,
Meroo,3,MER-3,,AAML,,individual,AAML,Acacia terminalis,,844,2,4.9,n,,seed,n,4,,,,,,,,,,,,15_months,,,,,,,,
Meroo,3,MER-3,,AAML,,individual,AAML,Acacia terminalis,,1022,2.6,6.4,n,,seed,n,5,,,,,,,,,,,,15_months,,,,,,,,
Meroo,3,MER-3,MER-3-AAML,AAML,,pooled_nitrogen_sample,,Acacia terminalis,,,,,,,,,,,,,,,,,,,,,15_months,,,,,52,Pure,Fresh,2.02
Meroo,3,MER-3,MER-3-ALLS-1,ALLS,1,individual,ALLS,Acacia myrtifolia,,1186,1.6,10.2,n,buds,seed,y,1,0.275,,,1740,0.648,3.724137931034483e-4,49,,,,,15_months,1,5,FALSE,29.775,,,,
Meroo,3,MER-3,MER-3-ALLS-2,ALLS,2,individual,ALLS,Acacia myrtifolia,,892,2.3,5,n,,seed,y,2,0.308,,,890,0.282,3.1685393258426965e-4,8.01,,,,,15_months,1,5,FALSE,36.294,,,,
Meroo,3,MER-3,MER-3-ALLS-3,ALLS,3,individual,ALLS,Acacia myrtifolia,,1245,1.8,6.2,n,,seed,y,3,0.539,,,2160,0.815,3.773148148148148e-4,17.57,,,,,15_months,1,5,FALSE,55.111,,,,
Meroo,3,MER-3,,ALLS,,individual,ALLS,Acacia myrtifolia,,935,2.4,5.4,n,buds,seed,n,4,,,,,,,,,,,,15_months,,,,,,,,
Meroo,3,MER-3,,ALLS,,individual,ALLS,Acacia myrtifolia,,846,1.5,4.3,n,buds,seed,n,5,,,,,,,,,,,,15_months,,,,,,,,
Meroo,3,MER-3,MER-3-ALLS,ALLS,,pooled_nitrogen_sample,,Acacia myrtifolia,,,,,,,,,,,,,,,,,,,,,15_months,,,,,51,Pure,Fresh,2
Meroo,3,MER-3,MER-3-BLSL-1,BLSL,1,individual,BLSL,Pultenaea retusa,,1107,2,6.2,n,,seed,y,1,0.112,,,870,0.407,4.67816091954023e-4,4.56,,,,,15_months,1,5,FALSE,9.934,,,,
Meroo,3,MER-3,MER-3-BLSL-2,BLSL,2,individual,BLSL,Pultenaea retusa,,665,1.3,2.6,n,,seed,y,2,0.06,,,420,0.208,4.952380952380952e-4,4.44,,,,,15_months,1,5,FALSE,5.92,,,,
Meroo,3,MER-3,MER-3-BLSL-3,BLSL,3,individual,BLSL,Pultenaea retusa,,1233,1.6,6,n,,seed,y,4,0.089,,,1140,0.6,5.263157894736842e-4,8.83,,,,,15_months,1,5,FALSE,6.902,,,,
Meroo,3,MER-3,,BLSL,,individual,BLSL,Pultenaea retusa,,320,1.5,2.1,n,,seed,n,3,,,,,,,,,,,,15_months,,,,,,,,
Meroo,3,MER-3,,BLSL,,individual,BLSL,Pultenaea retusa,,829,1.7,3.8,n,,seed,n,5,,,,,,,,,,,,15_months,,,,,,,,
Meroo,3,MER-3,MER-3-BLSL,BLSL,,pooled_nitrogen_sample,,Pultenaea retusa,,,,,,,,,,,,,,,,,,,,,15_months,,,,,113,Mixed,Fresh,1.35
Meroo,3,MER-3,MER-3-FSL-1,FSL,1,individual,FSL,Pultenaea retusa,,422,1.5,3.2,n,,seed,y,1,0.014,,,200,0.1,5e-4,2.84,,,,,15_months,1,5,FALSE,2.036,,,,
Meroo,3,MER-3,MER-3-FSL-2,FSL,2,individual,FSL,Pultenaea retusa,,322,1.1,2.1,n,,seed,y,2,0.014,,,130,0.066,5.076923076923077e-4,1.81,,,,,15_months,1,5,FALSE,1.953,,,,
Meroo,3,MER-3,MER-3-FSL-3,FSL,3,individual,FSL,Pultenaea retusa,,369,1.4,2.6,n,,seed,y,3,0.009,,,120,0.084,7e-4,1.69,,,,,15_months,1,5,FALSE,0.936,,,,
Meroo,3,MER-3,MER-3-FSL,FSL,,pooled_nitrogen_sample,,Pultenaea retusa,,,,,,,,,,,,,,,,,,,,,15_months,,,,,111,Mixed,Mouldy,2.42
Meroo,3,MER-3,MER-3-MSWNL-1,MSWNL,1,individual,MSWNL,Acacia brownii,,280,1.5,2,n,,seed,y,1,0.005,,,190,0.102,5.368421052631578e-4,0.82,,,,,15_months,1,5,FALSE,0.32,,,,
Meroo,3,MER-3,MER-3-MSWNL,MSWNL,,pooled_nitrogen_sample,,Acacia brownii,,,,,,,,,,,,,,,,,,,,,15_months,,,,,114,Mixed,Fresh,2.31
Meroo,3,MER-3,,Maybe Fake Mountain Devil,,individual,Maybe Fake Mountain Devil,Banksia spinulosa,,1178,7.5,11.1,y,,sprout,n,1,,,,,,,,,,,,15_months,,,,,,,,
Meroo,3,MER-3,,Maybe Fake Mountain Devil,,individual,Maybe Fake Mountain Devil,Banksia spinulosa,,1203,2.1,7.4,n,,sprout,n,2,,,,,,,,,,,,15_months,,,,,,,,
Meroo,3,MER-3,,Maybe Fake Mountain Devil,,individual,Maybe Fake Mountain Devil,Banksia spinulosa,,926,3.4,7.9,n,,sprout,n,3,,,,,,,,,,,,15_months,,,,,,,,
Meroo,3,MER-3,,Maybe Fake Mountain Devil,,individual,Maybe Fake Mountain Devil,Banksia spinulosa,,1655,2.4,11.5,n,,sprout,n,4,,,,,,,,,,,,15_months,,,,,,,,
Meroo,3,MER-3,,Maybe Fake Mountain Devil,,individual,Maybe Fake Mountain Devil,Banksia spinulosa,,1522,4.5,7.9,n,,sprout,n,5,,,,,,,,,,,,15_months,,,,,,,,
Meroo,3,MER-3,,Meroo Eucalyptus,,individual,Meroo Eucalyptus,Meroo Eucalyptus,,1203,1.9,13,n,,sprout,n,1,,,,,,,,,,,,15_months,,,,,,,,
Meroo,3,MER-3,,Meroo Eucalyptus,,individual,Meroo Eucalyptus,Meroo Eucalyptus,,1155,3.3,12.2,n,,sprout,n,2,,,,,,,,,,,,15_months,,,,,,,,
Meroo,3,MER-3,,Meroo Eucalyptus,,individual,Meroo Eucalyptus,Meroo Eucalyptus,,1051,3.5,8.3,n,,sprout,n,3,,,,,,,,,,,,15_months,,,,,,,,
Meroo,3,MER-3,,Meroo Eucalyptus,,individual,Meroo Eucalyptus,Meroo Eucalyptus,,1248,1.9,13.9,n,,sprout,n,4,,,,,,,,,,,,15_months,,,,,,,,
Meroo,3,MER-3,MER-3-OLOB-1,OLOB,1,individual,OLOB,Pimelea linifolia,,473,1.5,3.1,n,,seed,y,1,0.016,,,430,0.136,3.1627906976744186e-4,1.34,,,,,15_months,1,5,FALSE,2.922,,,,
Meroo,3,MER-3,MER-3-OLOB-2,OLOB,2,individual,OLOB,Pimelea linifolia,,518,2,4.3,n,,seed,y,2,0.018,,,350,0.1,2.8571428571428574e-4,1.61,,,,,15_months,1,5,FALSE,3.452,,,,
Meroo,3,MER-3,MER-3-OLOB-3,OLOB,3,individual,OLOB,Pimelea linifolia,,697,1,4.7,n,buds,seed,y,4,0.023,,,570,0.2,3.5087719298245617e-4,2.13,,,,,15_months,1,5,FALSE,4.913,,,,
Meroo,3,MER-3,,OLOB,,individual,OLOB,Pimelea linifolia,,319,1.5,6,y,,seed,n,3,,,,,,,,,,,,15_months,,,,,,,,
Meroo,3,MER-3,,OLOB,,individual,OLOB,Pimelea linifolia,,644,2,4.7,n,,seed,n,5,,,,,,,,,,,,15_months,,,,,,,,
Meroo,3,MER-3,,OLOB,,individual,OLOB,Pimelea linifolia,,1391,2,10,n,buds,seed,n,6,,,,,,,,,,,,15_months,,,,,,,,
Meroo,3,MER-3,MER-3-OLOB,OLOB,,pooled_nitrogen_sample,,Pimelea linifolia,,,,,,,,,,,,,,,,,,,,,15_months,,,,,152,Mixed,Very mouldy,3.11
Meroo,3,MER-3,MER-3-RVL-1,RVL,1,individual,RVL,Hardenbergia violacea,,637,1.1,4.2,n,,seed,y,1,0.253,,,500,0.313,6.26e-4,11.73,,,,,15_months,1,5,FALSE,28.998,,,,
Meroo,3,MER-3,MER-3-RVL-2,RVL,2,individual,RVL,Hardenbergia violacea,,349,1,2,n,,seed,y,2,0.234,,,140,0.077,5.5e-4,0.4,,,,,15_months,1,5,FALSE,34.541,,,,
Meroo,3,MER-3,MER-3-RVL-3,RVL,3,individual,RVL,Hardenbergia violacea,,352,1,2.3,n,,seed,y,3,0.165,,,70,0.037,5.285714285714286e-4,0.31,,,,,15_months,1,5,FALSE,28.451,,,,
Meroo,3,MER-3,,RVL,,individual,RVL,Hardenbergia violacea,,287,1,1.9,n,,seed,n,4,,,,,,,,,,,,15_months,,,,,,,,
Meroo,3,MER-3,,RVL,,individual,RVL,Hardenbergia violacea,,273,1.1,1.3,n,,seed,n,5,,,,,,,,,,,,15_months,,,,,,,,
Meroo,3,MER-3,MER-3-RVL,RVL,,pooled_nitrogen_sample,,Hardenbergia violacea,,,,,,,,,,,,,,,,,,,,,15_months,,,,,110,Pure,Fresh,1.81
Meroo,3,MER-3,MER-3-SLO-1,SLO,1,individual,SLO,SLO Eucalyptus,,399,1.5,2.2,n,buds,seed,y,1,0.136,,,330,0.134,4.060606060606061e-4,1.14,,,,,15_months,1,5,FALSE,21.245,,,,
Meroo,3,MER-3,MER-3-SLO-2,SLO,2,individual,SLO,SLO Eucalyptus,,279,1.3,1.5,n,,seed,y,2,0.166,,,190,0.068,3.578947368421053e-4,0.43,,,,,15_months,1,5,FALSE,24.579,,,,
Meroo,3,MER-3,MER-3-SLO-3,SLO,3,individual,SLO,SLO Eucalyptus,,256,1,1.1,n,,seed,y,3,0.124,,,140,0.047,3.357142857142857e-4,0.07,,,,,15_months,1,5,FALSE,24.744999999999997,,,,
Meroo,3,MER-3,,SLO,,individual,SLO,SLO Eucalyptus,,365,2,2.1,n,,seed,n,4,,,,,,,,,,,,15_months,,,,,,,,
Meroo,3,MER-3,,SLO,,individual,SLO,SLO Eucalyptus,,333,1.2,2.1,n,,seed,n,5,,,,,,,,,,,,15_months,,,,,,,,
Meroo,3,MER-3,MER-3-SLO,SLO,,pooled_nitrogen_sample,,SLO Eucalyptus,,,,,,,,,,,,,,,,,,,,,15_months,,,,,146,Mixed,Fresh,1.23
Meroo,3,MER-3,MER-3-SLW-1,SLW,1,individual,SLW,Persoonia  linearis,,212,,1.8,n,,seed,y,1,0.029,,,150,0.076,5.066666666666667e-4,0.09,,,,,15_months,1,5,FALSE,3.615,,,,
Meroo,3,MER-3,MER-3-SLW-2,SLW,2,individual,SLW,Persoonia  linearis,,371,1.4,2,n,,seed,y,2,0.039,,,150,0.057,3.8e-4,0.37,,,,,15_months,1,5,FALSE,6.286,,,,
Meroo,3,MER-3,MER-3-SLW-3,SLW,3,individual,SLW,Persoonia  linearis,,371,2.9,4,n,,seed,y,3,0.078,,,720,0.3,4.1666666666666664e-4,1.73,,,,,15_months,1,5,FALSE,6.479,,,,
Meroo,3,MER-3,,SLW,,individual,SLW,Persoonia  linearis,,177,,1.1,n,,seed,n,4,,,,,,,,,,,,15_months,,,,,,,,
Meroo,3,MER-3,,SLW,,individual,SLW,Persoonia  linearis,,336,1.6,2.4,n,,seed,n,5,,,,,,,,,,,,15_months,,,,,,,,
Meroo,3,MER-3,MER-3-SLW,SLW,,pooled_nitrogen_sample,,Persoonia  linearis,,,,,,,,,,,,,,,,,,,,,15_months,,,,,112,Mixed,Fresh,1.6
Meroo,3,MER-3,MER-3-TPL-1,TPL,1,individual,TPL,Xanthosia tridentata,,450,0.5,1.5,n,,seed,y,2,0.015,,,60,0.032,5.333333333333334e-4,0.38,,,,,15_months,1,5,FALSE,2.8120000000000003,,,,
Meroo,3,MER-3,MER-3-TPL-2,TPL,2,individual,TPL,Xanthosia tridentata,,394,0.5,1.2,n,,seed,y,3,0.023,,,60,0.034,5.666666666666667e-4,0.19,,,,,15_months,1,5,TRUE,4.266,,,,
Meroo,3,MER-3,MER-3-TPL-3,TPL,3,individual,TPL,Xanthosia tridentata,,228,0.5,0.5,n,,seed,y,4,0.014,,,30,0.016,5.333333333333334e-4,0.053,,,,,15_months,1,5,FALSE,3.603,,,,
Meroo,3,MER-3,,TPL,,individual,TPL,Xanthosia tridentata,,317,0.8,1.1,n,,seed,n,1,,,,,,,,,,,,15_months,,,,,,,,
Meroo,3,MER-3,,TPL,,individual,TPL,Xanthosia tridentata,,388,0.9,1.5,n,,seed,n,5,,,,,,,,,,,,15_months,,,,,,,,
Meroo,3,MER-3,MER-3-TPL,TPL,,pooled_nitrogen_sample,,Xanthosia tridentata,,,,,,,,,,,,,,,,,,,,,15_months,,,,,125,Mixed,Fresh,1.71
Meroo,3,MER-3,,Three Leaves Opposite Branches,,individual,Three Leaves Opposite Branches,Lambertia formosa,,2166,2.4,12.9,n,,sprout,n,1,,,,,,,,,,,,15_months,,,,,,,,
Meroo,3,MER-3,,Three Leaves Opposite Branches,,individual,Three Leaves Opposite Branches,Lambertia formosa,,1106,2.4,6.5,y,,sprout,n,2,,,,,,,,,,,,15_months,,,,,,,,
Meroo,3,MER-3,,Three Leaves Opposite Branches,,individual,Three Leaves Opposite Branches,Lambertia formosa,,1273,2.1,6.9,n,,sprout,n,3,,,,,,,,,,,,15_months,,,,,,,,
Meroo,3,MER-3,,Three Leaves Opposite Branches,,individual,Three Leaves Opposite Branches,Lambertia formosa,,1602,1.8,10.5,y,,sprout,n,4,,,,,,,,,,,,15_months,,,,,,,,
Meroo,3,MER-3,,Three Leaves Opposite Branches,,individual,Three Leaves Opposite Branches,Lambertia formosa,,1506,2,7,y,,sprout,n,5,,,,,,,,,,,,15_months,,,,,,,,
Meroo,3,MER-3,MER-3-WLW-1,WLW,1,individual,WLW,Acacia suaveolens,,1716,1.1,10.5,n,,seed,y,1,0.439,,,4690,1.785,3.805970149253731e-4,29.48,,,,,15_months,1,5,FALSE,28.993,,,,
Meroo,3,MER-3,MER-3-WLW-2,WLW,2,individual,WLW,Acacia suaveolens,,1928,3.9,10.5,n,,seed,y,2,,0.549,,4140,1.653,3.992753623188406e-4,34.86,,,,,15_months,1,5,FALSE,40.425,,,,
Meroo,3,MER-3,MER-3-WLW-3,WLW,3,individual,WLW,Acacia suaveolens,,1534,3,8,n,buds,seed,y,3,0.385,,,3310,1.257,3.7975830815709967e-4,19.01,,,,,15_months,1,5,FALSE,34.169,,,,
Meroo,3,MER-3,,WLW,,individual,WLW,Acacia suaveolens,,2423,1.7,13.8,n,buds,seed,n,4,,,,,,,,,,,,15_months,,,,,,,,
Meroo,3,MER-3,,WLW,,individual,WLW,Acacia suaveolens,,2146,2.1,13,n,buds,seed,n,5,,,,,,,,,,,,15_months,,,,,,,,
Meroo,3,MER-3,MER-3-WLW,WLW,,pooled_nitrogen_sample,,Acacia suaveolens,,,,,,,,,,,,,,,,,,,,,15_months,,,,,53,Pure,Fresh,2.96
Meroo,3,MER-3,,Weird Leaf Seed Pod,,individual,Weird Leaf Seed Pod,Weird Leaf Seed Pod,,800,2.2,6,n,seeds,sprout,n,1,,,,,,,,,,,,15_months,,,,,,,,
Meroo,3,MER-3,,Weird Leaf Seed Pod,,individual,Weird Leaf Seed Pod,Weird Leaf Seed Pod,,340,2.4,3.2,n,,sprout,n,2,,,,,,,,,,,,15_months,,,,,,,,
Meroo,3,MER-3,,Weird Leaf Seed Pod,,individual,Weird Leaf Seed Pod,Weird Leaf Seed Pod,,794,3,5.9,n,,sprout,n,3,,,,,,,,,,,,15_months,,,,,,,,
Meroo,3,MER-3,,Weird Leaf Seed Pod,,individual,Weird Leaf Seed Pod,Weird Leaf Seed Pod,,487,3,4.1,n,,sprout,n,4,,,,,,,,,,,,15_months,,,,,,,,
Meroo,3,MER-3,,Weird Leaf Seed Pod,,individual,Weird Leaf Seed Pod,Weird Leaf Seed Pod,,372,2.5,4,n,,sprout,n,5,,,,,,,,,,,,15_months,,,,,,,,
Murramarang,1,MURR-1,MURR-1-AL-1,AL,1,individual,AL,Lomatia silaifolia,,1069,2,8,n,,seed,y,1,4.21,,,3020,1.332,4.4105960264900665e-4,20.49,,,,,15_months,3,3,TRUE,357.297,,,,
Murramarang,1,MURR-1,MURR-1-AL-2,AL,2,individual,AL,Lomatia silaifolia,,877,2.2,6.8,n,,seed,y,2,3.699,,,1840,0.759,4.125e-4,10.62,,,,,15_months,2,2,TRUE,265.853,,,,
Murramarang,1,MURR-1,MURR-1-AL-3,AL,3,individual,AL,Lomatia silaifolia,,1082,2.4,7.2,n,,seed,y,3,3.735,,,2070,0.863,4.1690821256038646e-4,15.88,,,,,15_months,2,2,TRUE,319.687,,,,
Murramarang,1,MURR-1,,AL,,individual,AL,Lomatia silaifolia,,736,2.1,5.8,n,,seed,n,4,,,,,,,,,,,,15_months,,,,,,,,
Murramarang,1,MURR-1,,AL,,individual,AL,Lomatia silaifolia,,875,2.4,6.1,n,,seed,n,5,,,,,,,,,,,,15_months,,,,,,,,
Murramarang,1,MURR-1,MURR-1-AL,AL,,pooled_nitrogen_sample,,Lomatia silaifolia,,,,,,,,,,,,,,,,,,,,,15_months,,,,,25,Pure,Fresh,1.31
Murramarang,1,MURR-1,MURR-1-BWL-1,BWL,1,individual,BWL,Pultenaea daphnoides,,1001,2,5.5,n,,seed,y,1,0.126,,,1710,0.969,5.666666666666666e-4,15.91,,,,,15_months,1,5,FALSE,10.84,,,,
Murramarang,1,MURR-1,MURR-1-BWL-2,BWL,2,individual,BWL,Pultenaea daphnoides,,1139,1,5.3,n,,seed,y,2,0.15,,,1510,0.826,5.470198675496689e-4,14.25,,,,,15_months,1,5,FALSE,15.527,,,,
Murramarang,1,MURR-1,MURR-1-BWL-3,BWL,3,individual,BWL,Pultenaea daphnoides,,1145,2.4,4.1,n,,seed,y,3,0.095,,,1350,0.744,5.511111111111112e-4,10.2,,,,,15_months,1,5,FALSE,9.522,,,,
Murramarang,1,MURR-1,,BWL,,individual,BWL,Pultenaea daphnoides,,1005,2,5,n,,seed,n,4,,,,,,,,,,,,15_months,,,,,,,,
Murramarang,1,MURR-1,,BWL,,individual,BWL,Pultenaea daphnoides,,1217,2,4.9,n,,seed,n,5,,,,,,,,,,,,15_months,,,,,,,,
Murramarang,1,MURR-1,MURR-1-BWL,BWL,,pooled_nitrogen_sample,,Pultenaea daphnoides,,,,,,,,,,,,,,,,,,,,,15_months,,,,,138,Mixed,Mouldy,1.69
Murramarang,1,MURR-1,,Fake Sandpaper Leaves Plant,,individual,Fake Sandpaper Leaves Plant,Murr Eucalyptus,,494,1.6,4,n,,lignotuber,n,1,,,,,,,,,,,,15_months,,,,,,,,
Murramarang,1,MURR-1,,Fake Sandpaper Leaves Plant,,individual,Fake Sandpaper Leaves Plant,Murr Eucalyptus,,417,1.8,4.1,n,,lignotuber,n,2,,,,,,,,,,,,15_months,,,,,,,,
Murramarang,1,MURR-1,MURR-1-LLF-1,LLF,1,individual,LLF,Galium ciliare,,188,,1,n,,seed,y,1,0.009,,,60,0.033,5.5e-4,0.1,,,,,15_months,1,5,FALSE,1.398,,,,
Murramarang,1,MURR-1,MURR-1-LLF-2,LLF,2,individual,LLF,Galium ciliare,,152,,1,n,,seed,y,2,0.009,,,37.17796089,0.029,7.800320218153847e-4,0.14,,,,,15_months,1,5,FALSE,1.163,,,,
Murramarang,1,MURR-1,MURR-1-LLF-3,LLF,3,individual,LLF,Galium ciliare,,187,,0.9,n,,seed,y,4,0.009,,,60,0.041,6.833333333333333e-4,0.06,,,,,15_months,1,5,FALSE,1.134,,,,
Murramarang,1,MURR-1,,LLF,,individual,LLF,Galium ciliare,,118,,1.1,n,,seed,n,3,,,,,,,,,,,,15_months,,,,,,,,
Murramarang,1,MURR-1,,LLF,,individual,LLF,Galium ciliare,,179,,1,n,,seed,n,5,,,,,,,,,,,,15_months,,,,,,,,
Murramarang,1,MURR-1,MURR-1-LLF,LLF,,pooled_nitrogen_sample,,Galium ciliare,,,,,,,,,,,,,,,,,,,,,15_months,,,,,129,Mixed,Fresh,1.22
Murramarang,1,MURR-1,MURR-1-MSLA-1,MSLA,1,individual,MSLA,Acacia longifolia,,1592,3,10.9,n,,seed,y,1,0.755,,,6610,3.249,4.915279878971256e-4,46.66,,,,,15_months,1,5,FALSE,78.394,,,,
Murramarang,1,MURR-1,MURR-1-MSLA-2,MSLA,2,individual,MSLA,Acacia longifolia,,1617,1.5,11.3,n,,seed,y,2,0.637,,,6370,3.074,4.8257456828885395e-4,76.96,,,,,15_months,1,5,FALSE,60.219,,,,
Murramarang,1,MURR-1,MURR-1-MSLA-3,MSLA,3,individual,MSLA,Acacia longifolia,,1562,2.1,10,n,,seed,y,3,0.844,,,3500,1.512,4.32e-4,32.45,,,,,15_months,1,5,FALSE,74.37,,,,
Murramarang,1,MURR-1,,MSLA,,individual,MSLA,Acacia longifolia,,1509,1,12,n,,seed,n,4,,,,,,,,,,,,15_months,,,,,,,,
Murramarang,1,MURR-1,,MSLA,,individual,MSLA,Acacia longifolia,,2564,2.2,15.8,n,,seed,n,5,,,,,,,,,,,,15_months,,,,,,,,
Murramarang,1,MURR-1,,MSLA,,individual,MSLA,Acacia longifolia,,1815,1.3,8.9,n,,seed,n,6,,,,,,,,,,,,15_months,,,,,,,,
Murramarang,1,MURR-1,,MSLA,,individual,MSLA,Acacia longifolia,,1712,1.9,10.5,n,,seed,n,7,,,,,,,,,,,,15_months,,,,,,,,
Murramarang,1,MURR-1,,MSLA,,individual,MSLA,Acacia longifolia,,1639,1.5,12.8,n,,seed,n,8,,,,,,,,,,,,15_months,,,,,,,,
Murramarang,1,MURR-1,MURR-1-MSLA,MSLA,,pooled_nitrogen_sample,,Acacia longifolia,,,,,,,,,,,,,,,,,,,,,15_months,,,,,19,Pure,Fresh,2.2
Murramarang,1,MURR-1,MURR-1-MSWNL-1,MSWNL,1,individual,MSWNL,Acacia brownii,,1005,1.1,4.5,y,,seed,y,1,0.005,,,1150,0.416,3.617391304347826e-4,6.69,,,,,15_months,1,5,FALSE,0.407,,,,
Murramarang,1,MURR-1,MURR-1-MSWNL-2,MSWNL,2,individual,MSWNL,Acacia brownii,,819,1.5,3.8,n,,seed,y,2,0.005,,,960,0.346,3.6041666666666665e-4,5.13,,,,,15_months,1,5,FALSE,0.43,,,,
Murramarang,1,MURR-1,MURR-1-MSWNL-3,MSWNL,3,individual,MSWNL,Acacia brownii,,1104,1,5.3,y,,seed,y,3,0.007,,,1520,0.564,3.710526315789473e-4,10.32,,,,,15_months,1,5,FALSE,0.402,,,,
Murramarang,1,MURR-1,,MSWNL,,individual,MSWNL,Acacia brownii,,689,1.4,3.4,n,,seed,n,4,,,,,,,,,,,,15_months,,,,,,,,
Murramarang,1,MURR-1,MURR-1-MSWNL,MSWNL,,pooled_nitrogen_sample,,Acacia brownii,,,,,,,,,,,,,,,,,,,,,15_months,,,,,135,Mixed,Mouldy,2.22
Murramarang,1,MURR-1,MURR-1-SGWL-1,SGWL,1,individual,SGWL,Persoonia linearis,,227,1.6,1.8,n,,seed,y,1,0.019,,,100,0.041,4.1e-4,0.25,,,,,15_months,1,5,FALSE,2.487,,,,
Murramarang,1,MURR-1,MURR-1-SGWL-2,SGWL,2,individual,SGWL,Persoonia linearis,,184,,1.4,n,,seed,y,2,0.024,,,170,0.059,3.4705882352941173e-4,0.14,,,,,15_months,1,5,FALSE,2.966,,,,
Murramarang,1,MURR-1,MURR-1-SGWL-3,SGWL,3,individual,SGWL,Persoonia linearis,,503,0.9,1.7,n,,seed,y,3,0.028,,,210,0.068,3.2380952380952385e-4,0.52,,,,,15_months,1,5,FALSE,5.452,,,,
Murramarang,1,MURR-1,,SGWL,,individual,SGWL,Persoonia linearis,,469,1.6,3,n,,seed,n,4,,,,,,,,,,,,15_months,,,,,,,,
Murramarang,1,MURR-1,,SGWL,,individual,SGWL,Persoonia linearis,,341,1.5,2.9,n,,seed,n,5,,,,,,,,,,,,15_months,,,,,,,,
Murramarang,1,MURR-1,,SGWL,,individual,SGWL,Persoonia linearis,,210,,1.5,n,,seed,n,6,,,,,,,,,,,,15_months,,,,,,,,
Murramarang,1,MURR-1,MURR-1-SGWL,SGWL,,pooled_nitrogen_sample,,Persoonia linearis,,,,,,,,,,,,,,,,,,,,,15_months,,,,,137,Mixed,Fresh,1.4
Murramarang,1,MURR-1,,Sandpaper Eucalyptus,,individual,Sandpaper Eucalyptus,Sandpaper Eucalyptus,,487,1.6,4,n,,lignotuber,n,1,,,,,,,,,,,,15_months,,,,,,,,
Murramarang,1,MURR-1,,Sandpaper Eucalyptus,,individual,Sandpaper Eucalyptus,Sandpaper Eucalyptus,,461,2.1,5.9,n,,lignotuber,n,2,,,,,,,,,,,,15_months,,,,,,,,
Murramarang,1,MURR-1,,Sandpaper Eucalyptus,,individual,Sandpaper Eucalyptus,Sandpaper Eucalyptus,,412,1.7,3.8,n,,lignotuber,n,3,,,,,,,,,,,,15_months,,,,,,,,
Murramarang,1,MURR-1,,Sandpaper Eucalyptus,,individual,Sandpaper Eucalyptus,Sandpaper Eucalyptus,,411,1.6,3.5,n,,lignotuber,n,4,,,,,,,,,,,,15_months,,,,,,,,
Murramarang,1,MURR-1,,Sandpaper Eucalyptus,,individual,Sandpaper Eucalyptus,Sandpaper Eucalyptus,,639,2,4.8,n,,lignotuber,n,5,,,,,,,,,,,,15_months,,,,,,,,
Murramarang,1,MURR-1,,Sandpaper Eucalyptus,,individual,Sandpaper Eucalyptus,Sandpaper Eucalyptus,,613,2,6,n,,lignotuber,n,6,,,,,,,,,,,,15_months,,,,,,,,
Murramarang,1,MURR-1,,Sandpaper Eucalyptus,,individual,Sandpaper Eucalyptus,Sandpaper Eucalyptus,,315,2.1,4.5,n,,lignotuber,n,7,,,,,,,,,,,,15_months,,,,,,,,
Murramarang,1,MURR-1,MURR-1-WGL-1,WGL,1,individual,WGL,Platysace lanceolata,,528,2,5,n,,seed,y,1,0.039,,,580,0.326,5.620689655172414e-4,3.44,,,,,15_months,1,5,FALSE,4.184,,,,
Murramarang,1,MURR-1,MURR-1-WGL,WGL,,pooled_nitrogen_sample,,Platysace lanceolata,,,,,,,,,,,,,,,,,,,,,15_months,,,,,148,Mixed,Mouldy,1.15
Murramarang,1,MURR-1,MURR-1-WWL-1,WWL,1,individual,WWL,Pultenaea linophylla,,517,1.6,3.7,n,,seed,y,1,0.007,,,430,0.259,6.023255813953489e-4,3.76,,,,,15_months,1,5,FALSE,1.013,,,,
Murramarang,1,MURR-1,MURR-1-WWL-2,WWL,2,individual,WWL,Pultenaea linophylla,,633,1.1,3.2,n,,seed,y,2,0.006,,,590,0.322,5.457627118644068e-4,3.36,,,,,15_months,1,5,FALSE,0.777,,,,
Murramarang,1,MURR-1,MURR-1-WWL-3,WWL,3,individual,WWL,Pultenaea linophylla,,398,1.7,2.5,n,,seed,y,3,0.006,,,240,0.137,5.708333333333333e-4,2.83,,,,,15_months,1,5,FALSE,0.86,,,,
Murramarang,1,MURR-1,,WWL,,individual,WWL,Pultenaea linophylla,,462,1.1,3,n,,seed,n,4,,,,,,,,,,,,15_months,,,,,,,,
Murramarang,1,MURR-1,,WWL,,individual,WWL,Pultenaea linophylla,,471,1,1.5,n,,seed,n,5,,,,,,,,,,,,15_months,,,,,,,,
Murramarang,1,MURR-1,,WWL,,individual,WWL,Pultenaea linophylla,,644,1.6,2.5,n,,seed,n,6,,,,,,,,,,,,15_months,,,,,,,,
Murramarang,1,MURR-1,MURR-1-WWL,WWL,,pooled_nitrogen_sample,,Pultenaea linophylla,,,,,,,,,,,,,,,,,,,,,15_months,,,,,128,Mixed,Slightly mouldy,2.35
Murramarang,2,MURR-2,MURR-2-BE-1,BE,1,individual,BE,Eucalyptus botryoides,,715,1.2,3.2,n,,lignotuber,y,1,0.603,,,361.0178651,0.212,5.872285570723132e-4,2.39,,,,,15_months,1,5,FALSE,75.759,,,,
Murramarang,2,MURR-2,MURR-2-BE-2,BE,2,individual,BE,Eucalyptus botryoides,,557,1.5,3.9,n,,lignotuber,y,2,0.611,,,479.5327026,0.32,6.673163232976137e-4,2.64,,,,,15_months,1,5,FALSE,44.26,,,,
Murramarang,2,MURR-2,,BE,,individual,BE,Eucalyptus botryoides,,2561,2.5,22.5,n,,sprout,n,1,,,,,,,,,,,,15_months,,,,,,,,
Murramarang,2,MURR-2,MURR-2-BE,BE,,pooled_nitrogen_sample,,Eucalyptus botryoides,,,,,,,,,,,,,,,,,,,,,15_months,,,,,44,Pure,Fresh,1.35
Murramarang,2,MURR-2,MURR-2-BWL-1,BWL,1,individual,BWL,Pultenaea daphnoides,,480,2,3.4,n,,seed,y,1,0.103,,,387.3500141,0.166,4.285529726536804e-4,1.18,,,,,15_months,1,5,FALSE,12.423,,,,
Murramarang,2,MURR-2,MURR-2-BWL-2,BWL,2,individual,BWL,Pultenaea daphnoides,,284,1.2,1.7,n,,seed,y,2,0.05,,,150,0.05,3.333333333333334e-4,0.05,,,,,15_months,1,5,FALSE,7.662,,,,
Murramarang,2,MURR-2,MURR-2-BWL-3,BWL,3,individual,BWL,Pultenaea daphnoides,,617,2.2,3.8,n,,seed,y,3,0.067,,,581.3728783,0.387,6.65665727530379e-4,2.65,,,,,15_months,1,5,FALSE,6.5,,,,
Murramarang,2,MURR-2,,BWL,,individual,BWL,Pultenaea daphnoides,,1049,3,6,n,,seed,n,4,,,,,,,,,,,,15_months,,,,,,,,
Murramarang,2,MURR-2,MURR-2-BWL,BWL,,pooled_nitrogen_sample,,Pultenaea daphnoides,,,,,,,,,,,,,,,,,,,,,15_months,,,,,155,Mixed,Slightly mouldy,1.86
Murramarang,2,MURR-2,MURR-2-DSP-1,DSP,1,individual,DSP,Opercularia aspera,,643,1.8,5.2,n,,seed,y,1,0.09,,,250.863567,0.083,3.3085713080050405e-4,0.81,,,,,15_months,1,5,FALSE,11.231,,,,
Murramarang,2,MURR-2,MURR-2-DSP-2,DSP,2,individual,DSP,Opercularia aspera,,388,2,4,n,fruiting,seed,y,2,0.073,,,490,0.12,2.4489795918367346e-4,3.29,,,,,15_months,1,5,FALSE,9.325,,,,
Murramarang,2,MURR-2,MURR-2-DSP-3,DSP,3,individual,DSP,Opercularia aspera,,491,1.7,3,n,,seed,y,3,0.096,,,352.7176246,0.117,3.3171010417379636e-4,0.92,,,,,15_months,1,5,FALSE,13.111,,,,
Murramarang,2,MURR-2,,DSP,,individual,DSP,Opercularia aspera,,645,1,3,n,,seed,n,4,,,,,,,,,,,,15_months,,,,,,,,
Murramarang,2,MURR-2,,DSP,,individual,DSP,Opercularia aspera,,200,,1.2,n,,seed,n,5,,,,,,,,,,,,15_months,,,,,,,,
Murramarang,2,MURR-2,MURR-2-DSP,DSP,,pooled_nitrogen_sample,,Opercularia aspera,,,,,,,,,,,,,,,,,,,,,15_months,,,,,162,Mixed,Mouldy,0.76
Murramarang,2,MURR-2,MURR-2-FN-1,FN,1,individual,FN,Solanum prinophyllum,,254,2,2.5,n,fruiting,seed,y,1,0.106,,,290,0.081,2.793103448275862e-4,0.31,,,,,15_months,1,5,FALSE,13.304,,,,
Murramarang,2,MURR-2,MURR-2-FN-2,FN,2,individual,FN,Solanum prinophyllum,,205,,2.3,n,,seed,y,2,0.063,,,360,0.113,3.138888888888889e-4,0.09,,,,,15_months,1,5,FALSE,9.753,,,,
Murramarang,2,MURR-2,MURR-2-FN-3,FN,3,individual,FN,Solanum prinophyllum,,495,1.5,3.3,n,,seed,y,3,0.36,,,590,0.186,3.152542372881356e-4,0.81,,,,,15_months,1,5,FALSE,47.542,,,,
Murramarang,2,MURR-2,,FN,,individual,FN,Solanum prinophyllum,,345,2,3.9,n,,seed,n,4,,,,,,,,,,,,15_months,,,,,,,,
Murramarang,2,MURR-2,,FN,,individual,FN,Solanum prinophyllum,,279,1.5,2.1,n,,seed,n,5,,,,,,,,,,,,15_months,,,,,,,,
Murramarang,2,MURR-2,MURR-2-FN,FN,,pooled_nitrogen_sample,,Solanum prinophyllum,,,,,,,,,,,,,,,,,,,,,15_months,,,,,144,Pure,Fresh,1.98
Murramarang,2,MURR-2,MURR-2-GIE-1,GIE,1,individual,GIE,Eucalyptus paniculata,,157,,1.5,n,,seed,y,1,0.093,,,130,0.071,5.461538461538461e-4,0.09,,,,,15_months,1,5,FALSE,12.984,,,,
Murramarang,2,MURR-2,MURR-2-GIE,GIE,,pooled_nitrogen_sample,,Eucalyptus paniculata,,,,,,,,,,,,,,,,,,,,,15_months,,,,,136,Mixed,Fresh,1.43
Murramarang,2,MURR-2,MURR-2-MSLA-1,MSLA,1,individual,MSLA,Acacia longifolia,,2061,2,11.5,n,,seed,y,1,1.072,,,6620,2.59,3.9123867069486404e-4,70.35,,,,,15_months,1,5,FALSE,107.56,,,,
Murramarang,2,MURR-2,MURR-2-MSLA-2,MSLA,2,individual,MSLA,Acacia longifolia,,3216,1.8,18,n,,seed,y,2,1.385,,,17510,5.959,3.4031981724728726e-4,84.43,166.7,,,,15_months,1,5,FALSE,150.671,,,,
Murramarang,2,MURR-2,MURR-2-MSLA-3,MSLA,3,individual,MSLA,Acacia longifolia,,2183,1.6,9.8,n,,seed,y,3,0.673,,,4956.852994,1.686,3.4013516278187206e-4,45.06,,,,,15_months,1,5,FALSE,73.878,,,,
Murramarang,2,MURR-2,,MSLA,,individual,MSLA,Acacia longifolia,,2015,1.6,11,n,,seed,n,4,,,,,,,,,,,,15_months,,,,,,,,
Murramarang,2,MURR-2,,MSLA,,individual,MSLA,Acacia longifolia,,1974,1.9,10,n,,seed,n,5,,,,,,,,,,,,15_months,,,,,,,,
Murramarang,2,MURR-2,,MSLA,,individual,MSLA,Acacia longifolia,,3054,2.3,20.5,n,,seed,n,6,,,,,,,,,,,,15_months,,,,,,,,
Murramarang,2,MURR-2,MURR-2-MSLA,MSLA,,pooled_nitrogen_sample,,Acacia longifolia,,,,,,,,,,,,,,,,,,,,,15_months,,,,,32,Pure,Fresh,2.31
Murramarang,2,MURR-2,MURR-2-RUL-1,RUL,1,individual,RUL,Pseudantherum variable,,131,,0.9,n,,seed,y,1,0.064,,,80,0.023,2.875e-4,0,,,,,15_months,1,5,FALSE,9.791,,,,
Murramarang,2,MURR-2,MURR-2-RUL-2,RUL,2,individual,RUL,Pseudantherum variable,,83,,0.5,n,,seed,y,2,,,,16.76214214,0.011,6.562407064757177e-4,0.003,,,,,15_months,,,,,,,,
Murramarang,2,MURR-2,MURR-2-RUL-3,RUL,3,individual,RUL,Pseudantherum variable,,153,,1.1,n,,seed,y,3,0.106,,,73.62130397,0.038,5.16154943621817e-4,0.12,,,,,15_months,1,5,FALSE,12.821,,,,
Murramarang,2,MURR-2,,RUL,,individual,RUL,Pseudantherum variable,,222,,0.7,n,,seed,n,4,,,,,,,,,,,,15_months,,,,,,,,
Murramarang,2,MURR-2,,RUL,,individual,RUL,Pseudantherum variable,,130,,1,n,,seed,n,5,,,,,,,,,,,,15_months,,,,,,,,
Murramarang,2,MURR-2,MURR-2-RUL,RUL,,pooled_nitrogen_sample,,Pseudantherum variable,,,,,,,,,,,,,,,,,,,,,15_months,,,,,160,Mixed,Mouldy,2.63
Murramarang,2,MURR-2,MURR-2-SFL-1,SFL,1,individual,SFL,Commersoonia fraseri,,239,1.6,2.9,n,,seed,y,1,0.305,,,280,0.106,3.785714285714286e-4,0.18,,,,,15_months,1,5,FALSE,43.66,,,,
Murramarang,2,MURR-2,MURR-2-SFL-2,SFL,2,individual,SFL,Commersoonia fraseri,,124,,2,n,,seed,y,2,0.048,,,220,0.082,3.7272727272727273e-4,,,,,,15_months,1,4,FALSE,7.656000000000001,,,,
Murramarang,2,MURR-2,MURR-2-SFL-3,SFL,3,individual,SFL,Commersoonia fraseri,,235,,2.5,n,,seed,y,3,0.168,,,150,0.061,4.0666666666666667e-4,0.16,,,,,15_months,1,5,FALSE,28.817,,,,
Murramarang,2,MURR-2,,SFL,,individual,SFL,Commersoonia fraseri,,136,,1.9,n,,seed,n,4,,,,,,,,,,,,15_months,,,,,,,,
Murramarang,2,MURR-2,,SFL,,individual,SFL,Commersoonia fraseri,,151,,2.1,n,,seed,n,5,,,,,,,,,,,,15_months,,,,,,,,
Murramarang,2,MURR-2,MURR-2-SFL,SFL,,pooled_nitrogen_sample,,Commersoonia fraseri,,,,,,,,,,,,,,,,,,,,,15_months,,,,,165,Mixed,Fresh,1.72
Murramarang,2,MURR-2,MURR-2-SGWL-1,SGWL,1,individual,SGWL,Persoonia linearis,,174,,1,n,,seed,y,1,0.008,,,28.67865686,0.017,5.927753200921698e-4,0.085,,,,,15_months,1,5,FALSE,1.388,,,,
Murramarang,2,MURR-2,MURR-2-SGWL-2,SGWL,2,individual,SGWL,Persoonia linearis,,353,1.6,2.6,n,,seed,y,2,0.028,,,190.3185556,0.087,4.571283116652657e-4,0.64,,,,,15_months,1,5,FALSE,5.036,,,,
Murramarang,2,MURR-2,MURR-2-SGWL-3,SGWL,3,individual,SGWL,Persoonia linearis,,167,,1,n,,seed,y,3,0.007,,,21.33096033,0.015,7.032032204806036e-4,,,,,,15_months,1,4,FALSE,1.334,,,,
Murramarang,2,MURR-2,,SGWL,,individual,SGWL,Persoonia linearis,,117,,0.7,n,,seed,n,2,,,,,,,,,,,,15_months,,,,,,,,
Murramarang,2,MURR-2,,SGWL,,individual,SGWL,Persoonia linearis,,133,,1.2,n,,seed,n,5,,,,,,,,,,,,15_months,,,,,,,,
Murramarang,2,MURR-2,,SGWL,,individual,SGWL,Persoonia linearis,,198,,1.4,n,,seed,n,6,,,,,,,,,,,,15_months,,,,,,,,
Murramarang,2,MURR-2,MURR-2-SGWL,SGWL,,pooled_nitrogen_sample,,Persoonia linearis,,,,,,,,,,,,,,,,,,,,,15_months,,,,,171,Mixed,Slightly mouldy,1.28
Murramarang,2,MURR-2,,Spotted Gum,,individual,Spotted Gum,Corymbia Maculata,Corymbia Maculata,2134,3.4,27.5,n,,sprout,n,1,,,,,,,,,,,,15_months,,,,,,,,
Murramarang,2,MURR-2,,Spotted Gum,,individual,Spotted Gum,Cerymbia Maculata,Cerymbia Maculata,1905,2.9,15.2,n,,sprout,n,2,,,,,,,,,,,,15_months,,,,,,,,
Murramarang,2,MURR-2,MURR-2-WLV-1,WLV,1,individual,WLV,Leucopogon affinis,,511,1.5,3.4,n,,seed,y,1,0.033,,,269.4342761,0.141,5.23318718171062e-4,0.79,,,,,15_months,1,5,FALSE,3.39,,,,
Murramarang,2,MURR-2,MURR-2-WLV-2,WLV,2,individual,WLV,Leucopogon affinis,,609,1.2,4.2,n,,seed,y,2,0.029,,,860,0.426,4.953488372093023e-4,3.55,,,,,15_months,1,5,FALSE,3.158,,,,
Murramarang,2,MURR-2,MURR-2-WLV-3,WLV,3,individual,WLV,Leucopogon affinis,,856,1.5,4.8,n,,seed,y,3,0.067,,,730,0.341,4.671232876712329e-4,2.76,,,,,15_months,1,5,FALSE,5.923,,,,
Murramarang,2,MURR-2,,WLV,,individual,WLV,Leucopogon affinis,,431,0.9,2,n,,seed,n,4,,,,,,,,,,,,15_months,,,,,,,,
Murramarang,2,MURR-2,MURR-2-WLV,WLV,,pooled_nitrogen_sample,,Leucopogon affinis,,,,,,,,,,,,,,,,,,,,,15_months,,,,,143,Mixed,Slightly mouldy,0.99
Murramarang,2,MURR-2,MURR-2-WWL-1,WWL,1,individual,WWL,Pultenaea linophylla,,412,1,1.2,n,,seed,y,1,0.006,,,140,0.099,7.071428571428571e-4,0.2,,,,,15_months,1,5,FALSE,0.6970000000000001,,,,
Murramarang,2,MURR-2,MURR-2-WWL-2,WWL,2,individual,WWL,Pultenaea linophylla,,753,1.4,6,n,,seed,y,4,0.005,,,780,0.53,6.794871794871796e-4,19.47,,,,,15_months,1,5,FALSE,0.6910000000000001,,,,
Murramarang,2,MURR-2,MURR-2-WWL-3,WWL,3,individual,WWL,Pultenaea linophylla,,529,1,2.8,n,,seed,y,3,0.007,,,400,0.257,6.425000000000001e-4,5.1,,,,,15_months,1,5,FALSE,0.854,,,,
Murramarang,2,MURR-2,,WWL,,individual,WWL,Pultenaea linophylla,,283,1.1,2,n,,seed,n,2,,,,,,,,,,,,15_months,,,,,,,,
Murramarang,2,MURR-2,,WWL,,individual,WWL,Pultenaea linophylla,,715,1,4.9,n,,seed,n,5,,,,,,,,,,,,15_months,,,,,,,,
Murramarang,2,MURR-2,MURR-2-WWL,WWL,,pooled_nitrogen_sample,,Pultenaea linophylla,,,,,,,,,,,,,,,,,,,,,15_months,,,,,142,Mixed,Mouldy,2.58
Murramarang,3,MURR-3,MURR-3-AL-1,AL,1,individual,AL,Lomatia silaifolia,,418,2.2,3,n,,seed,n,1,0.2,0.203,0.265,419.6303847,0.174,4.1465062193814966e-4,1.47,,,,,15_months,3,3,TRUE,112.903,,,,
Murramarang,3,MURR-3,MURR-3-AL,AL,,pooled_nitrogen_sample,,Lomatia silaifolia,,,,,,,,,,,,,,,,,,,,,15_months,,,,,147,Mixed,Fresh,2.44
Murramarang,3,MURR-3,MURR-3-BASG-1,BASG,1,individual,BASG,Acacia mearnsii,,1539,3,10,n,,seed,y,1,0.505,0.425,0.494,4098.25125,1.344,3.27944754485221e-4,13.1,,,,,15_months,3,3,TRUE,156.95499999999998,,,,
Murramarang,3,MURR-3,MURR-3-BASG-2,BASG,2,individual,BASG,Acacia mearnsii,,1068,2,5,n,,seed,y,2,0.326,0.23,0.307,1453.111009,0.564,3.881327692838366e-4,6.58,,,,,15_months,3,3,TRUE,112.18599999999999,,,,
Murramarang,3,MURR-3,MURR-3-BASG-3,BASG,3,individual,BASG,Acacia mearnsii,,1474,3,9,n,,seed,y,3,0.309,0.74,0.574,4201.544028,1.32,3.141702172351959e-4,21.26,,,,,15_months,3,3,TRUE,118.451,,,,
Murramarang,3,MURR-3,,BASG,,individual,BASG,Acacia mearnsii,,1896,1.9,12.2,n,,seed,n,4,,,,,,,,,,,,15_months,,,,,,,,
Murramarang,3,MURR-3,,BASG,,individual,BASG,Acacia mearnsii,,1872,2.5,12.5,n,,seed,n,5,,,,,,,,,,,,15_months,,,,,,,,
Murramarang,3,MURR-3,MURR-3-BASG,BASG,,pooled_nitrogen_sample,,Acacia mearnsii,,,,,,,,,,,,,,,,,,,,,15_months,,,,,40,Pure,Fresh,4.42
Murramarang,3,MURR-3,MURR-3-BE-1,BE,1,individual,BE,Eucalyptus botryoides,,594,1.9,4,n,,lignotuber,y,1,0.426,,,426.3587926,0.205,4.8081569691545275e-4,2.74,,,,,15_months,1,5,FALSE,55.927,,,,
Murramarang,3,MURR-3,MURR-3-BE-2,BE,2,individual,BE,Eucalyptus botryoides,,580,2,2.5,n,,lignotuber,y,2,0.262,,,310.4632449,0.132,4.2517110211393017e-4,0.59,,,,,15_months,1,5,FALSE,45.824,,,,
Murramarang,3,MURR-3,MURR-3-BE-3,BE,3,individual,BE,Eucalyptus botryoides,,1354,1.5,8.4,n,,lignotuber,y,4,0.9,,,2207.53627,0.931,4.217371250711093e-4,16.69,,,,,15_months,1,5,FALSE,108.498,,,,
Murramarang,3,MURR-3,,BE,,individual,BE,Eucalyptus botryoides,,340,1.8,4,n,,lignotuber,n,3,,,,,,,,,,,,15_months,,,,,,,,
Murramarang,3,MURR-3,,BE,,individual,BE,Eucalyptus botryoides,,854,2,4.5,n,,seed,n,5,,,,,,,,,,,,15_months,,,,,,,,
Murramarang,3,MURR-3,,BE,,individual,BE,Eucalyptus botryoides,,865,1.6,2.9,n,,seed,n,6,,,,,,,,,,,,15_months,,,,,,,,
Murramarang,3,MURR-3,MURR-3-BE,BE,,pooled_nitrogen_sample,,Eucalyptus botryoides,,,,,,,,,,,,,,,,,,,,,15_months,,,,,37,Pure,Fresh,1.69
Murramarang,3,MURR-3,MURR-3-BWL-1,BWL,1,individual,BWL,Pultenaea daphnoides,,1066,1.2,4.5,n,,seed,y,1,0.021,,,1132.64429,0.468,4.131923889361593e-4,6.02,,,,,15_months,1,5,FALSE,2.879,,,,
Murramarang,3,MURR-3,MURR-3-BWL-2,BWL,2,individual,BWL,Pultenaea daphnoides,,996,1.5,5.1,n,,seed,y,2,0.033,,,1179.437097,0.601,5.095651150270712e-4,6.87,,,,,15_months,1,5,FALSE,4.069,,,,
Murramarang,3,MURR-3,MURR-3-BWL-3,BWL,3,individual,BWL,Pultenaea daphnoides,,1299,1.1,6.6,n,,seed,y,3,0.03,,,1384.183053,0.583,4.21187066794698e-4,11.22,,,,,15_months,1,5,FALSE,4.172,,,,
Murramarang,3,MURR-3,,BWL,,individual,BWL,Pultenaea daphnoides,,1604,1.2,7.5,n,,seed,n,4,,,,,,,,,,,,15_months,,,,,,,,
Murramarang,3,MURR-3,,BWL,,individual,BWL,Pultenaea daphnoides,,1487,1,7.5,n,,seed,n,5,,,,,,,,,,,,15_months,,,,,,,,
Murramarang,3,MURR-3,MURR-3-BWL,BWL,,pooled_nitrogen_sample,,Pultenaea daphnoides,,,,,,,,,,,,,,,,,,,,,15_months,,,,,154,Mixed,Very mouldy,2.77
Murramarang,3,MURR-3,,Bastard Rosewood,,individual,Bastard Rosewood,Synoum glandulosum,,776,3,6.5,n,,sprout,n,1,,,,,,,,,,,,15_months,,,,,,,,
Murramarang,3,MURR-3,,Blueberry Ash,,individual,Blueberry Ash,Eleocarpus reticulatus,,615,3,6,n,,sprout,n,1,,,,,,,,,,,,15_months,,,,,,,,
Murramarang,3,MURR-3,,Blueberry Ash,,individual,Blueberry Ash,Eleocarpus reticulatus,,297,1.7,3.5,n,,sprout,n,2,,,,,,,,,,,,15_months,,,,,,,,
Murramarang,3,MURR-3,,Blueberry Ash,,individual,Blueberry Ash,Eleocarpus reticulatus,,521,2,5.5,n,,sprout,n,3,,,,,,,,,,,,15_months,,,,,,,,
Murramarang,3,MURR-3,,Blueberry Ash,,individual,Blueberry Ash,Eleocarpus reticulatus,,641,2,5,n,,sprout,n,4,,,,,,,,,,,,15_months,,,,,,,,
Murramarang,3,MURR-3,MURR-3-DSP-1,DSP,1,individual,DSP,Opercularia aspera,,765,1,2.5,n,,seed,y,1,0.11,,,779.0834138,0.135,1.7328054686921638e-4,2.52,,,,,15_months,1,5,FALSE,20.485,,,,
Murramarang,3,MURR-3,MURR-3-DSP-2,DSP,2,individual,DSP,Opercularia aspera,,1113,1.4,3,n,,seed,y,2,0.109,,,355.5297013,0.093,2.615815209248173e-4,9.49,,,,,15_months,1,5,FALSE,23.521,,,,
Murramarang,3,MURR-3,MURR-3-DSP-3,DSP,3,individual,DSP,Opercularia aspera,,983,1,3,n,,seed,y,3,0.082,,,463.7697615,0.125,2.6953029364334697e-4,11.42,,,,,15_months,1,5,FALSE,14.882,,,,
Murramarang,3,MURR-3,,DSP,,individual,DSP,Opercularia aspera,,611,1.1,2.2,n,,seed,n,4,,,,,,,,,,,,15_months,,,,,,,,
Murramarang,3,MURR-3,MURR-3-DSP,DSP,,pooled_nitrogen_sample,,Opercularia aspera,,,,,,,,,,,,,,,,,,,,,15_months,,,,,153,Pure,Fresh,1.73
Murramarang,3,MURR-3,MURR-3-FOL-1,FOL,1,individual,FOL,Xanthosia pilosa,,246,1.1,1.5,n,,seed,y,1,0.21,,,155.5249632,0.049,3.150619617057077e-4,0.227,,,,,15_months,1,5,FALSE,46.739,,,,
Murramarang,3,MURR-3,MURR-3-FOL-2,FOL,2,individual,FOL,Xanthosia pilosa,,262,1.1,1.6,n,,seed,y,2,0.147,,,129.2904043,0.046,3.557881982738915e-4,0.13,,,,,15_months,1,5,FALSE,23.806,,,,
Murramarang,3,MURR-3,MURR-3-FOL-3,FOL,3,individual,FOL,Xanthosia pilosa,,170,,1,n,,seed,n,3,0.092,,,55.69213216,0.024,4.309405847678718e-4,0.156,,,,,15_months,1,5,FALSE,20.155,,,,
Murramarang,3,MURR-3,,FOL,,individual,FOL,Xanthosia pilosa,,201,,1.1,n,,seed,n,4,,,,,,,,,,,,15_months,,,,,,,,
Murramarang,3,MURR-3,,FOL,,individual,FOL,Xanthosia pilosa,,223,,1.3,n,,seed,n,5,,,,,,,,,,,,15_months,,,,,,,,
Murramarang,3,MURR-3,MURR-3-FOL,FOL,,pooled_nitrogen_sample,,Xanthosia pilosa,,,,,,,,,,,,,,,,,,,,,15_months,,,,,157,Mixed,Fresh,1.82
Murramarang,3,MURR-3,MURR-3-MRUL-1,MRUL,1,individual,MRUL,Pseudantherum variable,,263,1,1,n,,seed,y,1,0.1,,,114.783016,0.074,6.446946820076586e-4,0.108,,,,,15_months,1,5,FALSE,19.51,,,,
Murramarang,3,MURR-3,MURR-3-MRUL-2,MRUL,2,individual,MRUL,Pseudantherum variable,,267,1.3,2.5,n,,seed,y,2,0.097,,,101.1769549,0.053,5.238347018091567e-4,0.158,,,,,15_months,1,5,FALSE,13.074,,,,
Murramarang,3,MURR-3,MURR-3-MRUL-3,MRUL,3,individual,MRUL,Pseudantherum variable,,225,1,1.4,n,,seed,y,3,0.196,,,80.52883719,0.047,5.836418560112577e-4,0.077,,,,,15_months,1,4,FALSE,30.061,,,,
Murramarang,3,MURR-3,,MRUL,,individual,MRUL,Pseudantherum variable,,190,,1.5,n,,seed,n,4,,,,,,,,,,,,15_months,,,,,,,,
Murramarang,3,MURR-3,,MRUL,,individual,MRUL,Pseudantherum variable,,194,,1,n,,seed,n,5,,,,,,,,,,,,15_months,,,,,,,,
Murramarang,3,MURR-3,MURR-3-MRUL,MRUL,,pooled_nitrogen_sample,,Pseudantherum variable,,,,,,,,,,,,,,,,,,,,,15_months,,,,,150,Mixed,Very mouldy,1.49
Murramarang,3,MURR-3,MURR-3-MSLA-1,MSLA,1,individual,MSLA,Acacia longifolia,,2329,1.4,12,n,,seed,y,1,1.1,,,7118.116351,2.561,3.597861953521192e-4,72.52,,,,,15_months,1,5,FALSE,117.102,,,,
Murramarang,3,MURR-3,MURR-3-MSLA-2,MSLA,2,individual,MSLA,Acacia longifolia,,2113,2.7,11.5,n,,seed,y,2,1.341,,,6312.135956,2.236,3.5423825082135164e-4,57.64,,,,,15_months,1,5,FALSE,139.458,,,,
Murramarang,3,MURR-3,MURR-3-MSLA-3,MSLA,3,individual,MSLA,Acacia longifolia,,2449,2.4,14.5,n,,seed,y,3,0.908,,,7438.139705,2.392,3.215857855415207e-4,76.97,,,,,15_months,1,5,FALSE,109.176,,,,
Murramarang,3,MURR-3,,MSLA,,individual,MSLA,Acacia longifolia,,2047,2.3,15.8,n,,seed,n,4,,,,,,,,,,,,15_months,,,,,,,,
Murramarang,3,MURR-3,,MSLA,,individual,MSLA,Acacia longifolia,,2324,2,10.5,n,,seed,n,4,,,,,,,,,,,,15_months,,,,,,,,
Murramarang,3,MURR-3,MURR-3-MSLA,MSLA,,pooled_nitrogen_sample,,Acacia longifolia,,,,,,,,,,,,,,,,,,,,,15_months,,,,,31,Pure,Fresh,3.02
Murramarang,3,MURR-3,,Native Olive,,individual,Native Olive,Notelaea ovata,,765,2.3,7.1,n,,sprout,n,1,,,,,,,,,,,,15_months,,,,,,,,
Murramarang,3,MURR-3,MURR-3-SG-1,SG,1,individual,SG,Eucalyptus cypellocarpa,,671,2,5.8,n,,lignotuber,y,1,1.345,,,861.235837,0.412,4.783823225879069e-4,6.38,,,,,15_months,1,5,FALSE,122.161,,,,
Murramarang,3,MURR-3,MURR-3-SG-2,SG,2,individual,SG,Eucalyptus cypellocarpa,,276,1.6,2.3,n,,lignotuber,y,2,0.62,,,215.9899491,0.103,4.7687404172826853e-4,1.47,,,,,15_months,1,5,FALSE,52.873999999999995,,,,
Murramarang,3,MURR-3,MURR-3-SG-3,SG,3,individual,SG,Eucalyptus cypellocarpa,,1576,2,5.1,n,,lignotuber,y,3,1.872,,,615.2642119,0.306,4.973473088171992e-4,4.36,,,,,15_months,1,5,FALSE,173.17000000000002,,,,
Murramarang,3,MURR-3,,SG,,individual,SG,Eucalyptus cypellocarpa,,1124,2,6,n,,lignotuber,n,4,,,,,,,,,,,,15_months,,,,,,,,
Murramarang,3,MURR-3,,SG,,individual,SG,Eucalyptus cypellocarpa,,260,1.3,2.1,n,,seed,n,5,,,,,,,,,,,,15_months,,,,,,,,
Murramarang,3,MURR-3,MURR-3-SG,SG,,pooled_nitrogen_sample,,Eucalyptus cypellocarpa,,,,,,,,,,,,,,,,,,,,,15_months,,,,,39,Pure,Fresh,1.6
