Campaign,Year,Ring,CO2Treat,Perc.P.mean,Perc.N.mean,Perc.C.mean,NP.mean,CP.mean,CN.mean,Perc.P.std.error,Perc.N.std.error,Perc.C.std.error,NP.std.error,CP.std.error,CN.std.error
Nov_2015,2015,1,Elev,0.0132,0.5695,44.7015,46.17334129,3556.341137,81.38410679,0.001113553,0.1065,0.0885,13.10677227,357.0553755,15.36877252
Nov_2015,2015,2,Amb,0.018,0.655,44.478,31.46198683,2310.99806,73.51478819,0.004041452,0.178,0.396,0.093365895,641.219558,20.59893216
Nov_2015,2015,3,Amb,0.012,0.371,45.775,36.96139889,4545.535475,123.3922669,0.002081666,0.003,0.318,8.209563975,944.493731,1.8533654
Nov_2015,2015,4,Elev,0.010333333,0.4655,45.1245,49.20647639,4752.86793,97.88971032,0.000881917,0.0485,0.3725,6.867308455,214.0896665,9.310749385
Nov_2015,2015,5,Elev,0.013666667,0.6915,44.7185,49.74612343,3202.748799,64.71105676,0.00120185,0.0275,0.4815,8.735735345,472.0479495,1.87453232
Nov_2015,2015,6,Amb,0.012333333,0.4185,44.822,38.43761124,4258.714892,107.9932802,0.002603417,0.0375,0.056,10.96842269,1561.977697,9.820114675
