taxon_name,ParGenTax,ParTribeTax,ParSubfamTax,ParFamTax,ParOrdTax,ParCladeTax,reference,url,pollination,wind_water_animal_pollination,wind_pollination_explicitly_tested,pollination_text,pollination_data_source,syndrome_or_system,confidence_score,pollination_reward,nectar,scent,pollination_reward_text,pollination_reward_data_source,rank_scored_at,entered_by,entry_date
Trimenia moorei,Trimenia,NA,NA,Trimeniaceae,Austrobaileyales,Angiospermae,"BERNHARDT, P., SAGE, T., WESTON, P., AZUMA, H., LAM, M., THIEN, L. B., & BRUHL, J. (2003). The Pollination of Trimenia moorei (Trimeniaceae): Floral Volatiles, Insect/Wind Pollen Vectors and Stigmatic Self‐incompatibility in a Basal Angiosperm. Annals of Botany, 92(3), 445–458. https://doi.org/10.1093/aob/mcg157",https://doi.org/10.1093/aob/mcg157,wind and insect,wind&animal,yes,"""Observations and analyses of floral foragers on T. moorei illustrate that this species incorporates both Australian native species of Diptera and Hymenoptera without much pollen dispersal by Coleoptera. Therefore, T. moorei appears to conform to the generalist model of insect- pollination exhibited by many relictual-basal angiosperms, some belonging to the ANITA group, and posited to exist in protoangiosperms...Wind pollination is retained in T. moorei as a `failsafe mechanism' ensuring some level of cross-pollination""",explicit from the text (described as such),system,"6 - Pollination system, wind pollination explicitly tested for, pollination rewards clear, pollination efficiency of different pollinators tested",pollen,no,yes,"""Male and bisexual flowers are strongly scented with pollen, anther sacs and receptacle scars testing positively for volatile emissions. Scent analyses detect over 20 components...Pollen was the primary reward for all insects visiting flowers of T. moorei as nectar was not produced by any parts of the flower, including the stigma""",explicit from the text (described as such),species,Ruby Stephens,29/10/2021
Cabomba caroliniana,Cabomba,NA,NA,Cabombaceae,Nymphaeales,Angiospermae,"Schneider, E. L., & Jeter, J. M. (1982). Morphological Studies of the Nymphaeaceae. XII. The Floral Biology of Cabomba caroliniana. American Journal of Botany, 69(9), 1410–1419. https://doi.org/10.2307/2443102",http://www.jstor.org/stable/2443102,insect,animal,no,"""Insects attracted to 2nd-day flowers in search of nectar become dusted with pollen (due to the position and extrorse dehiscence of the anthers) and as insects fly to 1st-day flowers, achieve cross-pollination""",explicit from the text (described as such),system,"5 - Pollination system but wind pollination not explicitly tested for, pollination rewards clear, pollination efficiency of different pollinators not explicitly tested but pollinators observed transporting pollen and effecting pollination",nectar and pollen,yes,NA,""" The adaxial corolla spurs are nectariferous and attract small Diptera (e.g. Notiphila cressoni and Hydrellia bilobifera)…Large pollen loads could be seen on the body and legs, and in the corbiculae of the bees. The bees showed no interest in the nectaries""",explicit from the text (described as such),species,Ruby Stephens,7/11/2021
Nymphaea odorata,Nymphaea,NA,Nymphaeoideae,Nymphaeaceae,Nymphaeales,Angiospermae,"Schneider, E. L., & Chaney, T. (1981). The Floral Biology of Nymphaea odorata (Nymphaeaceae). The Southwestern Naturalist, 26(2), 159–165. https://doi.org/10.2307/3671112",http://www.jstor.org/stable/3671112,bee,animal,no,"""The most frequent floral visitor was Lasioglossum versatum, a small halictid bee (Figs. 10, 11, 12). We considered them to be the primary pollinator because they carry large, exclusive quantities of Nymphaea pollen from pollen-releasing flowers to the stigma of receptive (first-day) flowers...""",explicit from the text (described as such),system,"5 - Pollination system but wind pollination not explicitly tested for, pollination rewards clear, pollination efficiency of different pollinators not explicitly tested but pollinators observed transporting pollen and effecting pollination",pollen,no,yes,"""The flowers emit a sweet, honeysuckle-like odor which is approximately equal in intensity on all 3 days of anthesis...Both visual and olfactory stimuli serve to attract these insects. Apis mellifera and L. versatum were both observed to approach and circle the transparent containers placed over flowers indicating that they are visually attracted by the conspicuous white petals. Continued observations revealed that both bees, but especially L. versatum, would fly to the open bottom of the cylinder where the volatile odor was escaping. This behavior indicates that olfactory stimuli also serve as an attractant. Once inside, the bees flew directly to the stamens and began gathering pollen...As pollen-covered insects are attracted to first-day (pollen-receptive) flowers (by both visual and olfactory stimuli), they mistakenly land in the stigmatic fluid or land on the flexible inner stamens which give way into the fluid which washes off the pollen, thus facilitating cross-pollination""",explicit from the text (described as such),species,Ruby Stephens,16/11/2021
Hydrangea macrophylla,Hydrangea,NA,Hydrangeoideae,Hydrangeaceae,Cornales,Asteridae,"Wong Sato, A. A., & Kato, M. (2019). Pollination-related functions of decorative sterile flowers of nine Japanese Hydrangea species (Hydrangeaceae). Botany, 97(10), 521–528. https://doi.org/10.1139/cjb-2018-0208",http://cdnsciencepub.com/doi/full/10.1139/cjb-2018-0208,insect,animal,no,"""recorded insect visits to the intact and treated inflorescences...Decorative flowers appeared to act as landing-sites for three species for which flowers represented a high proportion of the inflorescence surface area (i.e., H. scandens, H. luteovenosa, and H. macrophylla)...decorative flowers increase pollinator visitation rates, and this effect was most prominent for H. luteovenosa, H. scandens, and H. macrophylla""",interpreted from the text,system,"5 - Pollination system but wind pollination not explicitly tested for, pollination rewards clear, pollination efficiency of different pollinators not explicitly tested but pollinators observed transporting pollen and effecting pollination",pollen,no,no,"""The main floral reward from visiting Hydrangea spp. was pollen. Nectar was only detected in fertile flowers of H. paniculata and H. petiolaris, with sugar concentrations of 50.0% and 31.2%, respectively. The nectar-probing be- haviour of some insects on H. scandens and H. luteovenosa flowers suggests that fertile flowers of these plant spe- cies also secrete nectar (Supplementary data, Fig. S11). Inflorescences of H. hirta, H. paniculata, and H. petiolaris had sweet odours.""",interpreted from the text,species,Ruby Stephens,31/3/2022
Actinidia chinensis,Actinidia,NA,NA,Actinidiaceae,Ericales,Asteridae,"Goodwin, R., McBrydie, H., & Taylor, M. (2013). Wind and honey bee pollination of kiwifruit (Actinidia chinensis ‘HORT16A’). New Zealand Journal of Botany, 51(3), 229–240. https://doi.org/10.1080/0028825X.2013.806934",https://doi.org/10.1080/0028825X.2013.806934,wind and insect,wind&animal,yes,"""Excluding honey bees (Apis mellifera L.) significantly (p<0.05) reduced fruit set and seed number. Flowers exposed to wind pollination for 5 days produced fruit with an average of 110 seeds...In ‘Hayward’, pollen is transferred through wind (Intoppa & Piazza 1990; Costa et al. 1993; Vaissiere et al. 1993) and insect foraging (Palmer- Jones & Clinch 1974; Clinch 1984; Goodwin 1987)...",explicit from the text (described as such),system,"6 - Pollination system, wind pollination explicitly tested for, pollination rewards clear, pollination efficiency of different pollinators tested",pollen,no,NA,"""There was no indication of nectar production...Both staminate and pistillate flowers produce pollen, but neither produce nectar and so are less attractive to insect visitors than flowers that produce pollen and nectar (Clinch 1990).""",explicit from the text (described as such),species,Ruby Stephens,31/3/2022
Arbutus unedo,Arbutus,NA,Arbutoideae,Ericaceae,Ericales,Asteridae,"Sealy, J. R., & Webb, D. A. (1950). Arbutus unedo L. Journal of Ecology, 38(1), 223–236. https://doi.org/10.2307/2256540",http://www.jstor.org/stable/2256540,insect,animal,no,"""The nectar, which is not abundant, is secreted at the base of the ovary. Any insect in probing for it is almost certain to brush against the stigma and, by disturbing the appendages of the anthers, to rain down pollen on its head. Cross-pollination probably takes place by this means, but self-pollination is probably frequent as well, the pollen which drops from the anthers being caught on the hairs at the constricted mouth of the corolla, and thence transferred to the sides of the stigma when the flower is displaced from the vertical by wind. Robbing of the nectar by perforation of the corolla has not been observed.""",interpreted from the text,syndrome,"3 - Pollination syndrome but adaptations for animal pollination (nectar, scent, staminodes, sticky pollen) or else wind pollination (very reduced perianth, feathery stigma, exposed anthers with dry powdery pollen) or abiotic pollination clearly described",nectar,yes,NA,"""The nectar, which is not abundant, is secreted at the base of the ovary. Any insect in probing for it is almost certain to brush against the stigma and, by disturbing the appendages of the anthers, to rain down pollen on its head. Cross-pollination probably takes place by this means""",interpreted from the text,species,Ruby Stephens,27/1/2022
Prionotes cerinthoides,Prionotes,NA,NA,Ericaceae,Ericales,Asteridae,"Johnson, K. A., McQuillan, P. B., & Kirkpatrick, J. B. (2010). Bird Pollination of the Climbing Heath Prionotes cerinthoides (Ericaceae). International Journal of Plant Sciences, 171(2), 147–157. https://doi.org/10.1086/648990",https://www.journals.uchicago.edu/doi/full/10.1086/648990,bird and bee,animal,no,"""Prionotes cerinthoides produced little viable seed in the absence of a pollinator but selfed readily when pollination was facilitated. It appears that P. cerinthoides depends largely on the pollination services of a single native bird species, the eastern spinebill (Acanthorhynchus tenuirostris). The only other flower visitor observed to contact anthers and stigma was the introduced bumblebee (Bombus terrestris). """,explicit from the text (described as such),system,"5 - Pollination system but wind pollination not explicitly tested for, pollination rewards clear, pollination efficiency of different pollinators not explicitly tested but pollinators observed transporting pollen and effecting pollination",nectar and pollen,yes,NA,"""The introduced bumblebee was observed, on one occasion, to contact anthers and stigma as it gathered pollen, but it was more frequently a nectar robber.""",interpreted from the text,species,Ruby Stephens,1/4/2022
Barringtonia asiatica,Barringtonia,NA,Barringtonioideae,Lecythidaceae,Ericales,Asteridae,"Kato, M., & Kawakita, A. (2004). Plant-pollinator interactions in New Caledonia influenced by introduced honey bees. American Journal of Botany, 91(11), 1814–1827. https://doi.org/10.3732/ajb.91.11.1814",http://onlinelibrary.wiley.com/doi/abs/10.3732/ajb.91.11.1814,bat,animal,no,"""Although we did not directly observe bats visiting flowers, bats were observed flying towards three species of trees: Barringtonia asiatica...The flowers of these species produced strong fragrance at night, and the following morning, many damaged flowers were found at the base of the trees. Based on this circumstantial evidence, these plants were inferred to be bat-pollinated.""",explicit from the text (described as such),syndrome,"3 - Pollination syndrome but adaptations for animal pollination (nectar, scent, staminodes, sticky pollen) or else wind pollination (very reduced perianth, feathery stigma, exposed anthers with dry powdery pollen) or abiotic pollination clearly described",NA,NA,yes,"""The flowers of these species produced strong fragrance at night""",explicit from the text (described as such),species,Ruby Stephens,1/4/2022
Cobaea scandens,Cobaea,NA,Cobaeoideae,Polemoniaceae,Ericales,Asteridae,"Ippolito, A., & Suarez, A. V. (1998). Flowering Phenology and Pollination of Cobaea aschersoniana (Polemoniaceae). Biotropica, 30(1), 145–148.",https://www.jstor.org/stable/2389224,bat,animal,no,"""At the onset of anthesis, flowers of C scandens (section Cobaea; Fig. 2) are greenish-yellow with a cabbage-like odor but turn muddy purple and lose their odor as the anthers dehisce throughout the first day (Grant & Grant 1965). After 3 or 4 days, the filaments retract into the corolla while the style elongates and stigma lobes open and become receptive; thus, the flowers are protandrous. The floral cup is 3 cm deep and the entrance is 2-3 cm wide. Grant and Grant (1965) simulated visits to C scandens using preserved specimens of the nectivorous glossophagine bat Leptonycteris nivalis. Pollen adhered to fur on the breast and chin, and the breast and chin contacted receptive stigmas (Grant & Grant 1965).""",explicit from the text (described as such),system,"5 - Pollination system but wind pollination not explicitly tested for, pollination rewards clear, pollination efficiency of different pollinators not explicitly tested but pollinators observed transporting pollen and effecting pollination",nectar,yes,yes,"""C scandens...with a cabbage-like odor but turn muddy purple and lose their odor as the anthers dehisce throughout the first day...simulated visits to C scandens using preserved specimens of the nectivorous glossophagine bat Leptonycteris nivalis""",interpreted from the text,species,Ruby Stephens,1/4/2022
Camellia sinensis,Camellia,NA,NA,Theaceae,Ericales,Asteridae,"Wickramaratne, M. R. T., & Vitarana, S. I. (1985). Insect pollination of tea (Camellia sinensis L.) in Sri Lanka. Tropical Agriculture, 62(3), Article 3. https://journals.sta.uwi.edu/ojs/index.php/ta/article/view/2241",https://journals.sta.uwi.edu/ojs/index.php/ta/article/view/2241,insect,animal,no,"""Many different types of insect frequented the seed garden throughout the year. Diptera were the most numerous and were found to be efficient pollinators of tea flowers. Bees were also effective pollinators but were only present seasonally and in smaller numbers""",explicit from the text (described as such),system,"5 - Pollination system but wind pollination not explicitly tested for, pollination rewards clear, pollination efficiency of different pollinators not explicitly tested but pollinators observed transporting pollen and effecting pollination",NA,NA,NA,NA,NA,species,Ruby Stephens,6/4/2022
Apium graveolens,Apium,NA,Apioideae,Apiaceae,Apiales,Campanulidae,"TRY- BiolFlor, The Ecological Flora Database",NA,insect,animal,no,"""beetles, flies, syrphids, wasps, medium tongued bees…insects rare…selfing the rule…insect""",explicit from the text (described as such),syndrome,"2 - Pollination syndrome based on interpretations of images or illustrations and text, and similar species, still relatively confident",NA,NA,NA,NA,NA,species,Ruby Stephens,28/1/2022
Azorella selago,Azorella,NA,Azorelloideae,Apiaceae,Apiales,Campanulidae,"Born, C., Le Roux, P. C., Spohr, C., McGEOCH, M. A., & Van Vuuren, B. J. (2012). Plant dispersal in the sub‐Antarctic inferred from anisotropic genetic structure. Molecular Ecology, 21(1), 184-194.",https://onlinelibrary.wiley.com/doi/epdf/10.1111/j.1365-294X.2011.05372.x,wind,wind,no,"""No pollinators or seed dispersers are known for A.  selago, suggesting that the species is wind pollinated and wind dispersed and may therefore be particularly sensitive to wind  patterns.""",explicit from the text (described as such),syndrome,"2 - Pollination syndrome based on interpretations of images or illustrations and text, and similar species, still relatively confident",NA,NA,NA,NA,NA,species,Lily Dun,31/3/2022
Actinotus helianthi,Actinotus,NA,Mackinlayoideae,Apiaceae,Apiales,Campanulidae,"Emery, N. J., Henwood, M. J., Offord, C. A., & Wardle, G. M. (2017). Right here, right now: Populations of Actinotus helianthi differ in their early performance traits and interactions. Austral Ecology, 42(3), 367-378.",https://onlinelibrary.wiley.com/doi/epdf/10.1111/aec.12450,insect,animal,no,"""The total number of insect visits per day to indi-vidualA. helianthiranged between 93 and 460 (aver-age 18123), and the total number of insect visitsper population ranged between 93 and 565 (average30157). Coleoptera (most commonly Curculion-idae and Mordellidae), Diptera, Hymenoptera (mostcommonly Apiodea and Formicidae) and Thysanop-tera comprised an average of 96.61.6% of thetotal abundance of visitors at each population""",explicit from the text (described as such),system,"5 - Pollination system but wind pollination not explicitly tested for, pollination rewards clear, pollination efficiency of different pollinators not explicitly tested but pollinators observed transporting pollen and effecting pollination",NA,NA,NA,NA,NA,species,Lily Dun,31/3/2022
Pennantia cunninghamii,Pennantia,NA,NA,Pennantiaceae,Apiales,Campanulidae,"Gardner, R. O., & de Lange, P. J. (2002). Revision of Pennantia (Icacinaceae), a small isolated genus of Southern Hemisphere trees. Journal of the Royal Society of New Zealand, 32(4), 669-695.",https://www.tandfonline.com/doi/pdf/10.1080/03014223.2002.9517715?needAccess=true,insect,animal,no,"""We have not found nectar in the flowers of P. baylisiana, P. corymbosa, or P. endlicheri.
These flowers each have a pleasant light floral scent. Thomson (1927) described those of P.
corymbosa as being ""very fragrant"" and ""evidently dependent on insects for pollination""",explicit from the text (described as such),syndrome,"3 - Pollination syndrome but adaptations for animal pollination (nectar, scent, staminodes, sticky pollen) or else wind pollination (very reduced perianth, feathery stigma, exposed anthers with dry powdery pollen) or abiotic pollination clearly described",NA,NA,yes,"""These flowers each have a pleasant light floral scent""",explicit from the text (described as such),species,Lily Dun,31/3/2022
Billardiera heterophylla,Billardiera,NA,NA,Pittosporaceae,Apiales,Campanulidae,iNaturalist. 2022. Billardiera heterophylla. https://www.inaturalist.org/taxa/75769-Billardiera-heterophylla,https://www.inaturalist.org/taxa/75769-Billardiera-heterophylla,insect,animal,no,NA,guessed from the illustration,syndrome,"2 - Pollination syndrome based on interpretations of images or illustrations and text, and similar species, still relatively confident",NA,NA,NA,NA,NA,species,Lily Dun,31/3/2022
Helianthus annuus,Helianthus,Heliantheae,Asteroideae,Asteraceae,Asterales,Campanulidae,"Neff, J. L., & Simpson, B. B. (1990). The roles of phenology and reward structure in the pollination biology of wild sunflower (Helianthus annuus L., Asteraceae). Israel Journal of Botany, 39(1–2), 197–216. https://doi.org/10.1080/0021213X.1990.10677144",https://www-tandfonline-com.simsrad.net.ocs.mq.edu.au/doi/abs/10.1080/0021213X.1990.10677144,insect,animal,no,"""Throughout its range, the species is visited by a wide variety of native bees (Hurd et al., 1980). In our study area, more than 20 bee species visit Helianthus annuus. Virtually all of these bees are capable of pollinating H. annuus, but the abundances of most bee species vary widely from year to year."" TRY: ""bees, bumble bees, wasps, bombylides, syrphids""",explicit from the text (described as such),system,"5 - Pollination system but wind pollination not explicitly tested for, pollination rewards clear, pollination efficiency of different pollinators not explicitly tested but pollinators observed transporting pollen and effecting pollination",nectar and pollen,yes,NA,"""Both pollen and nectar are produced only during the male phase of the protandrous disk florets""",explicit from the text (described as such),species,Ruby Stephens,28/1/2022
Tragopogon dubius,Tragopogon,Cichorieae,Cichorioideae,Asteraceae,Asterales,Campanulidae,"TRY- BiolFlor, BASECO",NA,insect,animal,no,"""bees, bumble bees, wasps, bombylides, syrphids…insects the rule…selfing at failure of outcrossing…entomogamous""",explicit from the text (described as such),syndrome,"2 - Pollination syndrome based on interpretations of images or illustrations and text, and similar species, still relatively confident",NA,NA,NA,NA,NA,species,Ruby Stephens,28/1/2022
Dampiera spicigera,Dampiera,NA,NA,Goodeniaceae,Asterales,Campanulidae,Florabase. 2022. Dampiera. https://florabase.dpaw.wa.gov.au/browse/profile/22140,https://florabase.dpaw.wa.gov.au/browse/profile/22140,insect,animal,no,""" Entomophilous. Pollination mechanism conspicuously specialized (involving a stylar modification for pollen presentation).""",explicit from the text (described as such),syndrome,"3 - Pollination syndrome but adaptations for animal pollination (nectar, scent, staminodes, sticky pollen) or else wind pollination (very reduced perianth, feathery stigma, exposed anthers with dry powdery pollen) or abiotic pollination clearly described",NA,NA,NA,NA,NA,species,Lily Dun,7/4/2022
Lonicera japonica,Lonicera,NA,Caprifolioideae,Caprifoliaceae,Dipsacales,Campanulidae,"Miyake, T., & Yahara, T. (1998). Why does the flower of Lonicera japonica open at dusk? Canadian Journal of Botany, 76(10), 1806–1811. https://doi.org/10.1139/b98-119",http://cdnsciencepub.com/doi/abs/10.1139/b98-119,bee and moth,animal,no,"""We investigated contributions of diurnal pollinators and a nocturnal pollinator to pollen transfer in Lonicera japonica (Caprifoliaceae), whose flowers have traits typical of the hawkmoth-pollination syndrome. Diurnal bees, Tetralonia nipponensis and Lasioglossum sp., delivered more pollen grains than the nocturnal hawkmoth Theretra japonica per visit, suggesting that these bees were also effective pollinators...The hawkmoth-pollination syndrome is characterized by long-tubed, white or pale, sweetly scented flowers which open at dusk and have ample thin nectar (van der Pijl 1961; Wyatt 1983; Knudsen and Tollsten 1993)...The flowers of Lonicera ja- ponica have traits typical of hawkmoth-pollinated flowers and flowering over 2 days. During daytime, bees visit them to collect pollen and (or) nectar.""",explicit from the text (described as such),system,"5 - Pollination system but wind pollination not explicitly tested for, pollination rewards clear, pollination efficiency of different pollinators not explicitly tested but pollinators observed transporting pollen and effecting pollination",nectar and pollen,yes,yes,"""The hawkmoth-pollination syndrome is characterized by long-tubed, white or pale, sweetly scented flowers which open at dusk and have ample thin nectar...The flowers of Lonicera japonica have traits typical of hawkmoth-pollinated flowers and flowering over 2 days. During daytime, bees visit them to collect pollen and (or) nectar.""",explicit from the text (described as such),species,Ruby Stephens,7/4/2022
Eremosyne pectinata,Eremosyne,NA,NA,Escalloniaceae,Escalloniales,Campanulidae,"Conran, J. G., & Macfarlane, T. D. (2016). Eremosynaceae. In J. W. Kadereit & V. Bittrich (Eds.), Flowering Plants. Eudicots: Aquifoliales, Boraginales, Bruniales, Dipsacales, Escalloniales, Garryales, Paracryphiales, Solanales (except Convolvulaceae), Icacinaceae, Metteniusaceae, Vahliaceae (pp. 179–183). Springer International Publishing. https://doi.org/10.1007/978-3-319-28534-4_13",https://doi.org/10.1007/978-3-319-28534-4_13,insect,animal,no,"""The flowers are visited by small bees (Halictidae and Anthophoridae), flies (Syrphidae, Bombyliidae, Muscidae) and beetles (Chrysomelidae: Hispinae and Curculionidae). The bees were seen collecting pollen actively, whereas the other visitors were in situ pollen feeders (Conran, unpubl. obs.).""",explicit from the text (described as such),system,"5 - Pollination system but wind pollination not explicitly tested for, pollination rewards clear, pollination efficiency of different pollinators not explicitly tested but pollinators observed transporting pollen and effecting pollination",pollen,NA,NA,"""The flowers are visited by small bees (Halictidae and Anthophoridae), flies (Syr- phidae, Bombyliidae, Muscidae) and beetles (Chrysomelidae: Hispinae and Curculionidae). The bees were seen collecting pollen actively, whereas the other visitors were in situ pollen feeders (Conran, unpubl. obs.).""",explicit from the text (described as such),species,Ruby Stephens,7/4/2022
Escallonia rubra,Escallonia,NA,NA,Escalloniaceae,Escalloniales,Campanulidae,"Aizen, M. A., & Rovere, A. E. (2010). Reproductive interactions mediated by flowering overlap in a temperate hummingbird–plant assemblage. Oikos, 119(4), 696–706. https://doi.org/10.1111/j.1600-0706.2009.17762.x",http://onlinelibrary.wiley.com/doi/abs/10.1111/j.1600-0706.2009.17762.x,bird,animal,no,"""Seven ornithophilous species, all woody, occur in the study area...the shrub Escallonia rubra (Escalloniaceae)...highly dependent on animal pollination for full seed set (Riveros 1991, Riveros et al. 1996, Rovere et al. 2006)highly dependent on animal pollination for full seed set (Riveros 1991, Riveros et al. 1996, Rovere et al. 2006). All seven species have tubular red or reddish corollas, typical of hummingbird-pollinated species. The southern-most hum- mingbird in the world, Sephanoides sephaniodes, is the main flower visitor and presumably their most effective pollinator, although insects also visit some of these species (Riveros 1991, Aizen et al. 2002). This hummingbird transports pollen of all the sampled species (Riveros 1991, Ruffini 1992, Smith-Ramírez 1993, Aizen et al. 2002), and mixed pollen loads are commonly found on a hummingbird ́s beak and head (Ruffini 1992, Fraga et al. 1997).""",explicit from the text (described as such),system,4 - Pollination system based on general observations of pollinator visitation and informed by syndrome,NA,NA,NA,NA,NA,species,Ruby Stephens,7/4/2022
Quintinia verdonii,Quintinia,NA,NA,Paracryphiaceae,Paracryphiales,Campanulidae,iNaturalist. (2022). Quintinia verdonii. iNaturalist. https://www.inaturalist.org/taxa/534014-Quintinia-verdonii/browse_photos?term_id=12&term_value_id=13,https://www.inaturalist.org/taxa/534014-Quintinia-verdonii/browse_photos?term_id=12&term_value_id=13,animal,animal,no,NA,guessed from the illustration,syndrome,"2 - Pollination syndrome based on interpretations of images or illustrations and text, and similar species, still relatively confident",NA,NA,NA,NA,NA,species,Ruby Stephens,7/4/2022
Caryota mitis,Caryota,Caryoteae,Coryphoideae,Arecaceae,Arecales,Commelinidae,"Quek, Z. B. R., Chui, S. X., Lam, W. N., Fung, T. K., & Sivasothi, N. (2020). Autecology of the common fishtail palm, Caryota mitis (Arecaceae), in Singapore. Botany Letters, 167(2), 265–275. https://doi.org/10.1080/23818107.2020.1717612",https://doi.org/10.1080/23818107.2020.1717612,bee,animal,no,"""Silberbauer-Gottsberger (1990) noted that members of Caryota (including C. mitis) likely provide nectar and pollen for bees (Meliponinae) and beetles (Curculionidae and Nitidulidae), with bees as possibly the predominant pollinators...Potential pollinators of C. mitis observed to be foraging for pollen on the male flowers of C. mitis were either identified to the lowest possible taxonomic rank on site or were collected as specimens for identification...Anthesis of male flowers occurs over 2 days with approximately half of the flowers on inflorescence opening on each day, and flowers only last for 1 day (Figure S2). Eusocial bees (Insecta: Hymenoptera: Apidae) were frequent visitors to the male flowers of C. mitis: six out of the seven species of stingless bees in Singapore as of 2018 (Chui Shao Xiong, unpublished data), and the Asian honeybee Apis cerana were documented collecting pollen (Figure S4A-4C).""",interpreted from the text,system,4 - Pollination system based on general observations of pollinator visitation and informed by syndrome,NA,NA,NA,NA,NA,species,Ruby Stephens,25/1/2022
Phoenix dactylifera,Phoenix,Phoeniceae,Coryphoideae,Arecaceae,Arecales,Commelinidae,"Dransfield, J., & Uhl, N. W. (1998). Palmae. In K. Kubitzki (Ed.), Flowering Plants · Monocotyledons: Alismatanae and Commelinanae (except Gramineae) (pp. 306–389). Springer. https://doi.org/10.1007/978-3-662-03531-3_35",https://doi.org/10.1007/978-3-662-03531-3_35,wind and insect,wind&animal,no,"""It is only relatively recently (Uhl and Moore 1977) that the myth (Delpino 1870) that palms are wind-pollinated has been dispelled. During the past decade, it has been shown that many palms are insect-pollinated (Henderson 1986), or, even if primarily anemophilous, that entomophily occurs, as in Aiphanes (Listabarth 1992). True anemophily does indeed occur (e.g., in Thrinax) but even the date palm, Phoenix dactylifera, may in fact be secondarily anemophil- ous. Large quantities of pollen, a feature of the syndrome of wind pollination, seem, at least in some palms, to be an adaptation to predation by insects.""",explicit from the text (described as such),syndrome,"3 - Pollination syndrome but adaptations for animal pollination (nectar, scent, staminodes, sticky pollen) or else wind pollination (very reduced perianth, feathery stigma, exposed anthers with dry powdery pollen) or abiotic pollination clearly described",NA,NA,NA,NA,NA,species,Ruby Stephens,25/1/2022
Nypa fruticans,Nypa,NA,Nypoideae,Arecaceae,Arecales,Commelinidae,"Straarup, M., Hoppe, L. E., Pooma, R., & Barfod, A. S. (2018). The role of beetles in the pollination of the mangrove palm Nypa fruticans. Nordic Journal of Botany, 36(9), e01967. https://doi.org/10.1111/njb.01967",http://onlinelibrary.wiley.com/doi/abs/10.1111/njb.01967,insect,animal,no,"""the inflorescences were visited by a wide variety of insect species. Ants were commonly observed on female flower heads, presumably collecting stigmatic fluid, however they were rarely spotted on male rachillae at anthe- sis. Among the beetle visitors, Epuraea sp. was clearly the most abundant one, mainly observed on male inflorescences during anthesis. This confirms that this morphotype is feed- ing on the copious amounts of pollen produced by the young male inflorescences (Roulston and Cane 2000). Although they carried relatively small amounts of pollen, individuals of Epuraea sp. were omnipresent. Those measured for pol- len loads were sampled from the female flower heads, which confírms their capability to transfer at least a small amount of pollen grains from male to female flowers. Pollen grains were mainly observed on the dorsal side of the Epuraea sp. bee- tles. Cillaeinid sp. were less frequently observed, but carried more pollen grains than the smaller Epuraea sp. Their feed- ing behavior was almost identical to that of Epuraea sp. We consider the more frequent species of nitidulid beetles capa- ble of assuring successful pollination. They show a remark- able resemblance to Epuraea sp. found by Mantequilla et al. (2016) in the nipa stands near Davao City, Philippines as shown in Fig. 4. Hoppe (2004) listed nitidulid beetles among the most frequent visitors to female flowers in the receptive phase. Both Hoppe (2004) and Mantequilla et al. (2016) reported pollen loads of nitidulid beetles to be low, however Hoppe (2004) noticed a rise in pollen load after onset of male anthesis...In contrast to several previous studies (Essig 1973, Fong 1987, Hoppe 2004, Mantequilla et al. 2016) we did not observe drosophilid visitors to the inflorescences in this study. Since Drosophila flies are almost omnipresent and highly generalist this is a surprise. We can only explain this by edge effects or perhaps the use of pesticides in the adjacent botanical garden...The role of wind as a contributor to pollination was unlikely according to Hoppe (2004). An adhesive tape test suggested that very few pollen grains were transferred to female inflorescences by wind. Essig (1973) also dismisses wind as a significant contributor to pollination due to the large, globular and sticky pollen grains.""",interpreted from the text,system,"5 - Pollination system but wind pollination not explicitly tested for, pollination rewards clear, pollination efficiency of different pollinators not explicitly tested but pollinators observed transporting pollen and effecting pollination",NA,NA,NA,"""The male inflorescences of nipa emitted a characteristic coumarin smell at anthesis, which was also reported by Hoppe (2004). Azuma et al. (2002) found the aromatic β-ionone in the scent emitted by N. fruticans during flowering, a compound which is otherwise known to attract Scarab beetles (family Scarabaeideae) (Donaldson et al. 1990)...",NA,species,Ruby Stephens,25/1/2022
Dasypogon bromeliifolius,Dasypogon,NA,NA,Dasypogonaceae,Arecales,Commelinidae,"Rudall, P. J., & Conran, J. G. (2012). Systematic Placement of Dasypogonaceae Among Commelinid Monocots: Evidence from Flowers and Fruits. The Botanical Review, 78(4), 398–415. https://doi.org/10.1007/s12229-012-9103-6",https://doi.org/10.1007/s12229-012-9103-6,insect,animal,no,"""The flowers in Dasypogon and Kingia are small and aggregated into dense long- stalked and “drumstick-like” heads (Fig. 2c, d, g and h). The flowers are relatively inconspicuous, unscented, and nectariferous. Pollination is unspecialized and carried out by a range of small insects, mostly bees, wasps, flies and beetles (Conran pers. obs.).""",explicit from the text (described as such),system,4 - Pollination system based on general observations of pollinator visitation and informed by syndrome,NA,yes,no,"""The flowers are relatively inconspicuous, unscented, and nectariferous. """,explicit from the text (described as such),genus,Ruby Stephens,25/1/2022
Cartonema philydroides,Cartonema,NA,NA,Commelinaceae,Commelinales,Commelinidae,"Western Australian Herbarium, B. and C. S. (2022). Florabase—The Western Australian Flora (State of Western Australia). Western Australian Herbarium, Biodiversity and Conservation Science, Department of Biodiversity, Conservation and Attractions. Retrieved 25 January 2022, from https://florabase.dpaw.wa.gov.au/browse/profile/22359",https://florabase.dpaw.wa.gov.au/browse/profile/22359,insect,animal,no,"""Fertile flowers hermaphrodite. Unisexual flowers absent. Plants hermaphrodite. Floral nectaries absent (nectaries lacking). Autogamous or entomophilous (but without nectar). Pollination mechanism unspecialized.""",explicit from the text (described as such),syndrome,"3 - Pollination syndrome but adaptations for animal pollination (nectar, scent, staminodes, sticky pollen) or else wind pollination (very reduced perianth, feathery stigma, exposed anthers with dry powdery pollen) or abiotic pollination clearly described",NA,no,NA,"""Floral nectaries absent (nectaries lacking). Autogamous or entomophilous (but without nectar)""",explicit from the text (described as such),genus,Ruby Stephens,25/1/2022
Tradescantia spathacea,Tradescantia,NA,NA,Commelinaceae,Commelinales,Commelinidae,"Kew Science. (2022). Tradescantia spathacea Sw. Plants of the World Online. Retrieved 25 January 2022, from https://powo.science.kew.org/taxon/urn:lsid:ipni.org:names:173471-1",https://powo.science.kew.org/taxon/urn:lsid:ipni.org:names:173471-1,insect,animal,no,NA,guessed from the illustration,syndrome,"2 - Pollination syndrome based on interpretations of images or illustrations and text, and similar species, still relatively confident",NA,no,NA,"""Flowers lack nectar and are open for only a few hours during the day."" Kubitzki Commelinaceae",explicit from the text (described as such),species,Ruby Stephens,25/1/2022
Anigozanthos flavidus,Anigozanthos,NA,NA,Haemodoraceae,Commelinales,Commelinidae,"Western Australian Herbarium, B. and C. S. (2022). Florabase—The Western Australian Flora (State of Western Australia). Western Australian Herbarium, Biodiversity and Conservation Science, Department of Biodiversity, Conservation and Attractions. Retrieved 25 January 2022, from https://florabase.dpaw.wa.gov.au/browse/profile/21227",https://florabase.dpaw.wa.gov.au/browse/profile/21227,bird and insect,animal,no,"""Fertile flowers hermaphrodite. Unisexual flowers absent. Plants hermaphrodite. Floral nectaries present. Nectar secretion from the gynoecium (via septal nectaries). Entomophilous, or ornithophilous, or pollinated by unusual means.""",explicit from the text (described as such),syndrome,"3 - Pollination syndrome but adaptations for animal pollination (nectar, scent, staminodes, sticky pollen) or else wind pollination (very reduced perianth, feathery stigma, exposed anthers with dry powdery pollen) or abiotic pollination clearly described",nectar,yes,NA,"""Floral nectaries present""",explicit from the text (described as such),genus,Ruby Stephens,24/11/2022
Hanguana malayana,Hanguana,NA,NA,Hanguanaceae,Commelinales,Commelinidae,"Bayer, C., Appel, O., & Rudall, P. J. (1998). Hanguanaceae. In K. Kubitzki (Ed.), Flowering Plants · Monocotyledons: Alismatanae and Commelinanae (except Gramineae) (pp. 223–225). Springer. https://doi.org/10.1007/978-3-662-03531-3_21",https://doi.org/10.1007/978-3-662-03531-3_21,insect,animal,no,"""Nectar secretion, which occurs in both male and female flowers, indicates insect pol- lination. According to Maury (1888), insects might be attracted by the more conspicuous yellowish nectaries of male flowers and by the pink ovary of female flowers.""",explicit from the text (described as such),syndrome,"3 - Pollination syndrome but adaptations for animal pollination (nectar, scent, staminodes, sticky pollen) or else wind pollination (very reduced perianth, feathery stigma, exposed anthers with dry powdery pollen) or abiotic pollination clearly described",nectar,yes,NA,"""Floral nectaries absent (nectaries lacking). Autogamous or entomophilous (but without nectar)""",explicit from the text (described as such),genus,Ruby Stephens,25/1/2022
Philydrella pygmaea,Philydrella,NA,NA,Philydraceae,Commelinales,Commelinidae,iNaturalist. (2022). Philydrella pygmaea. iNaturalist. https://www.inaturalist.org/taxa/568504-Philydrella-pygmaea,https://www.inaturalist.org/taxa/568504-Philydrella-pygmaea,insect,animal,no,NA,guessed from the illustration,syndrome,"2 - Pollination syndrome based on interpretations of images or illustrations and text, and similar species, still relatively confident",NA,NA,NA,NA,NA,species,Ruby Stephens,25/1/2022
Pontederia cordata,Pontederia,NA,NA,Pontederiaceae,Commelinales,Commelinidae,"Harder, L. D., & Barrett, S. C. H. (1992). The Energy Cost of Bee Pollination for Pontederia cordata (Pontederiaceae). Functional Ecology, 6(2), 226–233. https://doi.org/10.2307/2389759",http://www.jstor.org/stable/2389759,bee,animal,no,"""Pontederia cordata L. (Pontederiaceae) appears to pay an inordinately large cost of animal pollination...this species requires pollinators only for the first few hours of flowering, because: (1) a diverse pollinator fauna actively visits its flowers (Wolfe & Barrett 1988); (2) pollen tubes reach the ovary within 2h of pollination (Wolfe 1985; Anderson & Barrett 1986); and (3) each flower contains only one ovule. Sur- prisingly, even though fertilization occurs quickly, Pontederia cordata flowers produce nectar until they wilt (Wolfe & Barrett 1987)...During the study period, P. cordata primarily received visits from Melissodes apicata Lovell and Cockerell (Hymenoptera, Anthophoridae) and workers of several bumble-bee species...Less common visitors included an unidentified skipper (Lepidoptera, Hesperiidae), Hemaris diffinus (Boisduval) (Lepidoptera, Sphingidae), Dufourea novae-angliae (Robertson) (Hymenoptera, Halictidae) and an unidentified leaf- cutter bee (Hymenoptera, Megachilidae, Megachile sp.)...pollen dispersal was essentially complete by midday, when Melissoides apicata stopped foraging.""",interpreted from the text,system,"5 - Pollination system but wind pollination not explicitly tested for, pollination rewards clear, pollination efficiency of different pollinators not explicitly tested but pollinators observed transporting pollen and effecting pollination",nectar and pollen,yes,NA,"""Pontederia cordata L. (Pontederiaceae) appears to pay an inordinately large cost of animal pollination...this species requires pollinators only for the first few hours of flowering, because: (1) a diverse pollinator fauna actively visits its flowers (Wolfe & Barrett 1988); (2) pollen tubes reach the ovary within 2h of pollination (Wolfe 1985; Anderson & Barrett 1986); and (3) each flower contains only one ovule. Sur- prisingly, even though fertilization occurs quickly, Pontederia cordata flowers produce nectar until they wilt (Wolfe & Barrett 1987)...During the study period, P. cordata primarily received visits from Melissodes apicata Lovell and Cockerell (Hymenoptera, Anthophoridae) and workers of several bumble-bee species...Less common visitors included an unidentified skipper (Lepidoptera, Hesperiidae), Hemaris diffinus (Boisduval) (Lepidoptera, Sphingidae), Dufourea novae-angliae (Robertson) (Hymenoptera, Halictidae) and an unidentified leaf- cutter bee (Hymenoptera, Megachilidae, Megachile sp.)...pollen dispersal was essentially complete by midday, when Melissoides apicata stopped foraging.""",explicit from the text (described as such),species,Ruby Stephens,25/1/2022
Ecdeiocolea monostachya,Ecdeiocolea,NA,NA,Ecdeiocoleaceae,Poales,Commelinidae,"Briggs, B. G., Tinker, A., Briggs, B. G., & Tinker, A. (2014). Synchronous monoecy in Ecdeiocoleaceae (Poales), in Western Australia. Australian Journal of Botany, 62(5), 391–402. https://doi.org/10.1071/BT14138",https://www.publish.csiro.au/bt/BT14138,wind,wind,no,"""Ecdeiocoleaceae are monoecious with flowers small and wind-pollinated, arranged in compact spikes with each flower in the axil of a rigid or scarious bract….The pollen is graminoid and operculate (Linder and Ferguson 1985; Linder et al. 1998)...Wind-pollination is associated with a suite of characters (Friedman and Barrett 2008, 2009): many small greenish or whitish flowers, small or absent petals, nectaries absent, flowers unscented, styles feathery, ovules per flower few or one, pollen grains many and not ornamented, protogyny, flowers unisexual, flowering synchronous, open habitats, high conspecific density and low net speciation rates. Ecdeiocoleaceae exhibit all these features. E. monostachya is commonly the dominant plant in large stands in open areas.""",explicit from the text (described as such),syndrome,"3 - Pollination syndrome but adaptations for animal pollination (nectar, scent, staminodes, sticky pollen) or else wind pollination (very reduced perianth, feathery stigma, exposed anthers with dry powdery pollen) or abiotic pollination clearly described",NA,NA,NA,NA,NA,species,Ruby Stephens,8/2/2022
Juncus effusus,Juncus,NA,NA,Juncaceae,Poales,Commelinidae,"TRY- BiolFlor, The Ecological Flora Database",NA,wind and insect,wind&animal,no,"""pollination wind…insects rare…cleistogamy possible…selfing often…wind the rule…insect…wind""",explicit from the text (described as such),syndrome,"2 - Pollination syndrome based on interpretations of images or illustrations and text, and similar species, still relatively confident",NA,NA,NA,NA,NA,species,Ruby Stephens,27/1/2022
Mayaca fluviatilis,Mayaca,NA,NA,Mayacaceae,Poales,Commelinidae,"Oriani, A., & Scatena, V. L. (2012). Floral Anatomy of Xyrids (Poales): Contributions to Their Reproductive Biology, Taxonomy, and Phylogeny. International Journal of Plant Sciences, 173(7), 767–779. https://doi.org/10.1086/666664",http://www.journals.uchicago.edu/doi/full/10.1086/666664,bee,animal,no,"""The flowers of Mayacaceae do not present nectariferous structures; however, characteristics such as their color and size and the presence of poricidal anthers are consistent with pollination by bees. During our field work, bees (Halictidae) were observed visiting flowers of Mayaca sellowiana and vibrating their anthers in a typical pollinator behavior. In Mayaca fluviatilis, the anther pores are inconspicuous and located at the same level as the stigma, favoring self-pollination. The findings presented in this study demonstrate pollen grains germinating within the anthers and pollen tubes growing toward the stigma in closed flowers, indicating cleistogamy...In addition to the absence of nectaries, species of Mayacaceae differ from other xyrids because of the presence of papillose epidermal cells on their petals, a reduced inner whorl of stamens, poricidal anthers, an endothecium lacking thick- enings, a style and stigma that are vascularized by the dorsal and ventral carpellary bundles, and the presence of an obturator in the ovary. The presence of papillose epidermal cells on the petals is probably another floral attribute that serves as an attractant to pollinators.""",explicit from the text (described as such),syndrome,"3 - Pollination syndrome but adaptations for animal pollination (nectar, scent, staminodes, sticky pollen) or else wind pollination (very reduced perianth, feathery stigma, exposed anthers with dry powdery pollen) or abiotic pollination clearly described",pollen,no,NA,"""The flowers of Mayacaceae do not present nectariferous structures; however, characteristics such as their color and size and the presence of poricidal anthers are consistent with pollination by bees. During our field work, bees (Halictidae) were observed visiting flowers of Mayaca sellowiana and vibrating their anthers in a typical pollinator behavior.""",interpreted from the text,genus,Ruby Stephens,9/2/2022
Micraira adamsii,Micraira,NA,NA,Poaceae,Poales,Commelinidae,"Western Australian Herbarium (1998–). Florabase—the Western Australian Flora. Department of Biodiversity, Conservation and Attractions. https://florabase.dpaw.wa.gov.au/
(Accessed 9 Feb 2022). ; POWO",https://florabase.dpaw.wa.gov.au/browse/profile/22751 ; https://powo.science.kew.org/taxon/urn:lsid:ipni.org:names:408436-1,wind,wind,no,"""Floral nectaries absent (nectaries absent). Almost exclusively anemophilous (with possible exceptions in South American forest-floor Olyreae).""",interpreted from the text,syndrome,"3 - Pollination syndrome but adaptations for animal pollination (nectar, scent, staminodes, sticky pollen) or else wind pollination (very reduced perianth, feathery stigma, exposed anthers with dry powdery pollen) or abiotic pollination clearly described",NA,no,NA,"""Floral nectaries absent (nectaries absent).""",explicit from the text (described as such),species,Ruby Stephens,9/2/2022
Zea mays,Zea,NA,Panicoideae,Poaceae,Poales,Commelinidae,"Vogler, A., Eisenbeiss, H., Aulinger-Leipner, I., & Stamp, P. (2009). Impact of topography on cross-pollination in maize (Zea mays L.). European Journal of Agronomy, 31(2), 99–102. https://doi.org/10.1016/j.eja.2009.04.003",https://www.sciencedirect.com/science/article/pii/S1161030109000318,wind,wind,no,"""Cross-pollination is considered to be responsible for a large portion of gene flow in maize (Devos et al., 2007), a wind-pollinating crop with about 95% cross-fertilization...In conclusion a downhill increase of cross-pollination could indeed be proven. However, the effect of this factor seems to be weaker than that of other ones like wind direction and velocity. Over longer distances (>17.5 m) there was no effect of topography on cross-pollination (data not shown), probably because the long- distance dispersal of pollen occurs by more unusual means such as thermals and turbulences (Higgins et al., 2003).""",explicit from the text (described as such),system,4 - Pollination system based on general observations of pollinator visitation and informed by syndrome,NA,NA,NA,NA,NA,species,Ruby Stephens,9/2/2022
Hordeum bulbosum,Hordeum,NA,Pooideae,Poaceae,Poales,Commelinidae,"Jörgensen, R. B. (1982). Biosystematics of Hordeum bulbosum L. Nordic Journal of Botany, 2(5), 421–434. https://doi.org/10.1111/j.1756-1051.1982.tb01205.x",http://onlinelibrary.wiley.com/doi/abs/10.1111/j.1756-1051.1982.tb01205.x,wind,wind,no,"""H. bulbosum is an anemogamous species, and at the time of anthesis the anthers hang freely from the open spikelets; pollen is shed through pores in the apical part of the anther; the pores open into slits (Fig. 14)""",explicit from the text (described as such),system,4 - Pollination system based on general observations of pollinator visitation and informed by syndrome,NA,NA,NA,NA,NA,species,Ruby Stephens,9/2/2022
Anarthria polyphylla,Anarthria,NA,Anarthrioideae,Restionaceae,Poales,Commelinidae,"Western Australian Herbarium (1998–). Florabase—the Western Australian Flora. Department of Biodiversity, Conservation and Attractions. https://florabase.dpaw.wa.gov.au/
(Accessed 9 Feb 2022).",https://florabase.dpaw.wa.gov.au/browse/profile/21146,wind,wind,no,"""Anemophilous...Stamens in male flowers, 3; becoming exserted""",explicit from the text (described as such),syndrome,"3 - Pollination syndrome but adaptations for animal pollination (nectar, scent, staminodes, sticky pollen) or else wind pollination (very reduced perianth, feathery stigma, exposed anthers with dry powdery pollen) or abiotic pollination clearly described",NA,NA,NA,NA,NA,genus,Ruby Stephens,9/2/2022
Typha latifolia,Typha,NA,NA,Typhaceae,Poales,Commelinidae,"Ahee, J. E., van Drunen, W. E., & Dorken, M. E. (2015). Analysis of pollination neighbourhood size using spatial analysis of pollen and seed production in broadleaf cattail (Typha latifolia). Botany, 93, 91–100. https://doi.org/10.1139/cjb-2014-0169",http://cdnsciencepub.com/doi/abs/10.1139/cjb-2014-0169,wind,wind,no,"""a wind-pollinated clonal plant (Typha latifolia L.; broadleaf cattail)...The broadleaf cattail, T. latifolia, is a clonal, self-compatible wet- land plant found throughout North America (Grace and Harrison 1986). Unisexual flowers are borne on a spike with a discrete ver- tical division with the female (pistillate) section below the male (staminate) section...Spatial patterns of pollen and seed production in T. latifolia were associated with one another in a way that suggested that the majority of pollination events occur over small spatial scales. Be- cause seed set was significantly associated with the local availabil- ity of pollen from other shoots in the stand, our results also indicate that within-shoot geitonogamy is not a major mode of pollen transfer for T. latifolia.""",explicit from the text (described as such),system,"5 - Pollination system but wind pollination not explicitly tested for, pollination rewards clear, pollination efficiency of different pollinators not explicitly tested but pollinators observed transporting pollen and effecting pollination",NA,NA,NA,NA,NA,species,Ruby Stephens,27/1/2022
Canna indica,Canna,NA,NA,Cannaceae,Zingiberales,Commelinidae,"Glinos, E., & Cocucci, A. A. (2011). Pollination biology of Canna indica (Cannaceae) with particular reference to the functional morphology of the style. Plant Systematics and Evolution, 291(1), 49–58. https://doi.org/10.1007/s00606-010-0379-x",https://doi.org/10.1007/s00606-010-0379-x,bird,animal,yes,"""the single long-billed hummingbird pollinator (Heliomaster furcifer)...Observations and collection of samples were carried out in three natural populations of Canna indica...Petals are basally connate and fused with the stamen and staminodes (in this species there are three) into a 50–60 mm long tube with three entries that clearly separate spaces accessible to pollinators and that accumulate nectar from septal nectaries...None of the flowers excluded from pollinators developed fruits...pollen remained on the style until flowers shrivelled even when subjected to the effect of wind and rain. This means that pollen does not fall spontaneously and must be removed by visitors for pollination...Only Heliomaster furcifer was seen carrying pollen of Canna indica in the three study populations...Diurnal lepidopterans and bees were also observed visiting the flowers to reach nectar but none of them made contact with the pollen or the style""",explicit from the text (described as such),system,"6 - Pollination system, wind pollination explicitly tested for, pollination rewards clear, pollination efficiency of different pollinators tested",nectar,yes,NA,"""Bumblebees are apparently an important factor affecting reproductive success in Canna indica because they both steal nectar, reducing the reward available to legitimate visitors""",explicit from the text (described as such),species,Ruby Stephens,4/2/2022
Strelitzia nicolai,Strelitzia,NA,NA,Strelitziaceae,Zingiberales,Commelinidae,"Frost, S. K., & Frost, P. G. H. (1981). Sunbird pollination of Strelitzia nicolai. Oecologia, 49(3), 379–384. https://doi.org/10.1007/BF00347603",https://doi.org/10.1007/BF00347603,bird,animal,no,"""The flowers were large, conspicuous and provided the birds with a perch, facilitating easy accessto the nectar.Flowers were visited by four species of sunbird...Sunbirds perched on the flowers in a manner which effected pollination, the pollen being transferred to the stigma via the birds' feet. Besides the sunbirds, there were other visitors (bushbabies, monkeys and insects) to the flowers, but they did not visit the flowers frequently nor did they appearto be significant pollinators. The high seed set of S. nicolai in the study area attests to the efficacy of the sunbirds as pollinators...thin filaments bearing long anthers with white sticky pollen.""",explicit from the text (described as such),system,"5 - Pollination system but wind pollination not explicitly tested for, pollination rewards clear, pollination efficiency of different pollinators not explicitly tested but pollinators observed transporting pollen and effecting pollination",nectar,yes,NA,"""S. nicolai produced large quantities of low quality nectar...nectar production was highest during the day- time""",explicit from the text (described as such),species,Ruby Stephens,4/2/2022
Nelumbo nucifera,Nelumbo,NA,NA,Nelumbonaceae,Proteales,Eudicotyledoneae,"Li, J.-K., & Huang, S.-Q. (2009). Effective pollinators of Asian sacred lotus (Nelumbo nucifera): Contemporary pollinators may not reflect the historical pollination syndrome. Annals of Botany, 104(5), 845–851. https://doi.org/10.1093/aob/mcp173",https://doi.org/10.1093/aob/mcp173,insect,animal,no,"""Pollinators of N. nucifera were investigated in 11 wild populations and one cultivated population, and pollination experiments were conducted to examine the pollinating role of two major pollinators (bees and beetles) in three populations...Lotus flowers are protogynous, bowl shaped and without nectar. The fragrant flowers can be self-heating during anthesis and produce around 1 million pollen grains per flower. It was found that bees and flies were the most frequent flower visitors in wild populations, contributing on average 87.9 and 49.4 % of seed set in Mishan and Lantian, respectively. Beetles were only found in one wild population and in the cultivated population, but the pollinator exclusion experiments showed that beetles were effective pollinators of Asian sacred lotus.""",explicit from the text (described as such),system,"5 - Pollination system but wind pollination not explicitly tested for, pollination rewards clear, pollination efficiency of different pollinators not explicitly tested but pollinators observed transporting pollen and effecting pollination",pollen and heat,no,yes,"""Lotus flowers are protogynous, bowl shaped and without nectar. The fragrant flowers can be self-heating during anthesis and produce around 1 million pollen grains per flower...beetles were observed to be entrapped in the first-day flowers of Asian lotus, supporting the idea that this homoeothermic blossom attracts beetles with a heat reward (Seymour et al., 2003) and possibly stigmatic exudates...pollen-collecting bees""",explicit from the text (described as such),species,Ruby Stephens,11/2/2022
Bellendena montana,Bellendena,NA,Bellendenoideae,Proteaceae,Proteales,Eudicotyledoneae,"P.H.Weston (2020) Bellendena montana, in (ed.), Flora of Australia. Australian Biological Resources Study, Department of Agriculture, Water and the Environment: Canberra. https://profiles.ala.org.au/opus/foa/profile/Bellendena%20montana [Date Accessed: 11 February 2022]",https://profiles.ala.org.au/opus/foa/profile/Bellendena%20montana,bird and insect,animal,no,NA,guessed from the illustration,syndrome,"3 - Pollination syndrome but adaptations for animal pollination (nectar, scent, staminodes, sticky pollen) or else wind pollination (very reduced perianth, feathery stigma, exposed anthers with dry powdery pollen) or abiotic pollination clearly described",NA,NA,NA,NA,NA,species,Ruby Stephens,11/2/2022
Persoonia lanceolata,Persoonia,Persoonieae,Persoonioideae,Proteaceae,Proteales,Eudicotyledoneae,"Bernhardt, P., & Weston, P. (1996). The pollination ecology of Persoonia (Proteaceae) in eastern Australia. Telopea, 6(4), 775–804. https://doi.org/10.7751/telopea19963035",http://plantnet.rbgsyd.nsw.gov.au/emuwebnswlive/objects/common/webmedia.php?irn=75863&reftable=ebibliography,bee,animal,no,"""Table 5. Pollen load analyses of insect foragers collected on Persoonia species. [Shows Persoonia lanceolata visited by numerous bee species carrying conspecific pollen]…",explicit from the text (described as such),system,"5 - Pollination system but wind pollination not explicitly tested for, pollination rewards clear, pollination efficiency of different pollinators not explicitly tested but pollinators observed transporting pollen and effecting pollination",nectar and pollen,yes,yes,"""The fruity scent of P. lanceolata and P. oxycoccoides is also weak to the human nose when sampled in situ. Upon bottling the concentrated odour is similar to ripe, commercial bananas or cherries...Field examinations and lab dissections showed that nectar droplets are secreted by each of the four receptacular nectaries surrounding the gynoecium and flanking each of the four tepals (Fig. 1)...The insect then depressed one or two tepals and inserted its head and thorax down the floral tube to probe within the nectar chamber...These bees were so small that they did not usually contact the Persoonia stigma while foraging for pollen.""",explicit from the text (described as such),species,Ruby Stephens,11/2/2022
Petrophile canescens,Petrophile,Petrophileae,Proteoideae,Proteaceae,Proteales,Eudicotyledoneae,"Western Australian Herbarium (1998–). Florabase—the Western Australian Flora. Department of Biodiversity, Conservation and Attractions. https://florabase.dpaw.wa.gov.au/
(Accessed 11 Feb 2022).",https://florabase.dpaw.wa.gov.au/browse/profile/22382,animal,animal,no,"""Entomophilous, or pollinated by unusual means (by small marsupials).""",explicit from the text (described as such),syndrome,"2 - Pollination syndrome based on interpretations of images or illustrations and text, and similar species, still relatively confident",NA,NA,NA,NA,NA,genus,Ruby Stephens,11/2/2022
Symphionema montanum,Symphionema,NA,Symphionematoideae,Proteaceae,Proteales,Eudicotyledoneae,"Bernhardt, P., Camilo, G. R., & Weston, P. H. (2019). Shaken vs scraped: Floral presentation contributes to pollinator guild segregation in co-blooming Symphionema montanum and Isopogon anemonifolius (Proteaceae). Gardens’ Bulletin Singapore, 71(2), 377–396. https://doi.org/10.26492/gbs71(2).2019-05",https://www.nparks.gov.sg/sbg/research/publications/gardens-bulletin-singapore/-/media/sbg/gardens-bulletin/gbs_71_02_y2019/71_02_04_y2019_v71p2_gbs_pg377.pdf,insect,animal,no,"""Symphionema montanum has porose anthers encircling the protruding style, and lacks a pollen presenter...Neither species secretes nectar...The majority of foragers on Symphionema montanum were polylectic, female bees (Halictidae). Their pollen foraging resembled sonication and shaking...Exoneura species (Apidae) visited both shrubs...There was no discernible fragrance...Visitors to Symphionema montanum represented three insect Orders (Table 1) but buprestid beetles and syrphid flies in the genus Melangyna actually foraged on anthers less frequently than bees.""",interpreted from the text,system,"5 - Pollination system but wind pollination not explicitly tested for, pollination rewards clear, pollination efficiency of different pollinators not explicitly tested but pollinators observed transporting pollen and effecting pollination",pollen,no,no,"""Neither species secretes nectar...There was no discernible fragrance.""",explicit from the text (described as such),species,Ruby Stephens,11/2/2022
Akebia quinata,Akebia,NA,Lardizabaloideae,Lardizabalaceae,Ranunculales,Eudicotyledoneae,"Kawagoe, T., & Suzuki, N. (2002). Floral sexual dimorphism and flower choice by pollinators in a nectarless monoecious vine Akebia quinata (Lardizabalaceae): Floral sexual dimorphism in A. quinata. Ecological Research, 17(3), 295–303. https://doi.org/10.1046/j.1440-1703.2002.00489.x",http://doi.wiley.com/10.1046/j.1440-1703.2002.00489.x,bee,animal,yes,"""nectarless, monoecious vine Akebia quinata in natural populations and experimental floral arrays. Female flowers did not offer any rewards for pollinators and were larger than male flowers. Pollinators of A. quinata, such as small solitary bees and hoverflies, clearly discriminated between male and female flowers. Hoverflies always visited male flowers and rarely visited female flowers. In contrast, solitary bees tended to visit female flowers first when entering the array, but then switched to male flowers within the same foraging bout...We bagged 30 female flower buds from each of five plants (three from site A and two from site B) using a 1mm-meshed polyethylene net [this would surely allow wind pollination to occur if it did?]....Bagged flowers without manipulation also developed no fruits, indicating that no apomixis occurred""",interpreted from the text,system,"6 - Pollination system, wind pollination explicitly tested for, pollination rewards clear, pollination efficiency of different pollinators tested",pollen,no,yes,"""The monoecious vine Akebia quinata Decaisne (Lardizabalaceae) bears nectarless flowers and pol- len from the male flowers is the only reward for pollinators. Female flowers are rewardless...Flowers have a sweet scent, but no nectaries.""",explicit from the text (described as such),species,Ruby Stephens,10/2/2022
Cissampelos pareira,Cissampelos,Cissampelideae,Menispermoideae,Menispermaceae,Ranunculales,Eudicotyledoneae,"Percival, M. (1974). Floral Ecology of Coastal Scrub in Southeast Jamaica. Biotropica, 6(2), 104–129. https://doi.org/10.2307/2989824",http://www.jstor.org/stable/2989824,insect,animal,no,"[Table 1 - Flower data shows Cissampelos pareira has nectar and pollen rewards, and suggests one ""class"" of native visitor observed on flowers]",interpreted from the text,syndrome,"2 - Pollination syndrome based on interpretations of images or illustrations and text, and similar species, still relatively confident",NA,NA,NA,NA,NA,species,Ruby Stephens,10/2/2022
Eschscholzia californica,Eschscholzia,Eschscholtzieae,Papaveroideae,Papaveraceae,Ranunculales,Eudicotyledoneae,"Anic, V., Henríquez, C. A., Abades, S. R., & Bustamante, R. O. (2015). Number of conspecifics and reproduction in the invasive plant Eschscholzia californica (Papaveraceae): Is there a pollinator-mediated Allee effect? Plant Biology, 17(3), 720–727. https://doi.org/10.1111/plb.12293",http://onlinelibrary.wiley.com/doi/abs/10.1111/plb.12293,wind and insect,wind&animal,yes,"""E. californica is an exotic species and described as an invasive plant in Chile (Arroyo et al. 2000; Leger & Rice 2003). The species is native to western North America, where it is mainly insect-pollinated (Cook 1962). Cook (1962) also stated that E. californica presents anemophily; however, the importance of this type of pollina- tion has not been evaluated. In populations of E. californica from central Chile it was determined, through a pollinator exclusion experiment, that seed production depends on polli- nator activity (Arredondo-Nun~ez 2011). Furthermore, it was found that individuals of E. californica in populations from Chile and California (USA) are mostly self-incompatible (Cook 1962; Leger & Rice 2007), and that those having a degree of self-compatibility produce more seeds with cross-pollination than with self-pollination (Cook 1962; Arredondo-Nun~ez 2011)...On each selected individual, one flower was assigned to a pollinator exclusion treatment and covered with a semi-transparent bag of tulle netting...A total of 14 species of insect pollinator belonging to four orders and seven families were identified as having visited E. californica flowers. The most represented families were Apidae (four species) and Halictidae (four species)...Fruit set (number of fruits/number of flowers) in the pollinator exclusion treatment was 30.8%, while in the control group it was 92.3% (n = 52 flowers)...Our pollinator exclusion experiment in an E. californica population showed that seed production requires pollinator visitation. However, this exclusion experiment, as well as others (e.g. Mun~oz & Cavieres 2008; Vale etal. 2011), does not exclude the possible effect of wind pollination on fruit and seed production (e.g. Goodwillie 1999). Cook (1962) states that anemophily in E. californica could be facilitated by the large amount of pollen produced by the flowers and size of the pollen grains (29–55 9 29–36 lm), which is similar to that of other wind-pollinated species (Heusser 1971).""",explicit from the text (described as such),system,"6 - Pollination system, wind pollination explicitly tested for, pollination rewards clear, pollination efficiency of different pollinators tested",pollen,no,NA,"""Eschscholzia californica (Papaveraceae) is an invasive perennial herb in Chile (Quiroz et al. 2009). The nectarless flower...the large amount of pollen produced by the flowers""",NA,species,Ruby Stephens,27/1/2022
Ficaria verna,Ficaria,Ranunculeae,Ranunculoideae,Ranunculaceae,Ranunculales,Eudicotyledoneae,"Taylor, K., & Markham, B. (1978). Ranunculus ficaria L. (Ficaria verna Huds.; F. ranunculoides Moench). Journal of Ecology, 66(3), 1011–1031. https://doi.org/10.2307/2259310",http://www.jstor.org/stable/2259310,insect,animal,no,"""Pollen and nectar are accessible to short-tongued insects, the nectar being secreted within a small scale at the base of each petal. Bees, small beetles and flies are agents of pollination. (Knuth, Poll. 1; Marsden-Jones 1935; Proctor & Yeo, Poll.Fls.).""",explicit from the text (described as such),system,4 - Pollination system based on general observations of pollinator visitation and informed by syndrome,nectar and pollen,yes,NA,"""Pollen and nectar are accessible to short-tongued insects, the nectar being secreted within a small scale at the base of each petal.""",explicit from the text (described as such),species,Ruby Stephens,10/2/2022
Ranunculus acris,Ranunculus,Ranunculeae,Ranunculoideae,Ranunculaceae,Ranunculales,Eudicotyledoneae,"TRY- BiolFlor, The Ecological Flora Database, BASECO",NA,insect,animal,no,"""pollination animals…syrphids, bees…insects always…insects the rule…entomogamous…insect""",explicit from the text (described as such),syndrome,"2 - Pollination syndrome based on interpretations of images or illustrations and text, and similar species, still relatively confident",NA,NA,NA,NA,NA,species,Ruby Stephens,27/1/2022
Pilostyles collina,Pilostyles,NA,NA,Apodanthaceae,Cucurbitales,Fabidae,"Bellot, S., & Renner, S. S. (2013). Pollination and mating systems of Apodanthaceae and the distribution of reproductive traits in parasitic angiosperms. American Journal of Botany, 100(6), 1083–1094. https://doi.org/10.3732/ajb.1200627",http://onlinelibrary.wiley.com/doi/abs/10.3732/ajb.1200627,insect,animal,no,"""The studied Apodanthaceae are dioecious and pollinated by nectar- or pollen-foraging Calliphoridae and other flies….In an Australian species of Pilostyles...wasps have been observed on the flowers (Dell and Burbidge, 1981; Brasil, 2010).""",interpreted from the text,syndrome,"2 - Pollination syndrome based on interpretations of images or illustrations and text, and similar species, still relatively confident",NA,NA,NA,NA,NA,genus,Ruby Stephens,8/3/2022
Corynocarpus laevigatus,Corynocarpus,NA,NA,Corynocarpaceae,Cucurbitales,Fabidae,iNaturalist. (2022). Corynocarpus laevigatus. iNaturalist. https://www.inaturalist.org/taxa/160928-Corynocarpus-laevigatus/browse_photos?term_id=12&term_value_id=13,https://www.inaturalist.org/taxa/160928-Corynocarpus-laevigatus/browse_photos?term_id=12&term_value_id=13,insect,animal,no,NA,guessed from the illustration,syndrome,"2 - Pollination syndrome based on interpretations of images or illustrations and text, and similar species, still relatively confident",NA,NA,NA,NA,NA,species,Ruby Stephens,8/3/2022
Cucurbita pepo,Cucurbita,NA,NA,Cucurbitaceae,Cucurbitales,Fabidae,"Nepi, M., & Pacini, E. (1993). Pollination, Pollen Viability and Pistil Receptivity in Cucurbita pepo. Annals of Botany, 72(6), 527–536. https://doi.org/10.1006/anbo.1993.1141",https://doi.org/10.1006/anbo.1993.1141,insect,animal,no,"""Cucurbita pepo…is pollinated by nectar collecting bees…Pollination is almost exclusively performed by bees…Philippe (1991) reports occasional visits by Diptera, Lepidoptera and Coleoptera""",explicit from the text (described as such),system,"5 - Pollination system but wind pollination not explicitly tested for, pollination rewards clear, pollination efficiency of different pollinators not explicitly tested but pollinators observed transporting pollen and effecting pollination",nectar and pollen,yes,NA,"""Cucurbita pepo…is pollinated by nectar collecting bees…In male flowers the insect lands near the edge of the corolla and goes towards one of the three nectary pores, through which it sucks the nectar…Once the bee is out of the male flower, it often rests on a leaf to remove some of the pollen with its legs""",interpreted from the text,species,Ruby Stephens,9/3/2022
Tetrameles nudiflora,Tetrameles,NA,NA,Tetramelaceae,Cucurbitales,Fabidae,efloras.org. (2022). Tetrameles nudiflora. Flora of China. http://efloras.org/object_page.aspx?object_id=94317&flora_id=2,http://efloras.org/object_page.aspx?object_id=94317&flora_id=2,wind,wind,no,NA,guessed from the illustration,syndrome,"2 - Pollination syndrome based on interpretations of images or illustrations and text, and similar species, still relatively confident",NA,NA,NA,NA,NA,species,Ruby Stephens,9/3/2022
Ceratonia siliqua,Ceratonia,NA,Caesalpinioideae,Fabaceae,Fabales,Fabidae,"Dafni, A., Marom-Levy, T., Jürgens, A., Dötterl, S., Shimrat, Y., Dorchin, A., Kirkpatrick, H. E., & Witt, T. (2012). Ambophily and “super generalism” in Ceratonia siliqua (Fabaceae) pollination. In Evolution of Plant-Pollinator Relationships. (pp. 326–355). Cambridge University Press.",https://books.google.com.au/books?hl=en&lr=&id=lOMT3R2EpMIC&oi=fnd&pg=PA344&dq=Ceratonia+siliqua+pollination&ots=yLXWMjSGKW&sig=k7JBQA4ABdaw09cyCKsPFeMH4Js&redir_esc=y#v=onepage&q=Ceratonia%20siliqua%20pollination&f=false,wind and insect,wind&animal,yes,"""Several authors mentioned bees as main pollinators and Diptera as secondary (Ortiz et al. 1996; Arista et al. 1999) or vice versa (Retana et al. 1990). Arista et al. (1999) found Vespidae as main visitors rather than bees and lies. Retana et al. (1990) mentioned moths as night visitors but also stated that they did not carry any Ceratonia pollen. he role of wind pollination in the carob is under debate. Retana et al. (1990) found no wind pollination even though other authors have suspected wind pollination based on the loral structure (Hillcoat et al. 1980; Passos de Caravalho 1988; Tous and Battle 1990), and Goor’s (1965) conclusion that “pollination is carried out especially by wind.” he observation that 27 % of all the airborne pollen found in October near the Mediterranean in Israel was of C. siliqua (Waisel et al. 1997) ofers circumstantial evidence for pollen transport by wind...In both male and female trees of C. siliqua, Hymenoptera (comprising Apidae, Vespidae and Halictidae), dominated the lower visitor spectra...Table 12.1 Day-active lower visitors on Ceratonia siliqua at Rom Carmel, Israel. [Hymenoptera and Diptera]...he rate of wind pollination in the four investigated populations was between 6.5 % and 20.8 % (Fig 12.3). Wind pollination resulted in up to 48 % of the total open pollination (Table 12.4). he more-detailed pollination experiments conducted at Nahal Lotem showed that lowers under open pollination (i.e. the control) had a natural pollination rate of 61.8 ± 18.7 % (mean ± SD; Fig 12.3). In day-exposed low- ers, the pollination rate was 33.0 ± 14.1 %; in night-exposed flowers, pollination was 22.7 ± 13.9 %; and wind pollination resulted in only 6.5 ± 5.0 % of the flowers developing fruits...We may conclude that the shift of C. siliqua from typical showy entomophilous lowers into night as well as wind pollination, in addition to general diurnal pol- lination by bees and lies, is a kind of “super generalism.” """,explicit from the text (described as such),system,"6 - Pollination system, wind pollination explicitly tested for, pollination rewards clear, pollination efficiency of different pollinators tested",nectar and pollen,yes,yes,"""The strong odor emitted from the lowers (Ortiz et al. 1996; Custódio et al. 2004, 2006), the secretion of nectar, and the high frequency of insect floral visitors suggest that the carob is predominantly an entomophilous species (Ortiz et al. 1996)…Bees and lies may seek both pollen and nectar, and the male trees can attract visi- tors from both the nectar and pollen reward-seeking fraction""",explicit from the text (described as such),species,Ruby Stephens,28/1/2022
Bauhinia galpinii,Bauhinia,NA,Cercidoideae,Fabaceae,Fabales,Fabidae,iNaturalist. (2022). Bauhinia galpinii. iNaturalist. https://www.inaturalist.org/taxa/159197-Bauhinia-galpinii/browse_photos,https://www.inaturalist.org/taxa/159197-Bauhinia-galpinii/browse_photos,animal,animal,no,NA,seen explicitly on the illustration,system,4 - Pollination system based on general observations of pollinator visitation and informed by syndrome,NA,NA,NA,NA,NA,species,Ruby Stephens,9/3/2022
Schotia brachypetala,Schotia,NA,Detarioideae,Fabaceae,Fabales,Fabidae,"Nicolson, S. W. (2002). Pollination by passerine birds: Why are the nectars so dilute? Comparative Biochemistry and Physiology Part B: Biochemistry and Molecular Biology, 131(4), 645–652. https://doi.org/10.1016/S1096-4959(02)00014-3",https://www.sciencedirect.com/science/article/pii/S1096495902000143,bird,animal,no,"""the common name of Schotia brachypetala, the weeping boer-bean, refers to the nectar that drips abun- dantly from the flowers. Such nectars are removed by unspecialised passerines such as weavers, bulbuls, white-eyes and starlings, as well as by sunbirds (Skead, 1967; Jacot Guillarmod et al., 1979; Daniels, 1987).""",explicit from the text (described as such),system,4 - Pollination system based on general observations of pollinator visitation and informed by syndrome,nectar,yes,NA,"""the common name of Schotia brachypetala, the weeping boer-bean, refers to the nectar that drips abundantly from the flowers. Such nectars are removed by unspecialised passerines such as weavers, bulbuls, white-eyes and starlings, as well as by sunbirds (Skead, 1967; Jacot Guillarmod et al., 1979; Daniels, 1987).""",explicit from the text (described as such),species,Ruby Stephens,9/3/2022
Tamarindus indica,Tamarindus,NA,Detarioideae,Fabaceae,Fabales,Fabidae,"Diallo*, B. O., Ouedraogo, M., Chevallier, M.-H., Joly, H. I., HOSSAERT-McKEY, M., & McKEY, D. (2014). Potential pollinators of Tamarindus indica L. (Caesalpinioideae) in Sudanian region of Burkina Faso. African Journal of Plant Science, 8(12), 528–536. https://doi.org/10.5897/AJPS12.072",https://academicjournals.org/journal/AJPS/article-abstract/DAC98E049354,insect,animal,yes,"""Our study indicates that the wind pollination is low...The collection and identification of insects on T. indica show that the first species group (Hymenoptera) belong to the same group as those identified in India (Rhadamani et al., 1993). This confirms partially Leppik (1956)’s observations that leguminous species are pollinated mainly by Hymenoptera group (especially bees). The second group is represented by the species of Diptera""",interpreted from the text,system,"6 - Pollination system, wind pollination explicitly tested for, pollination rewards clear, pollination efficiency of different pollinators tested",nectar and pollen,yes,NA,"""The nectar is produced only during certain times of the day. Therefore, the two main resources which attract visitors to the tamarind tree (nectar and pollen)""",explicit from the text (described as such),species,Ruby Stephens,9/3/2022
Medicago sativa,Medicago,NA,Faboideae,Fabaceae,Fabales,Fabidae,"TRY- BASECO, Ecological Flora of the British Isles",NA,insect,animal,no,"""entomogamous…insect""",explicit from the text (described as such),syndrome,"2 - Pollination syndrome based on interpretations of images or illustrations and text, and similar species, still relatively confident",NA,NA,NA,NA,NA,species,Ruby Stephens,28/1/2022
Stylobasium spathulatum,Stylobasium,NA,NA,Surianaceae,Fabales,Fabidae,"Schneider, J. V. (2007). Surianaceae. In K. Kubitzki (Ed.), Flowering Plants · Eudicots: Berberidopsidales, Buxales, Crossosomatales, Fabales p.p., Geraniales, Gunnerales, Myrtales p.p., Proteales, Saxifragales, Vitales, Zygophyllales, Clusiaceae Alliance, Passifloraceae Alliance, Dilleniaceae, Huaceae, Picramniaceae, Sabiaceae (pp. 449–455). Springer. https://doi.org/10.1007/978-3-540-32219-1_51",https://doi.org/10.1007/978-3-540-32219-1_51,wind,wind,no,"""There is little information on the pollination biology of the family. However, the small apetalous flowers of Stylobasium, with large stamens which produce copious pollen and an expanded stigmatic surface, can be associated with wind pollination (Prance 1965).""",explicit from the text (described as such),syndrome,"2 - Pollination syndrome based on interpretations of images or illustrations and text, and similar species, still relatively confident",NA,NA,NA,NA,NA,species,Ruby Stephens,9/3/2022
Casuarina cunninghamiana,Casuarina,NA,NA,Casuarinaceae,Fagales,Fabidae,"Woolfrey, A. R., & Ladd, P. G. (2001). Habitat preference and reproductive traits of a major Australian riparian tree species (Casuarina cunninghamiana). Australian Journal of Botany, 49(6), 705. https://doi.org/10.1071/BT01009",http://www.publish.csiro.au/?paper=BT01009,wind,wind,no,"""a species such as C. cunninghamiana which is wind-pollinated""",explicit from the text (described as such),syndrome,"2 - Pollination syndrome based on interpretations of images or illustrations and text, and similar species, still relatively confident",NA,NA,NA,NA,NA,species,Ruby Stephens,10/3/2022
Hevea brasiliensis,Hevea,NA,Crotonoideae,Euphorbiaceae,Malpighiales,Fabidae,"Warmke, H. E. (1952). Studies on Natural Pollination of Hevea brasiliensis in Brazil. Science, 116(3018), 474–475.",http://www.jstor.org/stable/1680707,fly and thrip,animal,no,"""Hevea brasiliensis…natural pollination of this species in Puerto Rico was accomplished largely by midges of the family Heleidae…heleid midges were also the chief agents of pollination in Brazil…In puerto Rica, thrips were found to be the most numerous insects around Hevea flowers and were shown to be agents of pollination, although not as important as the midges""",explicit from the text (described as such),system,"5 - Pollination system but wind pollination not explicitly tested for, pollination rewards clear, pollination efficiency of different pollinators not explicitly tested but pollinators observed transporting pollen and effecting pollination",NA,NA,NA,NA,NA,species,Ruby Stephens,15/3/2022
Manihot esculenta,Manihot,NA,Crotonoideae,Euphorbiaceae,Malpighiales,Fabidae,"Halsey, M. E., Olsen, K. M., Taylor, N. J., & Chavarriaga-Aguirre, P. (2008). Reproductive Biology of Cassava (Manihot esculenta Crantz) and Isolation of Experimental Field Trials. Crop Science, 48(1), 49–58. https://doi.org/10.2135/cropsci2007.05.0279",http://onlinelibrary.wiley.com/doi/abs/10.2135/cropsci2007.05.0279,hymenoptera,animal,no,"""Female flowers are ready for pollination 15 d after floral initiation. An indication of receptivity is the presence of a drop of nectar within the flower...The pollen grains of cassava are relatively large in size and are sticky. Wind pollination therefore appears to be of little consequence (Rogers and Appan, 1973), with several species of wasp (mainly Polistes spp.) and honeybees (Apis mellifera) considered the main pollinators in Colombia and Africa, respectively (Kawano, 1980).""",explicit from the text (described as such),system,4 - Pollination system based on general observations of pollinator visitation and informed by syndrome,nectar,yes,NA,"""Female flowers are ready for pollination 15 d after floral initiation. An indication of receptivity is the presence of a drop of nectar within the flower.""",interpreted from the text,species,Ruby Stephens,15/3/2022
Hypericum perforatum,Hypericum,NA,NA,Hypericaceae,Malpighiales,Fabidae,"TRY- BiolFlor, Traits from the Wildfire Project, Ecological Flora of the British Isles",NA,insect,animal,no,"""short tongued bees, syrphids, flies, beetles…insects the rule…selfing rare…Animals…insect""",explicit from the text (described as such),syndrome,"2 - Pollination syndrome based on interpretations of images or illustrations and text, and similar species, still relatively confident",NA,NA,NA,NA,NA,species,Ruby Stephens,28/1/2022
Turnera ulmifolia,Turnera,NA,Turneroideae,Passifloraceae,Malpighiales,Fabidae,"Benitez-Vieyra, S., Ordano, M., Fornoni, J., Boege, K., & Domínguez, C. A. (2010). Selection on signal–reward correlation: Limits and opportunities to the evolution of deceit in Turnera ulmifolia L. Journal of Evolutionary Biology, 23(12), 2760–2767. https://doi.org/10.1111/j.1420-9101.2010.02132.x",http://onlinelibrary.wiley.com/doi/abs/10.1111/j.1420-9101.2010.02132.x,insect,animal,no,"""Turnera ulmifolia L. is a heterostylous perennial weed native to the Neotropics (Barret, 1978). Although this species exhibits homostylous, self-compatible flowers in the study area, pollinator visitation can duplicate the number of ripe fruits (and seeds per fruit) produced by plants (Cuautle & Rico-Gray, 2003). Each plant produces between 3 and 16 (with a mean of 5.54), yellow flowers ⁄ day which last on average 4 h. Anthesis occurs 2–3 h after dawn. Flowers of T. ulmifolia have five nectar pockets, which alternate with the corolla lobes. Because the flowers last only few hours, the process of nectar secretion, pollen release and stigmatic receptivity is closely synchronized (Elias et al., 1975), suggesting that nectar reabsorption and response to nectar removal by pollinators may be negligible. Flower visitors at the study site include butterflies (Lycaenidae, Pieridae and Hesperidae); bees (Apidae, Halictidae and Megachilidae); flies (Bombilidae); and occasional nectar-seeking ants and wasps (Nubia Lara Rodrı ́guez, pers. com.). Bees and skippers are more likely to function as true pollinators because their sizes allow them to touch fertile parts of the flower, whereas Lycaenidae and Pieridae butterflies are probably nectar thieves (S. Benitez-Vieyra, pers. obs.). Ants and wasps concentrate their foraging in extra-floral nectaries (Cuautle & Rico-Gray, 2003).""",explicit from the text (described as such),system,"5 - Pollination system but wind pollination not explicitly tested for, pollination rewards clear, pollination efficiency of different pollinators not explicitly tested but pollinators observed transporting pollen and effecting pollination",nectar,yes,NA,"""Flowers of T. ulmifolia have five nectar pockets, which alternate with the corolla lobes...In T. ulmifolia, nectar production per flower had a significant effect on the number of seeds per flower, although the intensity of selection indicates that quantity (and probably the quality) of nectar is a less important cue that pollinators consider in their foraging decisions.""",interpreted from the text,species,Ruby Stephens,16/3/2022
Bischofia javanica,Bischofia,NA,NA,Phyllanthaceae,Malpighiales,Fabidae,Kew Science. (2022). Bischofia javanica Blume. Plants of the World Online. https://powo.science.kew.org/taxon/urn:lsid:ipni.org:names:339921-1,https://powo.science.kew.org/taxon/urn:lsid:ipni.org:names:339921-1,insect,animal,no,"""Male panicles (9–)11–14(–20) cm. long; peduncles ± 2–2.5 cm. long; axis and rhachides sparingly minutely puberulous; bracts ovate, 1–2 mm. long, acute, brown. Male flowers:pedicels 2 mm. long, slender, articulate 1/3 up from the base, pubescent below the articulation, glabrous above it; sepals broadly elliptic, 2 mm. long, rounded, ciliolate, yellowish green; stamens 1.1 mm. long, anthers 0.9 mm. long and wide, yellow; pistillode 0.5 mm. high, 0.7 mm. across...Female panicles somewhat larger (up to 27 cm. long), with the peduncles up to 7 cm. long. Female flowers:pedicels (1–)2–4 mm. long, articulate, pubescent throughout, extending to 2 cm. long in fruit; sepals ovate-lanceolate to oblong-lanceolate, 1.5–2 mm. long, acute, subentire, sparingly puberulous without at the base, otherwise glabrous, pale green with white margins; ovary subglobose, 1–1.5 mm. in diameter, ± smooth, glabrous; style-arms (4–)5–6 mm. long, stigmas slightly papillose...Female flowers:pedicels (1–)2–4 mm. long, articulate, pubescent throughout, extending to 2 cm. long in fruit; sepals ovate-lanceolate to oblong-lanceolate, 1.5–2 mm. long, acute, subentire, sparingly puberulous without at the base, otherwise glabrous, pale green with white margins; ovary subglobose, 1–1.5 mm. in diameter, ± smooth, glabrous; style-arms (4–)5–6 mm. long, stigmas slightly papillose. Male flowers:pedicels 2 mm. long, slender, articulate 1/3 up from the base, pubescent below the articulation, glabrous above it; sepals broadly elliptic, 2 mm. long, rounded, ciliolate, yellowish green; stamens 1.1 mm. long, anthers 0.9 mm. long and wide, yellow; pistillode 0.5 mm. high, 0.7 mm. across.""",guessed from the illustration,syndrome,"2 - Pollination syndrome based on interpretations of images or illustrations and text, and similar species, still relatively confident",NA,NA,NA,NA,NA,species,Ruby Stephens,17/3/2022
Bruguiera gymnorhiza,Bruguiera,NA,NA,Rhizophoraceae,Malpighiales,Fabidae,"Kondo, K., Nakamura, T., Piyakarnchana, T., & Mechvichai, W. (1991). Pollination in Bruguiera gymnorrhiza (Rhizophoraceae) in Miyara River, Ishigaki Island, Japan, and Phangnga, Thailand. Plant Species Biology, 6(2), 105–109. https://doi.org/10.1111/j.1442-1984.1991.tb00216.x",http://esj.journals.onlinelibrary.wiley.com/doi/10.1111/j.1442-1984.1991.tb00216.x,wind and bird,wind&animal,yes,"""Bruguiera gymnorhiza is bird-pollinated but with the possibility of some indirect pollination by wind…No visitors were observed at night…An air sampler…with filter paper…was set…under a tree branch of flowering B. gymnorrhiza…All pollen grains collected were counted...The nectar resource at each B. gymnorhiza tree in each study area was shared and harvested by two bird species...A great many pollen grains are released into the air and blown away...The pollen...is dry and never sticky...Wind-borne pollen grains would not easily be caught by such small, simple, dry stigmas. Numerous powdery pollen grains of B.  gymnorhiza might adhere to nectar on a bird bill making nectar-forgaing birds highly efficient pollinators""",interpreted from the text,system,"6 - Pollination system, wind pollination explicitly tested for, pollination rewards clear, pollination efficiency of different pollinators tested",nectar,yes,NA,"""The nectar resource at each B. gymnorhiza tree in each study area was shared and harvested by two bird species...Numerous powdery pollen grains of B.  gymnorhiza might adhere to nectar on a bird bill making nectar-forgaing birds highly efficient pollinators""",explicit from the text (described as such),species,Ruby Stephens,17/3/2022
Rhizophora stylosa,Rhizophora,NA,NA,Rhizophoraceae,Malpighiales,Fabidae,"Tyagi, A. P. (2002). Cytogenetics and reproductive biology of mangroves in Rhizophoraceae. Australian Journal of Botany, 50(5), 601. https://doi.org/10.1071/BT01080",http://www.publish.csiro.au/?paper=BT01080,wind,wind,yes,"""Flowers of the three species produce light powdery pollen in abundance. R. samoensis and R. stylosa are mainly wind-pollinated in nature; however, B. gymnorrhiza, besides wind pollination, is also pollinated by a large number of other vectors. Chai (1982) denied vectors’ access to flowers of Rhizophora by enclosing them in a fine mesh bag that does not exclude wind-born pollen. He further concluded that Rhizophora appears to be self-compatible. It was also observed in the present study that stigmas become receptive almost at the time or soon after pollen is released. These observations are in agreement with what was suggested by Chai (1982) and Tomlinson (1986).""",explicit from the text (described as such),system,"6 - Pollination system, wind pollination explicitly tested for, pollination rewards clear, pollination efficiency of different pollinators tested",NA,NA,NA,NA,NA,species,Ruby Stephens,17/3/2022
Cephalotus follicularis,Cephalotus,NA,NA,Cephalotaceae,Oxalidales,Fabidae,"Conran, J. G. (2004). Cephalotaceae. In K. Kubitzki (Ed.), Flowering Plants · Dicotyledons: Celastrales, Oxalidales, Rosales, Cornales, Ericales (pp. 65–68). Springer. https://doi.org/10.1007/978-3-662-07257-8_7",https://doi.org/10.1007/978-3-662-07257-8_7,insect,animal,no,"""Cephalotaceae flowers are pollinated by small insects.",explicit from the text (described as such),system,4 - Pollination system based on general observations of pollinator visitation and informed by syndrome,nectar,yes,NA,"""Vogel (1998) reported that the floral nectary in Cephalotus forms a contiguous perigynous disk derived from a series of pillars, each with an apical stomatal pore""",explicit from the text (described as such),species,Ruby Stephens,10/3/2022
Eucryphia lucida,Eucryphia,NA,NA,Cunoniaceae,Oxalidales,Fabidae,"Mallick, S. A. (2001). Pollination ecology of Tasmanian leatherwood (Eucryphia lucida Eucryphiaceae Labill.) and the impacts of hive honeybees. University of Tasmania.",https://eprints.utas.edu.au/20495/1/whole_MallickStephenAnthony2001_thesis.pdf,insect,animal,no,"""Flowers of E. lucida received visits from a broad range of native diurnal insects (dipterans;16 families, coleopterans; 6 families, hymenopterans; 5 families, and lepidopterans; 2 families) and nocturnal insects (tipulid flies, elaterid beetles, blattellid cockroaches, and geometrid and pyralid moths), as well as from the introduced honeybee...Large dipterans and large coleopterans appeared to be the most important native pollinators of E. lucida.""",explicit from the text (described as such),system,"5 - Pollination system but wind pollination not explicitly tested for, pollination rewards clear, pollination efficiency of different pollinators not explicitly tested but pollinators observed transporting pollen and effecting pollination",nectar and pollen,yes,NA,"""E.lucida flowers secrete a relatively dilute nectar (ca. 20% sugar wt/wt) from nectaries at the bases of the stamens...This concentrated nectar is highly attractive to insects and flowers typically receive multiple insect visits over a single day...whether the insect collected nectar or pollen or both...Honeybees took both nectar and pollen from E. lucida flowers. Pollen collecting bees engaged in obvious raking behaviour as they straddled the anthers and gathered pollen onto their body...Most syrphid flies were observed taking pollen although some syrphids also took nectar""",explicit from the text (described as such),species,Ruby Stephens,10/3/2022
Humulus lupulus,Humulus,NA,NA,Cannabaceae,Rosales,Fabidae,"TRY- BiolFlor, BASECO, Ecological Flora of the British Isles",NA,wind,wind,no,"""wind always…anemogamous…wind""",explicit from the text (described as such),syndrome,"2 - Pollination syndrome based on interpretations of images or illustrations and text, and similar species, still relatively confident",NA,NA,NA,NA,NA,species,Ruby Stephens,28/1/2022
Elaeagnus umbellata,Elaeagnus,NA,NA,Elaeagnaceae,Rosales,Fabidae,"Soley, N. M., & Sipes, S. D. (2021). Reproductive biology and pollinators of the invasive shrub Autumn olive (Elaeagnus umbellata Thunberg). Plant Species Biology, 36(2), 170–186. https://doi.org/10.1111/1442-1984.12307 ; Pi, H.-Q., Quan, Q.-M., Wu, B., Lv, X.-W., Shen, L.-M., & Huang, S.-Q. (2021). Altitude-related shift of relative abundance from insect to sunbird pollination in Elaeagnus umbellata (Elaeagnaceae). Journal of Systematics and Evolution, 59(6), 1266–1275. https://doi.org/10.1111/jse.12685",https://onlinelibrary.wiley.com/doi/abs/10.1111/1442-1984.12307 ; https://onlinelibrary.wiley.com/doi/abs/10.1111/jse.12685,bird and insect,animal,no,"Source 1: ""The majority of floral visitors to E. umbellata were generalist pollinators, including bees, flies, and moths. Many of the larger insect visitors are pollinators of E. umbellata based on analysis of pollen on insect specimens, but smaller insects do not pollinate as frequently...Flowers are small corolla tubes that are white at first but transition to yellow as the flowers age. They emit a fragrant odor (Potter, 1995) and are considered good nectar sources for honey bees (Hayes, 1976)...The supergeneralists A. mellifera (honey bee) and Bombus (bumble bees), along with generalist moths, frequently visit the plant for nectar and carry out pollination"" ; Source 2: ""Compared to lower altitudes, higher‐altitude plants were smaller but the floral tubes were longer, with a larger volume of nectar of lower sugar concentration but with a greater proportion of sucrose. The visitation frequency of bees decreased with altitude, whereas the sunbirds did the opposite. Birds and bees foraged for nectar but not pollen, and birds deposited more pollen grains per visit relative to bees and least were syrphid flies. Excluding birds decreased seed set at high but not at mid‐ or low altitude""",explicit from the text (described as such),system,"5 - Pollination system but wind pollination not explicitly tested for, pollination rewards clear, pollination efficiency of different pollinators not explicitly tested but pollinators observed transporting pollen and effecting pollination",nectar,yes,yes,"""They emit a fragrant odor (Potter, 1995) and are considered good nectar sources for honey bees (Hayes, 1976)...The supergeneralists A. mellifera (honey bee) and Bombus (bumble bees), along with generalist moths, frequently visit the plant for nectar and carry out pollination""",explicit from the text (described as such),species,Ruby Stephens,10/3/2022
Ficus carica,Ficus,Ficeae,NA,Moraceae,Rosales,Fabidae,"Kjellberg, F., Gouyon, P.-H., Ibrahim, M., Raymond, M., & Valdeyron, G. (1987). The Stability of the Symbiosis Between Dioecious Figs and Their Pollinators: A Study of Ficus Carica L. and Blastophaga Psenes L. Evolution, 41(4), 693–704. https://doi.org/10.1111/j.1558-5646.1987.tb05846.x",http://onlinelibrary.wiley.com/doi/abs/10.1111/j.1558-5646.1987.tb05846.x,wasp,animal,no,"""for most species, such as Ficus carica, the rule of one Ficus- one pollinator still holds true...Ficus carica and its pollinator Blastophaga psenesThe following study was confined to wild trees far removed from any plantation...FIG. I. The symbiotic cycle of Ficus carica and Blastophaga psenes in southern France.""",explicit from the text (described as such),system,"5 - Pollination system but wind pollination not explicitly tested for, pollination rewards clear, pollination efficiency of different pollinators not explicitly tested but pollinators observed transporting pollen and effecting pollination",reproduction,no,NA,NA,interpreted from the text,species,Ruby Stephens,31/1/2022
Potentilla indica,Potentilla,NA,Rosoideae,Rosaceae,Rosales,Fabidae,"Naruhashi, N., & Sugimoto, M. (1996). The Floral Biology of Duchesnea (Rosaceae). Plant Species Biology, 11(2–3), 173–184. https://doi.org/10.1111/j.1442-1984.1996.tb00143.x",https://onlinelibrary.wiley.com/doi/abs/10.1111/j.1442-1984.1996.tb00143.x,insect,animal,no,"""The petals…of D. indica have a nectar guide appearing as a spot at the base of the petals, that absorbs UV light…both species are pollinated by the same kind of pollinators, which are commonly small polylectic insects. The main pollinators are four small bees (Andrena knuthi, A. minutula, Halictus aerarius, Lasioglossum sp.) and three syrphid flies...insect visitors...in D. indica there were 51""",explicit from the text (described as such),system,"5 - Pollination system but wind pollination not explicitly tested for, pollination rewards clear, pollination efficiency of different pollinators not explicitly tested but pollinators observed transporting pollen and effecting pollination",nectar and pollen,yes,yes,"""Andrenidae and Halictidae visit the flowers for the collection of pollen and nectar…they may be attracted by the flower's odor""",explicit from the text (described as such),species,Ruby Stephens,11/3/2022
Prunus persica,Prunus,NA,Spiraeoideae,Rosaceae,Rosales,Fabidae,"TRY- BiolFLor, BASECO",NA,insect,animal,no,"""syrphids, bees…insects the rule…selfing possible…entomogamous""",explicit from the text (described as such),syndrome,"2 - Pollination syndrome based on interpretations of images or illustrations and text, and similar species, still relatively confident",NA,NA,NA,NA,NA,species,Ruby Stephens,31/1/2022
Boehmeria nivea,Boehmeria,Boehmerieae,NA,Urticaceae,Rosales,Fabidae,iNaturalist. (2022). Boehmeria nivea. iNaturalist. https://www.inaturalist.org/taxa/159288-Boehmeria-nivea,https://www.inaturalist.org/taxa/159288-Boehmeria-nivea,wind,wind,no,NA,guessed from the illustration,syndrome,"2 - Pollination syndrome based on interpretations of images or illustrations and text, and similar species, still relatively confident",NA,NA,NA,NA,NA,species,Ruby Stephens,11/3/2022
Urtica dioica,Urtica,Urticeae,NA,Urticaceae,Rosales,Fabidae,"Taylor, K. (2009). Biological Flora of the British Isles: Urtica dioica L. Journal of Ecology, 97(6), 1436–1458. https://doi.org/10.1111/j.1365-2745.2009.01575.x",http://onlinelibrary.wiley.com/doi/abs/10.1111/j.1365-2745.2009.01575.x,wind and insect,wind&animal,no,"""It is usually wind-pollinated; the immature stamens are incurved and under tension in the flower bud, and spring back, scattering the pollen explosively. The pollen grains are extremely small measuring 13.4 · 14.5 lm (Hyde & Adams 1958). An average pollen catch of 88.3 grains cm)3 year)1 (range 21.6–156.4) in the air from late May to late Septem- ber, with a peak in June–August has been recorded. These values are very high but less than grasses with a mean of 2106 grains cm)3 year)1 (range 725–4459), and the wind-pollinated trees Ash and Oak with means of 271 (range 89–505) and 178 (range 10–504) respectively (Proctor, Yeo & Lack 1996). In open habitats, female clones of U. dioica flower in advance of male clones and are slightly in advance of woodland clones (Wheeler 2005).
Although the individual flowers are highly reduced, green and inconspicuous, occasional pollination by insect visitors may occur. The flowers are visited by four species of thrip (Thysanoptera), Taeniothrips atratus (Hal.), T. vulgatissimus (Hal.), T. picipes (Zett.), and Thrips tabaci Lind. (Greig-Smith 1948). The small pollen-eating beetle Meligithes flavimanus Sturm (Nitidulidae), which is very common, is also found on the flowers. These small beetles and thrips, which fly from flower to flower with their bodies covered in pollen, may be significant pollinators.""",explicit from the text (described as such),system,"5 - Pollination system but wind pollination not explicitly tested for, pollination rewards clear, pollination efficiency of different pollinators not explicitly tested but pollinators observed transporting pollen and effecting pollination",pollen,NA,NA,"""pollen-eating beetle""",interpreted from the text,species,Ruby Stephens,31/1/2022
Borago officinalis,Borago,NA,Boraginoideae,Boraginaceae,Boraginales,Lamiidae,"TRY- BiolFlor, BASECO",NA,hymenoptera,animal,no,"""hymenopteres…insects the rule…selfing rare…entomogamous""",explicit from the text (described as such),syndrome,"2 - Pollination syndrome based on interpretations of images or illustrations and text, and similar species, still relatively confident",NA,NA,NA,NA,NA,species,Ruby Stephens,31/1/2022
Coldenia procumbens,Coldenia,NA,NA,Coldeniaceae,Boraginales,Lamiidae,"Chelong, I. A. (2021, March). Foraging plant and palynological analysis of stingless bee pot-pollen in Pattani, Thailand. In Journal of Physics: Conference Series (Vol. 1835, No. 1, p. 012108). IOP Publishing.",https://iopscience.iop.org/article/10.1088/1742-6596/1835/1/012108/pdf,insect,animal,no,"""The total number of pollen of stingless bee in the pot of 15 species and 1 family of plant found in this
project in the learning center of stingless bee in Saiburi, Pattani, Thailand is difference to previous findings species
such as Portula grandiflora, Antigonan leptopus, Amaranthus tricolor, Hibiscus rosa-sinensis, Cucumis melo,
Ixora coccinea, Tridax procumbens, Biden pilosa, Turnera subulata and Ixora javanica of plants respectively
from their Malaysian pollen pot [10]. Some species of plant in this area are native and economic plant such as
Cocos nucifera L., Capsicum flutescens L., Elaeis guineensis Jacq, Coldenia procumbens L. and Muntingia
calabura L. respectively., therefore, these plants are the main foraging plants of the stingless bee [TABLE 1]. In
conclusion, this study can to improve of stingless bee farm for good managing in the future.""",interpreted from the text,syndrome,"3 - Pollination syndrome but adaptations for animal pollination (nectar, scent, staminodes, sticky pollen) or else wind pollination (very reduced perianth, feathery stigma, exposed anthers with dry powdery pollen) or abiotic pollination clearly described",pollen,NA,NA,"""The total number of pollen of stingless bee in the pot of 15 species and 1 family of plant found in this
project in the learning center of stingless bee in Saiburi, Pattani, Thailand is difference to previous findings species
such as Portula grandiflora, Antigonan leptopus, Amaranthus tricolor, Hibiscus rosa-sinensis, Cucumis melo,
Ixora coccinea, Tridax procumbens, Biden pilosa, Turnera subulata and Ixora javanica of plants respectively
from their Malaysian pollen pot [10]. Some species of plant in this area are native and economic plant such as
Cocos nucifera L., Capsicum flutescens L., Elaeis guineensis Jacq, Coldenia procumbens L. and Muntingia
calabura L. respectively., therefore, these plants are the main foraging plants of the stingless bee [TABLE 1]. In
conclusion, this study can to improve of stingless bee farm for good managing in the future.""",explicit from the text (described as such),species,Lily Dun,11/2/2022
Ehretia acuminata,Ehretia,NA,Ehretioideae,Ehretiaceae,Boraginales,Lamiidae,"Corlett, R. T. (2001). Pollination in a degraded tropical landscape: a Hong Kong case study. Journal of Tropical Ecology, 17(1), 155-161.",https://www.cambridge.org/core/journals/journal-of-tropical-ecology/article/pollination-in-a-degraded-tropical-landscape-a-hong-kong-case-study/E30C554CE7E04358E280FD764D58AC28,insect,animal,no,"""Ehretia longiflora vistors: bees, butterflies, moths, beetles""",interpreted from the text,syndrome,"2 - Pollination syndrome based on interpretations of images or illustrations and text, and similar species, still relatively confident",NA,NA,NA,NA,NA,genus,Lily Dun,11/2/2022
Catharanthus roseus,Catharanthus,NA,NA,Apocynaceae,Gentianales,Lamiidae,"Miyajima, D. (2004). Pollination and seed set in vinca [Catharanthus roseus (L.) G. Don]. The Journal of Horticultural Science and Biotechnology, 79(5), 771-775.",https://www.tandfonline.com/doi/pdf/10.1080/14620316.2004.11511841?needAccess=true,lepidoptera,animal,no,"""Emasculated flowers of ‘Parasol’ and ‘Cooler
Peppermint’ abscinded about 4 d after anthesis.
Pollination at anthesis resulted in more than 80% fruit
set in both cultivars (Table II). Fruit set was lower on day
4 compared with day 3. The number of seeds per flower
was greatest on days 0, 1 and 2 compared with days 3 and
4 in ‘Parasol’. In contrast, the number of fruits per plant
was greatest on day 3 in ‘Cooler Peppermint’.
Pollination
Swallowtail butterflies (Papilio xuthus, Papilio
protenor) , humming-bird hawk-moths (Macroglossum
stellatarum) , and rice skippers (Parnara guttata) visited
vinca in the field. These insects visited many flowers
inserting their probosces into narrow openings of the
apices of the corolla tubes and absorbing the nectar.
Swallowtails and hawkmoths stayed for a few seconds,
while rice skippers absorbed nectar for over a minute. A
belt-shaped mass of pollen grains stuck on the stigma
after these visitations (Figure 2). On the other hand,
probosces were smeared with a mixture of a jam-like
substance from the stigma and pollen grains. Bees and
droneflies did not access the plants""",explicit from the text (described as such),system,"5 - Pollination system but wind pollination not explicitly tested for, pollination rewards clear, pollination efficiency of different pollinators not explicitly tested but pollinators observed transporting pollen and effecting pollination",nectar,yes,NA,""". These insects visited many flowers
inserting their probosces into narrow openings of the
apices of the corolla tubes and absorbing the nectar""",explicit from the text (described as such),species,Lily Dun,18/2/2022
Gelsemium sempervirens,Gelsemium,NA,NA,Gelsemiaceae,Gentianales,Lamiidae,"Pascarella, J. B. (2010). Pollination biology of Gelsemium sempervirens L.(Ait.)(Gelsemiaceae): do male and female Habropoda laboriosa F.(Hymenoptera, Apidae) differ in pollination efficiency?. Journal of Apicultural Research, 49(2), 170-176.",https://www.tandfonline.com/doi/pdf/10.3896/IBRA.1.49.2.05,insect,animal,no,""". Both male
and female blueberry bees retained substantial amounts of G.
sempervirens pollen""",explicit from the text (described as such),system,"5 - Pollination system but wind pollination not explicitly tested for, pollination rewards clear, pollination efficiency of different pollinators not explicitly tested but pollinators observed transporting pollen and effecting pollination",nectar,yes,yes,""", provide
nectar, are heavily scented and last 2-3 days""",explicit from the text (described as such),species,Lily Dun,18/2/2022
Centaurium pulchellum,Centaurium,NA,NA,Gentianaceae,Gentianales,Lamiidae,"Brys, R., & Jacquemyn, H. (2011). Variation in the functioning of autonomous self-pollination, pollinator services and floral traits in three Centaurium species. Annals of Botany, 107(6), 917–925. https://doi.org/10.1093/aob/mcr032",https://doi.org/10.1093/aob/mcr032,insect,animal,no,"""The species are most often visited by pollen-gathering hoverflies (Diptera, Syrphidae), but occasionally some bees (Hymenoptera, Apidae), small flies (Empididae-Muscidae), moths and butterflies (Lepidoptera)…insect visitors...38 on C. pulchellum...seed production under natural conditions is mainly the result of autonomous selfing, especially in C. pulchellum""",explicit from the text (described as such),system,"5 - Pollination system but wind pollination not explicitly tested for, pollination rewards clear, pollination efficiency of different pollinators not explicitly tested but pollinators observed transporting pollen and effecting pollination",pollen,no,NA,"""Flowers do not produce any nectar…The majority of visiting insects were pollen- gathering hoverflies (Diptera, Syrphidae)""",explicit from the text (described as such),species,Ruby Stephens,31/1/2022
Coffea arabica,Coffea,Coffeeae,Ixoroideae,Rubiaceae,Gentianales,Lamiidae,"Klein, A. M., Steffan‐Dewenter, I., & Tscharntke, T. (2003). Bee pollination and fruit set of Coffea arabica and C. canephora (Rubiaceae). American Journal of Botany, 90(1), 153-157.",https://bsapubs.onlinelibrary.wiley.com/doi/epdf/10.3732/ajb.90.1.153,wind and insect,wind&animal,yes,"""The self-fertileC. arabicashowed 75.2%fruit  set  in  open  pollination  and  75%  in  manually  cross-pol-linated flowers (Fig. 1B). Wind pollination plus autogamy re-sulted in a significantly lower fruit set of 62.9%, so bee pol-lination accounted for a 12.3% increase in fruit set. Geitono-gamy resulted in 57.5%, and manual pollination within flowersin 62.4% fruit set. Within these three treatments no significantdifferences were found, but fruit set of the control (autogamy,47.9%) was significantly lower than all other treatments inC.arabica. We found 27% more fruit set in open pollination orcross pollination by hand as compared to the control (Fig. 1B)""",explicit from the text (described as such),system,"6 - Pollination system, wind pollination explicitly tested for, pollination rewards clear, pollination efficiency of different pollinators tested",NA,NA,NA,NA,NA,species,Lily Dun,18/2/2022
Galium aparine,Galium,Rubieae,Rubioideae,Rubiaceae,Gentianales,Lamiidae,"TRY- BiolFlor, BASECO, Ecological Flora of the British Isles, Sheffield-Iran-Spain Database",NA,insect,animal,no,"""pollination animals…beetles, flies, syrphids, wasps, medium tongued bees…insects rare…insects possible…selfing the rule…entomogamous…insect…selfed""",explicit from the text (described as such),syndrome,"2 - Pollination syndrome based on interpretations of images or illustrations and text, and similar species, still relatively confident",NA,NA,NA,NA,NA,species,Ruby Stephens,31/1/2022
Thunbergia alata,Thunbergia,NA,Thunbergioideae,Acanthaceae,Lamiales,Lamiidae,"Martins, D. J. (2004). Foraging patterns of managed honeybees and wild bee species in an arid African environment: ecology, biodiversity and competition. International Journal of Tropical Insect Science, 24(1), 105-115.",https://www.researchgate.net/publication/231860992_Foraging_patterns_of_managed_honeybees_and_wild_bee_species_in_an_arid_African_environment_Ecology_biodiversity_and_competition,insect,animal,no,"""The generalist bees included Macrogalea candida
and Allodapula spp. These bees were found
commonly on most flowers in large numbers,
making frequent, repeated visits. Macrogalea candida
was commonly encountered on Ac. senegal, Ac.
tortilis, Al. dawei, Al. deserti, Al. parvidens, Ocimum,
Vernonia and Thunbergia alata""",explicit from the text (described as such),system,4 - Pollination system based on general observations of pollinator visitation and informed by syndrome,NA,NA,NA,NA,NA,species,Lily Dun,24/2/2022
Jacaranda mimosifolia,Jacaranda,NA,NA,Bignoniaceae,Lamiales,Lamiidae,"Alves, G. R., Peruchi, A., & Agostini, K. (2010). Pollination in urban area: the Jacaranda mimosifolia D. Don (Bignoniaceae) case study. Bioikos, 24(1), 31-41.",https://www.cabi.org/isc/abstract/20103367345,insect,animal,no,"""Floral visits began at 6 h 30 min and decreased at 17 h 30 min among the pollinators of J. mimosifolia, the large bees behaved as pollinators, performing legitimate visits. Eulaema negrita was the most abundant bee species, with 14.88% of visits and it presents pollinator behavior. There was also a large number of nectar robbers, and Apis mellifera was the robber species with the highest number of visits (15.70%). Even if an exotic species, J. mimosifolia has native pollinators responsible for cross-pollination, but only bees of medium and large size act as effective pollinators.""",explicit from the text (described as such),system,"5 - Pollination system but wind pollination not explicitly tested for, pollination rewards clear, pollination efficiency of different pollinators not explicitly tested but pollinators observed transporting pollen and effecting pollination",nectar,yes,NA,"""There was also a large number of nectar robbers, and Apis mellifera was the robber species with the highest number of visits (15.70%""",explicit from the text (described as such),species,Lily Dun,24/2/2022
Byblis gigantea,Byblis,NA,NA,Byblidaceae,Lamiales,Lamiidae,"Cross, A. T. (2019). Carnivorous plants. Greater Yule Brook, A jewel in the Crown of a Global Biodiversity Hotspot. Kwongan Foundation and the Western Australian Naturalists Club, Perth, Western Australia, Australia, 209-217.",https://www.researchgate.net/profile/Adam-Cross-13/publication/335389844_Carnivorous_Plants/links/5d62419092851c619d745910/Carnivorous-Plants.pdf,insect,animal,no,"""These flowers are buzz-pollinated by native
bees and hoverflies, and are thought to mimic the
flowers of sympatric Thysanotus (Asparagaceae)
species.""",explicit from the text (described as such),syndrome,"2 - Pollination syndrome based on interpretations of images or illustrations and text, and similar species, still relatively confident",NA,NA,NA,NA,NA,species,Lily Dun,24/2/2022
Byblis liniflora,Byblis,NA,NA,Byblidaceae,Lamiales,Lamiidae,iNaturalist. (2022). Byblis liniflora. https://www.inaturalist.org/taxa/123307-Byblis-liniflora,https://www.inaturalist.org/taxa/123307-Byblis-liniflora,insect,animal,no,NA,guessed from the illustration,syndrome,"2 - Pollination syndrome based on interpretations of images or illustrations and text, and similar species, still relatively confident",NA,NA,NA,NA,NA,species,Lily Dun,24/2/2022
Ajuga reptans,Ajuga,NA,Ajugoideae,Lamiaceae,Lamiales,Lamiidae,"TRY- BiolFlor, Ecological Flora of the British Isles",NA,insect,animal,no,"""bumble bees…insects the rule…selfing at failure of outcrossing…insect""",explicit from the text (described as such),syndrome,"2 - Pollination syndrome based on interpretations of images or illustrations and text, and similar species, still relatively confident",NA,NA,NA,NA,NA,species,Ruby Stephens,31/1/2022
Cymaria dichotoma,Cymaria,NA,NA,Lamiaceae,Lamiales,Lamiidae,Flora of China. 2022. Cymaria dichotoma. http://www.efloras.org/florataxon.aspx?flora_id=2&taxon_id=200019565,http://www.efloras.org/florataxon.aspx?flora_id=2&taxon_id=200019565,insect,animal,no,"""Corolla ca. 3 mm, puberulent, glandular; tube ca. 2 mm, cylindric, straight; upper lip oblong, slightly concave; lower lip enlarged, spreading, 3-lobed, lobes elliptic, middle lobe largest.""",interpreted from the text,syndrome,"3 - Pollination syndrome but adaptations for animal pollination (nectar, scent, staminodes, sticky pollen) or else wind pollination (very reduced perianth, feathery stigma, exposed anthers with dry powdery pollen) or abiotic pollination clearly described",NA,NA,NA,NA,NA,species,Lily Dun,18/3/2022
Prostanthera calycina,Prostanthera,Westringieae,Prostantheroideae,Lamiaceae,Lamiales,Lamiidae,iNaturalist. 2022. Prostanthera calycina. https://www.inaturalist.org/taxa/960009-Prostanthera-calycina,https://www.inaturalist.org/taxa/960009-Prostanthera-calycina,insect,animal,no,NA,guessed from the illustration,syndrome,"2 - Pollination syndrome based on interpretations of images or illustrations and text, and similar species, still relatively confident",NA,NA,NA,NA,NA,species,Lily Dun,29/3/2022
Ibicella lutea,Ibicella,NA,NA,Martyniaceae,Lamiales,Lamiidae,iNaturalist. 2022. Ibicella lutea. https://www.inaturalist.org/taxa/164032-Ibicella-lutea/browse_photos,https://www.inaturalist.org/taxa/164032-Ibicella-lutea/browse_photos,insect,animal,no,NA,guessed from the illustration,syndrome,"2 - Pollination syndrome based on interpretations of images or illustrations and text, and similar species, still relatively confident",NA,NA,NA,NA,NA,species,Ruby Stephens,25/11/2022
Martynia annua,Martynia,NA,NA,Martyniaceae,Lamiales,Lamiidae,"Cárdenas-Ramos, D., Falcón-Brindis, A., Badillo-Montaño, R., Hinojosa-Diaz, I., & Ayala, R. (2018). Floral Traits and Foraging Behavior of the Bee Assemblage Visiting Martynia annua L.(Martyniaceae) in Coastal Jalisco, Mexico. Sociobiology, 65(4), 722-726.",http://ojs3.uefs.br/index.php/sociobiology/article/view/3393/2996,insect,animal,no,"""Table 2. Pollen loads on floral visitors and average time spent within the flowers of Martynia annua. Pg = pollen grains of M. annua (Mean ± SE); Hpg = heterospecific pollen grains; Sa = scutum area. SE = standard error.""",explicit from the text (described as such),system,"5 - Pollination system but wind pollination not explicitly tested for, pollination rewards clear, pollination efficiency of different pollinators not explicitly tested but pollinators observed transporting pollen and effecting pollination",nectar,yes,NA,""" Nectar production averaged 0.021 ± 0.086 ml with a concentration of 36.16 ± 2.28 °Bx/flower (N= 6)""",explicit from the text (described as such),species,Lily Dun,18/3/2022
Olea europaea,Olea,NA,NA,Oleaceae,Lamiales,Lamiidae,"TRY- BASECO, Cabo de Gata-N<ed>jar Natural Park",NA,wind and insect,wind&animal,no,"""entomogamous…anemophilous""",explicit from the text (described as such),syndrome,"2 - Pollination syndrome based on interpretations of images or illustrations and text, and similar species, still relatively confident",NA,NA,NA,NA,NA,species,Ruby Stephens,31/1/2022
Striga asiatica,Striga,NA,NA,Orobanchaceae,Lamiales,Lamiidae,iNaturalist. 2022. Striga asiatica. https://www.inaturalist.org/taxa/169410-Striga-asiatica/browse_photos,https://www.inaturalist.org/taxa/169410-Striga-asiatica/browse_photos,insect,animal,no,NA,guessed from the illustration,syndrome,"2 - Pollination syndrome based on interpretations of images or illustrations and text, and similar species, still relatively confident",NA,NA,NA,NA,NA,species,Ruby Stephens,25/11/2022
Paulownia tomentosa,Paulownia,NA,NA,Paulowniaceae,Lamiales,Lamiidae,TRY- BiolFlor,NA,bee,animal,no,"""bumble bees…insects the rule""",explicit from the text (described as such),syndrome,"2 - Pollination syndrome based on interpretations of images or illustrations and text, and similar species, still relatively confident",NA,NA,NA,NA,NA,species,Ruby Stephens,31/1/2022
Sesamum indicum,Sesamum,NA,NA,Pedaliaceae,Lamiales,Lamiidae,"Mahfouz, H. M., Kamel, S. M., Belal, A. H., & Said, M. (2012). Pollinators visiting sesame (Sesamum indicum L.) seed crop with reference to foraging activity of some bee species. Cercetari Agronomice in Moldova, 45(2), 49-55.",https://www.researchgate.net/publication/267978818_Pollinators_Visiting_Sesame_Sesamum_Indicum_L_Seed_Crop_with_Reference_to_Foraging_Activity_of_Some_Bee_Species,insect,animal,no,"""revealed that four groups of
pollinators visited the sesame
belonging to order Hymenoptera,
Diptera, Lepidoptera and Coleoptera
of class insecta during the flowering
period. The number of Hymenoptera
was higher, followed by Lepidoptera,
and then both of Coleoptera and
Diptera. The results indicate that
Hymenopterans and Lepidopterans
are the major pollinators visiting
sesame flowers""",explicit from the text (described as such),system,"5 - Pollination system but wind pollination not explicitly tested for, pollination rewards clear, pollination efficiency of different pollinators not explicitly tested but pollinators observed transporting pollen and effecting pollination",nectar,yes,NA,"""The maximum number of A.
mellifera was observed during 9-11
am and decreased with time during
the day. This is because nectar flow is
copious in the sesame crop especially
in the morning period; there after the
nectar concentration gradually
diminishes. """,explicit from the text (described as such),species,Lily Dun,24/3/2022
Plantago lanceolata,Plantago,NA,NA,Plantaginaceae,Lamiales,Lamiidae,"Sharma, N., Koul, P., & Koul, A. K. (1993). Pollination biology of some species of genus Plantago L. Botanical Journal of the Linnean Society, 111(2), 129–138. https://doi.org/10.1111/j.1095-8339.1993.tb01895.x",http://onlinelibrary.wiley.com/doi/abs/10.1111/j.1095-8339.1993.tb01895.x,wind and insect,wind&animal,no,"""The relative efficiency of wind pollination in all chasmogamous species was determined by hanging glass slides smeared with Mayer’s albumen on T-shaped stands, fixed at distance of 0.5-2 m from the pollen source. The slides, exposed for 24 h, were screened for the pollen load under the microscope. Observations on the slides revealed considerable differences. Whereas the slides fixed around plants of P . drummondii carried few or no pollen grains of this species, those hung around the plants of other species carried a considerable number (Table5)....Spikes of only three species, P. lagopus, P. lanceolata and to a lesser degree of P. ovata, are visited by Apis dorsata, Apis florea and a few dipteran flies...Wind and insects are the major pollinating agents in these and some other species of Plantago""",explicit from the text (described as such),system,"5 - Pollination system but wind pollination not explicitly tested for, pollination rewards clear, pollination efficiency of different pollinators not explicitly tested but pollinators observed transporting pollen and effecting pollination",pollen,no,no,"""Flowers are compactly arranged in spikes; they are small, scentless and without any nectar...In the absence of nectar in the flowers of these species, pollen is the only reward that visiting insects collect in return for their visit.""",explicit from the text (described as such),species,Ruby Stephens,31/1/2022
Veronica anagallis-aquatica,Veronica,NA,NA,Plantaginaceae,Lamiales,Lamiidae,"TRY- BiolFlor, BASECO, Ecological Flora of the British Isles",NA,insect,animal,no,"""bees, bumblebees, wasps, bombylides, syrphids…insects possible…selfing often…entomogamous…insect""",explicit from the text (described as such),syndrome,"2 - Pollination syndrome based on interpretations of images or illustrations and text, and similar species, still relatively confident",NA,NA,NA,NA,NA,species,Ruby Stephens,31/1/2022
Buddleja davidii,Buddleja,NA,NA,Scrophulariaceae,Lamiales,Lamiidae,"TRY- BiolFlor, BASECO, Ecological Flora of the British Isles, Sheffield-Iran-Spain Database, Traits from the Wildfire Project",NA,insect,animal,no,"""pollination animals…butterflies, long tongued bees, syrphids…insects the rule…entomogamous…Animals…insect""",explicit from the text (described as such),syndrome,"2 - Pollination syndrome based on interpretations of images or illustrations and text, and similar species, still relatively confident",NA,NA,NA,NA,NA,species,Ruby Stephens,31/1/2022
Verbascum thapsus,Verbascum,NA,NA,Scrophulariaceae,Lamiales,Lamiidae,"Donnelly, S. E., Lortie, C. J., & Aarssen, L. W. (1998). Pollination in Verbascum thapsus (Scrophulariaceae): The advantage of being tall. American Journal of Botany, 85(11), 1618–1625. https://doi.org/10.2307/2446490",http://onlinelibrary.wiley.com/doi/abs/10.2307/2446490,insect,animal,no,"""inflorescence spike of bright yellow flow- ers that are visited by pollinators, primarily bees...Plants of V. thapsus that had visiting pollinators were generally taller than their nearest unvisited neighbors""",explicit from the text (described as such),system,4 - Pollination system based on general observations of pollinator visitation and informed by syndrome,nectar and pollen,yes,NA,"""given the low nectar levels in V. thapsus and that pollinators (honey bees and bumble bees) appear to forage for only pollen (S. Donnelly, personal observation)""",interpreted from the text,species,Ruby Stephens,31/1/2022
Polypremum procumbens,Polypremum,NA,NA,Tetrachondraceae,Lamiales,Lamiidae,"Lonard, R. I., & Judd, F. W. (1989). Phenology of native angiosperms of South Padre Island, Texas.",https://digitalcommons.unl.edu/cgi/viewcontent.cgi?article=1034&context=napcproceedings,insect,animal,no,"""Table 1. Flowering and fruiting duration and relationships for 74 species of native angiosperms of South Padre Island, Texas. Entomophilous
species = e, anemophilous species = a.""",explicit from the text (described as such),system,4 - Pollination system based on general observations of pollinator visitation and informed by syndrome,NA,NA,NA,NA,NA,species,Lily Dun,24/3/2022
Ipomoea alba,Ipomoea,NA,Convolvuloideae,Convolvulaceae,Solanales,Lamiidae,"Galetto, L., & Bernardello, G. (2004). Floral nectaries, nectar production dynamics and chemical composition in six Ipomoea species (Convolvulaceae) in relation to pollinators. Annals of botany, 94(2), 269-280.",https://watermark.silverchair.com/mch137.pdf?token=AQECAHi208BE49Ooan9kkhW_Ercy7Dm3ZL_9Cf3qfKAc485ysgAAAtgwggLUBgkqhkiG9w0BBwagggLFMIICwQIBADCCAroGCSqGSIb3DQEHATAeBglghkgBZQMEAS4wEQQM3fkqMA1mzG1lmyGUAgEQgIICi0e8rBvAsnqVZPVpuLRNbh-Th6XpQ8Avf-NUBLRwyfFZkrqEJQq19pLjKI7YdH7XOOHUeo_c-_XyXH9VuGD3YOheRSjtgysK8SwWqVDUm4kywZYGJkIPCriJjYLvFP3qGZqgazJaTM74EnYkVNEqcxtsuknuxep4iCDJd4gECuIg_5-1gvYePU10rfkSiMxJP0xKoMSnGIi2eDUqLIJf79NukWEr_28lPTWK9BPXNSCouhVYZiifsL-TawbH0Hde1UQOY2DiKpDGdjg6MDdVCliICjNQg_TstPuE41wVdAuvz-zOBTKwmIu0khhtFAvmdUnJC528x7q-lVXAKHFousHjHhB4cZdaBgOk2vk6ShuydjJgIIWkIOXJX_0MHldatlaM9FrA8BJvQl4Aq_WkOzmBQnDtRaEGDHtqv9FFxmK_ZFiftEkk6cXXkhuldIpHVOs7qe7sITpdW2yWt_3YsHkEjjl__HJU6izDk6i8Uzz1SD-VqqWV9AfYg6gBxv3uXriAl2YWKvUGMS0vlZuv4iE3eoPBt_ZJwcf0WISHo3OLvNVjWHx8OSdGma9XvAKT_LXxXab_RMu1tP0YCvg8QzVPzOxTTyBzQf121NMu82nGgRjfCAGQ5wVCDlKot2L_3rJbP1gEbwq-VLzqd3SBsPHuy90zDDUn0gvZuZfGLj8Ct36DmRBHFJBeAfL_R2R5IPMgRNu90bHKZKpQHNAcGBpTdNi4Wt7ApUJhavoPYi-SKNle4n6jse5J2XjWlJ1l3qqNdRreJLq_3_0on8mLmeY6qxmA8mf0spYCOtRPQYC2kt11ygEMGlqd-UrVrFGpBm4ovLoCV77mZr8ebJmnkRfJXT2Lb8CAtD4R2g,moth,animal,no,"""T ABLE 2. Flower visitors of Argentinian Ipomoea species: I. alba – – Sphingidae: Manduca""",explicit from the text (described as such),system,"5 - Pollination system but wind pollination not explicitly tested for, pollination rewards clear, pollination efficiency of different pollinators not explicitly tested but pollinators observed transporting pollen and effecting pollination",nectar,yes,NA,"""All the species studied had a conspicuous floral (also called
nuptial), discoidal nectary surrounding the ovary base""",explicit from the text (described as such),species,Lily Dun,24/3/2022
Cestrum nocturnum,Cestrum,Cestreae,Cestroideae,Solanaceae,Solanales,Lamiidae,"Overland, L. (1960). Endogenous rhythm in opening and odor of flowers of Cestrum nocturnum. American Journal of Botany, 47(5), 378-382.",https://www.jstor.org/stable/pdf/2439225.pdf?casa_token=iudwwI2NfE0AAAAA:2jS50nEEU1xYA4ojNMPocM7Cn4yqfeQ6QSeMFibUagrVAwjgWx2nYJ5yz3Shhud4m5Ia8pdhs2h6DrLgSMioh0eaU8ZTkSliGZfaQDBtufCw4ZtKpz8,insect,animal,no,"""This plant, which is a semi-tropical shrub
 native to islands in the Caribbean, is pollinated by
 a night-flying insect, obviously attracted to it by
 its fragrance. Plants grown in insect-free green-
 houses, although exhibiting the same cycles of
 flowering and odor, never form seed due to the
 absence of pollinating insects""",explicit from the text (described as such),system,"5 - Pollination system but wind pollination not explicitly tested for, pollination rewards clear, pollination efficiency of different pollinators not explicitly tested but pollinators observed transporting pollen and effecting pollination",scent,NA,yes,"""NS.-The strong night
 odor for which Cestrutm nocturnum is noted and
 which formerly was thought to be a direct result of
 darkness, has been found to exist as an endogenous
 rhythm independent of the outer environment.""",explicit from the text (described as such),species,Lily Dun,29/3/2022
Anthocercis viscosa,Anthocercis,NA,Nicotianoideae,Solanaceae,Solanales,Lamiidae,"Stace, H. M. (1995). Protogyny, self-incompatibility and pollination in Anthocercis gracilis (Solanaceae). Australian Journal of Botany, 43(5), 451-459.",https://www.publish.csiro.au/bt/pdf/bt9950451,insect,animal,no,"""Nocturnal moths were seen visiting the large scented white-flowers of A. viscosa in William Bay National Park, southern Western Australia (J. S. Pate, pers. comm.), musid flies have
been observed on A. viscosa ssp, viscosa at West Cape Howe (G. J. Keighery, pers. comm.)""",explicit from the text (described as such),system,4 - Pollination system based on general observations of pollinator visitation and informed by syndrome,NA,NA,NA,NA,NA,species,Lily Dun,29/3/2022
Nicotiana tabacum,Nicotiana,NA,Nicotianoideae,Solanaceae,Solanales,Lamiidae,TRY- BiolFlor,NA,insect,animal,no,"""butterflies, long tongued bees, syrphids…insects the rule…selfing often""",explicit from the text (described as such),syndrome,"2 - Pollination syndrome based on interpretations of images or illustrations and text, and similar species, still relatively confident",NA,NA,NA,NA,NA,species,Ruby Stephens,31/1/2022
Petunia axillaris,Petunia,NA,Petunioideae,Solanaceae,Solanales,Lamiidae,"Klahre, U., Gurba, A., Hermann, K., Saxenhofer, M., Bossolini, E., Guerin, P., & Kuhlemeier, C. (2011). Pollinator choice in Petunia depends on two major genetic loci for floral scent production. Current Biology, 21(9), 730-739.",https://www.researchgate.net/publication/51055058_Pollinator_Choice_in_Petunia_Depends_on_Two_Major_Genetic_Loci_for_Floral_Scent_Production,moth,animal,no,"""The night-active hawkmoth pollinator Manduca sexta relies on olfactory cues provided by Petunia axillaris""",explicit from the text (described as such),system,4 - Pollination system based on general observations of pollinator visitation and informed by syndrome,NA,NA,NA,NA,NA,species,Lily Dun,29/3/2022
Solanum dulcamara,Solanum,NA,Solanoideae,Solanaceae,Solanales,Lamiidae,"TRY- BiolFlor, BASECO, Ecological Flora of the British Isles, Sheffield-Iran-Spain Database, Traits from the Wildfire Project, Sheffield Database",NA,insect,animal,no,"""short tongued bees, syrphids, flies, beetles…insects the rule…entomogamous…unspecialised zoophyllous…insect""",explicit from the text (described as such),syndrome,"2 - Pollination syndrome based on interpretations of images or illustrations and text, and similar species, still relatively confident",NA,NA,NA,NA,NA,species,Ruby Stephens,31/1/2022
Sphenoclea zeylanica,Sphenoclea,NA,NA,Sphenocleaceae,Solanales,Lamiidae,iNaturalist. 2022. Sphenoclea zeylanica. https://www.inaturalist.org/taxa/156037-Sphenoclea-zeylanica,https://www.inaturalist.org/taxa/156037-Sphenoclea-zeylanica,insect,animal,no,NA,guessed from the illustration,syndrome,"2 - Pollination syndrome based on interpretations of images or illustrations and text, and similar species, still relatively confident",NA,NA,NA,NA,NA,species,Lily Dun,29/3/2022
Atherosperma moschatum,Atherosperma,NA,NA,Atherospermataceae,Laurales,Magnoliidae,"Shapcott, A. (1995). The spatial genetic structure in natural populations of the Australian temperate rainforest tree Atherosperma moschatum (Labill.) (Monimiaceae). Heredity, 74(1), 28–38. https://doi.org/10.1038/hdy.1995.4 ; Kingston, A. B., & Mc QUILLAN, P. B. (2000). Are pollination syndromes useful predictors of floral visitors in Tasmania? Austral Ecology, 25(6), 600–609. https://doi.org/10.1111/j.1442-9993.2000.tb00065.x ; Australian Biological Resources Study, Canberra. (2021). Flora of Australia. http://www.ausflora.org.au ; Sampson, F. B. (1969). Studies on the Monimiaceae: II. Floral morphology of Laurelia novae-zelandiae A. Cunn. (subfamily Atherospermoideae)*. New Zealand Journal of Botany, 7(3), 214–240. https://doi.org/10.1080/0028825X.1969.10428595",http://www.nature.com/articles/hdy19954 ; http://onlinelibrary.wiley.com/doi/abs/10.1111/j.1442-9993.2000.tb00065.x ; https://profiles.ala.org.au/opus/foa/profile/Atherosperma%20moschatum ; http://www.tandfonline.com/doi/abs/10.1080/0028825X.1969.10428595,insect,animal,no,"""A. moschatum is known to reproduce vegetatively, is insect-pollinated""; Source 2 records bee visitor to Atherosperma moschatum flowers",explicit from the text (described as such),system,4 - Pollination system based on general observations of pollinator visitation and informed by syndrome,nectar,yes,yes,"""Flowers pleasantly perfumed""",explicit from the text (described as such),species,Ruby Stephens,18/11/2021
Idiospermum australiense,Idiospermum,NA,Idiospermoideae,Calycanthaceae,Laurales,Magnoliidae,"Worboys, S. J., & Jackes, B. R. (2005). Pollination Processes in Idiospermum australiense (Calycanthaceae), an arborescent basal angiosperm of Australia?s Tropical Rain Forests. Plant Systematics and Evolution, 251(2–4), 107–117. https://doi.org/10.1007/s00606-004-0226-z",http://link.springer.com/10.1007/s00606-004-0226-z,insect,animal,no,"""The pollinators are small; it appears likely that they are attracted by scent and/or pale colours; and they are rewarded by pollen and/or plant tissues and a safe haven for their larvae. Both thrips and beetles fit these requirements.""",explicit from the text (described as such),system,"5 - Pollination system but wind pollination not explicitly tested for, pollination rewards clear, pollination efficiency of different pollinators not explicitly tested but pollinators observed transporting pollen and effecting pollination",food,no,yes,"""Nectar was not present in Idiospermum flowers: there was no accumulation of liquid visible on the tepals, stamens or staminodia, nor was there any accumulation of liquid in the base of the receptacle of any of the fresh flowers examined...evidence was found that floral tissues provided some of the reward, as the adaxial surface of the deciduous lower tepals was often targetted by chewing insects...Fragrance was produced by these lower tepals...The flowers have a sweet, fruity fragrance""",explicit from the text (described as such),species,Ruby Stephens,18/11/2021
Hernandia ovigera,Hernandia,NA,Hernandioideae,Hernandiaceae,Laurales,Magnoliidae,Flora of Malesiana online Accessed  22 November 2021,http://portal.cybertaxonomy.org/flora-malesiana/cdm_dataportal/taxon/537f5d28-67d4-4053-8683-e2bffb034c15,insect,animal,no,"""No observations are recorded, but the flowers of Hernandia and Illigera are often reported to be fragrant and the staminal appendages of Illigera seem to function as nectaries; the pollen grains of both genera are large and sticky. These characters suggest that the Hernandia and Illigera species may be entomogamous.""",interpreted from the text,syndrome,"2 - Pollination syndrome based on interpretations of images or illustrations and text, and similar species, still relatively confident",NA,yes,yes,"""No observations are recorded, but the flowers of Hernandia and Illigera are often reported to be fragrant and the staminal appendages of Illigera seem to function as nectaries; the pollen grains of both genera are large and sticky. These characters suggest that the Hernandia and Illigera species may be entomogamous.""",interpreted from the text,genus,Ruby Stephens,22/11/2021
Cassytha filiformis,Cassytha,Cassytheae,NA,Lauraceae,Laurales,Magnoliidae,"Weber, J. Z. (1981). A TAXONOMIC REVISION OF CASSYTHA (LAURACEAE) IN AUSTRALIA. Journal of the Adelaide Botanic Garden, 3(3), 187–262.",https://www.jstor.org/stable/23872351,insect,animal,no,"""Pollination: I have not observed any particular insects on the flowers as possible pollinators, nor has any other information on pollination been found in the literature. The presence of the glands in the flower, and the quite long flowering period of several weeks may suggest insect pollination or wind pollination; on the other hand the introrse stamens and the small flowers may achieve self pollination.""",guessed from the illustration,syndrome,"2 - Pollination syndrome based on interpretations of images or illustrations and text, and similar species, still relatively confident",NA,NA,NA,NA,NA,species,Ruby Stephens,20/4/2022
Cryptocarya meisneriana,Cryptocarya,Cryptocaryeae,NA,Lauraceae,Laurales,Magnoliidae,"Australian Biological Resources Study, Canberra. (2021). Flora of Australia. http://www.ausflora.org.au",https://profiles.ala.org.au/opus/foa/profile/Cryptocarya,insect,animal,no,NA,guessed from the illustration,syndrome,"2 - Pollination syndrome based on interpretations of images or illustrations and text, and similar species, still relatively confident",NA,NA,yes,"""Flowers cream, pale green, perfumed""",explicit from the text (described as such),genus,Ruby Stephens,1/12/2021
Cinnamomum camphora,Cinnamomum,Laureae,NA,Lauraceae,Laurales,Magnoliidae,"Kubitzki, K., & Kurz, H. (1984). Synchronized dichogamy and dioecy in neotropical Lauraceae. Plant Systematics and Evolution, 147(3), 253–266. https://doi.org/10.1007/BF00989387",https://doi.org/10.1007/BF00989387,insect,animal,no,"""Cinnamonum which possess relatively large, showy flowers with a two day cycle in floral Class A. These flowers open widely and close between the male and female stage in a rhythm that appears to have evolved in response to the phases of activity of the pollinators""",interpreted from the text,syndrome,"3 - Pollination syndrome but adaptations for animal pollination (nectar, scent, staminodes, sticky pollen) or else wind pollination (very reduced perianth, feathery stigma, exposed anthers with dry powdery pollen) or abiotic pollination clearly described",nectar and pollen,yes,yes,"""Ample nectar is produced by the staminal glands flanking the inner stamens and the staminodes corresponding to the fourth staminal whorl; this glandular tissue is shiny yellow…"" Flora of Australia: ""Flowers opening widely with tepals becoming ± horizontal, white or cream, smelling of camphor.""",interpreted from the text,species,Ruby Stephens,2/12/2021
Laurus nobilis,Laurus,Laureae,NA,Lauraceae,Laurales,Magnoliidae,"Pacini, E., Sciannandrone, N., & Nepi, M. (2014). Floral biology of the dioecious species Laurus nobilis L. (Lauraceae). Flora - Morphology, Distribution, Functional Ecology of Plants, 209(3), 153–163. https://doi.org/10.1016/j.flora.2014.02.001",https://www.sciencedirect.com/science/article/pii/S0367253014000115,insect,animal,no,"""The present research was conducted in a garden...so that bay laurel flowers were visited by different types of insects, rewards were collected, pollination occurred, and the fruits ripened.""",explicit from the text (described as such),system,"5 - Pollination system but wind pollination not explicitly tested for, pollination rewards clear, pollination efficiency of different pollinators not explicitly tested but pollinators observed transporting pollen and effecting pollination",nectar and pollen,yes,NA,"""Insects are attracted by male and female flowers similarly, males offer nectar and pollen, whilst females only nectar""",explicit from the text (described as such),species,Ruby Stephens,2/12/2021
Eupomatia bennettii,Eupomatia,NA,NA,Eupomatiaceae,Magnoliales,Magnoliidae,"Endress, P. K. (2003). Early Floral Development and Nature of the Calyptra in Eupomatiaceae (Magnoliales). International Journal of Plant Sciences, 164(4), 489–503. https://doi.org/10.1086/375319",http://www.journals.uchicago.edu/doi/full/10.1086/375319,beetle,animal,no,"""Eupomatia is pollinated by small weevils of the genus Elleschodes (Hamilton 1897; Hotchkiss 1958; Armstrong and Irvine 1990). No other pollinators have ever been observed. Conversely, the genus Elleschodes has never been observed anywhere other than on Eupomatia flowers (Armstrong and Irvine 1990).""",explicit from the text (described as such),system,"5 - Pollination system but wind pollination not explicitly tested for, pollination rewards clear, pollination efficiency of different pollinators not explicitly tested but pollinators observed transporting pollen and effecting pollination",food and reproduction,NA,NA,"""The valvate stamens and the histologically highly differentiated staminodes are united into a massive synandrium (Endress 1984a, 1984b; Endress and Hufford 1989). It serves as shelter and food for the pollinating beetles and, after abscission from the flower while on the forest floor, also for their larvae (Armstrong and Irvine 1990). """,explicit from the text (described as such),species,Ruby Stephens,6/12/2021
Piper betle,Piper,NA,Piperoideae,Piperaceae,Piperales,Magnoliidae,"iNaturalist. (2022). Piper betle. iNaturalist. https://www.inaturalist.org/taxa/347653-Piper-betle/browse_photos ; de Figueiredo, R. A., & Sazima, M. (2000). Pollination Biology of Piperaceae Species in Southeastern Brazil. Annals of Botany, 85(4), 455–460. https://doi.org/10.1006/anbo.1999.1087",https://www.inaturalist.org/taxa/347653-Piper-betle/browse_photos ; https://www.sciencedirect.com/science/article/pii/S0305736499910879,wind and insect,wind&animal,no,"""14 Piperaceae species...All species had minute odorous and nectarless flowers visited by insects...Seven species were wind pollinated, and three were exclusively pollinated by insects. Flower visitors were mainly hover flies and bees...Wind pollination occurs in seven of the studied Piperaceae: Piper arboreum, P. gaudichaudianum, P. macedoi, P. mikanianum, P. xylosteoides, Ottonia martiana and O. propinqua (Table 2). Anemophily has previously been recorded only for P. nigrum in Panama (Martin and Gregory, 1962), whereas other Central American Piper species are not wind pollinated (Semple, 1974; Fleming, 1985). As the bags used for insect exclusion may have affected access by windblown pollen, the estimation of wind pollination (Table 2) may be conservative. Furthermore, small insects initially present in the bag may have also contributed to fruit set by autogamy or geitonogamy, as perhaps occurred in P. crassinervium. Four species, P. aduncum, P. mollicomum, P. regnelli and Pothomorphe umbellata, did not yield substantially more fruits in insect-proof bags than could have been accounted for by within-inflorescence fertilization in waterproof bags, hence they were not considered to be wind pollinated. The majority of species grow at the edge of the forest, an appropriate place for pollen transport by wind (Arruda and Sazima, 1988), but Piper arboreum, P. gaudichaudianum, P. mikanianum, P. regnelli, O. martiana and O. propinqua also grow in the forest under-storey. These individuals, too, are effectively pollinated by wind (Table 2). Bawa and Crisp (1980) and Bawa et al. (1985) also recorded some anemophilous under-storey species within the Moraceae. Species of Piperaceae exhibit some classic traits of anemophilous plants, such as the increase of individuals flowering in windy months ( from September to December, see Fig. 1), the small and pulverulent pollen grains and the protogynous flowers (Lloyd and Webb, 1986; Honig et al., 1992). Piper amalago, P. crassinervium and P. glabratum may be exclusively insect-pollinated. As insects visit inflorescences of all Piperaceae species (Table 2), these plants may well benefit from insect pollination, although we have no evidence of this since none of our treatments excluded wind pollination. Flies (mainly hoverflies, Syrphidae: Diptera) and bees (mainly Apidae: Hymenoptera) were the most frequent visitors, transporting Piperaceae pollen on their bodies (Fig. 2B). Central American Piper species are pollinated mainly by stingless bees of the genus Trigona (Apidae: Hymenoptera) (Semple, 1974; Fleming, 1985).""
",interpreted from the text,syndrome,"2 - Pollination syndrome based on interpretations of images or illustrations and text, and similar species, still relatively confident",NA,NA,NA,NA,NA,species,Ruby Stephens,12/4/2022
Akania bidwillii,Akania,NA,NA,Akaniaceae,Brassicales,Malvidae,"Conran, J. G., Kaulfuss, U., Bannister, J. M., Mildenhall, D. C., & Lee, D. E. (2019). An Akania (Akaniaceae) inflorescence with associated pollen from the early Miocene of New Zealand. American Journal of Botany, 106(2), 292–302. https://doi.org/10.1002/ajb2.1236",http://onlinelibrary.wiley.com/doi/abs/10.1002/ajb2.1236,insect,animal,no,"""Living Akania flowers are small, actinomorphic, dish-shaped, pink to white, and fragrant (Hewson, 1985) and are presumed to have unspecialized pollination (Williams and Adam, 2010)...The absence of zygomorphy, an expanded gullet-like hypanthium, or spurring suggests that the Miocene New Zealand Akania flowers were probably also pollinated by small, generalist insect pollinators, agreeing with the hypotheses of long- term unspecialized pollination (Newstrom and Robertson, 2005)""",explicit from the text (described as such),syndrome,"2 - Pollination syndrome based on interpretations of images or illustrations and text, and similar species, still relatively confident",NA,NA,NA,NA,NA,species,Ruby Stephens,21/2/2022
Arabidopsis thaliana,Arabis,Arabideae,NA,Brassicaceae,Brassicales,Malvidae,"TRY- BiolFlor, BASECO, Ecological Flora of the British Isles",NA,insect,animal,no,"""syrphids, bees...insects rare…selfing the rule…autogamous/entomogamous…insect""",explicit from the text (described as such),syndrome,"2 - Pollination syndrome based on interpretations of images or illustrations and text, and similar species, still relatively confident",NA,NA,NA,NA,NA,species,Ruby Stephens,31/1/2022
Chorispora tenella,Chorispora,Chorisporeae,NA,Brassicaceae,Brassicales,Malvidae,"Kew Science. (2022). Chorispora tenella (Pall.) DC. Plants of the World Online. Retrieved 31 January 2022, from https://powo.science.kew.org/taxon/urn:lsid:ipni.org:names:281254-1",https://powo.science.kew.org/taxon/urn:lsid:ipni.org:names:281254-1,insect,animal,no,NA,guessed from the illustration,syndrome,"2 - Pollination syndrome based on interpretations of images or illustrations and text, and similar species, still relatively confident",NA,NA,NA,NA,NA,species,Ruby Stephens,31/1/2022
Hesperis matronalis,Hesperis,Hesperideae,NA,Brassicaceae,Brassicales,Malvidae,"Majetic, C. J., Raguso, R. A., & Ashman, T.-L. (2009). The sweet smell of success: Floral scent affects pollinator attraction and seed fitness in Hesperis matronalis. Functional Ecology, 23(3), 480–487. https://doi.org/10.1111/j.1365-2435.2008.01517.x",http://onlinelibrary.wiley.com/doi/abs/10.1111/j.1365-2435.2008.01517.x,insect,animal,no,"""Self-compatible plants set some seed autonomously, but those that receive pollinator visits have threefold higher seed set (Majetic 2008). During the day, flower visitors in Pennsylvania and Ohio are predominately bees (including Bombus spp. and Apis mellifera) and syrphid flies (a combined c. 80% of visitors), with less frequent visits by lepidopterans, including crepuscular moths (Mitchell & Ankeny 2001; Majetic 2008)...Approximately 95% of floral visitors were syrphid flies, with the remaining 5% of visits by small bees and lepidopterans.""",explicit from the text (described as such),system,"5 - Pollination system but wind pollination not explicitly tested for, pollination rewards clear, pollination efficiency of different pollinators not explicitly tested but pollinators observed transporting pollen and effecting pollination",NA,NA,yes,"""Hesperis matronalis flowers emit a complex volatile blend (39 compounds) that varies diurnally (Nielsen et al. 1995; Majetic et al. 2007). Scent emission rates are twofold higher at dusk than at dawn",explicit from the text (described as such),species,Ruby Stephens,31/1/2022
Capparis spinosa,Capparis,NA,NA,Capparaceae,Brassicales,Malvidae,"Zhang, T., & Tan, D.-Y. (2009). An Examination of the Function of Male Flowers in an Andromonoecious Shrub Capparis spinosa. Journal of Integrative Plant Biology, 51(3), 316–324. https://doi.org/10.1111/j.1744-7909.2008.00800.x",http://onlinelibrary.wiley.com/doi/abs/10.1111/j.1744-7909.2008.00800.x,bee,animal,no,"""in the andromonoecious shrub Capparis spinosa L. (Capparaceae)...confirmed that pollen production and cumulative volume and sugar concentration of nectar do not differ between male and perfect flowers...Observations on pollinators indicated that two major pollinators (Xylocopa valga Gerst and Proxylocopa sinensis Wu) did not discriminate between flower morphs and that they transferred pollen grains a similar distance...Six species of insects were recorded as flower visitors. Two species, Xylocopa valga Gerst and Proxylocopa sinensis Wu, were observed contacting floral reproductive structures during each visit and pollinating the flowers (Figure 3).""",explicit from the text (described as such),system,"5 - Pollination system but wind pollination not explicitly tested for, pollination rewards clear, pollination efficiency of different pollinators not explicitly tested but pollinators observed transporting pollen and effecting pollination",nectar and pollen,yes,NA,"""rewards (i.e. pollen and nectar)…In both male and perfect flowers, nectar was secreted from the surface of a nectary disc at the beginning of anthesis.""",explicit from the text (described as such),species,Ruby Stephens,21/2/2022
Crateva religiosa,Crateva,NA,NA,Capparaceae,Brassicales,Malvidae,"Srinivas, V., Surendra, G., Anjana, M., & Kiran, A. S. (2018). A Scientific review on Crateva religiosa. 7, 6.",https://ijapbc.com/files/23-05-18/02.pdf,insect,animal,no,"""Crataeva religiosa is pollinated by a wide variety of insects.""",explicit from the text (described as such),syndrome,"2 - Pollination syndrome based on interpretations of images or illustrations and text, and similar species, still relatively confident",NA,NA,NA,NA,NA,species,Ruby Stephens,21/2/2022
Carica papaya,Carica,NA,NA,Caricaceae,Brassicales,Malvidae,"Garrett, A. (1995). The pollination biology of Papaw (Carica papaya L.) in Central Queensland [Thesis, CQUniversity]. https://acquire.cqu.edu.au/articles/thesis/The_pollination_biology_of_Papaw_Carica_papaya_L_in_Central_Queensland/13416722/1",https://acquire.cqu.edu.au/articles/thesis/The_pollination_biology_of_Papaw_Carica_papaya_L_in_Central_Queensland/13416722/1,moth,animal,yes,"""Earlier studies on the pollination biology of C. papaya have suggested that it is wind (anemopbilic) and/or insect (entomophi~ic) mediated (Storey 1969b; Free
1970)...Contrary to all previously published research in the area, pollination of C., papaya is carried out by hawkmoths (Lepidoptera: Sphingidae). Seven pollinator species and a further four suspected pollinator species have been identified for the central Queensland region. All species belong to the same subfamily, the Macroglossinae. Contrary to anecdotes from growers, neither native or European bees, nor wind was of significance...""",explicit from the text (described as such),system,"6 - Pollination system, wind pollination explicitly tested for, pollination rewards clear, pollination efficiency of different pollinators tested",nectar,yes,yes,"""The nectar quantity in C. papaya was described by Allan (1963c) as a ""drop of nectar at the base of the corolla tube""…The floral characteristics of papaw circumstantially suggest entomophilic pollen transfer for the following reasons: the timing of anthesis, the emission of scent, the production of nectar of staminate flowers""",explicit from the text (described as such),species,Ruby Stephens,22/2/2022
Emblingia calceoliflora,Emblingia,NA,NA,Emblingiaceae,Brassicales,Malvidae,"Tobe, H. (2015). Floral morphology and structure of Emblingia calceoliflora (Emblingiaceae, Brassicales): Questions and answers. Journal of Plant Research, 128(3), 481–495. https://doi.org/10.1007/s10265-015-0701-3",https://doi.org/10.1007/s10265-015-0701-3,insect,animal,no,"""The flower of Emblingia is highly specialized for adaptation to insect-pollination...the flowers are monosymmetric; the calyx divides itself into five lobes with a longitudinal slit on the anterior side; the corolla comprises two petals, which are valvate and connate to form a characteristic “calceolus” (slipper-like corolla); an androgynophore (torus) with four stamens and four or five appendages is on the top and a swollen nectary gland is at the base...At the time of anthesis, the two longitudinal walls, like a spur, envelop the nectary gland deep in the flower, probably accumulating nectar for pollinators...Why do the flowers of Emblingia change their orienta- tion during their development? It is obviously associated with insect-pollination...Many of the floral features of Emblingia represent a unique syndrome of insect pollination. Emblingia seems to have survived in close association with the pollinators adapted to the particularly dry habitat of Western Australia""",explicit from the text (described as such),syndrome,"3 - Pollination syndrome but adaptations for animal pollination (nectar, scent, staminodes, sticky pollen) or else wind pollination (very reduced perianth, feathery stigma, exposed anthers with dry powdery pollen) or abiotic pollination clearly described",nectar,yes,NA,"""At the time of anthesis, the two longitudinal walls, like a spur, envelop the nectary gland deep in the flower, probably accumulating nectar for pollinators""",explicit from the text (described as such),species,Ruby Stephens,22/2/2022
Gyrostemon tepperi,Gyrostemon,NA,NA,Gyrostemonaceae,Brassicales,Malvidae,"George, A. S. (2003). Gyrostemonaceae. In K. Kubitzki & C. Bayer (Eds.), Flowering Plants · Dicotyledons: Malvales, Capparales and Non-betalain Caryophyllales (pp. 213–217). Springer. https://doi.org/10.1007/978-3-662-07255-4_25 ; WA FloraBase",https://doi.org/10.1007/978-3-662-07255-4_25,wind,wind,no,"""Except for Walteranthus, Gyrostemonaceae are dioecious. The flowers have no scent. Pollination is by wind.""",explicit from the text (described as such),syndrome,"3 - Pollination syndrome but adaptations for animal pollination (nectar, scent, staminodes, sticky pollen) or else wind pollination (very reduced perianth, feathery stigma, exposed anthers with dry powdery pollen) or abiotic pollination clearly described",NA,NA,no,"""The flowers have no scent""",explicit from the text (described as such),species,Ruby Stephens,31/1/2022
Gyrostemon thesioides,Gyrostemon,NA,NA,Gyrostemonaceae,Brassicales,Malvidae,"George, A. S. (2003). Gyrostemonaceae. In K. Kubitzki & C. Bayer (Eds.), Flowering Plants · Dicotyledons: Malvales, Capparales and Non-betalain Caryophyllales (pp. 213–217). Springer. https://doi.org/10.1007/978-3-662-07255-4_25 ; NSW PlantNet",https://doi.org/10.1007/978-3-662-07255-4_25 ; https://plantnet.rbgsyd.nsw.gov.au/cgi-bin/NSWfl.pl?page=nswfl&photo=25&file=20/882/006828.jpg,wind,wind,no,"""Except for Walteranthus, Gyrostemonaceae are dioecious. The flowers have no scent. Pollination is by wind.""",explicit from the text (described as such),syndrome,"3 - Pollination syndrome but adaptations for animal pollination (nectar, scent, staminodes, sticky pollen) or else wind pollination (very reduced perianth, feathery stigma, exposed anthers with dry powdery pollen) or abiotic pollination clearly described",NA,NA,no,"""The flowers have no scent""",explicit from the text (described as such),species,Ruby Stephens,31/1/2022
Moringa oleifera,Moringa,NA,NA,Moringaceae,Brassicales,Malvidae,"Bhattacharya, A., & Mandal, S. (2004). Pollination, pollen germination and stigma receptivity in Moringa oleifera Lamk. Grana, 43(1), 48–56. https://doi.org/10.1080/00173134.2004.11877463",https://doi.org/10.1080/00173134.2004.11877463,insect,animal,no,"""Natural populations yield an average of 10.28% fruit and successful pollination of the flowers require a large number of insect (Orders Thysanoptera, Hymenoptera, Lepidoptera and Coleoptera) visitations. Among these Xylocopa is most common...The flowers are white, with unequal petals and have a slight odour. Flower anthesis is of a forenoon pattern (6.00 hrs to 12.00 hrs) after which pollen anthesis and nectar secretion take place (Table I). The immediately burst anthers hold a clump of pollen grains which gradually become dry and release. In the mean time, nectar glands becomes shiny indicating secretion, and a number of insects like Xylocopa, Apis, Vespa, members of Papilionidae, Pieridae and beetles pay their visits to the flower (Table II). Among these Xylocopa sp., (Hymenoptera) which carries a considerable amount of viable pollen grains on leg parts, acts as an effective pollinator. Beside Xylocopa sp. different types of Thrips, Apis sp. and some members of Lepidoptera visit flowers to nourish themselves. Thus, a strong insect pollination system is present in M. oleifera""",explicit from the text (described as such),system,"5 - Pollination system but wind pollination not explicitly tested for, pollination rewards clear, pollination efficiency of different pollinators not explicitly tested but pollinators observed transporting pollen and effecting pollination",nectar and pollen,yes,yes,"""The flowers are white, with unequal petals and have a slight odour. Flower anthesis is of a forenoon pattern (6.00 hrs to 12.00 hrs) after which pollen anthesis and nectar secretion take place (Table I)…[Table 2 lists species collecting both nectar and pollen rewards]""",explicit from the text (described as such),species,Ruby Stephens,22/2/2022
Reseda alba,Reseda,Resedeae,NA,Resedaceae,Brassicales,Malvidae,"TRY- BiolFLor, BASECO",NA,insect,animal,no,"""syrphids, bees…insects the rule…entomogamous""",explicit from the text (described as such),syndrome,"2 - Pollination syndrome based on interpretations of images or illustrations and text, and similar species, still relatively confident",NA,NA,NA,NA,NA,species,Ruby Stephens,31/1/2022
Tropaeolum majus,Tropaeolum,NA,NA,Tropaeolaceae,Brassicales,Malvidae,TRY- BiolFlor,NA,hymenoptera,animal,no,"""hymenopteres…insects the rule""",explicit from the text (described as such),syndrome,"2 - Pollination syndrome based on interpretations of images or illustrations and text, and similar species, still relatively confident",NA,NA,NA,NA,NA,species,Ruby Stephens,31/1/2022
Bixa orellana,Bixa,NA,NA,Bixaceae,Malvales,Malvidae,"Joseph, N., & Siril, E. A. (2013). Floral Color Polymorphism and Reproductive Success in Annatto (Bixa orellana L.). Tropical Plant Biology, 6(4), 217–227. https://doi.org/10.1007/s12042-013-9128-y",https://doi.org/10.1007/s12042-013-9128-y,insect,animal,no,"""Extra floral nectaries (pedicellar nectaries) of B. orellana are regularly visited by ants and may affect seed set. However, the flowers themselves have no floral nectaries. Thus, the pollinators visit the flowers only to collect pollen. The most frequent pollinators are species in the bee tribe Euglossini (Bentley 1977)...Honey bees (Apis indica), carpenter bees (Xylocopa sp.), black ants (Paratrechina longicornis), weaver ants (Oecophylla smaragdina) and small flies including syrphid flies like Eristalinus aeneus and Syritta pippins were all visitors to B. orellana flowers.""",explicit from the text (described as such),system,4 - Pollination system based on general observations of pollinator visitation and informed by syndrome,pollen,NA,NA,"""Extra floral nectaries (pedicellar nectaries) of B. orellana are regularly visited by ants and may affect seed set. However, the flowers themselves have no floral nectaries. Thus, the pollinators visit the flowers only to collect pollen. """,explicit from the text (described as such),species,Ruby Stephens,23/2/2022
Berrya javanica,Berrya,NA,Brownlowioideae,Malvaceae,Malvales,Malvidae,"Zich, F. A., Hyland, B. P. M., Whiffin, T., & Kerrigan, R. A. (2020). Australian Tropical Rainforest Plants, Edition 8. https://apps.lucidcentral.org/rainforest/",https://apps.lucidcentral.org/rainforest/text/entities/berrya_javanica.htm,insect,animal,no,NA,guessed from the illustration,syndrome,"2 - Pollination syndrome based on interpretations of images or illustrations and text, and similar species, still relatively confident",NA,NA,NA,NA,NA,species,Ruby Stephens,23/2/2022
Grewia occidentalis,Grewia,NA,Grewioideae,Malvaceae,Malvales,Malvidae,"Zietsman, P. C. (1991). Reproductive biology of Grewia occidentalis L. (Tiliaceae). South African Journal of Botany, 57(6), 348–351. https://doi.org/10.1016/S0254-6299(16)30914-0",https://www.sciencedirect.com/science/article/pii/S0254629916309140,bee,animal,yes,"""G. occidentalis is pollinated by Apis mellifera and two species of Xylocopa. Pollinator availability appears not to have an adverse effect on seed set. The behavioural pattern of most of the honey-bees on the flowers is such that pollination does not take place during the majority of visits...Pollen grains were found on 4% of the slides used in this experiment. Honey-bees (Apis melli/era) and two carpenter bee species (Xylocopa; Apidae) were the only insects visiting G. occidentalis which carried abundant pollen of this species.""",explicit from the text (described as such),system,"6 - Pollination system, wind pollination explicitly tested for, pollination rewards clear, pollination efficiency of different pollinators tested",nectar and pollen,yes,no,"""Pollinator rewards and attractants
Most of the pollen grains are dispersed during the male phase in the first two hours following anthesis (Figure 3). During this period the number of available pollen grains decreases by 34%, and continues to drop steadily until only 10% are dispersed during the last 2-h interval. Nectar is available just after anthesis and its relative quantity starts to increase during the later male stage (b)(ii) and is at its highest during the female stage. The flowers had no detect- able scent and staining with neutral red did not reveal any osmophores .""",explicit from the text (described as such),species,Ruby Stephens,24/2/2022
Gossypium hirsutum,Gossypium,NA,Malvoideae,Malvaceae,Malvales,Malvidae,"Thies, S. A. (1953). Agents Concerned with Natural Crossing of Cotton in Oklahoma1. Agronomy Journal, 45(10), 481–484. https://doi.org/10.2134/agronj1953.00021962004500100006x",http://onlinelibrary.wiley.com/doi/abs/10.2134/agronj1953.00021962004500100006x,bee,animal,yes,"""The role of wind in affecting cross pollination appeared to be of no importance. The results of three days exposure of vaseline coated slides netted only six pollen grains…Three species of bumble bees…were identified as the most important pollinators of the cotton plant""",explicit from the text (described as such),system,"6 - Pollination system, wind pollination explicitly tested for, pollination rewards clear, pollination efficiency of different pollinators tested",NA,NA,NA,NA,NA,species,Ruby Stephens,24/2/2022
Muntingia calabura,Muntingia,NA,NA,Muntingiaceae,Malvales,Malvidae,"Webb, C. J. (1984). Flower and Fruit Movements in Muntingia calabura: A Possible Mechanism for Avoidance of Pollinator-Disperser Interference. Biotropica, 16(1), 37–42. https://doi.org/10.2307/2387892",http://www.jstor.org/stable/2387892,bee,animal,no,"""Flowers are pollinated above the branches by bees…the main effective pollinators are bees (Janzen 1967, Bawa and Webb 1983).""",explicit from the text (described as such),system,"5 - Pollination system but wind pollination not explicitly tested for, pollination rewards clear, pollination efficiency of different pollinators not explicitly tested but pollinators observed transporting pollen and effecting pollination",nectar,yes,NA,"""the flowers secrete nectar from dawn until midday or early afternoon""",interpreted from the text,species,Ruby Stephens,24/2/2022
Neurada procumbens,Neurada,NA,NA,Neuradaceae,Malvales,Malvidae,iNaturalist. (2022). Neurada procumbens. iNaturalist. https://www.inaturalist.org/taxa/496046-Neurada-procumbens/browse_photos?quality_grade=any&term_id=12&term_value_id=13,https://www.inaturalist.org/taxa/496046-Neurada-procumbens/browse_photos?quality_grade=any&term_id=12&term_value_id=13,insect,animal,no,NA,guessed from the illustration,syndrome,"2 - Pollination syndrome based on interpretations of images or illustrations and text, and similar species, still relatively confident",NA,NA,NA,NA,NA,species,Ruby Stephens,24/2/2022
Schinus molle,Schinus,NA,NA,Anacardiaceae,Sapindales,Malvidae,"Iponga, D. M. (2010). Seed set of the invasive tree Schinus molle (Anacardiaceae) in semi-arid savanna, South Africa: The role of pollinators and selfing. Journal of Arid Environments, 74(3), 414–416. https://doi.org/10.1016/j.jaridenv.2009.09.003",https://www.sciencedirect.com/science/article/pii/S0140196309002833,insect,animal,no,"""flowers of S. molle may set fruit through self-pollination or by insect pollination – as a result of facilitated selfing and outcrossing, with insects mediating pollen transfer.""",explicit from the text (described as such),system,"5 - Pollination system but wind pollination not explicitly tested for, pollination rewards clear, pollination efficiency of different pollinators not explicitly tested but pollinators observed transporting pollen and effecting pollination",NA,NA,NA,NA,NA,species,Ruby Stephens,18/2/2022
Peganum harmala,Peganum,NA,NA,Nitrariaceae,Sapindales,Malvidae,"Movafeghi, A., Abedini, M., Fathiazad, F., Aliasgharpour, M., & Omidi, Y. (2009). Floral nectar composition of Peganum harmala L. Natural Product Research, 23(3), 301–308. https://doi.org/10.1080/14786410802076291",https://doi.org/10.1080/14786410802076291,insect,animal,no,"""In our study, the nectar of P. harmala was found to be predominately made up of hexoses, which confirms the foremost findings indicating that the hexose-dominated nectars were in association with short-tubed flowers having opened nectaries (Baker & Baker, 1983; Percival, 1961). Results obtained in the current investigation also reveal fair agreement with previous works, showing the short-tongued honeybee (Apis mellifera) as the main pollinator of flowers of P. harmala (Semida & Elbanna, 2006).""",interpreted from the text,system,4 - Pollination system based on general observations of pollinator visitation and informed by syndrome,nectar,yes,NA,"""In our study, the nectar of P. harmala was found to be predominately made up of hexoses, which confirms the foremost findings indicating that the hexose-dominated nectars were in association with short-tubed flowers having opened nectaries (Baker & Baker, 1983; Percival, 1961). Results obtained in the current investigation also reveal fair agreement with previous works, showing the short-tongued honeybee (Apis mellifera) as the main pollinator of flowers of P. harmala (Semida & Elbanna, 2006).""",explicit from the text (described as such),species,Ruby Stephens,21/2/2022
Citrus x aurantium,Citrus,NA,NA,Rutaceae,Sapindales,Malvidae,"Ribeiro, G. S., Alves, E. M., & Carvalho, C. A. L. D. (2017). Biology of pollination of Citrus sinensis variety ‘Pera Rio’. Revista Brasileira de Fruticultura, 39. https://doi.org/10.1590/0100-29452017033",http://www.scielo.br/j/rbf/a/ThLdF9h7CnLgCwvNKnxKZmM/abstract/?lang=en,insect,animal,no,"""C. sinensis variety ‘Pera Rio’ flourishes in two annual periods (dry and rainy), the anthesis occurs from 9:00 AM with duration of 24 hours, during which period stigma receptivity, pollen viability and nectar secretion are highly significant, demonstrating that the species also possesses characteristics of allogenic plants. Apis mellifera was a floral visitor, with a greater number of individuals with a Relative Frequency (RF) of 51.1%. Melipona scutellaris obtained second place in visits with RR = 23.6%; Followed by Trigona spinipes with FR = 17.7%. The two seasons (dry and rainy) presented high similarity (Morisita index = 0.64). C. sinensis has floral biology favorable to cross pollination and bees A. mellifera and M. scutellaris are potential pollinators of this fruit in the conditions in the region of the Recôncavo Baiano. The reproductive system of C. sinensis is mixed, being favorable to entomophilic pollination.""",explicit from the text (described as such),system,"5 - Pollination system but wind pollination not explicitly tested for, pollination rewards clear, pollination efficiency of different pollinators not explicitly tested but pollinators observed transporting pollen and effecting pollination",nectar,yes,yes,"""Citrus sinensis is characterized as a nectariferous species, since it has a nectariferous camera with 6.5 mm diameter and presence of osmophores as likely responsible for the release of perfume…During their visits to the flower, behavior was registered preferentially for collecting nectar""",explicit from the text (described as such),species,Ruby Stephens,21/2/2022
Ruta graveolens,Ruta,NA,NA,Rutaceae,Sapindales,Malvidae,"Ren, M.-X., & Tang, J.-Y. (2012). Up and down: Stamen movements in Ruta graveolens (Rutaceae) enhance both outcrossing and delayed selfing. Annals of Botany, 110(5), 1017–1025. https://doi.org/10.1093/aob/mcs181",https://doi.org/10.1093/aob/mcs181,insect,animal,no,"""the two populations were frequently visited by insects during the whole period of anthesis. We classified the floral visitors into five functional groups: honeybees, halictid bees, hoverflies, flies and wasps…Honeybees (Apis sp.) made 1490 visits (52.35 %; total visits 1⁄4 2846), halictid bees (Lasioglossum sp.) made 535 visits (18.80%), hoverflies (Syrphidae) made 310 visits (10.89 %), wasps (Vespa spp.) made 275 visits (9.66%) and flesh flies (Sarcophagidae) made 236 visits (8.29 %).""",explicit from the text (described as such),system,"5 - Pollination system but wind pollination not explicitly tested for, pollination rewards clear, pollination efficiency of different pollinators not explicitly tested but pollinators observed transporting pollen and effecting pollination",nectar and pollen,yes,NA,"""Because the nectar is produced by the disc at the base of the ovary (Fig. 1), the pollinators foraged mainly around the centre of the flower, thus touching the dehiscing anther located at the flower’s centre more frequently (95 % of honeybee visits touched the anther, Table 2) than the anthers near the petals (43 % of honeybee visits touched the anther). Pollinators such as halictid bees, flies and hoverflies also mainly gathered pollen from the anther at the centre of the flower because the anther dehisces only after reaching the centre (Fig. 1).""",explicit from the text (described as such),species,Ruby Stephens,2/2/2022
Cupaniopsis anacardioides,Cupaniopsis,NA,Sapindoideae,Sapindaceae,Sapindales,Malvidae,"Hawkeswood, T. J. (1983). Pollination and fruit production of Cupaniopsis anacardioides (A. Rich.) Radlkf.(Sapindaceae) at Townsville, north Queensland. 1. Pollination and floral biology. Victorian Naturalist, 100, 12–20.",https://www.biodiversitylibrary.org/item/123451,insect,animal,no,"""Observations on insect pollination of Cupaniopsis anacardioides…Only two insect species…Diptera…Apidae…were common visitors. The most efficient pollinator is considered to be T carbonaria. The flowers of C. anacardioides possess more features of cantharophily and myophily than melittophily, yet are mainly pollinated by small bees (i.e. Trigona) at Townsville""",interpreted from the text,system,4 - Pollination system based on general observations of pollinator visitation and informed by syndrome,nectar and pollen,yes,yes,"""Pollen, which is produced in large quantities per flower, appears to be the main attractant to the insect vectors, while the sweet-scented nectar produced from the very large hypogynous glands, may act as a secondary attractant luring the insects to the flowers.""",explicit from the text (described as such),species,Ruby Stephens,21/2/2022
Ailanthus altissima,Ailanthus,NA,NA,Simaroubaceae,Sapindales,Malvidae,"Thompson, J. S. (2008). Pollination Biology of Ailanthus altissima (Mill.) Swingle (Tree-of-Heaven) in the Mid-Atlantic United States [Thesis, Virginia Tech]. https://vtechworks.lib.vt.edu/handle/10919/32586",https://vtechworks.lib.vt.edu/handle/10919/32586,insect,animal,no,"""We found that the floral visitors of Ailanthus were dominated by the soldier beetle Chauliognathus marginatus. Ants made up a large majority of the species assemblage as well, with the prevalent genera being Formica, Prenolepis, and Camponotus. Smaller numbers of a variety of other species were found, including halictid bees, syrphid and muscid flies, and several other beetles.""",explicit from the text (described as such),system,"5 - Pollination system but wind pollination not explicitly tested for, pollination rewards clear, pollination efficiency of different pollinators not explicitly tested but pollinators observed transporting pollen and effecting pollination",nectar and pollen,yes,yes,"""Ailanthus blossoms are small, whitish-green, fairly primitive flowers with nectar and pollen both easily accessible to a variety of visitors... Ailanthus's strong scent""",explicit from the text (described as such),species,Ruby Stephens,2/2/2022
Aponogeton hexatepalus,Aponogeton,NA,NA,Aponogetonaceae,Alismatales,Monocotyledoneae,"Western Australian Herbarium, B. and C. S. (2022). Florabase—The Western Australian Flora (State of Western Australia). Western Australian Herbarium, Biodiversity and Conservation Science, Department of Biodiversity, Conservation and Attractions. Retrieved 10 January 2022, from https://florabase.dpaw.wa.gov.au/browse/profile/20936",https://florabase.dpaw.wa.gov.au/browse/profile/20936,insect,animal,no,"""Floral nectaries present. Nectar secretion from the gynoecium (from the sides of the carpels). Entomophilous (some species setting seed while submerged); via beetles, or via hymenoptera.""",explicit from the text (described as such),system,4 - Pollination system based on general observations of pollinator visitation and informed by syndrome,nectar,yes,NA,"""Floral nectaries present. Nectar secretion from the gynoecium (from the sides of the carpels).""",explicit from the text (described as such),species,Ruby Stephens,10/1/2022
Xanthosoma sagittifolium,Xanthosoma,NA,Aroideae,Araceae,Alismatales,Monocotyledoneae,"Milet-Pinheiro, P., Gomes Gonçalves, E., do Amaral Ferraz Navarro, D. M., Nuñez-Avellaneda, L. A., & Maia, A. C. D. (2017). Floral scent chemistry and pollination in the Neotropical aroid genus Xanthosoma (Araceae). Flora, 231, 1–10. https://doi.org/10.1016/j.flora.2017.03.006",https://www.sciencedirect.com/science/article/pii/S0367253017331626,beetle,animal,no,"""X. sagittifolium (Govaerts et al., 2016), which is reportedly visited by three species of cyclocephaline scarabs (see Table 1)…Until more field data is provided, cantharophilly should be assumed as the exclusive pollination strategy in Xanthosoma...Group of pollinator: beetles (Melolonthidae)...Pollinators: C. amblyopsis, C. stictica, C. sexpunctata...Reference: Moron (1997)""",explicit from the text (described as such),system,4 - Pollination system based on general observations of pollinator visitation and informed by syndrome,NA,NA,NA,NA,NA,species,Ruby Stephens,10/1/2022
Amphibolis griffithii,Amphibolis,NA,NA,Cymodoceaceae,Alismatales,Monocotyledoneae,"Western Australian Herbarium, B. and C. S. (2022). Florabase—The Western Australian Flora (State of Western Australia). Western Australian Herbarium, Biodiversity and Conservation Science, Department of Biodiversity, Conservation and Attractions. https://florabase.dpaw.wa.gov.au/browse/profile/20928",https://florabase.dpaw.wa.gov.au/browse/profile/20928,water,water,no,"""pollinated by water""",explicit from the text (described as such),system,4 - Pollination system based on general observations of pollinator visitation and informed by syndrome,NA,NA,NA,NA,NA,genus,Ruby Stephens,11/1/2022
Hydrocharis dubia,Hydrocharis,NA,NA,Hydrocharitaceae,Alismatales,Monocotyledoneae,"Tanaka, N., Uehara, K., & Murata, J. (2004). Correlation between pollen morphology and pollination mechanisms in the Hydrocharitaceae. Journal of Plant Research, 117(4), 265–276. https://doi.org/10.1007/s10265-004-0155-5",https://doi.org/10.1007/s10265-004-0155-5,insect,animal,no,"""The entomophilous genera...Hydrocharis share pollen grains that have projections like spines or bacula...The family shows diverse and characteristic pollination mechanisms, which are divided into five types as suggested by Cook (1982) and Tanaka (2000) as follows: 1. Entomophily: flowers bloom above the water surface and are pollinated by insects (...Hydrocharis...)""",explicit from the text (described as such),syndrome,"2 - Pollination syndrome based on interpretations of images or illustrations and text, and similar species, still relatively confident",NA,NA,NA,NA,NA,genus,Ruby Stephens,11/1/2022
Maundia triglochinoides,Maundia,NA,NA,Maundiaceae,Alismatales,Monocotyledoneae,"Sokoloff, D. D., von Mering, S., Jacobs, S. W. L., & Remizowa, M. V. (2013). Morphology of Maundia supports its isolated phylogenetic position in the early-divergent monocot order Alismatales. Botanical Journal of the Linnean Society, 173(1), 12–45. https://doi.org/10.1111/boj.12068",https://doi.org/10.1111/boj.12068,wind,wind,no,"""Maundia is apparently wind-pollinated (although detailed observations are needed), with tepals being green and non-attractive""",explicit from the text (described as such),syndrome,"3 - Pollination syndrome but adaptations for animal pollination (nectar, scent, staminodes, sticky pollen) or else wind pollination (very reduced perianth, feathery stigma, exposed anthers with dry powdery pollen) or abiotic pollination clearly described",NA,NA,NA,NA,NA,species,Ruby Stephens,11/1/2022
Zannichellia palustris,Zannichellia,NA,NA,Potamogetonaceae,Alismatales,Monocotyledoneae,"Guo, Y.-H., Sperry, R., Cook, C. D. K., & Cox, P. A. (1990). The pollination ecology of Zannichellia palustris L. (Zannichelliaceae). Aquatic Botany, 38(4), 341–356. https://doi.org/10.1016/0304-3770(90)90029-K",https://www.sciencedirect.com/science/article/pii/030437709090029K,water,water,no,"""Our study indicates that Z. palustris is pollinated underwater with wet pollen travelling through water before landing on a wet stigma...Despite the belief that hydrophilous pollination is inefficient, a fruit set of between 55.6 and 91% for Z. palustris is surprisingly high for a plant pollinated exclusively under water.""",explicit from the text (described as such),system,"5 - Pollination system but wind pollination not explicitly tested for, pollination rewards clear, pollination efficiency of different pollinators not explicitly tested but pollinators observed transporting pollen and effecting pollination",NA,NA,NA,NA,NA,species,Ruby Stephens,11/1/2022
Crinum asiaticum,Crinum,NA,Amaryllidoideae,Amaryllidaceae,Asparagales,Monocotyledoneae,"Huang, Y., Liu, L.-Y., Liu, C.-Q., Lu, Q.-B., Gong, Q.-B., Cai, B., & Hu, X.-H. (2021). Diverse large lepidopteran pollinators promote the naturalisation of Crinum asiaticum in invaded and disturbed habitats, despite apparent floral specialisation. Plant Systematics and Evolution, 307(2), 23. https://doi.org/10.1007/s00606-021-01748-1",https://link.springer.com/10.1007/s00606-021-01748-1,lepidoptera,animal,no,"""Both butterflies and hawkmoths effectively deposited pollen on stigmas...C. asiaticum may represent an example of a specialised floral syndrome with a relatively generalised pollination system""",explicit from the text (described as such),system,"5 - Pollination system but wind pollination not explicitly tested for, pollination rewards clear, pollination efficiency of different pollinators not explicitly tested but pollinators observed transporting pollen and effecting pollination",NA,NA,NA,NA,NA,species,Ruby Stephens,13/1/2022
Asparagus officinalis,Asparagus,NA,Asparagoideae,Asparagaceae,Asparagales,Monocotyledoneae,"Kühn, I., Durka, W., & Klotz, S. (2004). BiolFlor: A New Plant-Trait Database as a Tool for Plant Invasion Ecology. Diversity and Distributions, 10(5/6), 363–365.",http://www.jstor.org/stable/3246738,insect,animal,no,"""bees, bumblebees, wasps, bombylides, syrphids…insects the rule…selfing possible…wind possible…entomogamous…insect""",explicit from the text (described as such),syndrome,"2 - Pollination syndrome based on interpretations of images or illustrations and text, and similar species, still relatively confident",NA,NA,NA,NA,NA,species,Ruby Stephens,13/1/2022
Cordyline australis,Cordyline,NA,Lomandroideae,Asparagaceae,Asparagales,Monocotyledoneae,"Kelly, D., Ladley, J. J., Robertson, A. W., Anderson, S. H., Wotton, D. M., & Wiser, S. K. (2010). Mutualisms with the wreckage of an avifauna: The status of bird pollination and fruit- dispersal in New Zealand. New Zealand Journal of Ecology, 34(1), 20.",https://newzealandecology.org/system/files/articles/NZJEcol34_1_66.pdf,insect,animal,no,"""Bird-visited species in the New Zealand flora...Plants are divided into ornithophilous, generalist (bird/insect), or entomophilous (frequently or infrequently bird-visited, largely following Newstrom & Robertson 2005). “Visited” species have definite records of bird visits...Frequently-visited entomophilous (n =13 )...Cordyline australis (d)""",interpreted from the text,system,4 - Pollination system based on general observations of pollinator visitation and informed by syndrome,NA,NA,NA,NA,NA,species,Ruby Stephens,13/1/2022
Astelia alpina,Astelia,NA,NA,Asteliaceae,Asparagales,Monocotyledoneae,"Pickering, C. M., Jordan, M., & Hill, W. (2003). Sexual dimorphism and sex ratios of two Australian dioecious species of alpine pineapple grass, Astelia alpina var. Novaehollandiae and Astelia psychrocharis (Asteliaceae). Nordic Journal of Botany, 23(2), 225–236. https://doi.org/10.1111/j.1756-1051.2003.tb00385.x",http://onlinelibrary.wiley.com/doi/abs/10.1111/j.1756-1051.2003.tb00385.x,insect,animal,no,"""Further, the diversity, abundance and activity of insect pollinators are often limited in alpine environments (Arroyo et al. 1985; Inouye & Pyke 1988; Pickering 1997; Korner 1999; Stock & Pickering 2002). Therefore, male-male competition for pollinators could also contribute to males in dioecious species having larger floral displays than females (Pickering 2000; Pickering 2001; Pickering & Hill 2002)...Astelia alpina var. novae-hollandiae...The male inflorescence is more protruding (4- 8 cm) than A. psychrocharis, with smaller pale-yellowish green flowers (5-8 mm diameter) (Costin et al. 2000).""",interpreted from the text,syndrome,"2 - Pollination syndrome based on interpretations of images or illustrations and text, and similar species, still relatively confident",NA,NA,NA,NA,NA,species,Ruby Stephens,13/1/2022
Milligania stylosa,Milligania,NA,NA,Asteliaceae,Asparagales,Monocotyledoneae,"Williams, J. B., & Australian Biological Resources Study. (2020). Milligania stylosa. Flora of Australia. https://profiles.ala.org.au/opus/foa/profile/Milligania%20stylosa",https://profiles.ala.org.au/opus/foa/profile/Milligania%20stylosa,insect,animal,no,NA,guessed from the illustration,syndrome,"2 - Pollination syndrome based on interpretations of images or illustrations and text, and similar species, still relatively confident",NA,NA,NA,NA,NA,species,Ruby Stephens,13/1/2022
Blandfordia cunninghamii,Blandfordia,NA,NA,Blandfordiaceae,Asparagales,Monocotyledoneae,"Clifford, H. T., & Conran, J. G. (1998). Blandfordiaceae. In K. Kubitzki (Ed.), Flowering Plants · Monocotyledons: Lilianae (except Orchidaceae) (pp. 148–150). Springer. https://doi.org/10.1007/978-3-662-03533-7_19",https://doi.org/10.1007/978-3-662-03533-7_19,bird and insect,animal,no,"""POLLINATION. The flowers of most species are visited by honey-eating birds (Meliphagidae), and the flowers of Blandfordia nobilis Sm. are self- incompatible, requiring visits by pollinators to effect pollination (Pyke et al. 1988; Zimmerman and Pyke 1988a,b). Nectar volume and concentration were also found to be highly variable both between plants and within plants from one season to the next (Zimmerman and Pyke 1988a). In con- trast, B. grandiflora R.Br. is highly self-fertile in the Blue Mountains populations, but largely self- incompatible in lowland coastal populations (Ramsey et al. 1993). Flowering in this species is also correlated with soil nutrient conditions within 5 years of a fire, most plants only flowering once or twice during this period (Johnson et al. 1994).""",interpreted from the text,syndrome,"2 - Pollination syndrome based on interpretations of images or illustrations and text, and similar species, still relatively confident",nectar,yes,NA,"""Nectar volume and concentration were also found to be highly variable both between plants and within plants from one season to the next""",interpreted from the text,genus,Ruby Stephens,14/1/2022
Blandfordia punicea,Blandfordia,NA,NA,Blandfordiaceae,Asparagales,Monocotyledoneae,"Clifford, H. T., & Conran, J. G. (1998). Blandfordiaceae. In K. Kubitzki (Ed.), Flowering Plants · Monocotyledons: Lilianae (except Orchidaceae) (pp. 148–150). Springer. https://doi.org/10.1007/978-3-662-03533-7_19",https://doi.org/10.1007/978-3-662-03533-7_19,bird and insect,animal,no,"""POLLINATION. The flowers of most species are visited by honey-eating birds (Meliphagidae), and the flowers of Blandfordia nobilis Sm. are self- incompatible, requiring visits by pollinators to effect pollination (Pyke et al. 1988; Zimmerman and Pyke 1988a,b). Nectar volume and concentration were also found to be highly variable both between plants and within plants from one season to the next (Zimmerman and Pyke 1988a). In con- trast, B. grandiflora R.Br. is highly self-fertile in the Blue Mountains populations, but largely self- incompatible in lowland coastal populations (Ramsey et al. 1993). Flowering in this species is also correlated with soil nutrient conditions within 5 years of a fire, most plants only flowering once or twice during this period (Johnson et al. 1994).""",interpreted from the text,syndrome,"2 - Pollination syndrome based on interpretations of images or illustrations and text, and similar species, still relatively confident",nectar,yes,NA,"""Nectar volume and concentration were also found to be highly variable both between plants and within plants from one season to the next""",interpreted from the text,genus,Ruby Stephens,14/1/2022
Alania cunninghamii,Alania,NA,NA,Boryaceae,Asparagales,Monocotyledoneae,"Australian Biological Resources Study, Canberra. (2021). Flora of Australia. http://www.ausflora.org.au",https://profiles.ala.org.au/opus/foa/profile/Alania%20endlicheri,insect,animal,no,NA,guessed from the illustration,syndrome,"2 - Pollination syndrome based on interpretations of images or illustrations and text, and similar species, still relatively confident",NA,NA,NA,NA,NA,species,Ruby Stephens,14/1/2022
Borya septentrionalis,Borya,NA,NA,Boryaceae,Asparagales,Monocotyledoneae,"Australian Biological Resources Study, Canberra. (2021). Flora of Australia. http://www.ausflora.org.au",https://profiles.ala.org.au/opus/foa/profile/Borya%20septentrionalis,insect,animal,no,NA,guessed from the illustration,syndrome,"2 - Pollination syndrome based on interpretations of images or illustrations and text, and similar species, still relatively confident",NA,NA,NA,NA,NA,species,Ruby Stephens,14/1/2022
Doryanthes excelsa,Doryanthes,NA,NA,Doryanthaceae,Asparagales,Monocotyledoneae,"Newman, I. V. (1929). The life history of Doryanthes excelsa. II. The gametophytes, seed production, chromosome number and general conclusion. Proceedings of the Linnaean Society of New South Wales, 54, 411–435.",https://www.biodiversitylibrary.org/item/109058,bird and insect,animal,no,"""There are no special adaptations to wind pollination. The stigma is small and compact; the heavy pollen clings in masses owing to the presence of the oil drops on the grains…When the perianth segments are expanded, their whitish-pink inner surface shows up brightly against the generally dark colour of the rest of the flower head, and with the nectar in the cup, affords adequate attraction for bird and insect visitors...Bees and flies covered with pollen are found in great numbers on the flower heads. On several occasions the Mutton Bird (Strepera graculina) has been seen drinking the nectar...)",explicit from the text (described as such),system,"5 - Pollination system but wind pollination not explicitly tested for, pollination rewards clear, pollination efficiency of different pollinators not explicitly tested but pollinators observed transporting pollen and effecting pollination",NA,NA,NA,NA,NA,species,Ruby Stephens,14/1/2022
Doryanthes palmeri,Doryanthes,NA,NA,Doryanthaceae,Asparagales,Monocotyledoneae,"Clifford, H. T. (1998). Doryanthaceae. In K. Kubitzki (Ed.), Flowering Plants · Monocotyledons: Lilianae (except Orchidaceae) (pp. 236–238). Springer. https://doi.org/10.1007/978-3-662-03533-7_29",https://doi.org/10.1007/978-3-662-03533-7_29,bird and insect,animal,no,"""POLLINATION. The large red flowers produce up to 10ml nectar per day and so atract many birds which act as pollinators. Bees and flies also visit the flowers (Newman 1929).""",interpreted from the text,syndrome,"3 - Pollination syndrome but adaptations for animal pollination (nectar, scent, staminodes, sticky pollen) or else wind pollination (very reduced perianth, feathery stigma, exposed anthers with dry powdery pollen) or abiotic pollination clearly described",nectar,yes,NA,"""POLLINATION. The large red flowers produce up to 10ml nectar per day""",explicit from the text (described as such),genus,Ruby Stephens,14/1/2022
Molineria capitulata,Molineria,NA,NA,Hypoxidaceae,Asparagales,Monocotyledoneae,"Kocyan, A., & Endress, P. K. (2001). Floral structure and development and systematic aspects of some ‘lower’ Asparagales. Plant Systematics and Evolution, 229(3–4), 187–216. https://doi.org/10.1007/s006060170011",http://link.springer.com/10.1007/s006060170011,insect,animal,no,"""One species, Curculigo capitulata, has Solanum-type flowers with postgenitally united stamens. It is most probably pollinated by buzzing bees...At anthesis the yellow flowers are more or less polysymmetric. They show an elaborate buzz-pollination syndrome. The perianth is curved backward. The short filaments are curved in the shape of an `S' Fig. 1). The long sagittate anthers are basifixed to dorsifixed. The anthers are postgenitally united by epidermal teeth Fig. 4) forming an anther tube Figs. 1, 3). The anthers open by more or less latrorse dehiscence over the entire length of the thecae but, due to the union with the neighbouring anthers, pollen can only be shed on top of the tube through apical pores Fig. 2).""",interpreted from the text,syndrome,"3 - Pollination syndrome but adaptations for animal pollination (nectar, scent, staminodes, sticky pollen) or else wind pollination (very reduced perianth, feathery stigma, exposed anthers with dry powdery pollen) or abiotic pollination clearly described",NA,NA,NA,NA,NA,species,Ruby Stephens,14/1/2022
Diplarrena latifolia,Diplarrena,Diplarreneae,Iridoideae,Iridaceae,Asparagales,Monocotyledoneae,"Cooke, D.A. (2020) Diplarrena latifolia, in (ed.), Flora of Australia. Australian Biological Resources Study, Department of Agriculture, Water and the Environment: Canberra. https://profiles.ala.org.au/opus/foa/profile/Diplarrena%20latifolia [Date Accessed: 15 January 2022]",https://profiles.ala.org.au/opus/foa/profile/Diplarrena%20latifolia,insect,animal,no,NA,guessed from the illustration,syndrome,"2 - Pollination syndrome based on interpretations of images or illustrations and text, and similar species, still relatively confident",NA,NA,NA,NA,NA,species,Ruby Stephens,15/1/2022
Isophysis tasmanica,Isophysis,NA,Isophysidoideae,Iridaceae,Asparagales,Monocotyledoneae,"Cooke, D.A. (2020) Isophysis tasmanica, in (ed.), Flora of Australia. Australian Biological Resources Study, Department of Agriculture, Water and the Environment: Canberra. https://profiles.ala.org.au/opus/foa/profile/Isophysis%20tasmanica [Date Accessed: 15 January 2022]",https://profiles.ala.org.au/opus/foa/profile/Isophysis%20tasmanica,insect,animal,no,NA,guessed from the illustration,syndrome,"2 - Pollination syndrome based on interpretations of images or illustrations and text, and similar species, still relatively confident",NA,NA,NA,NA,NA,species,Ruby Stephens,15/1/2022
Cyanella hyacinthoides,Cyanella,NA,NA,Tecophilaeaceae,Asparagales,Monocotyledoneae,"Kemp, J. E., Telles, F. J., & Vallejo-Marin, M. (2021). Reduced visitation to the buzz-pollinated Cyanella hyacinthoides in the presence of other pollen sources in the hyperdiverse Cape Floristic Region (p. 2021.04.17.440253). https://doi.org/10.1101/2021.04.17.440253",https://www.biorxiv.org/content/10.1101/2021.04.17.440253v1,bee,animal,no,"""Our study focuses on buzz-pollinated Cyanella hyacinthoides (Tecophilaeaceae) in the CFR...visitation by bees that can successfully manipulate the buzz-pollinated C. hyacinthoides...We recorded visits from 180 insect morphospecies, of which 66 morphospecies were bees. Only 300 three bee species visited C. hyacinthoides all of which used vibrations to extract pollen from this 301 species.""",explicit from the text (described as such),system,"5 - Pollination system but wind pollination not explicitly tested for, pollination rewards clear, pollination efficiency of different pollinators not explicitly tested but pollinators observed transporting pollen and effecting pollination",pollen,NA,NA,NA,explicit from the text (described as such),species,Ruby Stephens,17/1/2022
Dioscorea alata,Dioscorea,NA,NA,Dioscoreaceae,Dioscoreales,Monocotyledoneae,"Abraham, K., & Gopinathan Nair, P. (1990). Floral biology and artificial pollination in Dioscorea alata L. Euphytica, 48(1), 45–51. https://doi.org/10.1007/BF00028959",https://doi.org/10.1007/BF00028959,insect,animal,no,"""It is recorded as a sexually sterile species which is vegetatively propagated...Among the cultivars of D. alata, scarcity or absence of flowering is a common feature. In addition, non- synchronisation of male and female phasesin this dioecious speciesis another hindrance to pollination. Nevertheless, overcoming all the barriers, sexual seedlings have been recently produced in it...Natural pollination. Among the 20 female clones observed for natural pollination only three showed fruit set (0 .2-3 .0%) .The females were growing in close proximity with the males. No insects other than thrips were found to visit the flowers. However there was no fruit set when male and female plants were not adjacent. Microscopic examination of such females revealed hardly any pollen on the stigmatic surfaces...The strong scent of the flowers on anthesis and the stickiness of pollen may be considered as adaptations for insect pollination in D. alata. Only thrips are found visiting the flowers which are not efficient pollinators as judged by the meagre fruit set under natural conditions even when male and female plants were in close proximity. Thus the absence of efficient insect pollinators contributes to the low natural seed set in D. alata even when sexually compatible male and female plants flower simultaneously.""",explicit from the text (described as such),syndrome,"3 - Pollination syndrome but adaptations for animal pollination (nectar, scent, staminodes, sticky pollen) or else wind pollination (very reduced perianth, feathery stigma, exposed anthers with dry powdery pollen) or abiotic pollination clearly described",NA,NA,yes,"""Both male and female flowers emit a strong scent on anthesis""",explicit from the text (described as such),species,Ruby Stephens,18/1/2022
Tacca leontopetaloides,Tacca,NA,NA,Taccaceae,Dioscoreales,Monocotyledoneae,"Chua, K. S., Borkent, A., & Wong, S. Y. (2020). Floral biology and pollination strategy of seven Tacca species (Taccaceae). Nordic Journal of Botany, 38(2). https://doi.org/10.1111/njb.02594",http://onlinelibrary.wiley.com/doi/abs/10.1111/njb.02594,fly,animal,no,"""Among the observed floral visitors, only the female biting midges (Ceratopogonidae: Culicoides hinnoi, Supplementary material Appendix 3F and Forcipomyia (Lasiohelea) spp., Fig. 5A–C, Supplementary material Appendix 3D, E, G, Video A1) are potential pollinators as they are sufficiently small (ca 1mm length×0.3mm width) to enter the floral chamber. The biting midges were observed to enter and leave the floral chamber with pollen grains on their thoraces...the highest number of biting midges recorded at one time was in the inflorescence of T. leontopetaloides, ca 20 midges...All Tacca species we observed were pollinated by female biting midges (Ceratopogonidae)",explicit from the text (described as such),system,"5 - Pollination system but wind pollination not explicitly tested for, pollination rewards clear, pollination efficiency of different pollinators not explicitly tested but pollinators observed transporting pollen and effecting pollination",NA,NA,yes,"""faint unpleasant smell from...T. leontopetaloides""",explicit from the text (described as such),species,Ruby Stephens,18/1/2022
Alstroemeria aurea,Alstroemeria,Alstroemerieae,NA,Alstroemeriaceae,Liliales,Monocotyledoneae,"Aizen, M. A., & Raffaele, E. (1996). Nectar Production and Pollination in Alstroemeria aurea: Responses to Level and Pattern of Flowering Shoot Defoliation. Oikos, 76(2), 312–322. https://doi.org/10.2307/3546203",http://www.jstor.org/stable/3546203,insect,animal,no,"""Although A. aurea is self-compatible, the characteristics of its floral biology discourages any transfer of pollen within- or among-flowers of the same inflorescences: pollination is completely mediated by insect vectors. Major pollinators are Bombus dahlbomii (Apidae: Hy- menoptera) and Tricophtalma spp. (Nemestrinidae: Diptera) which forage actively for nectar but not for pollen""",explicit from the text (described as such),system,4 - Pollination system based on general observations of pollinator visitation and informed by syndrome,nectar,yes,NA,"""Flowers are zygomorphic with nectar being produced at the base of the two inner, upper tepals which are streaked with reddish nectar guides...Major pollinators are Bombus dahlbomii (Apidae: Hy- menoptera) and Tricophtalma spp. (Nemestrinidae: Diptera) which forage actively for nectar but not for pollen""",explicit from the text (described as such),species,Ruby Stephens,18/1/2022
Campynema lineare,Campynema,NA,NA,Campynemataceae,Liliales,Monocotyledoneae,iNaturalist. (2022). Campynema lineare. iNaturalist. https://www.inaturalist.org/taxa/323430-Campynema-lineare,https://www.inaturalist.org/taxa/323430-Campynema-lineare,insect,animal,no,NA,guessed from the illustration,syndrome,"2 - Pollination syndrome based on interpretations of images or illustrations and text, and similar species, still relatively confident",NA,NA,NA,NA,NA,species,Ruby Stephens,18/1/2022
Corsia dispar,Corsia,NA,NA,Corsiaceae,Liliales,Monocotyledoneae,"Australian Biological Resources Study, Canberra. (2021). Flora of Australia. http://www.ausflora.org.au",https://profiles.ala.org.au/opus/foa/profile/Corsia%20dispar,insect,animal,no,NA,guessed from the illustration,syndrome,"2 - Pollination syndrome based on interpretations of images or illustrations and text, and similar species, still relatively confident",NA,NA,NA,NA,NA,species,Ruby Stephens,18/1/2022
Petermannia cirrosa,Petermannia,NA,NA,Petermanniaceae,Liliales,Monocotyledoneae,"Conran, J. G., & Clifford, H. T. (1998). Petermanniaceae. In K. Kubitzki (Ed.), Flowering Plants · Monocotyledons: Lilianae (except Orchidaceae) (pp. 406–408). Springer. https://doi.org/10.1007/978-3-662-03533-7_49",https://doi.org/10.1007/978-3-662-03533-7_49,insect,animal,no,"""The flowers are visited, and there- by possibly pollinated, by hoverflies (Diptera: Syrphidae).""",explicit from the text (described as such),system,4 - Pollination system based on general observations of pollinator visitation and informed by syndrome,NA,NA,NA,NA,NA,species,Ruby Stephens,18/1/2022
Ripogonum elseyanum,Ripogonum,NA,NA,Ripogonaceae,Liliales,Monocotyledoneae,"J.G.Conran, H.T.Clifford (2020) Ripogonum elseyanum, in (ed.), Flora of Australia. Australian Biological Resources Study, Department of Agriculture, Water and the Environment: Canberra. https://profiles.ala.org.au/opus/foa/profile/Ripogonum%20elseyanum [Date Accessed: 19 January 2022]",https://profiles.ala.org.au/opus/foa/profile/Ripogonum%20elseyanum,insect,animal,no,"""Flowers numerous, 10-15 mm diam., white to pale cream. Sepals 5-7 mm long, 3 mm wide. Petals 6-8 mm long, 3-4 mm wide. Stamens 5-6 mm long; filaments 1-2 mm long; anthers 4-5 mm long.""",interpreted from the text,syndrome,"2 - Pollination syndrome based on interpretations of images or illustrations and text, and similar species, still relatively confident",NA,NA,NA,NA,NA,species,Ruby Stephens,19/1/2022
Pandanus tectorius,Pandanus,NA,NA,Pandanaceae,Pandanales,Monocotyledoneae,"Cox, P. A. (1990). Pollination and the Evolution of Breeding Systems in Pandanaceae. Annals of the Missouri Botanical Garden, 77(4), 816–840. https://doi.org/10.2307/2399673",http://www.jstor.org/stable/2399673,wind and insect,wind&animal,yes,"""Pandanus tectorius sensu latissumo in Hawaii and French Polynesia (Cox, 1985). Although insects (e.g., bees) are frequent visitors to staminate inflorescences where they gather pollen, they seldom visit pistillate inflorescences. Neither type of inflorescence produces nectar or any pollinator reward other than pollen... The copious pollen produced by the pendulous, paniculate staminate inflorescences (Fig. 16b) is devoid of a pollenkitt and blows easily in the wind...To test for wind pollination, flow patterns around pistillate inflorescences were examined with a laboratory wind tunnel using the techniques of Niklas (1982), and in the field using a portable smoke-injection apparatus (Cox, 1985)...piral patterns in the xy and xz planes indicated that pistillate Pandanus tectorius inflorescences function as highly efficient pollen receivers, being hydrodynamically analogous to some filter-feeding marine invertebrates. This anemophilous nature of P. tectorius, together with its system of facultative apomixis, was confirmed through bagging studies.""",explicit from the text (described as such),system,"6 - Pollination system, wind pollination explicitly tested for, pollination rewards clear, pollination efficiency of different pollinators tested",pollen,no,NA,"""Neither type of inflorescence produces nectar or any pollinator reward other than pollen.""",NA,species,Ruby Stephens,19/1/2022
Geranium sanguineum,Geranium,NA,NA,Geraniaceae,Geraniales,Rosidae,"Philipp, M., & Hansen, T. (2000). The influence of plant and corolla size on pollen deposition and seed set in Geranium sanguineum (Geraniaceae). Nordic Journal of Botany, 20(2), 129–140. https://doi.org/10.1111/j.1756-1051.2000.tb01556.x",http://onlinelibrary.wiley.com/doi/abs/10.1111/j.1756-1051.2000.tb01556.x,insect,animal,no,"""On average, a Geranium sanguineum flower received 2.0 ( S- = 0.2, n = 41) visits during 15 minutes...Of these, approximately 65% were by bumble bees (mostly B. terrestris). The other visitors included solitary bees, syrphids and flies.""",explicit from the text (described as such),system,"5 - Pollination system but wind pollination not explicitly tested for, pollination rewards clear, pollination efficiency of different pollinators not explicitly tested but pollinators observed transporting pollen and effecting pollination",nectar and pollen,yes,NA,"""In G. sanguineum, no nectar could be found in flowers, not even in bagged flowers. In open pollinated flowers of G. sanguineum, the lack of nectar can be explained by frequent visitation by bumble bees. In bagged flowers, the lack is probably due to quick evaporation in warm, dry weather. Even though pollinators seem to be seeking nectar when visiting flowers, they also collect pollen.""",explicit from the text (described as such),species,Ruby Stephens,2/2/2022
Terminalia catappa,Terminalia,NA,NA,Combretaceae,Myrtales,Rosidae,"Gorman, J., Markones, H., Lawes, M. J., Gorman, J., Markones, H., & Lawes, M. J. (2020). Understanding the reproductive biology of Terminalia ferdinandiana for improved fruit yields. Australian Journal of Botany, 67(8), 630–637. https://doi.org/10.1071/BT19127",https://www.publish.csiro.au/bt/BT19127,insect,animal,no,"""Insects are important pollinators and research on Terminalia species suggest the genus is entomophilous (Solomon Raju et al. 2012. To determine their role in T. ferdinandiana flowering synchronicity and fruiting success, we observed insect pollinator activity in relation to the timing and synchronicity of T. ferdinandiana flowering. We recorded the insect species that visited flowers and the movement among flowers on a raceme and between racemes on the same and different trees. An attempt was made to measure the nectar reward offered by flowers using glass microcapillary tubes...Although the flowers are fragrant, a nectar reward was not detected using a micropipette. Any reward is likely to be in extremely small amounts, most likely to attract correspondingly small pollinators...The most common pollinators were black flies (Order Diptera, Family Milichiidae, species unknown)...The only insect pollinator that visited several trees within the 10-min observation period was the native stingless bee, Trigona melipes""",interpreted from the text,syndrome,"2 - Pollination syndrome based on interpretations of images or illustrations and text, and similar species, still relatively confident",NA,NA,NA,NA,NA,genus,Ruby Stephens,17/2/2022
Punica granatum,Punica,NA,NA,Lythraceae,Myrtales,Rosidae,"Kumari, A., Dora, J., & Kumar, A. (2012). Pomegranate (Punica granatum)—Overview. International Journal of Pharmaceutical and Chemical Sciences, 1, 1218–1222.",https://www.researchgate.net/publication/284914411_Pomegranate_Punica_granatum_-_Overview,insect,animal,no,"""The pomegranate is self-pollinated as well as cross-pollinated by insects. Cross- pollination increases the fruit set. Wind pollination is insignificant""",explicit from the text (described as such),system,4 - Pollination system based on general observations of pollinator visitation and informed by syndrome,NA,NA,NA,NA,NA,species,Ruby Stephens,17/2/2022
Pternandra coerulescens,Pternandra,NA,NA,Melastomataceae,Myrtales,Rosidae,Kew Science. (2022). Pternandra coerulescens Jack. Plants of the World Online. https://powo.science.kew.org/taxon/urn:lsid:ipni.org:names:85163-3,https://powo.science.kew.org/taxon/urn:lsid:ipni.org:names:85163-3,insect,animal,no,NA,guessed from the illustration,syndrome,"2 - Pollination syndrome based on interpretations of images or illustrations and text, and similar species, still relatively confident",NA,NA,NA,NA,NA,species,Ruby Stephens,17/2/2022
Lophostemon confertus,Lophostemon,NA,Myrtoideae,Myrtaceae,Myrtales,Rosidae,"Western Australian Herbarium (1998–). Florabase—the Western Australian Flora. Department of Biodiversity, Conservation and Attractions. https://florabase.dpaw.wa.gov.au/ (Accessed 17 Feb 2022). ; Kew Science. (2022). Lophostemon confertus. Plants of the World Online. https://powo.science.kew.org/taxon/urn:lsid:ipni.org:names:910845-1",https://florabase.dpaw.wa.gov.au/browse/profile/22879 ; https://powo.science.kew.org/taxon/urn:lsid:ipni.org:names:910845-1,mammal and insect and bird,animal,no,"""Entomophilous, or ornithophilous."" ; ""Flowers scented, in few-flowered axillary cymes...Calyx long white-hairy; lobes narrow and acute...Petals white...Stamens in 5 bundles with linear claws as long as petals.""",explicit from the text (described as such),syndrome,"3 - Pollination syndrome but adaptations for animal pollination (nectar, scent, staminodes, sticky pollen) or else wind pollination (very reduced perianth, feathery stigma, exposed anthers with dry powdery pollen) or abiotic pollination clearly described",NA,NA,yes,"""Flowers scented""",explicit from the text (described as such),species,Ruby Stephens,17/2/2022
Myrtus communis,Myrtus,NA,Myrtoideae,Myrtaceae,Myrtales,Rosidae,"González-Varo, J. P., Arroyo, J., & Aparicio, A. (2009). Effects of fragmentation on pollinator assemblage, pollen limitation and seed production of Mediterranean myrtle (Myrtus communis). Biological Conservation, 142(5), 1058–1065. https://doi.org/10.1016/j.biocon.2009.01.017",https://linkinghub.elsevier.com/retrieve/pii/S0006320709000524,insect,animal,no,"""Mediterranean myrtle (Myrtus communis L., Myrtaceae), an insect-pollinated shrub…A total of 520 insects belonging to at least 26 taxa, including unidentified bees and flies, were observed visiting myrtle flowers...Bees (Hymenoptera: Apoi- dea) accounted for 74–93% of visits in each patch, and the remain- ing were flies (Diptera)""",explicit from the text (described as such),system,"5 - Pollination system but wind pollination not explicitly tested for, pollination rewards clear, pollination efficiency of different pollinators not explicitly tested but pollinators observed transporting pollen and effecting pollination",NA,NA,NA,NA,NA,species,Ruby Stephens,2/2/2022
Ludwigia adscendens,Ludwigia,NA,Jussiaeoideae,Onagraceae,Myrtales,Rosidae,"Estes, J. R., & Thorp, R. W. (1974). Pollination in Ludwigia peploides ssp. Glabrescens (Onagraceae). Bulletin of the Torrey Botanical Club, 101(5), 272–276. https://doi.org/10.2307/2484872",http://www.jstor.org/stable/2484872,insect,animal,no,"""The flowers are large and showy and each produces copious quantities of nectar and pollen....Three classes of pollen collectors among the bees are based on their foraging positions: I. Bees which sit atop the stigma to collect both pollen and nectar. II. Bees which land on the anthers to collect pollen, but cross the stigma moving from anther to anther... Classes I and II may effect either cross- or self-pollination. Skippers and syrphids are ineffectual pollen vectors. Both the flowers and insects are generalists...The pollen and nectar are abundant and easily acces- sible to foragers in the open flower. The flowers are visited by a wide range of non- specialist visitors""",interpreted from the text,syndrome,"3 - Pollination syndrome but adaptations for animal pollination (nectar, scent, staminodes, sticky pollen) or else wind pollination (very reduced perianth, feathery stigma, exposed anthers with dry powdery pollen) or abiotic pollination clearly described",nectar and pollen,yes,NA,"""The flowers are large and showy and each produces copious quantities of nectar and pollen....Three classes of pollen collectors among the bees are based on their foraging positions: I. Bees which sit atop the stigma to collect both pollen and nectar. II. Bees which land on the anthers to collect pollen, but cross the stigma moving from anther to anther... Classes I and II may effect either cross- or self-pollination. Skippers and syrphids are ineffectual pollen vectors. Both the flowers and insects are generalists...The pollen and nectar are abundant and easily accessible to foragers in the open flower. The flowers are visited by a wide range of non- specialist visitors""",explicit from the text (described as such),genus,Ruby Stephens,17/2/2022
Streptothamnus moorei,Streptothamnus,NA,NA,Berberidopsidaceae,Berberidopsidales,Superasteridae,"Veldkamp, J. F. (1984). Berberidopsis (Flacourtuaceae) in Australia. Blumea: Biodiversity, Evolution and Biogeography of Plants, 30(1), 21–29.",https://repository.naturalis.nl/pub/525578/BLUM1984030001004.pdf,animal,animal,no,"""Streptothamnus moorei F.v.M…Calyx-lobes (4—)5(—6), broadly elliptic, fleshy, margin ciliolate, the outer smallest, the inner up to 2.5 by 3.25 mm, obtuse. Petals (4-)5(-7), slightly unequal, the outer largest,± elliptic, 8—9 by 4.75—7mm, broadly sessile, rather thick, margin ciliolate, obtuse. Filaments up to 4mm long...Pistil flask-shaped,up to 6mm long...Flowers very fragrant. Petals pale pink to cream""",interpreted from the text,syndrome,"3 - Pollination syndrome but adaptations for animal pollination (nectar, scent, staminodes, sticky pollen) or else wind pollination (very reduced perianth, feathery stigma, exposed anthers with dry powdery pollen) or abiotic pollination clearly described",NA,NA,yes,"""Flowers very fragrant.""",explicit from the text (described as such),species,Ruby Stephens,18/3/2022
Mesembryanthemum crystallinum,Mesembryanthemum,NA,Mesembryanthemoideae,Aizoaceae,Caryophyllales,Superasteridae,"Western Australian Herbarium (1998–). Florabase—the Western Australian Flora. Department of Biodiversity, Conservation and Attractions. https://florabase.dpaw.wa.gov.au/
(Accessed 18 Mar 2022).",https://florabase.dpaw.wa.gov.au/browse/profile/2813,insect,animal,no,"""Insect-pollinated""",explicit from the text (described as such),system,4 - Pollination system based on general observations of pollinator visitation and informed by syndrome,NA,NA,NA,NA,NA,species,Ruby Stephens,18/3/2022
Sesuvium portulacastrum,Sesuvium,NA,Sesuvioideae,Aizoaceae,Caryophyllales,Superasteridae,"Primack, R. B., Duke, N. C., & Tomlinson, P. B. (1981). Floral morphology in relation to pollination ecology in five Queensland coastal plants. Austrobaileya, 1(4), 346–355.",http://www.jstor.org/stable/41738619,bee,animal,no,"""Observations of pollination by...bees in Sesuvium portulacastrum...The flowers (Fig. 16) have five fleshy tepals which are pink on the inside and green on the outside...The pollen remains in the anther only a brief time as it is rapidly removed by small, pollen-collecting bees ( Trigona hockingsi Cockerell)...Of 29 flowers tagged, nineteen fruits developed""",explicit from the text (described as such),system,"5 - Pollination system but wind pollination not explicitly tested for, pollination rewards clear, pollination efficiency of different pollinators not explicitly tested but pollinators observed transporting pollen and effecting pollination",pollen,no,NA,"""The pollen remains in the anther only a brief time as it is rapidly removed by small, pollen-collecting bees ( Trigona hockingsi Cockerell)...Bees will occasionally probe at the stamen bases of flowers at all stages of development, however, there was no observable nectar present.""",explicit from the text (described as such),species,Ruby Stephens,18/3/2022
Trianthema portulacastrum,Trianthema,NA,Sesuvioideae,Aizoaceae,Caryophyllales,Superasteridae,"Dalio, J. S. (2015). Foraging behaviour of Apis mellifera on Trianthema portulacastrum. Journal of Entomology and Zoology Studies, 3(2), 105–108.",https://www.entomoljournal.com/vol3Issue2/pdf/3-2-38.1.pdf,insect,animal,no,"""foraging behaviour of Apis mellifera on Trianthema portulacastrum...Fig 1: Apis mellifera bee foraging on Trianthema portulacastrum""",interpreted from the text,system,4 - Pollination system based on general observations of pollinator visitation and informed by syndrome,NA,NA,NA,NA,NA,species,Ruby Stephens,18/3/2022
Aerva javanica,Aerva,NA,NA,Amaranthaceae,Caryophyllales,Superasteridae,iNaturalist. (2022). Aerva javanica. iNaturalist. https://www.inaturalist.org/taxa/196994-Aerva-javanica/browse_photos,https://www.inaturalist.org/taxa/196994-Aerva-javanica/browse_photos,wind and insect,wind&animal,no,NA,guessed from the illustration,syndrome,"2 - Pollination syndrome based on interpretations of images or illustrations and text, and similar species, still relatively confident",NA,NA,NA,NA,NA,species,Ruby Stephens,18/3/2022
Beta vulgaris,Beta,NA,NA,Amaranthaceae,Caryophyllales,Superasteridae,"Free, J. B., Williams, I. H., Longden, P. C., & Johnson, M. G. (1975). Insect pollination of sugar-beet (Beta vulgaris) seed crops. Annals of Applied Biology, 81(2), 127–134. https://doi.org/10.1111/j.1744-7348.1975.tb00529.x",http://onlinelibrary.wiley.com/doi/abs/10.1111/j.1744-7348.1975.tb00529.x,wind and insect,wind&animal,no,"""Sugar beet is usually considered to be pollinated by wind and insects, the former being the more important…However, wind pollination is not always adequate, and it is reported that visits by honeybees, which can be numerous, sometimes increase seed yield...Insect pollination is therefore probably more important for hybrid than normal seed crops""",explicit from the text (described as such),system,"5 - Pollination system but wind pollination not explicitly tested for, pollination rewards clear, pollination efficiency of different pollinators not explicitly tested but pollinators observed transporting pollen and effecting pollination",nectar and pollen,yes,NA,"""Insect visitors to sugar-beet flowers eat or collect the nectar and pollen""",explicit from the text (described as such),species,Ruby Stephens,2/2/2022
Celosia argentea,Celosia,NA,NA,Amaranthaceae,Caryophyllales,Superasteridae,"Source 1: Bodhipadma, K., Noichinda, S., Yadbuntung, I., Buaeiam, W., & Leung, D. W. M. (2010). Comparison of in vitro and in vivo inflorescence of common cockscomb (Celosia argentea var. Cristata). ScienceAsia, 36(1), 68. https://doi.org/10.2306/scienceasia1513-1874.2010.36.068; Source 2: Kato, M., Kosaka, Y., Kawakita, A., Okuyama, Y., Kobayashi, C., Phimminith, T., & Thongphan, D. (2008). Plant–pollinator interactions in tropical monsoon forests in Southeast Asia. American Journal of Botany, 95(11), 1375–1394. https://doi.org/10.3732/ajb.0800114",http://www.scienceasia.org/content/viewabstract.php?ms=2479; http://onlinelibrary.wiley.com/doi/abs/10.3732/ajb.0800114,wind and insect,wind&animal,no,"Source 1: ""common cockscomb is a wind and insect pollinated plant"" Source 2: ""Two plant species were visited mainly by wasps (Vespoidea and Sphecoidea): Cuscuta japonica (Convolvulaceae) and Celosia argentea (Amaranthaceae).""",interpreted from the text,system,4 - Pollination system based on general observations of pollinator visitation and informed by syndrome,NA,NA,NA,NA,NA,species,Ruby Stephens,2/2/2022
Anredera cordifolia,Anredera,NA,NA,Basellaceae,Caryophyllales,Superasteridae,"Vivian-Smith, G., Lawson, B. E., & Turnbull, I. (2007). The biology of Australian weeds 46. Anredera cordifolia (Ten.) Steenis. Plant Protection Quarterly, 22(1), 2–10.",https://www.researchgate.net/publication/264240257_The_biology_of_Australian_weeds_46_Anredera_cordifolia_Ten_Steenis,insect,animal,no,"""Flowers appear bisexual but are often func- tionally unisexual (Sperling 1987). No pol- lination studies of Madeira vine have been identified. However, flowers are scented and produced in a large display, with stamens bearing a nectary at their base (Sperling 1987), suggesting pollination by insects. The flowers of Madeira vine plants in Maui (Hawaii) were noted to attract po- tential pollinators, including various Hy- menoptera (including bees, wasps, and ants) but did not set fruit (Starr et al. 2003). Inflorescences of several other members of the genus are reported to be attractive to flies in their native range (Sperling 1987).""",explicit from the text (described as such),syndrome,"3 - Pollination syndrome but adaptations for animal pollination (nectar, scent, staminodes, sticky pollen) or else wind pollination (very reduced perianth, feathery stigma, exposed anthers with dry powdery pollen) or abiotic pollination clearly described",nectar,yes,yes,"""flowers are scented...with stamens bearing a nectary at their base (Sperling 1987)""",interpreted from the text,species,Ruby Stephens,21/3/2022
Basella alba,Basella,NA,NA,Basellaceae,Caryophyllales,Superasteridae,Kew Science. (2022). Basella alba L. Plants of the World Online. https://powo.science.kew.org/taxon/urn:lsid:ipni.org:names:164286-1,https://powo.science.kew.org/taxon/urn:lsid:ipni.org:names:164286-1,insect,animal,no,NA,guessed from the illustration,syndrome,"2 - Pollination syndrome based on interpretations of images or illustrations and text, and similar species, still relatively confident",NA,NA,NA,NA,NA,species,Ruby Stephens,21/3/2022
Opuntia microdasys,Opuntia,NA,Opuntioideae,Cactaceae,Caryophyllales,Superasteridae,"Reyes-Agüero, J. A., Aguirre R., J. R., & Valiente-Banuet, A. (2006). Reproductive biology of Opuntia: A review. Journal of Arid Environments, 64(4), 549–585. https://doi.org/10.1016/j.jaridenv.2005.06.018",https://www.sciencedirect.com/science/article/pii/S0140196305001564,bee,animal,no,"""Grant (1979a, b), Grant et al. (1979) and Grant and Hurd (1979) have described for Opuntia a bee-flower pollination syndrome. The genus Opuntia comprises plants with a long flowering season, large cyathiform flowers, with perianth measuring from 5 to 10 cm in diameter by 5 cm high, numerous tepals, attractive colors, sweet and soft fragrance, numerous stamens with few pollen grains or few stamens with abundant pollen, highly nutritious pollen, style protruding from stamens, green sticky stigma, stigma lobes that facilitate insect alighting or landing and occasionally nectaries (Grant et al., 1979; Osborn et al., 1988; Nerd and Mizrahi, 1995)...Table 2 Bees (Hymenoptera) pollinators of Opuntia [shows Opuntia microdasys bee pollinated]""",interpreted from the text,system,4 - Pollination system based on general observations of pollinator visitation and informed by syndrome,NA,NA,NA,NA,NA,species,Ruby Stephens,21/3/2022
Pereskia aculeata,Pereskia,NA,Pereskioideae,Cactaceae,Caryophyllales,Superasteridae,"Becker, R. (2020). Polinização e biologia reprodutiva em Cereus hildmannianus K. Schum. E Pereskia aculeata Mill. (CACTACEAE) [Universidade Federal do Rio Grande do Sul]. https://lume.ufrgs.br/handle/10183/212083",https://lume.ufrgs.br/handle/10183/212083,insect,animal,no,"""Pereskia aculeata is a early divergent species in Cactaceae, showing morphologicaly and physiologicaly plesiomorphic features. Its flowers have diurnal anthesis and are self- compatible, but showing partially xenogamic incompatibility between differents morfotypes. It is pollinator-dependent and attracts mainly Meliponini tribe native bees, but also can be pollinated by another bee groups, as well as beetles and wasps that feed or collect pollen, evidencing a ecologic specialization.""",explicit from the text (described as such),system,"5 - Pollination system but wind pollination not explicitly tested for, pollination rewards clear, pollination efficiency of different pollinators not explicitly tested but pollinators observed transporting pollen and effecting pollination",NA,NA,NA,NA,NA,species,Ruby Stephens,21/3/2022
Stellaria media,Stellaria,Alsineae,NA,Caryophyllaceae,Caryophyllales,Superasteridae,"TRY- BiolFlor, BASECO, Ecological Flora of the British Isles, Sheffield-Iran-Spain Database, Traits from the Wildfire Project, Sheffield Database",NA,insect,animal,no,"""pollination animals…syrphids, bees…insects the rule…insects rare…cleistogamy rare…cleistogamy possible…selfing the rule…selfing at failure of outcrossing…entomogamous…insect""",explicit from the text (described as such),syndrome,"2 - Pollination syndrome based on interpretations of images or illustrations and text, and similar species, still relatively confident",NA,NA,NA,NA,NA,species,Ruby Stephens,2/2/2022
Corrigiola litoralis,Corrigiola,Corrigioleae,NA,Caryophyllaceae,Caryophyllales,Superasteridae,"TRY- BiolFlor, Ecological Flora of the British Isles",NA,insect,animal,no,"""syrphids, bees…insects rare…pseudocleistogamy the rule…selfing the rule…selfed""",explicit from the text (described as such),syndrome,"2 - Pollination syndrome based on interpretations of images or illustrations and text, and similar species, still relatively confident",NA,NA,NA,NA,NA,species,Ruby Stephens,2/2/2022
Drymaria cordata,Drymaria,Polycarpaeae,NA,Caryophyllaceae,Caryophyllales,Superasteridae,iNaturalist. (2022). Drymaria cordata. iNaturalist. https://www.inaturalist.org/taxa/48556-Drymaria-cordata/browse_photos?term_id=12&term_value_id=13,https://www.inaturalist.org/taxa/48556-Drymaria-cordata/browse_photos?term_id=12&term_value_id=13,insect,animal,no,NA,guessed from the illustration,syndrome,"2 - Pollination syndrome based on interpretations of images or illustrations and text, and similar species, still relatively confident",NA,NA,NA,NA,NA,species,Ruby Stephens,21/3/2022
Polycarpon tetraphyllum,Polycarpon,Polycarpaeae,NA,Caryophyllaceae,Caryophyllales,Superasteridae,"TRY- BiolFlor, BASECO",NA,wind and insect,wind&animal,no,"""syrphids, bees…selfing the rule…anemogamous""",interpreted from the text,syndrome,"2 - Pollination syndrome based on interpretations of images or illustrations and text, and similar species, still relatively confident",NA,NA,NA,NA,NA,species,Ruby Stephens,2/2/2022
Sagina procumbens,Sagina,Sagineae,NA,Caryophyllaceae,Caryophyllales,Superasteridae,"TRY- BiolFlor, Ecological Flora of the British Isles",NA,insect,animal,no,"""syrphids, bees…insects rare…selfing the rule…selfed""",explicit from the text (described as such),syndrome,"2 - Pollination syndrome based on interpretations of images or illustrations and text, and similar species, still relatively confident",NA,NA,NA,NA,NA,species,Ruby Stephens,3/2/2022
Scleranthus annuus,Scleranthus,Sclerantheae,NA,Caryophyllaceae,Caryophyllales,Superasteridae,"TRY- BiolFlor, Ecological Flora of the British Isles",NA,insect,animal,no,"""syrphids, bees…insects possible…pseudocleistogamy possible…selfing the rule…insect""",explicit from the text (described as such),syndrome,"2 - Pollination syndrome based on interpretations of images or illustrations and text, and similar species, still relatively confident",NA,NA,NA,NA,NA,species,Ruby Stephens,3/2/2022
Silene vulgaris,Silene,Sileneae,NA,Caryophyllaceae,Caryophyllales,Superasteridae,"TRY- BiolFlor, BASECO, Traits from the Wildfire Project, Ecological Flora of the British Isles",NA,insect,animal,no,"""lepidoptera, bumble bees…insects the rule…selfing rare…selfing possible…entomogamous…Animals…insect""",explicit from the text (described as such),syndrome,"2 - Pollination syndrome based on interpretations of images or illustrations and text, and similar species, still relatively confident",NA,NA,NA,NA,NA,species,Ruby Stephens,3/2/2022
Portulacaria afra,Portulacaria,NA,NA,Didiereaceae,Caryophyllales,Superasteridae,iNaturalist. (2022). Portulacaria afra. iNaturalist. https://www.inaturalist.org/taxa/326086-Portulacaria-afra/browse_photos?term_id=12&term_value_id=13,https://www.inaturalist.org/taxa/326086-Portulacaria-afra/browse_photos?term_id=12&term_value_id=13,insect,animal,no,NA,seen explicitly on the illustration,system,4 - Pollination system based on general observations of pollinator visitation and informed by syndrome,NA,NA,NA,NA,NA,species,Ruby Stephens,21/3/2022
Drosera capensis,Drosera,NA,NA,Droseraceae,Caryophyllales,Superasteridae,iNaturalist. (2022). Drosera capensis. iNaturalist. https://www.inaturalist.org/taxa/52656-Drosera-capensis/browse_photos,https://www.inaturalist.org/taxa/52656-Drosera-capensis/browse_photos?term_id=12&term_value_id=13,insect,animal,no,NA,guessed from the illustration,syndrome,"2 - Pollination syndrome based on interpretations of images or illustrations and text, and similar species, still relatively confident",NA,NA,NA,NA,NA,species,Ruby Stephens,21/3/2022
Frankenia pulverulenta,Frankenia,NA,NA,Frankeniaceae,Caryophyllales,Superasteridae,TRY- BASECO,NA,insect,animal,no,"""entomogamous""",explicit from the text (described as such),syndrome,"2 - Pollination syndrome based on interpretations of images or illustrations and text, and similar species, still relatively confident",NA,NA,NA,NA,NA,species,Ruby Stephens,3/2/2022
Macarthuria australis,Macarthuria,NA,NA,Macarthuriaceae,Caryophyllales,Superasteridae,iNaturalist. (2022). Macarthuria australis. iNaturalist. https://www.inaturalist.org/taxa/852624-Macarthuria-australis/browse_photos?term_id=12&term_value_id=13,https://www.inaturalist.org/taxa/852624-Macarthuria-australis/browse_photos?term_id=12&term_value_id=13,insect,animal,no,NA,guessed from the illustration,syndrome,"2 - Pollination syndrome based on interpretations of images or illustrations and text, and similar species, still relatively confident",NA,NA,NA,NA,NA,species,Ruby Stephens,22/3/2022
Macarthuria neocambrica,Macarthuria,NA,NA,Macarthuriaceae,Caryophyllales,Superasteridae,"Close, D. C., Messina, G., Krauss, S. L., Rokich, D. P., Stritzke, J., Dixon, K. W., Close, D. C., Messina, G., Krauss, S. L., Rokich, D. P., Stritzke, J., & Dixon, K. W. (2006). Conservation biology of the rare species Conospermum undulatum and Macarthuria keigheryi in an urban bushland remnant. Australian Journal of Botany, 54(6), 583–593. https://doi.org/10.1071/BT05205",https://www.publish.csiro.au/bt/BT05205,insect,animal,no,"""Macarthuria keigheryi...most plants flowered, attracted a range of insect pollinators and set copious amounts of seed at a seed success rate per flower similar to that measured in flower heads sampled from plants in situ.""",interpreted from the text,system,4 - Pollination system based on general observations of pollinator visitation and informed by syndrome,NA,NA,NA,NA,NA,genus,Ruby Stephens,22/3/2022
Mirabilis jalapa,Mirabilis,NA,NA,Nyctaginaceae,Caryophyllales,Superasteridae,"del Rio, C. M., & Burquez, A. (1986). Nectar Production and Temperature Dependent Pollination in Mirabilis jalapa L. Biotropica, 18(1), 28–31. https://doi.org/10.2307/2388358",http://www.jstor.org/stable/2388358,moth,animal,no,"""the hawkmoths that pollinate the plant…Four species of hawkmoths were recorded as visitors; observations of relative abundance and measures of proboscis lengths suggest that Erinnyis ello is the main pollinator followed by Hyles lineata""",explicit from the text (described as such),system,"5 - Pollination system but wind pollination not explicitly tested for, pollination rewards clear, pollination efficiency of different pollinators not explicitly tested but pollinators observed transporting pollen and effecting pollination",nectar,yes,NA,"""Data from robbed flowers suggest that nectar removal does not induce nectar production. Robbed and non-robbed flowers were covered at 1730 hrs and their nectar content checked""",explicit from the text (described as such),species,Ruby Stephens,3/2/2022
Rivina humilis,Rivina,NA,NA,Petiveriaceae,Caryophyllales,Superasteridae,"Porter, C. C. (1983). Ecological Notes on Lower Río Grande Valley Augochloropsis and Agapostemon (Hymenoptera: Halictidae). The Florida Entomologist, 66(3), 344–353. https://doi.org/10.2307/3494129",http://www.jstor.org/stable/3494129,insect,animal,no,"""FLOWER RECORDS. I have collected 55 A. metallica at flowers of 12 herbaceous and 3 woody plant species...5. Rivina humilis L. (Phytolaccaceae). 3 F, VII, VIII...FLOWER RECORDS. I have collected 43 A. melliventris at flowers of 7 herbaceous and 3 woody plant species...3. Rivina humilis L. (Phytolaccaceae). 4 F, VIII.... Scattered females of A. melliventris appear on Rivina humilis""",interpreted from the text,system,4 - Pollination system based on general observations of pollinator visitation and informed by syndrome,NA,NA,NA,NA,NA,species,Ruby Stephens,22/3/2022
Phytolacca americana,Phytolacca,NA,Phytolaccoideae,Phytolaccaceae,Caryophyllales,Superasteridae,"Baskett, C. A., Schroeder, L., Weber, M. G., & Schemske, D. W. (2020). Multiple metrics of latitudinal patterns in insect pollination and herbivory for a tropical-temperate congener pair. Ecological Monographs, 90(1), e01397. https://doi.org/10.1002/ecm.1397",http://onlinelibrary.wiley.com/doi/abs/10.1002/ecm.1397,insect,animal,no,"""All visitors were insects...Visitors to P. americana and P. rivinoides included small bees (especially Lasioglossum, but also Augochlora, Augochlorella, Ceratina, and Trigona), Vespidae (Parancistrocerus, Stenodynerus), Diptera (Syrphidae, Tephritidae), and Coleoptera...Out of the visitors we collected for identification purposes, bees were the only visitors with Phytolacca pollen on their bodies""",interpreted from the text,system,4 - Pollination system based on general observations of pollinator visitation and informed by syndrome,nectar,yes,NA,"""Nectaries are tucked at the base of a green pistil""",interpreted from the text,species,Ruby Stephens,3/2/2022
Plumbago auriculata,Plumbago,NA,Plumbaginoideae,Plumbaginaceae,Caryophyllales,Superasteridae,"Ferrero, V., de Vega, C., Stafford, G. I., Van Staden, J., & Johnson, S. D. (2009). Heterostyly and pollinators in Plumbago auriculata (Plumbaginaceae). South African Journal of Botany, 75(4), 778–784. https://doi.org/10.1016/j.sajb.2009.06.014",https://linkinghub.elsevier.com/retrieve/pii/S0254629909002336,insect,animal,no,"""long-proboscid fly and butterfly pollinators in a P. auriculata population…The salver-shaped (hypocrateriform) flowers are pale blue, actinomorphic, and grouped in terminal inflorescences (Pooley, 1998; Aubrey, 2001)...Significant differences in nectar volume, but not for nectar concentration, were found between morphs...long-proboscid flies (Philoliche aethiopica, Tabanidae) were the primary visitors to flowers of P. auriculata at the Richmond study site with occasional visits by the large swallow- tail butterflies, Papilio demodocus and P. nireus, smaller Pieris butterflies (Lepidoptera) and small, pollen-collecting bees in the family Halictidae (Table 4 and Fig. 4). Individuals of P. aethiopica carried the most pollen: up to 144 pollen grains per proboscis of ±20 mm long (Table 4). Unfortunately no information on the pollen loads or proboscis length was obtained for Papilio butterflies, but our observations suggest that they are potentially important pollinators of P. auriculata. Long tongue pollinators should be able to reach nectar produced by the plant (proboscis length longer or close to 20 mm).""",interpreted from the text,system,"5 - Pollination system but wind pollination not explicitly tested for, pollination rewards clear, pollination efficiency of different pollinators not explicitly tested but pollinators observed transporting pollen and effecting pollination",nectar and pollen,yes,NA,"""Most insects, with the exception of bees, carry pollen on their proboscis and there was trend for insects with longer proboscides to have the largest pollen loads (Table 4). Long- proboscid flies and butterflies are nectar feeders, although some Bombyliidae can move pollen from their proboscis to a position where they can suck it up and ingest it (Szucsich and Krenn, 2000). Halictidae observed visiting the flowers of P. auriculata are probably pollen collectors as they are unable to reach the nectar (Fig. 4D).""",interpreted from the text,species,Ruby Stephens,22/3/2022
Portulaca grandiflora,Portulaca,NA,NA,Portulacaceae,Caryophyllales,Superasteridae,"Pinto, C. E., & Schlindwein, C. (2015). Pollinator sharing and low pollen–ovule ratio diminish reproductive success in two sympatric species of Portulaca (Portulacaceae). Studies on Neotropical Fauna and Environment, 50(1), 4–13. https://doi.org/10.1080/01650521.2014.972187",https://doi.org/10.1080/01650521.2014.972187,bee,animal,no,"""Portulaca grandiflora...offered pollen as the sole floral resource and shared the same bee species as pollinators...Flowers of Portulaca grandiflora and P. hirsutis- sima (Portulacaceae) are melittophilous…",explicit from the text (described as such),system,"5 - Pollination system but wind pollination not explicitly tested for, pollination rewards clear, pollination efficiency of different pollinators not explicitly tested but pollinators observed transporting pollen and effecting pollination",pollen,no,no,"""The flowers of P. hirsutissima and P. grandiflora are scentless, cup-shaped and offer pollen as the only resource to flower visitors""",explicit from the text (described as such),species,Ruby Stephens,23/3/2022
Talinum paniculatum,Talinum,NA,NA,Talinaceae,Caryophyllales,Superasteridae,"Valerio, R., & Ramírez, N. (2003). Exogamic depression and reproductive biology of Talinum paniculatum (Jacq.) Gaertner (Portulacaceae). Acta Botánica Venezuélica, 26(2), 111–124.",http://www.jstor.org/stable/41740763,bee,animal,no,"""The flowers were actinomorphic, yellowish, small, and live for only four hours. These floral traits were correlated with the pollinator types and sizes, which were represented by bees from different families (Apidae and Halictidae).""",explicit from the text (described as such),system,"5 - Pollination system but wind pollination not explicitly tested for, pollination rewards clear, pollination efficiency of different pollinators not explicitly tested but pollinators observed transporting pollen and effecting pollination",NA,NA,NA,NA,NA,species,Ruby Stephens,23/3/2022
Nuytsia floribunda,Nuytsia,NA,NA,Loranthaceae,Santalales,Superasteridae,"Hopper, S. D. (2010). 660. Nuytsia Floribunda. Curtis’s Botanical Magazine, 26(4), 333–368. https://doi.org/10.1111/j.1467-8748.2009.01671.x",http://onlinelibrary.wiley.com/doi/abs/10.1111/j.1467-8748.2009.01671.x,bird and insect,animal,no,"""The pollination ecology of Nuytsia has yet to receive detailed attention. Summaries of known visitors to flowers (Hawkeswood, 1981; Brown et al., 1997) support Drummond’s (1843) early surmise that Nuytsia flowers were a ‘favourite haunt of insects and insect-eating honey-sucking birds’. Hawkeswood (1981) proposed that beetles and wasps appear to be the most common and efficient visitors, excluding introduced European honey bees, instead of earlier suggestions, e.g. by Sargent (1918), that birds were the main pollinators. Nevertheless there is a strong association of birds with flowering plants, perhaps representing a combination of nectar feeding and hawking for the insects attracted to the nectar. ‘The flowers . . . attract birds such as the red wattlebird, little wattlebird, brown honeyeater, western spinebill, New Holland honeyeater and silvereye. The yellow-rumped thornbill, black-faced cuckoo-shrike and bee- eater eat insects attracted to the flowers. Up to six [Rainbow] bee-eaters have been seen congregating at a single tree. They perch nearby and dart out to catch the insects in the air’ (Powell et al., 1990).""",explicit from the text (described as such),system,4 - Pollination system based on general observations of pollinator visitation and informed by syndrome,nectar,yes,NA,"""Nevertheless there is a strong association of birds with flowering plants, perhaps representing a combination of nectar feeding and hawking for the insects attracted to the nectar.""",interpreted from the text,species,Ruby Stephens,24/3/2022
Olax aphylla,Olax,NA,NA,Olacaceae,Santalales,Superasteridae,"A.S.George. Olax aphylla, in (ed.), Flora of Australia. Australian Biological Resources Study, Department of Agriculture, Water and the Environment: Canberra. https://profiles.ala.org.au/opus/foa/profile/Olax%20aphylla [Date Accessed: 24 March 2022]",https://profiles.ala.org.au/opus/foa/profile/Olax%20aphylla,insect,animal,no,NA,guessed from the illustration,syndrome,"2 - Pollination syndrome based on interpretations of images or illustrations and text, and similar species, still relatively confident",NA,NA,NA,NA,NA,species,Ruby Stephens,24/3/2022
Opilia amentacea,Opilia,NA,NA,Opiliaceae,Santalales,Superasteridae,iNaturalist. (2022). Opilia amentacea. iNaturalist. https://www.inaturalist.org/taxa/507300-Opilia-amentacea/browse_photos,https://www.inaturalist.org/taxa/507300-Opilia-amentacea/browse_photos,insect,animal,no,NA,guessed from the illustration,syndrome,"2 - Pollination syndrome based on interpretations of images or illustrations and text, and similar species, still relatively confident",NA,NA,NA,NA,NA,species,Ruby Stephens,24/3/2022
Santalum album,Santalum,NA,NA,Santalaceae,Santalales,Superasteridae,"Bhaskar, V. (1992). Pollination biology and fertilization in Santalum album L. (Santalaceae). Flora, 187, 73–78. https://doi.org/10.1016/S0367-2530(17)32207-7",https://www.sciencedirect.com/science/article/pii/S0367253017322077,insect,animal,no,"""Studies have revealed that flowers of Santalum album are self incompatible and are strictly adapted for cross pollination by insects. Commonest pollinators include flies (Phytomia argyrocephala, Eristalinus arvorum, Dolichomerus crassa) and bees (Apis florea, A. cerana, A. dorsata), which visit the flowers for the nectar available in a cup-like disc. The freshly opened dull green flowers and 1-day old pale pink flowers are receptive to pollination while 2-day old red and dark red flowers show fertilization stages. It has been possible to dissect out and photograph for the first time the extra-micropylar fertilization stages in sandal.""",explicit from the text (described as such),system,"5 - Pollination system but wind pollination not explicitly tested for, pollination rewards clear, pollination efficiency of different pollinators not explicitly tested but pollinators observed transporting pollen and effecting pollination",nectar,yes,NA,"""Commonest pollinators include flies (Phytomia argyrocephala, Eristalinus arvorum, Dolichomerus crassa) and bees (Apis florea, A. cerana, A. dorsata), which visit the flowers for the nectar available in a cup-like disc.""",explicit from the text (described as such),species,Ruby Stephens,24/3/2022
Ximenia americana,Ximenia,NA,NA,Ximeniaceae,Santalales,Superasteridae,"efloras.org. (n.d.). Ximenia americana. Flora of North America. Retrieved 24 March 2022, from http://www.efloras.org/florataxon.aspx?flora_id=1&taxon_id=250027225",http://www.efloras.org/florataxon.aspx?flora_id=1&taxon_id=250027225,insect,animal,no,"""The flowers are fragrant and presumably insect pollinated. The anthers dehisce before the flower bud opens and the adaxial hairs on the petals may serve to present the pollen (P. B. Tomlinson 1980).""",explicit from the text (described as such),syndrome,"3 - Pollination syndrome but adaptations for animal pollination (nectar, scent, staminodes, sticky pollen) or else wind pollination (very reduced perianth, feathery stigma, exposed anthers with dry powdery pollen) or abiotic pollination clearly described",NA,NA,yes,"""The flowers are fragrant""",explicit from the text (described as such),species,Ruby Stephens,24/3/2022
Aphanopetalum clematideum,Aphanopetalum,NA,NA,Aphanopetalaceae,Saxifragales,Superrosidae,"Western Australian Herbarium (1998–). Florabase—the Western Australian Flora. Department of Biodiversity, Conservation and Attractions. https://florabase.dpaw.wa.gov.au/
(Accessed 14 Feb 2022).",https://florabase.dpaw.wa.gov.au/browse/profile/3180,insect,animal,no,NA,guessed from the illustration,syndrome,"2 - Pollination syndrome based on interpretations of images or illustrations and text, and similar species, still relatively confident",NA,NA,NA,NA,NA,species,Ruby Stephens,14/2/2022
Sedum x rubrotinctum,Sedum,NA,Sempervivoideae,Crassulaceae,Saxifragales,Superrosidae,"MacIvor, J. S., Ruttan, A., & Salehi, B. (2015). Exotics on exotics: Pollen analysis of urban bees visiting Sedum on a green roof. Urban Ecosystems, 18(2), 419–430. https://doi.org/10.1007/s11252-014-0408-6",https://doi.org/10.1007/s11252-014-0408-6,insect,animal,no,"""The proportion of Sedum pollen in the pollen loads of foraging bees collected was high amongst all bees (average of 80.5 % of total pollen load), but significantly greater for exotic bees compared to native bees...many ant, beetle, fly and bee species have been observed visiting Sedum (Knuth 1906; Spongberg 1978; Wyatt 1981) due to its simple, small, open, and often numerous flowers per plant (Clausen 1975). Sedum generally have a short flowering duration (Snodgrass and Snodgrass 2006; Bosch et al. 1997) but have been identified from the pollen loads of numerous bee species in nature, including honey bees (Jato et al. 1994), bumble bees (Fussell and Corbet 1992) and various solitary bees (Lovell and Cockerell 1906; Dingemans-Bakels 1972; Clausen 1975; Pilar et al. 2005). Sedum is also a source of nectar for many bee species. For example, Bosch et al. (1997) notes Sedum sediforme as a species with high nectar volumes, making it rewarding for bees in Mediterranean plant communities. On green roofs, bees and flies especially are frequent observed on Sedum flowers (Snodgrass and Snodgrass 2006).""",interpreted from the text,system,4 - Pollination system based on general observations of pollinator visitation and informed by syndrome,nectar,yes,NA,"""Sedum is also a source of nectar for many bee species. For example, Bosch et al. (1997) notes Sedum sediforme as a species with high nectar volumes, making it rewarding for bees in Mediterranean plant communities.""",explicit from the text (described as such),genus,Ruby Stephens,14/2/2022
Haloragodendron racemosum,Haloragodendron,NA,NA,Haloragaceae,Saxifragales,Superrosidae,"Western Australian Herbarium (1998–). Florabase—the Western Australian Flora. Department of Biodiversity, Conservation and Attractions. https://florabase.dpaw.wa.gov.au/
(Accessed 15 Feb 2022).",https://florabase.dpaw.wa.gov.au/browse/profile/22480,wind,wind,no,"""Anemophilous""",explicit from the text (described as such),syndrome,"2 - Pollination syndrome based on interpretations of images or illustrations and text, and similar species, still relatively confident",NA,NA,NA,NA,NA,genus,Ruby Stephens,15/2/2022
Tetracarpaea tasmannica,Tetracarpaea,NA,NA,Tetracarpaeaceae,Saxifragales,Superrosidae,iNaturalist. (2022). Tetracarpaea tasmannica. iNaturalist. https://www.inaturalist.org/taxa/794175-Tetracarpaea-tasmannica/browse_photos,https://www.inaturalist.org/taxa/794175-Tetracarpaea-tasmannica/browse_photos,insect,animal,no,NA,guessed from the illustration,syndrome,"2 - Pollination syndrome based on interpretations of images or illustrations and text, and similar species, still relatively confident",NA,NA,NA,NA,NA,species,Ruby Stephens,15/2/2022
