Plant genus,Plant species,Plant scientific name,Plant family,Animal species binomial name,Animal genus,Animal subgenus,Animal species,Animal family,Animal subfamily,Animal common name,Animal class,Animal order,No. of visitors,Location - State,Nearest named place,Latitude (S),Longitude (E),Date,Month,Year,Reference,Dataset_ID,"Observation type (Observational (O), Survey (S), Experimental (E ), Pollen-grains only (P), DNA (D))","Taxanomic verfication (1, 0)","Physical speciman (1, 0)","Photo (1, 0)","Geographic location (1, 0)","Date of collection (1, 0)","No visitors recorded (0,1)",Comments,Column1
Eucalyptus,angulosa,Eucalyptus angulosa,Mytraceae,Bethylidae sp.1,NA,NA,NA,Bethylidae,NA,NA,Insecta,Hymenoptera,2,SA,Yeelanna,-34.15638889,135.7327778,17/8/2024,Aug,2024,"Prendergast, K.S. (2025). Insect visitors to canola fields and surrounding vegetation. GRDC Canola pollination project. Dataset. University of Southern Queensland, Toowoomba. [unpublished as of 5/8/25]",S100B,S,1,1,0,1,1,1,NA,NA
Eucalyptus,angulosa,Eucalyptus angulosa,Mytraceae,Bethylidae sp.2,NA,NA,NA,Bethylidae,NA,NA,Insecta,Hymenoptera,1,SA,Yeelanna,-34.15638889,135.7327778,17/8/2024,Aug,2024,"Prendergast, K.S. (2025). Insect visitors to canola fields and surrounding vegetation. GRDC Canola pollination project. Dataset. University of Southern Queensland, Toowoomba. [unpublished as of 5/8/25]",S100B,S,1,1,0,1,1,1,NA,NA
Eucalyptus,angulosa,Eucalyptus angulosa,Mytraceae,Hylaeus (Rhodohylaeus) cf. lateralis,NA,Rhodohylaeus,cf. lateralis,Colletidae,Hylaeinae,NA,Insecta,Hymenoptera,1,SA,Yeelanna,-34.15638889,135.7327778,17/8/2024,Aug,2024,"Prendergast, K.S. (2025). Insect visitors to canola fields and surrounding vegetation. GRDC Canola pollination project. Dataset. University of Southern Queensland, Toowoomba. [unpublished as of 5/8/25]",S100B,S,1,1,0,1,1,1,NA,NA
Eucalyptus,angulosa,Eucalyptus angulosa,Mytraceae,Ichneumonidae sp.1,NA,NA,NA,Ichneumonidae,NA,NA,Insecta,Hymenoptera,1,SA,Yeelanna,-34.15638889,135.7327778,17/8/2024,Aug,2024,"Prendergast, K.S. (2025). Insect visitors to canola fields and surrounding vegetation. GRDC Canola pollination project. Dataset. University of Southern Queensland, Toowoomba. [unpublished as of 5/8/25]",S100B,S,1,1,0,1,1,1,NA,NA
Daviesia,pectinata,Daviesia pectinata,Fabaceae,Lasioglossum (Chilalictus) repraesentans,Lasioglossum,Chilalictus,repraesentans,Halictidae,Halictinae,NA,Insecta,Hymenoptera,1,SA,Yeelanna,-34.15638889,135.7327778,17/8/2024,Aug,2024,"Prendergast, K.S. (2025). Insect visitors to canola fields and surrounding vegetation. GRDC Canola pollination project. Dataset. University of Southern Queensland, Toowoomba. [unpublished as of 5/8/25]",S100B,S,1,1,0,1,1,1,NA,NA
Daviesia,pectinata,Daviesia pectinata,Fabaceae,Lasioglossum (Homalictus) cf. punctatum,NA,Homalictus,cf. punctatum,Halictidae,Halictinae,NA,Insecta,Hymenoptera,1,SA,Yeelanna,-34.15638889,135.7327778,17/8/2024,Aug,2024,"Prendergast, K.S. (2025). Insect visitors to canola fields and surrounding vegetation. GRDC Canola pollination project. Dataset. University of Southern Queensland, Toowoomba. [unpublished as of 5/8/25]",S100B,S,1,1,0,1,1,1,NA,NA
Eucalyptus,angulosa,Eucalyptus angulosa,Mytraceae,Lasioglossum (Homalictus) cf. punctatum,NA,Homalictus,cf. punctatum,Halictidae,Halictinae,NA,Insecta,Hymenoptera,5,SA,Yeelanna,-34.15638889,135.7327778,17/8/2024,Aug,2024,"Prendergast, K.S. (2025). Insect visitors to canola fields and surrounding vegetation. GRDC Canola pollination project. Dataset. University of Southern Queensland, Toowoomba. [unpublished as of 5/8/25]",S100B,S,1,1,0,1,1,1,NA,NA
Acacia,nematohylla,Acacia nematophylla,Fabaceae,Apis mellifera,Apis,NA,mellifera,Apidae,Apinae,NA,Insecta,Hymenoptera,2,SA,Karkoo,-33.990923,135.724774,03/09/24,Sept,2024,"Prendergast, K.S. (2025). Insect visitors to canola fields and surrounding vegetation. GRDC Canola pollination project. Dataset. University of Southern Queensland, Toowoomba. [unpublished as of 5/8/25]",S100B,S,1,0,0,1,1,1,NA,NA
Brassica,napus,Brassica napus,Brassicaceae,Apis mellifera,Apis,NA,mellifera,Apidae,Apinae,NA,Insecta,Hymenoptera,13,SA,Karkoo,-33.990923,135.724774,3/9/2024,Sept,2024,"Prendergast, K.S. (2025). Insect visitors to canola fields and surrounding vegetation. GRDC Canola pollination project. Dataset. University of Southern Queensland, Toowoomba. [unpublished as of 5/8/25]",S100B,S,1,0,0,1,1,1,NA,NA
Brassica,napus,Brassica napus,Brassicaceae,Apoidea sp.,NA,NA,NA,NA,NA,NA,Insecta,Hymenoptera,1,SA,Karkoo,-33.990923,135.724774,3/9/2024,Sept,2024,"Prendergast, K.S. (2025). Insect visitors to canola fields and surrounding vegetation. GRDC Canola pollination project. Dataset. University of Southern Queensland, Toowoomba. [unpublished as of 5/8/25]",S100B,S,1,1,0,1,1,1,NA,NA
Brassica,napus,Brassica napus,Brassicaceae,Calliphora albifrontalis,Calliphora,NA,albifrontalis,Calliphoridae,Calliphorinae,NA,Insecta,Diptera,3,SA,Karkoo,-33.990923,135.724774,3/9/2024,Sept,2024,"Prendergast, K.S. (2025). Insect visitors to canola fields and surrounding vegetation. GRDC Canola pollination project. Dataset. University of Southern Queensland, Toowoomba. [unpublished as of 5/8/25]",S100B,S,1,1,0,1,1,1,NA,NA
Melaleuca,lanceolata,Melaleuca lanceolata,Mytraceae,Cardiacera sp.1,Cardiacera,NA,NA,Pyrgotidae,NA,NA,Insecta,Diptera,1,SA,Karkoo,-33.990923,135.724774,03/09/24,Sept,2024,"Prendergast, K.S. (2025). Insect visitors to canola fields and surrounding vegetation. GRDC Canola pollination project. Dataset. University of Southern Queensland, Toowoomba. [unpublished as of 5/8/25]",S100B,S,1,1,0,1,1,1,NA,NA
Brassica,napus,Brassica napus,Brassicaceae,Coleoptera sp.,NA,NA,NA,NA,NA,NA,Insecta,Coleoptera,1,SA,Karkoo,-33.990923,135.724774,3/9/2024,Sept,2024,"Prendergast, K.S. (2025). Insect visitors to canola fields and surrounding vegetation. GRDC Canola pollination project. Dataset. University of Southern Queensland, Toowoomba. [unpublished as of 5/8/25]",S100B,S,1,1,0,1,1,1,NA,NA
Brassica,napus,Brassica napus,Brassicaceae,Dusona? sp.1,Dusona?,NA,NA,Ichneumonidae,Campopleginae,NA,Insecta,Hymenoptera,1,SA,Karkoo,-33.990923,135.724774,3/9/2024,Sept,2024,"Prendergast, K.S. (2025). Insect visitors to canola fields and surrounding vegetation. GRDC Canola pollination project. Dataset. University of Southern Queensland, Toowoomba. [unpublished as of 5/8/25]",S100B,S,1,1,0,1,1,1,NA,NA
Melaleuca,lanceolata,Melaleuca lanceolata,Mytraceae,Lasioglossum (Chilalictus) littleri?,Lasioglossum,Chilalictus,littleri?,Halictidae,Halictinae,NA,Insecta,Hymenoptera,1,SA,Karkoo,-33.990923,135.724774,03/09/24,Sept,2024,"Prendergast, K.S. (2025). Insect visitors to canola fields and surrounding vegetation. GRDC Canola pollination project. Dataset. University of Southern Queensland, Toowoomba. [unpublished as of 5/8/25]",S100B,S,1,1,0,1,1,1,NA,NA
Melaleuca,lanceolata,Melaleuca lanceolata,Mytraceae,"Leioproctus ""aureus-sapphire""?",Leioproctus,NA,NA,Colletidae,Neopasiphaeinae,NA,Insecta,Hymenoptera,1,SA,Karkoo,-33.990923,135.724774,03/09/24,Sept,2024,"Prendergast, K.S. (2025). Insect visitors to canola fields and surrounding vegetation. GRDC Canola pollination project. Dataset. University of Southern Queensland, Toowoomba. [unpublished as of 5/8/25]",S100B,S,1,1,0,1,1,1,NA,NA
Melaleuca,lanceolata,Melaleuca lanceolata,Mytraceae,Leioproctus (Leioproctus) maculatus,Leioproctus,Leioproctus,maculatus,Colletidae,Neopasiphaeinae,NA,Insecta,Hymenoptera,2,SA,Karkoo,-33.990923,135.724774,03/09/24,Sept,2024,"Prendergast, K.S. (2025). Insect visitors to canola fields and surrounding vegetation. GRDC Canola pollination project. Dataset. University of Southern Queensland, Toowoomba. [unpublished as of 5/8/25]",S100B,S,1,1,0,1,1,1,NA,NA
Acacia,gillii,Acacia gillii,Fabaceae,Microgastrinae? Sp.1,NA,NA,NA,Braconidae,Microgastrinae,NA,Insecta,Hymenoptera,1,SA,Karkoo,-33.990923,135.724774,03/09/24,Sept,2024,"Prendergast, K.S. (2025). Insect visitors to canola fields and surrounding vegetation. GRDC Canola pollination project. Dataset. University of Southern Queensland, Toowoomba. [unpublished as of 5/8/25]",S100B,S,1,1,0,1,1,1,NA,NA
Brassica,napus,Brassica napus,Brassicaceae,Microgastrinae? Sp.1,NA,NA,NA,Braconidae,Microgastrinae,NA,Insecta,Hymenoptera,1,SA,Karkoo,-33.990923,135.724774,3/9/2024,Sept,2024,"Prendergast, K.S. (2025). Insect visitors to canola fields and surrounding vegetation. GRDC Canola pollination project. Dataset. University of Southern Queensland, Toowoomba. [unpublished as of 5/8/25]",S100B,S,1,1,0,1,1,1,NA,NA
Eucalyptus,diversifolia,Eucalyptus diversifolia,Mytraceae,Musca vetustissima,Musca,NA,vetustissima,Muscidae,Muscinae,NA,Insecta,Diptera,1,SA,Karkoo,-33.990923,135.724774,03/09/24,Sept,2024,"Prendergast, K.S. (2025). Insect visitors to canola fields and surrounding vegetation. GRDC Canola pollination project. Dataset. University of Southern Queensland, Toowoomba. [unpublished as of 5/8/25]",S100B,S,1,1,0,1,1,1,NA,NA
Brassica,napus,Brassica napus,Brassicaceae,Plutella xylostella,Plutella,NA,xylostella,Plutellidae,Plutellinae,NA,Insecta,Lepidoptera,2,SA,Karkoo,-33.990923,135.724774,3/9/2024,Sept,2024,"Prendergast, K.S. (2025). Insect visitors to canola fields and surrounding vegetation. GRDC Canola pollination project. Dataset. University of Southern Queensland, Toowoomba. [unpublished as of 5/8/25]",S100B,S,1,1,0,1,1,1,NA,NA
Brassica,napus,Brassica napus,Brassicaceae,Simosyrphus grandicornis,Simosyrphus,NA,grandicornis,Syrphidae,Syrphinae,NA,Insecta,Diptera,1,SA,Karkoo,-33.990923,135.724774,3/9/2024,Sept,2024,"Prendergast, K.S. (2025). Insect visitors to canola fields and surrounding vegetation. GRDC Canola pollination project. Dataset. University of Southern Queensland, Toowoomba. [unpublished as of 5/8/25]",S100B,S,1,1,0,1,1,1,NA,NA
Eucalyptus,diversifolia,Eucalyptus diversifolia,Mytraceae,Stomorhina. 1SA,Stomorhina,NA,NA,Rhiniidae,NA,NA,Insecta,Diptera,1,SA,Karkoo,-33.990923,135.724774,03/09/24,Sept,2024,"Prendergast, K.S. (2025). Insect visitors to canola fields and surrounding vegetation. GRDC Canola pollination project. Dataset. University of Southern Queensland, Toowoomba. [unpublished as of 5/8/25]",S100B,S,1,1,0,1,1,1,NA,NA
Melaleuca,lanceolata,Melaleuca lanceolata,Mytraceae,Tiphiidae sp.6,NA,NA,NA,Tiphiidae,NA,NA,Insecta,Hymenoptera,1,SA,Karkoo,-33.990923,135.724774,03/09/24,Sept,2024,"Prendergast, K.S. (2025). Insect visitors to canola fields and surrounding vegetation. GRDC Canola pollination project. Dataset. University of Southern Queensland, Toowoomba. [unpublished as of 5/8/25]",S100B,S,1,1,0,1,1,1,NA,NA
Daviesia,pectinata,Daviesia pectinata,Fabaceae,Trichocolletes tenuiculus,Trichocolletes,NA,tenuiculus,Colletidae,Neopasiphaeinae,NA,Insecta,Hymenoptera,3,SA,Karkoo,-33.990923,135.724774,03/09/24,Sept,2024,"Prendergast, K.S. (2025). Insect visitors to canola fields and surrounding vegetation. GRDC Canola pollination project. Dataset. University of Southern Queensland, Toowoomba. [unpublished as of 5/8/25]",S100B,S,1,1,0,1,1,1,NA,NA
Brassica,napus,Brassica napus,Brassicaceae,Apis mellifera,Apis,NA,mellifera,Apidae,Apinae,NA,Insecta,Hymenoptera,4,SA,Ungarra,-34.2021083,135.9911761,4/9/2024,Sept,2024,"Prendergast, K.S. (2025). Insect visitors to canola fields and surrounding vegetation. GRDC Canola pollination project. Dataset. University of Southern Queensland, Toowoomba. [unpublished as of 5/8/25]",S100B,S,1,0,0,1,1,1,NA,NA
Melaleuca,lanceolata,Melaleuca lanceolata,Mytraceae,Apis mellifera,Apis,NA,mellifera,Apidae,Apinae,NA,Insecta,Hymenoptera,2,SA,Ungarra,-34.2021083,135.9911761,4/9/2024,Sept,2024,"Prendergast, K.S. (2025). Insect visitors to canola fields and surrounding vegetation. GRDC Canola pollination project. Dataset. University of Southern Queensland, Toowoomba. [unpublished as of 5/8/25]",S100B,S,1,0,0,1,1,1,NA,NA
Melaleuca,lanceolata,Melaleuca lanceolata,Mytraceae,Calliphorinae sp.1,NA,NA,NA,Calliphoridae,NA,NA,Insecta,Diptera,1,SA,Ungarra,-34.2021083,135.9911761,4/9/2024,Sept,2024,"Prendergast, K.S. (2025). Insect visitors to canola fields and surrounding vegetation. GRDC Canola pollination project. Dataset. University of Southern Queensland, Toowoomba. [unpublished as of 5/8/25]",S100B,S,1,1,0,1,1,1,NA,NA
Melaleuca,lanceolata,Melaleuca lanceolata,Mytraceae,Hylaeus (Prosopisteron) sp.1SA,Hylaeus,Prosopisteron,NA,Colletidae,Hylaeinae,NA,Insecta,Hymenoptera,2,SA,Ungarra,-34.2021083,135.9911761,4/9/2024,Sept,2024,"Prendergast, K.S. (2025). Insect visitors to canola fields and surrounding vegetation. GRDC Canola pollination project. Dataset. University of Southern Queensland, Toowoomba. [unpublished as of 5/8/25]",S100B,S,1,1,0,1,1,1,NA,NA
Melaleuca,lanceolata,Melaleuca lanceolata,Mytraceae,Hylaeus (Prosopisteron) sp.1SA,Hylaeus,Prosopisteron,NA,Colletidae,Hylaeinae,NA,Insecta,Hymenoptera,1,SA,Ungarra,-34.2021083,135.9911761,4/9/2024,Sept,2024,"Prendergast, K.S. (2025). Insect visitors to canola fields and surrounding vegetation. GRDC Canola pollination project. Dataset. University of Southern Queensland, Toowoomba. [unpublished as of 5/8/25]",S100B,S,1,1,0,1,1,1,NA,NA
Melaleuca,lanceolata,Melaleuca lanceolata,Mytraceae,Lasioglossum (Chilalictus) baudini?,Lasioglossum,Chilalictus,baudini?,Halictidae,Halictinae,NA,Insecta,Hymenoptera,2,SA,Ungarra,-34.2021083,135.9911761,4/9/2024,Sept,2024,"Prendergast, K.S. (2025). Insect visitors to canola fields and surrounding vegetation. GRDC Canola pollination project. Dataset. University of Southern Queensland, Toowoomba. [unpublished as of 5/8/25]",S100B,S,1,1,0,1,1,1,NA,NA
Melaleuca,lanceolata,Melaleuca lanceolata,Mytraceae,Lasioglossum (Chilalictus) hemichalceum,Lasioglossum,Chilalictus,hemichalceum,Halictidae,Halictinae,NA,Insecta,Hymenoptera,1,SA,Ungarra,-34.2021083,135.9911761,4/9/2024,Sept,2024,"Prendergast, K.S. (2025). Insect visitors to canola fields and surrounding vegetation. GRDC Canola pollination project. Dataset. University of Southern Queensland, Toowoomba. [unpublished as of 5/8/25]",S100B,S,1,1,0,1,1,1,NA,NA
Melaleuca,lanceolata,Melaleuca lanceolata,Mytraceae,Lasioglossum (Chilalictus) littleri?,Lasioglossum,Chilalictus,littleri?,Halictidae,Halictinae,NA,Insecta,Hymenoptera,3,SA,Ungarra,-34.2021083,135.9911761,4/9/2024,Sept,2024,"Prendergast, K.S. (2025). Insect visitors to canola fields and surrounding vegetation. GRDC Canola pollination project. Dataset. University of Southern Queensland, Toowoomba. [unpublished as of 5/8/25]",S100B,S,1,1,0,1,1,1,NA,NA
Arctotheca,calendula,Arctotheca calendula,Asteraceae,Leioproctus sp.SA2,Leioproctus,NA,NA,Colletidae,Neopasiphaeinae,NA,Insecta,Hymenoptera,1,SA,Ungarra,-34.2021083,135.9911761,4/9/2024,Sept,2024,"Prendergast, K.S. (2025). Insect visitors to canola fields and surrounding vegetation. GRDC Canola pollination project. Dataset. University of Southern Queensland, Toowoomba. [unpublished as of 5/8/25]",S100B,S,1,1,0,1,1,1,NA,NA
Acacia,fimbriata,Acacia fimbriata,Fabaceae,Liparetrus sp.1,Liparetrus,NA,NA,Scaraeidae,Melolonthinae,NA,Insecta,Coleoptera,1,SA,Ungarra,-34.2021083,135.9911761,4/9/2024,Sept,2024,"Prendergast, K.S. (2025). Insect visitors to canola fields and surrounding vegetation. GRDC Canola pollination project. Dataset. University of Southern Queensland, Toowoomba. [unpublished as of 5/8/25]",S100B,S,1,1,0,1,1,1,NA,NA
Brassica,napus,Brassica napus,Brassicaceae,Melangyna viridiceps,Melangyna,NA,viridiceps,Syrphidae,Syrphinae,NA,Insecta,Diptera,1,SA,Ungarra,-34.2021083,135.9911761,4/9/2024,Sept,2024,"Prendergast, K.S. (2025). Insect visitors to canola fields and surrounding vegetation. GRDC Canola pollination project. Dataset. University of Southern Queensland, Toowoomba. [unpublished as of 5/8/25]",S100B,S,1,1,0,1,1,1,NA,NA
Melaleuca,lanceolata,Melaleuca lanceolata,Mytraceae,Odontomyia decipiens,Odontomyia,NA,decipiens,Stratiomyidae,Stratiomyinae,NA,Insecta,Diptera,1,SA,Ungarra,-34.2021083,135.9911761,4/9/2024,Sept,2024,"Prendergast, K.S. (2025). Insect visitors to canola fields and surrounding vegetation. GRDC Canola pollination project. Dataset. University of Southern Queensland, Toowoomba. [unpublished as of 5/8/25]",S100B,S,1,1,0,1,1,1,NA,NA
Brassica,napus,Brassica napus,Brassicaceae,Plutella xylostella,Plutella,NA,xylostella,Plutellidae,Plutellinae,NA,Insecta,Lepidoptera,1,SA,Ungarra,-34.2021083,135.9911761,4/9/2024,Sept,2024,"Prendergast, K.S. (2025). Insect visitors to canola fields and surrounding vegetation. GRDC Canola pollination project. Dataset. University of Southern Queensland, Toowoomba. [unpublished as of 5/8/25]",S100B,S,1,1,0,1,1,1,NA,NA
Melaleuca,lanceolata,Melaleuca lanceolata,Mytraceae,Stomorhina. 1SA,Stomorhina,NA,NA,Rhiniidae,NA,NA,Insecta,Diptera,1,SA,Ungarra,-34.2021083,135.9911761,4/9/2024,Sept,2024,"Prendergast, K.S. (2025). Insect visitors to canola fields and surrounding vegetation. GRDC Canola pollination project. Dataset. University of Southern Queensland, Toowoomba. [unpublished as of 5/8/25]",S100B,S,1,1,0,1,1,1,NA,NA
Acacia,spinescens,Acacia spinescens,Fabaceae,Entiminae sp.1,NA,NA,NA,Curculionidae,Entiminae,NA,Insecta,Coleoptera,4,SA,Ungarra,-34.2021083,135.9911761,4/9/2024,Sept,2024,"Prendergast, K.S. (2025). Insect visitors to canola fields and surrounding vegetation. GRDC Canola pollination project. Dataset. University of Southern Queensland, Toowoomba. [unpublished as of 5/8/25]",S100B,S,1,1,0,1,1,1,NA,NA
Melaleuca,lanceolata,Melaleuca lanceolata,Mytraceae,Conopidae sp.1SA,NA,NA,NA,Conopidae,NA,NA,Insecta,Diptera,2,SA,Ungarra,-34.2021083,135.9911761,4/9/2024,Sept,2024,"Prendergast, K.S. (2025). Insect visitors to canola fields and surrounding vegetation. GRDC Canola pollination project. Dataset. University of Southern Queensland, Toowoomba. [unpublished as of 5/8/25]",S100B,S,1,1,0,1,1,1,NA,NA
Brassica,napus,Brassica napus,Brassicaceae,Apis mellifera,Apis,NA,mellifera,Apidae,Apinae,NA,Insecta,Hymenoptera,5,SA,Yeelanna,-34.15638889,135.7327778,5/9/2024,Sept,2024,"Prendergast, K.S. (2025). Insect visitors to canola fields and surrounding vegetation. GRDC Canola pollination project. Dataset. University of Southern Queensland, Toowoomba. [unpublished as of 5/8/25]",S100B,S,1,0,0,1,1,1,NA,NA
Daviesia,pectinata,Daviesia pectinata,Fabaceae,Apis mellifera,Apis,NA,mellifera,Apidae,Apinae,NA,Insecta,Hymenoptera,1,SA,Yeelanna,-34.15638889,135.7327778,5/9/2024,Sept,2024,"Prendergast, K.S. (2025). Insect visitors to canola fields and surrounding vegetation. GRDC Canola pollination project. Dataset. University of Southern Queensland, Toowoomba. [unpublished as of 5/8/25]",S100B,S,1,0,0,1,1,1,NA,NA
Brassica,napus,Brassica napus,Brassicaceae,Dusona? sp.1,Dusona?,NA,NA,Ichneumonidae,Campopleginae,NA,Insecta,Hymenoptera,12,SA,Yeelanna,-34.15638889,135.7327778,5/9/2024,Sept,2024,"Prendergast, K.S. (2025). Insect visitors to canola fields and surrounding vegetation. GRDC Canola pollination project. Dataset. University of Southern Queensland, Toowoomba. [unpublished as of 5/8/25]",S100B,S,1,1,0,1,1,1,NA,NA
Daviesia,pectinata,Daviesia pectinata,Fabaceae,Enicospilus sp.1SA,Enicospilus,NA,NA,Ichneumonidae,Ophioninae,NA,Insecta,Hymenoptera,1,SA,Yeelanna,-34.15638889,135.7327778,5/9/2024,Sept,2024,"Prendergast, K.S. (2025). Insect visitors to canola fields and surrounding vegetation. GRDC Canola pollination project. Dataset. University of Southern Queensland, Toowoomba. [unpublished as of 5/8/25]",S100B,S,1,1,0,1,1,1,NA,NA
Brassica,napus,Brassica napus,Brassicaceae,Hellula undalis,Hellula,NA,undalis,Crambidae,Glaphyriinae,NA,Insecta,Lepidoptera,2,SA,Yeelanna,-34.15638889,135.7327778,5/9/2024,Sept,2024,"Prendergast, K.S. (2025). Insect visitors to canola fields and surrounding vegetation. GRDC Canola pollination project. Dataset. University of Southern Queensland, Toowoomba. [unpublished as of 5/8/25]",S100B,S,1,1,0,1,1,1,NA,NA
Brassica,napus,Brassica napus,Brassicaceae,Ichneumonidae sp.2SA,NA,NA,NA,Ichneumonidae,NA,NA,Insecta,Hymenoptera,1,SA,Yeelanna,-34.15638889,135.7327778,5/9/2024,Sept,2024,"Prendergast, K.S. (2025). Insect visitors to canola fields and surrounding vegetation. GRDC Canola pollination project. Dataset. University of Southern Queensland, Toowoomba. [unpublished as of 5/8/25]",S100B,S,1,1,0,1,1,1,NA,NA
Acacia,imbricata,Acacia imbricata,Fabaceae,Lasioglossum (Homalictus) cf. punctatum,NA,Homalictus,cf. punctatum,Halictidae,Halictinae,NA,Insecta,Hymenoptera,1,SA,Yeelanna,-34.15638889,135.7327778,5/9/2024,Sept,2024,"Prendergast, K.S. (2025). Insect visitors to canola fields and surrounding vegetation. GRDC Canola pollination project. Dataset. University of Southern Queensland, Toowoomba. [unpublished as of 5/8/25]",S100B,S,1,1,0,1,1,1,NA,NA
Acacia,micropora,Acacia micropora,Fabaceae,Lasioglossum (Homalictus) cf. punctatum,NA,Homalictus,cf. punctatum,Halictidae,Halictinae,NA,Insecta,Hymenoptera,3,SA,Yeelanna,-34.15638889,135.7327778,5/9/2024,Sept,2024,"Prendergast, K.S. (2025). Insect visitors to canola fields and surrounding vegetation. GRDC Canola pollination project. Dataset. University of Southern Queensland, Toowoomba. [unpublished as of 5/8/25]",S100B,S,1,1,0,1,1,1,NA,NA
Melaleuca,lanceolata,Melaleuca lanceolata,Mytraceae,Lasioglossum (Homalictus) cf. punctatum,NA,Homalictus,cf. punctatum,Halictidae,Halictinae,NA,Insecta,Hymenoptera,7,SA,Yeelanna,-34.15638889,135.7327778,5/9/2024,Sept,2024,"Prendergast, K.S. (2025). Insect visitors to canola fields and surrounding vegetation. GRDC Canola pollination project. Dataset. University of Southern Queensland, Toowoomba. [unpublished as of 5/8/25]",S100B,S,1,1,0,1,1,1,NA,NA
Acacia,micropora,Acacia micropora,Fabaceae,Melanterius. 1SA,Melanterius,NA,NA,Curculionidae,Molytinae,NA,Insecta,Coleoptera,1,SA,Yeelanna,-34.15638889,135.7327778,5/9/2024,Sept,2024,"Prendergast, K.S. (2025). Insect visitors to canola fields and surrounding vegetation. GRDC Canola pollination project. Dataset. University of Southern Queensland, Toowoomba. [unpublished as of 5/8/25]",S100B,S,1,1,0,1,1,1,NA,NA
Brassica,napus,Brassica napus,Brassicaceae,Nematocera sp.1SA,Nematocera,NA,NA,NA,NA,NA,Insecta,Diptera,1,SA,Yeelanna,-34.15638889,135.7327778,5/9/2024,Sept,2024,"Prendergast, K.S. (2025). Insect visitors to canola fields and surrounding vegetation. GRDC Canola pollination project. Dataset. University of Southern Queensland, Toowoomba. [unpublished as of 5/8/25]",S100B,S,1,1,0,1,1,1,NA,NA
Brassica,napus,Brassica napus,Brassicaceae,Plutella xylostella,Plutella,NA,xylostella,Plutellidae,Plutellinae,NA,Insecta,Lepidoptera,1,SA,Yeelanna,-34.15638889,135.7327778,5/9/2024,Sept,2024,"Prendergast, K.S. (2025). Insect visitors to canola fields and surrounding vegetation. GRDC Canola pollination project. Dataset. University of Southern Queensland, Toowoomba. [unpublished as of 5/8/25]",S100B,S,1,1,0,1,1,1,NA,NA
Brassica,napus,Brassica napus,Brassicaceae,Simosyrphus grandicornis,Simosyrphus,NA,grandicornis,Syrphidae,Syrphinae,NA,Insecta,Diptera,6,SA,Yeelanna,-34.15638889,135.7327778,5/9/2024,Sept,2024,"Prendergast, K.S. (2025). Insect visitors to canola fields and surrounding vegetation. GRDC Canola pollination project. Dataset. University of Southern Queensland, Toowoomba. [unpublished as of 5/8/25]",S100B,S,1,1,0,1,1,1,NA,NA
Daviesia,pectinata,Daviesia pectinata,Fabaceae,Trichocolletes tenuiculus,Trichocolletes,NA,tenuiculus,Colletidae,Neopasiphaeinae,NA,Insecta,Hymenoptera,3,SA,Yeelanna,-34.15638889,135.7327778,5/9/2024,Sept,2024,"Prendergast, K.S. (2025). Insect visitors to canola fields and surrounding vegetation. GRDC Canola pollination project. Dataset. University of Southern Queensland, Toowoomba. [unpublished as of 5/8/25]",S100B,S,1,1,0,1,1,1,NA,NA
Brassica,napus,Brassica napus,Brassicaceae,Plutella xylostella,Plutella,NA,xylostella,Plutellidae,Plutellinae,NA,Insecta,Lepidoptera,2,SA,Yeelanna,-34.126227,135.811846,6/9/2024,Sept,2024,"Prendergast, K.S. (2025). Insect visitors to canola fields and surrounding vegetation. GRDC Canola pollination project. Dataset. University of Southern Queensland, Toowoomba. [unpublished as of 5/8/25]",S100B,S,1,1,0,1,1,1,NA,NA
Brassica,napus,Brassica napus,Brassicaceae,Simosyrphus grandicornis,Simosyrphus,NA,grandicornis,Syrphidae,Syrphinae,NA,Insecta,Diptera,5,SA,Yeelanna,-34.126227,135.811846,6/9/2024,Sept,2024,"Prendergast, K.S. (2025). Insect visitors to canola fields and surrounding vegetation. GRDC Canola pollination project. Dataset. University of Southern Queensland, Toowoomba. [unpublished as of 5/8/25]",S100B,S,1,1,0,1,1,1,NA,NA
Brassica,napus,Brassica napus,Brassicaceae,Apis mellifera,Apis,NA,mellifera,Apidae,Apinae,NA,Insecta,Hymenoptera,4,SA,Yeelanna,-34.1526001,135.6258572,9/9/2024,Sept,2024,"Prendergast, K.S. (2025). Insect visitors to canola fields and surrounding vegetation. GRDC Canola pollination project. Dataset. University of Southern Queensland, Toowoomba. [unpublished as of 5/8/25]",S100B,S,1,0,0,1,1,1,NA,NA
Melaleuca,laneolata,Melaleuca lanceolata,Mytraceae,Apis mellifera,Apis,NA,mellifera,Apidae,Apinae,NA,Insecta,Hymenoptera,1,SA,Yeelanna,-34.1526001,135.6258572,9/9/2024,Sept,2024,"Prendergast, K.S. (2025). Insect visitors to canola fields and surrounding vegetation. GRDC Canola pollination project. Dataset. University of Southern Queensland, Toowoomba. [unpublished as of 5/8/25]",S100B,S,1,0,0,1,1,1,NA,NA
Thomasia,petalocalyx,Thomasia petalocalyx,Malvaceae,Bethylidae sp.2,NA,NA,NA,Bethylidae,NA,NA,Insecta,Hymenoptera,1,SA,Yeelanna,-34.1526001,135.6258572,9/9/2024,Sept,2024,"Prendergast, K.S. (2025). Insect visitors to canola fields and surrounding vegetation. GRDC Canola pollination project. Dataset. University of Southern Queensland, Toowoomba. [unpublished as of 5/8/25]",S100B,S,1,1,0,1,1,1,NA,NA
Brassica,napus,Brassica napus,Brassicaceae,Calliphoridae sp.1,NA,NA,NA,Calliphoridae,NA,NA,Insecta,Diptera,2,SA,Yeelanna,-34.1526001,135.6258572,9/9/2024,Sept,2024,"Prendergast, K.S. (2025). Insect visitors to canola fields and surrounding vegetation. GRDC Canola pollination project. Dataset. University of Southern Queensland, Toowoomba. [unpublished as of 5/8/25]",S100B,S,1,1,0,1,1,1,NA,NA
Acacia,gillii,Acacia gillii,Fabaceae,Cicadellidae sp.1,NA,NA,NA,Cicadellidae,NA,NA,Insecta,Hemiptera,1,SA,Yeelanna,-34.1526001,135.6258572,9/9/2024,Sept,2024,"Prendergast, K.S. (2025). Insect visitors to canola fields and surrounding vegetation. GRDC Canola pollination project. Dataset. University of Southern Queensland, Toowoomba. [unpublished as of 5/8/25]",S100B,S,1,1,0,1,1,1,NA,NA
Brassica,napus,Brassica napus,Brassicaceae,Dusona? sp.1,Dusona?,NA,NA,Ichneumonidae,Campopleginae,NA,Insecta,Hymenoptera,1,SA,Yeelanna,-34.1526001,135.6258572,9/9/2024,Sept,2024,"Prendergast, K.S. (2025). Insect visitors to canola fields and surrounding vegetation. GRDC Canola pollination project. Dataset. University of Southern Queensland, Toowoomba. [unpublished as of 5/8/25]",S100B,S,1,1,0,1,1,1,NA,NA
Eucalyptus,diversifolia,Eucalyptus diversifolia,Mytraceae,Euhesma sp.1SA,Euhesma,NA,NA,Colletidae,Euryglossinae,NA,Insecta,Hymenoptera,1,SA,Yeelanna,-34.1526001,135.6258572,9/9/2024,Sept,2024,"Prendergast, K.S. (2025). Insect visitors to canola fields and surrounding vegetation. GRDC Canola pollination project. Dataset. University of Southern Queensland, Toowoomba. [unpublished as of 5/8/25]",S100B,S,1,1,0,1,1,1,NA,NA
Eucalyptus,diversifolia,Eucalyptus diversifolia,Mytraceae,"Hylaeus (Prosopisteron) ""bicurcatus""",Hylaeus,Prosopisteron,"""bicurcatus""",Colletidae,Hylaeinae,NA,Insecta,Hymenoptera,1,SA,Yeelanna,-34.1526001,135.6258572,9/9/2024,Sept,2024,"Prendergast, K.S. (2025). Insect visitors to canola fields and surrounding vegetation. GRDC Canola pollination project. Dataset. University of Southern Queensland, Toowoomba. [unpublished as of 5/8/25]",S100B,S,1,1,0,1,1,1,NA,NA
Eucalyptus,diversifolia,Eucalyptus diversifolia,Mytraceae,Hylaeus (Prosopisteron) sp.1SA,Hylaeus,Prosopisteron,NA,Colletidae,Hylaeinae,NA,Insecta,Hymenoptera,4,SA,Yeelanna,-34.1526001,135.6258572,9/9/2024,Sept,2024,"Prendergast, K.S. (2025). Insect visitors to canola fields and surrounding vegetation. GRDC Canola pollination project. Dataset. University of Southern Queensland, Toowoomba. [unpublished as of 5/8/25]",S100B,S,1,1,0,1,1,1,NA,NA
Brassica,napus,Brassica napus,Brassicaceae,Ichneumonidae sp.2SA,NA,NA,NA,Ichneumonidae,NA,NA,Insecta,Hymenoptera,2,SA,Yeelanna,-34.1526001,135.6258572,9/9/2024,Sept,2024,"Prendergast, K.S. (2025). Insect visitors to canola fields and surrounding vegetation. GRDC Canola pollination project. Dataset. University of Southern Queensland, Toowoomba. [unpublished as of 5/8/25]",S100B,S,1,1,0,1,1,1,NA,NA
Dampiera,rosmarifolia,Dampiera rosmarinifolia,Goodeniaceae,Lasioglossum (Chilalictus) castor,Lasioglossum,Chilalictus,castor,Halictidae,Halictinae,NA,Insecta,Hymenoptera,1,SA,Yeelanna,-34.1526001,135.6258572,9/9/2024,Sept,2024,"Prendergast, K.S. (2025). Insect visitors to canola fields and surrounding vegetation. GRDC Canola pollination project. Dataset. University of Southern Queensland, Toowoomba. [unpublished as of 5/8/25]",S100B,S,1,1,0,1,1,1,NA,NA
Thryptomene,microcantha,Thryptomene microcantha,Myrtaceae,Lasioglossum (Chilalictus) castor,Lasioglossum,Chilalictus,castor,Halictidae,Halictinae,NA,Insecta,Hymenoptera,1,SA,Yeelanna,-34.1526001,135.6258572,9/9/2024,Sept,2024,"Prendergast, K.S. (2025). Insect visitors to canola fields and surrounding vegetation. GRDC Canola pollination project. Dataset. University of Southern Queensland, Toowoomba. [unpublished as of 5/8/25]",S100B,S,1,1,0,1,1,1,NA,NA
Medicago,polymorpha,Medicago polymorpha,Fabaceae,Lasioglossum (Chilalictus) ochrochilum,Lasioglossum,Chilalictus,ochrochilum,Halictidae,Halictinae,NA,Insecta,Hymenoptera,1,SA,Yeelanna,-34.1526001,135.6258572,9/9/2024,Sept,2024,"Prendergast, K.S. (2025). Insect visitors to canola fields and surrounding vegetation. GRDC Canola pollination project. Dataset. University of Southern Queensland, Toowoomba. [unpublished as of 5/8/25]",S100B,S,1,1,0,1,1,1,NA,NA
Thryptomene,microcantha,Thryptomene microcantha,Myrtaceae,Lasioglossum (Chilalictus) sp.1SA,Lasioglossum,Chilalictus,NA,Halictidae,Halictinae,NA,Insecta,Hymenoptera,1,SA,Yeelanna,-34.1526001,135.6258572,9/9/2024,Sept,2024,"Prendergast, K.S. (2025). Insect visitors to canola fields and surrounding vegetation. GRDC Canola pollination project. Dataset. University of Southern Queensland, Toowoomba. [unpublished as of 5/8/25]",S100B,S,1,1,0,1,1,1,NA,NA
Brassica,napus,Brassica napus,Brassicaceae,Lasioglossum (Homalictus) cf. punctatum,NA,Homalictus,cf. punctatum,Halictidae,Halictinae,NA,Insecta,Hymenoptera,1,SA,Yeelanna,-34.1526001,135.6258572,9/9/2024,Sept,2024,"Prendergast, K.S. (2025). Insect visitors to canola fields and surrounding vegetation. GRDC Canola pollination project. Dataset. University of Southern Queensland, Toowoomba. [unpublished as of 5/8/25]",S100B,S,1,1,0,1,1,1,NA,NA
Eucalyptus,diversifolia,Eucalyptus diversifolia,Mytraceae,Lasioglossum (Homalictus) cf. punctatum,NA,Homalictus,cf. punctatum,Halictidae,Halictinae,NA,Insecta,Hymenoptera,20,SA,Yeelanna,-34.1526001,135.6258572,9/9/2024,Sept,2024,"Prendergast, K.S. (2025). Insect visitors to canola fields and surrounding vegetation. GRDC Canola pollination project. Dataset. University of Southern Queensland, Toowoomba. [unpublished as of 5/8/25]",S100B,S,1,1,0,1,1,1,NA,NA
Logania,ovata,Logania ovata,Loganiaceae,Lasioglossum (Homalictus) cf. punctatum,NA,Homalictus,cf. punctatum,Halictidae,Halictinae,NA,Insecta,Hymenoptera,2,SA,Yeelanna,-34.1526001,135.6258572,9/9/2024,Sept,2024,"Prendergast, K.S. (2025). Insect visitors to canola fields and surrounding vegetation. GRDC Canola pollination project. Dataset. University of Southern Queensland, Toowoomba. [unpublished as of 5/8/25]",S100B,S,1,1,0,1,1,1,NA,NA
Melaleuca,lanceolata,Melaleuca lanceolata,Mytraceae,Lasioglossum (Homalictus) cf. punctatum,NA,Homalictus,cf. punctatum,Halictidae,Halictinae,NA,Insecta,Hymenoptera,2,SA,Yeelanna,-34.1526001,135.6258572,9/9/2024,Sept,2024,"Prendergast, K.S. (2025). Insect visitors to canola fields and surrounding vegetation. GRDC Canola pollination project. Dataset. University of Southern Queensland, Toowoomba. [unpublished as of 5/8/25]",S100B,S,1,1,0,1,1,1,NA,NA
Thomasia,petalocalyx,Thomasia petalocalyx,Malvaceae,Lasioglossum (Homalictus) cf. punctatum,NA,Homalictus,cf. punctatum,Halictidae,Halictinae,NA,Insecta,Hymenoptera,1,SA,Yeelanna,-34.1526001,135.6258572,9/9/2024,Sept,2024,"Prendergast, K.S. (2025). Insect visitors to canola fields and surrounding vegetation. GRDC Canola pollination project. Dataset. University of Southern Queensland, Toowoomba. [unpublished as of 5/8/25]",S100B,S,1,1,0,1,1,1,NA,NA
Brassica,napus,Brassica napus,Brassicaceae,Melangyna viridiceps,Melangyna,NA,viridiceps,Syrphidae,Syrphinae,NA,Insecta,Diptera,1,SA,Yeelanna,-34.1526001,135.6258572,9/9/2024,Sept,2024,"Prendergast, K.S. (2025). Insect visitors to canola fields and surrounding vegetation. GRDC Canola pollination project. Dataset. University of Southern Queensland, Toowoomba. [unpublished as of 5/8/25]",S100B,S,1,1,0,1,1,1,NA,NA
Brassica,napus,Brassica napus,Brassicaceae,Pieris rapae,Pieris,NA,rapae,Pieridae,Pierinae,NA,Insecta,Lepidoptera,1,SA,Yeelanna,-34.1526001,135.6258572,9/9/2024,Sept,2024,"Prendergast, K.S. (2025). Insect visitors to canola fields and surrounding vegetation. GRDC Canola pollination project. Dataset. University of Southern Queensland, Toowoomba. [unpublished as of 5/8/25]",S100B,S,1,1,0,1,1,1,NA,NA
Brassica,napus,Brassica napus,Brassicaceae,Plutella xylostella,Plutella,NA,xylostella,Plutellidae,Plutellinae,NA,Insecta,Lepidoptera,1,SA,Yeelanna,-34.1526001,135.6258572,9/9/2024,Sept,2024,"Prendergast, K.S. (2025). Insect visitors to canola fields and surrounding vegetation. GRDC Canola pollination project. Dataset. University of Southern Queensland, Toowoomba. [unpublished as of 5/8/25]",S100B,S,1,1,0,1,1,1,NA,NA
Brassica,napus,Brassica napus,Brassicaceae,Simosyrphus grandicornis,Simosyrphus,NA,grandicornis,Syrphidae,Syrphinae,NA,Insecta,Diptera,26,SA,Yeelanna,-34.1526001,135.6258572,9/9/2024,Sept,2024,"Prendergast, K.S. (2025). Insect visitors to canola fields and surrounding vegetation. GRDC Canola pollination project. Dataset. University of Southern Queensland, Toowoomba. [unpublished as of 5/8/25]",S100B,S,1,1,0,1,1,1,NA,NA
Logania,ovata,Logania ovata,Loganiaceae,Tiphiidae sp.6SA,NA,NA,NA,Tiphiidae,NA,NA,Insecta,Hymenoptera,1,SA,Yeelanna,-34.1526001,135.6258572,9/9/2024,Sept,2024,"Prendergast, K.S. (2025). Insect visitors to canola fields and surrounding vegetation. GRDC Canola pollination project. Dataset. University of Southern Queensland, Toowoomba. [unpublished as of 5/8/25]",S100B,S,1,1,0,1,1,1,NA,NA
Brassica,napus,Brassica napus,Brassicaceae,Apis mellifera,Apis,NA,mellifera,Apidae,Apinae,NA,Insecta,Hymenoptera,2,SA,Cockaleechie,-34.17377,135.8267,10/9/2024,Sept,2024,"Prendergast, K.S. (2025). Insect visitors to canola fields and surrounding vegetation. GRDC Canola pollination project. Dataset. University of Southern Queensland, Toowoomba. [unpublished as of 5/8/25]",S100B,S,1,0,0,1,1,1,NA,NA
Grevillea,ilicifolia,Grevillea illicifolia,Proteaceae,Apis mellifera,Apis,NA,mellifera,Apidae,Apinae,NA,Insecta,Hymenoptera,1,SA,Cockaleechie,-34.17377,135.8267,10/9/2024,Sept,2024,"Prendergast, K.S. (2025). Insect visitors to canola fields and surrounding vegetation. GRDC Canola pollination project. Dataset. University of Southern Queensland, Toowoomba. [unpublished as of 5/8/25]",S100B,S,1,0,0,1,1,1,NA,NA
Acacia,gillii,Acacia gillii,Fabaceae,Cremastinae sp.1SA,NA,NA,NA,Ichneumonidae,Cremastinae,NA,Insecta,Hymenoptera,1,SA,Cockaleechie,-34.17377,135.8267,10/9/2024,Sept,2024,"Prendergast, K.S. (2025). Insect visitors to canola fields and surrounding vegetation. GRDC Canola pollination project. Dataset. University of Southern Queensland, Toowoomba. [unpublished as of 5/8/25]",S100B,S,1,1,0,1,1,1,NA,NA
Brassica,napus,Brassica napus,Brassicaceae,Dusona? sp.1,Dusona?,NA,NA,Ichneumonidae,Campopleginae,NA,Insecta,Hymenoptera,1,SA,Cockaleechie,-34.17377,135.8267,10/9/2024,Sept,2024,"Prendergast, K.S. (2025). Insect visitors to canola fields and surrounding vegetation. GRDC Canola pollination project. Dataset. University of Southern Queensland, Toowoomba. [unpublished as of 5/8/25]",S100B,S,1,1,0,1,1,1,NA,NA
Daviesia,pectinata,Daviesia pectinata,Fabaceae,Dusona? sp.1,Dusona?,NA,NA,Ichneumonidae,Campopleginae,NA,Insecta,Hymenoptera,1,SA,Cockaleechie,-34.17377,135.8267,10/9/2024,Sept,2024,"Prendergast, K.S. (2025). Insect visitors to canola fields and surrounding vegetation. GRDC Canola pollination project. Dataset. University of Southern Queensland, Toowoomba. [unpublished as of 5/8/25]",S100B,S,1,1,0,1,1,1,NA,NA
Daviesia,pectinata,Daviesia pectinata,Fabaceae,Euhesma sp.1SA,Euhesma,NA,NA,Colletidae,Euryglossinae,NA,Insecta,Hymenoptera,1,SA,Cockaleechie,-34.17377,135.8267,10/9/2024,Sept,2024,"Prendergast, K.S. (2025). Insect visitors to canola fields and surrounding vegetation. GRDC Canola pollination project. Dataset. University of Southern Queensland, Toowoomba. [unpublished as of 5/8/25]",S100B,S,1,1,0,1,1,1,NA,NA
Acacia,gillii,Acacia gillii,Fabaceae,"Hylaeus (Prosopisteron) ""gilli""",Hylaeus,Prosopisteron,NA,Colletidae,Hylaeinae,NA,Insecta,Hymenoptera,1,SA,Cockaleechie,-34.17377,135.8267,10/9/2024,Sept,2024,"Prendergast, K.S. (2025). Insect visitors to canola fields and surrounding vegetation. GRDC Canola pollination project. Dataset. University of Southern Queensland, Toowoomba. [unpublished as of 5/8/25]",S100B,S,1,1,0,1,1,1,NA,NA
Daviesia,pectinata,Daviesia pectinata,Fabaceae,Hylaeus (Xenohylaeus) scutaticornis,Hylaeus,Xenohylaeus,scutaticornis,Colletidae,Hylaeinae,NA,Insecta,Hymenoptera,1,SA,Cockaleechie,-34.17377,135.8267,10/9/2024,Sept,2024,"Prendergast, K.S. (2025). Insect visitors to canola fields and surrounding vegetation. GRDC Canola pollination project. Dataset. University of Southern Queensland, Toowoomba. [unpublished as of 5/8/25]",S100B,S,1,1,0,1,1,1,NA,NA
Arctotheca,caendula,Arctotheca calendula,Asteraceae,Junonia villida,Junonia,NA,villida,Nymphalidae,Nymphalinae,NA,Insecta,Lepidoptera,1,SA,Cockaleechie,-34.17377,135.8267,10/9/2024,Sept,2024,"Prendergast, K.S. (2025). Insect visitors to canola fields and surrounding vegetation. GRDC Canola pollination project. Dataset. University of Southern Queensland, Toowoomba. [unpublished as of 5/8/25]",S100B,S,1,1,0,1,1,1,NA,NA
Acacia,gillii,Acacia gillii,Fabaceae,Lasioglossum (Homalictus) cf. punctatum,NA,Homalictus,cf. punctatum,Halictidae,Halictinae,NA,Insecta,Hymenoptera,1,SA,Cockaleechie,-34.17377,135.8267,10/9/2024,Sept,2024,"Prendergast, K.S. (2025). Insect visitors to canola fields and surrounding vegetation. GRDC Canola pollination project. Dataset. University of Southern Queensland, Toowoomba. [unpublished as of 5/8/25]",S100B,S,1,1,0,1,1,1,NA,NA
Brassica,napus,Brassica napus,Brassicaceae,Lasioglossum (Homalictus) cf. punctatum,NA,Homalictus,cf. punctatum,Halictidae,Halictinae,NA,Insecta,Hymenoptera,1,SA,Cockaleechie,-34.17377,135.8267,10/9/2024,Sept,2024,"Prendergast, K.S. (2025). Insect visitors to canola fields and surrounding vegetation. GRDC Canola pollination project. Dataset. University of Southern Queensland, Toowoomba. [unpublished as of 5/8/25]",S100B,S,1,1,0,1,1,1,NA,NA
Thomesia,petalocalyx,Thomesia petalocalyx,Malvaceae,Lasioglossum (Parasphecodes) sp.1SA,Lasioglossum,Parasphecodes,NA,Halictidae,Halictinae,NA,Insecta,Hymenoptera,1,SA,Cockaleechie,-34.17377,135.8267,10/9/2024,Sept,2024,"Prendergast, K.S. (2025). Insect visitors to canola fields and surrounding vegetation. GRDC Canola pollination project. Dataset. University of Southern Queensland, Toowoomba. [unpublished as of 5/8/25]",S100B,S,1,1,0,1,1,1,NA,NA
Eucalyptus,rugosa,Eucalyptus rugosa,Mytraceae,Miscogastrinae sp. 1SA,NA,NA,NA,Pteromalidae,Miscogastrinae,NA,Insecta,Hymenoptera,1,SA,Cockaleechie,-34.17377,135.8267,10/9/2024,Sept,2024,"Prendergast, K.S. (2025). Insect visitors to canola fields and surrounding vegetation. GRDC Canola pollination project. Dataset. University of Southern Queensland, Toowoomba. [unpublished as of 5/8/25]",S100B,S,1,1,0,1,1,1,NA,NA
Acacia,gillii,Acacia gillii,Fabaceae,Nematocera sp.1SA,Nematocera,NA,NA,NA,NA,NA,Insecta,Diptera,1,SA,Cockaleechie,-34.17377,135.8267,10/9/2024,Sept,2024,"Prendergast, K.S. (2025). Insect visitors to canola fields and surrounding vegetation. GRDC Canola pollination project. Dataset. University of Southern Queensland, Toowoomba. [unpublished as of 5/8/25]",S100B,S,1,1,0,1,1,1,NA,NA
Brassica,napus,Brassica napus,Brassicaceae,Oestroidea sp.1SA,NA,NA,NA,NA,NA,NA,Insecta,Diptera,1,SA,Cockaleechie,-34.17377,135.8267,10/9/2024,Sept,2024,"Prendergast, K.S. (2025). Insect visitors to canola fields and surrounding vegetation. GRDC Canola pollination project. Dataset. University of Southern Queensland, Toowoomba. [unpublished as of 5/8/25]",S100B,S,1,1,0,1,1,1,NA,NA
Thomesia,petalocalyx,Thomesia petalocalyx,Malvaceae,Pyralidae sp.1SA,NA,NA,NA,Pyralidae,NA,NA,Insecta,Lepidoptera,1,SA,Cockaleechie,-34.17377,135.8267,10/9/2024,Sept,2024,"Prendergast, K.S. (2025). Insect visitors to canola fields and surrounding vegetation. GRDC Canola pollination project. Dataset. University of Southern Queensland, Toowoomba. [unpublished as of 5/8/25]",S100B,S,1,1,0,1,1,1,NA,NA
Brassica,napus,Brassica napus,Brassicaceae,Simosyrphus grandicornis,Simosyrphus,NA,grandicornis,Syrphidae,Syrphinae,NA,Insecta,Diptera,1,SA,Cockaleechie,-34.17377,135.8267,10/9/2024,Sept,2024,"Prendergast, K.S. (2025). Insect visitors to canola fields and surrounding vegetation. GRDC Canola pollination project. Dataset. University of Southern Queensland, Toowoomba. [unpublished as of 5/8/25]",S100B,S,1,1,0,1,1,1,NA,NA
Dampiera,rosmarifolia,Dampiera rosmarinifolia,Goodeniaceae,Trichocolletes tenuiculus,Trichocolletes,NA,tenuiculus,Colletidae,Neopasiphaeinae,NA,Insecta,Hymenoptera,1,SA,Cockaleechie,-34.17377,135.8267,10/9/2024,Sept,2024,"Prendergast, K.S. (2025). Insect visitors to canola fields and surrounding vegetation. GRDC Canola pollination project. Dataset. University of Southern Queensland, Toowoomba. [unpublished as of 5/8/25]",S100B,S,1,1,0,1,1,1,NA,NA
Daviesia,pectinata,Daviesia pectinata,Fabaceae,Trichocolletes tenuiculus,Trichocolletes,NA,tenuiculus,Colletidae,Neopasiphaeinae,NA,Insecta,Hymenoptera,1,SA,Cockaleechie,-34.17377,135.8267,10/9/2024,Sept,2024,"Prendergast, K.S. (2025). Insect visitors to canola fields and surrounding vegetation. GRDC Canola pollination project. Dataset. University of Southern Queensland, Toowoomba. [unpublished as of 5/8/25]",S100B,S,1,1,0,1,1,1,NA,NA
Adenanthos,teminalis,Adenanthos terminalis,Proteaceae,Apis mellifera,Apis,NA,mellifera,Apidae,Apinae,NA,Insecta,Hymenoptera,2,SA,Cummins,-34.2742171,135.6336667,11/9/2024,Sept,2024,"Prendergast, K.S. (2025). Insect visitors to canola fields and surrounding vegetation. GRDC Canola pollination project. Dataset. University of Southern Queensland, Toowoomba. [unpublished as of 5/8/25]",S100B,S,1,0,0,1,1,1,NA,NA
Brassica,napus,Brassica napus,Brassicaceae,Calliphora albifrontalis,Calliphora,NA,albifrontalis,Calliphoridae,Calliphorinae,NA,Insecta,Diptera,3,SA,Cummins,-34.2742171,135.6336667,11/9/2024,Sept,2024,"Prendergast, K.S. (2025). Insect visitors to canola fields and surrounding vegetation. GRDC Canola pollination project. Dataset. University of Southern Queensland, Toowoomba. [unpublished as of 5/8/25]",S100B,S,1,1,0,1,1,1,NA,NA
Brassica,napus,Brassica napus,Brassicaceae,Dusona? sp.1,Dusona?,NA,NA,Ichneumonidae,Campopleginae,NA,Insecta,Hymenoptera,1,SA,Cummins,-34.2742171,135.6336667,11/9/2024,Sept,2024,"Prendergast, K.S. (2025). Insect visitors to canola fields and surrounding vegetation. GRDC Canola pollination project. Dataset. University of Southern Queensland, Toowoomba. [unpublished as of 5/8/25]",S100B,S,1,1,0,1,1,1,NA,NA
Thomesia,petalocalyx,Thomesia petalocalyx,Malvaceae,Lasioglossum (Chilalictus) littleri?,Lasioglossum,Chilalictus,littleri?,Halictidae,Halictinae,NA,Insecta,Hymenoptera,1,SA,Cummins,-34.2742171,135.6336667,11/9/2024,Sept,2024,"Prendergast, K.S. (2025). Insect visitors to canola fields and surrounding vegetation. GRDC Canola pollination project. Dataset. University of Southern Queensland, Toowoomba. [unpublished as of 5/8/25]",S100B,S,1,1,0,1,1,1,NA,NA
Acacia,spinescens,Acacia spinescens,Fabaceae,Lasioglossum (Homalictus) cf. punctatum,NA,Homalictus,cf. punctatum,Halictidae,Halictinae,NA,Insecta,Hymenoptera,2,SA,Cummins,-34.2742171,135.6336667,11/9/2024,Sept,2024,"Prendergast, K.S. (2025). Insect visitors to canola fields and surrounding vegetation. GRDC Canola pollination project. Dataset. University of Southern Queensland, Toowoomba. [unpublished as of 5/8/25]",S100B,S,1,1,0,1,1,1,NA,NA
Eucalyptus,diversifolia,Eucalyptus diversifolia,Mytraceae,Lasioglossum (Homalictus) cf. punctatum,NA,Homalictus,cf. punctatum,Halictidae,Halictinae,NA,Insecta,Hymenoptera,2,SA,Cummins,-34.2742171,135.6336667,11/9/2024,Sept,2024,"Prendergast, K.S. (2025). Insect visitors to canola fields and surrounding vegetation. GRDC Canola pollination project. Dataset. University of Southern Queensland, Toowoomba. [unpublished as of 5/8/25]",S100B,S,1,1,0,1,1,1,NA,NA
Thomesia,petalocalyx,Thomesia petalocalyx,Malvaceae,Lasioglossum (Homalictus) cf. punctatum,NA,Homalictus,cf. punctatum,Halictidae,Halictinae,NA,Insecta,Hymenoptera,1,SA,Cummins,-34.2742171,135.6336667,11/9/2024,Sept,2024,"Prendergast, K.S. (2025). Insect visitors to canola fields and surrounding vegetation. GRDC Canola pollination project. Dataset. University of Southern Queensland, Toowoomba. [unpublished as of 5/8/25]",S100B,S,1,1,0,1,1,1,NA,NA
Thomesia,petalocalyx,Thomesia petalocalyx,Malvaceae,Leioproctus (Leioproctus) obscurus,Leioproctus,Leioproctus,obscurus,Colletidae,Neopasiphaeinae,NA,Insecta,Hymenoptera,4,SA,Cummins,-34.2742171,135.6336667,11/9/2024,Sept,2024,"Prendergast, K.S. (2025). Insect visitors to canola fields and surrounding vegetation. GRDC Canola pollination project. Dataset. University of Southern Queensland, Toowoomba. [unpublished as of 5/8/25]",S100B,S,1,1,0,1,1,1,NA,NA
Brassica,napus,Brassica napus,Brassicaceae,Leioproctus sp.1SA,Leioproctus,NA,NA,Colletidae,Neopasiphaeinae,NA,Insecta,Hymenoptera,5,SA,Cummins,-34.2742171,135.6336667,11/9/2024,Sept,2024,"Prendergast, K.S. (2025). Insect visitors to canola fields and surrounding vegetation. GRDC Canola pollination project. Dataset. University of Southern Queensland, Toowoomba. [unpublished as of 5/8/25]",S100B,S,1,1,0,1,1,1,NA,NA
Thomesia,petalocalyx,Thomesia petalocalyx,Malvaceae,Leioproctus sp.1SA,Leioproctus,NA,NA,Colletidae,Neopasiphaeinae,NA,Insecta,Hymenoptera,3,SA,Cummins,-34.2742171,135.6336667,11/9/2024,Sept,2024,"Prendergast, K.S. (2025). Insect visitors to canola fields and surrounding vegetation. GRDC Canola pollination project. Dataset. University of Southern Queensland, Toowoomba. [unpublished as of 5/8/25]",S100B,S,1,1,0,1,1,1,NA,NA
Brassica,napus,Brassica napus,Brassicaceae,Plusiinae sp.,NA,NA,NA,Pieridae,Pierinae,NA,Insecta,Lepidoptera,2,SA,Cummins,-34.2742171,135.6336667,11/9/2024,Sept,2024,"Prendergast, K.S. (2025). Insect visitors to canola fields and surrounding vegetation. GRDC Canola pollination project. Dataset. University of Southern Queensland, Toowoomba. [unpublished as of 5/8/25]",S100B,S,1,1,0,1,1,1,NA,NA
Acacia,spinescens,Acacia spinescens,Fabaceae,Podagritus sp.1SA,Podagritus,NA,NA,Crabronidae,Crabroninae,NA,Insecta,Hymenoptera,1,SA,Cummins,-34.2742171,135.6336667,11/9/2024,Sept,2024,"Prendergast, K.S. (2025). Insect visitors to canola fields and surrounding vegetation. GRDC Canola pollination project. Dataset. University of Southern Queensland, Toowoomba. [unpublished as of 5/8/25]",S100B,S,1,1,0,1,1,1,NA,NA
Brassica,napus,Brassica napus,Brassicaceae,Simosyrphus grandicornis,Simosyrphus,NA,grandicornis,Syrphidae,Syrphinae,NA,Insecta,Diptera,3,SA,Cummins,-34.2742171,135.6336667,11/9/2024,Sept,2024,"Prendergast, K.S. (2025). Insect visitors to canola fields and surrounding vegetation. GRDC Canola pollination project. Dataset. University of Southern Queensland, Toowoomba. [unpublished as of 5/8/25]",S100B,S,1,1,0,1,1,1,NA,NA
Thomesia,petalocalyx,Thomesia petalocalyx,Malvaceae,Simosyrphus grandicornis,Simosyrphus,NA,grandicornis,Syrphidae,Syrphinae,NA,Insecta,Diptera,1,SA,Cummins,-34.2742171,135.6336667,11/9/2024,Sept,2024,"Prendergast, K.S. (2025). Insect visitors to canola fields and surrounding vegetation. GRDC Canola pollination project. Dataset. University of Southern Queensland, Toowoomba. [unpublished as of 5/8/25]",S100B,S,1,1,0,1,1,1,NA,NA
Asphodelus,fistulosus,Asphodelus fistulosa,Asphodelaceae,Apis mellifera,Apis,NA,mellifera,Apidae,Apinae,NA,Insecta,Hymenoptera,1,SA,Cummins,-34.30753,135.6745,12/9/2024,Sept,2024,"Prendergast, K.S. (2025). Insect visitors to canola fields and surrounding vegetation. GRDC Canola pollination project. Dataset. University of Southern Queensland, Toowoomba. [unpublished as of 5/8/25]",S100B,S,1,0,0,1,1,1,NA,NA
Brassica,napus,Brassica napus,Brassicaceae,Apis mellifera,Apis,NA,mellifera,Apidae,Apinae,NA,Insecta,Hymenoptera,1,SA,Cummins,-34.30753,135.6745,12/9/2024,Sept,2024,"Prendergast, K.S. (2025). Insect visitors to canola fields and surrounding vegetation. GRDC Canola pollination project. Dataset. University of Southern Queensland, Toowoomba. [unpublished as of 5/8/25]",S100B,S,1,0,0,1,1,1,NA,NA
Dampiera,rosmarifolia,Dampiera rosmarinifolia,Goodeniaceae,Apis mellifera,Apis,NA,mellifera,Apidae,Apinae,NA,Insecta,Hymenoptera,1,SA,Cummins,-34.30753,135.6745,12/9/2024,Sept,2024,"Prendergast, K.S. (2025). Insect visitors to canola fields and surrounding vegetation. GRDC Canola pollination project. Dataset. University of Southern Queensland, Toowoomba. [unpublished as of 5/8/25]",S100B,S,1,0,0,1,1,1,NA,NA
Acacia,spinescens,Acacia spinescens,Fabaceae,Brachyhesma (Microhesma) cavagnari?,Brachyhesma,Microhesma,cavagnari?,Colletidae,Euryglossinae,NA,Insecta,Hymenoptera,1,SA,Cummins,-34.30753,135.6745,12/9/2024,Sept,2024,"Prendergast, K.S. (2025). Insect visitors to canola fields and surrounding vegetation. GRDC Canola pollination project. Dataset. University of Southern Queensland, Toowoomba. [unpublished as of 5/8/25]",S100B,S,1,1,0,1,1,1,NA,NA
Brassica,napus,Brassica napus,Brassicaceae,Calliphora albifrontalis,Calliphora,NA,albifrontalis,Calliphoridae,Calliphorinae,NA,Insecta,Diptera,4,SA,Cummins,-34.30753,135.6745,12/9/2024,Sept,2024,"Prendergast, K.S. (2025). Insect visitors to canola fields and surrounding vegetation. GRDC Canola pollination project. Dataset. University of Southern Queensland, Toowoomba. [unpublished as of 5/8/25]",S100B,S,1,1,0,1,1,1,NA,NA
Brassica,napus,Brassica napus,Brassicaceae,Desmometopa sp.1,Desmometopa,NA,NA,Milichiidae,Madizinae,NA,Insecta,Diptera,1,SA,Cummins,-34.30753,135.6745,12/9/2024,Sept,2024,"Prendergast, K.S. (2025). Insect visitors to canola fields and surrounding vegetation. GRDC Canola pollination project. Dataset. University of Southern Queensland, Toowoomba. [unpublished as of 5/8/25]",S100B,S,1,1,0,1,1,1,NA,NA
Acacia,spinescens,Acacia spinescens,Fabaceae,Euhesma sp.1SA,Euhesma,NA,NA,Colletidae,Euryglossinae,NA,Insecta,Hymenoptera,5,SA,Cummins,-34.30753,135.6745,12/9/2024,Sept,2024,"Prendergast, K.S. (2025). Insect visitors to canola fields and surrounding vegetation. GRDC Canola pollination project. Dataset. University of Southern Queensland, Toowoomba. [unpublished as of 5/8/25]",S100B,S,1,1,0,1,1,1,NA,NA
Eucalyptus,diversifolia,Eucalyptus diversifolia,Mytraceae,Euhesma sp.1SA,Euhesma,NA,NA,Colletidae,Euryglossinae,NA,Insecta,Hymenoptera,3,SA,Cummins,-34.30753,135.6745,12/9/2024,Sept,2024,"Prendergast, K.S. (2025). Insect visitors to canola fields and surrounding vegetation. GRDC Canola pollination project. Dataset. University of Southern Queensland, Toowoomba. [unpublished as of 5/8/25]",S100B,S,1,1,0,1,1,1,NA,NA
Grevillea,ilicifolia,Grevillea illicifolia,Proteaceae,Labium sp.1SA,Labium,NA,NA,Ichneumonidae,Labeninae,NA,Insecta,Hymenoptera,2,SA,Cummins,-34.30753,135.6745,12/9/2024,Sept,2024,"Prendergast, K.S. (2025). Insect visitors to canola fields and surrounding vegetation. GRDC Canola pollination project. Dataset. University of Southern Queensland, Toowoomba. [unpublished as of 5/8/25]",S100B,S,1,1,0,1,1,1,NA,NA
Dampiera,rosmarifolia,Dampiera rosmarinifolia,Goodeniaceae,Lasioglossum (Chilalictus) littleri?,Lasioglossum,Chilalictus,littleri?,Halictidae,Halictinae,NA,Insecta,Hymenoptera,1,SA,Cummins,-34.30753,135.6745,12/9/2024,Sept,2024,"Prendergast, K.S. (2025). Insect visitors to canola fields and surrounding vegetation. GRDC Canola pollination project. Dataset. University of Southern Queensland, Toowoomba. [unpublished as of 5/8/25]",S100B,S,1,1,0,1,1,1,NA,NA
Eucalyptus,diversifolia,Eucalyptus diversifolia,Mytraceae,Lasioglossum (Homalictus) cf. punctatum,NA,Homalictus,cf. punctatum,Halictidae,Halictinae,NA,Insecta,Hymenoptera,19,SA,Cummins,-34.30753,135.6745,12/9/2024,Sept,2024,"Prendergast, K.S. (2025). Insect visitors to canola fields and surrounding vegetation. GRDC Canola pollination project. Dataset. University of Southern Queensland, Toowoomba. [unpublished as of 5/8/25]",S100B,S,1,1,0,1,1,1,NA,NA
Thomasia,petalocalyx,Thomasia petalocalyx,Malvaceae,Leioproctus (Leioproctus) maculatus,Leioproctus,Leioproctus,maculatus,Colletidae,Neopasiphaeinae,NA,Insecta,Hymenoptera,2,SA,Cummins,-34.30753,135.6745,12/9/2024,Sept,2024,"Prendergast, K.S. (2025). Insect visitors to canola fields and surrounding vegetation. GRDC Canola pollination project. Dataset. University of Southern Queensland, Toowoomba. [unpublished as of 5/8/25]",S100B,S,1,1,0,1,1,1,NA,NA
Eucalyptus,diversifolia,Eucalyptus diversifolia,Mytraceae,Leioproctus (Leioproctus) maculatus?,Leioproctus,Leioproctus,maculatus?,Colletidae,Neopasiphaeinae,NA,Insecta,Hymenoptera,1,SA,Cummins,-34.30753,135.6745,12/9/2024,Sept,2024,"Prendergast, K.S. (2025). Insect visitors to canola fields and surrounding vegetation. GRDC Canola pollination project. Dataset. University of Southern Queensland, Toowoomba. [unpublished as of 5/8/25]",S100B,S,1,1,0,1,1,1,NA,NA
Acacia,spinescens,Acacia spinescens,Fabaceae,Microtropesa sinuata,Microtropesa,NA,sinuata,Tachinidae,Tachininae,NA,Insecta,Diptera,1,SA,Cummins,-34.30753,135.6745,12/9/2024,Sept,2024,"Prendergast, K.S. (2025). Insect visitors to canola fields and surrounding vegetation. GRDC Canola pollination project. Dataset. University of Southern Queensland, Toowoomba. [unpublished as of 5/8/25]",S100B,S,1,1,0,1,1,1,NA,NA
Dampiera,rosmarifolia,Dampiera rosmarinifolia,Goodeniaceae,Musca vetustissima,Musca,NA,vetustissima,Muscidae,Muscinae,NA,Insecta,Diptera,1,SA,Cummins,-34.30753,135.6745,12/9/2024,Sept,2024,"Prendergast, K.S. (2025). Insect visitors to canola fields and surrounding vegetation. GRDC Canola pollination project. Dataset. University of Southern Queensland, Toowoomba. [unpublished as of 5/8/25]",S100B,S,1,1,0,1,1,1,NA,NA
Brassica,napus,Brassica napus,Brassicaceae,Simosyrphus grandicornis,Simosyrphus,NA,grandicornis,Syrphidae,Syrphinae,NA,Insecta,Diptera,4,SA,Cummins,-34.30753,135.6745,12/9/2024,Sept,2024,"Prendergast, K.S. (2025). Insect visitors to canola fields and surrounding vegetation. GRDC Canola pollination project. Dataset. University of Southern Queensland, Toowoomba. [unpublished as of 5/8/25]",S100B,S,1,1,0,1,1,1,NA,NA
Acacia,spinescens,Acacia spinescens,Fabaceae,Tiphiidae sp.6SA,NA,NA,NA,Tiphiidae,NA,NA,Insecta,Hymenoptera,1,SA,Cummins,-34.30753,135.6745,12/9/2024,Sept,2024,"Prendergast, K.S. (2025). Insect visitors to canola fields and surrounding vegetation. GRDC Canola pollination project. Dataset. University of Southern Queensland, Toowoomba. [unpublished as of 5/8/25]",S100B,S,1,1,0,1,1,1,NA,NA
Thomasia,petalocalyx,Thomasia petalocalyx,Malvaceae,Tiphiidae sp.6SA,NA,NA,NA,Tiphiidae,NA,NA,Insecta,Hymenoptera,4,SA,Cummins,-34.30753,135.6745,12/9/2024,Sept,2024,"Prendergast, K.S. (2025). Insect visitors to canola fields and surrounding vegetation. GRDC Canola pollination project. Dataset. University of Southern Queensland, Toowoomba. [unpublished as of 5/8/25]",S100B,S,1,1,0,1,1,1,NA,NA
Dampiera,rosmarifolia,Dampiera rosmarinifolia,Goodeniaceae,Trichocolletes tenuiculus,Trichocolletes,NA,tenuiculus,Colletidae,Neopasiphaeinae,NA,Insecta,Hymenoptera,1,SA,Cummins,-34.30753,135.6745,12/9/2024,Sept,2024,"Prendergast, K.S. (2025). Insect visitors to canola fields and surrounding vegetation. GRDC Canola pollination project. Dataset. University of Southern Queensland, Toowoomba. [unpublished as of 5/8/25]",S100B,S,1,1,0,1,1,1,NA,NA
Brassica,napus,Brassica napus,Brassicaceae,Apis mellifera,Apis,NA,mellifera,Apidae,Apinae,NA,Insecta,Hymenoptera,25,SA,Karkoo,-33.990923,135.724774,13/9/2024,Sept,2024,"Prendergast, K.S. (2025). Insect visitors to canola fields and surrounding vegetation. GRDC Canola pollination project. Dataset. University of Southern Queensland, Toowoomba. [unpublished as of 5/8/25]",S100B,S,1,0,0,1,1,1,NA,NA
Calytrix,tetrgona,Calytrix tetragona,Mytraceae,Apis mellifera,Apis,NA,mellifera,Apidae,Apinae,NA,Insecta,Hymenoptera,4,SA,Karkoo,-33.990923,135.724774,13/9/2024,Sept,2024,"Prendergast, K.S. (2025). Insect visitors to canola fields and surrounding vegetation. GRDC Canola pollination project. Dataset. University of Southern Queensland, Toowoomba. [unpublished as of 5/8/25]",S100B,S,1,0,0,1,1,1,NA,NA
Eucalyptus,angulosa,Eucalyptus angulosa,Mytraceae,Apis mellifera,Apis,NA,mellifera,Apidae,Apinae,NA,Insecta,Hymenoptera,1,SA,Karkoo,-33.990923,135.724774,13/9/2024,Sept,2024,"Prendergast, K.S. (2025). Insect visitors to canola fields and surrounding vegetation. GRDC Canola pollination project. Dataset. University of Southern Queensland, Toowoomba. [unpublished as of 5/8/25]",S100B,S,1,0,0,1,1,1,NA,NA
Roepera,billadierei,Roepera billardierei,Zygophyllaceae,Apis mellifera,Apis,NA,mellifera,Apidae,Apinae,NA,Insecta,Hymenoptera,1,SA,Karkoo,-33.990923,135.724774,13/9/2024,Sept,2024,"Prendergast, K.S. (2025). Insect visitors to canola fields and surrounding vegetation. GRDC Canola pollination project. Dataset. University of Southern Queensland, Toowoomba. [unpublished as of 5/8/25]",S100B,S,1,0,0,1,1,1,NA,NA
Thomesia,petalocalyx,Thomesia petalocalyx,Malvaceae,Apis mellifera,Apis,NA,mellifera,Apidae,Apinae,NA,Insecta,Hymenoptera,1,SA,Karkoo,-33.990923,135.724774,13/9/2024,Sept,2024,"Prendergast, K.S. (2025). Insect visitors to canola fields and surrounding vegetation. GRDC Canola pollination project. Dataset. University of Southern Queensland, Toowoomba. [unpublished as of 5/8/25]",S100B,S,1,0,0,1,1,1,NA,NA
Spyridium,bifidum,Spyridium bifidum,Rhamnaceae,Biblionidae sp.1,NA,NA,NA,Biblionidae,NA,NA,Insecta,Diptera,1,SA,Karkoo,-33.990923,135.724774,13/9/2024,Sept,2024,"Prendergast, K.S. (2025). Insect visitors to canola fields and surrounding vegetation. GRDC Canola pollination project. Dataset. University of Southern Queensland, Toowoomba. [unpublished as of 5/8/25]",S100B,S,1,1,0,1,1,1,NA,NA
Daviesia,devito,Daviesia devito,Fabaceae,Calliphora vicina,Calliphora,NA,vicina,Calliphoridae,Calliphorinae,NA,Insecta,Diptera,1,SA,Karkoo,-33.990923,135.724774,13/9/2024,Sept,2024,"Prendergast, K.S. (2025). Insect visitors to canola fields and surrounding vegetation. GRDC Canola pollination project. Dataset. University of Southern Queensland, Toowoomba. [unpublished as of 5/8/25]",S100B,S,1,1,0,1,1,1,NA,NA
Brassica,napus,Brassica napus,Brassicaceae,Calliphoridae sp.1,NA,NA,NA,Calliphoridae,NA,NA,Insecta,Diptera,1,SA,Karkoo,-33.990923,135.724774,13/9/2024,Sept,2024,"Prendergast, K.S. (2025). Insect visitors to canola fields and surrounding vegetation. GRDC Canola pollination project. Dataset. University of Southern Queensland, Toowoomba. [unpublished as of 5/8/25]",S100B,S,1,1,0,1,1,1,NA,NA
Dampiera,rosmarifolia,Dampiera rosmarinifolia,Goodeniaceae,Junonia villida,Junonia,NA,villida,Nymphalidae,Nymphalinae,NA,Insecta,Lepidoptera,1,SA,Karkoo,-33.990923,135.724774,13/9/2024,Sept,2024,"Prendergast, K.S. (2025). Insect visitors to canola fields and surrounding vegetation. GRDC Canola pollination project. Dataset. University of Southern Queensland, Toowoomba. [unpublished as of 5/8/25]",S100B,S,1,1,0,1,1,1,NA,NA
Daviesia,devito,Daviesia devito,Fabaceae,Labium sp.1SA,Labium,NA,NA,Ichneumonidae,Labeninae,NA,Insecta,Hymenoptera,1,SA,Karkoo,-33.990923,135.724774,13/9/2024,Sept,2024,"Prendergast, K.S. (2025). Insect visitors to canola fields and surrounding vegetation. GRDC Canola pollination project. Dataset. University of Southern Queensland, Toowoomba. [unpublished as of 5/8/25]",S100B,S,1,1,0,1,1,1,NA,NA
Daviesia,brevifolia,Daviesia brevifolia,Fabaceae,Lasioglossum (Chilalictus) littleri?,Lasioglossum,Chilalictus,littleri?,Halictidae,Halictinae,NA,Insecta,Hymenoptera,1,SA,Karkoo,-33.990923,135.724774,13/9/2024,Sept,2024,"Prendergast, K.S. (2025). Insect visitors to canola fields and surrounding vegetation. GRDC Canola pollination project. Dataset. University of Southern Queensland, Toowoomba. [unpublished as of 5/8/25]",S100B,S,1,1,0,1,1,1,NA,NA
Boronia,caerulescens,Boronia caerulescens,Rutaceae,Lasioglossum (Chilalictus) repraesentans,Lasioglossum,Chilalictus,repraesentans,Halictidae,Halictinae,NA,Insecta,Hymenoptera,1,SA,Karkoo,-33.990923,135.724774,13/9/2024,Sept,2024,"Prendergast, K.S. (2025). Insect visitors to canola fields and surrounding vegetation. GRDC Canola pollination project. Dataset. University of Southern Queensland, Toowoomba. [unpublished as of 5/8/25]",S100B,S,1,1,0,1,1,1,NA,NA
Daviesia,devito,Daviesia devito,Fabaceae,Leioproctus (Leioproctus) obscurus?,Leioproctus,Leioproctus,obscurus?,Colletidae,Neopasiphaeinae,NA,Insecta,Hymenoptera,3,SA,Karkoo,-33.990923,135.724774,13/9/2024,Sept,2024,"Prendergast, K.S. (2025). Insect visitors to canola fields and surrounding vegetation. GRDC Canola pollination project. Dataset. University of Southern Queensland, Toowoomba. [unpublished as of 5/8/25]",S100B,S,1,1,0,1,1,1,NA,NA
Daviesia,devito,Daviesia devito,Fabaceae,Metapelma sp.1,Metapelma,NA,NA,Eupelmidae,Neanastatinae,NA,Insecta,Hymenoptera,1,SA,Karkoo,-33.990923,135.724774,13/9/2024,Sept,2024,"Prendergast, K.S. (2025). Insect visitors to canola fields and surrounding vegetation. GRDC Canola pollination project. Dataset. University of Southern Queensland, Toowoomba. [unpublished as of 5/8/25]",S100B,S,1,1,0,1,1,1,NA,NA
Brassica,napus,Brassica napus,Brassicaceae,Microgastrinae? Sp.1,NA,NA,NA,Braconidae,Microgastrinae,NA,Insecta,Hymenoptera,1,SA,Karkoo,-33.990923,135.724774,13/9/2024,Sept,2024,"Prendergast, K.S. (2025). Insect visitors to canola fields and surrounding vegetation. GRDC Canola pollination project. Dataset. University of Southern Queensland, Toowoomba. [unpublished as of 5/8/25]",S100B,S,1,1,0,1,1,1,NA,NA
Calytrix,tetragona,Calytrix tetragona,Mytraceae,Nacaduba biocellata,Nacaduba,NA,biocellata,Lycaenidae,Polyommatinae,NA,Insecta,Lepidoptera,1,SA,Karkoo,-33.990923,135.724774,13/9/2024,Sept,2024,"Prendergast, K.S. (2025). Insect visitors to canola fields and surrounding vegetation. GRDC Canola pollination project. Dataset. University of Southern Queensland, Toowoomba. [unpublished as of 5/8/25]",S100B,S,1,1,0,1,1,1,NA,NA
Brassica,napus,Brassica napus,Brassicaceae,Pieris rapae,Pieris,NA,rapae,Pieridae,Pierinae,NA,Insecta,Lepidoptera,2,SA,Karkoo,-33.990923,135.724774,13/9/2024,Sept,2024,"Prendergast, K.S. (2025). Insect visitors to canola fields and surrounding vegetation. GRDC Canola pollination project. Dataset. University of Southern Queensland, Toowoomba. [unpublished as of 5/8/25]",S100B,S,1,1,0,1,1,1,NA,NA
Brassica,napus,Brassica napus,Brassicaceae,Plutella xylostella,Plutella,NA,xylostella,Plutellidae,Plutellinae,NA,Insecta,Lepidoptera,2,SA,Karkoo,-33.990923,135.724774,13/9/2024,Sept,2024,"Prendergast, K.S. (2025). Insect visitors to canola fields and surrounding vegetation. GRDC Canola pollination project. Dataset. University of Southern Queensland, Toowoomba. [unpublished as of 5/8/25]",S100B,S,1,1,0,1,1,1,NA,NA
Brassica,napus,Brassica napus,Brassicaceae,Pteromalidae sp.1,NA,NA,NA,Pteromalidae,NA,NA,Insecta,Hymenoptera,2,SA,Karkoo,-33.990923,135.724774,13/9/2024,Sept,2024,"Prendergast, K.S. (2025). Insect visitors to canola fields and surrounding vegetation. GRDC Canola pollination project. Dataset. University of Southern Queensland, Toowoomba. [unpublished as of 5/8/25]",S100B,S,1,1,0,1,1,1,NA,NA
Brassica,napus,Brassica napus,Brassicaceae,Simosyrphus grandicornis,Simosyrphus,NA,grandicornis,Syrphidae,Syrphinae,NA,Insecta,Diptera,2,SA,Karkoo,-33.990923,135.724774,13/9/2024,Sept,2024,"Prendergast, K.S. (2025). Insect visitors to canola fields and surrounding vegetation. GRDC Canola pollination project. Dataset. University of Southern Queensland, Toowoomba. [unpublished as of 5/8/25]",S100B,S,1,1,0,1,1,1,NA,NA
Daviesia,brevifolia,Daviesia brevifolia,Fabaceae,Trichocolletes tenuiculus,Trichocolletes,NA,tenuiculus,Colletidae,Neopasiphaeinae,NA,Insecta,Hymenoptera,1,SA,Karkoo,-33.990923,135.724774,13/9/2024,Sept,2024,"Prendergast, K.S. (2025). Insect visitors to canola fields and surrounding vegetation. GRDC Canola pollination project. Dataset. University of Southern Queensland, Toowoomba. [unpublished as of 5/8/25]",S100B,S,1,1,0,1,1,1,NA,NA
Daviesia,devito,Daviesia devito,Fabaceae,Trichocolletes tenuiculus,Trichocolletes,NA,tenuiculus,Colletidae,Neopasiphaeinae,NA,Insecta,Hymenoptera,5,SA,Karkoo,-33.990923,135.724774,13/9/2024,Sept,2024,"Prendergast, K.S. (2025). Insect visitors to canola fields and surrounding vegetation. GRDC Canola pollination project. Dataset. University of Southern Queensland, Toowoomba. [unpublished as of 5/8/25]",S100B,S,1,1,0,1,1,1,NA,NA
Daviesia,pectinata,Daviesia pectinata,Fabaceae,Trichocolletes tenuiculus,Trichocolletes,NA,tenuiculus,Colletidae,Neopasiphaeinae,NA,Insecta,Hymenoptera,1,SA,Karkoo,-33.990923,135.724774,13/9/2024,Sept,2024,"Prendergast, K.S. (2025). Insect visitors to canola fields and surrounding vegetation. GRDC Canola pollination project. Dataset. University of Southern Queensland, Toowoomba. [unpublished as of 5/8/25]",S100B,S,1,1,0,1,1,1,NA,NA
Brassica,napus,Brassica napus,Brassicaceae,Apis mellifera,Apis,NA,mellifera,Apidae,Apinae,NA,Insecta,Hymenoptera,1,SA,Ungarra,-34.2021083,135.9911761,16/9/2024,Sept,2024,"Prendergast, K.S. (2025). Insect visitors to canola fields and surrounding vegetation. GRDC Canola pollination project. Dataset. University of Southern Queensland, Toowoomba. [unpublished as of 5/8/25]",S100B,S,1,0,0,1,1,1,NA,NA
Brassica,napus,Brassica napus,Brassicaceae,Calliphoridae sp.1,NA,NA,NA,Calliphoridae,NA,NA,Insecta,Diptera,1,SA,Ungarra,-34.2021083,135.9911761,16/9/2024,Sept,2024,"Prendergast, K.S. (2025). Insect visitors to canola fields and surrounding vegetation. GRDC Canola pollination project. Dataset. University of Southern Queensland, Toowoomba. [unpublished as of 5/8/25]",S100B,S,1,1,0,1,1,1,NA,NA
Brassica,napus,Brassica napus,Brassicaceae,Melangyna viridiceps,Melangyna,NA,viridiceps,Syrphidae,Syrphinae,NA,Insecta,Diptera,2,SA,Ungarra,-34.2021083,135.9911761,16/9/2024,Sept,2024,"Prendergast, K.S. (2025). Insect visitors to canola fields and surrounding vegetation. GRDC Canola pollination project. Dataset. University of Southern Queensland, Toowoomba. [unpublished as of 5/8/25]",S100B,S,1,1,0,1,1,1,NA,NA
Brassica,napus,Brassica napus,Brassicaceae,Pieris rapae,Pieris,NA,rapae,Pieridae,Pierinae,NA,Insecta,Lepidoptera,1,SA,Ungarra,-34.2021083,135.9911761,16/9/2024,Sept,2024,"Prendergast, K.S. (2025). Insect visitors to canola fields and surrounding vegetation. GRDC Canola pollination project. Dataset. University of Southern Queensland, Toowoomba. [unpublished as of 5/8/25]",S100B,S,1,1,0,1,1,1,NA,NA
Brassica,napus,Brassica napus,Brassicaceae,Polistes dominula,Polistes,NA,dominula,Vespidae,Polistinae,NA,Insecta,Hymenoptera,2,SA,Ungarra,-34.2021083,135.9911761,16/9/2024,Sept,2024,"Prendergast, K.S. (2025). Insect visitors to canola fields and surrounding vegetation. GRDC Canola pollination project. Dataset. University of Southern Queensland, Toowoomba. [unpublished as of 5/8/25]",S100B,S,1,1,0,1,1,1,NA,NA
Brassica,napus,Brassica napus,Brassicaceae,Apis mellifera,Apis,NA,mellifera,Apidae,Apinae,NA,Insecta,Hymenoptera,4,SA,Yeelanna,-34.15638889,135.7327778,17/9/2024,Sept,2024,"Prendergast, K.S. (2025). Insect visitors to canola fields and surrounding vegetation. GRDC Canola pollination project. Dataset. University of Southern Queensland, Toowoomba. [unpublished as of 5/8/25]",S100B,S,1,0,0,1,1,1,NA,NA
Brassica,napus,Brassica napus,Brassicaceae,Calliphoridae sp.1,NA,NA,NA,Calliphoridae,NA,NA,Insecta,Diptera,1,SA,Karkoo,-33.990923,135.724774,17/9/2024,Sept,2024,"Prendergast, K.S. (2025). Insect visitors to canola fields and surrounding vegetation. GRDC Canola pollination project. Dataset. University of Southern Queensland, Toowoomba. [unpublished as of 5/8/25]",S100B,S,1,1,0,1,1,1,NA,NA
Brassica,napus,Brassica napus,Brassicaceae,Calliphoridae sp.1,NA,NA,NA,Calliphoridae,NA,NA,Insecta,Diptera,1,SA,Yeelanna,-34.15638889,135.7327778,17/9/2024,Sept,2024,"Prendergast, K.S. (2025). Insect visitors to canola fields and surrounding vegetation. GRDC Canola pollination project. Dataset. University of Southern Queensland, Toowoomba. [unpublished as of 5/8/25]",S100B,S,1,1,0,1,1,1,NA,NA
Melaleuca,lanceolata,Melaleuca lanceolata,Mytraceae,Chalcidoidea sp.1,NA,NA,NA,NA,NA,NA,Insecta,Hymenoptera,1,SA,Karkoo,-33.990923,135.724774,17/9/2024,Sept,2024,"Prendergast, K.S. (2025). Insect visitors to canola fields and surrounding vegetation. GRDC Canola pollination project. Dataset. University of Southern Queensland, Toowoomba. [unpublished as of 5/8/25]",S100B,S,1,1,0,1,1,1,NA,NA
Thomasia,petalocalyx,Thomasia petalocalyx,Malvaceae,Ectinorhynchus variabilis?,Ectinorhynchus,NA,NA,Therevidae,Agapophytinae,NA,Insecta,Diptera,1,SA,Yeelanna,-34.15638889,135.7327778,17/9/2024,Sept,2024,"Prendergast, K.S. (2025). Insect visitors to canola fields and surrounding vegetation. GRDC Canola pollination project. Dataset. University of Southern Queensland, Toowoomba. [unpublished as of 5/8/25]",S100B,S,1,1,0,1,1,1,NA,NA
Melaleuca,lanceolata,Melaleuca lanceolata,Mytraceae,Exoneura (Brevineura) minutissima,Exoneura,Brevineura,minutissima,Apidae,Xylocopinae,NA,Insecta,Hymenoptera,1,SA,Karkoo,-33.990923,135.724774,17/9/2024,Sept,2024,"Prendergast, K.S. (2025). Insect visitors to canola fields and surrounding vegetation. GRDC Canola pollination project. Dataset. University of Southern Queensland, Toowoomba. [unpublished as of 5/8/25]",S100B,S,1,1,0,1,1,1,NA,NA
Melaleuca,lanceolata,Melaleuca lanceolata,Mytraceae,Lasioglossum (Chilalictus) repraesentans,Lasioglossum,Chilalictus,repraesentans,Halictidae,Halictinae,NA,Insecta,Hymenoptera,1,SA,Karkoo,-33.990923,135.724774,17/9/2024,Sept,2024,"Prendergast, K.S. (2025). Insect visitors to canola fields and surrounding vegetation. GRDC Canola pollination project. Dataset. University of Southern Queensland, Toowoomba. [unpublished as of 5/8/25]",S100B,S,1,1,0,1,1,1,NA,NA
Melaleuca,lanceolata,Melaleuca lanceolata,Mytraceae,Lasioglossum (Homalictus) cf. punctatum,NA,Homalictus,cf. punctatum,Halictidae,Halictinae,NA,Insecta,Hymenoptera,13,SA,Karkoo,-33.990923,135.724774,17/9/2024,Sept,2024,"Prendergast, K.S. (2025). Insect visitors to canola fields and surrounding vegetation. GRDC Canola pollination project. Dataset. University of Southern Queensland, Toowoomba. [unpublished as of 5/8/25]",S100B,S,1,1,0,1,1,1,NA,NA
Thomasia,petalocalyx,Thomasia petalocalyx,Malvaceae,Lasioglossum (Homalictus) cf. punctatum,NA,Homalictus,cf. punctatum,Halictidae,Halictinae,NA,Insecta,Hymenoptera,1,SA,Yeelanna,-34.15638889,135.7327778,17/9/2024,Sept,2024,"Prendergast, K.S. (2025). Insect visitors to canola fields and surrounding vegetation. GRDC Canola pollination project. Dataset. University of Southern Queensland, Toowoomba. [unpublished as of 5/8/25]",S100B,S,1,1,0,1,1,1,NA,NA
Thomasia,petalocalyx,Thomasia petalocalyx,Malvaceae,Leioproctus (Leioproctus) maculatus,Leioproctus,Leioproctus,maculatus,Colletidae,Neopasiphaeinae,NA,Insecta,Hymenoptera,1,SA,Yeelanna,-34.15638889,135.7327778,17/9/2024,Sept,2024,"Prendergast, K.S. (2025). Insect visitors to canola fields and surrounding vegetation. GRDC Canola pollination project. Dataset. University of Southern Queensland, Toowoomba. [unpublished as of 5/8/25]",S100B,S,1,1,0,1,1,1,NA,NA
Brassica,napus,Brassica napus,Brassicaceae,Melangyna viridiceps,Melangyna,NA,viridiceps,Syrphidae,Syrphinae,NA,Insecta,Diptera,2,SA,Yeelanna,-34.15638889,135.7327778,17/9/2024,Sept,2024,"Prendergast, K.S. (2025). Insect visitors to canola fields and surrounding vegetation. GRDC Canola pollination project. Dataset. University of Southern Queensland, Toowoomba. [unpublished as of 5/8/25]",S100B,S,1,1,0,1,1,1,NA,NA
Brassica,napus,Brassica napus,Brassicaceae,Pieris rapae,Pieris,NA,rapae,Pieridae,Pierinae,NA,Insecta,Lepidoptera,1,SA,Yeelanna,-34.15638889,135.7327778,17/9/2024,Sept,2024,"Prendergast, K.S. (2025). Insect visitors to canola fields and surrounding vegetation. GRDC Canola pollination project. Dataset. University of Southern Queensland, Toowoomba. [unpublished as of 5/8/25]",S100B,S,1,1,0,1,1,1,NA,NA
Brassica,napus,Brassica napus,Brassicaceae,Plutella xylostella,Plutella,NA,xylostella,Plutellidae,Plutellinae,NA,Insecta,Lepidoptera,1,SA,Yeelanna,-34.15638889,135.7327778,17/9/2024,Sept,2024,"Prendergast, K.S. (2025). Insect visitors to canola fields and surrounding vegetation. GRDC Canola pollination project. Dataset. University of Southern Queensland, Toowoomba. [unpublished as of 5/8/25]",S100B,S,1,1,0,1,1,1,NA,NA
Brassica,napus,Brassica napus,Brassicaceae,Simosyrphus grandicornis,Simosyrphus,NA,grandicornis,Syrphidae,Syrphinae,NA,Insecta,Diptera,1,SA,Yeelanna,-34.15638889,135.7327778,17/9/2024,Sept,2024,"Prendergast, K.S. (2025). Insect visitors to canola fields and surrounding vegetation. GRDC Canola pollination project. Dataset. University of Southern Queensland, Toowoomba. [unpublished as of 5/8/25]",S100B,S,1,1,0,1,1,1,NA,NA
Daviesia,pectinata,Daviesia pectinata,Fabaceae,Trichocolletes tenuiculus,Trichocolletes,NA,tenuiculus,Colletidae,Neopasiphaeinae,NA,Insecta,Hymenoptera,1,SA,Yeelanna,-34.15638889,135.7327778,17/9/2024,Sept,2024,"Prendergast, K.S. (2025). Insect visitors to canola fields and surrounding vegetation. GRDC Canola pollination project. Dataset. University of Southern Queensland, Toowoomba. [unpublished as of 5/8/25]",S100B,S,1,1,0,1,1,1,NA,NA
Brassica,napus,Brassica napus,Brassicaceae,Aphidiinae sp.1,NA,NA,NA,Sclerogibbidae,Aphidiinae,NA,Insecta,Hymenoptera,2,SA,Yeelanna,-34.1526001,135.6258572,18/9/2024,Sept,2024,"Prendergast, K.S. (2025). Insect visitors to canola fields and surrounding vegetation. GRDC Canola pollination project. Dataset. University of Southern Queensland, Toowoomba. [unpublished as of 5/8/25]",S100B,S,1,1,0,1,1,1,NA,NA
Brassica,napus,Brassica napus,Brassicaceae,Apis mellifera,Apis,NA,mellifera,Apidae,Apinae,NA,Insecta,Hymenoptera,1,SA,Yeelanna,-34.1526001,135.6258572,18/9/2024,Sept,2024,"Prendergast, K.S. (2025). Insect visitors to canola fields and surrounding vegetation. GRDC Canola pollination project. Dataset. University of Southern Queensland, Toowoomba. [unpublished as of 5/8/25]",S100B,S,1,0,0,1,1,1,NA,NA
Dampiera,rosmarifolia,Dampiera rosmarinifolia,Goodeniaceae,Apis mellifera,Apis,NA,mellifera,Apidae,Apinae,NA,Insecta,Hymenoptera,3,SA,Yeelanna,-34.1526001,135.6258572,18/9/2024,Sept,2024,"Prendergast, K.S. (2025). Insect visitors to canola fields and surrounding vegetation. GRDC Canola pollination project. Dataset. University of Southern Queensland, Toowoomba. [unpublished as of 5/8/25]",S100B,S,1,0,0,1,1,1,NA,NA
Grevillea,ilicifolia,Grevillea illicifolia,Proteaceae,Apis mellifera,Apis,NA,mellifera,Apidae,Apinae,NA,Insecta,Hymenoptera,2,SA,Yeelanna,-34.1526001,135.6258572,18/9/2024,Sept,2024,"Prendergast, K.S. (2025). Insect visitors to canola fields and surrounding vegetation. GRDC Canola pollination project. Dataset. University of Southern Queensland, Toowoomba. [unpublished as of 5/8/25]",S100B,S,1,0,0,1,1,1,NA,NA
Spyridium,bifidum,Spyridium bifidum,Rhamnaceae,Bethylidae sp.3SA,NA,NA,NA,Bethylidae,NA,NA,Insecta,Hymenoptera,1,SA,Yeelanna,-34.1526001,135.6258572,18/9/2024,Sept,2024,"Prendergast, K.S. (2025). Insect visitors to canola fields and surrounding vegetation. GRDC Canola pollination project. Dataset. University of Southern Queensland, Toowoomba. [unpublished as of 5/8/25]",S100B,S,1,1,0,1,1,1,NA,NA
Asphodelus,fistulosus,Asphodelus fistulosus,Asphodelaceae,Eulophidae sp.1SA,NA,NA,NA,Eulophidae,NA,NA,Insecta,Hymenoptera,1,SA,Yeelanna,-34.1526001,135.6258572,18/9/2024,Sept,2024,"Prendergast, K.S. (2025). Insect visitors to canola fields and surrounding vegetation. GRDC Canola pollination project. Dataset. University of Southern Queensland, Toowoomba. [unpublished as of 5/8/25]",S100B,S,1,1,0,1,1,1,NA,NA
Eucalyptus,diversifolia,Eucalyptus diversifolia,Mytraceae,"Hylaeus (Prosopisteron) ""bicurcatus""",Hylaeus,Prosopisteron,"""bicurcatus""",Colletidae,Hylaeinae,NA,Insecta,Hymenoptera,1,SA,Yeelanna,-34.1526001,135.6258572,18/9/2024,Sept,2024,"Prendergast, K.S. (2025). Insect visitors to canola fields and surrounding vegetation. GRDC Canola pollination project. Dataset. University of Southern Queensland, Toowoomba. [unpublished as of 5/8/25]",S100B,S,1,1,0,1,1,1,NA,NA
Asphodelus,fistulosus,Asphodelus fistulosus,Asphodelaceae,Hylaeus (Prosopisteron) sp.1SA,Hylaeus,Prosopisteron,NA,Colletidae,Hylaeinae,NA,Insecta,Hymenoptera,1,SA,Yeelanna,-34.1526001,135.6258572,18/9/2024,Sept,2024,"Prendergast, K.S. (2025). Insect visitors to canola fields and surrounding vegetation. GRDC Canola pollination project. Dataset. University of Southern Queensland, Toowoomba. [unpublished as of 5/8/25]",S100B,S,1,1,0,1,1,1,NA,NA
Eucalyptus,diversifolia,Eucalyptus diversifolia,Mytraceae,Hylaeus (Prosopisteron) sp.1SA,Hylaeus,Prosopisteron,NA,Colletidae,Hylaeinae,NA,Insecta,Hymenoptera,1,SA,Yeelanna,-34.1526001,135.6258572,18/9/2024,Sept,2024,"Prendergast, K.S. (2025). Insect visitors to canola fields and surrounding vegetation. GRDC Canola pollination project. Dataset. University of Southern Queensland, Toowoomba. [unpublished as of 5/8/25]",S100B,S,1,1,0,1,1,1,NA,NA
Thomesia,petalocalyx,Thomesia petalocalyx,Malvaceae,Lasioglossum (Chilalictus) erythrurum,Lasioglossum,Chilalictus,erythrurum,Halictidae,Halictinae,NA,Insecta,Hymenoptera,2,SA,Yeelanna,-34.1526001,135.6258572,18/9/2024,Sept,2024,"Prendergast, K.S. (2025). Insect visitors to canola fields and surrounding vegetation. GRDC Canola pollination project. Dataset. University of Southern Queensland, Toowoomba. [unpublished as of 5/8/25]",S100B,S,1,1,0,1,1,1,NA,NA
Eucalyptus,diversifolia,Eucalyptus diversifolia,Mytraceae,Lasioglossum (Homalictus) cf. punctatum,NA,Homalictus,cf. punctatum,Halictidae,Halictinae,NA,Insecta,Hymenoptera,1,SA,Yeelanna,-34.1526001,135.6258572,18/9/2024,Sept,2024,"Prendergast, K.S. (2025). Insect visitors to canola fields and surrounding vegetation. GRDC Canola pollination project. Dataset. University of Southern Queensland, Toowoomba. [unpublished as of 5/8/25]",S100B,S,1,1,0,1,1,1,NA,NA
Spyridium,bifidum,Spyridium bifidum,Rhamnaceae,Lasioglossum (Homalictus) cf. punctatum,NA,Homalictus,cf. punctatum,Halictidae,Halictinae,NA,Insecta,Hymenoptera,1,SA,Yeelanna,-34.1526001,135.6258572,18/9/2024,Sept,2024,"Prendergast, K.S. (2025). Insect visitors to canola fields and surrounding vegetation. GRDC Canola pollination project. Dataset. University of Southern Queensland, Toowoomba. [unpublished as of 5/8/25]",S100B,S,1,1,0,1,1,1,NA,NA
Thomesia,petalocalyx,Thomesia petalocalyx,Malvaceae,Lasioglossum (Homalictus) cf. punctatum,NA,Homalictus,cf. punctatum,Halictidae,Halictinae,NA,Insecta,Hymenoptera,1,SA,Yeelanna,-34.1526001,135.6258572,18/9/2024,Sept,2024,"Prendergast, K.S. (2025). Insect visitors to canola fields and surrounding vegetation. GRDC Canola pollination project. Dataset. University of Southern Queensland, Toowoomba. [unpublished as of 5/8/25]",S100B,S,1,1,0,1,1,1,NA,NA
Thryptomene,mcrocantha,Thryptomene microcantha,Myrtaceae,Musca vetustissima,Musca,NA,vetustissima,Muscidae,Muscinae,NA,Insecta,Diptera,1,SA,Yeelanna,-34.1526001,135.6258572,18/9/2024,Sept,2024,"Prendergast, K.S. (2025). Insect visitors to canola fields and surrounding vegetation. GRDC Canola pollination project. Dataset. University of Southern Queensland, Toowoomba. [unpublished as of 5/8/25]",S100B,S,1,1,0,1,1,1,NA,NA
Brassica,napus,Brassica napus,Brassicaceae,Nematocera sp.1SA,Nematocera,NA,NA,NA,NA,NA,Insecta,Diptera,1,SA,Yeelanna,-34.1526001,135.6258572,18/9/2024,Sept,2024,"Prendergast, K.S. (2025). Insect visitors to canola fields and surrounding vegetation. GRDC Canola pollination project. Dataset. University of Southern Queensland, Toowoomba. [unpublished as of 5/8/25]",S100B,S,1,1,0,1,1,1,NA,NA
Brassica,napus,Brassica napus,Brassicaceae,Simosyrphus grandicornis,Simosyrphus,NA,grandicornis,Syrphidae,Syrphinae,NA,Insecta,Diptera,8,SA,Yeelanna,-34.1526001,135.6258572,18/9/2024,Sept,2024,"Prendergast, K.S. (2025). Insect visitors to canola fields and surrounding vegetation. GRDC Canola pollination project. Dataset. University of Southern Queensland, Toowoomba. [unpublished as of 5/8/25]",S100B,S,1,1,0,1,1,1,NA,NA
Melaleuca,lanceolata,Melaleuca lanceolata,Mytraceae,Simosyrphus grandicornis,Simosyrphus,NA,grandicornis,Syrphidae,Syrphinae,NA,Insecta,Diptera,1,SA,Yeelanna,-34.1526001,135.6258572,18/9/2024,Sept,2024,"Prendergast, K.S. (2025). Insect visitors to canola fields and surrounding vegetation. GRDC Canola pollination project. Dataset. University of Southern Queensland, Toowoomba. [unpublished as of 5/8/25]",S100B,S,1,1,0,1,1,1,NA,NA
Arctotheca,caendula,Arctotheca calendula,Asteraceae,Achyra affinitalis,Achyra,NA,affinitalis,Crambidae,Pyraustinae,NA,Insecta,Lepidoptera,1,SA,Ungarra,-34.2021083,135.9911761,19/9/2024,Sept,2024,"Prendergast, K.S. (2025). Insect visitors to canola fields and surrounding vegetation. GRDC Canola pollination project. Dataset. University of Southern Queensland, Toowoomba. [unpublished as of 5/8/25]",S100B,S,1,1,0,1,1,1,NA,NA
Acacia,fimbriata,Acacia fimbricata,Fabaceae,Apis mellifera,Apis,NA,mellifera,Apidae,Apinae,NA,Insecta,Hymenoptera,1,SA,Yeelanna,-34.126227,135.811846,19/9/2024,Sept,2024,"Prendergast, K.S. (2025). Insect visitors to canola fields and surrounding vegetation. GRDC Canola pollination project. Dataset. University of Southern Queensland, Toowoomba. [unpublished as of 5/8/25]",S100B,S,1,0,0,1,1,1,NA,NA
Arctotheca,caendula,Arctotheca calendula,Asteraceae,Apis mellifera,Apis,NA,mellifera,Apidae,Apinae,NA,Insecta,Hymenoptera,2,SA,Yeelanna,-34.126227,135.811846,19/9/2024,Sept,2024,"Prendergast, K.S. (2025). Insect visitors to canola fields and surrounding vegetation. GRDC Canola pollination project. Dataset. University of Southern Queensland, Toowoomba. [unpublished as of 5/8/25]",S100B,S,1,0,0,1,1,1,NA,NA
Arctotheca,caendula,Arctotheca calendula,Asteraceae,Apis mellifera,Apis,NA,mellifera,Apidae,Apinae,NA,Insecta,Hymenoptera,1,SA,Ungarra,-34.2021083,135.9911761,19/9/2024,Sept,2024,"Prendergast, K.S. (2025). Insect visitors to canola fields and surrounding vegetation. GRDC Canola pollination project. Dataset. University of Southern Queensland, Toowoomba. [unpublished as of 5/8/25]",S100B,S,1,0,0,1,1,1,NA,NA
Brassica,napus,Brassica napus,Brassicaceae,Apis mellifera,Apis,NA,mellifera,Apidae,Apinae,NA,Insecta,Hymenoptera,4,SA,Yeelanna,-34.126227,135.811846,19/9/2024,Sept,2024,"Prendergast, K.S. (2025). Insect visitors to canola fields and surrounding vegetation. GRDC Canola pollination project. Dataset. University of Southern Queensland, Toowoomba. [unpublished as of 5/8/25]",S100B,S,1,0,0,1,1,1,NA,NA
Melaleuca,lanceolata,Melaleuca lanceolata,Mytraceae,Apis mellifera,Apis,NA,mellifera,Apidae,Apinae,NA,Insecta,Hymenoptera,3,SA,Ungarra,-34.2021083,135.9911761,19/9/2024,Sept,2024,"Prendergast, K.S. (2025). Insect visitors to canola fields and surrounding vegetation. GRDC Canola pollination project. Dataset. University of Southern Queensland, Toowoomba. [unpublished as of 5/8/25]",S100B,S,1,0,0,1,1,1,NA,NA
Melaleuca,lanceolata,Melaleuca lanceolata,Mytraceae,Calliphora albifrontalis,Calliphora,NA,albifrontalis,Calliphoridae,Calliphorinae,NA,Insecta,Diptera,1,SA,Ungarra,-34.2021083,135.9911761,19/9/2024,Sept,2024,"Prendergast, K.S. (2025). Insect visitors to canola fields and surrounding vegetation. GRDC Canola pollination project. Dataset. University of Southern Queensland, Toowoomba. [unpublished as of 5/8/25]",S100B,S,1,1,0,1,1,1,NA,NA
Acacia,fimbriata,Acacia fimbricata,Fabaceae,Calliphora dubia,Calliphora,NA,dubia,Calliphoridae,Calliphorinae,NA,Insecta,Diptera,1,SA,Yeelanna,-34.126227,135.811846,19/9/2024,Sept,2024,"Prendergast, K.S. (2025). Insect visitors to canola fields and surrounding vegetation. GRDC Canola pollination project. Dataset. University of Southern Queensland, Toowoomba. [unpublished as of 5/8/25]",S100B,S,1,1,0,1,1,1,NA,NA
Acacia,fimbriata,Acacia fimbricata,Fabaceae,Junonia villida,Junonia,NA,villida,Nymphalidae,Nymphalinae,NA,Insecta,Lepidoptera,1,SA,Yeelanna,-34.126227,135.811846,19/9/2024,Sept,2024,"Prendergast, K.S. (2025). Insect visitors to canola fields and surrounding vegetation. GRDC Canola pollination project. Dataset. University of Southern Queensland, Toowoomba. [unpublished as of 5/8/25]",S100B,S,1,1,0,1,1,1,NA,NA
Melaleuca,lanceolata,Melaleuca lanceolata,Mytraceae,Lasioglossum (Chilalictus) baudini?,Lasioglossum,Chilalictus,NA,Halictidae,Halictinae,NA,Insecta,Hymenoptera,1,SA,Ungarra,-34.2021083,135.9911761,19/9/2024,Sept,2024,"Prendergast, K.S. (2025). Insect visitors to canola fields and surrounding vegetation. GRDC Canola pollination project. Dataset. University of Southern Queensland, Toowoomba. [unpublished as of 5/8/25]",S100B,S,1,1,0,1,1,1,NA,NA
Arctotheca,calendula,Arctotheca calendula,Asteraceae,Lasioglossum (Chilalictus) castor,Lasioglossum,Chilalictus,castor,Halictidae,Halictinae,NA,Insecta,Hymenoptera,1,SA,Yeelanna,-34.126227,135.811846,19/9/2024,Sept,2024,"Prendergast, K.S. (2025). Insect visitors to canola fields and surrounding vegetation. GRDC Canola pollination project. Dataset. University of Southern Queensland, Toowoomba. [unpublished as of 5/8/25]",S100B,S,1,1,0,1,1,1,NA,NA
Arctotheca,calendula,Arctotheca calendula,Asteraceae,Lasioglossum (Chilalictus) seminitens?,Lasioglossum,Chilalictus,seminitens?,Halictidae,Halictinae,NA,Insecta,Hymenoptera,1,SA,Yeelanna,-34.126227,135.811846,19/9/2024,Sept,2024,"Prendergast, K.S. (2025). Insect visitors to canola fields and surrounding vegetation. GRDC Canola pollination project. Dataset. University of Southern Queensland, Toowoomba. [unpublished as of 5/8/25]",S100B,S,1,1,0,1,1,1,NA,NA
Acacia,fimbriata,Acacia fimbricata,Fabaceae,Lasioglossum (Homalictus) cf. punctatum,NA,Homalictus,cf. punctatum,Halictidae,Halictinae,NA,Insecta,Hymenoptera,2,SA,Yeelanna,-34.126227,135.811846,19/9/2024,Sept,2024,"Prendergast, K.S. (2025). Insect visitors to canola fields and surrounding vegetation. GRDC Canola pollination project. Dataset. University of Southern Queensland, Toowoomba. [unpublished as of 5/8/25]",S100B,S,1,1,0,1,1,1,NA,NA
Melaleuca,lanceolata,Melaleuca lanceolata,Mytraceae,Lasioglossum (Homalictus) cf. punctatum,NA,Homalictus,cf. punctatum,Halictidae,Halictinae,NA,Insecta,Hymenoptera,1,SA,Ungarra,-34.2021083,135.9911761,19/9/2024,Sept,2024,"Prendergast, K.S. (2025). Insect visitors to canola fields and surrounding vegetation. GRDC Canola pollination project. Dataset. University of Southern Queensland, Toowoomba. [unpublished as of 5/8/25]",S100B,S,1,1,0,1,1,1,NA,NA
Brassica,napus,Brassica napus,Brassicaceae,Leioproctus sp.SA2,Leioproctus,NA,NA,Colletidae,Neopasiphaeinae,NA,Insecta,Hymenoptera,1,SA,Yeelanna,-34.126227,135.811846,19/9/2024,Sept,2024,"Prendergast, K.S. (2025). Insect visitors to canola fields and surrounding vegetation. GRDC Canola pollination project. Dataset. University of Southern Queensland, Toowoomba. [unpublished as of 5/8/25]",S100B,S,1,1,0,1,1,1,NA,NA
Melaleuca,lanceolata,Melaleuca lanceolata,Mytraceae,Melangyna viridiceps,Melangyna,NA,viridiceps,Syrphidae,Syrphinae,NA,Insecta,Diptera,4,SA,Ungarra,-34.2021083,135.9911761,19/9/2024,Sept,2024,"Prendergast, K.S. (2025). Insect visitors to canola fields and surrounding vegetation. GRDC Canola pollination project. Dataset. University of Southern Queensland, Toowoomba. [unpublished as of 5/8/25]",S100B,S,1,1,0,1,1,1,NA,NA
Eucalyptus,angulosa,Eucalyptus angulosa,Mytraceae,Musca vetustissima,Musca,NA,vetustissima,Muscidae,Muscinae,NA,Insecta,Diptera,1,SA,Yeelanna,-34.126227,135.811846,19/9/2024,Sept,2024,"Prendergast, K.S. (2025). Insect visitors to canola fields and surrounding vegetation. GRDC Canola pollination project. Dataset. University of Southern Queensland, Toowoomba. [unpublished as of 5/8/25]",S100B,S,1,1,0,1,1,1,NA,NA
Brassica,napus,Brassica napus,Brassicaceae,Simosyrphus grandicornis,Simosyrphus,NA,grandicornis,Syrphidae,Syrphinae,NA,Insecta,Diptera,5,SA,Yeelanna,-34.126227,135.811846,19/9/2024,Sept,2024,"Prendergast, K.S. (2025). Insect visitors to canola fields and surrounding vegetation. GRDC Canola pollination project. Dataset. University of Southern Queensland, Toowoomba. [unpublished as of 5/8/25]",S100B,S,1,1,0,1,1,1,NA,NA
Melaleuca,lanceolata,Melaleuca lanceolata,Mytraceae,Simosyrphus grandicornis,Simosyrphus,NA,grandicornis,Syrphidae,Syrphinae,NA,Insecta,Diptera,1,SA,Ungarra,-34.2021083,135.9911761,19/9/2024,Sept,2024,"Prendergast, K.S. (2025). Insect visitors to canola fields and surrounding vegetation. GRDC Canola pollination project. Dataset. University of Southern Queensland, Toowoomba. [unpublished as of 5/8/25]",S100B,S,1,1,0,1,1,1,NA,NA
Acacia,fimbriata,Acacia fimbricata,Fabaceae,Conopidae sp.1SA,NA,NA,NA,Conopidae,NA,NA,Insecta,Diptera,1,SA,Yeelanna,-34.126227,135.811846,19/9/2024,Sept,2024,"Prendergast, K.S. (2025). Insect visitors to canola fields and surrounding vegetation. GRDC Canola pollination project. Dataset. University of Southern Queensland, Toowoomba. [unpublished as of 5/8/25]",S100B,S,1,1,0,1,1,1,NA,NA
Melaleuca,lanceolata,Melaleuca lanceolata,Mytraceae,Conopidae sp.1SA,NA,NA,NA,Conopidae,NA,NA,Insecta,Diptera,1,SA,Ungarra,-34.2021083,135.9911761,19/9/2024,Sept,2024,"Prendergast, K.S. (2025). Insect visitors to canola fields and surrounding vegetation. GRDC Canola pollination project. Dataset. University of Southern Queensland, Toowoomba. [unpublished as of 5/8/25]",S100B,S,1,1,0,1,1,1,NA,NA
Brassica,napus,Brassica napus,Brassicaceae,Apis mellifera,Apis,NA,mellifera,Apidae,Apinae,NA,Insecta,Hymenoptera,3,SA,Cockaleechie,-34.17377,135.8267,20/9/2024,Sept,2024,"Prendergast, K.S. (2025). Insect visitors to canola fields and surrounding vegetation. GRDC Canola pollination project. Dataset. University of Southern Queensland, Toowoomba. [unpublished as of 5/8/25]",S100B,S,1,0,0,1,1,1,NA,NA
Daviesia,pectinata,Daviesia pectinata,Fabaceae,Apis mellifera,Apis,NA,mellifera,Apidae,Apinae,NA,Insecta,Hymenoptera,2,SA,Cockaleechie,-34.17377,135.8267,20/9/2024,Sept,2024,"Prendergast, K.S. (2025). Insect visitors to canola fields and surrounding vegetation. GRDC Canola pollination project. Dataset. University of Southern Queensland, Toowoomba. [unpublished as of 5/8/25]",S100B,S,1,0,0,1,1,1,NA,NA
Melaleuca,lanceolata,Melaleuca lanceolata,Mytraceae,Apis mellifera,Apis,NA,mellifera,Apidae,Apinae,NA,Insecta,Hymenoptera,7,SA,Cockaleechie,-34.17377,135.8267,20/9/2024,Sept,2024,"Prendergast, K.S. (2025). Insect visitors to canola fields and surrounding vegetation. GRDC Canola pollination project. Dataset. University of Southern Queensland, Toowoomba. [unpublished as of 5/8/25]",S100B,S,1,0,0,1,1,1,NA,NA
Arctotheca,calendula,Arctotheca calendula,Asteraceae,Brachymeria sp.1SA,NA,NA,NA,Chalcididae,Chalcidinae,NA,Insecta,Hymenoptera,1,SA,Cockaleechie,-34.17377,135.8267,20/9/2024,Sept,2024,"Prendergast, K.S. (2025). Insect visitors to canola fields and surrounding vegetation. GRDC Canola pollination project. Dataset. University of Southern Queensland, Toowoomba. [unpublished as of 5/8/25]",S100B,S,1,1,0,1,1,1,NA,NA
Eucalyptus,angulosa,Eucalyptus angulosa,Mytraceae,Lasioglossum (Homalictus) punctatum?,Lasioglossum,Homalictus,cf. punctatum,Halictidae,Halictinae,NA,Insecta,Hymenoptera,3,SA,Cockaleechie,-34.17377,135.8267,20/9/2024,Sept,2024,"Prendergast, K.S. (2025). Insect visitors to canola fields and surrounding vegetation. GRDC Canola pollination project. Dataset. University of Southern Queensland, Toowoomba. [unpublished as of 5/8/25]",S100B,S,1,1,0,1,1,1,NA,NA
Arctotheca,calendula,Arctotheca calendula,Asteraceae,Pseudofoenus sp.1SA,Pseudofoenus,NA,NA,NA,NA,NA,Insecta,Hymenoptera,1,SA,Cockaleechie,-34.17377,135.8267,20/9/2024,Sept,2024,"Prendergast, K.S. (2025). Insect visitors to canola fields and surrounding vegetation. GRDC Canola pollination project. Dataset. University of Southern Queensland, Toowoomba. [unpublished as of 5/8/25]",S100B,S,1,1,0,1,1,1,NA,NA
Brassica,napus,Brassica napus,Brassicaceae,Simosyrphus grandicornis,Simosyrphus,NA,grandicornis,Syrphidae,Syrphinae,NA,Insecta,Diptera,2,SA,Cockaleechie,-34.17377,135.8267,20/9/2024,Sept,2024,"Prendergast, K.S. (2025). Insect visitors to canola fields and surrounding vegetation. GRDC Canola pollination project. Dataset. University of Southern Queensland, Toowoomba. [unpublished as of 5/8/25]",S100B,S,1,1,0,1,1,1,NA,NA
Daviesia,pectinata,Daviesia pectinata,Fabaceae,Trichocolletes tenuiculus,Trichocolletes,NA,tenuiculus,Colletidae,Neopasiphaeinae,NA,Insecta,Hymenoptera,2,SA,Cockaleechie,-34.17377,135.8267,20/9/2024,Sept,2024,"Prendergast, K.S. (2025). Insect visitors to canola fields and surrounding vegetation. GRDC Canola pollination project. Dataset. University of Southern Queensland, Toowoomba. [unpublished as of 5/8/25]",S100B,S,1,1,0,1,1,1,NA,NA
Acacia,nematohylla,Acacia nematophylla,Fabaceae,Apis mellifera,Apis,NA,mellifera,Apidae,Apinae,NA,Insecta,Hymenoptera,4,SA,Cummins,-34.2742171,135.6336667,23/9/2024,Sept,2024,"Prendergast, K.S. (2025). Insect visitors to canola fields and surrounding vegetation. GRDC Canola pollination project. Dataset. University of Southern Queensland, Toowoomba. [unpublished as of 5/8/25]",S100B,S,1,0,0,1,1,1,NA,NA
Adenanthos,teminalis,Adenanthos terminalis,Proteaceae,Apis mellifera,Apis,NA,mellifera,Apidae,Apinae,NA,Insecta,Hymenoptera,4,SA,Cummins,-34.2742171,135.6336667,23/9/2024,Sept,2024,"Prendergast, K.S. (2025). Insect visitors to canola fields and surrounding vegetation. GRDC Canola pollination project. Dataset. University of Southern Queensland, Toowoomba. [unpublished as of 5/8/25]",S100B,S,1,0,0,1,1,1,NA,NA
Brassica,napus,Brassica napus,Brassicaceae,Apis mellifera,Apis,NA,mellifera,Apidae,Apinae,NA,Insecta,Hymenoptera,3,SA,Cummins,-34.2742171,135.6336667,23/9/2024,Sept,2024,"Prendergast, K.S. (2025). Insect visitors to canola fields and surrounding vegetation. GRDC Canola pollination project. Dataset. University of Southern Queensland, Toowoomba. [unpublished as of 5/8/25]",S100B,S,1,0,0,1,1,1,NA,NA
Brassica,napus,Brassica napus,Brassicaceae,Dusona? sp.1,Dusona?,NA,NA,Ichneumonidae,Campopleginae,NA,Insecta,Hymenoptera,2,SA,Cummins,-34.2742171,135.6336667,23/9/2024,Sept,2024,"Prendergast, K.S. (2025). Insect visitors to canola fields and surrounding vegetation. GRDC Canola pollination project. Dataset. University of Southern Queensland, Toowoomba. [unpublished as of 5/8/25]",S100B,S,1,1,0,1,1,1,NA,NA
Thomesia,petalocalyx,Thomesia petalocalyx,Malvaceae,Lasioglossum (Chilalictus) littleri?,Lasioglossum,Chilalictus,littleri?,Halictidae,Halictinae,NA,Insecta,Hymenoptera,1,SA,Cummins,-34.2742171,135.6336667,23/9/2024,Sept,2024,"Prendergast, K.S. (2025). Insect visitors to canola fields and surrounding vegetation. GRDC Canola pollination project. Dataset. University of Southern Queensland, Toowoomba. [unpublished as of 5/8/25]",S100B,S,1,1,0,1,1,1,NA,NA
Acacia,nematophylla,Acacia nematophylla,Fabaceae,Lasioglossum (Homalictus) cf. punctatum,NA,Homalictus,cf. punctatum,Halictidae,Halictinae,NA,Insecta,Hymenoptera,4,SA,Cummins,-34.2742171,135.6336667,23/9/2024,Sept,2024,"Prendergast, K.S. (2025). Insect visitors to canola fields and surrounding vegetation. GRDC Canola pollination project. Dataset. University of Southern Queensland, Toowoomba. [unpublished as of 5/8/25]",S100B,S,1,1,0,1,1,1,NA,NA
Eucalyptus,angulosa,Eucalyptus angulosa,Mytraceae,Lasioglossum (Homalictus) cf. punctatum,NA,Homalictus,cf. punctatum,Halictidae,Halictinae,NA,Insecta,Hymenoptera,3,SA,Cummins,-34.2742171,135.6336667,23/9/2024,Sept,2024,"Prendergast, K.S. (2025). Insect visitors to canola fields and surrounding vegetation. GRDC Canola pollination project. Dataset. University of Southern Queensland, Toowoomba. [unpublished as of 5/8/25]",S100B,S,1,1,0,1,1,1,NA,NA
Eucalyptus,diversifolia,Eucalyptus diversifolia,Mytraceae,Lasioglossum (Homalictus) cf. punctatum,NA,Homalictus,cf. punctatum,Halictidae,Halictinae,NA,Insecta,Hymenoptera,7,SA,Cummins,-34.2742171,135.6336667,23/9/2024,Sept,2024,"Prendergast, K.S. (2025). Insect visitors to canola fields and surrounding vegetation. GRDC Canola pollination project. Dataset. University of Southern Queensland, Toowoomba. [unpublished as of 5/8/25]",S100B,S,1,1,0,1,1,1,NA,NA
Thomesia,petalocalyx,Thomesia petalocalys,Malvaceae,Leioproctus (Leioproctus) maculatus?,Leioproctus,Leioproctus,maculatus?,Colletidae,Neopasiphaeinae,NA,Insecta,Hymenoptera,1,SA,Cummins,-34.2742171,135.6336667,23/9/2024,Sept,2024,"Prendergast, K.S. (2025). Insect visitors to canola fields and surrounding vegetation. GRDC Canola pollination project. Dataset. University of Southern Queensland, Toowoomba. [unpublished as of 5/8/25]",S100B,S,1,1,0,1,1,1,NA,NA
Thomesia,petalocalyx,Thomesia petalocalys,Malvaceae,Leioproctus (Leioproctus) obscurus,Leioproctus,Leioproctus,obscurus,Colletidae,Neopasiphaeinae,NA,Insecta,Hymenoptera,1,SA,Cummins,-34.2742171,135.6336667,23/9/2024,Sept,2024,"Prendergast, K.S. (2025). Insect visitors to canola fields and surrounding vegetation. GRDC Canola pollination project. Dataset. University of Southern Queensland, Toowoomba. [unpublished as of 5/8/25]",S100B,S,1,1,0,1,1,1,NA,NA
Acacia,nematophylla,Acacia nematophylla,Fabaceae,Leioproctus (Leioproctus) obscurus?,Leioproctus,Leioproctus,obscurus?,Colletidae,Neopasiphaeinae,NA,Insecta,Hymenoptera,1,SA,Cummins,-34.2742171,135.6336667,23/9/2024,Sept,2024,"Prendergast, K.S. (2025). Insect visitors to canola fields and surrounding vegetation. GRDC Canola pollination project. Dataset. University of Southern Queensland, Toowoomba. [unpublished as of 5/8/25]",S100B,S,1,1,0,1,1,1,NA,NA
Thomesia,petalocalyx,Thomesia petalocalyx,Malvaceae,Leioproctus sp.1SA,Leioproctus,NA,NA,Colletidae,Neopasiphaeinae,NA,Insecta,Hymenoptera,2,SA,Cummins,-34.2742171,135.6336667,23/9/2024,Sept,2024,"Prendergast, K.S. (2025). Insect visitors to canola fields and surrounding vegetation. GRDC Canola pollination project. Dataset. University of Southern Queensland, Toowoomba. [unpublished as of 5/8/25]",S100B,S,1,1,0,1,1,1,NA,NA
Thomesia,petalocalyx,Thomesia petalocalys,Malvaceae,Leioproctus sp.SA2,Leioproctus,NA,NA,Colletidae,Neopasiphaeinae,NA,Insecta,Hymenoptera,1,SA,Cummins,-34.2742171,135.6336667,23/9/2024,Sept,2024,"Prendergast, K.S. (2025). Insect visitors to canola fields and surrounding vegetation. GRDC Canola pollination project. Dataset. University of Southern Queensland, Toowoomba. [unpublished as of 5/8/25]",S100B,S,1,1,0,1,1,1,NA,NA
Brassica,napus,Brassica napus,Brassicaceae,Plutella xylostella,Plutella,NA,xylostella,Plutellidae,Plutellinae,NA,Insecta,Lepidoptera,1,SA,Cummins,-34.2742171,135.6336667,23/9/2024,Sept,2024,"Prendergast, K.S. (2025). Insect visitors to canola fields and surrounding vegetation. GRDC Canola pollination project. Dataset. University of Southern Queensland, Toowoomba. [unpublished as of 5/8/25]",S100B,S,1,1,0,1,1,1,NA,NA
Brassica,napus,Brassica napus,Brassicaceae,Simosyrphus grandicornis,Simosyrphus,NA,grandicornis,Syrphidae,Syrphinae,NA,Insecta,Diptera,5,SA,Cummins,-34.2742171,135.6336667,23/9/2024,Sept,2024,"Prendergast, K.S. (2025). Insect visitors to canola fields and surrounding vegetation. GRDC Canola pollination project. Dataset. University of Southern Queensland, Toowoomba. [unpublished as of 5/8/25]",S100B,S,1,1,0,1,1,1,NA,NA
Eucalyptus,diversifolia,Eucalyptus diversifolia,Mytraceae,Conopidae sp.1SA,NA,NA,NA,Conopidae,NA,NA,Insecta,Diptera,1,SA,Cummins,-34.2742171,135.6336667,23/9/2024,Sept,2024,"Prendergast, K.S. (2025). Insect visitors to canola fields and surrounding vegetation. GRDC Canola pollination project. Dataset. University of Southern Queensland, Toowoomba. [unpublished as of 5/8/25]",S100B,S,1,1,0,1,1,1,NA,NA
Brassica,napus,Brassica napus,Brassicaceae,Apis mellifera,Apis,NA,mellifera,Apidae,Apinae,NA,Insecta,Hymenoptera,1,SA,Cummins,-34.30753,135.6745,24/9/2024,Sept,2024,"Prendergast, K.S. (2025). Insect visitors to canola fields and surrounding vegetation. GRDC Canola pollination project. Dataset. University of Southern Queensland, Toowoomba. [unpublished as of 5/8/25]",S100B,S,1,0,0,1,1,1,NA,NA
Dampiera,rosmarifolia,Dampiera rosmarinifolia,Goodeniaceae,Apis mellifera,Apis,NA,mellifera,Apidae,Apinae,NA,Insecta,Hymenoptera,2,SA,Cummins,-34.30753,135.6745,24/9/2024,Sept,2024,"Prendergast, K.S. (2025). Insect visitors to canola fields and surrounding vegetation. GRDC Canola pollination project. Dataset. University of Southern Queensland, Toowoomba. [unpublished as of 5/8/25]",S100B,S,1,0,0,1,1,1,NA,NA
Eutaxia,microphylla,Eutaxia microphylla,Fabaceae,Apis mellifera,Apis,NA,mellifera,Apidae,Apinae,NA,Insecta,Hymenoptera,1,SA,Cummins,-34.30753,135.6745,24/9/2024,Sept,2024,"Prendergast, K.S. (2025). Insect visitors to canola fields and surrounding vegetation. GRDC Canola pollination project. Dataset. University of Southern Queensland, Toowoomba. [unpublished as of 5/8/25]",S100B,S,1,0,0,1,1,1,NA,NA
Grevillea,ilicifolia,Grevillea illicifolia,Proteaceae,Apis mellifera,Apis,NA,mellifera,Apidae,Apinae,NA,Insecta,Hymenoptera,2,SA,Cummins,-34.30753,135.6745,24/9/2024,Sept,2024,"Prendergast, K.S. (2025). Insect visitors to canola fields and surrounding vegetation. GRDC Canola pollination project. Dataset. University of Southern Queensland, Toowoomba. [unpublished as of 5/8/25]",S100B,S,1,0,0,1,1,1,NA,NA
Brassica,napus,Brassica napus,Brassicaceae,Dusona? sp.1,Dusona?,NA,NA,Ichneumonidae,Campopleginae,NA,Insecta,Hymenoptera,4,SA,Cummins,-34.30753,135.6745,24/9/2024,Sept,2024,"Prendergast, K.S. (2025). Insect visitors to canola fields and surrounding vegetation. GRDC Canola pollination project. Dataset. University of Southern Queensland, Toowoomba. [unpublished as of 5/8/25]",S100B,S,1,1,0,1,1,1,NA,NA
Grevillea,ilicifolia,Grevillea illicifolia,Proteaceae,Euhesma sp.1SA,Euhesma,NA,NA,Colletidae,Euryglossinae,NA,Insecta,Hymenoptera,2,SA,Cummins,-34.30753,135.6745,24/9/2024,Sept,2024,"Prendergast, K.S. (2025). Insect visitors to canola fields and surrounding vegetation. GRDC Canola pollination project. Dataset. University of Southern Queensland, Toowoomba. [unpublished as of 5/8/25]",S100B,S,1,1,0,1,1,1,NA,NA
Dampiera,rosmarifolia,Dampiera rosmarinifolia,Goodeniaceae,Gonocephalum sp.1SA,Gonocephalum,NA,NA,Tenebrionidae,Tenebrioninae,NA,Insecta,Coleoptera,1,SA,Cummins,-34.30753,135.6745,24/9/2024,Sept,2024,"Prendergast, K.S. (2025). Insect visitors to canola fields and surrounding vegetation. GRDC Canola pollination project. Dataset. University of Southern Queensland, Toowoomba. [unpublished as of 5/8/25]",S100B,S,1,1,0,1,1,1,NA,NA
Eucalyptus,angulosa,Eucalyptus angulosa,Mytraceae,Hylaeus (Prosopisteron) sp.1SA,Hylaeus,Prosopisteron,NA,Colletidae,Hylaeinae,NA,Insecta,Hymenoptera,2,SA,Cummins,-34.30753,135.6745,24/9/2024,Sept,2024,"Prendergast, K.S. (2025). Insect visitors to canola fields and surrounding vegetation. GRDC Canola pollination project. Dataset. University of Southern Queensland, Toowoomba. [unpublished as of 5/8/25]",S100B,S,1,1,0,1,1,1,NA,NA
Dampiera,rosmarifolia,Dampiera rosmarinifolia,Goodeniaceae,Labium sp.2SA,Labium,NA,NA,Ichneumonidae,Labeninae,NA,Insecta,Hymenoptera,1,SA,Cummins,-34.30753,135.6745,24/9/2024,Sept,2024,"Prendergast, K.S. (2025). Insect visitors to canola fields and surrounding vegetation. GRDC Canola pollination project. Dataset. University of Southern Queensland, Toowoomba. [unpublished as of 5/8/25]",S100B,S,1,1,0,1,1,1,NA,NA
Arctotheca,calendula,Arctotheca calendula,Asteraceae,Labium sp.3SA,Labium,NA,NA,Ichneumonidae,Labeninae,NA,Insecta,Hymenoptera,1,SA,Cummins,-34.30753,135.6745,24/9/2024,Sept,2024,"Prendergast, K.S. (2025). Insect visitors to canola fields and surrounding vegetation. GRDC Canola pollination project. Dataset. University of Southern Queensland, Toowoomba. [unpublished as of 5/8/25]",S100B,S,1,1,0,1,1,1,NA,NA
Arctotheca,calendula,Arctotheca calendula,Asteraceae,Lasioglossum (Chilalictus) castor,Lasioglossum,Chilalictus,castor,Halictidae,Halictinae,NA,Insecta,Hymenoptera,1,SA,Cummins,-34.30753,135.6745,24/9/2024,Sept,2024,"Prendergast, K.S. (2025). Insect visitors to canola fields and surrounding vegetation. GRDC Canola pollination project. Dataset. University of Southern Queensland, Toowoomba. [unpublished as of 5/8/25]",S100B,S,1,1,0,1,1,1,NA,NA
Grevillea,ilicifolia,Grevillea illicifolia,Proteaceae,Lasioglossum (Chilalictus) littleri?,Lasioglossum,Chilalictus,littleri?,Halictidae,Halictinae,NA,Insecta,Hymenoptera,1,SA,Cummins,-34.30753,135.6745,24/9/2024,Sept,2024,"Prendergast, K.S. (2025). Insect visitors to canola fields and surrounding vegetation. GRDC Canola pollination project. Dataset. University of Southern Queensland, Toowoomba. [unpublished as of 5/8/25]",S100B,S,1,1,0,1,1,1,NA,NA
Thomesia,petalocalyx,Thomesia petalocalyx,Malvaceae,Lasioglossum (Chilalictus) littleri?,Lasioglossum,Chilalictus,littleri?,Halictidae,Halictinae,NA,Insecta,Hymenoptera,1,SA,Cummins,-34.30753,135.6745,24/9/2024,Sept,2024,"Prendergast, K.S. (2025). Insect visitors to canola fields and surrounding vegetation. GRDC Canola pollination project. Dataset. University of Southern Queensland, Toowoomba. [unpublished as of 5/8/25]",S100B,S,1,1,0,1,1,1,NA,NA
Eucalyptus,angulosa,Eucalyptus angulosa,Mytraceae,Lasioglossum (Homalictus) cf. punctatum,NA,Homalictus,cf. punctatum,Halictidae,Halictinae,NA,Insecta,Hymenoptera,12,SA,Cummins,-34.30753,135.6745,24/9/2024,Sept,2024,"Prendergast, K.S. (2025). Insect visitors to canola fields and surrounding vegetation. GRDC Canola pollination project. Dataset. University of Southern Queensland, Toowoomba. [unpublished as of 5/8/25]",S100B,S,1,1,0,1,1,1,NA,NA
Grevillea,ilicifolia,Grevillea illicifolia,Proteaceae,Lasioglossum (Homalictus) cf. punctatum,NA,Homalictus,cf. punctatum,Halictidae,Halictinae,NA,Insecta,Hymenoptera,1,SA,Cummins,-34.30753,135.6745,24/9/2024,Sept,2024,"Prendergast, K.S. (2025). Insect visitors to canola fields and surrounding vegetation. GRDC Canola pollination project. Dataset. University of Southern Queensland, Toowoomba. [unpublished as of 5/8/25]",S100B,S,1,1,0,1,1,1,NA,NA
Grevillea,ilicifolia,Grevillea illicifolia,Proteaceae,Leioproctus (Euryglossidia) singularis?,Leioproctus,Euryglossidia,singularis?,Colletidae,Neopasiphaeinae,NA,Insecta,Hymenoptera,5,SA,Cummins,-34.30753,135.6745,24/9/2024,Sept,2024,"Prendergast, K.S. (2025). Insect visitors to canola fields and surrounding vegetation. GRDC Canola pollination project. Dataset. University of Southern Queensland, Toowoomba. [unpublished as of 5/8/25]",S100B,S,1,1,0,1,1,1,NA,NA
Arctotheca,calendula,Arctotheca calendula,Asteraceae,Leioproctus sp.SA2,Leioproctus,NA,NA,Colletidae,Neopasiphaeinae,NA,Insecta,Hymenoptera,3,SA,Cummins,-34.30753,135.6745,24/9/2024,Sept,2024,"Prendergast, K.S. (2025). Insect visitors to canola fields and surrounding vegetation. GRDC Canola pollination project. Dataset. University of Southern Queensland, Toowoomba. [unpublished as of 5/8/25]",S100B,S,1,1,0,1,1,1,NA,NA
Brassica,napus,Brassica napus,Brassicaceae,Melangyna viridiceps,Melangyna,NA,viridiceps,Syrphidae,Syrphinae,NA,Insecta,Diptera,5,SA,Cummins,-34.30753,135.6745,24/9/2024,Sept,2024,"Prendergast, K.S. (2025). Insect visitors to canola fields and surrounding vegetation. GRDC Canola pollination project. Dataset. University of Southern Queensland, Toowoomba. [unpublished as of 5/8/25]",S100B,S,1,1,0,1,1,1,NA,NA
Thomesia,petalocalyx,Thomesia petalocalyx,Malvaceae,Melangyna viridiceps,Melangyna,NA,viridiceps,Syrphidae,Syrphinae,NA,Insecta,Diptera,1,SA,Cummins,-34.30753,135.6745,24/9/2024,Sept,2024,"Prendergast, K.S. (2025). Insect visitors to canola fields and surrounding vegetation. GRDC Canola pollination project. Dataset. University of Southern Queensland, Toowoomba. [unpublished as of 5/8/25]",S100B,S,1,1,0,1,1,1,NA,NA
Brassica,napus,Brassica napus,Brassicaceae,Pieris rapae,Pieris,NA,rapae,Pieridae,Pierinae,NA,Insecta,Lepidoptera,1,SA,Cummins,-34.30753,135.6745,24/9/2024,Sept,2024,"Prendergast, K.S. (2025). Insect visitors to canola fields and surrounding vegetation. GRDC Canola pollination project. Dataset. University of Southern Queensland, Toowoomba. [unpublished as of 5/8/25]",S100B,S,1,1,0,1,1,1,NA,NA
Brassica,napus,Brassica napus,Brassicaceae,Plutella xylostella,Plutella,NA,xylostella,Plutellidae,Plutellinae,NA,Insecta,Lepidoptera,5,SA,Cummins,-34.30753,135.6745,24/9/2024,Sept,2024,"Prendergast, K.S. (2025). Insect visitors to canola fields and surrounding vegetation. GRDC Canola pollination project. Dataset. University of Southern Queensland, Toowoomba. [unpublished as of 5/8/25]",S100B,S,1,1,0,1,1,1,NA,NA
Thomesia,petalocalyx,Thomesia petalocalyx,Malvaceae,Sphecidae sp.1,NA,NA,NA,Sphecidae,NA,NA,Insecta,Hymenoptera,1,SA,Cummins,-34.30753,135.6745,24/9/2024,Sept,2024,"Prendergast, K.S. (2025). Insect visitors to canola fields and surrounding vegetation. GRDC Canola pollination project. Dataset. University of Southern Queensland, Toowoomba. [unpublished as of 5/8/25]",S100B,S,1,1,0,1,1,1,NA,NA
Brassica,napus,Brassica napus,Brassicaceae,Simosyrphus grandicornis,Simosyrphus,NA,grandicornis,Syrphidae,Syrphinae,NA,Insecta,Diptera,1,SA,Cummins,-34.30753,135.6745,24/9/2024,Sept,2024,"Prendergast, K.S. (2025). Insect visitors to canola fields and surrounding vegetation. GRDC Canola pollination project. Dataset. University of Southern Queensland, Toowoomba. [unpublished as of 5/8/25]",S100B,S,1,1,0,1,1,1,NA,NA
Eucalyptus,diversifolia,Eucalyptus diversifolia,Mytraceae,Tiphiidae sp.6SA,NA,NA,NA,Tiphiidae,NA,NA,Insecta,Hymenoptera,1,SA,Cummins,-34.30753,135.6745,24/9/2024,Sept,2024,"Prendergast, K.S. (2025). Insect visitors to canola fields and surrounding vegetation. GRDC Canola pollination project. Dataset. University of Southern Queensland, Toowoomba. [unpublished as of 5/8/25]",S100B,S,1,1,0,1,1,1,NA,NA
Grevillea,ilicifolia,Grevillea illicifolia,Proteaceae,Tiphiidae sp.6SA,NA,NA,NA,Tiphiidae,NA,NA,Insecta,Hymenoptera,1,SA,Cummins,-34.30753,135.6745,24/9/2024,Sept,2024,"Prendergast, K.S. (2025). Insect visitors to canola fields and surrounding vegetation. GRDC Canola pollination project. Dataset. University of Southern Queensland, Toowoomba. [unpublished as of 5/8/25]",S100B,S,1,1,0,1,1,1,NA,NA
Eutaxia,microphylla,Eutaxia microphylla,Fabaceae,Trichocolletes tenuiculus,Trichocolletes,NA,tenuiculus,Colletidae,Neopasiphaeinae,NA,Insecta,Hymenoptera,1,SA,Cummins,-34.30753,135.6745,24/9/2024,Sept,2024,"Prendergast, K.S. (2025). Insect visitors to canola fields and surrounding vegetation. GRDC Canola pollination project. Dataset. University of Southern Queensland, Toowoomba. [unpublished as of 5/8/25]",S100B,S,1,1,0,1,1,1,NA,NA
Calotis,cuneifolia,Calotis cuneifolia,Asteraceae,Lasioglossum (Homalictus) urbanum,Lasioglossum,NA,urbanum,Halictidae,Halictinae,NA,Insecta,Hymenoptera,1,NSW,Eubalong,-33.23933,146.7108,9/8/2024,Aug,2024,"Prendergast, K.S. (2025). Insect visitors to canola fields and surrounding vegetation. GRDC Canola pollination project. Dataset. University of Southern Queensland, Toowoomba. [unpublished as of 5/8/25]",S100B,S,1,1,0,1,1,1,NA,NA
Brassica,napus,Brassica napus,Brassicaceae,Lasioglossum (Chilalictus) metallicum,Lasioglossum,NA,metallicum?,Halictidae,Halictinae,NA,Insecta,Hymenoptera,1,NSW,Maude,-34.648827,144.247045,12/8/2024,Aug,2024,"Prendergast, K.S. (2025). Insect visitors to canola fields and surrounding vegetation. GRDC Canola pollination project. Dataset. University of Southern Queensland, Toowoomba. [unpublished as of 5/8/25]",S100B,S,1,1,0,1,1,1,NA,NA
Brassica,napus,Brassica napus,Brassicaceae,Delias aganippe,Delias,NA,aganippe,Pieridae,Pierinae,NA,Insecta,Lepidoptera,1,NSW,Coleambally,-34.918616,145.9144259,9/8/2024,Aug,2024,"Prendergast, K.S. (2025). Insect visitors to canola fields and surrounding vegetation. GRDC Canola pollination project. Dataset. University of Southern Queensland, Toowoomba. [unpublished as of 5/8/25]",S100B,S,1,1,0,1,1,1,NA,NA
Brassica,napus,Brassica napus,Brassicaceae,Delias aganippe,Delias,NA,aganippe,Pieridae,Pierinae,NA,Insecta,Lepidoptera,3,NSW,Uri Park,-34.6067432,145.8984838,19/8/2024,Aug,2024,"Prendergast, K.S. (2025). Insect visitors to canola fields and surrounding vegetation. GRDC Canola pollination project. Dataset. University of Southern Queensland, Toowoomba. [unpublished as of 5/8/25]",S100B,S,1,1,0,1,1,1,NA,NA
Geijera,parviflora,Geijera parviflora,Rutaceae,Calliphora albifrontalis,Calliphora,NA,albifrontalis,Calliphoridae,Calliphorinae,NA,Insecta,Diptera,1,NSW,Eubalong,-33.23933,146.7108,1/8/2024,Aug,2024,"Prendergast, K.S. (2025). Insect visitors to canola fields and surrounding vegetation. GRDC Canola pollination project. Dataset. University of Southern Queensland, Toowoomba. [unpublished as of 5/8/25]",S100B,S,1,1,0,1,1,1,NA,NA
Brassica,napus,Brassica napus,Brassicaceae,Lophyrotoma analis,Lophyrotoma,NA,analis,Pergidae,Pterygophorinae,NA,Insecta,Hymenoptera,1,NSW,Eubalong,-33.23933,146.7108,9/8/2024,Aug,2024,"Prendergast, K.S. (2025). Insect visitors to canola fields and surrounding vegetation. GRDC Canola pollination project. Dataset. University of Southern Queensland, Toowoomba. [unpublished as of 5/8/25]",S100B,S,1,1,0,1,1,1,NA,NA
Brassica,napus,Brassica napus,Brassicaceae,Trichocera annulata,Trichocera,NA,annulata,Trichoceridae,Paracladurinae,NA,Insecta,Diptera,1,NSW,Coleambally,-34.918616,145.9144259,15/8/2024,Aug,2024,"Prendergast, K.S. (2025). Insect visitors to canola fields and surrounding vegetation. GRDC Canola pollination project. Dataset. University of Southern Queensland, Toowoomba. [unpublished as of 5/8/25]",S100B,S,1,1,0,1,1,1,NA,NA
Brassica,napus,Brassica napus,Brassicaceae,Fannia canicularis,Fannia,NA,canicularis,Muscidae,Fanniinae,NA,Insecta,Diptera,1,NSW,Uri Park,-34.6067432,145.8984838,12/8/2024,Aug,2024,"Prendergast, K.S. (2025). Insect visitors to canola fields and surrounding vegetation. GRDC Canola pollination project. Dataset. University of Southern Queensland, Toowoomba. [unpublished as of 5/8/25]",S100B,S,1,1,0,1,1,1,NA,NA
Acacia,pycnantha,Acacia pycnantha,Fabaceae,Fannia canicularis,Fannia,NA,canicularis,Muscidae,Fanniinae,NA,Insecta,Diptera,1,NSW,Uri Park,-34.6067432,145.8984838,13/8/2024,Aug,2024,"Prendergast, K.S. (2025). Insect visitors to canola fields and surrounding vegetation. GRDC Canola pollination project. Dataset. University of Southern Queensland, Toowoomba. [unpublished as of 5/8/25]",S100B,S,1,1,0,1,1,1,NA,NA
Brassica,napus,Brassica napus,Brassicaceae,Fannia canicularis,Fannia,NA,canicularis,Muscidae,Fanniinae,NA,Insecta,Diptera,1,NSW,Uri Park,-34.6067432,145.8984838,13/8/2024,Aug,2024,"Prendergast, K.S. (2025). Insect visitors to canola fields and surrounding vegetation. GRDC Canola pollination project. Dataset. University of Southern Queensland, Toowoomba. [unpublished as of 5/8/25]",S100B,S,1,1,0,1,1,1,NA,NA
Brassica,napus,Brassica napus,Brassicaceae,Fannia canicularis,Fannia,NA,canicularis,Muscidae,Fanniinae,NA,Insecta,Diptera,4,NSW,Uri Park,-34.6067432,145.8984838,21/8/2024,Aug,2024,"Prendergast, K.S. (2025). Insect visitors to canola fields and surrounding vegetation. GRDC Canola pollination project. Dataset. University of Southern Queensland, Toowoomba. [unpublished as of 5/8/25]",S100B,S,1,1,0,1,1,1,NA,NA
Sisymbrium,irio,Sisymbrium irio,Brassicaceae,Micraspis fernata,Micraspis,NA,fernata,Coccinellidae,Coccinellinae,NA,Insecta,Coleoptera,1,NSW,Willbriggie,-34.439101,145.961842,31/7/2024,July,2024,"Prendergast, K.S. (2025). Insect visitors to canola fields and surrounding vegetation. GRDC Canola pollination project. Dataset. University of Southern Queensland, Toowoomba. [unpublished as of 5/8/25]",S100B,S,1,1,0,1,1,1,NA,NA
Echium,plantagineum,Echium plantagineum,Boraginaceae,Vanessa itea,Vanessa,NA,itea,Nymphalidae,Nymphalinae,NA,Insecta,Lepidoptera,1,NSW,Eubalong,-33.23933,146.7108,23/8/2024,Aug,2024,"Prendergast, K.S. (2025). Insect visitors to canola fields and surrounding vegetation. GRDC Canola pollination project. Dataset. University of Southern Queensland, Toowoomba. [unpublished as of 5/8/25]",S100B,S,1,1,0,1,1,1,NA,NA
Sisymbrium,irio,Sisymbrium irio,Brassicaceae,Zizina otis,Zizina,NA,labradus,Lycaenidae,Polyommatinae,NA,Insecta,Lepidoptera,1,NSW,Willbriggie,-34.439101,145.961842,31/7/2024,July,2024,"Prendergast, K.S. (2025). Insect visitors to canola fields and surrounding vegetation. GRDC Canola pollination project. Dataset. University of Southern Queensland, Toowoomba. [unpublished as of 5/8/25]",S100B,S,1,1,0,1,1,1,NA,NA
Echium,plantagineum,Echium plantagineum,Boraginaceae,Lasioglossum (Chilalictus) littleri?,Lasioglossum,NA,littleri?,Halictidae,Halictinae,NA,Insecta,Hymenoptera,1,NSW,Eubalong,-33.23933,146.7108,23/7/2024,July,2024,"Prendergast, K.S. (2025). Insect visitors to canola fields and surrounding vegetation. GRDC Canola pollination project. Dataset. University of Southern Queensland, Toowoomba. [unpublished as of 5/8/25]",S100B,S,1,1,0,1,1,1,NA,NA
Rapistrum,rugosum,Rapistrum rugosum,Brassicaceae,Lasioglossum (Chilalictus) littleri?,Lasioglossum,NA,littleri?,Halictidae,Halictinae,NA,Insecta,Hymenoptera,1,NSW,Willbriggie,-34.439101,145.961842,14/8/2024,Aug,2024,"Prendergast, K.S. (2025). Insect visitors to canola fields and surrounding vegetation. GRDC Canola pollination project. Dataset. University of Southern Queensland, Toowoomba. [unpublished as of 5/8/25]",S100B,S,1,1,0,1,1,1,NA,NA
Brassica,napus,Brassica napus,Brassicaceae,Apis mellifera,Apis,NA,mellifera,Apidae,Apinae,NA,Insecta,Hymenoptera,100,NSW,Eubalong,-33.23933,146.7108,23/7/2024,July,2024,"Prendergast, K.S. (2025). Insect visitors to canola fields and surrounding vegetation. GRDC Canola pollination project. Dataset. University of Southern Queensland, Toowoomba. [unpublished as of 5/8/25]",S100B,S,1,0,0,1,1,1,NA,NA
Echium,plantagineum,Echium plantagineum,Boraginaceae,Apis mellifera,Apis,NA,mellifera,Apidae,Apinae,NA,Insecta,Hymenoptera,5,NSW,Eubalong,-33.23933,146.7108,23/7/2024,July,2024,"Prendergast, K.S. (2025). Insect visitors to canola fields and surrounding vegetation. GRDC Canola pollination project. Dataset. University of Southern Queensland, Toowoomba. [unpublished as of 5/8/25]",S100B,S,1,0,0,1,1,1,NA,NA
Brassica,napus,Brassica napus,Brassicaceae,Apis mellifera,Apis,NA,mellifera,Apidae,Apinae,NA,Insecta,Hymenoptera,39,NSW,Lake Cargelligo,-33.31494109,146.5805058,30/7/2024,July,2024,"Prendergast, K.S. (2025). Insect visitors to canola fields and surrounding vegetation. GRDC Canola pollination project. Dataset. University of Southern Queensland, Toowoomba. [unpublished as of 5/8/25]",S100B,S,1,0,0,1,1,1,NA,NA
Lycium,ferocissimum,Lycium ferocissimum,Solanaceae,Apis mellifera,Apis,NA,mellifera,Apidae,Apinae,NA,Insecta,Hymenoptera,21,NSW,Willbriggie,-34.439101,145.961842,31/7/2024,July,2024,"Prendergast, K.S. (2025). Insect visitors to canola fields and surrounding vegetation. GRDC Canola pollination project. Dataset. University of Southern Queensland, Toowoomba. [unpublished as of 5/8/25]",S100B,S,1,0,0,1,1,1,NA,NA
Sisymbrium,irio,Sisymbrium irio,Brassicaceae,Apis mellifera,Apis,NA,mellifera,Apidae,Apinae,NA,Insecta,Hymenoptera,12,NSW,Willbriggie,-34.439101,145.961842,31/7/2024,July,2024,"Prendergast, K.S. (2025). Insect visitors to canola fields and surrounding vegetation. GRDC Canola pollination project. Dataset. University of Southern Queensland, Toowoomba. [unpublished as of 5/8/25]",S100B,S,1,0,0,1,1,1,NA,NA
Brassica,napus,Brassica napus,Brassicaceae,Apis mellifera,Apis,NA,mellifera,Apidae,Apinae,NA,Insecta,Hymenoptera,35,NSW,Eubalong,-33.23933,146.7108,1/8/2024,Aug,2024,"Prendergast, K.S. (2025). Insect visitors to canola fields and surrounding vegetation. GRDC Canola pollination project. Dataset. University of Southern Queensland, Toowoomba. [unpublished as of 5/8/25]",S100B,S,1,0,0,1,1,1,NA,NA
Brassica,napus,Brassica napus,Brassicaceae,Apis mellifera,Apis,NA,mellifera,Apidae,Apinae,NA,Insecta,Hymenoptera,542,NSW,Coleambally,-34.918616,145.9144259,2/8/2024,Aug,2024,"Prendergast, K.S. (2025). Insect visitors to canola fields and surrounding vegetation. GRDC Canola pollination project. Dataset. University of Southern Queensland, Toowoomba. [unpublished as of 5/8/25]",S100B,S,1,0,0,1,1,1,NA,NA
Brassica,napus,Brassica napus,Brassicaceae,Apis mellifera,Apis,NA,mellifera,Apidae,Apinae,NA,Insecta,Hymenoptera,26,NSW,Uri Park,-34.6067432,145.8984838,6/8/2024,Aug,2024,"Prendergast, K.S. (2025). Insect visitors to canola fields and surrounding vegetation. GRDC Canola pollination project. Dataset. University of Southern Queensland, Toowoomba. [unpublished as of 5/8/25]",S100B,S,1,0,0,1,1,1,NA,NA
Brassica,napus,Brassica napus,Brassicaceae,Apis mellifera,Apis,NA,mellifera,Apidae,Apinae,NA,Insecta,Hymenoptera,22,NSW,Lake Cargelligo,-33.31494109,146.5805058,7/8/2024,Aug,2024,"Prendergast, K.S. (2025). Insect visitors to canola fields and surrounding vegetation. GRDC Canola pollination project. Dataset. University of Southern Queensland, Toowoomba. [unpublished as of 5/8/25]",S100B,S,1,0,0,1,1,1,NA,NA
Brassica,napus,Brassica napus,Brassicaceae,Apis mellifera,Apis,NA,mellifera,Apidae,Apinae,NA,Insecta,Hymenoptera,40,NSW,Willbriggie,-34.439101,145.961842,8/8/2024,Aug,2024,"Prendergast, K.S. (2025). Insect visitors to canola fields and surrounding vegetation. GRDC Canola pollination project. Dataset. University of Southern Queensland, Toowoomba. [unpublished as of 5/8/25]",S100B,S,1,0,0,1,1,1,NA,NA
Brassica,napus,Brassica napus,Brassicaceae,Apis mellifera,Apis,NA,mellifera,Apidae,Apinae,NA,Insecta,Hymenoptera,92,NSW,Coleambally,-34.918616,145.9144259,9/8/2024,Aug,2024,"Prendergast, K.S. (2025). Insect visitors to canola fields and surrounding vegetation. GRDC Canola pollination project. Dataset. University of Southern Queensland, Toowoomba. [unpublished as of 5/8/25]",S100B,S,1,0,0,1,1,1,NA,NA
Rapistrum,rugosum,Rapistrum rugosum,Brassicaceae,Apis mellifera,Apis,NA,mellifera,Apidae,Apinae,NA,Insecta,Hymenoptera,1,NSW,Eubalong,-33.23933,146.7108,9/8/2024,Aug,2024,"Prendergast, K.S. (2025). Insect visitors to canola fields and surrounding vegetation. GRDC Canola pollination project. Dataset. University of Southern Queensland, Toowoomba. [unpublished as of 5/8/25]",S100B,S,1,0,0,1,1,1,NA,NA
Brassica,napus,Brassica napus,Brassicaceae,Apis mellifera,Apis,NA,mellifera,Apidae,Apinae,NA,Insecta,Hymenoptera,3,NSW,Maude,-34.648827,144.247045,12/8/2024,Aug,2024,"Prendergast, K.S. (2025). Insect visitors to canola fields and surrounding vegetation. GRDC Canola pollination project. Dataset. University of Southern Queensland, Toowoomba. [unpublished as of 5/8/25]",S100B,S,1,0,0,1,1,1,NA,NA
Acacia,pycnantha,Acacia pycnantha,Fabaceae,Apis mellifera,Apis,NA,mellifera,Apidae,Apinae,NA,Insecta,Hymenoptera,1000,NSW,Uri Park,-34.6067432,145.8984838,13/8/2024,Aug,2024,"Prendergast, K.S. (2025). Insect visitors to canola fields and surrounding vegetation. GRDC Canola pollination project. Dataset. University of Southern Queensland, Toowoomba. [unpublished as of 5/8/25]",S100B,S,1,0,0,1,1,1,NA,NA
Brassica,napus,Brassica napus,Brassicaceae,Apis mellifera,Apis,NA,mellifera,Apidae,Apinae,NA,Insecta,Hymenoptera,258,NSW,Uri Park,-34.6067432,145.8984838,13/8/2024,Aug,2024,"Prendergast, K.S. (2025). Insect visitors to canola fields and surrounding vegetation. GRDC Canola pollination project. Dataset. University of Southern Queensland, Toowoomba. [unpublished as of 5/8/25]",S100B,S,1,0,0,1,1,1,NA,NA
Brassica,napus,Brassica napus,Brassicaceae,Apis mellifera,Apis,NA,mellifera,Apidae,Apinae,NA,Insecta,Hymenoptera,94,NSW,Willbriggie,-34.439101,145.961842,14/8/2024,Aug,2024,"Prendergast, K.S. (2025). Insect visitors to canola fields and surrounding vegetation. GRDC Canola pollination project. Dataset. University of Southern Queensland, Toowoomba. [unpublished as of 5/8/25]",S100B,S,1,0,0,1,1,1,NA,NA
Rapistrum,rugosum,Rapistrum rugosum,Brassicaceae,Apis mellifera,Apis,NA,mellifera,Apidae,Apinae,NA,Insecta,Hymenoptera,1,NSW,Willbriggie,-34.439101,145.961842,14/8/2024,Aug,2024,"Prendergast, K.S. (2025). Insect visitors to canola fields and surrounding vegetation. GRDC Canola pollination project. Dataset. University of Southern Queensland, Toowoomba. [unpublished as of 5/8/25]",S100B,S,1,0,0,1,1,1,NA,NA
Brassica,napus,Brassica napus,Brassicaceae,Apis mellifera,Apis,NA,mellifera,Apidae,Apinae,NA,Insecta,Hymenoptera,197,NSW,Coleambally,-34.918616,145.9144259,15/8/2024,Aug,2024,"Prendergast, K.S. (2025). Insect visitors to canola fields and surrounding vegetation. GRDC Canola pollination project. Dataset. University of Southern Queensland, Toowoomba. [unpublished as of 5/8/25]",S100B,S,1,0,0,1,1,1,NA,NA
Echium,plantagineum,Echium plantagineum,Boraginaceae,Apis mellifera,Apis,NA,mellifera,Apidae,Apinae,NA,Insecta,Hymenoptera,8,NSW,Coleambally,-34.918616,145.9144259,15/8/2024,Aug,2024,"Prendergast, K.S. (2025). Insect visitors to canola fields and surrounding vegetation. GRDC Canola pollination project. Dataset. University of Southern Queensland, Toowoomba. [unpublished as of 5/8/25]",S100B,S,1,0,0,1,1,1,NA,NA
Acacia,pycnantha,Acacia pycnantha,Fabaceae,Apis mellifera,Apis,NA,mellifera,Apidae,Apinae,NA,Insecta,Hymenoptera,15,NSW,Uri Park,-34.6067432,145.8984838,19/8/2024,Aug,2024,"Prendergast, K.S. (2025). Insect visitors to canola fields and surrounding vegetation. GRDC Canola pollination project. Dataset. University of Southern Queensland, Toowoomba. [unpublished as of 5/8/25]",S100B,S,1,0,0,1,1,1,NA,NA
Brassica,napus,Brassica napus,Brassicaceae,Apis mellifera,Apis,NA,mellifera,Apidae,Apinae,NA,Insecta,Hymenoptera,427,NSW,Uri Park,-34.6067432,145.8984838,19/8/2024,Aug,2024,"Prendergast, K.S. (2025). Insect visitors to canola fields and surrounding vegetation. GRDC Canola pollination project. Dataset. University of Southern Queensland, Toowoomba. [unpublished as of 5/8/25]",S100B,S,1,0,0,1,1,1,NA,NA
Brassica,napus,Brassica napus,Brassicaceae,Apis mellifera,Apis,NA,mellifera,Apidae,Apinae,NA,Insecta,Hymenoptera,157,NSW,Uri Park,-34.6067432,145.8984838,21/8/2024,Aug,2024,"Prendergast, K.S. (2025). Insect visitors to canola fields and surrounding vegetation. GRDC Canola pollination project. Dataset. University of Southern Queensland, Toowoomba. [unpublished as of 5/8/25]",S100B,S,1,0,0,1,1,1,NA,NA
Brassica,napus,Brassica napus,Brassicaceae,Apis mellifera,Apis,NA,mellifera,Apidae,Apinae,NA,Insecta,Hymenoptera,7,NSW,Willbriggie,-34.439101,145.961842,21/8/2024,Aug,2024,"Prendergast, K.S. (2025). Insect visitors to canola fields and surrounding vegetation. GRDC Canola pollination project. Dataset. University of Southern Queensland, Toowoomba. [unpublished as of 5/8/25]",S100B,S,1,0,0,1,1,1,NA,NA
Erodium,crinitum,Erodium crinitum,Geraniaceae,Lasioglossum (Chilalictus) metallicum,Lasioglossum,NA,metallicum,Halictidae,Halictinae,NA,Insecta,Hymenoptera,1,NSW,Willbriggie,-34.439101,145.961842,31/7/2024,July,2024,"Prendergast, K.S. (2025). Insect visitors to canola fields and surrounding vegetation. GRDC Canola pollination project. Dataset. University of Southern Queensland, Toowoomba. [unpublished as of 5/8/25]",S100B,S,1,1,0,1,1,1,NA,NA
Brassica,napus,Brassica napus,Brassicaceae,Lasioglossum (Chilalictus) metallicum,Lasioglossum,NA,metallicum,Halictidae,Halictinae,NA,Insecta,Hymenoptera,1,NSW,Willbriggie,-34.439101,145.961842,8/8/2024,Aug,2024,"Prendergast, K.S. (2025). Insect visitors to canola fields and surrounding vegetation. GRDC Canola pollination project. Dataset. University of Southern Queensland, Toowoomba. [unpublished as of 5/8/25]",S100B,S,1,1,0,1,1,1,NA,NA
Brassica,napus,Brassica napus,Brassicaceae,Lasioglossum (Chilalictus) metallicum,Lasioglossum,NA,metallicum,Halictidae,Halictinae,NA,Insecta,Hymenoptera,15,NSW,Uri Park,-34.6067432,145.8984838,13/8/2024,Aug,2024,"Prendergast, K.S. (2025). Insect visitors to canola fields and surrounding vegetation. GRDC Canola pollination project. Dataset. University of Southern Queensland, Toowoomba. [unpublished as of 5/8/25]",S100B,S,1,1,0,1,1,1,NA,NA
Brassica,napus,Brassica napus,Brassicaceae,Lasioglossum (Chilalictus) metallicum,Lasioglossum,NA,metallicum,Halictidae,Halictinae,NA,Insecta,Hymenoptera,3,NSW,Willbriggie,-34.439101,145.961842,14/8/2024,Aug,2024,"Prendergast, K.S. (2025). Insect visitors to canola fields and surrounding vegetation. GRDC Canola pollination project. Dataset. University of Southern Queensland, Toowoomba. [unpublished as of 5/8/25]",S100B,S,1,1,0,1,1,1,NA,NA
Sisymbrium,irio,Sisymbrium irio,Brassicaceae,Lasioglossum (Chilalictus) metallicum,Lasioglossum,NA,metallicum,Halictidae,Halictinae,NA,Insecta,Hymenoptera,1,NSW,Willbriggie,-34.439101,145.961842,14/8/2024,Aug,2024,"Prendergast, K.S. (2025). Insect visitors to canola fields and surrounding vegetation. GRDC Canola pollination project. Dataset. University of Southern Queensland, Toowoomba. [unpublished as of 5/8/25]",S100B,S,1,1,0,1,1,1,NA,NA
Brassica,napus,Brassica napus,Brassicaceae,Lasioglossum (Chilalictus) metallicum,Lasioglossum,NA,metallicum,Halictidae,Halictinae,NA,Insecta,Hymenoptera,3,NSW,Uri Park,-34.6067432,145.8984838,19/8/2024,Aug,2024,"Prendergast, K.S. (2025). Insect visitors to canola fields and surrounding vegetation. GRDC Canola pollination project. Dataset. University of Southern Queensland, Toowoomba. [unpublished as of 5/8/25]",S100B,S,1,1,0,1,1,1,NA,NA
Brassica,napus,Brassica napus,Brassicaceae,Lasioglossum (Chilalictus) mundulum?,Lasioglossum,NA,mundulum?,Halictidae,Halictinae,NA,Insecta,Hymenoptera,4,NSW,Coleambally,-34.918616,145.9144259,15/8/2024,Aug,2024,"Prendergast, K.S. (2025). Insect visitors to canola fields and surrounding vegetation. GRDC Canola pollination project. Dataset. University of Southern Queensland, Toowoomba. [unpublished as of 5/8/25]",S100B,S,1,1,0,1,1,1,NA,NA
Brassica,napus,Brassica napus,Brassicaceae,Zizina otis,Zizina,NA,otis,Lycaenidae,Polyommatinae,NA,Insecta,Lepidoptera,1,NSW,Lake Cargelligo,-33.31494109,146.5805058,30/7/2024,July,2024,"Prendergast, K.S. (2025). Insect visitors to canola fields and surrounding vegetation. GRDC Canola pollination project. Dataset. University of Southern Queensland, Toowoomba. [unpublished as of 5/8/25]",S100B,S,1,1,0,1,1,1,NA,NA
Sisymbrium,erysimoides,Sisymbrium erysimoides,Brassicaceae,Zizina otis,Zizina,NA,otis,Lycaenidae,Polyommatinae,NA,Insecta,Lepidoptera,1,NSW,Eubalong,-33.23933,146.7108,1/8/2024,Aug,2024,"Prendergast, K.S. (2025). Insect visitors to canola fields and surrounding vegetation. GRDC Canola pollination project. Dataset. University of Southern Queensland, Toowoomba. [unpublished as of 5/8/25]",S100B,S,1,1,0,1,1,1,NA,NA
Rapistrum,rugosum,Rapistrum rugosum,Brassicaceae,Zizina otis,Zizina,NA,otis,Lycaenidae,Polyommatinae,NA,Insecta,Lepidoptera,1,NSW,Eubalong,-33.23933,146.7108,9/8/2024,Aug,2024,"Prendergast, K.S. (2025). Insect visitors to canola fields and surrounding vegetation. GRDC Canola pollination project. Dataset. University of Southern Queensland, Toowoomba. [unpublished as of 5/8/25]",S100B,S,1,1,0,1,1,1,NA,NA
Rapistrum,rugosum,Rapistrum rugosum,Brassicaceae,Lasioglossum (Chilalictus) pachycephalum,Lasioglossum,NA,pachycephalum,Halictidae,Halictinae,NA,Insecta,Hymenoptera,1,NSW,Eubalong,-33.23933,146.7108,9/8/2024,Aug,2024,"Prendergast, K.S. (2025). Insect visitors to canola fields and surrounding vegetation. GRDC Canola pollination project. Dataset. University of Southern Queensland, Toowoomba. [unpublished as of 5/8/25]",S100B,S,1,1,0,1,1,1,NA,NA
Brassica,napus,Brassica napus,Brassicaceae,Danaus petilia,Danaus,NA,petilia,Nymphalidae,Danainae,NA,Insecta,Lepidoptera,1,NSW,Eubalong,-33.23933,146.7108,9/8/2024,Aug,2024,"Prendergast, K.S. (2025). Insect visitors to canola fields and surrounding vegetation. GRDC Canola pollination project. Dataset. University of Southern Queensland, Toowoomba. [unpublished as of 5/8/25]",S100B,S,1,1,0,1,1,1,NA,NA
Oxalis,caprae,Oxalis pes-caprae,Oxalidaceae,Pieris rapae,Pieris,NA,rapae,Pieridae,Pierinae,NA,Insecta,Lepidoptera,2,NSW,Willbriggie,-34.439101,145.961842,14/8/2024,Aug,2024,"Prendergast, K.S. (2025). Insect visitors to canola fields and surrounding vegetation. GRDC Canola pollination project. Dataset. University of Southern Queensland, Toowoomba. [unpublished as of 5/8/25]",S100B,S,1,1,0,1,1,1,NA,NA
Brassica,napus,Brassica napus,Brassicaceae,Phormia regina,Phormia,NA,regina,Calliphoridae,Chrysomyinae,NA,Insecta,Diptera,1,NSW,Willbriggie,-34.439101,145.961842,8/8/2024,Aug,2024,"Prendergast, K.S. (2025). Insect visitors to canola fields and surrounding vegetation. GRDC Canola pollination project. Dataset. University of Southern Queensland, Toowoomba. [unpublished as of 5/8/25]",S100B,S,1,1,0,1,1,1,NA,NA
Brassica,napus,Brassica napus,Brassicaceae,Phormia regina,Phormia,NA,regina,Calliphoridae,Chrysomyinae,NA,Insecta,Diptera,2,NSW,Willbriggie,-34.439101,145.961842,14/8/2024,Aug,2024,"Prendergast, K.S. (2025). Insect visitors to canola fields and surrounding vegetation. GRDC Canola pollination project. Dataset. University of Southern Queensland, Toowoomba. [unpublished as of 5/8/25]",S100B,S,1,1,0,1,1,1,NA,NA
Brassica,napus,Brassica napus,Brassicaceae,Phormia regina,Phormia,NA,regina,Calliphoridae,Chrysomyinae,NA,Insecta,Diptera,4,NSW,Willbriggie,-34.439101,145.961842,14/8/2024,Aug,2024,"Prendergast, K.S. (2025). Insect visitors to canola fields and surrounding vegetation. GRDC Canola pollination project. Dataset. University of Southern Queensland, Toowoomba. [unpublished as of 5/8/25]",S100B,S,1,1,0,1,1,1,NA,NA
Brassica,napus,Brassica napus,Brassicaceae,Phormia regina,Phormia,NA,regina,Calliphoridae,Chrysomyinae,NA,Insecta,Diptera,1,NSW,Uri Park,-34.6067432,145.8984838,21/8/2024,Aug,2024,"Prendergast, K.S. (2025). Insect visitors to canola fields and surrounding vegetation. GRDC Canola pollination project. Dataset. University of Southern Queensland, Toowoomba. [unpublished as of 5/8/25]",S100B,S,1,1,0,1,1,1,NA,NA
Brassica,napus,Brassica napus,Brassicaceae,Drosophila repleta,Drosophila,NA,repleta,Drosophilidae,Drosophilinae,NA,Insecta,Diptera,1,NSW,Eubalong,-33.23933,146.7108,23/7/2024,July,2024,"Prendergast, K.S. (2025). Insect visitors to canola fields and surrounding vegetation. GRDC Canola pollination project. Dataset. University of Southern Queensland, Toowoomba. [unpublished as of 5/8/25]",S100B,S,1,1,0,1,1,1,NA,NA
Rapistrum,rugosum,Rapistrum rugosum,Brassicaceae,Drosophila repleta,Drosophila,NA,repleta,Drosophilidae,Drosophilinae,NA,Insecta,Diptera,2,NSW,Eubalong,-33.23933,146.7108,9/8/2024,Aug,2024,"Prendergast, K.S. (2025). Insect visitors to canola fields and surrounding vegetation. GRDC Canola pollination project. Dataset. University of Southern Queensland, Toowoomba. [unpublished as of 5/8/25]",S100B,S,1,1,0,1,1,1,NA,NA
Sisymbrium,irio,Sisymbrium irio,Brassicaceae,Theclinesthes serpentata,Theclinesthes,NA,serpentata,Lycaenidae,Polyommatinae,NA,Insecta,Lepidoptera,2,NSW,Eubalong,-33.23933,146.7108,9/8/2024,Aug,2024,"Prendergast, K.S. (2025). Insect visitors to canola fields and surrounding vegetation. GRDC Canola pollination project. Dataset. University of Southern Queensland, Toowoomba. [unpublished as of 5/8/25]",S100B,S,1,1,0,1,1,1,NA,NA
Brassica,napus,Brassica napus,Brassicaceae,Crocidosema sp.,Crocidosema,NA,sp.,Tortricidae,Orlethreutinae,NA,Insecta,Lepidoptera,1,NSW,Willbriggie,-34.439101,145.961842,7/8/2024,Aug,2024,"Prendergast, K.S. (2025). Insect visitors to canola fields and surrounding vegetation. GRDC Canola pollination project. Dataset. University of Southern Queensland, Toowoomba. [unpublished as of 5/8/25]",S100B,S,1,1,0,1,1,1,NA,NA
Brassica,napus,Brassica napus,Brassicaceae,Apoidea sp.,NA,NA,sp.,NA,NA,NA,Insecta,Hymenoptera,1,NSW,Coleambally,-34.918616,145.9144259,9/8/2024,Aug,2024,"Prendergast, K.S. (2025). Insect visitors to canola fields and surrounding vegetation. GRDC Canola pollination project. Dataset. University of Southern Queensland, Toowoomba. [unpublished as of 5/8/25]",S100B,S,1,1,0,1,1,1,NA,NA
Brassica,napus,Brassica napus,Brassicaceae,Dicranolaius sp.,Dicranolaius,NA,sp.,Merlyridae,Malachiinae,NA,Insecta,Coleoptera,1,NSW,Maude,-34.648827,144.247045,12/8/2024,Aug,2024,"Prendergast, K.S. (2025). Insect visitors to canola fields and surrounding vegetation. GRDC Canola pollination project. Dataset. University of Southern Queensland, Toowoomba. [unpublished as of 5/8/25]",S100B,S,1,1,0,1,1,1,NA,NA
Brassica,napus,Brassica napus,Brassicaceae,Netelia sp.,Netelia,NA,sp.,Ichneumonidae,"Tryphoninae
",NA,Insecta,Hymenoptera,1,NSW,Uri Park,-34.6067432,145.8984838,13/8/2024,Aug,2024,"Prendergast, K.S. (2025). Insect visitors to canola fields and surrounding vegetation. GRDC Canola pollination project. Dataset. University of Southern Queensland, Toowoomba. [unpublished as of 5/8/25]",S100B,S,1,1,0,1,1,1,NA,NA
Brassica,napus,Brassica napus,Brassicaceae,Ichneumonoidea sp.,NA,NA,sp.,NA,NA,NA,Insecta,Hymenoptera,1,NSW,Coleambally,-34.918616,145.9144259,15/8/2024,Aug,2024,"Prendergast, K.S. (2025). Insect visitors to canola fields and surrounding vegetation. GRDC Canola pollination project. Dataset. University of Southern Queensland, Toowoomba. [unpublished as of 5/8/25]",S100B,S,1,1,0,1,1,1,NA,NA
Brassica,napus,Brassica napus,Brassicaceae,Braconidae sp.,NA,NA,sp.,Braconidae,NA,NA,Insecta,Hymenoptera,1,NSW,Uri Park,-34.6067432,145.8984838,21/8/2024,Aug,2024,"Prendergast, K.S. (2025). Insect visitors to canola fields and surrounding vegetation. GRDC Canola pollination project. Dataset. University of Southern Queensland, Toowoomba. [unpublished as of 5/8/25]",S100B,S,1,1,0,1,1,1,NA,NA
Brassica,napus,Brassica napus,Brassicaceae,Crocidosema sp.,Crocidosema,NA,sp.,Tortricidae,Orlethreutinae,NA,Insecta,Lepidoptera,1,NSW,Uri Park,-34.6067432,145.8984838,21/8/2024,Aug,2024,"Prendergast, K.S. (2025). Insect visitors to canola fields and surrounding vegetation. GRDC Canola pollination project. Dataset. University of Southern Queensland, Toowoomba. [unpublished as of 5/8/25]",S100B,S,1,1,0,1,1,1,NA,NA
Sisymbrium,irio,Sisymbrium irio,Brassicaceae,Lauxaniidae sp.1,NA,NA,sp.1,Lauxaniidae,NA,NA,Insecta,Diptera,1,NSW,Eubalong,-33.23933,146.7108,9/8/2024,Aug,2024,"Prendergast, K.S. (2025). Insect visitors to canola fields and surrounding vegetation. GRDC Canola pollination project. Dataset. University of Southern Queensland, Toowoomba. [unpublished as of 5/8/25]",S100B,S,1,1,0,1,1,1,NA,NA
Sisymbrium,irio,Sisymbrium irio,Solanaceae,Exorista sp.1,Exorista,NA,sp.1,Tachinidae,Goniinae,NA,Insecta,Diptera,1,NSW,Willbriggie,-34.439101,145.961842,14/8/2024,Aug,2024,"Prendergast, K.S. (2025). Insect visitors to canola fields and surrounding vegetation. GRDC Canola pollination project. Dataset. University of Southern Queensland, Toowoomba. [unpublished as of 5/8/25]",S100B,S,1,1,0,1,1,1,NA,NA
Brassica,napus,Brassica napus,Brassicaceae,Drosophilidae sp.1NSW,NA,NA,sp.1NSW,Drosophilidae,NA,NA,Insecta,Diptera,2,NSW,Eubalong,-33.23933,146.7108,23/7/2024,July,2024,"Prendergast, K.S. (2025). Insect visitors to canola fields and surrounding vegetation. GRDC Canola pollination project. Dataset. University of Southern Queensland, Toowoomba. [unpublished as of 5/8/25]",S100B,S,1,1,0,1,1,1,NA,NA
Brassica,napus,Brassica napus,Brassicaceae,Ichneumonidae sp.1NSW,NA,NA,sp.1NSW,Ichneumonidae,NA,NA,Insecta,Hymenoptera,1,NSW,Eubalong,-33.23933,146.7108,23/7/2024,July,2024,"Prendergast, K.S. (2025). Insect visitors to canola fields and surrounding vegetation. GRDC Canola pollination project. Dataset. University of Southern Queensland, Toowoomba. [unpublished as of 5/8/25]",S100B,S,1,1,0,1,1,1,NA,NA
Sisymbrium,irio,Sisymbrium irio,Brassicaceae,Aphyssura sp.1NSW,Aphyssura,NA,sp.1NSW,Calliphoridae,Aphyssurinae,NA,Insecta,Diptera,7,NSW,Willbriggie,-34.439101,145.961842,31/7/2024,July,2024,"Prendergast, K.S. (2025). Insect visitors to canola fields and surrounding vegetation. GRDC Canola pollination project. Dataset. University of Southern Queensland, Toowoomba. [unpublished as of 5/8/25]",S100B,S,1,1,0,1,1,1,NA,NA
Brassica,napus,Brassica napus,Brassicaceae,Apamea sp.1NSW,Apamea,NA,sp.1NSW,Noctuidae,Noctuinae,NA,Insecta,Lepidoptera,2,NSW,Maude,-34.648827,144.247045,5/8/2024,Aug,2024,"Prendergast, K.S. (2025). Insect visitors to canola fields and surrounding vegetation. GRDC Canola pollination project. Dataset. University of Southern Queensland, Toowoomba. [unpublished as of 5/8/25]",S100B,S,1,1,0,1,1,1,NA,NA
Brassica,napus,Brassica napus,Brassicaceae,Ichneumonidae sp.1NSW,NA,NA,sp.1NSW,Ichneumonidae,NA,NA,Insecta,Hymenoptera,1,NSW,Maude,-34.648827,144.247045,5/8/2024,Aug,2024,"Prendergast, K.S. (2025). Insect visitors to canola fields and surrounding vegetation. GRDC Canola pollination project. Dataset. University of Southern Queensland, Toowoomba. [unpublished as of 5/8/25]",S100B,S,1,1,0,1,1,1,NA,NA
Brassica,napus,Brassica napus,Brassicaceae,Apamea sp.1NSW,Apamea,NA,sp.1NSW,Noctuidae,Noctuinae,NA,Insecta,Lepidoptera,1,NSW,Willbriggie,-34.439101,145.961842,8/8/2024,Aug,2024,"Prendergast, K.S. (2025). Insect visitors to canola fields and surrounding vegetation. GRDC Canola pollination project. Dataset. University of Southern Queensland, Toowoomba. [unpublished as of 5/8/25]",S100B,S,1,1,0,1,1,1,NA,NA
Capistrum,rugosum,Rapistrum rugosum,Brassicaceae,Aphyssura sp.1NSW,Aphyssura,NA,sp.1NSW,Calliphoridae,Aphyssurinae,NA,Insecta,Diptera,1,NSW,Willbriggie,-34.439101,145.961842,8/8/2024,Aug,2024,"Prendergast, K.S. (2025). Insect visitors to canola fields and surrounding vegetation. GRDC Canola pollination project. Dataset. University of Southern Queensland, Toowoomba. [unpublished as of 5/8/25]",S100B,S,1,1,0,1,1,1,NA,NA
Echium,plantagineum,Echium plantagineum,Boraginaceae,Syrphidae sp.1NSW Det.,NA,NA,sp.1NSW,Syrphidae,NA,NA,Insecta,Diptera,1,NSW,Eubalong,-33.23933,146.7108,9/8/2024,Aug,2024,"Prendergast, K.S. (2025). Insect visitors to canola fields and surrounding vegetation. GRDC Canola pollination project. Dataset. University of Southern Queensland, Toowoomba. [unpublished as of 5/8/25]",S100B,S,1,1,0,1,1,1,NA,NA
Brassica,napus,Brassica napus,Brassicaceae,Tabanidae sp.1NSW,NA,NA,sp.1NSW,Tabanidae,NA,NA,Insecta,Diptera,1,NSW,Eubalong,-33.23933,146.7108,9/8/2024,Aug,2024,"Prendergast, K.S. (2025). Insect visitors to canola fields and surrounding vegetation. GRDC Canola pollination project. Dataset. University of Southern Queensland, Toowoomba. [unpublished as of 5/8/25]",S100B,S,1,1,0,1,1,1,NA,NA
Brassica,napus,Brassica napus,Brassicaceae,Nematocera sp.1NSW,NA,NA,sp.1NSW,NA,NA,NA,Insecta,Diptera,3,NSW,Maude,-34.648827,144.247045,12/8/2024,Aug,2024,"Prendergast, K.S. (2025). Insect visitors to canola fields and surrounding vegetation. GRDC Canola pollination project. Dataset. University of Southern Queensland, Toowoomba. [unpublished as of 5/8/25]",S100B,S,1,1,0,1,1,1,NA,NA
Brassica,napus,Brassica napus,Brassicaceae,Aphyssura sp.1NSW,Aphyssura,NA,sp.1NSW,Calliphoridae,Aphyssurinae,NA,Insecta,Diptera,4,NSW,Coleambally,-34.918616,145.9144259,15/8/2024,Aug,2024,"Prendergast, K.S. (2025). Insect visitors to canola fields and surrounding vegetation. GRDC Canola pollination project. Dataset. University of Southern Queensland, Toowoomba. [unpublished as of 5/8/25]",S100B,S,1,1,0,1,1,1,NA,NA
Brassica,napus,Brassica napus,Brassicaceae,Nematocera sp.1NSW,NA,NA,sp.1NSW,NA,NA,NA,Insecta,Diptera,1,NSW,Coleambally,-34.918616,145.9144259,15/8/2024,Aug,2024,"Prendergast, K.S. (2025). Insect visitors to canola fields and surrounding vegetation. GRDC Canola pollination project. Dataset. University of Southern Queensland, Toowoomba. [unpublished as of 5/8/25]",S100B,S,1,1,0,1,1,1,NA,NA
Brassica,napus,Brassica napus,Brassicaceae,Aphyssura sp.1NSW,Aphyssura,NA,sp.1NSW,Calliphoridae,Aphyssurinae,NA,Insecta,Diptera,1,NSW,Uri Park,-34.6067432,145.8984838,19/8/2024,Aug,2024,"Prendergast, K.S. (2025). Insect visitors to canola fields and surrounding vegetation. GRDC Canola pollination project. Dataset. University of Southern Queensland, Toowoomba. [unpublished as of 5/8/25]",S100B,S,1,1,0,1,1,1,NA,NA
Brassica,napus,Brassica napus,Brassicaceae,Muscidae sp.1NSW,NA,NA,sp.1NSW,Muscidae,NA,NA,Insecta,Diptera,3,NSW,Uri Park,-34.6067432,145.8984838,19/8/2024,Aug,2024,"Prendergast, K.S. (2025). Insect visitors to canola fields and surrounding vegetation. GRDC Canola pollination project. Dataset. University of Southern Queensland, Toowoomba. [unpublished as of 5/8/25]",S100B,S,1,1,0,1,1,1,NA,NA
Brassica,napus,Brassica napus,Brassicaceae,Aphyssura sp.1NSW,Aphyssura,NA,sp.1NSW,Calliphoridae,Aphyssurinae,NA,Insecta,Diptera,1,NSW,Willbriggie,-34.439101,145.961842,21/8/2024,Aug,2024,"Prendergast, K.S. (2025). Insect visitors to canola fields and surrounding vegetation. GRDC Canola pollination project. Dataset. University of Southern Queensland, Toowoomba. [unpublished as of 5/8/25]",S100B,S,1,1,0,1,1,1,NA,NA
Brassica,napus,Brassica napus,Brassicaceae,Nematocera sp.1SA,NA,NA,sp.1SA,NA,NA,NA,Insecta,Diptera,2,NSW,Coleambally,-34.918616,145.9144259,24/7/2024,July,2024,"Prendergast, K.S. (2025). Insect visitors to canola fields and surrounding vegetation. GRDC Canola pollination project. Dataset. University of Southern Queensland, Toowoomba. [unpublished as of 5/8/25]",S100B,S,1,1,0,1,1,1,NA,NA
Brassica,napus,Brassica napus,Brassicaceae,Nematocera sp.1SA,NA,NA,sp.1SA,NA,NA,NA,Insecta,Diptera,8,NSW,Maude,-34.648827,144.247045,5/8/2024,Aug,2024,"Prendergast, K.S. (2025). Insect visitors to canola fields and surrounding vegetation. GRDC Canola pollination project. Dataset. University of Southern Queensland, Toowoomba. [unpublished as of 5/8/25]",S100B,S,1,1,0,1,1,1,NA,NA
Brassica,napus,Brassica napus,Brassicaceae,Nematocera sp.1SA,NA,NA,sp.1SA,NA,NA,NA,Insecta,Diptera,1,NSW,Uri Park,-34.6067432,145.8984838,19/8/2024,Aug,2024,"Prendergast, K.S. (2025). Insect visitors to canola fields and surrounding vegetation. GRDC Canola pollination project. Dataset. University of Southern Queensland, Toowoomba. [unpublished as of 5/8/25]",S100B,S,1,1,0,1,1,1,NA,NA
Brassica,napus,Brassica napus,Brassicaceae,Nematocera sp.2NSW,NA,NA,sp.2NSW,NA,NA,NA,Insecta,Diptera,1,NSW,Eubalong,-33.23933,146.7108,23/7/2024,July,2024,"Prendergast, K.S. (2025). Insect visitors to canola fields and surrounding vegetation. GRDC Canola pollination project. Dataset. University of Southern Queensland, Toowoomba. [unpublished as of 5/8/25]",S100B,S,1,1,0,1,1,1,NA,NA
Brassica,napus,Brassica napus,Brassicaceae,Nematocera sp.2NSW,NA,NA,sp.2NSW,NA,NA,NA,Insecta,Diptera,2,NSW,Coleambally,-34.918616,145.9144259,24/7/2024,July,2024,"Prendergast, K.S. (2025). Insect visitors to canola fields and surrounding vegetation. GRDC Canola pollination project. Dataset. University of Southern Queensland, Toowoomba. [unpublished as of 5/8/25]",S100B,S,1,1,0,1,1,1,NA,NA
Brassica,napus,Brassica napus,Brassicaceae,Nematocera sp.2NSW,NA,NA,sp.2NSW,NA,NA,NA,Insecta,Diptera,16,NSW,Lake Cargelligo,-33.31494109,146.5805058,30/7/2024,July,2024,"Prendergast, K.S. (2025). Insect visitors to canola fields and surrounding vegetation. GRDC Canola pollination project. Dataset. University of Southern Queensland, Toowoomba. [unpublished as of 5/8/25]",S100B,S,1,1,0,1,1,1,NA,NA
Brassica,napus,Brassica napus,Brassicaceae,Nematocera sp.2NSW,NA,NA,sp.2NSW,NA,NA,NA,Insecta,Diptera,6,NSW,Lake Cargelligo,-33.31494109,146.5805058,7/8/2024,Aug,2024,"Prendergast, K.S. (2025). Insect visitors to canola fields and surrounding vegetation. GRDC Canola pollination project. Dataset. University of Southern Queensland, Toowoomba. [unpublished as of 5/8/25]",S100B,S,1,1,0,1,1,1,NA,NA
Brassica,napus,Brassica napus,Brassicaceae,Nematocera sp.2NSW,NA,NA,sp.2NSW,NA,NA,NA,Insecta,Diptera,4,NSW,Lake Cargelligo,-33.31494109,146.5805058,18/8/2024,Aug,2024,"Prendergast, K.S. (2025). Insect visitors to canola fields and surrounding vegetation. GRDC Canola pollination project. Dataset. University of Southern Queensland, Toowoomba. [unpublished as of 5/8/25]",S100B,S,1,1,0,1,1,1,NA,NA
Brassica,napus,Brassica napus,Brassicaceae,Calliphora stygia,Calliphora,NA,stygia,Calliphoridae,Calliphorinae,NA,Insecta,Diptera,1,NSW,Eubalong,-33.23933,146.7108,23/7/2024,July,2024,"Prendergast, K.S. (2025). Insect visitors to canola fields and surrounding vegetation. GRDC Canola pollination project. Dataset. University of Southern Queensland, Toowoomba. [unpublished as of 5/8/25]",S100B,S,1,1,0,1,1,1,NA,NA
Brassica,napus,Brassica napus,Brassicaceae,Calliphora stygia,Calliphora,NA,stygia,Calliphoridae,Calliphorinae,NA,Insecta,Diptera,5,NSW,Maude,-34.648827,144.247045,5/8/2024,Aug,2024,"Prendergast, K.S. (2025). Insect visitors to canola fields and surrounding vegetation. GRDC Canola pollination project. Dataset. University of Southern Queensland, Toowoomba. [unpublished as of 5/8/25]",S100B,S,1,1,0,1,1,1,NA,NA
Echium,plantagineum,Echium plantagineum,Boraginaceae,Lasioglossum (Homalictus) urbanum,Lasioglossum,NA,urbanum,Halictidae,Halictinae,NA,Insecta,Hymenoptera,1,NSW,Maude,-34.648827,144.247045,23/7/2024,July,2024,"Prendergast, K.S. (2025). Insect visitors to canola fields and surrounding vegetation. GRDC Canola pollination project. Dataset. University of Southern Queensland, Toowoomba. [unpublished as of 5/8/25]",S100B,S,1,1,0,1,1,1,NA,NA
Sisymbrium,irio,Sisymbrium irio,Brassicaceae,Lasioglossum (Homalictus) urbanum,Lasioglossum,NA,urbanum,Halictidae,Halictinae,NA,Insecta,Hymenoptera,2,NSW,Willbriggie,-34.439101,145.961842,31/7/2024,July,2024,"Prendergast, K.S. (2025). Insect visitors to canola fields and surrounding vegetation. GRDC Canola pollination project. Dataset. University of Southern Queensland, Toowoomba. [unpublished as of 5/8/25]",S100B,S,1,1,0,1,1,1,NA,NA
Sisymbrium,irio,Sisymbrium irio,Brassicaceae,Lasioglossum (Homalictus) urbanum,Lasioglossum,NA,urbanum,Halictidae,Halictinae,NA,Insecta,Hymenoptera,2,NSW,Eubalong,-33.23933,146.7108,9/8/2024,Aug,2024,"Prendergast, K.S. (2025). Insect visitors to canola fields and surrounding vegetation. GRDC Canola pollination project. Dataset. University of Southern Queensland, Toowoomba. [unpublished as of 5/8/25]",S100B,S,1,1,0,1,1,1,NA,NA
Malva,parviflora,Malva parviflora,Malvaceae,Lasioglossum (Homalictus) urbanum,Lasioglossum,NA,urbanum,Halictidae,Halictinae,NA,Insecta,Hymenoptera,1,NSW,Willbriggie,-34.439101,145.961842,14/8/2024,Aug,2024,"Prendergast, K.S. (2025). Insect visitors to canola fields and surrounding vegetation. GRDC Canola pollination project. Dataset. University of Southern Queensland, Toowoomba. [unpublished as of 5/8/25]",S100B,S,1,1,0,1,1,1,NA,NA
Rapistrum,rugosum,Rapistrum rugosum,Brassicaceae,Lasioglossum (Homalictus) urbanum,Lasioglossum,NA,urbanum,Halictidae,Halictinae,NA,Insecta,Hymenoptera,1,NSW,Willbriggie,-34.439101,145.961842,14/8/2024,Aug,2024,"Prendergast, K.S. (2025). Insect visitors to canola fields and surrounding vegetation. GRDC Canola pollination project. Dataset. University of Southern Queensland, Toowoomba. [unpublished as of 5/8/25]",S100B,S,1,1,0,1,1,1,NA,NA
Brassica,napus,Brassica napus,Brassicaceae,Lasioglossum (Homalictus) urbanum,Lasioglossum,NA,urbanum,Halictidae,Halictinae,NA,Insecta,Hymenoptera,3,NSW,Uri Park,-34.6067432,145.8984838,19/8/2024,Aug,2024,"Prendergast, K.S. (2025). Insect visitors to canola fields and surrounding vegetation. GRDC Canola pollination project. Dataset. University of Southern Queensland, Toowoomba. [unpublished as of 5/8/25]",S100B,S,1,1,0,1,1,1,NA,NA
Lycium,ferocissimum,Lycium ferocissimum,Solanaceae,Junonia villida,Junonia,NA,villida,Nymphalidae,Nymphalinae,NA,Insecta,Lepidoptera,1,NSW,Willbriggie,-34.439101,145.961842,31/7/2024,July,2024,"Prendergast, K.S. (2025). Insect visitors to canola fields and surrounding vegetation. GRDC Canola pollination project. Dataset. University of Southern Queensland, Toowoomba. [unpublished as of 5/8/25]",S100B,S,1,1,0,1,1,1,NA,NA
Brassica,napus,Brassica napus,Brassicaceae,Junonia villida,Junonia,NA,villida,Nymphalidae,Nymphalinae,NA,Insecta,Lepidoptera,1,NSW,Uri Park,-34.6067432,145.8984838,21/8/2024,Aug,2024,"Prendergast, K.S. (2025). Insect visitors to canola fields and surrounding vegetation. GRDC Canola pollination project. Dataset. University of Southern Queensland, Toowoomba. [unpublished as of 5/8/25]",S100B,S,1,1,0,1,1,1,NA,NA
Brassica,napus,Brassica napus,Brassicaceae,Melangyna viridiceps,Melangyna,NA,viridiceps,Syrphidae,Syrphinae,NA,Insecta,Diptera,55,NSW,Eubalong,-33.23933,146.7108,23/7/2024,July,2024,"Prendergast, K.S. (2025). Insect visitors to canola fields and surrounding vegetation. GRDC Canola pollination project. Dataset. University of Southern Queensland, Toowoomba. [unpublished as of 5/8/25]",S100B,S,1,1,0,1,1,1,NA,NA
Brassica,napus,Brassica napus,Brassicaceae,Melangyna viridiceps,Melangyna,NA,viridiceps,Syrphidae,Syrphinae,NA,Insecta,Diptera,46,NSW,Coleambally,-34.918616,145.9144259,24/7/2024,July,2024,"Prendergast, K.S. (2025). Insect visitors to canola fields and surrounding vegetation. GRDC Canola pollination project. Dataset. University of Southern Queensland, Toowoomba. [unpublished as of 5/8/25]",S100B,S,1,1,0,1,1,1,NA,NA
Brassica,napus,Brassica napus,Brassicaceae,Melangyna viridiceps,Melangyna,NA,viridiceps,Syrphidae,Syrphinae,NA,Insecta,Diptera,44,NSW,Lake Cargelligo,-33.31494109,146.5805058,30/7/2024,July,2024,"Prendergast, K.S. (2025). Insect visitors to canola fields and surrounding vegetation. GRDC Canola pollination project. Dataset. University of Southern Queensland, Toowoomba. [unpublished as of 5/8/25]",S100B,S,1,1,0,1,1,1,NA,NA
Sonchus,sp,Sonchus sp,Asteraceae,Melangyna viridiceps,Melangyna,NA,viridiceps,Syrphidae,Syrphinae,NA,Insecta,Diptera,1,NSW,Lake Cargelligo,-33.31494109,146.5805058,30/7/2024,July,2024,"Prendergast, K.S. (2025). Insect visitors to canola fields and surrounding vegetation. GRDC Canola pollination project. Dataset. University of Southern Queensland, Toowoomba. [unpublished as of 5/8/25]",S100B,S,1,1,0,1,1,1,NA,NA
Xerochrysum,viscosum,Xerochrysum viscosum,Asteraceae,Melangyna viridiceps,Melangyna,NA,viridiceps,Syrphidae,Syrphinae,NA,Insecta,Diptera,1,NSW,Lake Cargelligo,-33.31494109,146.5805058,30/7/2024,July,2024,"Prendergast, K.S. (2025). Insect visitors to canola fields and surrounding vegetation. GRDC Canola pollination project. Dataset. University of Southern Queensland, Toowoomba. [unpublished as of 5/8/25]",S100B,S,1,1,0,1,1,1,NA,NA
Sisymbrium,irio,Sisymbrium irio,Brassicaceae,Melangyna viridiceps,Melangyna,NA,viridiceps,Syrphidae,Syrphinae,NA,Insecta,Diptera,22,NSW,Willbriggie,-34.439101,145.961842,31/7/2024,July,2024,"Prendergast, K.S. (2025). Insect visitors to canola fields and surrounding vegetation. GRDC Canola pollination project. Dataset. University of Southern Queensland, Toowoomba. [unpublished as of 5/8/25]",S100B,S,1,1,0,1,1,1,NA,NA
Sisymbrium,irio,Sisymbrium irio,Brassicaceae,Melangyna viridiceps,Melangyna,NA,viridiceps,Syrphidae,Syrphinae,NA,Insecta,Diptera,29,NSW,Willbriggie,-34.439101,145.961842,31/7/2024,July,2024,"Prendergast, K.S. (2025). Insect visitors to canola fields and surrounding vegetation. GRDC Canola pollination project. Dataset. University of Southern Queensland, Toowoomba. [unpublished as of 5/8/25]",S100B,S,1,1,0,1,1,1,NA,NA
Brassica,napus,Brassica napus,Brassicaceae,Melangyna viridiceps,Melangyna,NA,viridiceps,Syrphidae,Syrphinae,NA,Insecta,Diptera,36,NSW,Eubalong,-33.23933,146.7108,1/8/2024,Aug,2024,"Prendergast, K.S. (2025). Insect visitors to canola fields and surrounding vegetation. GRDC Canola pollination project. Dataset. University of Southern Queensland, Toowoomba. [unpublished as of 5/8/25]",S100B,S,1,1,0,1,1,1,NA,NA
Brassica,napus,Brassica napus,Brassicaceae,Melangyna viridiceps,Melangyna,NA,viridiceps,Syrphidae,Syrphinae,NA,Insecta,Diptera,8,NSW,Willbriggie,-34.439101,145.961842,1/8/2024,Aug,2024,"Prendergast, K.S. (2025). Insect visitors to canola fields and surrounding vegetation. GRDC Canola pollination project. Dataset. University of Southern Queensland, Toowoomba. [unpublished as of 5/8/25]",S100B,S,1,1,0,1,1,1,NA,NA
Geijera,parviflora,Geijera parviflora,Rutaceae,Melangyna viridiceps,Melangyna,NA,viridiceps,Syrphidae,Syrphinae,NA,Insecta,Diptera,8,NSW,Eubalong,-33.23933,146.7108,1/8/2024,Aug,2024,"Prendergast, K.S. (2025). Insect visitors to canola fields and surrounding vegetation. GRDC Canola pollination project. Dataset. University of Southern Queensland, Toowoomba. [unpublished as of 5/8/25]",S100B,S,1,1,0,1,1,1,NA,NA
Sisymbrium,erysimoides,Sisymbrium erysimoides,Brassicaceae,Melangyna viridiceps,Melangyna,NA,viridiceps,Syrphidae,Syrphinae,NA,Insecta,Diptera,47,NSW,Eubalong,-33.23933,146.7108,1/8/2024,Aug,2024,"Prendergast, K.S. (2025). Insect visitors to canola fields and surrounding vegetation. GRDC Canola pollination project. Dataset. University of Southern Queensland, Toowoomba. [unpublished as of 5/8/25]",S100B,S,1,1,0,1,1,1,NA,NA
Brassica,napus,Brassica napus,Brassicaceae,Melangyna viridiceps,Melangyna,NA,viridiceps,Syrphidae,Syrphinae,NA,Insecta,Diptera,3,NSW,Coleambally,-34.918616,145.9144259,2/8/2024,Aug,2024,"Prendergast, K.S. (2025). Insect visitors to canola fields and surrounding vegetation. GRDC Canola pollination project. Dataset. University of Southern Queensland, Toowoomba. [unpublished as of 5/8/25]",S100B,S,1,1,0,1,1,1,NA,NA
Brassica,napus,Brassica napus,Brassicaceae,Melangyna viridiceps,Melangyna,NA,viridiceps,Syrphidae,Syrphinae,NA,Insecta,Diptera,1,NSW,Maude,-34.648827,144.247045,5/8/2024,Aug,2024,"Prendergast, K.S. (2025). Insect visitors to canola fields and surrounding vegetation. GRDC Canola pollination project. Dataset. University of Southern Queensland, Toowoomba. [unpublished as of 5/8/25]",S100B,S,1,1,0,1,1,1,NA,NA
Brassica,napus,Brassica napus,Brassicaceae,Melangyna viridiceps,Melangyna,NA,viridiceps,Syrphidae,Syrphinae,NA,Insecta,Diptera,2,NSW,Uri Park,-34.6067432,145.8984838,6/8/2024,Aug,2024,"Prendergast, K.S. (2025). Insect visitors to canola fields and surrounding vegetation. GRDC Canola pollination project. Dataset. University of Southern Queensland, Toowoomba. [unpublished as of 5/8/25]",S100B,S,1,1,0,1,1,1,NA,NA
Brassica,napus,Brassica napus,Brassicaceae,Melangyna viridiceps,Melangyna,NA,viridiceps,Syrphidae,Syrphinae,NA,Insecta,Diptera,39,NSW,Lake Cargelligo,-33.31494109,146.5805058,7/8/2024,Aug,2024,"Prendergast, K.S. (2025). Insect visitors to canola fields and surrounding vegetation. GRDC Canola pollination project. Dataset. University of Southern Queensland, Toowoomba. [unpublished as of 5/8/25]",S100B,S,1,1,0,1,1,1,NA,NA
Sisymbrium,irio,Sisymbrium irio,Brassicaceae,Melangyna viridiceps,Melangyna,NA,viridiceps,Syrphidae,Syrphinae,NA,Insecta,Diptera,27,NSW,Lake Cargelligo,-33.31494109,146.5805058,7/8/2024,Aug,2024,"Prendergast, K.S. (2025). Insect visitors to canola fields and surrounding vegetation. GRDC Canola pollination project. Dataset. University of Southern Queensland, Toowoomba. [unpublished as of 5/8/25]",S100B,S,1,1,0,1,1,1,NA,NA
Brassica,napus,Brassica napus,Brassicaceae,Melangyna viridiceps,Melangyna,NA,viridiceps,Syrphidae,Syrphinae,NA,Insecta,Diptera,12,NSW,Willbriggie,-34.439101,145.961842,8/8/2024,Aug,2024,"Prendergast, K.S. (2025). Insect visitors to canola fields and surrounding vegetation. GRDC Canola pollination project. Dataset. University of Southern Queensland, Toowoomba. [unpublished as of 5/8/25]",S100B,S,1,1,0,1,1,1,NA,NA
Sapistrum,rugosum,Sapistrum rugosum,Brassicaceae,Melangyna viridiceps,Melangyna,NA,viridiceps,Syrphidae,Syrphinae,NA,Insecta,Diptera,4,NSW,Willbriggie,-34.439101,145.961842,8/8/2024,Aug,2024,"Prendergast, K.S. (2025). Insect visitors to canola fields and surrounding vegetation. GRDC Canola pollination project. Dataset. University of Southern Queensland, Toowoomba. [unpublished as of 5/8/25]",S100B,S,1,1,0,1,1,1,NA,NA
Brassica,napus,Brassica napus,Brassicaceae,Melangyna viridiceps,Melangyna,NA,viridiceps,Syrphidae,Syrphinae,NA,Insecta,Diptera,19,NSW,Coleambally,-34.918616,145.9144259,9/8/2024,Aug,2024,"Prendergast, K.S. (2025). Insect visitors to canola fields and surrounding vegetation. GRDC Canola pollination project. Dataset. University of Southern Queensland, Toowoomba. [unpublished as of 5/8/25]",S100B,S,1,1,0,1,1,1,NA,NA
Rapistrum,rugosum,Rapistrum rugosum,Brassicaceae,Melangyna viridiceps,Melangyna,NA,viridiceps,Syrphidae,Syrphinae,NA,Insecta,Diptera,26,NSW,Eubalong,-33.23933,146.7108,9/8/2024,Aug,2024,"Prendergast, K.S. (2025). Insect visitors to canola fields and surrounding vegetation. GRDC Canola pollination project. Dataset. University of Southern Queensland, Toowoomba. [unpublished as of 5/8/25]",S100B,S,1,1,0,1,1,1,NA,NA
Brassica,napus,Brassica napus,Brassicaceae,Melangyna viridiceps,Melangyna,NA,viridiceps,Syrphidae,Syrphinae,NA,Insecta,Diptera,12,NSW,Maude,-34.648827,144.247045,12/8/2024,Aug,2024,"Prendergast, K.S. (2025). Insect visitors to canola fields and surrounding vegetation. GRDC Canola pollination project. Dataset. University of Southern Queensland, Toowoomba. [unpublished as of 5/8/25]",S100B,S,1,1,0,1,1,1,NA,NA
Acacia,pycnantha,Acacia pycnantha,Fabaceae,Melangyna viridiceps,Melangyna,NA,viridiceps,Syrphidae,Syrphinae,NA,Insecta,Diptera,100,NSW,Uri Park,-34.6067432,145.8984838,13/8/2024,Aug,2024,"Prendergast, K.S. (2025). Insect visitors to canola fields and surrounding vegetation. GRDC Canola pollination project. Dataset. University of Southern Queensland, Toowoomba. [unpublished as of 5/8/25]",S100B,S,1,1,0,1,1,1,NA,NA
Brassica,napus,Brassica napus,Brassicaceae,Melangyna viridiceps,Melangyna,NA,viridiceps,Syrphidae,Syrphinae,NA,Insecta,Diptera,30,NSW,Uri Park,-34.6067432,145.8984838,13/8/2024,Aug,2024,"Prendergast, K.S. (2025). Insect visitors to canola fields and surrounding vegetation. GRDC Canola pollination project. Dataset. University of Southern Queensland, Toowoomba. [unpublished as of 5/8/25]",S100B,S,1,1,0,1,1,1,NA,NA
Brassica,napus,Brassica napus,Brassicaceae,Melangyna viridiceps,Melangyna,NA,viridiceps,Syrphidae,Syrphinae,NA,Insecta,Diptera,19,NSW,Willbriggie,-34.439101,145.961842,14/8/2024,Aug,2024,"Prendergast, K.S. (2025). Insect visitors to canola fields and surrounding vegetation. GRDC Canola pollination project. Dataset. University of Southern Queensland, Toowoomba. [unpublished as of 5/8/25]",S100B,S,1,1,0,1,1,1,NA,NA
Rapistrum,rugosum,Rapistrum rugosum,Brassicaceae,Melangyna viridiceps,Melangyna,NA,viridiceps,Syrphidae,Syrphinae,NA,Insecta,Diptera,11,NSW,Willbriggie,-34.439101,145.961842,14/8/2024,Aug,2024,"Prendergast, K.S. (2025). Insect visitors to canola fields and surrounding vegetation. GRDC Canola pollination project. Dataset. University of Southern Queensland, Toowoomba. [unpublished as of 5/8/25]",S100B,S,1,1,0,1,1,1,NA,NA
Acacia,sp.1NSW,Acacia sp.1NSW,Fabaceae,Melangyna viridiceps,Melangyna,NA,viridiceps,Syrphidae,Syrphinae,NA,Insecta,Diptera,100,NSW,Coleambally,-34.918616,145.9144259,15/8/2024,Aug,2024,"Prendergast, K.S. (2025). Insect visitors to canola fields and surrounding vegetation. GRDC Canola pollination project. Dataset. University of Southern Queensland, Toowoomba. [unpublished as of 5/8/25]",S100B,S,1,1,0,1,1,1,NA,NA
Acacia,calamifolia,Acacia calamifolia,Fabaceae,Melangyna viridiceps,Melangyna,NA,viridiceps,Syrphidae,Syrphinae,NA,Insecta,Diptera,4,NSW,Lake Cargelligo,-33.31494109,146.5805058,18/8/2024,Aug,2024,"Prendergast, K.S. (2025). Insect visitors to canola fields and surrounding vegetation. GRDC Canola pollination project. Dataset. University of Southern Queensland, Toowoomba. [unpublished as of 5/8/25]",S100B,S,1,1,0,1,1,1,NA,NA
Brassica,napus,Brassica napus,Brassicaceae,Melangyna viridiceps,Melangyna,NA,viridiceps,Syrphidae,Syrphinae,NA,Insecta,Diptera,4,NSW,Lake Cargelligo,-33.31494109,146.5805058,18/8/2024,Aug,2024,"Prendergast, K.S. (2025). Insect visitors to canola fields and surrounding vegetation. GRDC Canola pollination project. Dataset. University of Southern Queensland, Toowoomba. [unpublished as of 5/8/25]",S100B,S,1,1,0,1,1,1,NA,NA
Brassica,napus,Brassica napus,Brassicaceae,Melangyna viridiceps,Melangyna,NA,viridiceps,Syrphidae,Syrphinae,NA,Insecta,Diptera,23,NSW,Uri Park,-34.6067432,145.8984838,19/8/2024,Aug,2024,"Prendergast, K.S. (2025). Insect visitors to canola fields and surrounding vegetation. GRDC Canola pollination project. Dataset. University of Southern Queensland, Toowoomba. [unpublished as of 5/8/25]",S100B,S,1,1,0,1,1,1,NA,NA
Brassica,napus,Brassica napus,Brassicaceae,Melangyna viridiceps,Melangyna,NA,viridiceps,Syrphidae,Syrphinae,NA,Insecta,Diptera,16,NSW,Uri Park,-34.6067432,145.8984838,21/8/2024,Aug,2024,"Prendergast, K.S. (2025). Insect visitors to canola fields and surrounding vegetation. GRDC Canola pollination project. Dataset. University of Southern Queensland, Toowoomba. [unpublished as of 5/8/25]",S100B,S,1,1,0,1,1,1,NA,NA
Brassica,napus,Brassica napus,Brassicaceae,Melangyna viridiceps,Melangyna,NA,viridiceps,Syrphidae,Syrphinae,NA,Insecta,Diptera,5,NSW,Willbriggie,-34.439101,145.961842,21/8/2024,Aug,2024,"Prendergast, K.S. (2025). Insect visitors to canola fields and surrounding vegetation. GRDC Canola pollination project. Dataset. University of Southern Queensland, Toowoomba. [unpublished as of 5/8/25]",S100B,S,1,1,0,1,1,1,NA,NA
Brassica,napus,Brassica napus,Brassicaceae,Apis mellifera,Apis,NA,mellifera,Apidae,Apinae,NA,Insecta,Hymenoptera,13,WA,Ravensthorpe,-33.47153,120.0187191,29/7/2024,July,2024,"Prendergast, K.S. (2025). Insect visitors to canola fields and surrounding vegetation. GRDC Canola pollination project. Dataset. University of Southern Queensland, Toowoomba. [unpublished as of 5/8/25]",S100B,S,1,0,0,1,1,1,NA,NA
Chamelaucium,ciliatum,Chamelaucium ciliatum,Myrtaceae,Apis mellifera,Apis,NA,mellifera,Apidae,Apinae,NA,Insecta,Hymenoptera,3,WA,Ravensthorpe,-33.47153,120.0187191,29/7/2024,July,2024,"Prendergast, K.S. (2025). Insect visitors to canola fields and surrounding vegetation. GRDC Canola pollination project. Dataset. University of Southern Queensland, Toowoomba. [unpublished as of 5/8/25]",S100B,S,1,0,0,1,1,1,NA,NA
Eucalyptus,incrassata,Eucalyptus incrassata,Myrtaceae,Apis mellifera,Apis,NA,mellifera,Apidae,Apinae,NA,Insecta,Hymenoptera,2,WA,Ravensthorpe,-33.47153,120.0187191,29/7/2024,July,2024,"Prendergast, K.S. (2025). Insect visitors to canola fields and surrounding vegetation. GRDC Canola pollination project. Dataset. University of Southern Queensland, Toowoomba. [unpublished as of 5/8/25]",S100B,S,1,0,0,1,1,1,NA,NA
Gastrolobium,parviflorum,Gastrolobium parviflorum,Fabaceae,Apis mellifera,Apis,NA,mellifera,Apidae,Apinae,NA,Insecta,Hymenoptera,4,WA,Ravensthorpe,-33.47153,120.0187191,29/7/2024,July,2024,"Prendergast, K.S. (2025). Insect visitors to canola fields and surrounding vegetation. GRDC Canola pollination project. Dataset. University of Southern Queensland, Toowoomba. [unpublished as of 5/8/25]",S100B,S,1,0,0,1,1,1,NA,NA
Leucopogon,sp.,Leucopogon denticulatus,Ericaceae,Apis mellifera,Apis,NA,mellifera,Apidae,Apinae,NA,Insecta,Hymenoptera,1,WA,Ravensthorpe,-33.47153,120.0187191,29/7/2024,July,2024,"Prendergast, K.S. (2025). Insect visitors to canola fields and surrounding vegetation. GRDC Canola pollination project. Dataset. University of Southern Queensland, Toowoomba. [unpublished as of 5/8/25]",S100B,S,1,0,0,1,1,1,NA,NA
Pimelea,physodes,Pimelea physodes,Thymelaeaceae,Apis mellifera,Apis,NA,mellifera,Apidae,Apinae,NA,Insecta,Hymenoptera,3,WA,Ravensthorpe,-33.47153,120.0187191,29/7/2024,July,2024,"Prendergast, K.S. (2025). Insect visitors to canola fields and surrounding vegetation. GRDC Canola pollination project. Dataset. University of Southern Queensland, Toowoomba. [unpublished as of 5/8/25]",S100B,S,1,0,0,1,1,1,NA,NA
Brassica,napus,Brassica napus,Brassicaceae,Apis mellifera,Apis,NA,mellifera,Apidae,Apinae,NA,Insecta,Hymenoptera,9,WA,West River,-33.4711076,119.6923124,30/7/2024,July,2024,"Prendergast, K.S. (2025). Insect visitors to canola fields and surrounding vegetation. GRDC Canola pollination project. Dataset. University of Southern Queensland, Toowoomba. [unpublished as of 5/8/25]",S100B,S,1,0,0,1,1,1,NA,NA
Eucalyptus,scyphyta,Eucalyptus scyphyta,Myrtaceae,Apis mellifera,Apis,NA,mellifera,Apidae,Apinae,NA,Insecta,Hymenoptera,55,WA,West River,-33.4711076,119.6923124,30/7/2024,July,2024,"Prendergast, K.S. (2025). Insect visitors to canola fields and surrounding vegetation. GRDC Canola pollination project. Dataset. University of Southern Queensland, Toowoomba. [unpublished as of 5/8/25]",S100B,S,1,0,0,1,1,1,NA,NA
Lissanthe,rubicunda,Lissanthe rubicunda,Ericaceae,Apis mellifera,Apis,NA,mellifera,Apidae,Apinae,NA,Insecta,Hymenoptera,13,WA,West River,-33.4711076,119.6923124,30/7/2024,July,2024,"Prendergast, K.S. (2025). Insect visitors to canola fields and surrounding vegetation. GRDC Canola pollination project. Dataset. University of Southern Queensland, Toowoomba. [unpublished as of 5/8/25]",S100B,S,1,0,0,1,1,1,NA,NA
Brassica,napus,Brassica napus,Brassicaceae,Apis mellifera,Apis,NA,mellifera,Apidae,Apinae,NA,Insecta,Hymenoptera,11,WA,West River,-33.6225234,119.5669327,31/7/2024,July,2024,"Prendergast, K.S. (2025). Insect visitors to canola fields and surrounding vegetation. GRDC Canola pollination project. Dataset. University of Southern Queensland, Toowoomba. [unpublished as of 5/8/25]",S100B,S,1,0,0,1,1,1,NA,NA
Daviesia,incrassata subsp reversifolia,Daviesia incrassata subsp reversifolia,Fabaceae,Apis mellifera,Apis,NA,mellifera,Apidae,Apinae,NA,Insecta,Hymenoptera,1,WA,West River,-33.6225234,119.5669327,31/7/2024,July,2024,"Prendergast, K.S. (2025). Insect visitors to canola fields and surrounding vegetation. GRDC Canola pollination project. Dataset. University of Southern Queensland, Toowoomba. [unpublished as of 5/8/25]",S100B,S,1,0,0,1,1,1,NA,NA
Brassica,napus,Brassica napus,Brassicaceae,Apis mellifera,Apis,NA,mellifera,Apidae,Apinae,NA,Insecta,Hymenoptera,5,WA,West River,-33.5537092,119.5716707,1/8/2024,Aug,2024,"Prendergast, K.S. (2025). Insect visitors to canola fields and surrounding vegetation. GRDC Canola pollination project. Dataset. University of Southern Queensland, Toowoomba. [unpublished as of 5/8/25]",S100B,S,1,0,0,1,1,1,NA,NA
Daviesia,incrassata,Daviesia incrassata subsp reversifolia,Fabaceae,Apis mellifera,Apis,NA,mellifera,Apidae,Apinae,NA,Insecta,Hymenoptera,15,WA,West River,-33.5537092,119.5716707,1/8/2024,Aug,2024,"Prendergast, K.S. (2025). Insect visitors to canola fields and surrounding vegetation. GRDC Canola pollination project. Dataset. University of Southern Queensland, Toowoomba. [unpublished as of 5/8/25]",S100B,S,1,0,0,1,1,1,NA,NA
Daviesia,incrassata subsp reversifolia,Daviesia incrassata subsp reversifolia,Fabaceae,Apis mellifera,Apis,NA,mellifera,Apidae,Apinae,NA,Insecta,Hymenoptera,20,WA,West River,-33.5537092,119.5716707,1/8/2024,Aug,2024,"Prendergast, K.S. (2025). Insect visitors to canola fields and surrounding vegetation. GRDC Canola pollination project. Dataset. University of Southern Queensland, Toowoomba. [unpublished as of 5/8/25]",S100B,S,1,0,0,1,1,1,NA,NA
Acacia,gonophylla,Acacia gonophylla,Fabaceae,Apis mellifera,Apis,NA,mellifera,Apidae,Apinae,NA,Insecta,Hymenoptera,16,WA,Jerdacuttup,-33.746834,120.357739,2/8/2024,Aug,2024,"Prendergast, K.S. (2025). Insect visitors to canola fields and surrounding vegetation. GRDC Canola pollination project. Dataset. University of Southern Queensland, Toowoomba. [unpublished as of 5/8/25]",S100B,S,1,0,0,1,1,1,NA,NA
Brassica,napus,Brassica napus,Brassicaceae,Apis mellifera,Apis,NA,mellifera,Apidae,Apinae,NA,Insecta,Hymenoptera,4,WA,Jerdacuttup,-33.746834,120.357739,2/8/2024,Aug,2024,"Prendergast, K.S. (2025). Insect visitors to canola fields and surrounding vegetation. GRDC Canola pollination project. Dataset. University of Southern Queensland, Toowoomba. [unpublished as of 5/8/25]",S100B,S,1,0,0,1,1,1,NA,NA
Brassica,napus,Brassica napus,Brassicaceae,Apis mellifera,Apis,NA,mellifera,Apidae,Apinae,NA,Insecta,Hymenoptera,1,WA,Jerdacuttup,-33.7785556,120.3492778,3/8/2024,Aug,2024,"Prendergast, K.S. (2025). Insect visitors to canola fields and surrounding vegetation. GRDC Canola pollination project. Dataset. University of Southern Queensland, Toowoomba. [unpublished as of 5/8/25]",S100B,S,1,0,0,1,1,1,NA,NA
Daviesia,teretifolia,Daviesia teretifolia,Fabaceae,Apis mellifera,Apis,NA,mellifera,Apidae,Apinae,NA,Insecta,Hymenoptera,80,WA,Jerdacuttup,-33.7785556,120.3492778,3/8/2024,Aug,2024,"Prendergast, K.S. (2025). Insect visitors to canola fields and surrounding vegetation. GRDC Canola pollination project. Dataset. University of Southern Queensland, Toowoomba. [unpublished as of 5/8/25]",S100B,S,1,0,0,1,1,1,NA,NA
Logania,buxifolia,Logania buxifolia,Loganiaceae,Apis mellifera,Apis,NA,mellifera,Apidae,Apinae,NA,Insecta,Hymenoptera,1,WA,Jerdacuttup,-33.7785556,120.3492778,3/8/2024,Aug,2024,"Prendergast, K.S. (2025). Insect visitors to canola fields and surrounding vegetation. GRDC Canola pollination project. Dataset. University of Southern Queensland, Toowoomba. [unpublished as of 5/8/25]",S100B,S,1,0,0,1,1,1,NA,NA
Templetonia,neglecta,Templetonia neglecta,Fabaceae,Apis mellifera,Apis,NA,mellifera,Apidae,Apinae,NA,Insecta,Hymenoptera,2,WA,Jerdacuttup,-33.7785556,120.3492778,3/8/2024,Aug,2024,"Prendergast, K.S. (2025). Insect visitors to canola fields and surrounding vegetation. GRDC Canola pollination project. Dataset. University of Southern Queensland, Toowoomba. [unpublished as of 5/8/25]",S100B,S,1,0,0,1,1,1,NA,NA
Brassica,napus,Brassica napus,Brassicaceae,Apis mellifera,Apis,NA,mellifera,Apidae,Apinae,NA,Insecta,Hymenoptera,7,WA,Jerdacuttup,-33.746834,120.357739,7/8/2024,Aug,2024,"Prendergast, K.S. (2025). Insect visitors to canola fields and surrounding vegetation. GRDC Canola pollination project. Dataset. University of Southern Queensland, Toowoomba. [unpublished as of 5/8/25]",S100B,S,1,0,0,1,1,1,NA,NA
Acacia,chrysocephala,Acacia chrysocephala,Fabaceae,Apis mellifera,Apis,NA,mellifera,Apidae,Apinae,NA,Insecta,Hymenoptera,20,WA,Jerdacuttup,-33.7785556,120.3492778,8/8/2024,Aug,2024,"Prendergast, K.S. (2025). Insect visitors to canola fields and surrounding vegetation. GRDC Canola pollination project. Dataset. University of Southern Queensland, Toowoomba. [unpublished as of 5/8/25]",S100B,S,1,0,0,1,1,1,NA,NA
Acacia,gonophyla,Acacia gonophylla,Fabaceae,Apis mellifera,Apis,NA,mellifera,Apidae,Apinae,NA,Insecta,Hymenoptera,36,WA,Jerdacuttup,-33.7785556,120.3492778,8/8/2024,Aug,2024,"Prendergast, K.S. (2025). Insect visitors to canola fields and surrounding vegetation. GRDC Canola pollination project. Dataset. University of Southern Queensland, Toowoomba. [unpublished as of 5/8/25]",S100B,S,1,0,0,1,1,1,NA,NA
Daviesia,teretifolia,Daviesia teretifolia,Fabaceae,Apis mellifera,Apis,NA,mellifera,Apidae,Apinae,NA,Insecta,Hymenoptera,13,WA,Jerdacuttup,-33.7785556,120.3492778,8/8/2024,Aug,2024,"Prendergast, K.S. (2025). Insect visitors to canola fields and surrounding vegetation. GRDC Canola pollination project. Dataset. University of Southern Queensland, Toowoomba. [unpublished as of 5/8/25]",S100B,S,1,0,0,1,1,1,NA,NA
Grevillea,sparsiflora,Grevillea sparsiflora,Proteaceae,Apis mellifera,Apis,NA,mellifera,Apidae,Apinae,NA,Insecta,Hymenoptera,1,WA,Jerdacuttup,-33.7785556,120.3492778,8/8/2024,Aug,2024,"Prendergast, K.S. (2025). Insect visitors to canola fields and surrounding vegetation. GRDC Canola pollination project. Dataset. University of Southern Queensland, Toowoomba. [unpublished as of 5/8/25]",S100B,S,1,0,0,1,1,1,NA,NA
Pigea,adpressa,Pigea adpressa,Violaceae,Apis mellifera,Apis,NA,mellifera,Apidae,Apinae,NA,Insecta,Hymenoptera,1,WA,Jerdacuttup,-33.7785556,120.3492778,8/8/2024,Aug,2024,"Prendergast, K.S. (2025). Insect visitors to canola fields and surrounding vegetation. GRDC Canola pollination project. Dataset. University of Southern Queensland, Toowoomba. [unpublished as of 5/8/25]",S100B,S,1,0,0,1,1,1,NA,NA
Templetonia,neglecta,Templetonia neglecta,Fabaceae,Apis mellifera,Apis,NA,mellifera,Apidae,Apinae,NA,Insecta,Hymenoptera,4,WA,Jerdacuttup,-33.7785556,120.3492778,8/8/2024,Aug,2024,"Prendergast, K.S. (2025). Insect visitors to canola fields and surrounding vegetation. GRDC Canola pollination project. Dataset. University of Southern Queensland, Toowoomba. [unpublished as of 5/8/25]",S100B,S,1,0,0,1,1,1,NA,NA
Brassica,napus,Brassica napus,Brassicaceae,Apis mellifera,Apis,NA,mellifera,Apidae,Apinae,NA,Insecta,Hymenoptera,1,WA,Mount Burdett NR,-33.46171,122.1208,12/8/2024,Aug,2024,"Prendergast, K.S. (2025). Insect visitors to canola fields and surrounding vegetation. GRDC Canola pollination project. Dataset. University of Southern Queensland, Toowoomba. [unpublished as of 5/8/25]",S100B,S,1,0,0,1,1,1,NA,NA
Acacia,curvata,Acacia curvata,Fabaceae,Apis mellifera,Apis,NA,mellifera,Apidae,Apinae,NA,Insecta,Hymenoptera,7,WA,West River,-33.4711076,119.6923124,14/8/2024,Aug,2024,"Prendergast, K.S. (2025). Insect visitors to canola fields and surrounding vegetation. GRDC Canola pollination project. Dataset. University of Southern Queensland, Toowoomba. [unpublished as of 5/8/25]",S100B,S,1,0,0,1,1,1,NA,NA
Brassica,napus,Brassica napus,Brassicaceae,Apis mellifera,Apis,NA,mellifera,Apidae,Apinae,NA,Insecta,Hymenoptera,28,WA,West River,-33.4711076,119.6923124,14/8/2024,Aug,2024,"Prendergast, K.S. (2025). Insect visitors to canola fields and surrounding vegetation. GRDC Canola pollination project. Dataset. University of Southern Queensland, Toowoomba. [unpublished as of 5/8/25]",S100B,S,1,0,0,1,1,1,NA,NA
Daviesia,Daviesia incrassata subsp reversifolia,Daviesia incrassata subsp reversifolia,Fabaceae,Apis mellifera,Apis,NA,mellifera,Apidae,Apinae,NA,Insecta,Hymenoptera,13,WA,West River,-33.4711076,119.6923124,14/8/2024,Aug,2024,"Prendergast, K.S. (2025). Insect visitors to canola fields and surrounding vegetation. GRDC Canola pollination project. Dataset. University of Southern Queensland, Toowoomba. [unpublished as of 5/8/25]",S100B,S,1,0,0,1,1,1,NA,NA
Hakea,cygnus,Hakea cygnus,Proteaceae,Apis mellifera,Apis,NA,mellifera,Apidae,Apinae,NA,Insecta,Hymenoptera,39,WA,West River,-33.4711076,119.6923124,14/8/2024,Aug,2024,"Prendergast, K.S. (2025). Insect visitors to canola fields and surrounding vegetation. GRDC Canola pollination project. Dataset. University of Southern Queensland, Toowoomba. [unpublished as of 5/8/25]",S100B,S,1,0,0,1,1,1,NA,NA
Acacia,curvata,Acacia curvata,Fabaceae,Apis mellifera,Apis,NA,mellifera,Apidae,Apinae,NA,Insecta,Hymenoptera,7,WA,West River,-33.5537092,119.5716707,15/8/2024,Aug,2024,"Prendergast, K.S. (2025). Insect visitors to canola fields and surrounding vegetation. GRDC Canola pollination project. Dataset. University of Southern Queensland, Toowoomba. [unpublished as of 5/8/25]",S100B,S,1,0,0,1,1,1,NA,NA
Brassica,napus,Brassica napus,Brassicaceae,Apis mellifera,Apis,NA,mellifera,Apidae,Apinae,NA,Insecta,Hymenoptera,1,WA,West River,-33.5537092,119.5716707,15/8/2024,Aug,2024,"Prendergast, K.S. (2025). Insect visitors to canola fields and surrounding vegetation. GRDC Canola pollination project. Dataset. University of Southern Queensland, Toowoomba. [unpublished as of 5/8/25]",S100B,S,1,0,0,1,1,1,NA,NA
Daviesia,Daviesia incrassata subsp reversifolia,Daviesia incrassata subsp reversifolia,Fabaceae,Apis mellifera,Apis,NA,mellifera,Apidae,Apinae,NA,Insecta,Hymenoptera,7,WA,West River,-33.5537092,119.5716707,15/8/2024,Aug,2024,"Prendergast, K.S. (2025). Insect visitors to canola fields and surrounding vegetation. GRDC Canola pollination project. Dataset. University of Southern Queensland, Toowoomba. [unpublished as of 5/8/25]",S100B,S,1,0,0,1,1,1,NA,NA
Daviesia,sarissa,Daviesia sarissa,Fabaceae,Apis mellifera,Apis,NA,mellifera,Apidae,Apinae,NA,Insecta,Hymenoptera,12,WA,West River,-33.5537092,119.5716707,15/8/2024,Aug,2024,"Prendergast, K.S. (2025). Insect visitors to canola fields and surrounding vegetation. GRDC Canola pollination project. Dataset. University of Southern Queensland, Toowoomba. [unpublished as of 5/8/25]",S100B,S,1,0,0,1,1,1,NA,NA
Brassica,napus,Brassica napus,Brassicaceae,Apis mellifera,Apis,NA,mellifera,Apidae,Apinae,NA,Insecta,Hymenoptera,24,WA,West River,-33.6225234,119.5669327,16/8/2024,Aug,2024,"Prendergast, K.S. (2025). Insect visitors to canola fields and surrounding vegetation. GRDC Canola pollination project. Dataset. University of Southern Queensland, Toowoomba. [unpublished as of 5/8/25]",S100B,S,1,0,0,1,1,1,NA,NA
Eucalyptus,scyphata,Eucalyptus scyphyta,Myrtaceae,Apis mellifera,Apis,NA,mellifera,Apidae,Apinae,NA,Insecta,Hymenoptera,15,WA,West River,-33.6225234,119.5669327,16/8/2024,Aug,2024,"Prendergast, K.S. (2025). Insect visitors to canola fields and surrounding vegetation. GRDC Canola pollination project. Dataset. University of Southern Queensland, Toowoomba. [unpublished as of 5/8/25]",S100B,S,1,0,0,1,1,1,NA,NA
Brassica,napus,Brassica napus,Brassicaceae,Apis mellifera,Apis,NA,mellifera,Apidae,Apinae,NA,Insecta,Hymenoptera,1,WA,Scaddan,-33.45269,121.7366,23/8/2024,Aug,2024,"Prendergast, K.S. (2025). Insect visitors to canola fields and surrounding vegetation. GRDC Canola pollination project. Dataset. University of Southern Queensland, Toowoomba. [unpublished as of 5/8/25]",S100B,S,1,0,0,1,1,1,NA,NA
Grevillea,sparsiflora,Grevillea sparsiflora,Proteaceae,Apis mellifera,Apis,NA,mellifera,Apidae,Apinae,NA,Insecta,Hymenoptera,51,WA,Scaddan,-33.45269,121.7366,23/8/2024,Aug,2024,"Prendergast, K.S. (2025). Insect visitors to canola fields and surrounding vegetation. GRDC Canola pollination project. Dataset. University of Southern Queensland, Toowoomba. [unpublished as of 5/8/25]",S100B,S,1,0,0,1,1,1,NA,NA
Brassica,napus,Brassica napus,Brassicaceae,Apis mellifera,Apis,NA,mellifera,Apidae,Apinae,NA,Insecta,Hymenoptera,3,WA,Mount Burdett NR,-33.46171,122.1208,27/8/2024,Aug,2024,"Prendergast, K.S. (2025). Insect visitors to canola fields and surrounding vegetation. GRDC Canola pollination project. Dataset. University of Southern Queensland, Toowoomba. [unpublished as of 5/8/25]",S100B,S,1,0,0,1,1,1,NA,NA
Daviesia,teretifolia,Daviesia teretifolia,Fabaceae,Apis mellifera,Apis,NA,mellifera,Apidae,Apinae,NA,Insecta,Hymenoptera,11,WA,Mount Burdett NR,-33.46171,122.1208,27/8/2024,Aug,2024,"Prendergast, K.S. (2025). Insect visitors to canola fields and surrounding vegetation. GRDC Canola pollination project. Dataset. University of Southern Queensland, Toowoomba. [unpublished as of 5/8/25]",S100B,S,1,0,0,1,1,1,NA,NA
Daviesia,teretifolia,Daviesia teretifolia,Fabaceae,Apis mellifera,Apis,NA,mellifera,Apidae,Apinae,NA,Insecta,Hymenoptera,13,WA,Mount Burdett NR,-33.46171,122.1208,27/8/2024,Aug,2024,"Prendergast, K.S. (2025). Insect visitors to canola fields and surrounding vegetation. GRDC Canola pollination project. Dataset. University of Southern Queensland, Toowoomba. [unpublished as of 5/8/25]",S100B,S,1,0,0,1,1,1,NA,NA
Hakea,nitida,Hakea nitida,Proteaceae,Apis mellifera,Apis,NA,mellifera,Apidae,Apinae,NA,Insecta,Hymenoptera,3,WA,Mount Burdett NR,-33.46171,122.1208,27/8/2024,Aug,2024,"Prendergast, K.S. (2025). Insect visitors to canola fields and surrounding vegetation. GRDC Canola pollination project. Dataset. University of Southern Queensland, Toowoomba. [unpublished as of 5/8/25]",S100B,S,1,0,0,1,1,1,NA,NA
Isopogon,spathulatus elongatus,Isopogon spathulatus elongatus,Proteaceae,Apis mellifera,Apis,NA,mellifera,Apidae,Apinae,NA,Insecta,Hymenoptera,1,WA,Mount Burdett NR,-33.46171,122.1208,27/8/2024,Aug,2024,"Prendergast, K.S. (2025). Insect visitors to canola fields and surrounding vegetation. GRDC Canola pollination project. Dataset. University of Southern Queensland, Toowoomba. [unpublished as of 5/8/25]",S100B,S,1,0,0,1,1,1,NA,NA
Rinizia,communis,Rinzia communis,Myrtaceae,Apis mellifera,Apis,NA,mellifera,Apidae,Apinae,NA,Insecta,Hymenoptera,11,WA,Mount Burdett NR,-33.46171,122.1208,27/8/2024,Aug,2024,"Prendergast, K.S. (2025). Insect visitors to canola fields and surrounding vegetation. GRDC Canola pollination project. Dataset. University of Southern Queensland, Toowoomba. [unpublished as of 5/8/25]",S100B,S,1,0,0,1,1,1,NA,NA
Leucopogon,denticulataus,Leucopogon denticulatus,Ericaceae,Argogorytes rubrosignatus,Argogorytes,NA,rubrosignatus,Crabronidae,Bembicinae,NA,Insecta,Hymenoptera,1,WA,Jerdacuttup,-33.7785556,120.3492778,8/8/2024,Aug,2024,"Prendergast, K.S. (2025). Insect visitors to canola fields and surrounding vegetation. GRDC Canola pollination project. Dataset. University of Southern Queensland, Toowoomba. [unpublished as of 5/8/25]",S100B,S,1,1,0,1,1,1,NA,NA
Leucopogon,denticulataus,Leucopogon denticulatus,Ericaceae,Australiphthiria? sp.1,Australiphthiria,NA,sp.1,Bombyliidae,Phthiriinae,NA,Insecta,Diptera,1,WA,Ravensthorpe,-33.47153,120.0187191,6/8/2024,Aug,2024,"Prendergast, K.S. (2025). Insect visitors to canola fields and surrounding vegetation. GRDC Canola pollination project. Dataset. University of Southern Queensland, Toowoomba. [unpublished as of 5/8/25]",S100B,S,1,1,0,1,1,1,NA,NA
Brassica,napus,Brassica napus,Brassicaceae,Calliphora albifrontalis,Calliphora,NA,albifrontalis,Calliphoridae,Calliphorinae,NA,Insecta,Diptera,1,WA,West River,-33.4711076,119.6923124,14/8/2024,Aug,2024,"Prendergast, K.S. (2025). Insect visitors to canola fields and surrounding vegetation. GRDC Canola pollination project. Dataset. University of Southern Queensland, Toowoomba. [unpublished as of 5/8/25]",S100B,S,1,1,0,1,1,1,NA,NA
Grevillea,sparsiflora,Grevillea sparsiflora,Proteaceae,Calliphora albifrontalis,Calliphora,NA,albifrontalis,Calliphoridae,Calliphorinae,NA,Insecta,Diptera,9,WA,Scaddan,-33.45269,121.7366,23/8/2024,Aug,2024,"Prendergast, K.S. (2025). Insect visitors to canola fields and surrounding vegetation. GRDC Canola pollination project. Dataset. University of Southern Queensland, Toowoomba. [unpublished as of 5/8/25]",S100B,S,1,1,0,1,1,1,NA,NA
Chamelaucium,ciliatum,Chamelaucium ciliatum,Myrtaceae,Calliphora dubia,Calliphora,NA,dubia,Calliphoridae,Calliphorinae,NA,Insecta,Diptera,5,WA,Ravensthorpe,-33.47153,120.0187191,29/7/2024,July,2024,"Prendergast, K.S. (2025). Insect visitors to canola fields and surrounding vegetation. GRDC Canola pollination project. Dataset. University of Southern Queensland, Toowoomba. [unpublished as of 5/8/25]",S100B,S,1,1,0,1,1,1,NA,NA
Eucalyptus,incrassata,Eucalyptus incrassata,Myrtaceae,Calliphora dubia,Calliphora,NA,dubia,Calliphoridae,Calliphorinae,NA,Insecta,Diptera,1,WA,Ravensthorpe,-33.47153,120.0187191,29/7/2024,July,2024,"Prendergast, K.S. (2025). Insect visitors to canola fields and surrounding vegetation. GRDC Canola pollination project. Dataset. University of Southern Queensland, Toowoomba. [unpublished as of 5/8/25]",S100B,S,1,1,0,1,1,1,NA,NA
Hakea,nitida,Hakea nitida,Proteaceae,Calliphora dubia,Calliphora,NA,dubia,Calliphoridae,Calliphorinae,NA,Insecta,Diptera,1,WA,Mount Burdett NR,-33.46171,122.1208,12/8/2024,Aug,2024,"Prendergast, K.S. (2025). Insect visitors to canola fields and surrounding vegetation. GRDC Canola pollination project. Dataset. University of Southern Queensland, Toowoomba. [unpublished as of 5/8/25]",S100B,S,1,1,0,1,1,1,NA,NA
Brassica,napus,Brassica napus,Brassicaceae,Calliphora varifrons,Calliphora,NA,varifrons,Calliphoridae,Calliphorinae,NA,Insecta,Diptera,1,WA,Jerdacuttup,-33.746834,120.357739,2/8/2024,Aug,2024,"Prendergast, K.S. (2025). Insect visitors to canola fields and surrounding vegetation. GRDC Canola pollination project. Dataset. University of Southern Queensland, Toowoomba. [unpublished as of 5/8/25]",S100B,S,1,1,0,1,1,1,NA,NA
Brassica,napus,Brassica napus,Brassicaceae,Calliphora varifrons,Calliphora,NA,varifrons,Calliphoridae,Calliphorinae,NA,Insecta,Diptera,8,WA,Jerdacuttup,-33.7785556,120.3492778,3/8/2024,Aug,2024,"Prendergast, K.S. (2025). Insect visitors to canola fields and surrounding vegetation. GRDC Canola pollination project. Dataset. University of Southern Queensland, Toowoomba. [unpublished as of 5/8/25]",S100B,S,1,1,0,1,1,1,NA,NA
Grevillea,oligantha,Grevillea oligantha,Proteaceae,Calliphora varifrons,Calliphora,NA,varifrons,Calliphoridae,Calliphorinae,NA,Insecta,Diptera,1,WA,Scaddan,-33.45269,121.7366,5/8/2024,Aug,2024,"Prendergast, K.S. (2025). Insect visitors to canola fields and surrounding vegetation. GRDC Canola pollination project. Dataset. University of Southern Queensland, Toowoomba. [unpublished as of 5/8/25]",S100B,S,1,1,0,1,1,1,NA,NA
Brassica,napus,Brassica napus,Brassicaceae,Calliphora varifrons,Calliphora,NA,varifrons,Calliphoridae,Calliphorinae,NA,Insecta,Diptera,1,WA,Jerdacuttup,-33.7785556,120.3492778,8/8/2024,Aug,2024,"Prendergast, K.S. (2025). Insect visitors to canola fields and surrounding vegetation. GRDC Canola pollination project. Dataset. University of Southern Queensland, Toowoomba. [unpublished as of 5/8/25]",S100B,S,1,1,0,1,1,1,NA,NA
Brassica,napus,Brassica napus,Brassicaceae,Calliphorinae albifrontalis,NA,NA,NA,Calliphoridae,Calliphorinae,NA,Insecta,Diptera,1,WA,Jerdacuttup,-33.7785556,120.3492778,3/8/2024,Aug,2024,"Prendergast, K.S. (2025). Insect visitors to canola fields and surrounding vegetation. GRDC Canola pollination project. Dataset. University of Southern Queensland, Toowoomba. [unpublished as of 5/8/25]",S100B,S,1,1,0,1,1,1,NA,NA
Babingtonia,sp.,Babingtonia sp.,Myrtaceae,Calliphorinae sp.1,NA,NA,sp.1,Calliphorinae,Calliphorinae,NA,Insecta,Diptera,1,WA,Ravensthorpe,-33.47153,120.0187191,29/7/2024,July,2024,"Prendergast, K.S. (2025). Insect visitors to canola fields and surrounding vegetation. GRDC Canola pollination project. Dataset. University of Southern Queensland, Toowoomba. [unpublished as of 5/8/25]",S100B,S,1,1,0,1,1,1,NA,NA
Leucopogon,denticulataus,Leucopogon denticulataus,Ericaceae,Calliphorinae sp.1,NA,NA,sp.1,Calliphoridae,Calliphorinae,NA,Insecta,Diptera,1,WA,West River,-33.4711076,119.6923124,30/7/2024,July,2024,"Prendergast, K.S. (2025). Insect visitors to canola fields and surrounding vegetation. GRDC Canola pollination project. Dataset. University of Southern Queensland, Toowoomba. [unpublished as of 5/8/25]",S100B,S,1,1,0,1,1,1,NA,NA
Lissanthe,rubicunda,Lissanthe rubicunda,Ericaceae,Calliphorinae sp.1,NA,NA,sp.1,Calliphoridae,Calliphorinae,NA,Insecta,Diptera,4,WA,West River,-33.4711076,119.6923124,30/7/2024,July,2024,"Prendergast, K.S. (2025). Insect visitors to canola fields and surrounding vegetation. GRDC Canola pollination project. Dataset. University of Southern Queensland, Toowoomba. [unpublished as of 5/8/25]",S100B,S,1,1,0,1,1,1,NA,NA
Brassica,napus,Brassica napus,Brassicaceae,Calliphorinae sp.1,NA,NA,NA,Calliphoridae,Calliphorinae,NA,Insecta,Diptera,2,WA,Jerdacuttup,-33.7785556,120.3492778,3/8/2024,Aug,2024,"Prendergast, K.S. (2025). Insect visitors to canola fields and surrounding vegetation. GRDC Canola pollination project. Dataset. University of Southern Queensland, Toowoomba. [unpublished as of 5/8/25]",S100B,S,1,1,0,1,1,1,NA,NA
Leucopogon,denticulataus,Leucopogon denticulatus,Ericaceae,Calliphorinae sp.1,NA,NA,sp.1,Calliphoridae,Calliphorinae,NA,Insecta,Diptera,2,WA,Jerdacuttup,-33.7785556,120.3492778,3/8/2024,Aug,2024,"Prendergast, K.S. (2025). Insect visitors to canola fields and surrounding vegetation. GRDC Canola pollination project. Dataset. University of Southern Queensland, Toowoomba. [unpublished as of 5/8/25]",S100B,S,1,1,0,1,1,1,NA,NA
Brassica,napus,Brassica napus,Brassicaceae,Calliphorinae sp.1,NA,NA,NA,Calliphoridae,Calliphorinae,NA,Insecta,Diptera,4,WA,Jerdacuttup,-33.7785556,120.3492778,8/8/2024,Aug,2024,"Prendergast, K.S. (2025). Insect visitors to canola fields and surrounding vegetation. GRDC Canola pollination project. Dataset. University of Southern Queensland, Toowoomba. [unpublished as of 5/8/25]",S100B,S,1,1,0,1,1,1,NA,NA
Daviesia,teretifolia,Daviesia teretifolia,Fabaceae,Calliphorinae sp.1,NA,NA,sp.1,Calliphoridae,Calliphorinae,NA,Insecta,Diptera,2,WA,Jerdacuttup,-33.7785556,120.3492778,8/8/2024,Aug,2024,"Prendergast, K.S. (2025). Insect visitors to canola fields and surrounding vegetation. GRDC Canola pollination project. Dataset. University of Southern Queensland, Toowoomba. [unpublished as of 5/8/25]",S100B,S,1,1,0,1,1,1,NA,NA
Leucopogon,denticulataus,Leucopogon denticulatus,Ericaceae,Calliphorinae sp.1,NA,NA,sp.1,Calliphoridae,Calliphorinae,NA,Insecta,Diptera,1,WA,Jerdacuttup,-33.7785556,120.3492778,8/8/2024,Aug,2024,"Prendergast, K.S. (2025). Insect visitors to canola fields and surrounding vegetation. GRDC Canola pollination project. Dataset. University of Southern Queensland, Toowoomba. [unpublished as of 5/8/25]",S100B,S,1,1,0,1,1,1,NA,NA
Pigea,adpressa,Pigea adpressa,Violaceae,Calliphorinae sp.1,NA,NA,sp.1,Calliphoridae,Calliphorinae,NA,Insecta,Diptera,6,WA,Jerdacuttup,-33.7785556,120.3492778,8/8/2024,Aug,2024,"Prendergast, K.S. (2025). Insect visitors to canola fields and surrounding vegetation. GRDC Canola pollination project. Dataset. University of Southern Queensland, Toowoomba. [unpublished as of 5/8/25]",S100B,S,1,1,0,1,1,1,NA,NA
Lissanthe,rubicunda,Lissanthe rubicunda,Ericaceae,Calliphorinae sp.1,NA,NA,sp.1,Calliphoridae,Calliphorinae,NA,Insecta,Diptera,3,WA,West River,-33.4711076,119.6923124,14/8/2024,Aug,2024,"Prendergast, K.S. (2025). Insect visitors to canola fields and surrounding vegetation. GRDC Canola pollination project. Dataset. University of Southern Queensland, Toowoomba. [unpublished as of 5/8/25]",S100B,S,1,1,0,1,1,1,NA,NA
Brassica,napus,Brassica napus,Brassicaceae,Calliphorinae sp.1,NA,NA,NA,Calliphoridae,Calliphorinae,NA,Insecta,Diptera,1,WA,West River,-33.6225234,119.5669327,16/8/2024,Aug,2024,"Prendergast, K.S. (2025). Insect visitors to canola fields and surrounding vegetation. GRDC Canola pollination project. Dataset. University of Southern Queensland, Toowoomba. [unpublished as of 5/8/25]",S100B,S,1,1,0,1,1,1,NA,NA
Grevillea,sparsiflora,Grevillea sparsiflora,Proteaceae,Calliphorinae sp.1,NA,NA,sp.1,Calliphorinae,Calliphorinae,NA,Insecta,Diptera,6,WA,Scaddan,-33.45269,121.7366,23/8/2024,Aug,2024,"Prendergast, K.S. (2025). Insect visitors to canola fields and surrounding vegetation. GRDC Canola pollination project. Dataset. University of Southern Queensland, Toowoomba. [unpublished as of 5/8/25]",S100B,S,1,1,0,1,1,1,NA,NA
Brassica,napus,Brassica napus,Brassicaceae,Calliphorinae sp.1,NA,NA,sp.1,Calliphorinae,Calliphorinae,NA,Insecta,Diptera,1,WA,Mount Burdett NR,-33.46171,122.1208,27/8/2024,Aug,2024,"Prendergast, K.S. (2025). Insect visitors to canola fields and surrounding vegetation. GRDC Canola pollination project. Dataset. University of Southern Queensland, Toowoomba. [unpublished as of 5/8/25]",S100B,S,1,1,0,1,1,1,NA,NA
Chamelaucium,megalopetalum?,Chamelaucium megalopetalum?,Myrtaceae,Calliphorinae sp.1,NA,NA,sp.1,Calliphorinae,Calliphorinae,NA,Insecta,Diptera,1,WA,Mount Burdett NR,-33.46171,122.1208,27/8/2024,Aug,2024,"Prendergast, K.S. (2025). Insect visitors to canola fields and surrounding vegetation. GRDC Canola pollination project. Dataset. University of Southern Queensland, Toowoomba. [unpublished as of 5/8/25]",S100B,S,1,1,0,1,1,1,NA,NA
Hakea,nitida,Hakea nitida,Proteaceae,Calliphorinae sp.1,NA,NA,sp.1,Calliphorinae,Calliphorinae,NA,Insecta,Diptera,4,WA,Mount Burdett NR,-33.46171,122.1208,27/8/2024,Aug,2024,"Prendergast, K.S. (2025). Insect visitors to canola fields and surrounding vegetation. GRDC Canola pollination project. Dataset. University of Southern Queensland, Toowoomba. [unpublished as of 5/8/25]",S100B,S,1,1,0,1,1,1,NA,NA
Isopogon,spathulatus elongatus,Isopogon spathulatus elongatus,Proteaceae,Calliphorinae sp.1,NA,NA,sp.1,Calliphoridae,Calliphorinae,NA,Insecta,Diptera,1,WA,Mount Burdett NR,-33.46171,122.1208,27/8/2024,Aug,2024,"Prendergast, K.S. (2025). Insect visitors to canola fields and surrounding vegetation. GRDC Canola pollination project. Dataset. University of Southern Queensland, Toowoomba. [unpublished as of 5/8/25]",S100B,S,1,1,0,1,1,1,NA,NA
Rinizia,communis,Rinzia communis,Myrtaceae,Calliphorinae sp.1,NA,NA,sp.1,Calliphoridae,Calliphorinae,NA,Insecta,Diptera,1,WA,Mount Burdett NR,-33.46171,122.1208,27/8/2024,Aug,2024,"Prendergast, K.S. (2025). Insect visitors to canola fields and surrounding vegetation. GRDC Canola pollination project. Dataset. University of Southern Queensland, Toowoomba. [unpublished as of 5/8/25]",S100B,S,1,1,0,1,1,1,NA,NA
NA,sp.1,Styphelieae sp.1,Styphelieae,Calliphorinae sp.1,NA,NA,sp.1,Calliphoridae,Calliphorinae,NA,Insecta,Diptera,1,WA,Mount Burdett NR,-33.46171,122.1208,27/8/2024,Aug,2024,"Prendergast, K.S. (2025). Insect visitors to canola fields and surrounding vegetation. GRDC Canola pollination project. Dataset. University of Southern Queensland, Toowoomba. [unpublished as of 5/8/25]",S100B,S,1,1,0,1,1,1,NA,NA
Brassica,napus,Brassica napus,Brassicaceae,Calliphorinae sp.2,NA,NA,NA,Calliphoridae,Calliphorinae,NA,Insecta,Diptera,1,WA,West River,-33.5537092,119.5716707,1/8/2024,Aug,2024,"Prendergast, K.S. (2025). Insect visitors to canola fields and surrounding vegetation. GRDC Canola pollination project. Dataset. University of Southern Queensland, Toowoomba. [unpublished as of 5/8/25]",S100B,S,1,1,0,1,1,1,NA,NA
Leucopogon,denticulataus,Leucopogon denticulatus,Ericaceae,Calliphorinae sp.2,NA,NA,sp.2,Calliphoridae,Calliphorinae,NA,Insecta,Diptera,2,WA,Jerdacuttup,-33.7785556,120.3492778,3/8/2024,Aug,2024,"Prendergast, K.S. (2025). Insect visitors to canola fields and surrounding vegetation. GRDC Canola pollination project. Dataset. University of Southern Queensland, Toowoomba. [unpublished as of 5/8/25]",S100B,S,1,1,0,1,1,1,NA,NA
Leucopogon,denticulataus,Leucopogon denticulataus,Ericaceae,Chaoboridae sp.,NA,NA,sp.,Chaoboridae,NA,NA,Insecta,Diptera,1,WA,Jerdacuttup,-33.7785556,120.3492778,8/8/2024,Aug,2024,"Prendergast, K.S. (2025). Insect visitors to canola fields and surrounding vegetation. GRDC Canola pollination project. Dataset. University of Southern Queensland, Toowoomba. [unpublished as of 5/8/25]",S100B,S,1,1,0,1,1,1,NA,NA
Gastrolobium,parviflorum,Gastrolobium parviflorum,Fabaceae,Crabronidae sp.1,NA,NA,sp.1,Crabronidae,NA,NA,Insecta,Hymenoptera,1,WA,Ravensthorpe,-33.47153,120.0187191,6/8/2024,Aug,2024,"Prendergast, K.S. (2025). Insect visitors to canola fields and surrounding vegetation. GRDC Canola pollination project. Dataset. University of Southern Queensland, Toowoomba. [unpublished as of 5/8/25]",S100B,S,1,1,0,1,1,1,NA,NA
Hakea,cygnus,Hakea cygnus,Proteaceae,Cryptolaemus montrouzieri,Cryptolaemus,NA,montrouzieri,Coccinellidae,Coccinellinae,NA,Insecta,Coleoptera,1,WA,West River,-33.4711076,119.6923124,14/8/2024,Aug,2024,"Prendergast, K.S. (2025). Insect visitors to canola fields and surrounding vegetation. GRDC Canola pollination project. Dataset. University of Southern Queensland, Toowoomba. [unpublished as of 5/8/25]",S100B,S,1,1,0,1,1,1,NA,NA
Chamelaucium,ciliatum,Chamelaucium ciliatum,Myrtaceae,Desmometopa sp.1,Desmometopa,NA,sp.1,Milichiidae,Madinizae,NA,Insecta,Diptera,5,WA,Ravensthorpe,-33.47153,120.0187191,29/7/2024,July,2024,"Prendergast, K.S. (2025). Insect visitors to canola fields and surrounding vegetation. GRDC Canola pollination project. Dataset. University of Southern Queensland, Toowoomba. [unpublished as of 5/8/25]",S100B,S,1,1,0,1,1,1,NA,NA
Hakea,nitida,Hakea nitida,Proteaceae,Ditropidus,Ditropidus,NA,sp.,Chrysomelidae,Cryptocephalinae,NA,Insecta,Coleoptera,4,WA,Mount Burdett NR,-33.46171,122.1208,27/8/2024,Aug,2024,"Prendergast, K.S. (2025). Insect visitors to canola fields and surrounding vegetation. GRDC Canola pollination project. Dataset. University of Southern Queensland, Toowoomba. [unpublished as of 5/8/25]",S100B,S,1,1,0,1,1,1,NA,NA
Acacia,gonophyla,Acacia gonophylla,Fabaceae,Ditropidus sp.1,Ditropidus,NA,sp.1,Chrysomelidae,Cryptocephalinae,NA,Insecta,Coleoptera,1,WA,Jerdacuttup,-33.7785556,120.3492778,3/8/2024,Aug,2024,"Prendergast, K.S. (2025). Insect visitors to canola fields and surrounding vegetation. GRDC Canola pollination project. Dataset. University of Southern Queensland, Toowoomba. [unpublished as of 5/8/25]",S100B,S,1,1,0,1,1,1,NA,NA
Daviesia,teretifolia,Daviesia teretifolia,Fabaceae,Ditropidus sp.1,Ditropidus,NA,sp.1,Chrysomelidae,Cryptocephalinae,NA,Insecta,Coleoptera,1,WA,Jerdacuttup,-33.7785556,120.3492778,8/8/2024,Aug,2024,"Prendergast, K.S. (2025). Insect visitors to canola fields and surrounding vegetation. GRDC Canola pollination project. Dataset. University of Southern Queensland, Toowoomba. [unpublished as of 5/8/25]",S100B,S,1,1,0,1,1,1,NA,NA
Brassica,napus,Brassica napus,Brassicaceae,Drosophilidae sp.1,NA,NA,NA,Drosphilidae,NA,NA,Insecta,Diptera,2,WA,West River,-33.5537092,119.5716707,1/8/2024,Aug,2024,"Prendergast, K.S. (2025). Insect visitors to canola fields and surrounding vegetation. GRDC Canola pollination project. Dataset. University of Southern Queensland, Toowoomba. [unpublished as of 5/8/25]",S100B,S,1,1,0,1,1,1,NA,NA
Brassica,napus,Brassica napus,Brassicaceae,Drosophilidae sp.1,NA,NA,NA,Drosphilidae,NA,NA,Insecta,Diptera,2,WA,Jerdacuttup,-33.7785556,120.3492778,8/8/2024,Aug,2024,"Prendergast, K.S. (2025). Insect visitors to canola fields and surrounding vegetation. GRDC Canola pollination project. Dataset. University of Southern Queensland, Toowoomba. [unpublished as of 5/8/25]",S100B,S,1,1,0,1,1,1,NA,NA
Hakea,nitida,Hakea nitida,Proteaceae,Drosophilidae sp.1,Drosophilidae,NA,sp.1,Drosophilidae,NA,NA,Insecta,Diptera,5,WA,Mount Burdett NR,-33.46171,122.1208,12/8/2024,Aug,2024,"Prendergast, K.S. (2025). Insect visitors to canola fields and surrounding vegetation. GRDC Canola pollination project. Dataset. University of Southern Queensland, Toowoomba. [unpublished as of 5/8/25]",S100B,S,1,1,0,1,1,1,NA,NA
Hakea,nitida,Hakea nitida,Proteaceae,Eleale aulicodes,Eleale,NA,aulicodes,Cleridae,Epiclininae,NA,Insecta,Coleoptera,1,WA,Mount Burdett NR,-33.46171,122.1208,27/8/2024,Aug,2024,"Prendergast, K.S. (2025). Insect visitors to canola fields and surrounding vegetation. GRDC Canola pollination project. Dataset. University of Southern Queensland, Toowoomba. [unpublished as of 5/8/25]",S100B,S,1,1,0,1,1,1,NA,NA
Isopogon,spathulatus elongatus,Isopogon spathulatus elongatus,Proteaceae,Eleale aulicodes,Eleale,NA,aulicodes,Cleridae,Epiclininae,NA,Insecta,Coleoptera,1,WA,Mount Burdett NR,-33.46171,122.1208,27/8/2024,Aug,2024,"Prendergast, K.S. (2025). Insect visitors to canola fields and surrounding vegetation. GRDC Canola pollination project. Dataset. University of Southern Queensland, Toowoomba. [unpublished as of 5/8/25]",S100B,S,1,1,0,1,1,1,NA,NA
NA,sp.1,Styphelieae sp.1,Styphelieae,Eleale aulicodes,Eleale,NA,aulicodes,Cleridae,Epiclininae,NA,Insecta,Coleoptera,1,WA,Mount Burdett NR,-33.46171,122.1208,27/8/2024,Aug,2024,"Prendergast, K.S. (2025). Insect visitors to canola fields and surrounding vegetation. GRDC Canola pollination project. Dataset. University of Southern Queensland, Toowoomba. [unpublished as of 5/8/25]",S100B,S,1,1,0,1,1,1,NA,NA
Eucalyptus,scyphata,Eucalyptus scyphyta,Myrtaceae,Eristalis punctulatus,Eristalis,NA,punctulatus,Syrphidae,Eristaliinae,NA,Insecta,Diptera,5,WA,West River,-33.6225234,119.5669327,16/8/2024,Aug,2024,"Prendergast, K.S. (2025). Insect visitors to canola fields and surrounding vegetation. GRDC Canola pollination project. Dataset. University of Southern Queensland, Toowoomba. [unpublished as of 5/8/25]",S100B,S,1,1,0,1,1,1,NA,NA
Eucalyptus,scyphata,Eucalyptus scyphyta,Myrtaceae,"Euhesma sp.""WestRiver""",Euhesma,NA,"sp.""WestRiver""",Colletidae,Euryglossinae,NA,Insecta,Hymenoptera,6,WA,West River,-33.6225234,119.5669327,16/8/2024,Aug,2024,"Prendergast, K.S. (2025). Insect visitors to canola fields and surrounding vegetation. GRDC Canola pollination project. Dataset. University of Southern Queensland, Toowoomba. [unpublished as of 5/8/25]",S100B,S,1,1,0,1,1,1,NA,NA
Leucopogon,denticulataus,Leucopogon denticulatus,Ericaceae,"Exoneura sp.""basal scutellum fringe""",Exoneura,NA,"sp.""basal scutellum fringe""",Apidae,Xylocopinae,NA,Insecta,Hymenoptera,1,WA,Jerdacuttup,-33.7785556,120.3492778,3/8/2024,Aug,2024,"Prendergast, K.S. (2025). Insect visitors to canola fields and surrounding vegetation. GRDC Canola pollination project. Dataset. University of Southern Queensland, Toowoomba. [unpublished as of 5/8/25]",S100B,S,1,1,0,1,1,1,NA,NA
Brassica,napus,Brassica napus,Brassicaceae,Fannia canicularis,Fannia,NA,canicularis,Fannidae,Fanniidae,NA,Insecta,Diptera,3,WA,West River,-33.4711076,119.6923124,30/7/2024,July,2024,"Prendergast, K.S. (2025). Insect visitors to canola fields and surrounding vegetation. GRDC Canola pollination project. Dataset. University of Southern Queensland, Toowoomba. [unpublished as of 5/8/25]",S100B,S,1,1,0,1,1,1,NA,NA
Brassica,napus,Brassica napus,Brassicaceae,Fannia canicularis,Fannia,NA,canicularis,Fannidae,Fanniidae,NA,Insecta,Diptera,2,WA,West River,-33.6225234,119.5669327,31/7/2024,July,2024,"Prendergast, K.S. (2025). Insect visitors to canola fields and surrounding vegetation. GRDC Canola pollination project. Dataset. University of Southern Queensland, Toowoomba. [unpublished as of 5/8/25]",S100B,S,1,1,0,1,1,1,NA,NA
Leucopogon,denticulataus,Leucopogon denticulataus,Ericaceae,Fannia canicularis,Fannia,NA,canicularis,Fannidae,Fanniidae,NA,Insecta,Diptera,1,WA,West River,-33.5537092,119.5716707,1/8/2024,Aug,2024,"Prendergast, K.S. (2025). Insect visitors to canola fields and surrounding vegetation. GRDC Canola pollination project. Dataset. University of Southern Queensland, Toowoomba. [unpublished as of 5/8/25]",S100B,S,1,1,0,1,1,1,NA,NA
Brassica,napus,Brassica napus,Brassicaceae,Fannia canicularis,Fannia,NA,canicularis,Fannidae,Fanniidae,NA,Insecta,Diptera,3,WA,Jerdacuttup,-33.7785556,120.3492778,3/8/2024,Aug,2024,"Prendergast, K.S. (2025). Insect visitors to canola fields and surrounding vegetation. GRDC Canola pollination project. Dataset. University of Southern Queensland, Toowoomba. [unpublished as of 5/8/25]",S100B,S,1,1,0,1,1,1,NA,NA
Brassica,napus,Brassica napus,Brassicaceae,Fannia canicularis,Fannia,NA,canicularis,Fannidae,Fanniidae,NA,Insecta,Diptera,1,WA,Jerdacuttup,-33.7785556,120.3492778,8/8/2024,Aug,2024,"Prendergast, K.S. (2025). Insect visitors to canola fields and surrounding vegetation. GRDC Canola pollination project. Dataset. University of Southern Queensland, Toowoomba. [unpublished as of 5/8/25]",S100B,S,1,1,0,1,1,1,NA,NA
Hakea,trifurcata,Hakea trifurcata,Proteaceae,Fannia canicularis,Fannia,NA,canicularis,Fannidae,Fanniidae,NA,Insecta,Diptera,21,WA,West River,-33.5537092,119.5716707,15/8/2024,Aug,2024,"Prendergast, K.S. (2025). Insect visitors to canola fields and surrounding vegetation. GRDC Canola pollination project. Dataset. University of Southern Queensland, Toowoomba. [unpublished as of 5/8/25]",S100B,S,1,1,0,1,1,1,NA,NA
Chamelaucium,megalopetalum?,Chamelaucium megalopetalum?,Myrtaceae,Fannia canicularis,Fannia,NA,canicularis,Fannidae,Fanniidae,NA,Insecta,Diptera,1,WA,Mount Burdett NR,-33.46171,122.1208,27/8/2024,Aug,2024,"Prendergast, K.S. (2025). Insect visitors to canola fields and surrounding vegetation. GRDC Canola pollination project. Dataset. University of Southern Queensland, Toowoomba. [unpublished as of 5/8/25]",S100B,S,1,1,0,1,1,1,NA,NA
Eucalyptus,scyphata,Eucalyptus scyphyta,Myrtaceae,Hilara? sp.1,Hilara,NA,sp.1,Empididae,Empidinae,NA,Insecta,Diptera,1,WA,West River,-33.6225234,119.5669327,16/8/2024,Aug,2024,"Prendergast, K.S. (2025). Insect visitors to canola fields and surrounding vegetation. GRDC Canola pollination project. Dataset. University of Southern Queensland, Toowoomba. [unpublished as of 5/8/25]",S100B,S,1,1,0,1,1,1,NA,NA
Chamelaucium,megalopetalum?,Chamelaucium megalopetalum?,Myrtaceae,"Hylaeus (Prosopisteron)  sp. ""three-stripe""",Hylaeus,NA,"sp. ""three-stripe""",Colletidae,Hylaeinae,NA,Insecta,Hymenoptera,1,WA,Mount Burdett NR,-33.46171,122.1208,27/8/2024,Aug,2024,"Prendergast, K.S. (2025). Insect visitors to canola fields and surrounding vegetation. GRDC Canola pollination project. Dataset. University of Southern Queensland, Toowoomba. [unpublished as of 5/8/25]",S100B,S,1,1,0,1,1,1,NA,NA
Acacia,gonophylla,Acacia gonophylla,Fabaceae,"Hylaeus (Prosopisteron) sp. ""three-stripe""",Hylaeus,NA,"sp. ""three-stripe""",Colletidae,Hylaeinae,NA,Insecta,Hymenoptera,2,WA,Jerdacuttup,-33.746834,120.357739,2/8/2024,Aug,2024,"Prendergast, K.S. (2025). Insect visitors to canola fields and surrounding vegetation. GRDC Canola pollination project. Dataset. University of Southern Queensland, Toowoomba. [unpublished as of 5/8/25]",S100B,S,1,1,0,1,1,1,NA,NA
Leucopogon,denticulataus,Leucopogon denticulataus,Ericaceae,"Hylaeus (Prosopisteron) sp. ""three-stripe""",Hylaeus,NA,"sp. ""three-stripe""",Colletidae,Hylaeinae,NA,Insecta,Hymenoptera,2,WA,Jerdacuttup,-33.7785556,120.3492778,8/8/2024,Aug,2024,"Prendergast, K.S. (2025). Insect visitors to canola fields and surrounding vegetation. GRDC Canola pollination project. Dataset. University of Southern Queensland, Toowoomba. [unpublished as of 5/8/25]",S100B,S,1,1,0,1,1,1,NA,NA
Hakea,trifurcata,Hakea cygnus,Proteaceae,"Hylaeus (Prosopisteron) sp. ""three-stripe""",Hylaeus,NA,"sp. ""three-stripe""",Colletidae,Hylaeinae,NA,Insecta,Hymenoptera,1,WA,West River,-33.5537092,119.5716707,15/8/2024,Aug,2024,"Prendergast, K.S. (2025). Insect visitors to canola fields and surrounding vegetation. GRDC Canola pollination project. Dataset. University of Southern Queensland, Toowoomba. [unpublished as of 5/8/25]",S100B,S,1,1,0,1,1,1,NA,NA
Hakea,nitida,Hakea nitida,Proteaceae,"Hylaeus (Prosopisteron) sp. ""three-stripe""",Hylaeus,NA,"sp. ""three-stripe""",Colletidae,Hylaeinae,NA,Insecta,Hymenoptera,2,WA,Mount Burdett NR,-33.46171,122.1208,27/8/2024,Aug,2024,"Prendergast, K.S. (2025). Insect visitors to canola fields and surrounding vegetation. GRDC Canola pollination project. Dataset. University of Southern Queensland, Toowoomba. [unpublished as of 5/8/25]",S100B,S,1,1,0,1,1,1,NA,NA
Rinizia,communis,Rinzia communis,Myrtaceae,"Hylaeus (Prosopisteron) sp. ""three-stripe""",Hylaeus,NA,"sp. ""three-stripe""",Colletidae,Hylaeinae,NA,Insecta,Hymenoptera,2,WA,Mount Burdett NR,-33.46171,122.1208,27/8/2024,Aug,2024,"Prendergast, K.S. (2025). Insect visitors to canola fields and surrounding vegetation. GRDC Canola pollination project. Dataset. University of Southern Queensland, Toowoomba. [unpublished as of 5/8/25]",S100B,S,1,1,0,1,1,1,NA,NA
Daviesia,sarissa,Daviesia sarissa,Fabaceae,Lasioglossum (Chilalictus),Lasioglossum,NA,castor,Halictidae,Halictinae,NA,Insecta,Hymenoptera,1,WA,West River,-33.5537092,119.5716707,15/8/2024,Aug,2024,"Prendergast, K.S. (2025). Insect visitors to canola fields and surrounding vegetation. GRDC Canola pollination project. Dataset. University of Southern Queensland, Toowoomba. [unpublished as of 5/8/25]",S100B,S,1,1,0,1,1,1,NA,NA
Hibbertia,gracilipes,Hibbertia gracilipes,Dilleniaceae,Lasioglossum (Chilalictus) castor,Lasioglossum,NA,castor,Halictidae,Halictinae,NA,Insecta,Hymenoptera,2,WA,Jerdacuttup,-33.7785556,120.3492778,3/8/2024,Aug,2024,"Prendergast, K.S. (2025). Insect visitors to canola fields and surrounding vegetation. GRDC Canola pollination project. Dataset. University of Southern Queensland, Toowoomba. [unpublished as of 5/8/25]",S100B,S,1,1,0,1,1,1,NA,NA
Eucalyptus,incrassata,Eucalyptus incrassata,Myrtaceae,Lasioglossum (Chilalictus) cf. greavesi,Lasioglossum,NA,sp. greavesi,Halictidae,Halictinae,NA,Insecta,Hymenoptera,5,WA,West River,-33.4711076,119.6923124,14/8/2024,Aug,2024,"Prendergast, K.S. (2025). Insect visitors to canola fields and surrounding vegetation. GRDC Canola pollination project. Dataset. University of Southern Queensland, Toowoomba. [unpublished as of 5/8/25]",S100B,S,1,1,0,1,1,1,NA,NA
Acacia,chrysocephala,Acacia chrysocephala,Fabaceae,Lasioglossum (Chilalictus) seminitens?,Lasioglossum,NA,seminitens,Halictidae,Halictinae,NA,Insecta,Hymenoptera,1,WA,Jerdacuttup,-33.7785556,120.3492778,3/8/2024,Aug,2024,"Prendergast, K.S. (2025). Insect visitors to canola fields and surrounding vegetation. GRDC Canola pollination project. Dataset. University of Southern Queensland, Toowoomba. [unpublished as of 5/8/25]",S100B,S,1,1,0,1,1,1,NA,NA
Acacia,pravifolia,Acacia pravifolia,Fabaceae,Lasioglossum (Chilalictus) seminitens?,Lasioglossum,NA,seminitens,Halictidae,Halictinae,NA,Insecta,Hymenoptera,2,WA,Jerdacuttup,-33.7785556,120.3492778,3/8/2024,Aug,2024,"Prendergast, K.S. (2025). Insect visitors to canola fields and surrounding vegetation. GRDC Canola pollination project. Dataset. University of Southern Queensland, Toowoomba. [unpublished as of 5/8/25]",S100B,S,1,1,0,1,1,1,NA,NA
Logania,buxifolia,Logania buxifolia,Loganiaceae,Lasioglossum (Chilalictus) seminitens?,Lasioglossum,NA,seminitens,Halictidae,Halictinae,NA,Insecta,Hymenoptera,2,WA,Jerdacuttup,-33.7785556,120.3492778,3/8/2024,Aug,2024,"Prendergast, K.S. (2025). Insect visitors to canola fields and surrounding vegetation. GRDC Canola pollination project. Dataset. University of Southern Queensland, Toowoomba. [unpublished as of 5/8/25]",S100B,S,1,1,0,1,1,1,NA,NA
Templetonia,neglecta,Templetonia neglecta,Fabaceae,Lasioglossum (Chilalictus) seminitens?,Lasioglossum,NA,seminitens,Halictidae,Halictinae,NA,Insecta,Hymenoptera,1,WA,Jerdacuttup,-33.7785556,120.3492778,3/8/2024,Aug,2024,"Prendergast, K.S. (2025). Insect visitors to canola fields and surrounding vegetation. GRDC Canola pollination project. Dataset. University of Southern Queensland, Toowoomba. [unpublished as of 5/8/25]",S100B,S,1,1,0,1,1,1,NA,NA
Olax,benthamiana,Olax benthamiana,Olacaceae,Lasioglossum (Chilalictus) seminitens?,Lasioglossum,NA,seminitens,Halictidae,Halictinae,NA,Insecta,Hymenoptera,5,WA,Jerdacuttup,-33.7785556,120.3492778,8/8/2024,Aug,2024,"Prendergast, K.S. (2025). Insect visitors to canola fields and surrounding vegetation. GRDC Canola pollination project. Dataset. University of Southern Queensland, Toowoomba. [unpublished as of 5/8/25]",S100B,S,1,1,0,1,1,1,NA,NA
Pigea,adpressa,Pigea adpressa,Violaceae,Lasioglossum (Chilalictus) seminitens?,Lasioglossum,NA,seminitens,Halictidae,Halictinae,NA,Insecta,Hymenoptera,2,WA,Jerdacuttup,-33.7785556,120.3492778,8/8/2024,Aug,2024,"Prendergast, K.S. (2025). Insect visitors to canola fields and surrounding vegetation. GRDC Canola pollination project. Dataset. University of Southern Queensland, Toowoomba. [unpublished as of 5/8/25]",S100B,S,1,1,0,1,1,1,NA,NA
Daviesia,teretifolia,Daviesia teretifolia,Fabaceae,Lasioglossum (Chilalictus) seminitens?,Lasioglossum,NA,seminitens,Halictidae,Halictinae,NA,Insecta,Hymenoptera,4,WA,Jerdacuttup,-33.7785556,120.3492778,3/8/2024,Aug,2024,"Prendergast, K.S. (2025). Insect visitors to canola fields and surrounding vegetation. GRDC Canola pollination project. Dataset. University of Southern Queensland, Toowoomba. [unpublished as of 5/8/25]",S100B,S,1,1,0,1,1,1,NA,NA
Leucopogon,denticulataus,Leucopogon denticulatus,Ericaceae,Lasioglossum (Chilalictus) seminitens?,Lasioglossum,NA,seminitens,Halictidae,Halictinae,NA,Insecta,Hymenoptera,2,WA,Jerdacuttup,-33.7785556,120.3492778,3/8/2024,Aug,2024,"Prendergast, K.S. (2025). Insect visitors to canola fields and surrounding vegetation. GRDC Canola pollination project. Dataset. University of Southern Queensland, Toowoomba. [unpublished as of 5/8/25]",S100B,S,1,1,0,1,1,1,NA,NA
Leucopogon,denticulataus,Leucopogon denticulatus,Ericaceae,"Lasioglossum (Chilalictus) sp.""aclypeal band""",Lasioglossum,NA,"sp.""aclypeal band""",Halictidae,Halictinae,NA,Insecta,Hymenoptera,1,WA,Jerdacuttup,-33.7785556,120.3492778,3/8/2024,Aug,2024,"Prendergast, K.S. (2025). Insect visitors to canola fields and surrounding vegetation. GRDC Canola pollination project. Dataset. University of Southern Queensland, Toowoomba. [unpublished as of 5/8/25]",S100B,S,1,1,0,1,1,1,NA,NA
Pigea,adpressa,Pigea adpressa,Violaceae,"Lasioglossum (Chilalictus) sp.""aclypeal band""",Lasioglossum,NA,"sp.""aclypeal band""",Halictidae,Halictinae,NA,Insecta,Hymenoptera,4,WA,Jerdacuttup,-33.7785556,120.3492778,8/8/2024,Aug,2024,"Prendergast, K.S. (2025). Insect visitors to canola fields and surrounding vegetation. GRDC Canola pollination project. Dataset. University of Southern Queensland, Toowoomba. [unpublished as of 5/8/25]",S100B,S,1,1,0,1,1,1,NA,NA
Hakea,cygnus,Hakea cygnus,Proteaceae,"Lasioglossum (Homalictus) sp.1 ""smoothprop""",Lasioglossum,NA,"sp.1 ""smoothprop""",Halictidae,Halictinae,NA,Insecta,Hymenoptera,3,WA,West River,-33.4711076,119.6923124,14/8/2024,Aug,2024,"Prendergast, K.S. (2025). Insect visitors to canola fields and surrounding vegetation. GRDC Canola pollination project. Dataset. University of Southern Queensland, Toowoomba. [unpublished as of 5/8/25]",S100B,S,1,1,0,1,1,1,NA,NA
Hakea,trifurcata,Hakea trifurcata,Proteaceae,"Lasioglossum (Homalictus) sp.1 ""smoothprop""",Lasioglossum,NA,"sp.1 ""smoothprop""",Halictidae,Halictinae,NA,Insecta,Hymenoptera,1,WA,West River,-33.5537092,119.5716707,15/8/2024,Aug,2024,"Prendergast, K.S. (2025). Insect visitors to canola fields and surrounding vegetation. GRDC Canola pollination project. Dataset. University of Southern Queensland, Toowoomba. [unpublished as of 5/8/25]",S100B,S,1,1,0,1,1,1,NA,NA
Acacia,gonophylla,Acacia gonophylla,Fabaceae,Lasioglossum (Parasphecodes) sulthica,Lasioglossum,NA,sulthica,Halictidae,Halictinae,NA,Insecta,Hymenoptera,1,WA,West River,-33.4711076,119.6923124,30/7/2024,July,2024,"Prendergast, K.S. (2025). Insect visitors to canola fields and surrounding vegetation. GRDC Canola pollination project. Dataset. University of Southern Queensland, Toowoomba. [unpublished as of 5/8/25]",S100B,S,1,1,0,1,1,1,NA,NA
Logania,buxifolia,Logania buxifolia,Loganiaceae,Lasioglossum (Parasphecodes) sulthica,Lasioglossum,NA,sulthica,Halictidae,Halictinae,NA,Insecta,Hymenoptera,2,WA,Jerdacuttup,-33.7785556,120.3492778,3/8/2024,Aug,2024,"Prendergast, K.S. (2025). Insect visitors to canola fields and surrounding vegetation. GRDC Canola pollination project. Dataset. University of Southern Queensland, Toowoomba. [unpublished as of 5/8/25]",S100B,S,1,1,0,1,1,1,NA,NA
Acacia,gonophylla,Acacia gonophylla,Fabaceae,Lasioglossum (Parasphecodes) sulthica,Lasioglossum,NA,sulthica,Halictidae,Halictinae,NA,Insecta,Hymenoptera,1,WA,West River,-33.4711076,119.6923124,14/8/2024,Aug,2024,"Prendergast, K.S. (2025). Insect visitors to canola fields and surrounding vegetation. GRDC Canola pollination project. Dataset. University of Southern Queensland, Toowoomba. [unpublished as of 5/8/25]",S100B,S,1,1,0,1,1,1,NA,NA
Hakea,trifurcata,Hakea trifurcata,Proteaceae,Lasioglossum (Parasphecodes) sulthica,Lasioglossum,NA,sulthica,Halictidae,Halictinae,NA,Insecta,Hymenoptera,4,WA,West River,-33.5537092,119.5716707,15/8/2024,Aug,2024,"Prendergast, K.S. (2025). Insect visitors to canola fields and surrounding vegetation. GRDC Canola pollination project. Dataset. University of Southern Queensland, Toowoomba. [unpublished as of 5/8/25]",S100B,S,1,1,0,1,1,1,NA,NA
Hakea,cygnus,Hakea cygnus,Proteaceae,"Lasioglossum sp.""twocells""",Lasioglossum,NA,"sp.""twocells""",Halictidae,Halictinae,NA,Insecta,Hymenoptera,2,WA,West River,-33.4711076,119.6923124,14/8/2024,Aug,2024,"Prendergast, K.S. (2025). Insect visitors to canola fields and surrounding vegetation. GRDC Canola pollination project. Dataset. University of Southern Queensland, Toowoomba. [unpublished as of 5/8/25]",S100B,S,1,1,0,1,1,1,NA,NA
Hakea,trifurcata,Hakea trifurcata,Proteaceae,"Lasioglossum sp.""twocells""?",Lasioglossum,NA,"sp.""twocells""",Halictidae,Halictinae,NA,Insecta,Hymenoptera,20,WA,West River,-33.5537092,119.5716707,15/8/2024,Aug,2024,"Prendergast, K.S. (2025). Insect visitors to canola fields and surrounding vegetation. GRDC Canola pollination project. Dataset. University of Southern Queensland, Toowoomba. [unpublished as of 5/8/25]",S100B,S,1,1,0,1,1,1,NA,NA
Leucopogon,denticulataus,Leucopogon denticulataus,Ericaceae,"Leioproctus ""aureus-sapphire""",Leioproctus,NA,"""aureus-sapphire""",Colletidae,Neopasiphaeinae,NA,Insecta,Hymenoptera,1,WA,West River,-33.4711076,119.6923124,30/7/2024,July,2024,"Prendergast, K.S. (2025). Insect visitors to canola fields and surrounding vegetation. GRDC Canola pollination project. Dataset. University of Southern Queensland, Toowoomba. [unpublished as of 5/8/25]",S100B,S,1,1,0,1,1,1,NA,NA
Daviesia,incrassata subsp reversifolia,Daviesia incrassata subsp reversifolia,Fabaceae,"Leioproctus ""aureus-sapphire""",Leioproctus,NA,"""aureus-sapphire""",Colletidae,Neopasiphaeinae,NA,Insecta,Hymenoptera,2,WA,West River,-33.6225234,119.5669327,31/7/2024,July,2024,"Prendergast, K.S. (2025). Insect visitors to canola fields and surrounding vegetation. GRDC Canola pollination project. Dataset. University of Southern Queensland, Toowoomba. [unpublished as of 5/8/25]",S100B,S,1,1,0,1,1,1,NA,NA
Daviesia,Daviesia incrassata subsp reversifolia,Daviesia incrassata subsp reversifolia,Fabaceae,"Leioproctus ""aureus-sapphire""",Leioproctus,NA,"""aureus-sapphire""",Colletidae,Neopasiphaeinae,NA,Insecta,Hymenoptera,2,WA,West River,-33.4711076,119.6923124,14/8/2024,Aug,2024,"Prendergast, K.S. (2025). Insect visitors to canola fields and surrounding vegetation. GRDC Canola pollination project. Dataset. University of Southern Queensland, Toowoomba. [unpublished as of 5/8/25]",S100B,S,1,1,0,1,1,1,NA,NA
Daviesia,sarissa,Daviesia sarissa,Fabaceae,"Leioproctus ""aureus-sapphire""",Leioproctus,NA,"""aureus-sapphire""",Colletidae,Neopasiphaeinae,NA,Insecta,Hymenoptera,1,WA,West River,-33.4711076,119.6923124,14/8/2024,Aug,2024,"Prendergast, K.S. (2025). Insect visitors to canola fields and surrounding vegetation. GRDC Canola pollination project. Dataset. University of Southern Queensland, Toowoomba. [unpublished as of 5/8/25]",S100B,S,1,1,0,1,1,1,NA,NA
Daviesia,Daviesia incrassata subsp reversifolia,Daviesia incrassata subsp reversifolia,Fabaceae,"Leioproctus ""aureus-sapphire""",Leioproctus,NA,"""aureus-sapphire""",Colletidae,Neopasiphaeinae,NA,Insecta,Hymenoptera,1,WA,West River,-33.5537092,119.5716707,15/8/2024,Aug,2024,"Prendergast, K.S. (2025). Insect visitors to canola fields and surrounding vegetation. GRDC Canola pollination project. Dataset. University of Southern Queensland, Toowoomba. [unpublished as of 5/8/25]",S100B,S,1,1,0,1,1,1,NA,NA
Daviesia,sarissa,Daviesia sarissa,Fabaceae,"Leioproctus ""aureus-sapphire""",Leioproctus,NA,"""aureus-sapphire""",Colletidae,Neopasiphaeinae,NA,Insecta,Hymenoptera,2,WA,West River,-33.5537092,119.5716707,15/8/2024,Aug,2024,"Prendergast, K.S. (2025). Insect visitors to canola fields and surrounding vegetation. GRDC Canola pollination project. Dataset. University of Southern Queensland, Toowoomba. [unpublished as of 5/8/25]",S100B,S,1,1,0,1,1,1,NA,NA
Hakea,cygnus,Hakea cygnus,Proteaceae,"Leioproctus ""aureus-sapphire""",Leioproctus,NA,"""aureus-sapphire""",Colletidae,Neopasiphaeinae,NA,Insecta,Hymenoptera,1,WA,West River,-33.5537092,119.5716707,15/8/2024,Aug,2024,"Prendergast, K.S. (2025). Insect visitors to canola fields and surrounding vegetation. GRDC Canola pollination project. Dataset. University of Southern Queensland, Toowoomba. [unpublished as of 5/8/25]",S100B,S,1,1,0,1,1,1,NA,NA
Hakea,cygnus,Hakea cygnus,Proteaceae,"Leioproctus ""aureus-sapphire""",Leioproctus,NA,"""aureus-sapphire""",Colletidae,Neopasiphaeinae,NA,Insecta,Hymenoptera,1,WA,West River,-33.5537092,119.5716707,15/8/2024,Aug,2024,"Prendergast, K.S. (2025). Insect visitors to canola fields and surrounding vegetation. GRDC Canola pollination project. Dataset. University of Southern Queensland, Toowoomba. [unpublished as of 5/8/25]",S100B,S,1,1,0,1,1,1,NA,NA
Daviesia,teretifolia,Daviesia teretifolia,Fabaceae,"Leioproctus ""aureus-sapphire""",Leioproctus,NA,"""aureus-sapphire""",Colletidae,Neopasiphaeinae,NA,Insecta,Hymenoptera,1,WA,Mount Burdett NR,-33.46171,122.1208,27/8/2024,Aug,2024,"Prendergast, K.S. (2025). Insect visitors to canola fields and surrounding vegetation. GRDC Canola pollination project. Dataset. University of Southern Queensland, Toowoomba. [unpublished as of 5/8/25]",S100B,S,1,1,0,1,1,1,NA,NA
Isopogon,spathulatus elongatus,Isopogon spathulatus elongatus,Proteaceae,"Leioproctus ""aureus-sapphire""",Leioproctus,NA,"""aureus-sapphire""",Colletidae,Neopasiphaeinae,NA,Insecta,Hymenoptera,2,WA,Mount Burdett NR,-33.46171,122.1208,27/8/2024,Aug,2024,"Prendergast, K.S. (2025). Insect visitors to canola fields and surrounding vegetation. GRDC Canola pollination project. Dataset. University of Southern Queensland, Toowoomba. [unpublished as of 5/8/25]",S100B,S,1,1,0,1,1,1,NA,NA
Boronia,inornata,Boronia inornata,Rutaceae,Leioproctus (Leioproctus),Leioproctus,NA,subminutus,Colletidae,Neopasiphaeinae,NA,Insecta,Hymenoptera,2,WA,Scaddan,-33.45269,121.7366,5/8/2024,Aug,2024,"Prendergast, K.S. (2025). Insect visitors to canola fields and surrounding vegetation. GRDC Canola pollination project. Dataset. University of Southern Queensland, Toowoomba. [unpublished as of 5/8/25]",S100B,S,1,1,0,1,1,1,NA,NA
Babingtonia,sp.,Babingtonia sp.,Myrtaceae,Leioproctus (Leioproctus),Leioproctus,NA,obscurus,Colletidae,Neopasiphaeinae,NA,Insecta,Hymenoptera,1,WA,West River,-33.5537092,119.5716707,15/8/2024,Aug,2024,"Prendergast, K.S. (2025). Insect visitors to canola fields and surrounding vegetation. GRDC Canola pollination project. Dataset. University of Southern Queensland, Toowoomba. [unpublished as of 5/8/25]",S100B,S,1,1,0,1,1,1,NA,NA
Hakea,nitida,Hakea nitida,Proteaceae,Leioproctus (Leioproctus) obscurus,Leioproctus,NA,obscurus,Colletidae,Neopasiphaeinae,NA,Insecta,Hymenoptera,1,WA,Mount Burdett NR,-33.46171,122.1208,27/8/2024,Aug,2024,"Prendergast, K.S. (2025). Insect visitors to canola fields and surrounding vegetation. GRDC Canola pollination project. Dataset. University of Southern Queensland, Toowoomba. [unpublished as of 5/8/25]",S100B,S,1,1,0,1,1,1,NA,NA
Eucalyptus,phaenophylla,Eucalyptus phaenophylla,Myrtaceae,Leioproctus rufus?,Leioproctus,NA,rufus?,Colletidae,Neopasiphaeinae,NA,Insecta,Hymenoptera,1,WA,Ravensthorpe,-33.47153,120.0187191,29/7/2024,July,2024,"Prendergast, K.S. (2025). Insect visitors to canola fields and surrounding vegetation. GRDC Canola pollination project. Dataset. University of Southern Queensland, Toowoomba. [unpublished as of 5/8/25]",S100B,S,1,1,0,1,1,1,NA,NA
Hakea,trifurcata,Hakea trifurcata,Proteaceae,"Leioproctus sp.""bulbousflagellomeres""",Leioproctus,NA,"sp.""bulbousflagellomeres""",Colletidae,Neopasiphaeinae,NA,Insecta,Hymenoptera,1,WA,West River,-33.5537092,119.5716707,15/8/2024,Aug,2024,"Prendergast, K.S. (2025). Insect visitors to canola fields and surrounding vegetation. GRDC Canola pollination project. Dataset. University of Southern Queensland, Toowoomba. [unpublished as of 5/8/25]",S100B,S,1,1,0,1,1,1,NA,NA
NA,sp.1,Styphelieae sp.1,Styphelieae,"Leioproctus sp.""bulbousflagellomeres""",Leioproctus,NA,"sp.""bulbousflagellomeres""",Colletidae,Neopasiphaeinae,NA,Insecta,Hymenoptera,3,WA,Mount Burdett NR,-33.46171,122.1208,27/8/2024,Aug,2024,"Prendergast, K.S. (2025). Insect visitors to canola fields and surrounding vegetation. GRDC Canola pollination project. Dataset. University of Southern Queensland, Toowoomba. [unpublished as of 5/8/25]",S100B,S,1,1,0,1,1,1,NA,NA
Hakea,cygnus,Hakea cygnus,Proteaceae,Lemidia obliquefasciata,Lemidia,NA,obliquefasciata,Cleridae,Clerinae,NA,Insecta,Coleoptera,1,WA,West River,-33.5537092,119.5716707,15/8/2024,Aug,2024,"Prendergast, K.S. (2025). Insect visitors to canola fields and surrounding vegetation. GRDC Canola pollination project. Dataset. University of Southern Queensland, Toowoomba. [unpublished as of 5/8/25]",S100B,S,1,1,0,1,1,1,NA,NA
Hakea,trifurcata,Hakea trifurcata,Proteaceae,Lemidia obliquefasciata,Lemidia,NA,obliquefasciata,Cleridae,Clerinae,NA,Insecta,Coleoptera,3,WA,West River,-33.5537092,119.5716707,15/8/2024,Aug,2024,"Prendergast, K.S. (2025). Insect visitors to canola fields and surrounding vegetation. GRDC Canola pollination project. Dataset. University of Southern Queensland, Toowoomba. [unpublished as of 5/8/25]",S100B,S,1,1,0,1,1,1,NA,NA
NA,sp.1,Styphelieae sp.1,Styphelieae,Lemidia obliquefasciata,Lemidia,NA,obliquefasciata,Cleridae,Clerinae,NA,Insecta,Coleoptera,1,WA,Mount Burdett NR,-33.46171,122.1208,27/8/2024,Aug,2024,"Prendergast, K.S. (2025). Insect visitors to canola fields and surrounding vegetation. GRDC Canola pollination project. Dataset. University of Southern Queensland, Toowoomba. [unpublished as of 5/8/25]",S100B,S,1,1,0,1,1,1,NA,NA
Gastrolobium,parviflorum,Gastrolobium parviflorum,Fabaceae,Leptopius sp.1,Leptopius,NA,sp.1,Curculionidae,Entiminae,NA,Insecta,Coleoptera,1,WA,Ravensthorpe,-33.47153,120.0187191,6/8/2024,Aug,2024,"Prendergast, K.S. (2025). Insect visitors to canola fields and surrounding vegetation. GRDC Canola pollination project. Dataset. University of Southern Queensland, Toowoomba. [unpublished as of 5/8/25]",S100B,S,1,1,0,1,1,1,NA,NA
Babingtonia,sp.,Babingtonia sp.,Myrtaceae,Melangyna viridiceps,Melangyna,NA,viridiceps,Syrphidae,Syrphinae,NA,Insecta,Diptera,1,WA,Ravensthorpe,-33.47153,120.0187191,29/7/2024,July,2024,"Prendergast, K.S. (2025). Insect visitors to canola fields and surrounding vegetation. GRDC Canola pollination project. Dataset. University of Southern Queensland, Toowoomba. [unpublished as of 5/8/25]",S100B,S,1,1,0,1,1,1,NA,NA
Brassica,napus,Brassica napus,Brassicaceae,Muscidae sp.1,NA,NA,sp.1,Muscidae,NA,NA,Insecta,Diptera,2,WA,West River,-33.5537092,119.5716707,1/8/2024,Aug,2024,"Prendergast, K.S. (2025). Insect visitors to canola fields and surrounding vegetation. GRDC Canola pollination project. Dataset. University of Southern Queensland, Toowoomba. [unpublished as of 5/8/25]",S100B,S,1,1,0,1,1,1,NA,NA
Gastrolobium,parviflorum,Gastrolobium parviflorum,Fabaceae,Muscina stabulans,Muscina,NA,stabulans,Muscidae,NA,NA,Insecta,Diptera,1,WA,Ravensthorpe,-33.47153,120.0187191,6/8/2024,Aug,2024,"Prendergast, K.S. (2025). Insect visitors to canola fields and surrounding vegetation. GRDC Canola pollination project. Dataset. University of Southern Queensland, Toowoomba. [unpublished as of 5/8/25]",S100B,S,1,1,0,1,1,1,NA,NA
Acacia,pravifolia,Acacia pravifolia,Fabaceae,Nacaduba biocellata,Nacaduba,NA,biocellata,Lycaenidae,NA,NA,Insecta,Lepidoptera,1,WA,Ravensthorpe,-33.47153,120.0187191,29/7/2024,July,2024,"Prendergast, K.S. (2025). Insect visitors to canola fields and surrounding vegetation. GRDC Canola pollination project. Dataset. University of Southern Queensland, Toowoomba. [unpublished as of 5/8/25]",S100B,S,1,1,0,1,1,1,NA,NA
Daviesia,incrassata subsp reversifolia,Daviesia incrassata subsp reversifolia,Fabaceae,Nacaduba biocellata,Nacaduba,NA,biocellata,Lycaenidae,NA,NA,Insecta,Lepidoptera,1,WA,West River,-33.5537092,119.5716707,1/8/2024,Aug,2024,"Prendergast, K.S. (2025). Insect visitors to canola fields and surrounding vegetation. GRDC Canola pollination project. Dataset. University of Southern Queensland, Toowoomba. [unpublished as of 5/8/25]",S100B,S,1,1,0,1,1,1,NA,NA
Acacia,gonophylla,Acacia gonophylla,Fabaceae,Nacaduba biocellata,Nacaduba,NA,biocellata,Lycaenidae,NA,NA,Insecta,Lepidoptera,6,WA,Jerdacuttup,-33.746834,120.357739,2/8/2024,Aug,2024,"Prendergast, K.S. (2025). Insect visitors to canola fields and surrounding vegetation. GRDC Canola pollination project. Dataset. University of Southern Queensland, Toowoomba. [unpublished as of 5/8/25]",S100B,S,1,1,0,1,1,1,NA,NA
Leucopogon,denticulataus,Leucopogon denticulatus,Ericaceae,Nacaduba biocellata,Nacaduba,NA,biocellata,Lycaenidae,NA,NA,Insecta,Lepidoptera,1,WA,Jerdacuttup,-33.7785556,120.3492778,3/8/2024,Aug,2024,"Prendergast, K.S. (2025). Insect visitors to canola fields and surrounding vegetation. GRDC Canola pollination project. Dataset. University of Southern Queensland, Toowoomba. [unpublished as of 5/8/25]",S100B,S,1,1,0,1,1,1,NA,NA
Logania,buxifolia,Logania buxifolia,Loganiaceae,Nacaduba biocellata,Nacaduba,NA,biocellata,Lycaenidae,NA,NA,Insecta,Lepidoptera,2,WA,Jerdacuttup,-33.7785556,120.3492778,3/8/2024,Aug,2024,"Prendergast, K.S. (2025). Insect visitors to canola fields and surrounding vegetation. GRDC Canola pollination project. Dataset. University of Southern Queensland, Toowoomba. [unpublished as of 5/8/25]",S100B,S,1,1,0,1,1,1,NA,NA
Gastrolobium,parviflorum,Gastrolobium parviflorum,Fabaceae,Nacaduba biocellata,Nacaduba,NA,biocellata,Lycaenidae,NA,NA,Insecta,Lepidoptera,1,WA,Ravensthorpe,-33.47153,120.0187191,6/8/2024,Aug,2024,"Prendergast, K.S. (2025). Insect visitors to canola fields and surrounding vegetation. GRDC Canola pollination project. Dataset. University of Southern Queensland, Toowoomba. [unpublished as of 5/8/25]",S100B,S,1,1,0,1,1,1,NA,NA
Acacia,gonophylla,Acacia gonophylla,Fabaceae,Nacaduba biocellata,Nacaduba,NA,biocellata,Lycaenidae,NA,NA,Insecta,Lepidoptera,1,WA,Jerdacuttup,-33.746834,120.357739,7/8/2024,Aug,2024,"Prendergast, K.S. (2025). Insect visitors to canola fields and surrounding vegetation. GRDC Canola pollination project. Dataset. University of Southern Queensland, Toowoomba. [unpublished as of 5/8/25]",S100B,S,1,1,0,1,1,1,NA,NA
Acacia,gonophyla,Acacia gonophylla,Fabaceae,Nacaduba biocellata,Nacaduba,NA,biocellata,Lycaenidae,NA,NA,Insecta,Lepidoptera,1,WA,Jerdacuttup,-33.7785556,120.3492778,8/8/2024,Aug,2024,"Prendergast, K.S. (2025). Insect visitors to canola fields and surrounding vegetation. GRDC Canola pollination project. Dataset. University of Southern Queensland, Toowoomba. [unpublished as of 5/8/25]",S100B,S,1,1,0,1,1,1,NA,NA
Leucopogon,denticulataus,Leucopogon denticulatus,Ericaceae,Nacaduba biocellata,Nacaduba,NA,biocellata,Lycaenidae,NA,NA,Insecta,Lepidoptera,1,WA,Jerdacuttup,-33.7785556,120.3492778,8/8/2024,Aug,2024,"Prendergast, K.S. (2025). Insect visitors to canola fields and surrounding vegetation. GRDC Canola pollination project. Dataset. University of Southern Queensland, Toowoomba. [unpublished as of 5/8/25]",S100B,S,1,1,0,1,1,1,NA,NA
Babingtonia,sp.,Babingtonia sp.,Myrtaceae,Nacaduba biocellata,Nacaduba,NA,biocellata,Lycaenidae,NA,NA,Insecta,Lepidoptera,1,WA,West River,-33.5537092,119.5716707,15/8/2024,Aug,2024,"Prendergast, K.S. (2025). Insect visitors to canola fields and surrounding vegetation. GRDC Canola pollination project. Dataset. University of Southern Queensland, Toowoomba. [unpublished as of 5/8/25]",S100B,S,1,1,0,1,1,1,NA,NA
Daviesia,Daviesia incrassata subsp reversifolia,Daviesia incrassata subsp reversifolia,Fabaceae,Nacaduba biocellata,Nacaduba,NA,biocellata,Lycaenidae,NA,NA,Insecta,Lepidoptera,9,WA,West River,-33.5537092,119.5716707,15/8/2024,Aug,2024,"Prendergast, K.S. (2025). Insect visitors to canola fields and surrounding vegetation. GRDC Canola pollination project. Dataset. University of Southern Queensland, Toowoomba. [unpublished as of 5/8/25]",S100B,S,1,1,0,1,1,1,NA,NA
Eucalyptus,scyphata,Eucalyptus scyphyta,Myrtaceae,Nacaduba biocellata,Nacaduba,NA,biocellata,Lycaenidae,NA,NA,Insecta,Lepidoptera,1,WA,West River,-33.5537092,119.5716707,15/8/2024,Aug,2024,"Prendergast, K.S. (2025). Insect visitors to canola fields and surrounding vegetation. GRDC Canola pollination project. Dataset. University of Southern Queensland, Toowoomba. [unpublished as of 5/8/25]",S100B,S,1,1,0,1,1,1,NA,NA
Brassica,napus,Brassica napus,Brassicaceae,Nematocera sp.1WA,NA,NA,NA,NA,NA,NA,Insecta,Diptera,1,WA,Jerdacuttup,-33.7785556,120.3492778,3/8/2024,Aug,2024,"Prendergast, K.S. (2025). Insect visitors to canola fields and surrounding vegetation. GRDC Canola pollination project. Dataset. University of Southern Queensland, Toowoomba. [unpublished as of 5/8/25]",S100B,S,1,1,0,1,1,1,NA,NA
Hakea,nitida,Hakea nitida,Proteaceae,Nematocera sp.2,NA,NA,NA,NA,NA,NA,Insecta,Diptera,100,WA,Mount Burdett NR,-33.46171,122.1208,27/8/2024,Aug,2024,"Prendergast, K.S. (2025). Insect visitors to canola fields and surrounding vegetation. GRDC Canola pollination project. Dataset. University of Southern Queensland, Toowoomba. [unpublished as of 5/8/25]",S100B,S,1,1,0,1,1,1,NA,NA
Chamelaucium,megalopetalum?,Chamelaucium megalopetalum?,Myrtaceae,Nemestrinidae sp.1,NA,NA,sp.1,Nemestrinidae,NA,NA,Insecta,Diptera,2,WA,Mount Burdett NR,-33.46171,122.1208,27/8/2024,Aug,2024,"Prendergast, K.S. (2025). Insect visitors to canola fields and surrounding vegetation. GRDC Canola pollination project. Dataset. University of Southern Queensland, Toowoomba. [unpublished as of 5/8/25]",S100B,S,1,1,0,1,1,1,NA,NA
Hakea,nitida,Hakea nitida,Proteaceae,Nemestrinidae sp.1,NA,NA,sp.1,Nemestrinidae,NA,NA,Insecta,Diptera,7,WA,Mount Burdett NR,-33.46171,122.1208,27/8/2024,Aug,2024,"Prendergast, K.S. (2025). Insect visitors to canola fields and surrounding vegetation. GRDC Canola pollination project. Dataset. University of Southern Queensland, Toowoomba. [unpublished as of 5/8/25]",S100B,S,1,1,0,1,1,1,NA,NA
Chamelaucium,axillare,Chamelaucium axillare,Myrtaceae,Nitidulidae sp.,NA,NA,sp.1,Nitidulidae,NA,NA,Insecta,Coleoptear,4,WA,Mount Burdett NR,-33.46171,122.1208,27/8/2024,Aug,2024,"Prendergast, K.S. (2025). Insect visitors to canola fields and surrounding vegetation. GRDC Canola pollination project. Dataset. University of Southern Queensland, Toowoomba. [unpublished as of 5/8/25]",S100B,S,1,1,0,1,1,1,NA,NA
Acacia,pravifolia,Acacia pravifolia,Fabaceae,Perilampidae? sp.1,NA,NA,sp.1,Perilampidae,NA,NA,Insecta,Hymenoptera,2,WA,Ravensthorpe,-33.47153,120.0187191,29/7/2024,July,2024,"Prendergast, K.S. (2025). Insect visitors to canola fields and surrounding vegetation. GRDC Canola pollination project. Dataset. University of Southern Queensland, Toowoomba. [unpublished as of 5/8/25]",S100B,S,1,1,0,1,1,1,NA,NA
Brassica,napus,Brassica napus,Brassicaceae,Pieris rapae,Pieris,NA,rapae,Pieridae,Pierinae,NA,Insecta,Lepidoptera,1,WA,Jerdacuttup,-33.746834,120.357739,7/8/2024,Aug,2024,"Prendergast, K.S. (2025). Insect visitors to canola fields and surrounding vegetation. GRDC Canola pollination project. Dataset. University of Southern Queensland, Toowoomba. [unpublished as of 5/8/25]",S100B,S,1,1,0,1,1,1,NA,NA
Brassica,napus,Brassica napus,Brassicaceae,Pieris rapae,Pieris,NA,rapae,Pieridae,Pierinae,NA,Insecta,Lepidoptera,1,WA,Jerdacuttup,-33.7785556,120.3492778,8/8/2024,Aug,2024,"Prendergast, K.S. (2025). Insect visitors to canola fields and surrounding vegetation. GRDC Canola pollination project. Dataset. University of Southern Queensland, Toowoomba. [unpublished as of 5/8/25]",S100B,S,1,1,0,1,1,1,NA,NA
Leucopogon,denticulataus,Leucopogon denticulataus,Ericaceae,Pieris rapae,Pieris,NA,rapae,Pieridae,Pierinae,NA,Insecta,Lepidoptera,3,WA,Jerdacuttup,-33.7785556,120.3492778,8/8/2024,Aug,2024,"Prendergast, K.S. (2025). Insect visitors to canola fields and surrounding vegetation. GRDC Canola pollination project. Dataset. University of Southern Queensland, Toowoomba. [unpublished as of 5/8/25]",S100B,S,1,1,0,1,1,1,NA,NA
Hakea,cygnus,Hakea cygnus,Proteaceae,Pipunculidae sp.1,NA,NA,sp.1,Pipunculidae,NA,NA,Insecta,Diptera,1,WA,West River,-33.5537092,119.5716707,15/8/2024,Aug,2024,"Prendergast, K.S. (2025). Insect visitors to canola fields and surrounding vegetation. GRDC Canola pollination project. Dataset. University of Southern Queensland, Toowoomba. [unpublished as of 5/8/25]",S100B,S,1,1,0,1,1,1,NA,NA
Hakea,lissocarpha,Hakea lissocarpha,Proteaceae,Platystomatidae? sp1,NA,NA,sp.1,Platystomatidae,NA,NA,Insecta,Diptera,1,WA,Mount Burdett NR,-33.46171,122.1208,12/8/2024,Aug,2024,"Prendergast, K.S. (2025). Insect visitors to canola fields and surrounding vegetation. GRDC Canola pollination project. Dataset. University of Southern Queensland, Toowoomba. [unpublished as of 5/8/25]",S100B,S,1,1,0,1,1,1,NA,NA
Brassica,napus,Brassica napus,Brassicaceae,Plutella xylostella,Plutella,NA,xylostella,Plutellidae,Plutellinae,NA,Insecta,Lepidoptera,3,WA,Ravensthorpe,-33.47153,120.0187191,29/7/2024,July,2024,"Prendergast, K.S. (2025). Insect visitors to canola fields and surrounding vegetation. GRDC Canola pollination project. Dataset. University of Southern Queensland, Toowoomba. [unpublished as of 5/8/25]",S100B,S,1,1,0,1,1,1,NA,NA
Brassica,napus,Brassica napus,Brassicaceae,Plutella xylostella,Plutella,NA,xylostella,Plutellidae,Plutellinae,NA,Insecta,Lepidoptera,20,WA,West River,-33.4711076,119.6923124,30/7/2024,July,2024,"Prendergast, K.S. (2025). Insect visitors to canola fields and surrounding vegetation. GRDC Canola pollination project. Dataset. University of Southern Queensland, Toowoomba. [unpublished as of 5/8/25]",S100B,S,1,1,0,1,1,1,NA,NA
Brassica,napus,Brassica napus,Brassicaceae,Plutella xylostella,Plutella,NA,xylostella,Plutellidae,Plutellinae,NA,Insecta,Lepidoptera,1,WA,West River,-33.6225234,119.5669327,31/7/2024,July,2024,"Prendergast, K.S. (2025). Insect visitors to canola fields and surrounding vegetation. GRDC Canola pollination project. Dataset. University of Southern Queensland, Toowoomba. [unpublished as of 5/8/25]",S100B,S,1,1,0,1,1,1,NA,NA
Brassica,napus,Brassica napus,Brassicaceae,Plutella xylostella,Plutella,NA,xylostella,Plutellidae,Plutellinae,NA,Insecta,Lepidoptera,5,WA,West River,-33.5537092,119.5716707,1/8/2024,Aug,2024,"Prendergast, K.S. (2025). Insect visitors to canola fields and surrounding vegetation. GRDC Canola pollination project. Dataset. University of Southern Queensland, Toowoomba. [unpublished as of 5/8/25]",S100B,S,1,1,0,1,1,1,NA,NA
Brassica,napus,Brassica napus,Brassicaceae,Plutella xylostella,Plutella,NA,xylostella,Plutellidae,Plutellinae,NA,Insecta,Lepidoptera,1,WA,Jerdacuttup,-33.7785556,120.3492778,3/8/2024,Aug,2024,"Prendergast, K.S. (2025). Insect visitors to canola fields and surrounding vegetation. GRDC Canola pollination project. Dataset. University of Southern Queensland, Toowoomba. [unpublished as of 5/8/25]",S100B,S,1,1,0,1,1,1,NA,NA
Brassica,napus,Brassica napus,Brassicaceae,Plutella xylostella,Plutella,NA,xylostella,Plutellidae,Plutellinae,NA,Insecta,Lepidoptera,3,WA,Jerdacuttup,-33.746834,120.357739,7/8/2024,Aug,2024,"Prendergast, K.S. (2025). Insect visitors to canola fields and surrounding vegetation. GRDC Canola pollination project. Dataset. University of Southern Queensland, Toowoomba. [unpublished as of 5/8/25]",S100B,S,1,1,0,1,1,1,NA,NA
Brassica,napus,Brassica napus,Brassicaceae,Plutella xylostella,Plutella,NA,xylostella,Plutellidae,Plutellinae,NA,Insecta,Lepidoptera,7,WA,Jerdacuttup,-33.7785556,120.3492778,8/8/2024,Aug,2024,"Prendergast, K.S. (2025). Insect visitors to canola fields and surrounding vegetation. GRDC Canola pollination project. Dataset. University of Southern Queensland, Toowoomba. [unpublished as of 5/8/25]",S100B,S,1,1,0,1,1,1,NA,NA
Brassica,napus,Brassica napus,Brassicaceae,Plutella xylostella,Plutella,NA,xylostella,Plutellidae,Plutellinae,NA,Insecta,Lepidoptera,6,WA,West River,-33.4711076,119.6923124,14/8/2024,Aug,2024,"Prendergast, K.S. (2025). Insect visitors to canola fields and surrounding vegetation. GRDC Canola pollination project. Dataset. University of Southern Queensland, Toowoomba. [unpublished as of 5/8/25]",S100B,S,1,1,0,1,1,1,NA,NA
Brassica,napus,Brassica napus,Brassicaceae,Plutella xylostella,Plutella,NA,xylostella,Plutellidae,Plutellinae,NA,Insecta,Lepidoptera,2,WA,West River,-33.5537092,119.5716707,15/8/2024,Aug,2024,"Prendergast, K.S. (2025). Insect visitors to canola fields and surrounding vegetation. GRDC Canola pollination project. Dataset. University of Southern Queensland, Toowoomba. [unpublished as of 5/8/25]",S100B,S,1,1,0,1,1,1,NA,NA
Brassica,napus,Brassica napus,Brassicaceae,Plutella xylostella,Plutella,NA,xylostella,Plutellidae,Plutellinae,NA,Insecta,Lepidoptera,1,WA,West River,-33.6225234,119.5669327,16/8/2024,Aug,2024,"Prendergast, K.S. (2025). Insect visitors to canola fields and surrounding vegetation. GRDC Canola pollination project. Dataset. University of Southern Queensland, Toowoomba. [unpublished as of 5/8/25]",S100B,S,1,1,0,1,1,1,NA,NA
Hakea,cygnus,Hakea cygnus,Proteaceae,Podagritus sp.1,Podagritus,NA,sp.1,Crabronidae,Crabroninae,NA,Insecta,Hymenoptera,4,WA,West River,-33.4711076,119.6923124,14/8/2024,Aug,2024,"Prendergast, K.S. (2025). Insect visitors to canola fields and surrounding vegetation. GRDC Canola pollination project. Dataset. University of Southern Queensland, Toowoomba. [unpublished as of 5/8/25]",S100B,S,1,1,0,1,1,1,NA,NA
Chamelaucium,megalopetalum?,Chamelaucium megalopetalum?,Myrtaceae,Podagritus sp.2,Podagritus,NA,sp.2,Crabronidae,Crabroninae,NA,Insecta,Hymenoptera,1,WA,Mount Burdett NR,-33.46171,122.1208,27/8/2024,Aug,2024,"Prendergast, K.S. (2025). Insect visitors to canola fields and surrounding vegetation. GRDC Canola pollination project. Dataset. University of Southern Queensland, Toowoomba. [unpublished as of 5/8/25]",S100B,S,1,1,0,1,1,1,NA,NA
Rinizia,communis,Rinzia communis,Myrtaceae,Rhopalum sp.,Rhopalum,NA,sp.,Crabronidae,Crabroninae,NA,Insecta,Hymenoptera,4,WA,Mount Burdett NR,-33.46171,122.1208,27/8/2024,Aug,2024,"Prendergast, K.S. (2025). Insect visitors to canola fields and surrounding vegetation. GRDC Canola pollination project. Dataset. University of Southern Queensland, Toowoomba. [unpublished as of 5/8/25]",S100B,S,1,1,0,1,1,1,NA,NA
Chamelaucium,ciliatum,Chamelaucium ciliatum,Myrtaceae,Rhopalum sp.1WA,Rhopalum,NA,sp.1WA,Crabronidae,Crabroninae,NA,Insecta,Hymenoptera,1,WA,Ravensthorpe,-33.47153,120.0187191,29/7/2024,July,2024,"Prendergast, K.S. (2025). Insect visitors to canola fields and surrounding vegetation. GRDC Canola pollination project. Dataset. University of Southern Queensland, Toowoomba. [unpublished as of 5/8/25]",S100B,S,1,1,0,1,1,1,NA,NA
Brassica,napus,Brassica napus,Brassicaceae,Sciaroidea sp.1,NA,NA,NA,NA,NA,NA,Insecta,Diptera,3,WA,West River,-33.4711076,119.6923124,30/7/2024,July,2024,"Prendergast, K.S. (2025). Insect visitors to canola fields and surrounding vegetation. GRDC Canola pollination project. Dataset. University of Southern Queensland, Toowoomba. [unpublished as of 5/8/25]",S100B,S,1,1,0,1,1,1,NA,NA
Chamelaucium,ciliatum,Chamelaucium ciliatum,Myrtaceae,Simosyrphus grandicornis,Simosyrphus,NA,grandicornis,Syrphidae,Syrphinae,NA,Insecta,Diptera,1,WA,Ravensthorpe,-33.47153,120.0187191,29/7/2024,July,2024,"Prendergast, K.S. (2025). Insect visitors to canola fields and surrounding vegetation. GRDC Canola pollination project. Dataset. University of Southern Queensland, Toowoomba. [unpublished as of 5/8/25]",S100B,S,1,1,0,1,1,1,NA,NA
Leucopogon,denticulataus,Leucopogon denticulataus,Ericaceae,Simosyrphus grandicornis,Simosyrphus,NA,grandicornis,Syrphidae,Syrphinae,NA,Insecta,Diptera,1,WA,West River,-33.4711076,119.6923124,30/7/2024,July,2024,"Prendergast, K.S. (2025). Insect visitors to canola fields and surrounding vegetation. GRDC Canola pollination project. Dataset. University of Southern Queensland, Toowoomba. [unpublished as of 5/8/25]",S100B,S,1,1,0,1,1,1,NA,NA
Lissanthe,rubicunda,Lissanthe rubicunda,Ericaceae,Simosyrphus grandicornis,Simosyrphus,NA,grandicornis,Syrphidae,Syrphinae,NA,Insecta,Diptera,2,WA,West River,-33.4711076,119.6923124,30/7/2024,July,2024,"Prendergast, K.S. (2025). Insect visitors to canola fields and surrounding vegetation. GRDC Canola pollination project. Dataset. University of Southern Queensland, Toowoomba. [unpublished as of 5/8/25]",S100B,S,1,1,0,1,1,1,NA,NA
Acacia,curvata,Acacia curvata,Fabaceae,Simosyrphus grandicornis,Simosyrphus,NA,grandicornis,Syrphidae,Syrphinae,NA,Insecta,Diptera,1,WA,Scaddan,-33.45269,121.7366,5/8/2024,Aug,2024,"Prendergast, K.S. (2025). Insect visitors to canola fields and surrounding vegetation. GRDC Canola pollination project. Dataset. University of Southern Queensland, Toowoomba. [unpublished as of 5/8/25]",S100B,S,1,1,0,1,1,1,NA,NA
Grevillea,sparsiflora,Grevillea sparsiflora,Proteaceae,Simosyrphus grandicornis,Simosyrphus,NA,grandicornis,Syrphidae,Syrphinae,NA,Insecta,Diptera,2,WA,Scaddan,-33.45269,121.7366,23/8/2024,Aug,2024,"Prendergast, K.S. (2025). Insect visitors to canola fields and surrounding vegetation. GRDC Canola pollination project. Dataset. University of Southern Queensland, Toowoomba. [unpublished as of 5/8/25]",S100B,S,1,1,0,1,1,1,NA,NA
Hakea,nitida,Hakea nitida,Proteaceae,Simosyrphus grandicornis,Simosyrphus,NA,grandicornis,Syrphidae,Syrphinae,NA,Insecta,Diptera,1,WA,Mount Burdett NR,-33.46171,122.1208,27/8/2024,Aug,2024,"Prendergast, K.S. (2025). Insect visitors to canola fields and surrounding vegetation. GRDC Canola pollination project. Dataset. University of Southern Queensland, Toowoomba. [unpublished as of 5/8/25]",S100B,S,1,1,0,1,1,1,NA,NA
Eucalyptus,scyphata,Eucalyptus scyphyta,Myrtaceae,Syrphidae sp.1,NA,NA,sp.1,Syrphidae,Syrphinae,NA,Insecta,Diptera,1,WA,West River,-33.6225234,119.5669327,16/8/2024,Aug,2024,"Prendergast, K.S. (2025). Insect visitors to canola fields and surrounding vegetation. GRDC Canola pollination project. Dataset. University of Southern Queensland, Toowoomba. [unpublished as of 5/8/25]",S100B,S,1,1,0,1,1,1,NA,NA
Daviesia,incrassata subsp reversifolia,Daviesia incrassata subsp reversifolia,Fabaceae,Tachinidae sp.1,NA,NA,sp.1,Tachinidae,NA,NA,Insecta,Diptera,3,WA,West River,-33.6225234,119.5669327,31/7/2024,July,2024,"Prendergast, K.S. (2025). Insect visitors to canola fields and surrounding vegetation. GRDC Canola pollination project. Dataset. University of Southern Queensland, Toowoomba. [unpublished as of 5/8/25]",S100B,S,1,1,0,1,1,1,NA,NA
Daviesia,incrassata subsp reversifolia,Daviesia incrassata subsp reversifolia,Fabaceae,Tachinidae sp.1,NA,NA,sp.1,Tachinidae,NA,NA,Insecta,Diptera,1,WA,West River,-33.5537092,119.5716707,1/8/2024,Aug,2024,"Prendergast, K.S. (2025). Insect visitors to canola fields and surrounding vegetation. GRDC Canola pollination project. Dataset. University of Southern Queensland, Toowoomba. [unpublished as of 5/8/25]",S100B,S,1,1,0,1,1,1,NA,NA
Grevillea,oligantha,Grevillea oligantha,Proteaceae,Tiphiidae sp.1,NA,NA,sp.1,Tiphiidae,NA,NA,Insecta,Hymenoptera,1,WA,Scaddan,-33.45269,121.7366,5/8/2024,Aug,2024,"Prendergast, K.S. (2025). Insect visitors to canola fields and surrounding vegetation. GRDC Canola pollination project. Dataset. University of Southern Queensland, Toowoomba. [unpublished as of 5/8/25]",S100B,S,1,1,0,1,1,1,NA,NA
Hakea,cygnus,Hakea cygnus,Proteaceae,Tiphiidae sp.2,NA,NA,sp.2,Tiphiidae,NA,NA,Insecta,Hymenoptera,1,WA,West River,-33.5537092,119.5716707,15/8/2024,Aug,2024,"Prendergast, K.S. (2025). Insect visitors to canola fields and surrounding vegetation. GRDC Canola pollination project. Dataset. University of Southern Queensland, Toowoomba. [unpublished as of 5/8/25]",S100B,S,1,1,0,1,1,1,NA,NA
Grevillea,oligantha,Grevillea oligantha,Proteaceae,Tiphiidae sp.3,NA,NA,sp.3,Tiphiidae,NA,NA,Insecta,Hymenoptera,1,WA,Scaddan,-33.45269,121.7366,5/8/2024,Aug,2024,"Prendergast, K.S. (2025). Insect visitors to canola fields and surrounding vegetation. GRDC Canola pollination project. Dataset. University of Southern Queensland, Toowoomba. [unpublished as of 5/8/25]",S100B,S,1,1,0,1,1,1,NA,NA
Hakea,trifurcata,Hakea trifurcata,Proteaceae,Tiphiidae sp.4,NA,NA,sp.4,Tiphiidae,NA,NA,Insecta,Hymenoptera,1,WA,West River,-33.5537092,119.5716707,15/8/2024,Aug,2024,"Prendergast, K.S. (2025). Insect visitors to canola fields and surrounding vegetation. GRDC Canola pollination project. Dataset. University of Southern Queensland, Toowoomba. [unpublished as of 5/8/25]",S100B,S,1,1,0,1,1,1,NA,NA
Grevillea,sparsiflora,Grevillea sparsiflora,Proteaceae,Tiphiidae sp.4,NA,NA,sp.4,Tiphiidae,NA,NA,Insecta,Hymenoptera,1,WA,Scaddan,-33.45269,121.7366,23/8/2024,Aug,2024,"Prendergast, K.S. (2025). Insect visitors to canola fields and surrounding vegetation. GRDC Canola pollination project. Dataset. University of Southern Queensland, Toowoomba. [unpublished as of 5/8/25]",S100B,S,1,1,0,1,1,1,NA,NA
Hakea,corymbosa,Hakea corymbosa,Proteaceae,Tiphiidae sp.4,NA,NA,sp.4,Tiphiidae,NA,NA,Insecta,Hymenoptera,5,WA,Mount Burdett NR,-33.46171,122.1208,27/8/2024,Aug,2024,"Prendergast, K.S. (2025). Insect visitors to canola fields and surrounding vegetation. GRDC Canola pollination project. Dataset. University of Southern Queensland, Toowoomba. [unpublished as of 5/8/25]",S100B,S,1,1,0,1,1,1,NA,NA
Hakea,nitida,Hakea nitida,Proteaceae,Tiphiidae sp.4,NA,NA,sp.4,Tiphiidae,NA,NA,Insecta,Hymenoptera,1,WA,Mount Burdett NR,-33.46171,122.1208,27/8/2024,Aug,2024,"Prendergast, K.S. (2025). Insect visitors to canola fields and surrounding vegetation. GRDC Canola pollination project. Dataset. University of Southern Queensland, Toowoomba. [unpublished as of 5/8/25]",S100B,S,1,1,0,1,1,1,NA,NA
NA,sp.1,Styphelieae sp.1,Styphelieae,Tiphiidae sp.5,NA,NA,sp.5,Tiphiidae,NA,NA,Insecta,Hymenoptera,1,WA,Mount Burdett NR,-33.46171,122.1208,27/8/2024,Aug,2024,"Prendergast, K.S. (2025). Insect visitors to canola fields and surrounding vegetation. GRDC Canola pollination project. Dataset. University of Southern Queensland, Toowoomba. [unpublished as of 5/8/25]",S100B,S,1,1,0,1,1,1,NA,NA
Eucalyptus,phaenophylla,Eucalyptus phaenophylla,Myrtaceae,Torymini sp.1,NA,NA,sp.1,Torymidae,Torymindae,NA,Insecta,Hymenoptera,1,WA,Ravensthorpe,-33.47153,120.0187191,29/7/2024,July,2024,"Prendergast, K.S. (2025). Insect visitors to canola fields and surrounding vegetation. GRDC Canola pollination project. Dataset. University of Southern Queensland, Toowoomba. [unpublished as of 5/8/25]",S100B,S,1,1,0,1,1,1,NA,NA
Gastrolobium,parviflorum,Gastrolobium parviflorum,Fabaceae,Trichocolletes leucogenys,Trichocolletes,NA,leucogenys,Colletidae,Neopasiphaeinae,NA,Insecta,Hymenoptera,5,WA,Ravensthorpe,-33.47153,120.0187191,29/7/2024,July,2024,"Prendergast, K.S. (2025). Insect visitors to canola fields and surrounding vegetation. GRDC Canola pollination project. Dataset. University of Southern Queensland, Toowoomba. [unpublished as of 5/8/25]",S100B,S,1,1,0,1,1,1,NA,NA
Daviesia,incrassata,Daviesia incrassata subsp reversifolia,Fabaceae,Trichocolletes leucogenys,Trichocolletes,NA,leuycogenys,Colletidae,Neopasiphaeinae,NA,Insecta,Hymenoptera,1,WA,West River,-33.4711076,119.6923124,30/7/2024,July,2024,"Prendergast, K.S. (2025). Insect visitors to canola fields and surrounding vegetation. GRDC Canola pollination project. Dataset. University of Southern Queensland, Toowoomba. [unpublished as of 5/8/25]",S100B,S,1,1,0,1,1,1,NA,NA
Daviesia,incrassata subsp reversifolia,Daviesia incrassata subsp reversifolia,Fabaceae,Trichocolletes leucogenys,Trichocolletes,NA,leuycogenys,Colletidae,Neopasiphaeinae,NA,Insecta,Hymenoptera,22,WA,West River,-33.6225234,119.5669327,31/7/2024,July,2024,"Prendergast, K.S. (2025). Insect visitors to canola fields and surrounding vegetation. GRDC Canola pollination project. Dataset. University of Southern Queensland, Toowoomba. [unpublished as of 5/8/25]",S100B,S,1,1,0,1,1,1,NA,NA
Daviesia,incrassata,Daviesia incrassata subsp reversifolia,Fabaceae,Trichocolletes leucogenys,Trichocolletes,NA,leuycogenys,Colletidae,Neopasiphaeinae,NA,Insecta,Hymenoptera,8,WA,West River,-33.5537092,119.5716707,1/8/2024,Aug,2024,"Prendergast, K.S. (2025). Insect visitors to canola fields and surrounding vegetation. GRDC Canola pollination project. Dataset. University of Southern Queensland, Toowoomba. [unpublished as of 5/8/25]",S100B,S,1,1,0,1,1,1,NA,NA
Daviesia,incrassata subsp reversifolia,Daviesia incrassata subsp reversifolia,Fabaceae,Trichocolletes leucogenys,Trichocolletes,NA,leuycogenys,Colletidae,Neopasiphaeinae,NA,Insecta,Hymenoptera,110,WA,West River,-33.5537092,119.5716707,1/8/2024,Aug,2024,"Prendergast, K.S. (2025). Insect visitors to canola fields and surrounding vegetation. GRDC Canola pollination project. Dataset. University of Southern Queensland, Toowoomba. [unpublished as of 5/8/25]",S100B,S,1,1,0,1,1,1,NA,NA
Templetonia,neglecta,Templetonia neglecta,Fabaceae,Trichocolletes leucogenys,Trichocolletes,NA,leuycogenys,Colletidae,Neopasiphaeinae,NA,Insecta,Hymenoptera,1,WA,Jerdacuttup,-33.7785556,120.3492778,3/8/2024,Aug,2024,"Prendergast, K.S. (2025). Insect visitors to canola fields and surrounding vegetation. GRDC Canola pollination project. Dataset. University of Southern Queensland, Toowoomba. [unpublished as of 5/8/25]",S100B,S,1,1,0,1,1,1,NA,NA
Boronia,inornata,Boronia inornata,Rutaceae,Trichocolletes leucogenys,Trichocolletes,NA,leuycogenys,Colletidae,Neopasiphaeinae,NA,Insecta,Hymenoptera,1,WA,Scaddan,-33.45269,121.7366,5/8/2024,Aug,2024,"Prendergast, K.S. (2025). Insect visitors to canola fields and surrounding vegetation. GRDC Canola pollination project. Dataset. University of Southern Queensland, Toowoomba. [unpublished as of 5/8/25]",S100B,S,1,1,0,1,1,1,NA,NA
Gastrolobium,parviflorum,Gastrolobium parviflorum,Fabaceae,Trichocolletes leucogenys,Trichocolletes,NA,leuycogenys,Colletidae,Neopasiphaeinae,NA,Insecta,Hymenoptera,5,WA,Ravensthorpe,-33.47153,120.0187191,6/8/2024,Aug,2024,"Prendergast, K.S. (2025). Insect visitors to canola fields and surrounding vegetation. GRDC Canola pollination project. Dataset. University of Southern Queensland, Toowoomba. [unpublished as of 5/8/25]",S100B,S,1,1,0,1,1,1,NA,NA
Acacia,gonophylla,Acacia gonophylla,Fabaceae,Trichocolletes leucogenys,Trichocolletes,NA,leuycogenys,Colletidae,Neopasiphaeinae,NA,Insecta,Hymenoptera,1,WA,Jerdacuttup,-33.7785556,120.3492778,7/8/2024,Aug,2024,"Prendergast, K.S. (2025). Insect visitors to canola fields and surrounding vegetation. GRDC Canola pollination project. Dataset. University of Southern Queensland, Toowoomba. [unpublished as of 5/8/25]",S100B,S,1,1,0,1,1,1,NA,NA
Daviesia,teretifolia,Daviesia teretifolia,Fabaceae,Trichocolletes leucogenys,Trichocolletes,NA,leuycogenys,Colletidae,Neopasiphaeinae,NA,Insecta,Hymenoptera,1,WA,Jerdacuttup,-33.7785556,120.3492778,8/8/2024,Aug,2024,"Prendergast, K.S. (2025). Insect visitors to canola fields and surrounding vegetation. GRDC Canola pollination project. Dataset. University of Southern Queensland, Toowoomba. [unpublished as of 5/8/25]",S100B,S,1,1,0,1,1,1,NA,NA
Templetonia,battii,Templetonia battii,Fabaceae,Trichocolletes leucogenys,Trichocolletes,NA,leuycogenys,Colletidae,Neopasiphaeinae,NA,Insecta,Hymenoptera,2,WA,Jerdacuttup,-33.7785556,120.3492778,8/8/2024,Aug,2024,"Prendergast, K.S. (2025). Insect visitors to canola fields and surrounding vegetation. GRDC Canola pollination project. Dataset. University of Southern Queensland, Toowoomba. [unpublished as of 5/8/25]",S100B,S,1,1,0,1,1,1,NA,NA
Templetonia,neglecta,Templetonia neglecta,Fabaceae,Trichocolletes leucogenys,Trichocolletes,NA,leuycogenys,Colletidae,Neopasiphaeinae,NA,Insecta,Hymenoptera,4,WA,Jerdacuttup,-33.7785556,120.3492778,8/8/2024,Aug,2024,"Prendergast, K.S. (2025). Insect visitors to canola fields and surrounding vegetation. GRDC Canola pollination project. Dataset. University of Southern Queensland, Toowoomba. [unpublished as of 5/8/25]",S100B,S,1,1,0,1,1,1,NA,NA
Acacia,gonophylla,Acacia gonophylla,Fabaceae,Trichocolletes leucogenys,Trichocolletes,NA,leuycogenys,Colletidae,Neopasiphaeinae,NA,Insecta,Hymenoptera,2,WA,West River,-33.4711076,119.6923124,14/8/2024,Aug,2024,"Prendergast, K.S. (2025). Insect visitors to canola fields and surrounding vegetation. GRDC Canola pollination project. Dataset. University of Southern Queensland, Toowoomba. [unpublished as of 5/8/25]",S100B,S,1,1,0,1,1,1,NA,NA
Daviesia,Daviesia incrassata subsp reversifolia,Daviesia incrassata subsp reversifolia,Fabaceae,Trichocolletes leucogenys,Trichocolletes,NA,leuycogenys,Colletidae,Neopasiphaeinae,NA,Insecta,Hymenoptera,209,WA,West River,-33.4711076,119.6923124,14/8/2024,Aug,2024,"Prendergast, K.S. (2025). Insect visitors to canola fields and surrounding vegetation. GRDC Canola pollination project. Dataset. University of Southern Queensland, Toowoomba. [unpublished as of 5/8/25]",S100B,S,1,1,0,1,1,1,NA,NA
Daviesia,Daviesia incrassata subsp reversifolia,Daviesia incrassata subsp reversifolia,Fabaceae,Trichocolletes leucogenys,Trichocolletes,NA,leuycogenys,Colletidae,Neopasiphaeinae,NA,Insecta,Hymenoptera,93,WA,West River,-33.5537092,119.5716707,15/8/2024,Aug,2024,"Prendergast, K.S. (2025). Insect visitors to canola fields and surrounding vegetation. GRDC Canola pollination project. Dataset. University of Southern Queensland, Toowoomba. [unpublished as of 5/8/25]",S100B,S,1,1,0,1,1,1,NA,NA
Daviesia,sarissa,Daviesia sarissa,Fabaceae,Trichocolletes leucogenys,Trichocolletes,NA,leuycogenys,Colletidae,Neopasiphaeinae,NA,Insecta,Hymenoptera,284,WA,West River,-33.5537092,119.5716707,15/8/2024,Aug,2024,"Prendergast, K.S. (2025). Insect visitors to canola fields and surrounding vegetation. GRDC Canola pollination project. Dataset. University of Southern Queensland, Toowoomba. [unpublished as of 5/8/25]",S100B,S,1,1,0,1,1,1,NA,NA
Hakea,trifurcata,Hakea trifurcata,Proteaceae,Trichocolletes leucogenys,Trichocolletes,NA,leuycogenys,Colletidae,Neopasiphaeinae,NA,Insecta,Hymenoptera,2,WA,West River,-33.5537092,119.5716707,15/8/2024,Aug,2024,"Prendergast, K.S. (2025). Insect visitors to canola fields and surrounding vegetation. GRDC Canola pollination project. Dataset. University of Southern Queensland, Toowoomba. [unpublished as of 5/8/25]",S100B,S,1,1,0,1,1,1,NA,NA
Rinzia,communis,Rinzia communis,Myrtaceae,Trichocolletes leucogenys,Trichocolletes,NA,leuycogenys,Colletidae,Neopasiphaeinae,NA,Insecta,Hymenoptera,1,WA,West River,-33.5537092,119.5716707,15/8/2024,Aug,2024,"Prendergast, K.S. (2025). Insect visitors to canola fields and surrounding vegetation. GRDC Canola pollination project. Dataset. University of Southern Queensland, Toowoomba. [unpublished as of 5/8/25]",S100B,S,1,1,0,1,1,1,NA,NA
Daviesia,incrassata,Daviesia incrassata subsp reversifolia,Fabaceae,Trichocolletes leucogenys,Trichocolletes,NA,leuycogenys,Colletidae,Neopasiphaeinae,NA,Insecta,Hymenoptera,3,WA,West River,-33.6225234,119.5669327,16/8/2024,Aug,2024,"Prendergast, K.S. (2025). Insect visitors to canola fields and surrounding vegetation. GRDC Canola pollination project. Dataset. University of Southern Queensland, Toowoomba. [unpublished as of 5/8/25]",S100B,S,1,1,0,1,1,1,NA,NA
Templetonia,battii,Templetonia battii,Fabaceae,Trichocolletes leucogenys,Trichocolletes,NA,leuycogenys,Colletidae,Neopasiphaeinae,NA,Insecta,Hymenoptera,55,WA,West River,-33.6225234,119.5669327,16/8/2024,Aug,2024,"Prendergast, K.S. (2025). Insect visitors to canola fields and surrounding vegetation. GRDC Canola pollination project. Dataset. University of Southern Queensland, Toowoomba. [unpublished as of 5/8/25]",S100B,S,1,1,0,1,1,1,NA,NA
Chamelaucium,megalopetalum?,Chamelaucium megalopetalum?,Myrtaceae,Trichocolletes leucogenys,Trichocolletes,NA,leuycogenys,Colletidae,Neopasiphaeinae,NA,Insecta,Hymenoptera,1,WA,Mount Burdett NR,-33.46171,122.1208,27/8/2024,Aug,2024,"Prendergast, K.S. (2025). Insect visitors to canola fields and surrounding vegetation. GRDC Canola pollination project. Dataset. University of Southern Queensland, Toowoomba. [unpublished as of 5/8/25]",S100B,S,1,1,0,1,1,1,NA,NA
Daviesia,teretifolia,Daviesia teretifolia,Fabaceae,Trichocolletes leucogenys,Trichocolletes,NA,leuycogenys,Colletidae,Neopasiphaeinae,NA,Insecta,Hymenoptera,89,WA,Mount Burdett NR,-33.46171,122.1208,27/8/2024,Aug,2024,"Prendergast, K.S. (2025). Insect visitors to canola fields and surrounding vegetation. GRDC Canola pollination project. Dataset. University of Southern Queensland, Toowoomba. [unpublished as of 5/8/25]",S100B,S,1,1,0,1,1,1,NA,NA
Rinizia,communis,Rinzia communis,Myrtaceae,Trichocolletes leucogenys,Trichocolletes,NA,leuycogenys,Colletidae,Neopasiphaeinae,NA,Insecta,Hymenoptera,1,WA,Mount Burdett NR,-33.46171,122.1208,27/8/2024,Aug,2024,"Prendergast, K.S. (2025). Insect visitors to canola fields and surrounding vegetation. GRDC Canola pollination project. Dataset. University of Southern Queensland, Toowoomba. [unpublished as of 5/8/25]",S100B,S,1,1,0,1,1,1,NA,NA
