taxon_name,entity_type,entity_context,location_name,record_number,herb_coll_nos,voucher_MEL,voucher_PERTH,basis_of_record,trait,trait_value_raw,trait_value,trait_value_clean,value_type,unit,error_type,error_value,n,context,source_section,source_rank,notes
Eucalyptus erythrocorys,species,,,332S,332S,332S,,captive_cultivated,leaf_epicuticular_wax_crystal_form,"Tubes, simple, branching occasionally at acute angles, open cover",tubes,tubes,mode,,,,,,Appendix I p.372,1,
Eucalyptus erythrocorys,species,,,332S,332S,332S,,captive_cultivated,leaf_epicuticular_wax_density,open cover,open,open,mode,,,,,,Appendix I p.372,1,Cover classes per Methods (e) p.344: complete/almost complete -> high; open -> open; sparse/isolated -> low.
Eucalyptus erythrocorys,species,,,332S,332S,332S,,captive_cultivated,leaf_wax_tube_complexity,"Tubes, simple, branching occasionally at acute angles, open cover",simple,,mode,,,,,,Appendix I p.372,1,"Candidate trait, not in config/traits.yml (checked 2026-10). Simple (rarely/sparingly branched) vs compound (many-branched, almost 'plumed', e.g. series Globulares) tubes -- Methods (e) p.344."
Eucalyptus erythrocorys,species,,,332S,332S,332S,,captive_cultivated,leaf_wax_tube_branching,"Tubes, simple, branching occasionally at acute angles, open cover",occasionally_branched acute_angle,,mode,,,,,,Appendix I p.372,1,"Candidate trait, not in config/traits.yml (checked 2026-10)."
Eucalyptus tetragona,species,,,156M,156M,156M,,captive_cultivated,leaf_epicuticular_wax_crystal_form,"Tubes, simple, branching occasionally at acute angles, open cover",tubes,tubes,mode,,,,,,Appendix I p.372,1,
Eucalyptus tetragona,species,,,156M,156M,156M,,captive_cultivated,leaf_epicuticular_wax_density,open cover,open,open,mode,,,,,,Appendix I p.372,1,Cover classes per Methods (e) p.344: complete/almost complete -> high; open -> open; sparse/isolated -> low.
Eucalyptus tetragona,species,,,156M,156M,156M,,captive_cultivated,leaf_wax_tube_complexity,"Tubes, simple, branching occasionally at acute angles, open cover",simple,,mode,,,,,,Appendix I p.372,1,"Candidate trait, not in config/traits.yml (checked 2026-10). Simple (rarely/sparingly branched) vs compound (many-branched, almost 'plumed', e.g. series Globulares) tubes -- Methods (e) p.344."
Eucalyptus tetragona,species,,,156M,156M,156M,,captive_cultivated,leaf_wax_tube_branching,"Tubes, simple, branching occasionally at acute angles, open cover",occasionally_branched acute_angle,,mode,,,,,,Appendix I p.372,1,"Candidate trait, not in config/traits.yml (checked 2026-10)."
Eucalyptus eudesmioides,species,,,WA80,WA80,WA80,,field,leaf_epicuticular_wax_crystal_form,"Tubes, simple, branching occasionally at acute angles, open cover",tubes,tubes,mode,,,,,,Appendix I p.372,1,
Eucalyptus eudesmioides,species,,,WA80,WA80,WA80,,field,leaf_epicuticular_wax_density,open cover,open,open,mode,,,,,,Appendix I p.372,1,Cover classes per Methods (e) p.344: complete/almost complete -> high; open -> open; sparse/isolated -> low.
Eucalyptus eudesmioides,species,,,WA80,WA80,WA80,,field,leaf_wax_tube_complexity,"Tubes, simple, branching occasionally at acute angles, open cover",simple,,mode,,,,,,Appendix I p.372,1,"Candidate trait, not in config/traits.yml (checked 2026-10). Simple (rarely/sparingly branched) vs compound (many-branched, almost 'plumed', e.g. series Globulares) tubes -- Methods (e) p.344."
Eucalyptus eudesmioides,species,,,WA80,WA80,WA80,,field,leaf_wax_tube_branching,"Tubes, simple, branching occasionally at acute angles, open cover",occasionally_branched acute_angle,,mode,,,,,,Appendix I p.372,1,"Candidate trait, not in config/traits.yml (checked 2026-10)."
Eucalyptus gongylocarpa,species,,,,"Glasshouse-grown, Belfast",,,captive_cultivated,leaf_epicuticular_wax_crystal_form,"Tubes, simple, branching occasionally at acute angles, open cover",tubes,tubes,mode,,,,,,Appendix I p.372,1,
Eucalyptus gongylocarpa,species,,,,"Glasshouse-grown, Belfast",,,captive_cultivated,leaf_epicuticular_wax_density,open cover,open,open,mode,,,,,,Appendix I p.372,1,Cover classes per Methods (e) p.344: complete/almost complete -> high; open -> open; sparse/isolated -> low.
Eucalyptus gongylocarpa,species,,,,"Glasshouse-grown, Belfast",,,captive_cultivated,leaf_wax_tube_complexity,"Tubes, simple, branching occasionally at acute angles, open cover",simple,,mode,,,,,,Appendix I p.372,1,"Candidate trait, not in config/traits.yml (checked 2026-10). Simple (rarely/sparingly branched) vs compound (many-branched, almost 'plumed', e.g. series Globulares) tubes -- Methods (e) p.344."
Eucalyptus gongylocarpa,species,,,,"Glasshouse-grown, Belfast",,,captive_cultivated,leaf_wax_tube_branching,"Tubes, simple, branching occasionally at acute angles, open cover",occasionally_branched acute_angle,,mode,,,,,,Appendix I p.372,1,"Candidate trait, not in config/traits.yml (checked 2026-10)."
Eucalyptus ebbanoensis,species,,,342S,342S,342S,,captive_cultivated,leaf_epicuticular_wax_crystal_form,"Tubes, simple, branching occasionally at acute angles, open cover",tubes,tubes,mode,,,,,,Appendix I p.372,1,
Eucalyptus ebbanoensis,species,,,342S,342S,342S,,captive_cultivated,leaf_epicuticular_wax_density,open cover,open,open,mode,,,,,,Appendix I p.372,1,Cover classes per Methods (e) p.344: complete/almost complete -> high; open -> open; sparse/isolated -> low.
Eucalyptus ebbanoensis,species,,,342S,342S,342S,,captive_cultivated,leaf_wax_tube_complexity,"Tubes, simple, branching occasionally at acute angles, open cover",simple,,mode,,,,,,Appendix I p.372,1,"Candidate trait, not in config/traits.yml (checked 2026-10). Simple (rarely/sparingly branched) vs compound (many-branched, almost 'plumed', e.g. series Globulares) tubes -- Methods (e) p.344."
Eucalyptus ebbanoensis,species,,,342S,342S,342S,,captive_cultivated,leaf_wax_tube_branching,"Tubes, simple, branching occasionally at acute angles, open cover",occasionally_branched acute_angle,,mode,,,,,,Appendix I p.372,1,"Candidate trait, not in config/traits.yml (checked 2026-10)."
Eucalyptus jucunda,species,,,E. M. Scrymgeour 333,"E. M. Scrymgeour 333, W.A. Herb.",,E. M. Scrymgeour 333,field,leaf_epicuticular_wax_crystal_form,"Tubes, simple, branching occasionally at acute angles, open cover",tubes,tubes,mode,,,,,,Appendix I p.372,1,
Eucalyptus jucunda,species,,,E. M. Scrymgeour 333,"E. M. Scrymgeour 333, W.A. Herb.",,E. M. Scrymgeour 333,field,leaf_epicuticular_wax_density,open cover,open,open,mode,,,,,,Appendix I p.372,1,Cover classes per Methods (e) p.344: complete/almost complete -> high; open -> open; sparse/isolated -> low.
Eucalyptus jucunda,species,,,E. M. Scrymgeour 333,"E. M. Scrymgeour 333, W.A. Herb.",,E. M. Scrymgeour 333,field,leaf_wax_tube_complexity,"Tubes, simple, branching occasionally at acute angles, open cover",simple,,mode,,,,,,Appendix I p.372,1,"Candidate trait, not in config/traits.yml (checked 2026-10). Simple (rarely/sparingly branched) vs compound (many-branched, almost 'plumed', e.g. series Globulares) tubes -- Methods (e) p.344."
Eucalyptus jucunda,species,,,E. M. Scrymgeour 333,"E. M. Scrymgeour 333, W.A. Herb.",,E. M. Scrymgeour 333,field,leaf_wax_tube_branching,"Tubes, simple, branching occasionally at acute angles, open cover",occasionally_branched acute_angle,,mode,,,,,,Appendix I p.372,1,"Candidate trait, not in config/traits.yml (checked 2026-10)."
Eucalyptus roycei,species,,,E. M. Scrymgeour 286,"Undescribed sp., E. M. Scrymgeour 286, W.A. Herb.",,E. M. Scrymgeour 286,field,leaf_epicuticular_wax_crystal_form,"Tubes, simple, branching occasionally at acute angles, open cover",tubes,tubes,mode,,,,,,Appendix I p.372,1,"Listed in Appendix I as 'Eucalyptus sp. nov.'; footnote p.372: described 1970 as E. roycei (Carr, Carr & George, Proc. R. Soc. Vict. 83, 159-70)."
Eucalyptus roycei,species,,,E. M. Scrymgeour 286,"Undescribed sp., E. M. Scrymgeour 286, W.A. Herb.",,E. M. Scrymgeour 286,field,leaf_epicuticular_wax_density,open cover,open,open,mode,,,,,,Appendix I p.372,1,Cover classes per Methods (e) p.344: complete/almost complete -> high; open -> open; sparse/isolated -> low.
Eucalyptus roycei,species,,,E. M. Scrymgeour 286,"Undescribed sp., E. M. Scrymgeour 286, W.A. Herb.",,E. M. Scrymgeour 286,field,leaf_wax_tube_complexity,"Tubes, simple, branching occasionally at acute angles, open cover",simple,,mode,,,,,,Appendix I p.372,1,"Candidate trait, not in config/traits.yml (checked 2026-10). Simple (rarely/sparingly branched) vs compound (many-branched, almost 'plumed', e.g. series Globulares) tubes -- Methods (e) p.344."
Eucalyptus roycei,species,,,E. M. Scrymgeour 286,"Undescribed sp., E. M. Scrymgeour 286, W.A. Herb.",,E. M. Scrymgeour 286,field,leaf_wax_tube_branching,"Tubes, simple, branching occasionally at acute angles, open cover",occasionally_branched acute_angle,,mode,,,,,,Appendix I p.372,1,"Candidate trait, not in config/traits.yml (checked 2026-10)."
Eucalyptus odontocarpa,species,,,,"Seed from herb. specimen (Carr coll.) glasshouse-grown, Belfast",,,captive_cultivated,leaf_epicuticular_wax_crystal_form,"Tubes, simple, branching occasionally at acute angles, open cover",tubes,tubes,mode,,,,,,Appendix I p.372,1,
Eucalyptus odontocarpa,species,,,,"Seed from herb. specimen (Carr coll.) glasshouse-grown, Belfast",,,captive_cultivated,leaf_epicuticular_wax_density,open cover,open,open,mode,,,,,,Appendix I p.372,1,Cover classes per Methods (e) p.344: complete/almost complete -> high; open -> open; sparse/isolated -> low.
Eucalyptus odontocarpa,species,,,,"Seed from herb. specimen (Carr coll.) glasshouse-grown, Belfast",,,captive_cultivated,leaf_wax_tube_complexity,"Tubes, simple, branching occasionally at acute angles, open cover",simple,,mode,,,,,,Appendix I p.372,1,"Candidate trait, not in config/traits.yml (checked 2026-10). Simple (rarely/sparingly branched) vs compound (many-branched, almost 'plumed', e.g. series Globulares) tubes -- Methods (e) p.344."
Eucalyptus odontocarpa,species,,,,"Seed from herb. specimen (Carr coll.) glasshouse-grown, Belfast",,,captive_cultivated,leaf_wax_tube_branching,"Tubes, simple, branching occasionally at acute angles, open cover",occasionally_branched acute_angle,,mode,,,,,,Appendix I p.372,1,"Candidate trait, not in config/traits.yml (checked 2026-10)."
Eucalyptus tetrodonta,species,,,NT1; NT22,NT1; NT22; FTBD,NT1; NT22,,field captive_cultivated,leaf_epicuticular_wax_crystal_form,"Plates, irregularly shaped, sinuate sometimes crenate-edged, almost complete cover",plates,plates,mode,,,,,,Appendix I p.372,1,
Eucalyptus tetrodonta,species,,,NT1; NT22,NT1; NT22; FTBD,NT1; NT22,,field captive_cultivated,leaf_epicuticular_wax_density,almost complete cover,almost_complete,high,mode,,,,,,Appendix I p.372,1,Cover classes per Methods (e) p.344: complete/almost complete -> high; open -> open; sparse/isolated -> low.
Eucalyptus tetrodonta,species,,,NT1; NT22,NT1; NT22; FTBD,NT1; NT22,,field captive_cultivated,leaf_wax_plate_edge,"Plates, irregularly shaped, sinuate sometimes crenate-edged, almost complete cover",sinuate crenate,,mode,,,,,,Appendix I p.372,1,"Candidate trait, not in config/traits.yml (checked 2026-10). Plate margin per Methods (e) p.344: entire, sinuate, crenate or digitate (Figs. 2, 4-6); a hyphenated range (e.g. 'crenate-digitate') is recorded as both terms."
Eucalyptus tetrodonta,species,,,NT1; NT22,NT1; NT22; FTBD,NT1; NT22,,field captive_cultivated,leaf_wax_plate_shape,"Plates, irregularly shaped, sinuate sometimes crenate-edged, almost complete cover",irregular,,mode,,,,,,Appendix I p.372,1,"Candidate trait, not in config/traits.yml (checked 2026-10)."
Eucalyptus tenuipes,species,,,Carr 125A,"Seed from For. & Timb. Bur., Canberra. Glasshouse-grown, Belfast, S6246; Carr 125A",Carr 125A,,field captive_cultivated,leaf_epicuticular_wax_crystal_form,"Plates, irregularly shaped, crenate-digitate-edged, almost complete cover",plates,plates,mode,,,,,,Appendix I p.372,1,"S6246 is a seedlot number (seed from the Forestry and Timber Bureau, Canberra), not a voucher."
Eucalyptus tenuipes,species,,,Carr 125A,"Seed from For. & Timb. Bur., Canberra. Glasshouse-grown, Belfast, S6246; Carr 125A",Carr 125A,,field captive_cultivated,leaf_epicuticular_wax_density,almost complete cover,almost_complete,high,mode,,,,,,Appendix I p.372,1,Cover classes per Methods (e) p.344: complete/almost complete -> high; open -> open; sparse/isolated -> low.
Eucalyptus tenuipes,species,,,Carr 125A,"Seed from For. & Timb. Bur., Canberra. Glasshouse-grown, Belfast, S6246; Carr 125A",Carr 125A,,field captive_cultivated,leaf_wax_plate_edge,"Plates, irregularly shaped, crenate-digitate-edged, almost complete cover",crenate digitate,,mode,,,,,,Appendix I p.372,1,"Candidate trait, not in config/traits.yml (checked 2026-10). Plate margin per Methods (e) p.344: entire, sinuate, crenate or digitate (Figs. 2, 4-6); a hyphenated range (e.g. 'crenate-digitate') is recorded as both terms."
Eucalyptus tenuipes,species,,,Carr 125A,"Seed from For. & Timb. Bur., Canberra. Glasshouse-grown, Belfast, S6246; Carr 125A",Carr 125A,,field captive_cultivated,leaf_wax_plate_shape,"Plates, irregularly shaped, crenate-digitate-edged, almost complete cover",irregular,,mode,,,,,,Appendix I p.372,1,"Candidate trait, not in config/traits.yml (checked 2026-10)."
Eucalyptus curtisii,species,,,Carr 125,Carr 125; WtSn,Carr 125,,field captive_cultivated,leaf_epicuticular_wax_crystal_form,"Plates, irregularly shaped, entire-edged and angular, almost complete cover",plates,plates,mode,,,,,,Appendix I p.372,1,
Eucalyptus curtisii,species,,,Carr 125,Carr 125; WtSn,Carr 125,,field captive_cultivated,leaf_epicuticular_wax_density,almost complete cover,almost_complete,high,mode,,,,,,Appendix I p.372,1,Cover classes per Methods (e) p.344: complete/almost complete -> high; open -> open; sparse/isolated -> low.
Eucalyptus curtisii,species,,,Carr 125,Carr 125; WtSn,Carr 125,,field captive_cultivated,leaf_wax_plate_edge,"Plates, irregularly shaped, entire-edged and angular, almost complete cover",entire,,mode,,,,,,Appendix I p.372,1,"Candidate trait, not in config/traits.yml (checked 2026-10). Plate margin per Methods (e) p.344: entire, sinuate, crenate or digitate (Figs. 2, 4-6); a hyphenated range (e.g. 'crenate-digitate') is recorded as both terms."
Eucalyptus curtisii,species,,,Carr 125,Carr 125; WtSn,Carr 125,,field captive_cultivated,leaf_wax_plate_shape,"Plates, irregularly shaped, entire-edged and angular, almost complete cover",angular irregular,,mode,,,,,,Appendix I p.372,1,"Candidate trait, not in config/traits.yml (checked 2026-10)."
Eucalyptus lirata,species,,,Gardner 11927,"Seed from herb. sheet Gardner 11927, W.A. Herb., glasshouse-grown, Belfast",,Gardner 11927,captive_cultivated,leaf_epicuticular_wax_crystal_form,"Plates, irregularly shaped, crenate-digitate-edged, almost complete cover",plates,plates,mode,,,,,,Appendix I p.372,1,
Eucalyptus lirata,species,,,Gardner 11927,"Seed from herb. sheet Gardner 11927, W.A. Herb., glasshouse-grown, Belfast",,Gardner 11927,captive_cultivated,leaf_epicuticular_wax_density,almost complete cover,almost_complete,high,mode,,,,,,Appendix I p.372,1,Cover classes per Methods (e) p.344: complete/almost complete -> high; open -> open; sparse/isolated -> low.
Eucalyptus lirata,species,,,Gardner 11927,"Seed from herb. sheet Gardner 11927, W.A. Herb., glasshouse-grown, Belfast",,Gardner 11927,captive_cultivated,leaf_wax_plate_edge,"Plates, irregularly shaped, crenate-digitate-edged, almost complete cover",crenate digitate,,mode,,,,,,Appendix I p.372,1,"Candidate trait, not in config/traits.yml (checked 2026-10). Plate margin per Methods (e) p.344: entire, sinuate, crenate or digitate (Figs. 2, 4-6); a hyphenated range (e.g. 'crenate-digitate') is recorded as both terms."
Eucalyptus lirata,species,,,Gardner 11927,"Seed from herb. sheet Gardner 11927, W.A. Herb., glasshouse-grown, Belfast",,Gardner 11927,captive_cultivated,leaf_wax_plate_shape,"Plates, irregularly shaped, crenate-digitate-edged, almost complete cover",irregular,,mode,,,,,,Appendix I p.372,1,"Candidate trait, not in config/traits.yml (checked 2026-10)."
Eucalyptus similis,species,,,Carr 173,Carr 173,Carr 173,,field,leaf_epicuticular_wax_crystal_form,"Plates, irregularly shaped, crenate-digitate-edged, open to almost complete cover",plates,plates,mode,,,,,,Appendix I p.372,1,
Eucalyptus similis,species,,,Carr 173,Carr 173,Carr 173,,field,leaf_epicuticular_wax_density,open to almost complete cover,open_to_almost_complete,high open,mode,,,,,,Appendix I p.372,1,Cover classes per Methods (e) p.344: complete/almost complete -> high; open -> open; sparse/isolated -> low.
Eucalyptus similis,species,,,Carr 173,Carr 173,Carr 173,,field,leaf_wax_plate_edge,"Plates, irregularly shaped, crenate-digitate-edged, open to almost complete cover",crenate digitate,,mode,,,,,,Appendix I p.372,1,"Candidate trait, not in config/traits.yml (checked 2026-10). Plate margin per Methods (e) p.344: entire, sinuate, crenate or digitate (Figs. 2, 4-6); a hyphenated range (e.g. 'crenate-digitate') is recorded as both terms."
Eucalyptus similis,species,,,Carr 173,Carr 173,Carr 173,,field,leaf_wax_plate_shape,"Plates, irregularly shaped, crenate-digitate-edged, open to almost complete cover",irregular,,mode,,,,,,Appendix I p.372,1,"Candidate trait, not in config/traits.yml (checked 2026-10)."
Eucalyptus baileyana,species,,,,"Seed from For. Dept., Qld., glasshouse-grown, Belfast",,,captive_cultivated,leaf_epicuticular_wax_crystal_form,"Plates, irregularly shaped, crenate-digitate-edged, open to almost complete cover",plates,plates,mode,,,,,,Appendix I p.372,1,
Eucalyptus baileyana,species,,,,"Seed from For. Dept., Qld., glasshouse-grown, Belfast",,,captive_cultivated,leaf_epicuticular_wax_density,open to almost complete cover,open_to_almost_complete,high open,mode,,,,,,Appendix I p.372,1,Cover classes per Methods (e) p.344: complete/almost complete -> high; open -> open; sparse/isolated -> low.
Eucalyptus baileyana,species,,,,"Seed from For. Dept., Qld., glasshouse-grown, Belfast",,,captive_cultivated,leaf_wax_plate_edge,"Plates, irregularly shaped, crenate-digitate-edged, open to almost complete cover",crenate digitate,,mode,,,,,,Appendix I p.372,1,"Candidate trait, not in config/traits.yml (checked 2026-10). Plate margin per Methods (e) p.344: entire, sinuate, crenate or digitate (Figs. 2, 4-6); a hyphenated range (e.g. 'crenate-digitate') is recorded as both terms."
Eucalyptus baileyana,species,,,,"Seed from For. Dept., Qld., glasshouse-grown, Belfast",,,captive_cultivated,leaf_wax_plate_shape,"Plates, irregularly shaped, crenate-digitate-edged, open to almost complete cover",irregular,,mode,,,,,,Appendix I p.372,1,"Candidate trait, not in config/traits.yml (checked 2026-10)."
Eucalyptus phoenicea,species,,,NT2; N34,NT2; N34,NT2; N34,,field,leaf_epicuticular_wax_crystal_form,"Plates, fan-shaped, digitate-edged, almost complete cover",plates,plates,mode,,,,,,Appendix I p.373,1,
Eucalyptus phoenicea,species,,,NT2; N34,NT2; N34,NT2; N34,,field,leaf_epicuticular_wax_density,almost complete cover,almost_complete,high,mode,,,,,,Appendix I p.373,1,Cover classes per Methods (e) p.344: complete/almost complete -> high; open -> open; sparse/isolated -> low.
Eucalyptus phoenicea,species,,,NT2; N34,NT2; N34,NT2; N34,,field,leaf_wax_plate_edge,"Plates, fan-shaped, digitate-edged, almost complete cover",digitate,,mode,,,,,,Appendix I p.373,1,"Candidate trait, not in config/traits.yml (checked 2026-10). Plate margin per Methods (e) p.344: entire, sinuate, crenate or digitate (Figs. 2, 4-6); a hyphenated range (e.g. 'crenate-digitate') is recorded as both terms."
Eucalyptus phoenicea,species,,,NT2; N34,NT2; N34,NT2; N34,,field,leaf_wax_plate_shape,"Plates, fan-shaped, digitate-edged, almost complete cover",fan_shaped,,mode,,,,,,Appendix I p.373,1,"Candidate trait, not in config/traits.yml (checked 2026-10)."
Eucalyptus miniata,species,,,WA95; Carr D14; N2,WA95; Carr D14; N2,WA95; Carr D14; N2,,field,leaf_epicuticular_wax_crystal_form,"Plates, fan-shaped, crenate-digitate-edged, almost complete cover",plates,plates,mode,,,,,,Appendix I p.373,1,
Eucalyptus miniata,species,,,WA95; Carr D14; N2,WA95; Carr D14; N2,WA95; Carr D14; N2,,field,leaf_epicuticular_wax_density,almost complete cover,almost_complete,high,mode,,,,,,Appendix I p.373,1,Cover classes per Methods (e) p.344: complete/almost complete -> high; open -> open; sparse/isolated -> low.
Eucalyptus miniata,species,,,WA95; Carr D14; N2,WA95; Carr D14; N2,WA95; Carr D14; N2,,field,leaf_wax_plate_edge,"Plates, fan-shaped, crenate-digitate-edged, almost complete cover",crenate digitate,,mode,,,,,,Appendix I p.373,1,"Candidate trait, not in config/traits.yml (checked 2026-10). Plate margin per Methods (e) p.344: entire, sinuate, crenate or digitate (Figs. 2, 4-6); a hyphenated range (e.g. 'crenate-digitate') is recorded as both terms."
Eucalyptus miniata,species,,,WA95; Carr D14; N2,WA95; Carr D14; N2,WA95; Carr D14; N2,,field,leaf_wax_plate_shape,"Plates, fan-shaped, crenate-digitate-edged, almost complete cover",fan_shaped,,mode,,,,,,Appendix I p.373,1,"Candidate trait, not in config/traits.yml (checked 2026-10)."
Eucalyptus tetraptera,species,,,WA25A,WA25A; seedling of WA25A,WA25A,,field captive_cultivated,leaf_epicuticular_wax_crystal_form,"Plates, angularly shaped, sinuate-edged, open cover",plates,plates,mode,,,,,leaf phase: juvenile,Appendix I p.373,1,
Eucalyptus tetraptera,species,,,WA25A,WA25A; seedling of WA25A,WA25A,,field captive_cultivated,leaf_epicuticular_wax_density,open cover,open,open,mode,,,,,leaf phase: juvenile,Appendix I p.373,1,Cover classes per Methods (e) p.344: complete/almost complete -> high; open -> open; sparse/isolated -> low.
Eucalyptus tetraptera,species,,,WA25A,WA25A; seedling of WA25A,WA25A,,field captive_cultivated,leaf_wax_plate_edge,"Plates, angularly shaped, sinuate-edged, open cover",sinuate,,mode,,,,,leaf phase: juvenile,Appendix I p.373,1,"Candidate trait, not in config/traits.yml (checked 2026-10). Plate margin per Methods (e) p.344: entire, sinuate, crenate or digitate (Figs. 2, 4-6); a hyphenated range (e.g. 'crenate-digitate') is recorded as both terms."
Eucalyptus tetraptera,species,,,WA25A,WA25A; seedling of WA25A,WA25A,,field captive_cultivated,leaf_wax_plate_shape,"Plates, angularly shaped, sinuate-edged, open cover",angular,,mode,,,,,leaf phase: juvenile,Appendix I p.373,1,"Candidate trait, not in config/traits.yml (checked 2026-10)."
Eucalyptus tetraptera,species,,,WA25A,WA25A; seedling of WA25A,WA25A,,field captive_cultivated,leaf_epicuticular_wax_crystal_form,"Plates, angularly shaped, entire-edged, sparse cover",plates,plates,mode,,,,,leaf phase: adult,Appendix I p.373,1,
Eucalyptus tetraptera,species,,,WA25A,WA25A; seedling of WA25A,WA25A,,field captive_cultivated,leaf_epicuticular_wax_density,sparse cover,sparse,low,mode,,,,,leaf phase: adult,Appendix I p.373,1,Cover classes per Methods (e) p.344: complete/almost complete -> high; open -> open; sparse/isolated -> low.
Eucalyptus tetraptera,species,,,WA25A,WA25A; seedling of WA25A,WA25A,,field captive_cultivated,leaf_wax_plate_edge,"Plates, angularly shaped, entire-edged, sparse cover",entire,,mode,,,,,leaf phase: adult,Appendix I p.373,1,"Candidate trait, not in config/traits.yml (checked 2026-10). Plate margin per Methods (e) p.344: entire, sinuate, crenate or digitate (Figs. 2, 4-6); a hyphenated range (e.g. 'crenate-digitate') is recorded as both terms."
Eucalyptus tetraptera,species,,,WA25A,WA25A; seedling of WA25A,WA25A,,field captive_cultivated,leaf_wax_plate_shape,"Plates, angularly shaped, entire-edged, sparse cover",angular,,mode,,,,,leaf phase: adult,Appendix I p.373,1,"Candidate trait, not in config/traits.yml (checked 2026-10)."
Eucalyptus steedmanii,species,,,206Ch,206Ch,206Ch,,captive_cultivated,leaf_epicuticular_wax_crystal_form,"Plates, angularly shaped, entire-edged, isolated to sparse cover",plates,plates,mode,,,,,,Appendix I p.373,1,
Eucalyptus steedmanii,species,,,206Ch,206Ch,206Ch,,captive_cultivated,leaf_epicuticular_wax_density,isolated to sparse cover,isolated_to_sparse,low,mode,,,,,,Appendix I p.373,1,Cover classes per Methods (e) p.344: complete/almost complete -> high; open -> open; sparse/isolated -> low.
Eucalyptus steedmanii,species,,,206Ch,206Ch,206Ch,,captive_cultivated,leaf_wax_plate_edge,"Plates, angularly shaped, entire-edged, isolated to sparse cover",entire,,mode,,,,,,Appendix I p.373,1,"Candidate trait, not in config/traits.yml (checked 2026-10). Plate margin per Methods (e) p.344: entire, sinuate, crenate or digitate (Figs. 2, 4-6); a hyphenated range (e.g. 'crenate-digitate') is recorded as both terms."
Eucalyptus steedmanii,species,,,206Ch,206Ch,206Ch,,captive_cultivated,leaf_wax_plate_shape,"Plates, angularly shaped, entire-edged, isolated to sparse cover",angular,,mode,,,,,,Appendix I p.373,1,"Candidate trait, not in config/traits.yml (checked 2026-10)."
Eucalyptus tessellaris,species,,,Q22c; 610Q,Q22c; 610Q,Q22c; 610Q,,field,leaf_epicuticular_wax_crystal_form,"Plates, fan-shaped, crenate-digitate-edged, almost complete cover",plates,plates,mode,,,,,,Appendix I p.373,1,
Eucalyptus tessellaris,species,,,Q22c; 610Q,Q22c; 610Q,Q22c; 610Q,,field,leaf_epicuticular_wax_density,almost complete cover,almost_complete,high,mode,,,,,,Appendix I p.373,1,Cover classes per Methods (e) p.344: complete/almost complete -> high; open -> open; sparse/isolated -> low.
Eucalyptus tessellaris,species,,,Q22c; 610Q,Q22c; 610Q,Q22c; 610Q,,field,leaf_wax_plate_edge,"Plates, fan-shaped, crenate-digitate-edged, almost complete cover",crenate digitate,,mode,,,,,,Appendix I p.373,1,"Candidate trait, not in config/traits.yml (checked 2026-10). Plate margin per Methods (e) p.344: entire, sinuate, crenate or digitate (Figs. 2, 4-6); a hyphenated range (e.g. 'crenate-digitate') is recorded as both terms."
Eucalyptus tessellaris,species,,,Q22c; 610Q,Q22c; 610Q,Q22c; 610Q,,field,leaf_wax_plate_shape,"Plates, fan-shaped, crenate-digitate-edged, almost complete cover",fan_shaped,,mode,,,,,,Appendix I p.373,1,"Candidate trait, not in config/traits.yml (checked 2026-10)."
Eucalyptus papuana,species,,,418S; NT20a; NT7; NT4,418S; NT20a; NT7; NT4,418S; NT20a; NT7; NT4,,field captive_cultivated,leaf_epicuticular_wax_crystal_form,"Plates, fan-shaped, crenate-digitate-edged, almost complete cover",plates,plates,mode,,,,,,Appendix I p.373,1,
Eucalyptus papuana,species,,,418S; NT20a; NT7; NT4,418S; NT20a; NT7; NT4,418S; NT20a; NT7; NT4,,field captive_cultivated,leaf_epicuticular_wax_density,almost complete cover,almost_complete,high,mode,,,,,,Appendix I p.373,1,Cover classes per Methods (e) p.344: complete/almost complete -> high; open -> open; sparse/isolated -> low.
Eucalyptus papuana,species,,,418S; NT20a; NT7; NT4,418S; NT20a; NT7; NT4,418S; NT20a; NT7; NT4,,field captive_cultivated,leaf_wax_plate_edge,"Plates, fan-shaped, crenate-digitate-edged, almost complete cover",crenate digitate,,mode,,,,,,Appendix I p.373,1,"Candidate trait, not in config/traits.yml (checked 2026-10). Plate margin per Methods (e) p.344: entire, sinuate, crenate or digitate (Figs. 2, 4-6); a hyphenated range (e.g. 'crenate-digitate') is recorded as both terms."
Eucalyptus papuana,species,,,418S; NT20a; NT7; NT4,418S; NT20a; NT7; NT4,418S; NT20a; NT7; NT4,,field captive_cultivated,leaf_wax_plate_shape,"Plates, fan-shaped, crenate-digitate-edged, almost complete cover",fan_shaped,,mode,,,,,,Appendix I p.373,1,"Candidate trait, not in config/traits.yml (checked 2026-10)."
Eucalyptus clavigera x papuana,species,,,NT25,NT25,NT25,,field,leaf_epicuticular_wax_crystal_form,"Plates, fan-shaped, crenate-digitate-edged, almost complete cover",plates,plates,mode,,,,,,Appendix I p.373,1,Hybrid E. clavigera A. Cunn. ex Schau. x E. papuana F. Muell.
Eucalyptus clavigera x papuana,species,,,NT25,NT25,NT25,,field,leaf_epicuticular_wax_density,almost complete cover,almost_complete,high,mode,,,,,,Appendix I p.373,1,Cover classes per Methods (e) p.344: complete/almost complete -> high; open -> open; sparse/isolated -> low.
Eucalyptus clavigera x papuana,species,,,NT25,NT25,NT25,,field,leaf_wax_plate_edge,"Plates, fan-shaped, crenate-digitate-edged, almost complete cover",crenate digitate,,mode,,,,,,Appendix I p.373,1,"Candidate trait, not in config/traits.yml (checked 2026-10). Plate margin per Methods (e) p.344: entire, sinuate, crenate or digitate (Figs. 2, 4-6); a hyphenated range (e.g. 'crenate-digitate') is recorded as both terms."
Eucalyptus clavigera x papuana,species,,,NT25,NT25,NT25,,field,leaf_wax_plate_shape,"Plates, fan-shaped, crenate-digitate-edged, almost complete cover",fan_shaped,,mode,,,,,,Appendix I p.373,1,"Candidate trait, not in config/traits.yml (checked 2026-10)."
Eucalyptus clavigera,species,,,N9; NT6; NT24,N9; NT6; NT24,N9; NT6; NT24,,field,leaf_epicuticular_wax_crystal_form,"Plates, fan-shaped, crenate-digitate-edged, almost complete cover",plates,plates,mode,,,,,,Appendix I p.373,1,
Eucalyptus clavigera,species,,,N9; NT6; NT24,N9; NT6; NT24,N9; NT6; NT24,,field,leaf_epicuticular_wax_density,almost complete cover,almost_complete,high,mode,,,,,,Appendix I p.373,1,Cover classes per Methods (e) p.344: complete/almost complete -> high; open -> open; sparse/isolated -> low.
Eucalyptus clavigera,species,,,N9; NT6; NT24,N9; NT6; NT24,N9; NT6; NT24,,field,leaf_wax_plate_edge,"Plates, fan-shaped, crenate-digitate-edged, almost complete cover",crenate digitate,,mode,,,,,,Appendix I p.373,1,"Candidate trait, not in config/traits.yml (checked 2026-10). Plate margin per Methods (e) p.344: entire, sinuate, crenate or digitate (Figs. 2, 4-6); a hyphenated range (e.g. 'crenate-digitate') is recorded as both terms."
Eucalyptus clavigera,species,,,N9; NT6; NT24,N9; NT6; NT24,N9; NT6; NT24,,field,leaf_wax_plate_shape,"Plates, fan-shaped, crenate-digitate-edged, almost complete cover",fan_shaped,,mode,,,,,,Appendix I p.373,1,"Candidate trait, not in config/traits.yml (checked 2026-10)."
Eucalyptus grandifolia,species,,,NT14b; N14,NT14b; N14,NT14b; N14,,field,leaf_epicuticular_wax_crystal_form,"Plates, fan-shaped, crenate-digitate-edged, almost complete cover",plates,plates,mode,,,,,,Appendix I p.373,1,
Eucalyptus grandifolia,species,,,NT14b; N14,NT14b; N14,NT14b; N14,,field,leaf_epicuticular_wax_density,almost complete cover,almost_complete,high,mode,,,,,,Appendix I p.373,1,Cover classes per Methods (e) p.344: complete/almost complete -> high; open -> open; sparse/isolated -> low.
Eucalyptus grandifolia,species,,,NT14b; N14,NT14b; N14,NT14b; N14,,field,leaf_wax_plate_edge,"Plates, fan-shaped, crenate-digitate-edged, almost complete cover",crenate digitate,,mode,,,,,,Appendix I p.373,1,"Candidate trait, not in config/traits.yml (checked 2026-10). Plate margin per Methods (e) p.344: entire, sinuate, crenate or digitate (Figs. 2, 4-6); a hyphenated range (e.g. 'crenate-digitate') is recorded as both terms."
Eucalyptus grandifolia,species,,,NT14b; N14,NT14b; N14,NT14b; N14,,field,leaf_wax_plate_shape,"Plates, fan-shaped, crenate-digitate-edged, almost complete cover",fan_shaped,,mode,,,,,,Appendix I p.373,1,"Candidate trait, not in config/traits.yml (checked 2026-10)."
Eucalyptus confertiflora,species,,,Q10; WA101,Q10; WA101; FTBD,Q10; WA101,,field captive_cultivated,leaf_epicuticular_wax_crystal_form,"Plates, fan-shaped, crenate-digitate-edged, almost complete cover",plates,plates,mode,,,,,,Appendix I p.373,1,
Eucalyptus confertiflora,species,,,Q10; WA101,Q10; WA101; FTBD,Q10; WA101,,field captive_cultivated,leaf_epicuticular_wax_density,almost complete cover,almost_complete,high,mode,,,,,,Appendix I p.373,1,Cover classes per Methods (e) p.344: complete/almost complete -> high; open -> open; sparse/isolated -> low.
Eucalyptus confertiflora,species,,,Q10; WA101,Q10; WA101; FTBD,Q10; WA101,,field captive_cultivated,leaf_wax_plate_edge,"Plates, fan-shaped, crenate-digitate-edged, almost complete cover",crenate digitate,,mode,,,,,,Appendix I p.373,1,"Candidate trait, not in config/traits.yml (checked 2026-10). Plate margin per Methods (e) p.344: entire, sinuate, crenate or digitate (Figs. 2, 4-6); a hyphenated range (e.g. 'crenate-digitate') is recorded as both terms."
Eucalyptus confertiflora,species,,,Q10; WA101,Q10; WA101; FTBD,Q10; WA101,,field captive_cultivated,leaf_wax_plate_shape,"Plates, fan-shaped, crenate-digitate-edged, almost complete cover",fan_shaped,,mode,,,,,,Appendix I p.373,1,"Candidate trait, not in config/traits.yml (checked 2026-10)."
Eucalyptus aspera,species,,,Q12,Q12,Q12,,field,leaf_epicuticular_wax_crystal_form,"Plates, fan-shaped, crenate-digitate-edged, almost complete cover",plates,plates,mode,,,,,,Appendix I p.373,1,
Eucalyptus aspera,species,,,Q12,Q12,Q12,,field,leaf_epicuticular_wax_density,almost complete cover,almost_complete,high,mode,,,,,,Appendix I p.373,1,Cover classes per Methods (e) p.344: complete/almost complete -> high; open -> open; sparse/isolated -> low.
Eucalyptus aspera,species,,,Q12,Q12,Q12,,field,leaf_wax_plate_edge,"Plates, fan-shaped, crenate-digitate-edged, almost complete cover",crenate digitate,,mode,,,,,,Appendix I p.373,1,"Candidate trait, not in config/traits.yml (checked 2026-10). Plate margin per Methods (e) p.344: entire, sinuate, crenate or digitate (Figs. 2, 4-6); a hyphenated range (e.g. 'crenate-digitate') is recorded as both terms."
Eucalyptus aspera,species,,,Q12,Q12,Q12,,field,leaf_wax_plate_shape,"Plates, fan-shaped, crenate-digitate-edged, almost complete cover",fan_shaped,,mode,,,,,,Appendix I p.373,1,"Candidate trait, not in config/traits.yml (checked 2026-10)."
Eucalyptus setosa,species,,,NT10; N19,NT10; N19,NT10; N19,,field,leaf_epicuticular_wax_crystal_form,"Plates, fan-shaped, crenate-digitate-edged, almost complete cover",plates,plates,mode,,,,,,Appendix I p.373,1,
Eucalyptus setosa,species,,,NT10; N19,NT10; N19,NT10; N19,,field,leaf_epicuticular_wax_density,almost complete cover,almost_complete,high,mode,,,,,,Appendix I p.373,1,Cover classes per Methods (e) p.344: complete/almost complete -> high; open -> open; sparse/isolated -> low.
Eucalyptus setosa,species,,,NT10; N19,NT10; N19,NT10; N19,,field,leaf_wax_plate_edge,"Plates, fan-shaped, crenate-digitate-edged, almost complete cover",crenate digitate,,mode,,,,,,Appendix I p.373,1,"Candidate trait, not in config/traits.yml (checked 2026-10). Plate margin per Methods (e) p.344: entire, sinuate, crenate or digitate (Figs. 2, 4-6); a hyphenated range (e.g. 'crenate-digitate') is recorded as both terms."
Eucalyptus setosa,species,,,NT10; N19,NT10; N19,NT10; N19,,field,leaf_wax_plate_shape,"Plates, fan-shaped, crenate-digitate-edged, almost complete cover",fan_shaped,,mode,,,,,,Appendix I p.373,1,"Candidate trait, not in config/traits.yml (checked 2026-10)."
Eucalyptus ferruginea,species,,,NT23,NT23,NT23,,field,leaf_epicuticular_wax_crystal_form,"Plates, fan-shaped, crenate-digitate-edged, almost complete cover",plates,plates,mode,,,,,,Appendix I p.373,1,
Eucalyptus ferruginea,species,,,NT23,NT23,NT23,,field,leaf_epicuticular_wax_density,almost complete cover,almost_complete,high,mode,,,,,,Appendix I p.373,1,Cover classes per Methods (e) p.344: complete/almost complete -> high; open -> open; sparse/isolated -> low.
Eucalyptus ferruginea,species,,,NT23,NT23,NT23,,field,leaf_wax_plate_edge,"Plates, fan-shaped, crenate-digitate-edged, almost complete cover",crenate digitate,,mode,,,,,,Appendix I p.373,1,"Candidate trait, not in config/traits.yml (checked 2026-10). Plate margin per Methods (e) p.344: entire, sinuate, crenate or digitate (Figs. 2, 4-6); a hyphenated range (e.g. 'crenate-digitate') is recorded as both terms."
Eucalyptus ferruginea,species,,,NT23,NT23,NT23,,field,leaf_wax_plate_shape,"Plates, fan-shaped, crenate-digitate-edged, almost complete cover",fan_shaped,,mode,,,,,,Appendix I p.373,1,"Candidate trait, not in config/traits.yml (checked 2026-10)."
Eucalyptus abbreviata,species,,,WA94,WA94,WA94,,field,leaf_epicuticular_wax_crystal_form,"Plates, fan-shaped, crenate-digitate-edged, almost complete cover",plates,plates,mode,,,,,,Appendix I p.373,1,
Eucalyptus abbreviata,species,,,WA94,WA94,WA94,,field,leaf_epicuticular_wax_density,almost complete cover,almost_complete,high,mode,,,,,,Appendix I p.373,1,Cover classes per Methods (e) p.344: complete/almost complete -> high; open -> open; sparse/isolated -> low.
Eucalyptus abbreviata,species,,,WA94,WA94,WA94,,field,leaf_wax_plate_edge,"Plates, fan-shaped, crenate-digitate-edged, almost complete cover",crenate digitate,,mode,,,,,,Appendix I p.373,1,"Candidate trait, not in config/traits.yml (checked 2026-10). Plate margin per Methods (e) p.344: entire, sinuate, crenate or digitate (Figs. 2, 4-6); a hyphenated range (e.g. 'crenate-digitate') is recorded as both terms."
Eucalyptus abbreviata,species,,,WA94,WA94,WA94,,field,leaf_wax_plate_shape,"Plates, fan-shaped, crenate-digitate-edged, almost complete cover",fan_shaped,,mode,,,,,,Appendix I p.373,1,"Candidate trait, not in config/traits.yml (checked 2026-10)."
Eucalyptus zygophylla,species,,,WA96; WA98; Carr D27,WA96; WA98; Carr D27,WA96; WA98; Carr D27,,field,leaf_epicuticular_wax_crystal_form,"Plates, fan-shaped, crenate-digitate-edged, almost complete cover",plates,plates,mode,,,,,,Appendix I p.373,1,
Eucalyptus zygophylla,species,,,WA96; WA98; Carr D27,WA96; WA98; Carr D27,WA96; WA98; Carr D27,,field,leaf_epicuticular_wax_density,almost complete cover,almost_complete,high,mode,,,,,,Appendix I p.373,1,Cover classes per Methods (e) p.344: complete/almost complete -> high; open -> open; sparse/isolated -> low.
Eucalyptus zygophylla,species,,,WA96; WA98; Carr D27,WA96; WA98; Carr D27,WA96; WA98; Carr D27,,field,leaf_wax_plate_edge,"Plates, fan-shaped, crenate-digitate-edged, almost complete cover",crenate digitate,,mode,,,,,,Appendix I p.373,1,"Candidate trait, not in config/traits.yml (checked 2026-10). Plate margin per Methods (e) p.344: entire, sinuate, crenate or digitate (Figs. 2, 4-6); a hyphenated range (e.g. 'crenate-digitate') is recorded as both terms."
Eucalyptus zygophylla,species,,,WA96; WA98; Carr D27,WA96; WA98; Carr D27,WA96; WA98; Carr D27,,field,leaf_wax_plate_shape,"Plates, fan-shaped, crenate-digitate-edged, almost complete cover",fan_shaped,,mode,,,,,,Appendix I p.373,1,"Candidate trait, not in config/traits.yml (checked 2026-10)."
Eucalyptus dichromophloia,species,,,NT12; Q25; N21,NT12; Q25; N21,NT12; Q25; N21,,field,leaf_epicuticular_wax_crystal_form,"Plates, fan-shaped, crenate-digitate-edged, almost complete cover",plates,plates,mode,,,,,,Appendix I p.373,1,
Eucalyptus dichromophloia,species,,,NT12; Q25; N21,NT12; Q25; N21,NT12; Q25; N21,,field,leaf_epicuticular_wax_density,almost complete cover,almost_complete,high,mode,,,,,,Appendix I p.373,1,Cover classes per Methods (e) p.344: complete/almost complete -> high; open -> open; sparse/isolated -> low.
Eucalyptus dichromophloia,species,,,NT12; Q25; N21,NT12; Q25; N21,NT12; Q25; N21,,field,leaf_wax_plate_edge,"Plates, fan-shaped, crenate-digitate-edged, almost complete cover",crenate digitate,,mode,,,,,,Appendix I p.373,1,"Candidate trait, not in config/traits.yml (checked 2026-10). Plate margin per Methods (e) p.344: entire, sinuate, crenate or digitate (Figs. 2, 4-6); a hyphenated range (e.g. 'crenate-digitate') is recorded as both terms."
Eucalyptus dichromophloia,species,,,NT12; Q25; N21,NT12; Q25; N21,NT12; Q25; N21,,field,leaf_wax_plate_shape,"Plates, fan-shaped, crenate-digitate-edged, almost complete cover",fan_shaped,,mode,,,,,,Appendix I p.373,1,"Candidate trait, not in config/traits.yml (checked 2026-10)."
Eucalyptus terminalis,species,,,WA93,WA93,WA93,,field,leaf_epicuticular_wax_crystal_form,"Plates, fan-shaped, crenate-digitate-edged, almost complete cover",plates,plates,mode,,,,,,Appendix I p.373,1,"Conflicts with Table 2 (p.348) and prose p.349, which give E. terminalis entire-edged plates with open/sparse cover; Fig. 4 (E. terminalis) is cited as the example of entire-edged plates."
Eucalyptus terminalis,species,,,WA93,WA93,WA93,,field,leaf_epicuticular_wax_density,almost complete cover,almost_complete,high,mode,,,,,,Appendix I p.373,1,Cover classes per Methods (e) p.344: complete/almost complete -> high; open -> open; sparse/isolated -> low.
Eucalyptus terminalis,species,,,WA93,WA93,WA93,,field,leaf_wax_plate_edge,"Plates, fan-shaped, crenate-digitate-edged, almost complete cover",crenate digitate,,mode,,,,,,Appendix I p.373,1,"Candidate trait, not in config/traits.yml (checked 2026-10). Plate margin per Methods (e) p.344: entire, sinuate, crenate or digitate (Figs. 2, 4-6); a hyphenated range (e.g. 'crenate-digitate') is recorded as both terms."
Eucalyptus terminalis,species,,,WA93,WA93,WA93,,field,leaf_wax_plate_shape,"Plates, fan-shaped, crenate-digitate-edged, almost complete cover",fan_shaped,,mode,,,,,,Appendix I p.373,1,"Candidate trait, not in config/traits.yml (checked 2026-10)."
Eucalyptus foelscheana,species,,,Q11; NT8,Q11; NT8,Q11; NT8,,field,leaf_epicuticular_wax_crystal_form,"Plates, fan-shaped, crenate-digitate-edged, almost complete cover",plates,plates,mode,,,,,,Appendix I p.373,1,
Eucalyptus foelscheana,species,,,Q11; NT8,Q11; NT8,Q11; NT8,,field,leaf_epicuticular_wax_density,almost complete cover,almost_complete,high,mode,,,,,,Appendix I p.373,1,Cover classes per Methods (e) p.344: complete/almost complete -> high; open -> open; sparse/isolated -> low.
Eucalyptus foelscheana,species,,,Q11; NT8,Q11; NT8,Q11; NT8,,field,leaf_wax_plate_edge,"Plates, fan-shaped, crenate-digitate-edged, almost complete cover",crenate digitate,,mode,,,,,,Appendix I p.373,1,"Candidate trait, not in config/traits.yml (checked 2026-10). Plate margin per Methods (e) p.344: entire, sinuate, crenate or digitate (Figs. 2, 4-6); a hyphenated range (e.g. 'crenate-digitate') is recorded as both terms."
Eucalyptus foelscheana,species,,,Q11; NT8,Q11; NT8,Q11; NT8,,field,leaf_wax_plate_shape,"Plates, fan-shaped, crenate-digitate-edged, almost complete cover",fan_shaped,,mode,,,,,,Appendix I p.373,1,"Candidate trait, not in config/traits.yml (checked 2026-10)."
Eucalyptus abergiana,species,,,605Q,605Q,605Q,,field,leaf_epicuticular_wax_crystal_form,"Plates, fan-shaped, sinuate-edged, complete cover",plates,plates,mode,,,,,,Appendix I p.373,1,
Eucalyptus abergiana,species,,,605Q,605Q,605Q,,field,leaf_epicuticular_wax_density,complete cover,complete,high,mode,,,,,,Appendix I p.373,1,Cover classes per Methods (e) p.344: complete/almost complete -> high; open -> open; sparse/isolated -> low.
Eucalyptus abergiana,species,,,605Q,605Q,605Q,,field,leaf_wax_plate_edge,"Plates, fan-shaped, sinuate-edged, complete cover",sinuate,,mode,,,,,,Appendix I p.373,1,"Candidate trait, not in config/traits.yml (checked 2026-10). Plate margin per Methods (e) p.344: entire, sinuate, crenate or digitate (Figs. 2, 4-6); a hyphenated range (e.g. 'crenate-digitate') is recorded as both terms."
Eucalyptus abergiana,species,,,605Q,605Q,605Q,,field,leaf_wax_plate_shape,"Plates, fan-shaped, sinuate-edged, complete cover",fan_shaped,,mode,,,,,,Appendix I p.373,1,"Candidate trait, not in config/traits.yml (checked 2026-10)."
Eucalyptus porrecta,species,,,N1,N1,N1,,field,leaf_epicuticular_wax_crystal_form,"Plates, rhomboidal, entire-edged, almost complete cover",plates,plates,mode,,,,,,Appendix I p.373,1,
Eucalyptus porrecta,species,,,N1,N1,N1,,field,leaf_epicuticular_wax_density,almost complete cover,almost_complete,high,mode,,,,,,Appendix I p.373,1,Cover classes per Methods (e) p.344: complete/almost complete -> high; open -> open; sparse/isolated -> low.
Eucalyptus porrecta,species,,,N1,N1,N1,,field,leaf_wax_plate_edge,"Plates, rhomboidal, entire-edged, almost complete cover",entire,,mode,,,,,,Appendix I p.373,1,"Candidate trait, not in config/traits.yml (checked 2026-10). Plate margin per Methods (e) p.344: entire, sinuate, crenate or digitate (Figs. 2, 4-6); a hyphenated range (e.g. 'crenate-digitate') is recorded as both terms."
Eucalyptus porrecta,species,,,N1,N1,N1,,field,leaf_wax_plate_shape,"Plates, rhomboidal, entire-edged, almost complete cover",rhomboidal,,mode,,,,,,Appendix I p.373,1,"Candidate trait, not in config/traits.yml (checked 2026-10)."
Eucalyptus latifolia,species,,,N24,N24,N24,,field,leaf_epicuticular_wax_crystal_form,"Plates and tubes, plates fan-shaped, digitate; tubes branching at acute angles, open cover",plates tubes,plates tubes,mode,,,,,,Appendix I p.373,1,
Eucalyptus latifolia,species,,,N24,N24,N24,,field,leaf_epicuticular_wax_density,open cover,open,open,mode,,,,,,Appendix I p.373,1,Cover classes per Methods (e) p.344: complete/almost complete -> high; open -> open; sparse/isolated -> low.
Eucalyptus latifolia,species,,,N24,N24,N24,,field,leaf_wax_plate_edge,"plates fan-shaped, digitate",digitate,,mode,,,,,,Appendix I p.373,1,"Candidate trait, not in config/traits.yml (checked 2026-10). Plate margin per Methods (e) p.344: entire, sinuate, crenate or digitate (Figs. 2, 4-6); a hyphenated range (e.g. 'crenate-digitate') is recorded as both terms."
Eucalyptus latifolia,species,,,N24,N24,N24,,field,leaf_wax_plate_shape,"plates fan-shaped, digitate",fan_shaped,,mode,,,,,,Appendix I p.373,1,"Candidate trait, not in config/traits.yml (checked 2026-10)."
Eucalyptus latifolia,species,,,N24,N24,N24,,field,leaf_wax_tube_branching,"tubes branching at acute angles, open cover",acute_angle,,mode,,,,,,Appendix I p.373,1,"Candidate trait, not in config/traits.yml (checked 2026-10)."
Eucalyptus ptychocarpa,species,,,NT14; N28,NT14; N28,NT14; N28,,field,leaf_epicuticular_wax_crystal_form,"Plates, fan-shaped, crenate-digitate-edged, almost complete cover",plates,plates,mode,,,,,,Appendix I p.373,1,
Eucalyptus ptychocarpa,species,,,NT14; N28,NT14; N28,NT14; N28,,field,leaf_epicuticular_wax_density,almost complete cover,almost_complete,high,mode,,,,,,Appendix I p.373,1,Cover classes per Methods (e) p.344: complete/almost complete -> high; open -> open; sparse/isolated -> low.
Eucalyptus ptychocarpa,species,,,NT14; N28,NT14; N28,NT14; N28,,field,leaf_wax_plate_edge,"Plates, fan-shaped, crenate-digitate-edged, almost complete cover",crenate digitate,,mode,,,,,,Appendix I p.373,1,"Candidate trait, not in config/traits.yml (checked 2026-10). Plate margin per Methods (e) p.344: entire, sinuate, crenate or digitate (Figs. 2, 4-6); a hyphenated range (e.g. 'crenate-digitate') is recorded as both terms."
Eucalyptus ptychocarpa,species,,,NT14; N28,NT14; N28,NT14; N28,,field,leaf_wax_plate_shape,"Plates, fan-shaped, crenate-digitate-edged, almost complete cover",fan_shaped,,mode,,,,,,Appendix I p.373,1,"Candidate trait, not in config/traits.yml (checked 2026-10)."
Eucalyptus calophylla,species,,,436Wt,436Wt,436Wt,,captive_cultivated,leaf_epicuticular_wax_crystal_form,"Plates, irregularly fan-shaped, crenate, almost complete cover",plates,plates,mode,,,,,,Appendix I p.373,1,
Eucalyptus calophylla,species,,,436Wt,436Wt,436Wt,,captive_cultivated,leaf_epicuticular_wax_density,almost complete cover,almost_complete,high,mode,,,,,,Appendix I p.373,1,Cover classes per Methods (e) p.344: complete/almost complete -> high; open -> open; sparse/isolated -> low.
Eucalyptus calophylla,species,,,436Wt,436Wt,436Wt,,captive_cultivated,leaf_wax_plate_edge,"Plates, irregularly fan-shaped, crenate, almost complete cover",crenate,,mode,,,,,,Appendix I p.373,1,"Candidate trait, not in config/traits.yml (checked 2026-10). Plate margin per Methods (e) p.344: entire, sinuate, crenate or digitate (Figs. 2, 4-6); a hyphenated range (e.g. 'crenate-digitate') is recorded as both terms."
Eucalyptus calophylla,species,,,436Wt,436Wt,436Wt,,captive_cultivated,leaf_wax_plate_shape,"Plates, irregularly fan-shaped, crenate, almost complete cover",fan_shaped irregular,,mode,,,,,,Appendix I p.373,1,"Candidate trait, not in config/traits.yml (checked 2026-10)."
Eucalyptus ficifolia,species,,,435Wt,435Wt,435Wt,,captive_cultivated,leaf_epicuticular_wax_crystal_form,"Plates, irregularly fan-shaped, crenate, almost complete cover",plates,plates,mode,,,,,,Appendix I p.373,1,
Eucalyptus ficifolia,species,,,435Wt,435Wt,435Wt,,captive_cultivated,leaf_epicuticular_wax_density,almost complete cover,almost_complete,high,mode,,,,,,Appendix I p.373,1,Cover classes per Methods (e) p.344: complete/almost complete -> high; open -> open; sparse/isolated -> low.
Eucalyptus ficifolia,species,,,435Wt,435Wt,435Wt,,captive_cultivated,leaf_wax_plate_edge,"Plates, irregularly fan-shaped, crenate, almost complete cover",crenate,,mode,,,,,,Appendix I p.373,1,"Candidate trait, not in config/traits.yml (checked 2026-10). Plate margin per Methods (e) p.344: entire, sinuate, crenate or digitate (Figs. 2, 4-6); a hyphenated range (e.g. 'crenate-digitate') is recorded as both terms."
Eucalyptus ficifolia,species,,,435Wt,435Wt,435Wt,,captive_cultivated,leaf_wax_plate_shape,"Plates, irregularly fan-shaped, crenate, almost complete cover",fan_shaped irregular,,mode,,,,,,Appendix I p.373,1,"Candidate trait, not in config/traits.yml (checked 2026-10)."
Eucalyptus trachyphloia,species,,,,WtSn,,,captive_cultivated,leaf_epicuticular_wax_crystal_form,"Plates, irregularly fan-shaped, crenate, almost complete cover",plates,plates,mode,,,,,,Appendix I p.373,1,
Eucalyptus trachyphloia,species,,,,WtSn,,,captive_cultivated,leaf_epicuticular_wax_density,almost complete cover,almost_complete,high,mode,,,,,,Appendix I p.373,1,Cover classes per Methods (e) p.344: complete/almost complete -> high; open -> open; sparse/isolated -> low.
Eucalyptus trachyphloia,species,,,,WtSn,,,captive_cultivated,leaf_wax_plate_edge,"Plates, irregularly fan-shaped, crenate, almost complete cover",crenate,,mode,,,,,,Appendix I p.373,1,"Candidate trait, not in config/traits.yml (checked 2026-10). Plate margin per Methods (e) p.344: entire, sinuate, crenate or digitate (Figs. 2, 4-6); a hyphenated range (e.g. 'crenate-digitate') is recorded as both terms."
Eucalyptus trachyphloia,species,,,,WtSn,,,captive_cultivated,leaf_wax_plate_shape,"Plates, irregularly fan-shaped, crenate, almost complete cover",fan_shaped irregular,,mode,,,,,,Appendix I p.373,1,"Candidate trait, not in config/traits.yml (checked 2026-10)."
Eucalyptus polycarpa,species,,,NT13; N30,NT13; N30,NT13; N30,,field,leaf_epicuticular_wax_crystal_form,"Plates, rhomboidal to circular, entire-edged, open cover",plates,plates,mode,,,,,,Appendix I p.373,1,"Conflicts with Table 2 (p.348), which gives E. polycarpa crenate-digitate plates."
Eucalyptus polycarpa,species,,,NT13; N30,NT13; N30,NT13; N30,,field,leaf_epicuticular_wax_density,open cover,open,open,mode,,,,,,Appendix I p.373,1,Cover classes per Methods (e) p.344: complete/almost complete -> high; open -> open; sparse/isolated -> low.
Eucalyptus polycarpa,species,,,NT13; N30,NT13; N30,NT13; N30,,field,leaf_wax_plate_edge,"Plates, rhomboidal to circular, entire-edged, open cover",entire,,mode,,,,,,Appendix I p.373,1,"Candidate trait, not in config/traits.yml (checked 2026-10). Plate margin per Methods (e) p.344: entire, sinuate, crenate or digitate (Figs. 2, 4-6); a hyphenated range (e.g. 'crenate-digitate') is recorded as both terms."
Eucalyptus polycarpa,species,,,NT13; N30,NT13; N30,NT13; N30,,field,leaf_wax_plate_shape,"Plates, rhomboidal to circular, entire-edged, open cover",rhomboidal circular,,mode,,,,,,Appendix I p.373,1,"Candidate trait, not in config/traits.yml (checked 2026-10)."
Eucalyptus cliftoniana,species,,,WA102,WA102,WA102,,field,leaf_epicuticular_wax_crystal_form,"Plates, fan-shaped, crenate-edged, almost complete cover",plates,plates,mode,,,,,,Appendix I p.374,1,
Eucalyptus cliftoniana,species,,,WA102,WA102,WA102,,field,leaf_epicuticular_wax_density,almost complete cover,almost_complete,high,mode,,,,,,Appendix I p.374,1,Cover classes per Methods (e) p.344: complete/almost complete -> high; open -> open; sparse/isolated -> low.
Eucalyptus cliftoniana,species,,,WA102,WA102,WA102,,field,leaf_wax_plate_edge,"Plates, fan-shaped, crenate-edged, almost complete cover",crenate,,mode,,,,,,Appendix I p.374,1,"Candidate trait, not in config/traits.yml (checked 2026-10). Plate margin per Methods (e) p.344: entire, sinuate, crenate or digitate (Figs. 2, 4-6); a hyphenated range (e.g. 'crenate-digitate') is recorded as both terms."
Eucalyptus cliftoniana,species,,,WA102,WA102,WA102,,field,leaf_wax_plate_shape,"Plates, fan-shaped, crenate-edged, almost complete cover",fan_shaped,,mode,,,,,,Appendix I p.374,1,"Candidate trait, not in config/traits.yml (checked 2026-10)."
Eucalyptus haematoxylon,species,,,430S,430S,430S,,captive_cultivated,leaf_epicuticular_wax_crystal_form,"Plates, irregularly shaped, sinuate-crenate-edged, placed edgewise, almost complete cover",plates,plates,mode,,,,,,Appendix I p.374,1,
Eucalyptus haematoxylon,species,,,430S,430S,430S,,captive_cultivated,leaf_epicuticular_wax_density,almost complete cover,almost_complete,high,mode,,,,,,Appendix I p.374,1,Cover classes per Methods (e) p.344: complete/almost complete -> high; open -> open; sparse/isolated -> low.
Eucalyptus haematoxylon,species,,,430S,430S,430S,,captive_cultivated,leaf_wax_plate_edge,"Plates, irregularly shaped, sinuate-crenate-edged, placed edgewise, almost complete cover",sinuate crenate,,mode,,,,,,Appendix I p.374,1,"Candidate trait, not in config/traits.yml (checked 2026-10). Plate margin per Methods (e) p.344: entire, sinuate, crenate or digitate (Figs. 2, 4-6); a hyphenated range (e.g. 'crenate-digitate') is recorded as both terms."
Eucalyptus haematoxylon,species,,,430S,430S,430S,,captive_cultivated,leaf_wax_plate_shape,"Plates, irregularly shaped, sinuate-crenate-edged, placed edgewise, almost complete cover",irregular,,mode,,,,,,Appendix I p.374,1,"Candidate trait, not in config/traits.yml (checked 2026-10)."
Eucalyptus haematoxylon,species,,,430S,430S,430S,,captive_cultivated,leaf_wax_plate_orientation,placed edgewise,edgewise,,mode,,,,,,Appendix I p.374,1,"Candidate trait, not in config/traits.yml (checked 2026-10). Plates presented on edge (perpendicular) to the leaf surface rather than lying flat; qualifier ('some', 'many', 'often') kept in trait_value_raw."
Eucalyptus gummifera,species,,,Q19; Q23,Q19; Q23.VC,Q19; Q23,,field captive_cultivated,leaf_epicuticular_wax_crystal_form,"Plates, rhomboid to circular-shaped, entire-edged, open cover",plates,plates,mode,,,,,,Appendix I p.374,1,
Eucalyptus gummifera,species,,,Q19; Q23,Q19; Q23.VC,Q19; Q23,,field captive_cultivated,leaf_epicuticular_wax_density,open cover,open,open,mode,,,,,,Appendix I p.374,1,Cover classes per Methods (e) p.344: complete/almost complete -> high; open -> open; sparse/isolated -> low.
Eucalyptus gummifera,species,,,Q19; Q23,Q19; Q23.VC,Q19; Q23,,field captive_cultivated,leaf_wax_plate_edge,"Plates, rhomboid to circular-shaped, entire-edged, open cover",entire,,mode,,,,,,Appendix I p.374,1,"Candidate trait, not in config/traits.yml (checked 2026-10). Plate margin per Methods (e) p.344: entire, sinuate, crenate or digitate (Figs. 2, 4-6); a hyphenated range (e.g. 'crenate-digitate') is recorded as both terms."
Eucalyptus gummifera,species,,,Q19; Q23,Q19; Q23.VC,Q19; Q23,,field captive_cultivated,leaf_wax_plate_shape,"Plates, rhomboid to circular-shaped, entire-edged, open cover",rhomboidal circular,,mode,,,,,,Appendix I p.374,1,"Candidate trait, not in config/traits.yml (checked 2026-10)."
Eucalyptus intermedia,species,,,DA1; NSW4; Q18,"DA1, NSW4; Q18",DA1; NSW4; Q18,,field,leaf_epicuticular_wax_crystal_form,"Plates, irregularly shaped, entire-edged, open cover",plates,plates,mode,,,,,,Appendix I p.374,1,
Eucalyptus intermedia,species,,,DA1; NSW4; Q18,"DA1, NSW4; Q18",DA1; NSW4; Q18,,field,leaf_epicuticular_wax_density,open cover,open,open,mode,,,,,,Appendix I p.374,1,Cover classes per Methods (e) p.344: complete/almost complete -> high; open -> open; sparse/isolated -> low.
Eucalyptus intermedia,species,,,DA1; NSW4; Q18,"DA1, NSW4; Q18",DA1; NSW4; Q18,,field,leaf_wax_plate_edge,"Plates, irregularly shaped, entire-edged, open cover",entire,,mode,,,,,,Appendix I p.374,1,"Candidate trait, not in config/traits.yml (checked 2026-10). Plate margin per Methods (e) p.344: entire, sinuate, crenate or digitate (Figs. 2, 4-6); a hyphenated range (e.g. 'crenate-digitate') is recorded as both terms."
Eucalyptus intermedia,species,,,DA1; NSW4; Q18,"DA1, NSW4; Q18",DA1; NSW4; Q18,,field,leaf_wax_plate_shape,"Plates, irregularly shaped, entire-edged, open cover",irregular,,mode,,,,,,Appendix I p.374,1,"Candidate trait, not in config/traits.yml (checked 2026-10)."
Eucalyptus nesophila,species,,,NT19,NT19,NT19,,field,leaf_epicuticular_wax_crystal_form,"Plates, rhomboid to circular-shaped, entire-edged, open cover",plates,plates,mode,,,,,,Appendix I p.374,1,
Eucalyptus nesophila,species,,,NT19,NT19,NT19,,field,leaf_epicuticular_wax_density,open cover,open,open,mode,,,,,,Appendix I p.374,1,Cover classes per Methods (e) p.344: complete/almost complete -> high; open -> open; sparse/isolated -> low.
Eucalyptus nesophila,species,,,NT19,NT19,NT19,,field,leaf_wax_plate_edge,"Plates, rhomboid to circular-shaped, entire-edged, open cover",entire,,mode,,,,,,Appendix I p.374,1,"Candidate trait, not in config/traits.yml (checked 2026-10). Plate margin per Methods (e) p.344: entire, sinuate, crenate or digitate (Figs. 2, 4-6); a hyphenated range (e.g. 'crenate-digitate') is recorded as both terms."
Eucalyptus nesophila,species,,,NT19,NT19,NT19,,field,leaf_wax_plate_shape,"Plates, rhomboid to circular-shaped, entire-edged, open cover",rhomboidal circular,,mode,,,,,,Appendix I p.374,1,"Candidate trait, not in config/traits.yml (checked 2026-10)."
Eucalyptus bleeseri,species,,,N31; N6,N31; N6,N31; N6,,field,leaf_epicuticular_wax_crystal_form,"Plates, exceptionally small, entire-edged, isolated",plates,plates,mode,,,,,,Appendix I p.374,1,
Eucalyptus bleeseri,species,,,N31; N6,N31; N6,N31; N6,,field,leaf_epicuticular_wax_density,isolated,isolated,low,mode,,,,,,Appendix I p.374,1,Cover classes per Methods (e) p.344: complete/almost complete -> high; open -> open; sparse/isolated -> low.
Eucalyptus bleeseri,species,,,N31; N6,N31; N6,N31; N6,,field,leaf_wax_plate_edge,"Plates, exceptionally small, entire-edged, isolated",entire,,mode,,,,,,Appendix I p.374,1,"Candidate trait, not in config/traits.yml (checked 2026-10). Plate margin per Methods (e) p.344: entire, sinuate, crenate or digitate (Figs. 2, 4-6); a hyphenated range (e.g. 'crenate-digitate') is recorded as both terms."
Eucalyptus bleeseri,species,,,N31; N6,N31; N6,N31; N6,,field,leaf_wax_plate_size,"Plates, exceptionally small, entire-edged, isolated",very_small,,mode,,,,,,Appendix I p.374,1,"Candidate trait, not in config/traits.yml (checked 2026-10). Qualitative, relative to other eucalypt plate waxes; no dimensions given."
Eucalyptus sp. (WA88),species,,,WA88,WA88,WA88,,field,leaf_epicuticular_wax_crystal_form,"Plates, entire-edged, many placed edgewise, complete cover",plates,plates,mode,,,,,,Appendix I p.374,1,Unidentified bloodwood listed as 'Eucalyptus sp.' under series Corymbosae.
Eucalyptus sp. (WA88),species,,,WA88,WA88,WA88,,field,leaf_epicuticular_wax_density,complete cover,complete,high,mode,,,,,,Appendix I p.374,1,Cover classes per Methods (e) p.344: complete/almost complete -> high; open -> open; sparse/isolated -> low.
Eucalyptus sp. (WA88),species,,,WA88,WA88,WA88,,field,leaf_wax_plate_edge,"Plates, entire-edged, many placed edgewise, complete cover",entire,,mode,,,,,,Appendix I p.374,1,"Candidate trait, not in config/traits.yml (checked 2026-10). Plate margin per Methods (e) p.344: entire, sinuate, crenate or digitate (Figs. 2, 4-6); a hyphenated range (e.g. 'crenate-digitate') is recorded as both terms."
Eucalyptus sp. (WA88),species,,,WA88,WA88,WA88,,field,leaf_wax_plate_orientation,many placed edgewise,edgewise,,mode,,,,,,Appendix I p.374,1,"Candidate trait, not in config/traits.yml (checked 2026-10). Plates presented on edge (perpendicular) to the leaf surface rather than lying flat; qualifier ('some', 'many', 'often') kept in trait_value_raw."
Eucalyptus jacobsiana,species,,,N32,N32,N32,,field,leaf_epicuticular_wax_crystal_form,"Plates, entire-sinuate-edged, overlapping, almost complete cover",plates,plates,mode,,,,,,Appendix I p.374,1,
Eucalyptus jacobsiana,species,,,N32,N32,N32,,field,leaf_epicuticular_wax_density,almost complete cover,almost_complete,high,mode,,,,,,Appendix I p.374,1,Cover classes per Methods (e) p.344: complete/almost complete -> high; open -> open; sparse/isolated -> low.
Eucalyptus jacobsiana,species,,,N32,N32,N32,,field,leaf_wax_plate_edge,"Plates, entire-sinuate-edged, overlapping, almost complete cover",entire sinuate,,mode,,,,,,Appendix I p.374,1,"Candidate trait, not in config/traits.yml (checked 2026-10). Plate margin per Methods (e) p.344: entire, sinuate, crenate or digitate (Figs. 2, 4-6); a hyphenated range (e.g. 'crenate-digitate') is recorded as both terms."
Eucalyptus jacobsiana,species,,,N32,N32,N32,,field,leaf_wax_crystal_arrangement,"Plates, entire-sinuate-edged, overlapping, almost complete cover",overlapping,,mode,,,,,,Appendix I p.374,1,"Candidate trait, not in config/traits.yml (checked 2026-10). Spatial arrangement of wax crystals on the leaf surface."
Eucalyptus eximia,species,,,272Cb,272Cb,272Cb,,captive_cultivated,leaf_epicuticular_wax_crystal_form,"Plates, crenate-edged, placed edgewise, almost complete cover",plates,plates,mode,,,,,,Appendix I p.374,1,Printed 'E. eximea' in Appendix I and Table 2; 'E. eximia' in text p.349.
Eucalyptus eximia,species,,,272Cb,272Cb,272Cb,,captive_cultivated,leaf_epicuticular_wax_density,almost complete cover,almost_complete,high,mode,,,,,,Appendix I p.374,1,Cover classes per Methods (e) p.344: complete/almost complete -> high; open -> open; sparse/isolated -> low.
Eucalyptus eximia,species,,,272Cb,272Cb,272Cb,,captive_cultivated,leaf_wax_plate_edge,"Plates, crenate-edged, placed edgewise, almost complete cover",crenate,,mode,,,,,,Appendix I p.374,1,"Candidate trait, not in config/traits.yml (checked 2026-10). Plate margin per Methods (e) p.344: entire, sinuate, crenate or digitate (Figs. 2, 4-6); a hyphenated range (e.g. 'crenate-digitate') is recorded as both terms."
Eucalyptus eximia,species,,,272Cb,272Cb,272Cb,,captive_cultivated,leaf_wax_plate_orientation,placed edgewise,edgewise,,mode,,,,,,Appendix I p.374,1,"Candidate trait, not in config/traits.yml (checked 2026-10). Plates presented on edge (perpendicular) to the leaf surface rather than lying flat; qualifier ('some', 'many', 'often') kept in trait_value_raw."
Eucalyptus watsoniana,species,,,394Wt; Carr 123,394Wt; Carr 123,394Wt; Carr 123,,field captive_cultivated,leaf_epicuticular_wax_crystal_form,"Plates, irregularly shaped, digitate-edged, some placed edgewise, complete cover",plates,plates,mode,,,,,,Appendix I p.374,1,
Eucalyptus watsoniana,species,,,394Wt; Carr 123,394Wt; Carr 123,394Wt; Carr 123,,field captive_cultivated,leaf_epicuticular_wax_density,complete cover,complete,high,mode,,,,,,Appendix I p.374,1,Cover classes per Methods (e) p.344: complete/almost complete -> high; open -> open; sparse/isolated -> low.
Eucalyptus watsoniana,species,,,394Wt; Carr 123,394Wt; Carr 123,394Wt; Carr 123,,field captive_cultivated,leaf_wax_plate_edge,"Plates, irregularly shaped, digitate-edged, some placed edgewise, complete cover",digitate,,mode,,,,,,Appendix I p.374,1,"Candidate trait, not in config/traits.yml (checked 2026-10). Plate margin per Methods (e) p.344: entire, sinuate, crenate or digitate (Figs. 2, 4-6); a hyphenated range (e.g. 'crenate-digitate') is recorded as both terms."
Eucalyptus watsoniana,species,,,394Wt; Carr 123,394Wt; Carr 123,394Wt; Carr 123,,field captive_cultivated,leaf_wax_plate_shape,"Plates, irregularly shaped, digitate-edged, some placed edgewise, complete cover",irregular,,mode,,,,,,Appendix I p.374,1,"Candidate trait, not in config/traits.yml (checked 2026-10)."
Eucalyptus watsoniana,species,,,394Wt; Carr 123,394Wt; Carr 123,394Wt; Carr 123,,field captive_cultivated,leaf_wax_plate_orientation,some placed edgewise,edgewise,,mode,,,,,,Appendix I p.374,1,"Candidate trait, not in config/traits.yml (checked 2026-10). Plates presented on edge (perpendicular) to the leaf surface rather than lying flat; qualifier ('some', 'many', 'often') kept in trait_value_raw."
Eucalyptus citriodora,species,,,Q33; 609Q,Q33; 609Q,Q33; 609Q,,field,leaf_epicuticular_wax_crystal_form,"Plates, fan-shaped, crenate-edged, open to sparse cover",plates,plates,mode,,,,,,Appendix I p.374,1,
Eucalyptus citriodora,species,,,Q33; 609Q,Q33; 609Q,Q33; 609Q,,field,leaf_epicuticular_wax_density,open to sparse cover,open_to_sparse,open low,mode,,,,,,Appendix I p.374,1,Cover classes per Methods (e) p.344: complete/almost complete -> high; open -> open; sparse/isolated -> low.
Eucalyptus citriodora,species,,,Q33; 609Q,Q33; 609Q,Q33; 609Q,,field,leaf_wax_plate_edge,"Plates, fan-shaped, crenate-edged, open to sparse cover",crenate,,mode,,,,,,Appendix I p.374,1,"Candidate trait, not in config/traits.yml (checked 2026-10). Plate margin per Methods (e) p.344: entire, sinuate, crenate or digitate (Figs. 2, 4-6); a hyphenated range (e.g. 'crenate-digitate') is recorded as both terms."
Eucalyptus citriodora,species,,,Q33; 609Q,Q33; 609Q,Q33; 609Q,,field,leaf_wax_plate_shape,"Plates, fan-shaped, crenate-edged, open to sparse cover",fan_shaped,,mode,,,,,,Appendix I p.374,1,"Candidate trait, not in config/traits.yml (checked 2026-10)."
Eucalyptus maculata,species,,,208Ch,208Ch,208Ch,,captive_cultivated,leaf_epicuticular_wax_crystal_form,"Plates, irregularly shaped, sinuate-edged, open to sparse cover",plates,plates,mode,,,,,,Appendix I p.374,1,
Eucalyptus maculata,species,,,208Ch,208Ch,208Ch,,captive_cultivated,leaf_epicuticular_wax_density,open to sparse cover,open_to_sparse,open low,mode,,,,,,Appendix I p.374,1,Cover classes per Methods (e) p.344: complete/almost complete -> high; open -> open; sparse/isolated -> low.
Eucalyptus maculata,species,,,208Ch,208Ch,208Ch,,captive_cultivated,leaf_wax_plate_edge,"Plates, irregularly shaped, sinuate-edged, open to sparse cover",sinuate,,mode,,,,,,Appendix I p.374,1,"Candidate trait, not in config/traits.yml (checked 2026-10). Plate margin per Methods (e) p.344: entire, sinuate, crenate or digitate (Figs. 2, 4-6); a hyphenated range (e.g. 'crenate-digitate') is recorded as both terms."
Eucalyptus maculata,species,,,208Ch,208Ch,208Ch,,captive_cultivated,leaf_wax_plate_shape,"Plates, irregularly shaped, sinuate-edged, open to sparse cover",irregular,,mode,,,,,,Appendix I p.374,1,"Candidate trait, not in config/traits.yml (checked 2026-10)."
Eucalyptus jacksonii,species,,,389Wt,389Wt,389Wt,,captive_cultivated,leaf_epicuticular_wax_crystal_form,"Plates, irregularly shaped, entire-sinuate-edged, almost complete cover",plates,plates,mode,,,,,,Appendix I p.374,1,
Eucalyptus jacksonii,species,,,389Wt,389Wt,389Wt,,captive_cultivated,leaf_epicuticular_wax_density,almost complete cover,almost_complete,high,mode,,,,,,Appendix I p.374,1,Cover classes per Methods (e) p.344: complete/almost complete -> high; open -> open; sparse/isolated -> low.
Eucalyptus jacksonii,species,,,389Wt,389Wt,389Wt,,captive_cultivated,leaf_wax_plate_edge,"Plates, irregularly shaped, entire-sinuate-edged, almost complete cover",entire sinuate,,mode,,,,,,Appendix I p.374,1,"Candidate trait, not in config/traits.yml (checked 2026-10). Plate margin per Methods (e) p.344: entire, sinuate, crenate or digitate (Figs. 2, 4-6); a hyphenated range (e.g. 'crenate-digitate') is recorded as both terms."
Eucalyptus jacksonii,species,,,389Wt,389Wt,389Wt,,captive_cultivated,leaf_wax_plate_shape,"Plates, irregularly shaped, entire-sinuate-edged, almost complete cover",irregular,,mode,,,,,,Appendix I p.374,1,"Candidate trait, not in config/traits.yml (checked 2026-10)."
Eucalyptus diversicolor,species,,,220Cb; WA65,220Cb; WA65,220Cb; WA65,,field captive_cultivated,leaf_epicuticular_wax_crystal_form,"Plates, irregularly shaped, entire-sinuate-edged, almost complete cover",plates,plates,mode,,,,,,Appendix I p.374,1,
Eucalyptus diversicolor,species,,,220Cb; WA65,220Cb; WA65,220Cb; WA65,,field captive_cultivated,leaf_epicuticular_wax_density,almost complete cover,almost_complete,high,mode,,,,,,Appendix I p.374,1,Cover classes per Methods (e) p.344: complete/almost complete -> high; open -> open; sparse/isolated -> low.
Eucalyptus diversicolor,species,,,220Cb; WA65,220Cb; WA65,220Cb; WA65,,field captive_cultivated,leaf_wax_plate_edge,"Plates, irregularly shaped, entire-sinuate-edged, almost complete cover",entire sinuate,,mode,,,,,,Appendix I p.374,1,"Candidate trait, not in config/traits.yml (checked 2026-10). Plate margin per Methods (e) p.344: entire, sinuate, crenate or digitate (Figs. 2, 4-6); a hyphenated range (e.g. 'crenate-digitate') is recorded as both terms."
Eucalyptus diversicolor,species,,,220Cb; WA65,220Cb; WA65,220Cb; WA65,,field captive_cultivated,leaf_wax_plate_shape,"Plates, irregularly shaped, entire-sinuate-edged, almost complete cover",irregular,,mode,,,,,,Appendix I p.374,1,"Candidate trait, not in config/traits.yml (checked 2026-10)."
Eucalyptus deanei,species,,,,WtSn,,,captive_cultivated,leaf_epicuticular_wax_crystal_form,"Plates, irregularly shaped, often on edge, entire-sinuate-edged, almost complete cover",plates,plates,mode,,,,,,Appendix I p.374,1,
Eucalyptus deanei,species,,,,WtSn,,,captive_cultivated,leaf_epicuticular_wax_density,almost complete cover,almost_complete,high,mode,,,,,,Appendix I p.374,1,Cover classes per Methods (e) p.344: complete/almost complete -> high; open -> open; sparse/isolated -> low.
Eucalyptus deanei,species,,,,WtSn,,,captive_cultivated,leaf_wax_plate_edge,"Plates, irregularly shaped, often on edge, entire-sinuate-edged, almost complete cover",entire sinuate,,mode,,,,,,Appendix I p.374,1,"Candidate trait, not in config/traits.yml (checked 2026-10). Plate margin per Methods (e) p.344: entire, sinuate, crenate or digitate (Figs. 2, 4-6); a hyphenated range (e.g. 'crenate-digitate') is recorded as both terms."
Eucalyptus deanei,species,,,,WtSn,,,captive_cultivated,leaf_wax_plate_shape,"Plates, irregularly shaped, often on edge, entire-sinuate-edged, almost complete cover",irregular,,mode,,,,,,Appendix I p.374,1,"Candidate trait, not in config/traits.yml (checked 2026-10)."
Eucalyptus deanei,species,,,,WtSn,,,captive_cultivated,leaf_wax_plate_orientation,often on edge,edgewise,,mode,,,,,,Appendix I p.374,1,"Candidate trait, not in config/traits.yml (checked 2026-10). Plates presented on edge (perpendicular) to the leaf surface rather than lying flat; qualifier ('some', 'many', 'often') kept in trait_value_raw."
Eucalyptus grandis,species,,,606Q,606Q,606Q,,field,leaf_epicuticular_wax_crystal_form,"Plates, irregular, often on edge, entire-edged, sparse cover",plates,plates,mode,,,,,,Appendix I p.374,1,
Eucalyptus grandis,species,,,606Q,606Q,606Q,,field,leaf_epicuticular_wax_density,sparse cover,sparse,low,mode,,,,,,Appendix I p.374,1,Cover classes per Methods (e) p.344: complete/almost complete -> high; open -> open; sparse/isolated -> low.
Eucalyptus grandis,species,,,606Q,606Q,606Q,,field,leaf_wax_plate_edge,"Plates, irregular, often on edge, entire-edged, sparse cover",entire,,mode,,,,,,Appendix I p.374,1,"Candidate trait, not in config/traits.yml (checked 2026-10). Plate margin per Methods (e) p.344: entire, sinuate, crenate or digitate (Figs. 2, 4-6); a hyphenated range (e.g. 'crenate-digitate') is recorded as both terms."
Eucalyptus grandis,species,,,606Q,606Q,606Q,,field,leaf_wax_plate_shape,"Plates, irregular, often on edge, entire-edged, sparse cover",irregular,,mode,,,,,,Appendix I p.374,1,"Candidate trait, not in config/traits.yml (checked 2026-10)."
Eucalyptus grandis,species,,,606Q,606Q,606Q,,field,leaf_wax_plate_orientation,often on edge,edgewise,,mode,,,,,,Appendix I p.374,1,"Candidate trait, not in config/traits.yml (checked 2026-10). Plates presented on edge (perpendicular) to the leaf surface rather than lying flat; qualifier ('some', 'many', 'often') kept in trait_value_raw."
Eucalyptus saligna,species,,,111Cu,111Cu,111Cu,,captive_cultivated,leaf_epicuticular_wax_crystal_form,"Plates, irregular, often on edge, entire-edged, almost complete cover",plates,plates,mode,,,,,,Appendix I p.374,1,
Eucalyptus saligna,species,,,111Cu,111Cu,111Cu,,captive_cultivated,leaf_epicuticular_wax_density,almost complete cover,almost_complete,high,mode,,,,,,Appendix I p.374,1,Cover classes per Methods (e) p.344: complete/almost complete -> high; open -> open; sparse/isolated -> low.
Eucalyptus saligna,species,,,111Cu,111Cu,111Cu,,captive_cultivated,leaf_wax_plate_edge,"Plates, irregular, often on edge, entire-edged, almost complete cover",entire,,mode,,,,,,Appendix I p.374,1,"Candidate trait, not in config/traits.yml (checked 2026-10). Plate margin per Methods (e) p.344: entire, sinuate, crenate or digitate (Figs. 2, 4-6); a hyphenated range (e.g. 'crenate-digitate') is recorded as both terms."
Eucalyptus saligna,species,,,111Cu,111Cu,111Cu,,captive_cultivated,leaf_wax_plate_shape,"Plates, irregular, often on edge, entire-edged, almost complete cover",irregular,,mode,,,,,,Appendix I p.374,1,"Candidate trait, not in config/traits.yml (checked 2026-10)."
Eucalyptus saligna,species,,,111Cu,111Cu,111Cu,,captive_cultivated,leaf_wax_plate_orientation,often on edge,edgewise,,mode,,,,,,Appendix I p.374,1,"Candidate trait, not in config/traits.yml (checked 2026-10). Plates presented on edge (perpendicular) to the leaf surface rather than lying flat; qualifier ('some', 'many', 'often') kept in trait_value_raw."
Eucalyptus botryoides,species,,,517Cu,517Cu,517Cu,,captive_cultivated,leaf_epicuticular_wax_crystal_form,"Plates, irregular, often on edge, entire-edged",plates,plates,mode,,,,,,Appendix I p.374,1,
Eucalyptus botryoides,species,,,517Cu,517Cu,517Cu,,captive_cultivated,leaf_epicuticular_wax_density,,,,mode,,,,,,Appendix I p.374,1,"No cover density given in Appendix I description ('Plates, irregular, often on edge, entire-edged')."
Eucalyptus botryoides,species,,,517Cu,517Cu,517Cu,,captive_cultivated,leaf_wax_plate_edge,"Plates, irregular, often on edge, entire-edged",entire,,mode,,,,,,Appendix I p.374,1,"Candidate trait, not in config/traits.yml (checked 2026-10). Plate margin per Methods (e) p.344: entire, sinuate, crenate or digitate (Figs. 2, 4-6); a hyphenated range (e.g. 'crenate-digitate') is recorded as both terms."
Eucalyptus botryoides,species,,,517Cu,517Cu,517Cu,,captive_cultivated,leaf_wax_plate_shape,"Plates, irregular, often on edge, entire-edged",irregular,,mode,,,,,,Appendix I p.374,1,"Candidate trait, not in config/traits.yml (checked 2026-10)."
Eucalyptus botryoides,species,,,517Cu,517Cu,517Cu,,captive_cultivated,leaf_wax_plate_orientation,often on edge,edgewise,,mode,,,,,,Appendix I p.374,1,"Candidate trait, not in config/traits.yml (checked 2026-10). Plates presented on edge (perpendicular) to the leaf surface rather than lying flat; qualifier ('some', 'many', 'often') kept in trait_value_raw."
Eucalyptus robusta,species,,,Q43,Q43,Q43,,field,leaf_epicuticular_wax_crystal_form,"Plates, irregular, often on edge, entire-edged, open cover",plates,plates,mode,,,,,,Appendix I p.374,1,
Eucalyptus robusta,species,,,Q43,Q43,Q43,,field,leaf_epicuticular_wax_density,open cover,open,open,mode,,,,,,Appendix I p.374,1,Cover classes per Methods (e) p.344: complete/almost complete -> high; open -> open; sparse/isolated -> low.
Eucalyptus robusta,species,,,Q43,Q43,Q43,,field,leaf_wax_plate_edge,"Plates, irregular, often on edge, entire-edged, open cover",entire,,mode,,,,,,Appendix I p.374,1,"Candidate trait, not in config/traits.yml (checked 2026-10). Plate margin per Methods (e) p.344: entire, sinuate, crenate or digitate (Figs. 2, 4-6); a hyphenated range (e.g. 'crenate-digitate') is recorded as both terms."
Eucalyptus robusta,species,,,Q43,Q43,Q43,,field,leaf_wax_plate_shape,"Plates, irregular, often on edge, entire-edged, open cover",irregular,,mode,,,,,,Appendix I p.374,1,"Candidate trait, not in config/traits.yml (checked 2026-10)."
Eucalyptus robusta,species,,,Q43,Q43,Q43,,field,leaf_wax_plate_orientation,often on edge,edgewise,,mode,,,,,,Appendix I p.374,1,"Candidate trait, not in config/traits.yml (checked 2026-10). Plates presented on edge (perpendicular) to the leaf surface rather than lying flat; qualifier ('some', 'many', 'often') kept in trait_value_raw."
Eucalyptus resinifera,species,,,Q37,Q37,Q37,,field,leaf_epicuticular_wax_crystal_form,"Plates, irregularly shaped, sinuate-crenate-edged, almost complete cover",plates,plates,mode,,,,,,Appendix I p.374,1,
Eucalyptus resinifera,species,,,Q37,Q37,Q37,,field,leaf_epicuticular_wax_density,almost complete cover,almost_complete,high,mode,,,,,,Appendix I p.374,1,Cover classes per Methods (e) p.344: complete/almost complete -> high; open -> open; sparse/isolated -> low.
Eucalyptus resinifera,species,,,Q37,Q37,Q37,,field,leaf_wax_plate_edge,"Plates, irregularly shaped, sinuate-crenate-edged, almost complete cover",sinuate crenate,,mode,,,,,,Appendix I p.374,1,"Candidate trait, not in config/traits.yml (checked 2026-10). Plate margin per Methods (e) p.344: entire, sinuate, crenate or digitate (Figs. 2, 4-6); a hyphenated range (e.g. 'crenate-digitate') is recorded as both terms."
Eucalyptus resinifera,species,,,Q37,Q37,Q37,,field,leaf_wax_plate_shape,"Plates, irregularly shaped, sinuate-crenate-edged, almost complete cover",irregular,,mode,,,,,,Appendix I p.374,1,"Candidate trait, not in config/traits.yml (checked 2026-10)."
Eucalyptus pumila,species,,,383Wt,383Wt,383Wt,,captive_cultivated,leaf_epicuticular_wax_crystal_form,"Plates, irregularly shaped, sinuate-edged, complete cover",plates,plates,mode,,,,,,Appendix I p.374,1,
Eucalyptus pumila,species,,,383Wt,383Wt,383Wt,,captive_cultivated,leaf_epicuticular_wax_density,complete cover,complete,high,mode,,,,,,Appendix I p.374,1,Cover classes per Methods (e) p.344: complete/almost complete -> high; open -> open; sparse/isolated -> low.
Eucalyptus pumila,species,,,383Wt,383Wt,383Wt,,captive_cultivated,leaf_wax_plate_edge,"Plates, irregularly shaped, sinuate-edged, complete cover",sinuate,,mode,,,,,,Appendix I p.374,1,"Candidate trait, not in config/traits.yml (checked 2026-10). Plate margin per Methods (e) p.344: entire, sinuate, crenate or digitate (Figs. 2, 4-6); a hyphenated range (e.g. 'crenate-digitate') is recorded as both terms."
Eucalyptus pumila,species,,,383Wt,383Wt,383Wt,,captive_cultivated,leaf_wax_plate_shape,"Plates, irregularly shaped, sinuate-edged, complete cover",irregular,,mode,,,,,,Appendix I p.374,1,"Candidate trait, not in config/traits.yml (checked 2026-10)."
Eucalyptus propinqua,species,,,110Q; Q36,110Q; Q36,110Q; Q36,,field,leaf_epicuticular_wax_crystal_form,"Plates, irregularly shaped, sinuate-edged, complete cover",plates,plates,mode,,,,,,Appendix I p.374,1,
Eucalyptus propinqua,species,,,110Q; Q36,110Q; Q36,110Q; Q36,,field,leaf_epicuticular_wax_density,complete cover,complete,high,mode,,,,,,Appendix I p.374,1,Cover classes per Methods (e) p.344: complete/almost complete -> high; open -> open; sparse/isolated -> low.
Eucalyptus propinqua,species,,,110Q; Q36,110Q; Q36,110Q; Q36,,field,leaf_wax_plate_edge,"Plates, irregularly shaped, sinuate-edged, complete cover",sinuate,,mode,,,,,,Appendix I p.374,1,"Candidate trait, not in config/traits.yml (checked 2026-10). Plate margin per Methods (e) p.344: entire, sinuate, crenate or digitate (Figs. 2, 4-6); a hyphenated range (e.g. 'crenate-digitate') is recorded as both terms."
Eucalyptus propinqua,species,,,110Q; Q36,110Q; Q36,110Q; Q36,,field,leaf_wax_plate_shape,"Plates, irregularly shaped, sinuate-edged, complete cover",irregular,,mode,,,,,,Appendix I p.374,1,"Candidate trait, not in config/traits.yml (checked 2026-10)."
Eucalyptus shiressii,species,,,486Wl,486Wl,486Wl,,captive_cultivated,leaf_epicuticular_wax_crystal_form,"Plates, irregularly shaped, crenate-sinuate-edged, complete cover",plates,plates,mode,,,,,,Appendix I p.374,1,Footnote p.374: not now distinguished from E. punctata DC.
Eucalyptus shiressii,species,,,486Wl,486Wl,486Wl,,captive_cultivated,leaf_epicuticular_wax_density,complete cover,complete,high,mode,,,,,,Appendix I p.374,1,Cover classes per Methods (e) p.344: complete/almost complete -> high; open -> open; sparse/isolated -> low.
Eucalyptus shiressii,species,,,486Wl,486Wl,486Wl,,captive_cultivated,leaf_wax_plate_edge,"Plates, irregularly shaped, crenate-sinuate-edged, complete cover",sinuate crenate,,mode,,,,,,Appendix I p.374,1,"Candidate trait, not in config/traits.yml (checked 2026-10). Plate margin per Methods (e) p.344: entire, sinuate, crenate or digitate (Figs. 2, 4-6); a hyphenated range (e.g. 'crenate-digitate') is recorded as both terms."
Eucalyptus shiressii,species,,,486Wl,486Wl,486Wl,,captive_cultivated,leaf_wax_plate_shape,"Plates, irregularly shaped, crenate-sinuate-edged, complete cover",irregular,,mode,,,,,,Appendix I p.374,1,"Candidate trait, not in config/traits.yml (checked 2026-10)."
Eucalyptus punctata,species,,,231Cu; 414Wt,231Cu; 414Wt,231Cu; 414Wt,,captive_cultivated,leaf_epicuticular_wax_crystal_form,"Plates, irregularly shaped, sinuate-edged, complete cover",plates,plates,mode,,,,,,Appendix I p.374,1,
Eucalyptus punctata,species,,,231Cu; 414Wt,231Cu; 414Wt,231Cu; 414Wt,,captive_cultivated,leaf_epicuticular_wax_density,complete cover,complete,high,mode,,,,,,Appendix I p.374,1,Cover classes per Methods (e) p.344: complete/almost complete -> high; open -> open; sparse/isolated -> low.
Eucalyptus punctata,species,,,231Cu; 414Wt,231Cu; 414Wt,231Cu; 414Wt,,captive_cultivated,leaf_wax_plate_edge,"Plates, irregularly shaped, sinuate-edged, complete cover",sinuate,,mode,,,,,,Appendix I p.374,1,"Candidate trait, not in config/traits.yml (checked 2026-10). Plate margin per Methods (e) p.344: entire, sinuate, crenate or digitate (Figs. 2, 4-6); a hyphenated range (e.g. 'crenate-digitate') is recorded as both terms."
Eucalyptus punctata,species,,,231Cu; 414Wt,231Cu; 414Wt,231Cu; 414Wt,,captive_cultivated,leaf_wax_plate_shape,"Plates, irregularly shaped, sinuate-edged, complete cover",irregular,,mode,,,,,,Appendix I p.374,1,"Candidate trait, not in config/traits.yml (checked 2026-10)."
Eucalyptus canaliculata,species,,,673Wt,673Wt,673Wt,,captive_cultivated,leaf_epicuticular_wax_crystal_form,"Plates, irregularly shaped, sinuate-edged, some placed edgewise, oriented in rows",plates,plates,mode,,,,,,Appendix I p.374,1,
Eucalyptus canaliculata,species,,,673Wt,673Wt,673Wt,,captive_cultivated,leaf_epicuticular_wax_density,,,,mode,,,,,,Appendix I p.374,1,"No cover density given in Appendix I description ('Plates, irregularly shaped, sinuate-edged, some placed edgewise, oriented in rows')."
Eucalyptus canaliculata,species,,,673Wt,673Wt,673Wt,,captive_cultivated,leaf_wax_plate_edge,"Plates, irregularly shaped, sinuate-edged, some placed edgewise, oriented in rows",sinuate,,mode,,,,,,Appendix I p.374,1,"Candidate trait, not in config/traits.yml (checked 2026-10). Plate margin per Methods (e) p.344: entire, sinuate, crenate or digitate (Figs. 2, 4-6); a hyphenated range (e.g. 'crenate-digitate') is recorded as both terms."
Eucalyptus canaliculata,species,,,673Wt,673Wt,673Wt,,captive_cultivated,leaf_wax_plate_shape,"Plates, irregularly shaped, sinuate-edged, some placed edgewise, oriented in rows",irregular,,mode,,,,,,Appendix I p.374,1,"Candidate trait, not in config/traits.yml (checked 2026-10)."
Eucalyptus canaliculata,species,,,673Wt,673Wt,673Wt,,captive_cultivated,leaf_wax_plate_orientation,some placed edgewise,edgewise,,mode,,,,,,Appendix I p.374,1,"Candidate trait, not in config/traits.yml (checked 2026-10). Plates presented on edge (perpendicular) to the leaf surface rather than lying flat; qualifier ('some', 'many', 'often') kept in trait_value_raw."
Eucalyptus canaliculata,species,,,673Wt,673Wt,673Wt,,captive_cultivated,leaf_wax_crystal_arrangement,"Plates, irregularly shaped, sinuate-edged, some placed edgewise, oriented in rows",rows,,mode,,,,,,Appendix I p.374,1,"Candidate trait, not in config/traits.yml (checked 2026-10). Spatial arrangement of wax crystals on the leaf surface."
Eucalyptus longifolia,species,,,,WtSn,,,captive_cultivated,leaf_epicuticular_wax_crystal_form,"Plates, irregularly shaped, sinuate-edged, many placed edgewise, almost complete cover",plates,plates,mode,,,,,,Appendix I p.374,1,
Eucalyptus longifolia,species,,,,WtSn,,,captive_cultivated,leaf_epicuticular_wax_density,almost complete cover,almost_complete,high,mode,,,,,,Appendix I p.374,1,Cover classes per Methods (e) p.344: complete/almost complete -> high; open -> open; sparse/isolated -> low.
Eucalyptus longifolia,species,,,,WtSn,,,captive_cultivated,leaf_wax_plate_edge,"Plates, irregularly shaped, sinuate-edged, many placed edgewise, almost complete cover",sinuate,,mode,,,,,,Appendix I p.374,1,"Candidate trait, not in config/traits.yml (checked 2026-10). Plate margin per Methods (e) p.344: entire, sinuate, crenate or digitate (Figs. 2, 4-6); a hyphenated range (e.g. 'crenate-digitate') is recorded as both terms."
Eucalyptus longifolia,species,,,,WtSn,,,captive_cultivated,leaf_wax_plate_shape,"Plates, irregularly shaped, sinuate-edged, many placed edgewise, almost complete cover",irregular,,mode,,,,,,Appendix I p.374,1,"Candidate trait, not in config/traits.yml (checked 2026-10)."
Eucalyptus longifolia,species,,,,WtSn,,,captive_cultivated,leaf_wax_plate_orientation,many placed edgewise,edgewise,,mode,,,,,,Appendix I p.374,1,"Candidate trait, not in config/traits.yml (checked 2026-10). Plates presented on edge (perpendicular) to the leaf surface rather than lying flat; qualifier ('some', 'many', 'often') kept in trait_value_raw."
Eucalyptus cosmophylla,species,,,233Cu; 290Cb; 493Wt,233Cu; 290Cb; 493Wt,233Cu; 290Cb; 493Wt,,captive_cultivated,leaf_epicuticular_wax_crystal_form,"Plates, irregularly to circular-shaped, sinuate-edged, complete cover",plates,plates,mode,,,,,,Appendix I p.374,1,
Eucalyptus cosmophylla,species,,,233Cu; 290Cb; 493Wt,233Cu; 290Cb; 493Wt,233Cu; 290Cb; 493Wt,,captive_cultivated,leaf_epicuticular_wax_density,complete cover,complete,high,mode,,,,,,Appendix I p.374,1,Cover classes per Methods (e) p.344: complete/almost complete -> high; open -> open; sparse/isolated -> low.
Eucalyptus cosmophylla,species,,,233Cu; 290Cb; 493Wt,233Cu; 290Cb; 493Wt,233Cu; 290Cb; 493Wt,,captive_cultivated,leaf_wax_plate_edge,"Plates, irregularly to circular-shaped, sinuate-edged, complete cover",sinuate,,mode,,,,,,Appendix I p.374,1,"Candidate trait, not in config/traits.yml (checked 2026-10). Plate margin per Methods (e) p.344: entire, sinuate, crenate or digitate (Figs. 2, 4-6); a hyphenated range (e.g. 'crenate-digitate') is recorded as both terms."
Eucalyptus cosmophylla,species,,,233Cu; 290Cb; 493Wt,233Cu; 290Cb; 493Wt,233Cu; 290Cb; 493Wt,,captive_cultivated,leaf_wax_plate_shape,"Plates, irregularly to circular-shaped, sinuate-edged, complete cover",circular irregular,,mode,,,,,,Appendix I p.374,1,"Candidate trait, not in config/traits.yml (checked 2026-10)."
Eucalyptus caesia,species,,,114M; 173M; 215Cb,114M; 173M; 215Cb,114M; 173M; 215Cb,,captive_cultivated,leaf_epicuticular_wax_crystal_form,"Tubes, simple, often branched at right angles, complete to open cover",tubes,tubes,mode,,,,,,Appendix I p.375,1,
Eucalyptus caesia,species,,,114M; 173M; 215Cb,114M; 173M; 215Cb,114M; 173M; 215Cb,,captive_cultivated,leaf_epicuticular_wax_density,complete to open cover,complete_to_open,high open,mode,,,,,,Appendix I p.375,1,Cover classes per Methods (e) p.344: complete/almost complete -> high; open -> open; sparse/isolated -> low.
Eucalyptus caesia,species,,,114M; 173M; 215Cb,114M; 173M; 215Cb,114M; 173M; 215Cb,,captive_cultivated,leaf_wax_tube_complexity,"Tubes, simple, often branched at right angles, complete to open cover",simple,,mode,,,,,,Appendix I p.375,1,"Candidate trait, not in config/traits.yml (checked 2026-10). Simple (rarely/sparingly branched) vs compound (many-branched, almost 'plumed', e.g. series Globulares) tubes -- Methods (e) p.344."
Eucalyptus caesia,species,,,114M; 173M; 215Cb,114M; 173M; 215Cb,114M; 173M; 215Cb,,captive_cultivated,leaf_wax_tube_branching,"Tubes, simple, often branched at right angles, complete to open cover",often_branched right_angle,,mode,,,,,,Appendix I p.375,1,"Candidate trait, not in config/traits.yml (checked 2026-10)."
Eucalyptus woodwardii,species,,,213Ch; 488Wl,213Ch; 488Wl,213Ch; 488Wl,,captive_cultivated,leaf_epicuticular_wax_crystal_form,"Tubes, simple, often branched at right angles, complete to open cover",tubes,tubes,mode,,,,,,Appendix I p.375,1,
Eucalyptus woodwardii,species,,,213Ch; 488Wl,213Ch; 488Wl,213Ch; 488Wl,,captive_cultivated,leaf_epicuticular_wax_density,complete to open cover,complete_to_open,high open,mode,,,,,,Appendix I p.375,1,Cover classes per Methods (e) p.344: complete/almost complete -> high; open -> open; sparse/isolated -> low.
Eucalyptus woodwardii,species,,,213Ch; 488Wl,213Ch; 488Wl,213Ch; 488Wl,,captive_cultivated,leaf_wax_tube_complexity,"Tubes, simple, often branched at right angles, complete to open cover",simple,,mode,,,,,,Appendix I p.375,1,"Candidate trait, not in config/traits.yml (checked 2026-10). Simple (rarely/sparingly branched) vs compound (many-branched, almost 'plumed', e.g. series Globulares) tubes -- Methods (e) p.344."
Eucalyptus woodwardii,species,,,213Ch; 488Wl,213Ch; 488Wl,213Ch; 488Wl,,captive_cultivated,leaf_wax_tube_branching,"Tubes, simple, often branched at right angles, complete to open cover",often_branched right_angle,,mode,,,,,,Appendix I p.375,1,"Candidate trait, not in config/traits.yml (checked 2026-10)."
Eucalyptus campaspe,species,,,425Wt; WA50,425Wt; WA50,425Wt; WA50,,field captive_cultivated,leaf_epicuticular_wax_crystal_form,"Tubes, simple, often branched at right angles, complete to open cover",tubes,tubes,mode,,,,,,Appendix I p.375,1,
Eucalyptus campaspe,species,,,425Wt; WA50,425Wt; WA50,425Wt; WA50,,field captive_cultivated,leaf_epicuticular_wax_density,complete to open cover,complete_to_open,high open,mode,,,,,,Appendix I p.375,1,Cover classes per Methods (e) p.344: complete/almost complete -> high; open -> open; sparse/isolated -> low.
Eucalyptus campaspe,species,,,425Wt; WA50,425Wt; WA50,425Wt; WA50,,field captive_cultivated,leaf_wax_tube_complexity,"Tubes, simple, often branched at right angles, complete to open cover",simple,,mode,,,,,,Appendix I p.375,1,"Candidate trait, not in config/traits.yml (checked 2026-10). Simple (rarely/sparingly branched) vs compound (many-branched, almost 'plumed', e.g. series Globulares) tubes -- Methods (e) p.344."
Eucalyptus campaspe,species,,,425Wt; WA50,425Wt; WA50,425Wt; WA50,,field captive_cultivated,leaf_wax_tube_branching,"Tubes, simple, often branched at right angles, complete to open cover",often_branched right_angle,,mode,,,,,,Appendix I p.375,1,"Candidate trait, not in config/traits.yml (checked 2026-10)."
Eucalyptus stricklandii,species,,,65Ch; 98Cu; 185Ch,65Ch; 98Cu; 185Ch,65Ch; 98Cu; 185Ch,,captive_cultivated,leaf_epicuticular_wax_crystal_form,"Tubes, simple, often branched at right angles, complete to open cover",tubes,tubes,mode,,,,,,Appendix I p.375,1,
Eucalyptus stricklandii,species,,,65Ch; 98Cu; 185Ch,65Ch; 98Cu; 185Ch,65Ch; 98Cu; 185Ch,,captive_cultivated,leaf_epicuticular_wax_density,complete to open cover,complete_to_open,high open,mode,,,,,,Appendix I p.375,1,Cover classes per Methods (e) p.344: complete/almost complete -> high; open -> open; sparse/isolated -> low.
Eucalyptus stricklandii,species,,,65Ch; 98Cu; 185Ch,65Ch; 98Cu; 185Ch,65Ch; 98Cu; 185Ch,,captive_cultivated,leaf_wax_tube_complexity,"Tubes, simple, often branched at right angles, complete to open cover",simple,,mode,,,,,,Appendix I p.375,1,"Candidate trait, not in config/traits.yml (checked 2026-10). Simple (rarely/sparingly branched) vs compound (many-branched, almost 'plumed', e.g. series Globulares) tubes -- Methods (e) p.344."
Eucalyptus stricklandii,species,,,65Ch; 98Cu; 185Ch,65Ch; 98Cu; 185Ch,65Ch; 98Cu; 185Ch,,captive_cultivated,leaf_wax_tube_branching,"Tubes, simple, often branched at right angles, complete to open cover",often_branched right_angle,,mode,,,,,,Appendix I p.375,1,"Candidate trait, not in config/traits.yml (checked 2026-10)."
Eucalyptus griffithsii,species,,,WA46b,WA46b,WA46b,,field,leaf_epicuticular_wax_crystal_form,"Tubes, simple, branching occasionally at acute angles, complete to open cover",tubes,tubes,mode,,,,,,Appendix I p.375,1,Listed in Table 3 Group 2 (plates) rather than Group 1 (tubes) -- conflicts with Appendix I.
Eucalyptus griffithsii,species,,,WA46b,WA46b,WA46b,,field,leaf_epicuticular_wax_density,complete to open cover,complete_to_open,high open,mode,,,,,,Appendix I p.375,1,Cover classes per Methods (e) p.344: complete/almost complete -> high; open -> open; sparse/isolated -> low.
Eucalyptus griffithsii,species,,,WA46b,WA46b,WA46b,,field,leaf_wax_tube_complexity,"Tubes, simple, branching occasionally at acute angles, complete to open cover",simple,,mode,,,,,,Appendix I p.375,1,"Candidate trait, not in config/traits.yml (checked 2026-10). Simple (rarely/sparingly branched) vs compound (many-branched, almost 'plumed', e.g. series Globulares) tubes -- Methods (e) p.344."
Eucalyptus griffithsii,species,,,WA46b,WA46b,WA46b,,field,leaf_wax_tube_branching,"Tubes, simple, branching occasionally at acute angles, complete to open cover",occasionally_branched acute_angle,,mode,,,,,,Appendix I p.375,1,"Candidate trait, not in config/traits.yml (checked 2026-10)."
Eucalyptus grossa,species,,,442Wt; 444Wt,442Wt; 444Wt,442Wt; 444Wt,,captive_cultivated,leaf_epicuticular_wax_crystal_form,"Plates, irregularly shaped, entire-edged, sparse cover",plates,plates,mode,,,,,,Appendix I p.375,1,
Eucalyptus grossa,species,,,442Wt; 444Wt,442Wt; 444Wt,442Wt; 444Wt,,captive_cultivated,leaf_epicuticular_wax_density,sparse cover,sparse,low,mode,,,,,,Appendix I p.375,1,Cover classes per Methods (e) p.344: complete/almost complete -> high; open -> open; sparse/isolated -> low.
Eucalyptus grossa,species,,,442Wt; 444Wt,442Wt; 444Wt,442Wt; 444Wt,,captive_cultivated,leaf_wax_plate_edge,"Plates, irregularly shaped, entire-edged, sparse cover",entire,,mode,,,,,,Appendix I p.375,1,"Candidate trait, not in config/traits.yml (checked 2026-10). Plate margin per Methods (e) p.344: entire, sinuate, crenate or digitate (Figs. 2, 4-6); a hyphenated range (e.g. 'crenate-digitate') is recorded as both terms."
Eucalyptus grossa,species,,,442Wt; 444Wt,442Wt; 444Wt,442Wt; 444Wt,,captive_cultivated,leaf_wax_plate_shape,"Plates, irregularly shaped, entire-edged, sparse cover",irregular,,mode,,,,,,Appendix I p.375,1,"Candidate trait, not in config/traits.yml (checked 2026-10)."
Eucalyptus burdettiana,species,,,405Wt; WA67,405Wt; WA67,405Wt; WA67,,field captive_cultivated,leaf_epicuticular_wax_crystal_form,"Plates, irregularly shaped, entire-edged, open to sparse cover",plates,plates,mode,,,,,,Appendix I p.375,1,"Conflicts with Table 3 Group 4 (p.350), which gives E. burdettiana 'plates crenate, tubes simple'."
Eucalyptus burdettiana,species,,,405Wt; WA67,405Wt; WA67,405Wt; WA67,,field captive_cultivated,leaf_epicuticular_wax_density,open to sparse cover,open_to_sparse,open low,mode,,,,,,Appendix I p.375,1,Cover classes per Methods (e) p.344: complete/almost complete -> high; open -> open; sparse/isolated -> low.
Eucalyptus burdettiana,species,,,405Wt; WA67,405Wt; WA67,405Wt; WA67,,field captive_cultivated,leaf_wax_plate_edge,"Plates, irregularly shaped, entire-edged, open to sparse cover",entire,,mode,,,,,,Appendix I p.375,1,"Candidate trait, not in config/traits.yml (checked 2026-10). Plate margin per Methods (e) p.344: entire, sinuate, crenate or digitate (Figs. 2, 4-6); a hyphenated range (e.g. 'crenate-digitate') is recorded as both terms."
Eucalyptus burdettiana,species,,,405Wt; WA67,405Wt; WA67,405Wt; WA67,,field captive_cultivated,leaf_wax_plate_shape,"Plates, irregularly shaped, entire-edged, open to sparse cover",irregular,,mode,,,,,,Appendix I p.375,1,"Candidate trait, not in config/traits.yml (checked 2026-10)."
Eucalyptus megacornuta,species,,,382Wt; Carr 7608,382Wt; Carr 7608,382Wt; Carr 7608,,field captive_cultivated,leaf_epicuticular_wax_crystal_form,"Plates, irregularly shaped, entire-edged, open to sparse cover",plates,plates,mode,,,,,,Appendix I p.375,1,
Eucalyptus megacornuta,species,,,382Wt; Carr 7608,382Wt; Carr 7608,382Wt; Carr 7608,,field captive_cultivated,leaf_epicuticular_wax_density,open to sparse cover,open_to_sparse,open low,mode,,,,,,Appendix I p.375,1,Cover classes per Methods (e) p.344: complete/almost complete -> high; open -> open; sparse/isolated -> low.
Eucalyptus megacornuta,species,,,382Wt; Carr 7608,382Wt; Carr 7608,382Wt; Carr 7608,,field captive_cultivated,leaf_wax_plate_edge,"Plates, irregularly shaped, entire-edged, open to sparse cover",entire,,mode,,,,,,Appendix I p.375,1,"Candidate trait, not in config/traits.yml (checked 2026-10). Plate margin per Methods (e) p.344: entire, sinuate, crenate or digitate (Figs. 2, 4-6); a hyphenated range (e.g. 'crenate-digitate') is recorded as both terms."
Eucalyptus megacornuta,species,,,382Wt; Carr 7608,382Wt; Carr 7608,382Wt; Carr 7608,,field captive_cultivated,leaf_wax_plate_shape,"Plates, irregularly shaped, entire-edged, open to sparse cover",irregular,,mode,,,,,,Appendix I p.375,1,"Candidate trait, not in config/traits.yml (checked 2026-10)."
Eucalyptus gomphocephala,species,,,WA30,WA30,WA30,,field,leaf_epicuticular_wax_crystal_form,"Plates, irregularly shaped, entire-edged, open to sparse cover",plates,plates,mode,,,,,,Appendix I p.375,1,
Eucalyptus gomphocephala,species,,,WA30,WA30,WA30,,field,leaf_epicuticular_wax_density,open to sparse cover,open_to_sparse,open low,mode,,,,,,Appendix I p.375,1,Cover classes per Methods (e) p.344: complete/almost complete -> high; open -> open; sparse/isolated -> low.
Eucalyptus gomphocephala,species,,,WA30,WA30,WA30,,field,leaf_wax_plate_edge,"Plates, irregularly shaped, entire-edged, open to sparse cover",entire,,mode,,,,,,Appendix I p.375,1,"Candidate trait, not in config/traits.yml (checked 2026-10). Plate margin per Methods (e) p.344: entire, sinuate, crenate or digitate (Figs. 2, 4-6); a hyphenated range (e.g. 'crenate-digitate') is recorded as both terms."
Eucalyptus gomphocephala,species,,,WA30,WA30,WA30,,field,leaf_wax_plate_shape,"Plates, irregularly shaped, entire-edged, open to sparse cover",irregular,,mode,,,,,,Appendix I p.375,1,"Candidate trait, not in config/traits.yml (checked 2026-10)."
Eucalyptus platypus,species,,,194Ch,194Ch,194Ch,,captive_cultivated,leaf_epicuticular_wax_crystal_form,"Plates, irregularly to circular-shaped, entire-edged, open to sparse cover",plates,plates,mode,,,,,,Appendix I p.375,1,
Eucalyptus platypus,species,,,194Ch,194Ch,194Ch,,captive_cultivated,leaf_epicuticular_wax_density,open to sparse cover,open_to_sparse,open low,mode,,,,,,Appendix I p.375,1,Cover classes per Methods (e) p.344: complete/almost complete -> high; open -> open; sparse/isolated -> low.
Eucalyptus platypus,species,,,194Ch,194Ch,194Ch,,captive_cultivated,leaf_wax_plate_edge,"Plates, irregularly to circular-shaped, entire-edged, open to sparse cover",entire,,mode,,,,,,Appendix I p.375,1,"Candidate trait, not in config/traits.yml (checked 2026-10). Plate margin per Methods (e) p.344: entire, sinuate, crenate or digitate (Figs. 2, 4-6); a hyphenated range (e.g. 'crenate-digitate') is recorded as both terms."
Eucalyptus platypus,species,,,194Ch,194Ch,194Ch,,captive_cultivated,leaf_wax_plate_shape,"Plates, irregularly to circular-shaped, entire-edged, open to sparse cover",circular irregular,,mode,,,,,,Appendix I p.375,1,"Candidate trait, not in config/traits.yml (checked 2026-10)."
Eucalyptus nutans,species,,,59Ch,59Ch,59Ch,,captive_cultivated,leaf_epicuticular_wax_crystal_form,"Plates, irregularly to circular-shaped, entire-edged, open to sparse cover",plates,plates,mode,,,,,,Appendix I p.375,1,
Eucalyptus nutans,species,,,59Ch,59Ch,59Ch,,captive_cultivated,leaf_epicuticular_wax_density,open to sparse cover,open_to_sparse,open low,mode,,,,,,Appendix I p.375,1,Cover classes per Methods (e) p.344: complete/almost complete -> high; open -> open; sparse/isolated -> low.
Eucalyptus nutans,species,,,59Ch,59Ch,59Ch,,captive_cultivated,leaf_wax_plate_edge,"Plates, irregularly to circular-shaped, entire-edged, open to sparse cover",entire,,mode,,,,,,Appendix I p.375,1,"Candidate trait, not in config/traits.yml (checked 2026-10). Plate margin per Methods (e) p.344: entire, sinuate, crenate or digitate (Figs. 2, 4-6); a hyphenated range (e.g. 'crenate-digitate') is recorded as both terms."
Eucalyptus nutans,species,,,59Ch,59Ch,59Ch,,captive_cultivated,leaf_wax_plate_shape,"Plates, irregularly to circular-shaped, entire-edged, open to sparse cover",circular irregular,,mode,,,,,,Appendix I p.375,1,"Candidate trait, not in config/traits.yml (checked 2026-10)."
Eucalyptus annulata,species,,,372Wt; 437Wt,372Wt; 437Wt,372Wt; 437Wt,,captive_cultivated,leaf_epicuticular_wax_crystal_form,"Plates, irregularly to circular-shaped, entire-edged, open to sparse cover",plates,plates,mode,,,,,,Appendix I p.375,1,
Eucalyptus annulata,species,,,372Wt; 437Wt,372Wt; 437Wt,372Wt; 437Wt,,captive_cultivated,leaf_epicuticular_wax_density,open to sparse cover,open_to_sparse,open low,mode,,,,,,Appendix I p.375,1,Cover classes per Methods (e) p.344: complete/almost complete -> high; open -> open; sparse/isolated -> low.
Eucalyptus annulata,species,,,372Wt; 437Wt,372Wt; 437Wt,372Wt; 437Wt,,captive_cultivated,leaf_wax_plate_edge,"Plates, irregularly to circular-shaped, entire-edged, open to sparse cover",entire,,mode,,,,,,Appendix I p.375,1,"Candidate trait, not in config/traits.yml (checked 2026-10). Plate margin per Methods (e) p.344: entire, sinuate, crenate or digitate (Figs. 2, 4-6); a hyphenated range (e.g. 'crenate-digitate') is recorded as both terms."
Eucalyptus annulata,species,,,372Wt; 437Wt,372Wt; 437Wt,372Wt; 437Wt,,captive_cultivated,leaf_wax_plate_shape,"Plates, irregularly to circular-shaped, entire-edged, open to sparse cover",circular irregular,,mode,,,,,,Appendix I p.375,1,"Candidate trait, not in config/traits.yml (checked 2026-10)."
Eucalyptus spathulata,species,,,WA4,WA4,WA4,,field,leaf_epicuticular_wax_crystal_form,"Plates, irregularly shaped, entire-edged, almost complete cover",plates,plates,mode,,,,,,Appendix I p.375,1,
Eucalyptus spathulata,species,,,WA4,WA4,WA4,,field,leaf_epicuticular_wax_density,almost complete cover,almost_complete,high,mode,,,,,,Appendix I p.375,1,Cover classes per Methods (e) p.344: complete/almost complete -> high; open -> open; sparse/isolated -> low.
Eucalyptus spathulata,species,,,WA4,WA4,WA4,,field,leaf_wax_plate_edge,"Plates, irregularly shaped, entire-edged, almost complete cover",entire,,mode,,,,,,Appendix I p.375,1,"Candidate trait, not in config/traits.yml (checked 2026-10). Plate margin per Methods (e) p.344: entire, sinuate, crenate or digitate (Figs. 2, 4-6); a hyphenated range (e.g. 'crenate-digitate') is recorded as both terms."
Eucalyptus spathulata,species,,,WA4,WA4,WA4,,field,leaf_wax_plate_shape,"Plates, irregularly shaped, entire-edged, almost complete cover",irregular,,mode,,,,,,Appendix I p.375,1,"Candidate trait, not in config/traits.yml (checked 2026-10)."
Eucalyptus eremophila,species,,,485Wl,485Wl,485Wl,,captive_cultivated,leaf_epicuticular_wax_crystal_form,"Plates, irregularly shaped, entire-edged, almost complete cover",plates,plates,mode,,,,,,Appendix I p.375,1,
Eucalyptus eremophila,species,,,485Wl,485Wl,485Wl,,captive_cultivated,leaf_epicuticular_wax_density,almost complete cover,almost_complete,high,mode,,,,,,Appendix I p.375,1,Cover classes per Methods (e) p.344: complete/almost complete -> high; open -> open; sparse/isolated -> low.
Eucalyptus eremophila,species,,,485Wl,485Wl,485Wl,,captive_cultivated,leaf_wax_plate_edge,"Plates, irregularly shaped, entire-edged, almost complete cover",entire,,mode,,,,,,Appendix I p.375,1,"Candidate trait, not in config/traits.yml (checked 2026-10). Plate margin per Methods (e) p.344: entire, sinuate, crenate or digitate (Figs. 2, 4-6); a hyphenated range (e.g. 'crenate-digitate') is recorded as both terms."
Eucalyptus eremophila,species,,,485Wl,485Wl,485Wl,,captive_cultivated,leaf_wax_plate_shape,"Plates, irregularly shaped, entire-edged, almost complete cover",irregular,,mode,,,,,,Appendix I p.375,1,"Candidate trait, not in config/traits.yml (checked 2026-10)."
Eucalyptus occidentalis,species,,,122M; WA15b; WA2; WA23,122M; WA15b; WA2; WA23,122M; WA15b; WA2; WA23,,field captive_cultivated,leaf_epicuticular_wax_crystal_form,"Plates, irregularly shaped, entire-edged, almost complete cover",plates,plates,mode,,,,,,Appendix I p.375,1,
Eucalyptus occidentalis,species,,,122M; WA15b; WA2; WA23,122M; WA15b; WA2; WA23,122M; WA15b; WA2; WA23,,field captive_cultivated,leaf_epicuticular_wax_density,almost complete cover,almost_complete,high,mode,,,,,,Appendix I p.375,1,Cover classes per Methods (e) p.344: complete/almost complete -> high; open -> open; sparse/isolated -> low.
Eucalyptus occidentalis,species,,,122M; WA15b; WA2; WA23,122M; WA15b; WA2; WA23,122M; WA15b; WA2; WA23,,field captive_cultivated,leaf_wax_plate_edge,"Plates, irregularly shaped, entire-edged, almost complete cover",entire,,mode,,,,,,Appendix I p.375,1,"Candidate trait, not in config/traits.yml (checked 2026-10). Plate margin per Methods (e) p.344: entire, sinuate, crenate or digitate (Figs. 2, 4-6); a hyphenated range (e.g. 'crenate-digitate') is recorded as both terms."
Eucalyptus occidentalis,species,,,122M; WA15b; WA2; WA23,122M; WA15b; WA2; WA23,122M; WA15b; WA2; WA23,,field captive_cultivated,leaf_wax_plate_shape,"Plates, irregularly shaped, entire-edged, almost complete cover",irregular,,mode,,,,,,Appendix I p.375,1,"Candidate trait, not in config/traits.yml (checked 2026-10)."
Eucalyptus astringens,species,,,196Ch,196Ch,196Ch,,captive_cultivated,leaf_epicuticular_wax_crystal_form,"Plates and tubes, plates irregularly shaped, sinuate-edged, tubes rarely branched, complete cover, plates and tubes approximately equal density",plates tubes,plates tubes,mode,,,,,,Appendix I p.375,1,
Eucalyptus astringens,species,,,196Ch,196Ch,196Ch,,captive_cultivated,leaf_epicuticular_wax_density,complete cover,complete,high,mode,,,,,,Appendix I p.375,1,Cover classes per Methods (e) p.344: complete/almost complete -> high; open -> open; sparse/isolated -> low.
Eucalyptus astringens,species,,,196Ch,196Ch,196Ch,,captive_cultivated,leaf_wax_plate_edge,"plates irregularly shaped, sinuate-edged",sinuate,,mode,,,,,,Appendix I p.375,1,"Candidate trait, not in config/traits.yml (checked 2026-10). Plate margin per Methods (e) p.344: entire, sinuate, crenate or digitate (Figs. 2, 4-6); a hyphenated range (e.g. 'crenate-digitate') is recorded as both terms."
Eucalyptus astringens,species,,,196Ch,196Ch,196Ch,,captive_cultivated,leaf_wax_plate_shape,"plates irregularly shaped, sinuate-edged",irregular,,mode,,,,,,Appendix I p.375,1,"Candidate trait, not in config/traits.yml (checked 2026-10)."
Eucalyptus astringens,species,,,196Ch,196Ch,196Ch,,captive_cultivated,leaf_wax_tube_branching,"tubes rarely branched, complete cover, plates and tubes approximately equal density",rarely_branched,,mode,,,,,,Appendix I p.375,1,"Candidate trait, not in config/traits.yml (checked 2026-10)."
Eucalyptus astringens,species,,,196Ch,196Ch,196Ch,,captive_cultivated,leaf_wax_plate_tube_proportion,plates and tubes approximately equal density,equal,,mode,,,,,,Appendix I p.375,1,"Candidate trait, not in config/traits.yml (checked 2026-10). Relative abundance of plates vs tubes in a mixed wax; verbatim qualifier."
Eucalyptus macrandra,species,,,339S,339S; WtSn,339S,,captive_cultivated,leaf_epicuticular_wax_crystal_form,"Plates, irregularly shaped, entire-edged, sparse cover",plates,plates,mode,,,,,,Appendix I p.375,1,
Eucalyptus macrandra,species,,,339S,339S; WtSn,339S,,captive_cultivated,leaf_epicuticular_wax_density,sparse cover,sparse,low,mode,,,,,,Appendix I p.375,1,Cover classes per Methods (e) p.344: complete/almost complete -> high; open -> open; sparse/isolated -> low.
Eucalyptus macrandra,species,,,339S,339S; WtSn,339S,,captive_cultivated,leaf_wax_plate_edge,"Plates, irregularly shaped, entire-edged, sparse cover",entire,,mode,,,,,,Appendix I p.375,1,"Candidate trait, not in config/traits.yml (checked 2026-10). Plate margin per Methods (e) p.344: entire, sinuate, crenate or digitate (Figs. 2, 4-6); a hyphenated range (e.g. 'crenate-digitate') is recorded as both terms."
Eucalyptus macrandra,species,,,339S,339S; WtSn,339S,,captive_cultivated,leaf_wax_plate_shape,"Plates, irregularly shaped, entire-edged, sparse cover",irregular,,mode,,,,,,Appendix I p.375,1,"Candidate trait, not in config/traits.yml (checked 2026-10)."
Eucalyptus sargentii,species,,,,WlSn,,,captive_cultivated,leaf_epicuticular_wax_crystal_form,"Plates, irregularly shaped, sinuate-crenate-edged, almost complete cover",plates,plates,mode,,,,,,Appendix I p.375,1,
Eucalyptus sargentii,species,,,,WlSn,,,captive_cultivated,leaf_epicuticular_wax_density,almost complete cover,almost_complete,high,mode,,,,,,Appendix I p.375,1,Cover classes per Methods (e) p.344: complete/almost complete -> high; open -> open; sparse/isolated -> low.
Eucalyptus sargentii,species,,,,WlSn,,,captive_cultivated,leaf_wax_plate_edge,"Plates, irregularly shaped, sinuate-crenate-edged, almost complete cover",sinuate crenate,,mode,,,,,,Appendix I p.375,1,"Candidate trait, not in config/traits.yml (checked 2026-10). Plate margin per Methods (e) p.344: entire, sinuate, crenate or digitate (Figs. 2, 4-6); a hyphenated range (e.g. 'crenate-digitate') is recorded as both terms."
Eucalyptus sargentii,species,,,,WlSn,,,captive_cultivated,leaf_wax_plate_shape,"Plates, irregularly shaped, sinuate-crenate-edged, almost complete cover",irregular,,mode,,,,,,Appendix I p.375,1,"Candidate trait, not in config/traits.yml (checked 2026-10)."
Eucalyptus xanthonema,species,,,377Wt; 438Wt,377Wt; 438Wt,377Wt; 438Wt,,captive_cultivated,leaf_epicuticular_wax_crystal_form,"Plates, irregularly shaped, sinuate-crenate-edged, complete cover",plates,plates,mode,,,,,,Appendix I p.375,1,
Eucalyptus xanthonema,species,,,377Wt; 438Wt,377Wt; 438Wt,377Wt; 438Wt,,captive_cultivated,leaf_epicuticular_wax_density,complete cover,complete,high,mode,,,,,,Appendix I p.375,1,Cover classes per Methods (e) p.344: complete/almost complete -> high; open -> open; sparse/isolated -> low.
Eucalyptus xanthonema,species,,,377Wt; 438Wt,377Wt; 438Wt,377Wt; 438Wt,,captive_cultivated,leaf_wax_plate_edge,"Plates, irregularly shaped, sinuate-crenate-edged, complete cover",sinuate crenate,,mode,,,,,,Appendix I p.375,1,"Candidate trait, not in config/traits.yml (checked 2026-10). Plate margin per Methods (e) p.344: entire, sinuate, crenate or digitate (Figs. 2, 4-6); a hyphenated range (e.g. 'crenate-digitate') is recorded as both terms."
Eucalyptus xanthonema,species,,,377Wt; 438Wt,377Wt; 438Wt,377Wt; 438Wt,,captive_cultivated,leaf_wax_plate_shape,"Plates, irregularly shaped, sinuate-crenate-edged, complete cover",irregular,,mode,,,,,,Appendix I p.375,1,"Candidate trait, not in config/traits.yml (checked 2026-10)."
Eucalyptus redunca,species,,,374Wt; WA70,374Wt; WA70,374Wt; WA70,,field captive_cultivated,leaf_epicuticular_wax_crystal_form,"Plates, irregularly shaped, sinuate-crenate-edged, complete cover",plates,plates,mode,,,,,,Appendix I p.375,1,
Eucalyptus redunca,species,,,374Wt; WA70,374Wt; WA70,374Wt; WA70,,field captive_cultivated,leaf_epicuticular_wax_density,complete cover,complete,high,mode,,,,,,Appendix I p.375,1,Cover classes per Methods (e) p.344: complete/almost complete -> high; open -> open; sparse/isolated -> low.
Eucalyptus redunca,species,,,374Wt; WA70,374Wt; WA70,374Wt; WA70,,field captive_cultivated,leaf_wax_plate_edge,"Plates, irregularly shaped, sinuate-crenate-edged, complete cover",sinuate crenate,,mode,,,,,,Appendix I p.375,1,"Candidate trait, not in config/traits.yml (checked 2026-10). Plate margin per Methods (e) p.344: entire, sinuate, crenate or digitate (Figs. 2, 4-6); a hyphenated range (e.g. 'crenate-digitate') is recorded as both terms."
Eucalyptus redunca,species,,,374Wt; WA70,374Wt; WA70,374Wt; WA70,,field captive_cultivated,leaf_wax_plate_shape,"Plates, irregularly shaped, sinuate-crenate-edged, complete cover",irregular,,mode,,,,,,Appendix I p.375,1,"Candidate trait, not in config/traits.yml (checked 2026-10)."
Eucalyptus wandoo,species,,,207Cb; WA1,207Cb; WA1,207Cb; WA1,,field captive_cultivated,leaf_epicuticular_wax_crystal_form,"Plates and tubes, plates irregularly shaped, sinuate-crenate-edged, tubes simple, few, complete cover",plates tubes,plates tubes,mode,,,,,,Appendix I p.375,1,Listed as 'E. redunca Schau. var. elata Benth. (E. wandoo Blakely)'.
Eucalyptus wandoo,species,,,207Cb; WA1,207Cb; WA1,207Cb; WA1,,field captive_cultivated,leaf_epicuticular_wax_density,complete cover,complete,high,mode,,,,,,Appendix I p.375,1,Cover classes per Methods (e) p.344: complete/almost complete -> high; open -> open; sparse/isolated -> low.
Eucalyptus wandoo,species,,,207Cb; WA1,207Cb; WA1,207Cb; WA1,,field captive_cultivated,leaf_wax_plate_edge,"plates irregularly shaped, sinuate-crenate-edged",sinuate crenate,,mode,,,,,,Appendix I p.375,1,"Candidate trait, not in config/traits.yml (checked 2026-10). Plate margin per Methods (e) p.344: entire, sinuate, crenate or digitate (Figs. 2, 4-6); a hyphenated range (e.g. 'crenate-digitate') is recorded as both terms."
Eucalyptus wandoo,species,,,207Cb; WA1,207Cb; WA1,207Cb; WA1,,field captive_cultivated,leaf_wax_plate_shape,"plates irregularly shaped, sinuate-crenate-edged",irregular,,mode,,,,,,Appendix I p.375,1,"Candidate trait, not in config/traits.yml (checked 2026-10)."
Eucalyptus wandoo,species,,,207Cb; WA1,207Cb; WA1,207Cb; WA1,,field captive_cultivated,leaf_wax_tube_complexity,"tubes simple, few, complete cover",simple,,mode,,,,,,Appendix I p.375,1,"Candidate trait, not in config/traits.yml (checked 2026-10). Simple (rarely/sparingly branched) vs compound (many-branched, almost 'plumed', e.g. series Globulares) tubes -- Methods (e) p.344."
Eucalyptus wandoo,species,,,207Cb; WA1,207Cb; WA1,207Cb; WA1,,field captive_cultivated,leaf_wax_plate_tube_proportion,"tubes simple, few",tubes_few,,mode,,,,,,Appendix I p.375,1,"Candidate trait, not in config/traits.yml (checked 2026-10). Relative abundance of plates vs tubes in a mixed wax; verbatim qualifier."
Eucalyptus gardneri,species,,,360Wt,360Wt,360Wt,,captive_cultivated,leaf_epicuticular_wax_crystal_form,"Plates, semicircular to irregularly shaped, sinuate-edged, complete cover",plates,plates,mode,,,,,,Appendix I p.375,1,
Eucalyptus gardneri,species,,,360Wt,360Wt,360Wt,,captive_cultivated,leaf_epicuticular_wax_density,complete cover,complete,high,mode,,,,,,Appendix I p.375,1,Cover classes per Methods (e) p.344: complete/almost complete -> high; open -> open; sparse/isolated -> low.
Eucalyptus gardneri,species,,,360Wt,360Wt,360Wt,,captive_cultivated,leaf_wax_plate_edge,"Plates, semicircular to irregularly shaped, sinuate-edged, complete cover",sinuate,,mode,,,,,,Appendix I p.375,1,"Candidate trait, not in config/traits.yml (checked 2026-10). Plate margin per Methods (e) p.344: entire, sinuate, crenate or digitate (Figs. 2, 4-6); a hyphenated range (e.g. 'crenate-digitate') is recorded as both terms."
Eucalyptus gardneri,species,,,360Wt,360Wt,360Wt,,captive_cultivated,leaf_wax_plate_shape,"Plates, semicircular to irregularly shaped, sinuate-edged, complete cover",semicircular irregular,,mode,,,,,,Appendix I p.375,1,"Candidate trait, not in config/traits.yml (checked 2026-10)."
Eucalyptus cladocalyx,species,,,,CuSn,,,captive_cultivated,leaf_epicuticular_wax_crystal_form,"Plates, small crescent-shaped, entire-edged, open to sparse cover",plates,plates,mode,,,,,,Appendix I p.375,1,
Eucalyptus cladocalyx,species,,,,CuSn,,,captive_cultivated,leaf_epicuticular_wax_density,open to sparse cover,open_to_sparse,open low,mode,,,,,,Appendix I p.375,1,Cover classes per Methods (e) p.344: complete/almost complete -> high; open -> open; sparse/isolated -> low.
Eucalyptus cladocalyx,species,,,,CuSn,,,captive_cultivated,leaf_wax_plate_edge,"Plates, small crescent-shaped, entire-edged, open to sparse cover",entire,,mode,,,,,,Appendix I p.375,1,"Candidate trait, not in config/traits.yml (checked 2026-10). Plate margin per Methods (e) p.344: entire, sinuate, crenate or digitate (Figs. 2, 4-6); a hyphenated range (e.g. 'crenate-digitate') is recorded as both terms."
Eucalyptus cladocalyx,species,,,,CuSn,,,captive_cultivated,leaf_wax_plate_shape,"Plates, small crescent-shaped, entire-edged, open to sparse cover",crescent_shaped,,mode,,,,,,Appendix I p.375,1,"Candidate trait, not in config/traits.yml (checked 2026-10)."
Eucalyptus cladocalyx,species,,,,CuSn,,,captive_cultivated,leaf_wax_plate_size,"Plates, small crescent-shaped, entire-edged, open to sparse cover",small,,mode,,,,,,Appendix I p.375,1,"Candidate trait, not in config/traits.yml (checked 2026-10). Qualitative, relative to other eucalypt plate waxes; no dimensions given."
Eucalyptus accedens,species,,,487Wl,487Wl,487Wl,,captive_cultivated,leaf_epicuticular_wax_crystal_form,"Tubes, clustered, branching at acute angles, complete cover",tubes,tubes,mode,,,,,,Appendix I p.375,1,
Eucalyptus accedens,species,,,487Wl,487Wl,487Wl,,captive_cultivated,leaf_epicuticular_wax_density,complete cover,complete,high,mode,,,,,,Appendix I p.375,1,Cover classes per Methods (e) p.344: complete/almost complete -> high; open -> open; sparse/isolated -> low.
Eucalyptus accedens,species,,,487Wl,487Wl,487Wl,,captive_cultivated,leaf_wax_tube_branching,"Tubes, clustered, branching at acute angles, complete cover",acute_angle,,mode,,,,,,Appendix I p.375,1,"Candidate trait, not in config/traits.yml (checked 2026-10)."
Eucalyptus accedens,species,,,487Wl,487Wl,487Wl,,captive_cultivated,leaf_wax_crystal_arrangement,"Tubes, clustered, branching at acute angles, complete cover",clustered,,mode,,,,,,Appendix I p.375,1,"Candidate trait, not in config/traits.yml (checked 2026-10). Spatial arrangement of wax crystals on the leaf surface."
Eucalyptus desmondensis,species,,,95Cu; 347S; WA25; WA26,95Cu; 347S; WA25; WA26,95Cu; 347S; WA25; WA26,,field captive_cultivated,leaf_epicuticular_wax_crystal_form,"Tubes, not clustered, branching at acute angles, occasionally at right angles, complete cover",tubes,tubes,mode,,,,,,Appendix I p.375,1,
Eucalyptus desmondensis,species,,,95Cu; 347S; WA25; WA26,95Cu; 347S; WA25; WA26,95Cu; 347S; WA25; WA26,,field captive_cultivated,leaf_epicuticular_wax_density,complete cover,complete,high,mode,,,,,,Appendix I p.375,1,Cover classes per Methods (e) p.344: complete/almost complete -> high; open -> open; sparse/isolated -> low.
Eucalyptus desmondensis,species,,,95Cu; 347S; WA25; WA26,95Cu; 347S; WA25; WA26,95Cu; 347S; WA25; WA26,,field captive_cultivated,leaf_wax_tube_branching,"Tubes, not clustered, branching at acute angles, occasionally at right angles, complete cover",occasionally_branched acute_angle right_angle,,mode,,,,,,Appendix I p.375,1,"Candidate trait, not in config/traits.yml (checked 2026-10)."
Eucalyptus desmondensis,species,,,95Cu; 347S; WA25; WA26,95Cu; 347S; WA25; WA26,95Cu; 347S; WA25; WA26,,field captive_cultivated,leaf_wax_crystal_arrangement,"Tubes, not clustered, branching at acute angles, occasionally at right angles, complete cover",not_clustered,,mode,,,,,,Appendix I p.375,1,"Candidate trait, not in config/traits.yml (checked 2026-10). Spatial arrangement of wax crystals on the leaf surface."
Eucalyptus loxophleba,species,,,WA54,WA54,WA54,,field,leaf_epicuticular_wax_crystal_form,"Tubes, simple, unbranched or sometimes branching at acute angles, complete cover",tubes,tubes,mode,,,,,,Appendix I p.376,1,
Eucalyptus loxophleba,species,,,WA54,WA54,WA54,,field,leaf_epicuticular_wax_density,complete cover,complete,high,mode,,,,,,Appendix I p.376,1,Cover classes per Methods (e) p.344: complete/almost complete -> high; open -> open; sparse/isolated -> low.
Eucalyptus loxophleba,species,,,WA54,WA54,WA54,,field,leaf_wax_tube_complexity,"Tubes, simple, unbranched or sometimes branching at acute angles, complete cover",simple,,mode,,,,,,Appendix I p.376,1,"Candidate trait, not in config/traits.yml (checked 2026-10). Simple (rarely/sparingly branched) vs compound (many-branched, almost 'plumed', e.g. series Globulares) tubes -- Methods (e) p.344."
Eucalyptus loxophleba,species,,,WA54,WA54,WA54,,field,leaf_wax_tube_branching,"Tubes, simple, unbranched or sometimes branching at acute angles, complete cover",rarely_branched acute_angle,,mode,,,,,,Appendix I p.376,1,"Candidate trait, not in config/traits.yml (checked 2026-10)."
Eucalyptus oraria,species,,,432Wt; 482Wl; WA63; WA83; WA79,432Wt; 482Wl; WA63; WA83; WA79,432Wt; 482Wl; WA63; WA83; WA79,,field captive_cultivated,leaf_epicuticular_wax_crystal_form,"Plates and tubes, plates crescent-shaped, entire-edged, few and clumped, tubes simple, wide, open cover",plates tubes,plates tubes,mode,,,,,,Appendix I p.376,1,"Text p.351: considerable variability, ranging from a clumped system of plates with a few wide tubes scattered to a complete absence of tube wax."
Eucalyptus oraria,species,,,432Wt; 482Wl; WA63; WA83; WA79,432Wt; 482Wl; WA63; WA83; WA79,432Wt; 482Wl; WA63; WA83; WA79,,field captive_cultivated,leaf_epicuticular_wax_density,open cover,open,open,mode,,,,,,Appendix I p.376,1,Cover classes per Methods (e) p.344: complete/almost complete -> high; open -> open; sparse/isolated -> low.
Eucalyptus oraria,species,,,432Wt; 482Wl; WA63; WA83; WA79,432Wt; 482Wl; WA63; WA83; WA79,432Wt; 482Wl; WA63; WA83; WA79,,field captive_cultivated,leaf_wax_plate_edge,"plates crescent-shaped, entire-edged, few and clumped",entire,,mode,,,,,,Appendix I p.376,1,"Candidate trait, not in config/traits.yml (checked 2026-10). Plate margin per Methods (e) p.344: entire, sinuate, crenate or digitate (Figs. 2, 4-6); a hyphenated range (e.g. 'crenate-digitate') is recorded as both terms."
Eucalyptus oraria,species,,,432Wt; 482Wl; WA63; WA83; WA79,432Wt; 482Wl; WA63; WA83; WA79,432Wt; 482Wl; WA63; WA83; WA79,,field captive_cultivated,leaf_wax_plate_shape,"plates crescent-shaped, entire-edged, few and clumped",crescent_shaped,,mode,,,,,,Appendix I p.376,1,"Candidate trait, not in config/traits.yml (checked 2026-10)."
Eucalyptus oraria,species,,,432Wt; 482Wl; WA63; WA83; WA79,432Wt; 482Wl; WA63; WA83; WA79,432Wt; 482Wl; WA63; WA83; WA79,,field captive_cultivated,leaf_wax_tube_complexity,"tubes simple, wide, open cover",simple,,mode,,,,,,Appendix I p.376,1,"Candidate trait, not in config/traits.yml (checked 2026-10). Simple (rarely/sparingly branched) vs compound (many-branched, almost 'plumed', e.g. series Globulares) tubes -- Methods (e) p.344."
Eucalyptus oraria,species,,,432Wt; 482Wl; WA63; WA83; WA79,432Wt; 482Wl; WA63; WA83; WA79,432Wt; 482Wl; WA63; WA83; WA79,,field captive_cultivated,leaf_wax_tube_size,"tubes simple, wide, open cover",wide,,mode,,,,,,Appendix I p.376,1,"Candidate trait, not in config/traits.yml (checked 2026-10). Qualitative; no dimensions given."
Eucalyptus oraria,species,,,432Wt; 482Wl; WA63; WA83; WA79,432Wt; 482Wl; WA63; WA83; WA79,432Wt; 482Wl; WA63; WA83; WA79,,field captive_cultivated,leaf_wax_crystal_arrangement,"Plates and tubes, plates crescent-shaped, entire-edged, few and clumped, tubes simple, wide, open cover",clumped,,mode,,,,,,Appendix I p.376,1,"Candidate trait, not in config/traits.yml (checked 2026-10). Spatial arrangement of wax crystals on the leaf surface."
Eucalyptus oraria,species,,,432Wt; 482Wl; WA63; WA83; WA79,432Wt; 482Wl; WA63; WA83; WA79,432Wt; 482Wl; WA63; WA83; WA79,,field captive_cultivated,leaf_wax_plate_tube_proportion,few and clumped,plates_rare,,mode,,,,,,Appendix I p.376,1,"Candidate trait, not in config/traits.yml (checked 2026-10). Relative abundance of plates vs tubes in a mixed wax; verbatim qualifier."
Eucalyptus comitae-vallis,species,,,375Wt,375Wt,375Wt,,captive_cultivated,leaf_epicuticular_wax_crystal_form,"Plates, crescent-shaped, entire-edged, sparse cover",plates,plates,mode,,,,,,Appendix I p.376,1,
Eucalyptus comitae-vallis,species,,,375Wt,375Wt,375Wt,,captive_cultivated,leaf_epicuticular_wax_density,sparse cover,sparse,low,mode,,,,,,Appendix I p.376,1,Cover classes per Methods (e) p.344: complete/almost complete -> high; open -> open; sparse/isolated -> low.
Eucalyptus comitae-vallis,species,,,375Wt,375Wt,375Wt,,captive_cultivated,leaf_wax_plate_edge,"Plates, crescent-shaped, entire-edged, sparse cover",entire,,mode,,,,,,Appendix I p.376,1,"Candidate trait, not in config/traits.yml (checked 2026-10). Plate margin per Methods (e) p.344: entire, sinuate, crenate or digitate (Figs. 2, 4-6); a hyphenated range (e.g. 'crenate-digitate') is recorded as both terms."
Eucalyptus comitae-vallis,species,,,375Wt,375Wt,375Wt,,captive_cultivated,leaf_wax_plate_shape,"Plates, crescent-shaped, entire-edged, sparse cover",crescent_shaped,,mode,,,,,,Appendix I p.376,1,"Candidate trait, not in config/traits.yml (checked 2026-10)."
Eucalyptus dundasii,species,,,416Wt; WA58; WA71; WA64,416Wt; WA58; WA71; WA64,416Wt; WA58; WA71; WA64,,field captive_cultivated,leaf_epicuticular_wax_crystal_form,"Plates, large, crescent-shaped, entire-edged, sparse to open cover",plates,plates,mode,,,,,,Appendix I p.376,1,
Eucalyptus dundasii,species,,,416Wt; WA58; WA71; WA64,416Wt; WA58; WA71; WA64,416Wt; WA58; WA71; WA64,,field captive_cultivated,leaf_epicuticular_wax_density,sparse to open cover,sparse_to_open,open low,mode,,,,,,Appendix I p.376,1,Cover classes per Methods (e) p.344: complete/almost complete -> high; open -> open; sparse/isolated -> low.
Eucalyptus dundasii,species,,,416Wt; WA58; WA71; WA64,416Wt; WA58; WA71; WA64,416Wt; WA58; WA71; WA64,,field captive_cultivated,leaf_wax_plate_edge,"Plates, large, crescent-shaped, entire-edged, sparse to open cover",entire,,mode,,,,,,Appendix I p.376,1,"Candidate trait, not in config/traits.yml (checked 2026-10). Plate margin per Methods (e) p.344: entire, sinuate, crenate or digitate (Figs. 2, 4-6); a hyphenated range (e.g. 'crenate-digitate') is recorded as both terms."
Eucalyptus dundasii,species,,,416Wt; WA58; WA71; WA64,416Wt; WA58; WA71; WA64,416Wt; WA58; WA71; WA64,,field captive_cultivated,leaf_wax_plate_shape,"Plates, large, crescent-shaped, entire-edged, sparse to open cover",crescent_shaped,,mode,,,,,,Appendix I p.376,1,"Candidate trait, not in config/traits.yml (checked 2026-10)."
Eucalyptus dundasii,species,,,416Wt; WA58; WA71; WA64,416Wt; WA58; WA71; WA64,416Wt; WA58; WA71; WA64,,field captive_cultivated,leaf_wax_plate_size,"Plates, large, crescent-shaped, entire-edged, sparse to open cover",large,,mode,,,,,,Appendix I p.376,1,"Candidate trait, not in config/traits.yml (checked 2026-10). Qualitative, relative to other eucalypt plate waxes; no dimensions given."
Eucalyptus incrassata,species,,,483SA,483SA,483SA,,field,leaf_epicuticular_wax_crystal_form,"Plates, crescent-shaped, entire-edged, sparse cover",plates,plates,mode,,,,,,Appendix I p.376,1,
Eucalyptus incrassata,species,,,483SA,483SA,483SA,,field,leaf_epicuticular_wax_density,sparse cover,sparse,low,mode,,,,,,Appendix I p.376,1,Cover classes per Methods (e) p.344: complete/almost complete -> high; open -> open; sparse/isolated -> low.
Eucalyptus incrassata,species,,,483SA,483SA,483SA,,field,leaf_wax_plate_edge,"Plates, crescent-shaped, entire-edged, sparse cover",entire,,mode,,,,,,Appendix I p.376,1,"Candidate trait, not in config/traits.yml (checked 2026-10). Plate margin per Methods (e) p.344: entire, sinuate, crenate or digitate (Figs. 2, 4-6); a hyphenated range (e.g. 'crenate-digitate') is recorded as both terms."
Eucalyptus incrassata,species,,,483SA,483SA,483SA,,field,leaf_wax_plate_shape,"Plates, crescent-shaped, entire-edged, sparse cover",crescent_shaped,,mode,,,,,,Appendix I p.376,1,"Candidate trait, not in config/traits.yml (checked 2026-10)."
Eucalyptus diptera,species,,,489Wl,489Wl,489Wl,,captive_cultivated,leaf_epicuticular_wax_crystal_form,"Plates, crescent or pyramidal-shaped, entire-edged, sparse cover",plates,plates,mode,,,,,,Appendix I p.376,1,
Eucalyptus diptera,species,,,489Wl,489Wl,489Wl,,captive_cultivated,leaf_epicuticular_wax_density,sparse cover,sparse,low,mode,,,,,,Appendix I p.376,1,Cover classes per Methods (e) p.344: complete/almost complete -> high; open -> open; sparse/isolated -> low.
Eucalyptus diptera,species,,,489Wl,489Wl,489Wl,,captive_cultivated,leaf_wax_plate_edge,"Plates, crescent or pyramidal-shaped, entire-edged, sparse cover",entire,,mode,,,,,,Appendix I p.376,1,"Candidate trait, not in config/traits.yml (checked 2026-10). Plate margin per Methods (e) p.344: entire, sinuate, crenate or digitate (Figs. 2, 4-6); a hyphenated range (e.g. 'crenate-digitate') is recorded as both terms."
Eucalyptus diptera,species,,,489Wl,489Wl,489Wl,,captive_cultivated,leaf_wax_plate_shape,"Plates, crescent or pyramidal-shaped, entire-edged, sparse cover",crescent_shaped pyramidal,,mode,,,,,,Appendix I p.376,1,"Candidate trait, not in config/traits.yml (checked 2026-10)."
Eucalyptus conglobata,species,,,346S,346S,346S,,captive_cultivated,leaf_epicuticular_wax_crystal_form,"Tubes, simple, branching at acute angles, rather blunt, isolated",tubes,tubes,mode,,,,,,Appendix I p.376,1,
Eucalyptus conglobata,species,,,346S,346S,346S,,captive_cultivated,leaf_epicuticular_wax_density,isolated,isolated,low,mode,,,,,,Appendix I p.376,1,Cover classes per Methods (e) p.344: complete/almost complete -> high; open -> open; sparse/isolated -> low.
Eucalyptus conglobata,species,,,346S,346S,346S,,captive_cultivated,leaf_wax_tube_complexity,"Tubes, simple, branching at acute angles, rather blunt, isolated",simple,,mode,,,,,,Appendix I p.376,1,"Candidate trait, not in config/traits.yml (checked 2026-10). Simple (rarely/sparingly branched) vs compound (many-branched, almost 'plumed', e.g. series Globulares) tubes -- Methods (e) p.344."
Eucalyptus conglobata,species,,,346S,346S,346S,,captive_cultivated,leaf_wax_tube_branching,"Tubes, simple, branching at acute angles, rather blunt, isolated",acute_angle,,mode,,,,,,Appendix I p.376,1,"Candidate trait, not in config/traits.yml (checked 2026-10)."
Eucalyptus anceps,species,,,352S,352S,352S,,captive_cultivated,leaf_epicuticular_wax_crystal_form,"Plates and tubes, plates irregularly shaped, sinuate-edged",plates tubes,plates tubes,mode,,,,,,Appendix I p.376,1,
Eucalyptus anceps,species,,,352S,352S,352S,,captive_cultivated,leaf_epicuticular_wax_density,,,,mode,,,,,,Appendix I p.376,1,"No cover density given in Appendix I description ('Plates and tubes, plates irregularly shaped, sinuate-edged')."
Eucalyptus anceps,species,,,352S,352S,352S,,captive_cultivated,leaf_wax_plate_edge,"plates irregularly shaped, sinuate-edged",sinuate,,mode,,,,,,Appendix I p.376,1,"Candidate trait, not in config/traits.yml (checked 2026-10). Plate margin per Methods (e) p.344: entire, sinuate, crenate or digitate (Figs. 2, 4-6); a hyphenated range (e.g. 'crenate-digitate') is recorded as both terms."
Eucalyptus anceps,species,,,352S,352S,352S,,captive_cultivated,leaf_wax_plate_shape,"plates irregularly shaped, sinuate-edged",irregular,,mode,,,,,,Appendix I p.376,1,"Candidate trait, not in config/traits.yml (checked 2026-10)."
Eucalyptus dumosa,species,,,201Ch; 477SA,201Ch; 477SA,201Ch; 477SA,,field captive_cultivated,leaf_epicuticular_wax_crystal_form,"Plates and tubes, plates irregularly shaped, sinuate-edged",plates tubes,plates tubes,mode,,,,,,Appendix I p.376,1,
Eucalyptus dumosa,species,,,201Ch; 477SA,201Ch; 477SA,201Ch; 477SA,,field captive_cultivated,leaf_epicuticular_wax_density,,,,mode,,,,,,Appendix I p.376,1,"No cover density given in Appendix I description ('Plates and tubes, plates irregularly shaped, sinuate-edged')."
Eucalyptus dumosa,species,,,201Ch; 477SA,201Ch; 477SA,201Ch; 477SA,,field captive_cultivated,leaf_wax_plate_edge,"plates irregularly shaped, sinuate-edged",sinuate,,mode,,,,,,Appendix I p.376,1,"Candidate trait, not in config/traits.yml (checked 2026-10). Plate margin per Methods (e) p.344: entire, sinuate, crenate or digitate (Figs. 2, 4-6); a hyphenated range (e.g. 'crenate-digitate') is recorded as both terms."
Eucalyptus dumosa,species,,,201Ch; 477SA,201Ch; 477SA,201Ch; 477SA,,field captive_cultivated,leaf_wax_plate_shape,"plates irregularly shaped, sinuate-edged",irregular,,mode,,,,,,Appendix I p.376,1,"Candidate trait, not in config/traits.yml (checked 2026-10)."
Eucalyptus brachycalyx,species,,,341S,341S,341S,,captive_cultivated,leaf_epicuticular_wax_crystal_form,"Tubes, branching at right or acute angles, some spiral, open cover",tubes,tubes,mode,,,,,,Appendix I p.376,1,
Eucalyptus brachycalyx,species,,,341S,341S,341S,,captive_cultivated,leaf_epicuticular_wax_density,open cover,open,open,mode,,,,,,Appendix I p.376,1,Cover classes per Methods (e) p.344: complete/almost complete -> high; open -> open; sparse/isolated -> low.
Eucalyptus brachycalyx,species,,,341S,341S,341S,,captive_cultivated,leaf_wax_tube_branching,"Tubes, branching at right or acute angles, some spiral, open cover",acute_angle right_angle,,mode,,,,,,Appendix I p.376,1,"Candidate trait, not in config/traits.yml (checked 2026-10)."
Eucalyptus pileata,species,,,344S,344S,344S,,captive_cultivated,leaf_epicuticular_wax_crystal_form,"Plates, irregularly shaped, entire-edged, isolated",plates,plates,mode,,,,,,Appendix I p.376,1,
Eucalyptus pileata,species,,,344S,344S,344S,,captive_cultivated,leaf_epicuticular_wax_density,isolated,isolated,low,mode,,,,,,Appendix I p.376,1,Cover classes per Methods (e) p.344: complete/almost complete -> high; open -> open; sparse/isolated -> low.
Eucalyptus pileata,species,,,344S,344S,344S,,captive_cultivated,leaf_wax_plate_edge,"Plates, irregularly shaped, entire-edged, isolated",entire,,mode,,,,,,Appendix I p.376,1,"Candidate trait, not in config/traits.yml (checked 2026-10). Plate margin per Methods (e) p.344: entire, sinuate, crenate or digitate (Figs. 2, 4-6); a hyphenated range (e.g. 'crenate-digitate') is recorded as both terms."
Eucalyptus pileata,species,,,344S,344S,344S,,captive_cultivated,leaf_wax_plate_shape,"Plates, irregularly shaped, entire-edged, isolated",irregular,,mode,,,,,,Appendix I p.376,1,"Candidate trait, not in config/traits.yml (checked 2026-10)."
Eucalyptus dongarraensis,species,,,408Wt; WA82,408Wt; WA82,408Wt; WA82,,field captive_cultivated,leaf_epicuticular_wax_crystal_form,"Plates, irregularly shaped, crenate-digitate-edged, complete cover",plates,plates,mode,,,,,,Appendix I p.376,1,
Eucalyptus dongarraensis,species,,,408Wt; WA82,408Wt; WA82,408Wt; WA82,,field captive_cultivated,leaf_epicuticular_wax_density,complete cover,complete,high,mode,,,,,,Appendix I p.376,1,Cover classes per Methods (e) p.344: complete/almost complete -> high; open -> open; sparse/isolated -> low.
Eucalyptus dongarraensis,species,,,408Wt; WA82,408Wt; WA82,408Wt; WA82,,field captive_cultivated,leaf_wax_plate_edge,"Plates, irregularly shaped, crenate-digitate-edged, complete cover",crenate digitate,,mode,,,,,,Appendix I p.376,1,"Candidate trait, not in config/traits.yml (checked 2026-10). Plate margin per Methods (e) p.344: entire, sinuate, crenate or digitate (Figs. 2, 4-6); a hyphenated range (e.g. 'crenate-digitate') is recorded as both terms."
Eucalyptus dongarraensis,species,,,408Wt; WA82,408Wt; WA82,408Wt; WA82,,field captive_cultivated,leaf_wax_plate_shape,"Plates, irregularly shaped, crenate-digitate-edged, complete cover",irregular,,mode,,,,,,Appendix I p.376,1,"Candidate trait, not in config/traits.yml (checked 2026-10)."
Eucalyptus kondininensis,species,,,491Wl,491Wl,491Wl,,captive_cultivated,leaf_epicuticular_wax_crystal_form,"Plates, irregularly crescent-shaped, entire-edged, isolated",plates,plates,mode,,,,,,Appendix I p.376,1,
Eucalyptus kondininensis,species,,,491Wl,491Wl,491Wl,,captive_cultivated,leaf_epicuticular_wax_density,isolated,isolated,low,mode,,,,,,Appendix I p.376,1,Cover classes per Methods (e) p.344: complete/almost complete -> high; open -> open; sparse/isolated -> low.
Eucalyptus kondininensis,species,,,491Wl,491Wl,491Wl,,captive_cultivated,leaf_wax_plate_edge,"Plates, irregularly crescent-shaped, entire-edged, isolated",entire,,mode,,,,,,Appendix I p.376,1,"Candidate trait, not in config/traits.yml (checked 2026-10). Plate margin per Methods (e) p.344: entire, sinuate, crenate or digitate (Figs. 2, 4-6); a hyphenated range (e.g. 'crenate-digitate') is recorded as both terms."
Eucalyptus kondininensis,species,,,491Wl,491Wl,491Wl,,captive_cultivated,leaf_wax_plate_shape,"Plates, irregularly crescent-shaped, entire-edged, isolated",crescent_shaped irregular,,mode,,,,,,Appendix I p.376,1,"Candidate trait, not in config/traits.yml (checked 2026-10)."
Eucalyptus platycorys,species,,,WA49,WA49,WA49,,field,leaf_epicuticular_wax_crystal_form,"Plates, irregularly crescent-shaped, entire-edged, isolated",plates,plates,mode,,,,,,Appendix I p.376,1,
Eucalyptus platycorys,species,,,WA49,WA49,WA49,,field,leaf_epicuticular_wax_density,isolated,isolated,low,mode,,,,,,Appendix I p.376,1,Cover classes per Methods (e) p.344: complete/almost complete -> high; open -> open; sparse/isolated -> low.
Eucalyptus platycorys,species,,,WA49,WA49,WA49,,field,leaf_wax_plate_edge,"Plates, irregularly crescent-shaped, entire-edged, isolated",entire,,mode,,,,,,Appendix I p.376,1,"Candidate trait, not in config/traits.yml (checked 2026-10). Plate margin per Methods (e) p.344: entire, sinuate, crenate or digitate (Figs. 2, 4-6); a hyphenated range (e.g. 'crenate-digitate') is recorded as both terms."
Eucalyptus platycorys,species,,,WA49,WA49,WA49,,field,leaf_wax_plate_shape,"Plates, irregularly crescent-shaped, entire-edged, isolated",crescent_shaped irregular,,mode,,,,,,Appendix I p.376,1,"Candidate trait, not in config/traits.yml (checked 2026-10)."
Eucalyptus concinna,species,,,370Wt,370Wt,370Wt,,captive_cultivated,leaf_epicuticular_wax_crystal_form,"Plates, irregularly shaped, entire-edged, sparse cover",plates,plates,mode,,,,,,Appendix I p.376,1,
Eucalyptus concinna,species,,,370Wt,370Wt,370Wt,,captive_cultivated,leaf_epicuticular_wax_density,sparse cover,sparse,low,mode,,,,,,Appendix I p.376,1,Cover classes per Methods (e) p.344: complete/almost complete -> high; open -> open; sparse/isolated -> low.
Eucalyptus concinna,species,,,370Wt,370Wt,370Wt,,captive_cultivated,leaf_wax_plate_edge,"Plates, irregularly shaped, entire-edged, sparse cover",entire,,mode,,,,,,Appendix I p.376,1,"Candidate trait, not in config/traits.yml (checked 2026-10). Plate margin per Methods (e) p.344: entire, sinuate, crenate or digitate (Figs. 2, 4-6); a hyphenated range (e.g. 'crenate-digitate') is recorded as both terms."
Eucalyptus concinna,species,,,370Wt,370Wt,370Wt,,captive_cultivated,leaf_wax_plate_shape,"Plates, irregularly shaped, entire-edged, sparse cover",irregular,,mode,,,,,,Appendix I p.376,1,"Candidate trait, not in config/traits.yml (checked 2026-10)."
Eucalyptus corrugata,species,,,427Wt,427Wt,427Wt,,captive_cultivated,leaf_epicuticular_wax_crystal_form,"Plates, irregularly shaped, entire-edged, sparse cover",plates,plates,mode,,,,,,Appendix I p.376,1,
Eucalyptus corrugata,species,,,427Wt,427Wt,427Wt,,captive_cultivated,leaf_epicuticular_wax_density,sparse cover,sparse,low,mode,,,,,,Appendix I p.376,1,Cover classes per Methods (e) p.344: complete/almost complete -> high; open -> open; sparse/isolated -> low.
Eucalyptus corrugata,species,,,427Wt,427Wt,427Wt,,captive_cultivated,leaf_wax_plate_edge,"Plates, irregularly shaped, entire-edged, sparse cover",entire,,mode,,,,,,Appendix I p.376,1,"Candidate trait, not in config/traits.yml (checked 2026-10). Plate margin per Methods (e) p.344: entire, sinuate, crenate or digitate (Figs. 2, 4-6); a hyphenated range (e.g. 'crenate-digitate') is recorded as both terms."
Eucalyptus corrugata,species,,,427Wt,427Wt,427Wt,,captive_cultivated,leaf_wax_plate_shape,"Plates, irregularly shaped, entire-edged, sparse cover",irregular,,mode,,,,,,Appendix I p.376,1,"Candidate trait, not in config/traits.yml (checked 2026-10)."
Eucalyptus clelandii,species,,,356S; WA18; WA74,356S; WA18; WA74,356S; WA18; WA74,,field captive_cultivated,leaf_epicuticular_wax_crystal_form,"Plates, irregularly shaped, entire-edged, isolated",plates,plates,mode,,,,,,Appendix I p.376,1,
Eucalyptus clelandii,species,,,356S; WA18; WA74,356S; WA18; WA74,356S; WA18; WA74,,field captive_cultivated,leaf_epicuticular_wax_density,isolated,isolated,low,mode,,,,,,Appendix I p.376,1,Cover classes per Methods (e) p.344: complete/almost complete -> high; open -> open; sparse/isolated -> low.
Eucalyptus clelandii,species,,,356S; WA18; WA74,356S; WA18; WA74,356S; WA18; WA74,,field captive_cultivated,leaf_wax_plate_edge,"Plates, irregularly shaped, entire-edged, isolated",entire,,mode,,,,,,Appendix I p.376,1,"Candidate trait, not in config/traits.yml (checked 2026-10). Plate margin per Methods (e) p.344: entire, sinuate, crenate or digitate (Figs. 2, 4-6); a hyphenated range (e.g. 'crenate-digitate') is recorded as both terms."
Eucalyptus clelandii,species,,,356S; WA18; WA74,356S; WA18; WA74,356S; WA18; WA74,,field captive_cultivated,leaf_wax_plate_shape,"Plates, irregularly shaped, entire-edged, isolated",irregular,,mode,,,,,,Appendix I p.376,1,"Candidate trait, not in config/traits.yml (checked 2026-10)."
Eucalyptus lesouefii,species,,,WA69,WA69,WA69,,field,leaf_epicuticular_wax_crystal_form,"Plates, irregularly shaped, sinuate-edged, complete cover",plates,plates,mode,,,,,,Appendix I p.376,1,
Eucalyptus lesouefii,species,,,WA69,WA69,WA69,,field,leaf_epicuticular_wax_density,complete cover,complete,high,mode,,,,,,Appendix I p.376,1,Cover classes per Methods (e) p.344: complete/almost complete -> high; open -> open; sparse/isolated -> low.
Eucalyptus lesouefii,species,,,WA69,WA69,WA69,,field,leaf_wax_plate_edge,"Plates, irregularly shaped, sinuate-edged, complete cover",sinuate,,mode,,,,,,Appendix I p.376,1,"Candidate trait, not in config/traits.yml (checked 2026-10). Plate margin per Methods (e) p.344: entire, sinuate, crenate or digitate (Figs. 2, 4-6); a hyphenated range (e.g. 'crenate-digitate') is recorded as both terms."
Eucalyptus lesouefii,species,,,WA69,WA69,WA69,,field,leaf_wax_plate_shape,"Plates, irregularly shaped, sinuate-edged, complete cover",irregular,,mode,,,,,,Appendix I p.376,1,"Candidate trait, not in config/traits.yml (checked 2026-10)."
"Eucalyptus ""pterocarpa""",species,,,431Wt,431Wt,431Wt,,captive_cultivated,leaf_epicuticular_wax_crystal_form,"Plates, irregularly shaped, entire-edged, sparse cover",plates,plates,mode,,,,,,Appendix I p.376,1,"Footnote p.376: cultivated form, possibly of hybrid origin. Listed in Table 3 Group 3 (sinuate-crenate plates, complete cover) -- conflicts with Appendix I."
"Eucalyptus ""pterocarpa""",species,,,431Wt,431Wt,431Wt,,captive_cultivated,leaf_epicuticular_wax_density,sparse cover,sparse,low,mode,,,,,,Appendix I p.376,1,Cover classes per Methods (e) p.344: complete/almost complete -> high; open -> open; sparse/isolated -> low.
"Eucalyptus ""pterocarpa""",species,,,431Wt,431Wt,431Wt,,captive_cultivated,leaf_wax_plate_edge,"Plates, irregularly shaped, entire-edged, sparse cover",entire,,mode,,,,,,Appendix I p.376,1,"Candidate trait, not in config/traits.yml (checked 2026-10). Plate margin per Methods (e) p.344: entire, sinuate, crenate or digitate (Figs. 2, 4-6); a hyphenated range (e.g. 'crenate-digitate') is recorded as both terms."
"Eucalyptus ""pterocarpa""",species,,,431Wt,431Wt,431Wt,,captive_cultivated,leaf_wax_plate_shape,"Plates, irregularly shaped, entire-edged, sparse cover",irregular,,mode,,,,,,Appendix I p.376,1,"Candidate trait, not in config/traits.yml (checked 2026-10)."
Eucalyptus torquata,species,,,WA42,WA42,WA42,,field,leaf_epicuticular_wax_crystal_form,"Plates, fan-shaped, crenate-edged, complete cover",plates,plates,mode,,,,,,Appendix I p.376,1,
Eucalyptus torquata,species,,,WA42,WA42,WA42,,field,leaf_epicuticular_wax_density,complete cover,complete,high,mode,,,,,,Appendix I p.376,1,Cover classes per Methods (e) p.344: complete/almost complete -> high; open -> open; sparse/isolated -> low.
Eucalyptus torquata,species,,,WA42,WA42,WA42,,field,leaf_wax_plate_edge,"Plates, fan-shaped, crenate-edged, complete cover",crenate,,mode,,,,,,Appendix I p.376,1,"Candidate trait, not in config/traits.yml (checked 2026-10). Plate margin per Methods (e) p.344: entire, sinuate, crenate or digitate (Figs. 2, 4-6); a hyphenated range (e.g. 'crenate-digitate') is recorded as both terms."
Eucalyptus torquata,species,,,WA42,WA42,WA42,,field,leaf_wax_plate_shape,"Plates, fan-shaped, crenate-edged, complete cover",fan_shaped,,mode,,,,,,Appendix I p.376,1,"Candidate trait, not in config/traits.yml (checked 2026-10)."
Eucalyptus stoatei,species,,,203Ch,203Ch,203Ch,,captive_cultivated,leaf_epicuticular_wax_crystal_form,"Plates, irregularly shaped, entire-edged, isolated",plates,plates,mode,,,,,,Appendix I p.376,1,
Eucalyptus stoatei,species,,,203Ch,203Ch,203Ch,,captive_cultivated,leaf_epicuticular_wax_density,isolated,isolated,low,mode,,,,,,Appendix I p.376,1,Cover classes per Methods (e) p.344: complete/almost complete -> high; open -> open; sparse/isolated -> low.
Eucalyptus stoatei,species,,,203Ch,203Ch,203Ch,,captive_cultivated,leaf_wax_plate_edge,"Plates, irregularly shaped, entire-edged, isolated",entire,,mode,,,,,,Appendix I p.376,1,"Candidate trait, not in config/traits.yml (checked 2026-10). Plate margin per Methods (e) p.344: entire, sinuate, crenate or digitate (Figs. 2, 4-6); a hyphenated range (e.g. 'crenate-digitate') is recorded as both terms."
Eucalyptus stoatei,species,,,203Ch,203Ch,203Ch,,captive_cultivated,leaf_wax_plate_shape,"Plates, irregularly shaped, entire-edged, isolated",irregular,,mode,,,,,,Appendix I p.376,1,"Candidate trait, not in config/traits.yml (checked 2026-10)."
Eucalyptus goniantha,species,,,366Wt,366Wt,366Wt,,captive_cultivated,leaf_epicuticular_wax_crystal_form,"Plates, irregularly shaped, crenate-edged, complete cover",plates,plates,mode,,,,,,Appendix I p.376,1,
Eucalyptus goniantha,species,,,366Wt,366Wt,366Wt,,captive_cultivated,leaf_epicuticular_wax_density,complete cover,complete,high,mode,,,,,,Appendix I p.376,1,Cover classes per Methods (e) p.344: complete/almost complete -> high; open -> open; sparse/isolated -> low.
Eucalyptus goniantha,species,,,366Wt,366Wt,366Wt,,captive_cultivated,leaf_wax_plate_edge,"Plates, irregularly shaped, crenate-edged, complete cover",crenate,,mode,,,,,,Appendix I p.376,1,"Candidate trait, not in config/traits.yml (checked 2026-10). Plate margin per Methods (e) p.344: entire, sinuate, crenate or digitate (Figs. 2, 4-6); a hyphenated range (e.g. 'crenate-digitate') is recorded as both terms."
Eucalyptus goniantha,species,,,366Wt,366Wt,366Wt,,captive_cultivated,leaf_wax_plate_shape,"Plates, irregularly shaped, crenate-edged, complete cover",irregular,,mode,,,,,,Appendix I p.376,1,"Candidate trait, not in config/traits.yml (checked 2026-10)."
Eucalyptus pimpiniana,species,,,362S; 492Wl,362S; 492Wl,362S; 492Wl,,captive_cultivated,leaf_epicuticular_wax_crystal_form,"Plates, irregularly shaped, crenate-edged, complete cover",plates,plates,mode,,,,,,Appendix I p.376,1,
Eucalyptus pimpiniana,species,,,362S; 492Wl,362S; 492Wl,362S; 492Wl,,captive_cultivated,leaf_epicuticular_wax_density,complete cover,complete,high,mode,,,,,,Appendix I p.376,1,Cover classes per Methods (e) p.344: complete/almost complete -> high; open -> open; sparse/isolated -> low.
Eucalyptus pimpiniana,species,,,362S; 492Wl,362S; 492Wl,362S; 492Wl,,captive_cultivated,leaf_wax_plate_edge,"Plates, irregularly shaped, crenate-edged, complete cover",crenate,,mode,,,,,,Appendix I p.376,1,"Candidate trait, not in config/traits.yml (checked 2026-10). Plate margin per Methods (e) p.344: entire, sinuate, crenate or digitate (Figs. 2, 4-6); a hyphenated range (e.g. 'crenate-digitate') is recorded as both terms."
Eucalyptus pimpiniana,species,,,362S; 492Wl,362S; 492Wl,362S; 492Wl,,captive_cultivated,leaf_wax_plate_shape,"Plates, irregularly shaped, crenate-edged, complete cover",irregular,,mode,,,,,,Appendix I p.376,1,"Candidate trait, not in config/traits.yml (checked 2026-10)."
Eucalyptus doratoxylon,species,,,429Wt,429Wt,429Wt,,captive_cultivated,leaf_epicuticular_wax_crystal_form,"Plates, irregularly shaped, crenate, complete cover",plates,plates,mode,,,,,,Appendix I p.376,1,
Eucalyptus doratoxylon,species,,,429Wt,429Wt,429Wt,,captive_cultivated,leaf_epicuticular_wax_density,complete cover,complete,high,mode,,,,,,Appendix I p.376,1,Cover classes per Methods (e) p.344: complete/almost complete -> high; open -> open; sparse/isolated -> low.
Eucalyptus doratoxylon,species,,,429Wt,429Wt,429Wt,,captive_cultivated,leaf_wax_plate_edge,"Plates, irregularly shaped, crenate, complete cover",crenate,,mode,,,,,,Appendix I p.376,1,"Candidate trait, not in config/traits.yml (checked 2026-10). Plate margin per Methods (e) p.344: entire, sinuate, crenate or digitate (Figs. 2, 4-6); a hyphenated range (e.g. 'crenate-digitate') is recorded as both terms."
Eucalyptus doratoxylon,species,,,429Wt,429Wt,429Wt,,captive_cultivated,leaf_wax_plate_shape,"Plates, irregularly shaped, crenate, complete cover",irregular,,mode,,,,,,Appendix I p.376,1,"Candidate trait, not in config/traits.yml (checked 2026-10)."
Eucalyptus erythronema,species,,,385Wt; WA55; 223Cb,385Wt; WA55; 223Cb,385Wt; WA55; 223Cb,,field captive_cultivated,leaf_epicuticular_wax_crystal_form,"Tubes, simple, branching at right angles, open cover",tubes,tubes,mode,,,,,,Appendix I p.376,1,
Eucalyptus erythronema,species,,,385Wt; WA55; 223Cb,385Wt; WA55; 223Cb,385Wt; WA55; 223Cb,,field captive_cultivated,leaf_epicuticular_wax_density,open cover,open,open,mode,,,,,,Appendix I p.376,1,Cover classes per Methods (e) p.344: complete/almost complete -> high; open -> open; sparse/isolated -> low.
Eucalyptus erythronema,species,,,385Wt; WA55; 223Cb,385Wt; WA55; 223Cb,385Wt; WA55; 223Cb,,field captive_cultivated,leaf_wax_tube_complexity,"Tubes, simple, branching at right angles, open cover",simple,,mode,,,,,,Appendix I p.376,1,"Candidate trait, not in config/traits.yml (checked 2026-10). Simple (rarely/sparingly branched) vs compound (many-branched, almost 'plumed', e.g. series Globulares) tubes -- Methods (e) p.344."
Eucalyptus erythronema,species,,,385Wt; WA55; 223Cb,385Wt; WA55; 223Cb,385Wt; WA55; 223Cb,,field captive_cultivated,leaf_wax_tube_branching,"Tubes, simple, branching at right angles, open cover",right_angle,,mode,,,,,,Appendix I p.376,1,"Candidate trait, not in config/traits.yml (checked 2026-10)."
Eucalyptus dielsii,species,,,378Wt,378Wt,378Wt,,captive_cultivated,leaf_epicuticular_wax_crystal_form,"Plates, irregularly shaped, sinuate-edged, complete cover",plates,plates,mode,,,,,,Appendix I p.376,1,
Eucalyptus dielsii,species,,,378Wt,378Wt,378Wt,,captive_cultivated,leaf_epicuticular_wax_density,complete cover,complete,high,mode,,,,,,Appendix I p.376,1,Cover classes per Methods (e) p.344: complete/almost complete -> high; open -> open; sparse/isolated -> low.
Eucalyptus dielsii,species,,,378Wt,378Wt,378Wt,,captive_cultivated,leaf_wax_plate_edge,"Plates, irregularly shaped, sinuate-edged, complete cover",sinuate,,mode,,,,,,Appendix I p.376,1,"Candidate trait, not in config/traits.yml (checked 2026-10). Plate margin per Methods (e) p.344: entire, sinuate, crenate or digitate (Figs. 2, 4-6); a hyphenated range (e.g. 'crenate-digitate') is recorded as both terms."
Eucalyptus dielsii,species,,,378Wt,378Wt,378Wt,,captive_cultivated,leaf_wax_plate_shape,"Plates, irregularly shaped, sinuate-edged, complete cover",irregular,,mode,,,,,,Appendix I p.376,1,"Candidate trait, not in config/traits.yml (checked 2026-10)."
Eucalyptus exserta,species,,,361Wt; Q20,361Wt; Q20,361Wt; Q20,,field captive_cultivated,leaf_epicuticular_wax_crystal_form,"Plates, irregularly shaped, entire-edged, open cover",plates,plates,mode,,,,,,Appendix I p.377,1,
Eucalyptus exserta,species,,,361Wt; Q20,361Wt; Q20,361Wt; Q20,,field captive_cultivated,leaf_epicuticular_wax_density,open cover,open,open,mode,,,,,,Appendix I p.377,1,Cover classes per Methods (e) p.344: complete/almost complete -> high; open -> open; sparse/isolated -> low.
Eucalyptus exserta,species,,,361Wt; Q20,361Wt; Q20,361Wt; Q20,,field captive_cultivated,leaf_wax_plate_edge,"Plates, irregularly shaped, entire-edged, open cover",entire,,mode,,,,,,Appendix I p.377,1,"Candidate trait, not in config/traits.yml (checked 2026-10). Plate margin per Methods (e) p.344: entire, sinuate, crenate or digitate (Figs. 2, 4-6); a hyphenated range (e.g. 'crenate-digitate') is recorded as both terms."
Eucalyptus exserta,species,,,361Wt; Q20,361Wt; Q20,361Wt; Q20,,field captive_cultivated,leaf_wax_plate_shape,"Plates, irregularly shaped, entire-edged, open cover",irregular,,mode,,,,,,Appendix I p.377,1,"Candidate trait, not in config/traits.yml (checked 2026-10)."
Eucalyptus herbertiana,species,,,,FTBD,,,captive_cultivated,leaf_epicuticular_wax_crystal_form,"Plates, irregularly shaped, entire-edged, many placed edgewise, almost complete cover",plates,plates,mode,,,,,,Appendix I p.377,1,
Eucalyptus herbertiana,species,,,,FTBD,,,captive_cultivated,leaf_epicuticular_wax_density,almost complete cover,almost_complete,high,mode,,,,,,Appendix I p.377,1,Cover classes per Methods (e) p.344: complete/almost complete -> high; open -> open; sparse/isolated -> low.
Eucalyptus herbertiana,species,,,,FTBD,,,captive_cultivated,leaf_wax_plate_edge,"Plates, irregularly shaped, entire-edged, many placed edgewise, almost complete cover",entire,,mode,,,,,,Appendix I p.377,1,"Candidate trait, not in config/traits.yml (checked 2026-10). Plate margin per Methods (e) p.344: entire, sinuate, crenate or digitate (Figs. 2, 4-6); a hyphenated range (e.g. 'crenate-digitate') is recorded as both terms."
Eucalyptus herbertiana,species,,,,FTBD,,,captive_cultivated,leaf_wax_plate_shape,"Plates, irregularly shaped, entire-edged, many placed edgewise, almost complete cover",irregular,,mode,,,,,,Appendix I p.377,1,"Candidate trait, not in config/traits.yml (checked 2026-10)."
Eucalyptus herbertiana,species,,,,FTBD,,,captive_cultivated,leaf_wax_plate_orientation,many placed edgewise,edgewise,,mode,,,,,,Appendix I p.377,1,"Candidate trait, not in config/traits.yml (checked 2026-10). Plates presented on edge (perpendicular) to the leaf surface rather than lying flat; qualifier ('some', 'many', 'often') kept in trait_value_raw."
Eucalyptus morrisii,species,,,243Cb; 401Wt,243Cb; 401Wt,243Cb; 401Wt,,captive_cultivated,leaf_epicuticular_wax_crystal_form,"Plates, irregularly shaped, sinuate-crenate-edged, almost complete cover",plates,plates,mode,,,,,,Appendix I p.377,1,
Eucalyptus morrisii,species,,,243Cb; 401Wt,243Cb; 401Wt,243Cb; 401Wt,,captive_cultivated,leaf_epicuticular_wax_density,almost complete cover,almost_complete,high,mode,,,,,,Appendix I p.377,1,Cover classes per Methods (e) p.344: complete/almost complete -> high; open -> open; sparse/isolated -> low.
Eucalyptus morrisii,species,,,243Cb; 401Wt,243Cb; 401Wt,243Cb; 401Wt,,captive_cultivated,leaf_wax_plate_edge,"Plates, irregularly shaped, sinuate-crenate-edged, almost complete cover",sinuate crenate,,mode,,,,,,Appendix I p.377,1,"Candidate trait, not in config/traits.yml (checked 2026-10). Plate margin per Methods (e) p.344: entire, sinuate, crenate or digitate (Figs. 2, 4-6); a hyphenated range (e.g. 'crenate-digitate') is recorded as both terms."
Eucalyptus morrisii,species,,,243Cb; 401Wt,243Cb; 401Wt,243Cb; 401Wt,,captive_cultivated,leaf_wax_plate_shape,"Plates, irregularly shaped, sinuate-crenate-edged, almost complete cover",irregular,,mode,,,,,,Appendix I p.377,1,"Candidate trait, not in config/traits.yml (checked 2026-10)."
Eucalyptus tereticornis,species,,,197Ch; 63V; 607Q,197Ch; 63V; 607Q,197Ch; 63V; 607Q,,field captive_cultivated,leaf_epicuticular_wax_crystal_form,"Plates, irregularly shaped, sinuate-crenate-edged, open to sparse cover",plates,plates,mode,,,,,,Appendix I p.377,1,
Eucalyptus tereticornis,species,,,197Ch; 63V; 607Q,197Ch; 63V; 607Q,197Ch; 63V; 607Q,,field captive_cultivated,leaf_epicuticular_wax_density,open to sparse cover,open_to_sparse,open low,mode,,,,,,Appendix I p.377,1,Cover classes per Methods (e) p.344: complete/almost complete -> high; open -> open; sparse/isolated -> low.
Eucalyptus tereticornis,species,,,197Ch; 63V; 607Q,197Ch; 63V; 607Q,197Ch; 63V; 607Q,,field captive_cultivated,leaf_wax_plate_edge,"Plates, irregularly shaped, sinuate-crenate-edged, open to sparse cover",sinuate crenate,,mode,,,,,,Appendix I p.377,1,"Candidate trait, not in config/traits.yml (checked 2026-10). Plate margin per Methods (e) p.344: entire, sinuate, crenate or digitate (Figs. 2, 4-6); a hyphenated range (e.g. 'crenate-digitate') is recorded as both terms."
Eucalyptus tereticornis,species,,,197Ch; 63V; 607Q,197Ch; 63V; 607Q,197Ch; 63V; 607Q,,field captive_cultivated,leaf_wax_plate_shape,"Plates, irregularly shaped, sinuate-crenate-edged, open to sparse cover",irregular,,mode,,,,,,Appendix I p.377,1,"Candidate trait, not in config/traits.yml (checked 2026-10)."
Eucalyptus amplifolia,species,,,276Cb,276Cb,276Cb,,captive_cultivated,leaf_epicuticular_wax_crystal_form,"Plates, irregularly shaped, sinuate-crenate, open to sparse cover",plates,plates,mode,,,,,,Appendix I p.377,1,
Eucalyptus amplifolia,species,,,276Cb,276Cb,276Cb,,captive_cultivated,leaf_epicuticular_wax_density,open to sparse cover,open_to_sparse,open low,mode,,,,,,Appendix I p.377,1,Cover classes per Methods (e) p.344: complete/almost complete -> high; open -> open; sparse/isolated -> low.
Eucalyptus amplifolia,species,,,276Cb,276Cb,276Cb,,captive_cultivated,leaf_wax_plate_edge,"Plates, irregularly shaped, sinuate-crenate, open to sparse cover",sinuate crenate,,mode,,,,,,Appendix I p.377,1,"Candidate trait, not in config/traits.yml (checked 2026-10). Plate margin per Methods (e) p.344: entire, sinuate, crenate or digitate (Figs. 2, 4-6); a hyphenated range (e.g. 'crenate-digitate') is recorded as both terms."
Eucalyptus amplifolia,species,,,276Cb,276Cb,276Cb,,captive_cultivated,leaf_wax_plate_shape,"Plates, irregularly shaped, sinuate-crenate, open to sparse cover",irregular,,mode,,,,,,Appendix I p.377,1,"Candidate trait, not in config/traits.yml (checked 2026-10)."
Eucalyptus blakelyi,species,,,10V,10V,10V,,field,leaf_epicuticular_wax_crystal_form,"Plates, irregularly shaped, sinuate-crenate-edged, almost complete cover",plates,plates,mode,,,,,,Appendix I p.377,1,
Eucalyptus blakelyi,species,,,10V,10V,10V,,field,leaf_epicuticular_wax_density,almost complete cover,almost_complete,high,mode,,,,,,Appendix I p.377,1,Cover classes per Methods (e) p.344: complete/almost complete -> high; open -> open; sparse/isolated -> low.
Eucalyptus blakelyi,species,,,10V,10V,10V,,field,leaf_wax_plate_edge,"Plates, irregularly shaped, sinuate-crenate-edged, almost complete cover",sinuate crenate,,mode,,,,,,Appendix I p.377,1,"Candidate trait, not in config/traits.yml (checked 2026-10). Plate margin per Methods (e) p.344: entire, sinuate, crenate or digitate (Figs. 2, 4-6); a hyphenated range (e.g. 'crenate-digitate') is recorded as both terms."
Eucalyptus blakelyi,species,,,10V,10V,10V,,field,leaf_wax_plate_shape,"Plates, irregularly shaped, sinuate-crenate-edged, almost complete cover",irregular,,mode,,,,,,Appendix I p.377,1,"Candidate trait, not in config/traits.yml (checked 2026-10)."
Eucalyptus dealbata,species,,,NSW22,NSW22,NSW22,,field,leaf_epicuticular_wax_crystal_form,"Plates, irregularly shaped, sinuate, on edge, complete cover",plates,plates,mode,,,,,,Appendix I p.377,1,
Eucalyptus dealbata,species,,,NSW22,NSW22,NSW22,,field,leaf_epicuticular_wax_density,complete cover,complete,high,mode,,,,,,Appendix I p.377,1,Cover classes per Methods (e) p.344: complete/almost complete -> high; open -> open; sparse/isolated -> low.
Eucalyptus dealbata,species,,,NSW22,NSW22,NSW22,,field,leaf_wax_plate_edge,"Plates, irregularly shaped, sinuate, on edge, complete cover",sinuate,,mode,,,,,,Appendix I p.377,1,"Candidate trait, not in config/traits.yml (checked 2026-10). Plate margin per Methods (e) p.344: entire, sinuate, crenate or digitate (Figs. 2, 4-6); a hyphenated range (e.g. 'crenate-digitate') is recorded as both terms."
Eucalyptus dealbata,species,,,NSW22,NSW22,NSW22,,field,leaf_wax_plate_shape,"Plates, irregularly shaped, sinuate, on edge, complete cover",irregular,,mode,,,,,,Appendix I p.377,1,"Candidate trait, not in config/traits.yml (checked 2026-10)."
Eucalyptus dealbata,species,,,NSW22,NSW22,NSW22,,field,leaf_wax_plate_orientation,on edge,edgewise,,mode,,,,,,Appendix I p.377,1,"Candidate trait, not in config/traits.yml (checked 2026-10). Plates presented on edge (perpendicular) to the leaf surface rather than lying flat; qualifier ('some', 'many', 'often') kept in trait_value_raw."
Eucalyptus dwyeri,species,,,338S,338S,338S,,captive_cultivated,leaf_epicuticular_wax_crystal_form,"Plates, irregularly shaped, entire-edged, sparse",plates,plates,mode,,,,,,Appendix I p.377,1,
Eucalyptus dwyeri,species,,,338S,338S,338S,,captive_cultivated,leaf_epicuticular_wax_density,sparse,sparse,low,mode,,,,,,Appendix I p.377,1,Cover classes per Methods (e) p.344: complete/almost complete -> high; open -> open; sparse/isolated -> low.
Eucalyptus dwyeri,species,,,338S,338S,338S,,captive_cultivated,leaf_wax_plate_edge,"Plates, irregularly shaped, entire-edged, sparse",entire,,mode,,,,,,Appendix I p.377,1,"Candidate trait, not in config/traits.yml (checked 2026-10). Plate margin per Methods (e) p.344: entire, sinuate, crenate or digitate (Figs. 2, 4-6); a hyphenated range (e.g. 'crenate-digitate') is recorded as both terms."
Eucalyptus dwyeri,species,,,338S,338S,338S,,captive_cultivated,leaf_wax_plate_shape,"Plates, irregularly shaped, entire-edged, sparse",irregular,,mode,,,,,,Appendix I p.377,1,"Candidate trait, not in config/traits.yml (checked 2026-10)."
Eucalyptus parramattensis,species,,,,"Seed source unknown, glasshouse-grown, Melbourne",,,captive_cultivated,leaf_epicuticular_wax_crystal_form,"Plates, irregularly shaped, sinuate-crenate, many on edge, oriented around stomata",plates,plates,mode,,,,,,Appendix I p.377,1,
Eucalyptus parramattensis,species,,,,"Seed source unknown, glasshouse-grown, Melbourne",,,captive_cultivated,leaf_epicuticular_wax_density,,,,mode,,,,,,Appendix I p.377,1,"No cover density given in Appendix I description ('Plates, irregularly shaped, sinuate-crenate, many on edge, oriented around stomata')."
Eucalyptus parramattensis,species,,,,"Seed source unknown, glasshouse-grown, Melbourne",,,captive_cultivated,leaf_wax_plate_edge,"Plates, irregularly shaped, sinuate-crenate, many on edge, oriented around stomata",sinuate crenate,,mode,,,,,,Appendix I p.377,1,"Candidate trait, not in config/traits.yml (checked 2026-10). Plate margin per Methods (e) p.344: entire, sinuate, crenate or digitate (Figs. 2, 4-6); a hyphenated range (e.g. 'crenate-digitate') is recorded as both terms."
Eucalyptus parramattensis,species,,,,"Seed source unknown, glasshouse-grown, Melbourne",,,captive_cultivated,leaf_wax_plate_shape,"Plates, irregularly shaped, sinuate-crenate, many on edge, oriented around stomata",irregular,,mode,,,,,,Appendix I p.377,1,"Candidate trait, not in config/traits.yml (checked 2026-10)."
Eucalyptus parramattensis,species,,,,"Seed source unknown, glasshouse-grown, Melbourne",,,captive_cultivated,leaf_wax_plate_orientation,many on edge,edgewise,,mode,,,,,,Appendix I p.377,1,"Candidate trait, not in config/traits.yml (checked 2026-10). Plates presented on edge (perpendicular) to the leaf surface rather than lying flat; qualifier ('some', 'many', 'often') kept in trait_value_raw."
Eucalyptus parramattensis,species,,,,"Seed source unknown, glasshouse-grown, Melbourne",,,captive_cultivated,leaf_wax_crystal_arrangement,"Plates, irregularly shaped, sinuate-crenate, many on edge, oriented around stomata",around_stomata,,mode,,,,,,Appendix I p.377,1,"Candidate trait, not in config/traits.yml (checked 2026-10). Spatial arrangement of wax crystals on the leaf surface."
Eucalyptus bancroftii,species,,,,WtSn,,,captive_cultivated,leaf_epicuticular_wax_crystal_form,"Plates and tubes, plates irregularly shaped, entire to sinuate; tubes simple, wide, relatively few, almost complete cover",plates tubes,plates tubes,mode,,,,,,Appendix I p.377,1,
Eucalyptus bancroftii,species,,,,WtSn,,,captive_cultivated,leaf_epicuticular_wax_density,almost complete cover,almost_complete,high,mode,,,,,,Appendix I p.377,1,Cover classes per Methods (e) p.344: complete/almost complete -> high; open -> open; sparse/isolated -> low.
Eucalyptus bancroftii,species,,,,WtSn,,,captive_cultivated,leaf_wax_plate_edge,"plates irregularly shaped, entire to sinuate",entire sinuate,,mode,,,,,,Appendix I p.377,1,"Candidate trait, not in config/traits.yml (checked 2026-10). Plate margin per Methods (e) p.344: entire, sinuate, crenate or digitate (Figs. 2, 4-6); a hyphenated range (e.g. 'crenate-digitate') is recorded as both terms."
Eucalyptus bancroftii,species,,,,WtSn,,,captive_cultivated,leaf_wax_plate_shape,"plates irregularly shaped, entire to sinuate",irregular,,mode,,,,,,Appendix I p.377,1,"Candidate trait, not in config/traits.yml (checked 2026-10)."
Eucalyptus bancroftii,species,,,,WtSn,,,captive_cultivated,leaf_wax_tube_complexity,"tubes simple, wide, relatively few, almost complete cover",simple,,mode,,,,,,Appendix I p.377,1,"Candidate trait, not in config/traits.yml (checked 2026-10). Simple (rarely/sparingly branched) vs compound (many-branched, almost 'plumed', e.g. series Globulares) tubes -- Methods (e) p.344."
Eucalyptus bancroftii,species,,,,WtSn,,,captive_cultivated,leaf_wax_tube_size,"tubes simple, wide, relatively few, almost complete cover",wide,,mode,,,,,,Appendix I p.377,1,"Candidate trait, not in config/traits.yml (checked 2026-10). Qualitative; no dimensions given."
Eucalyptus bancroftii,species,,,,WtSn,,,captive_cultivated,leaf_wax_plate_tube_proportion,relatively few,tubes_few,,mode,,,,,,Appendix I p.377,1,"Candidate trait, not in config/traits.yml (checked 2026-10). Relative abundance of plates vs tubes in a mixed wax; verbatim qualifier."
Eucalyptus camaldulensis,species,,,94V,94V,94V,,field,leaf_epicuticular_wax_crystal_form,"Plates, irregularly shaped, sinuate-edged, often placed on edge and directionally oriented, almost complete cover",plates,plates,mode,,,,,,Appendix I p.377,1,"Typical (temperate/eastern) form; text p.344 and Figs. 10-11: Victoria, NSW and Queensland samples."
Eucalyptus camaldulensis,species,,,94V,94V,94V,,field,leaf_epicuticular_wax_density,almost complete cover,almost_complete,high,mode,,,,,,Appendix I p.377,1,Cover classes per Methods (e) p.344: complete/almost complete -> high; open -> open; sparse/isolated -> low.
Eucalyptus camaldulensis,species,,,94V,94V,94V,,field,leaf_wax_plate_edge,"Plates, irregularly shaped, sinuate-edged, often placed on edge and directionally oriented, almost complete cover",sinuate,,mode,,,,,,Appendix I p.377,1,"Candidate trait, not in config/traits.yml (checked 2026-10). Plate margin per Methods (e) p.344: entire, sinuate, crenate or digitate (Figs. 2, 4-6); a hyphenated range (e.g. 'crenate-digitate') is recorded as both terms."
Eucalyptus camaldulensis,species,,,94V,94V,94V,,field,leaf_wax_plate_shape,"Plates, irregularly shaped, sinuate-edged, often placed on edge and directionally oriented, almost complete cover",irregular,,mode,,,,,,Appendix I p.377,1,"Candidate trait, not in config/traits.yml (checked 2026-10)."
Eucalyptus camaldulensis,species,,,94V,94V,94V,,field,leaf_wax_plate_orientation,often placed on edge,edgewise,,mode,,,,,,Appendix I p.377,1,"Candidate trait, not in config/traits.yml (checked 2026-10). Plates presented on edge (perpendicular) to the leaf surface rather than lying flat; qualifier ('some', 'many', 'often') kept in trait_value_raw."
Eucalyptus camaldulensis,species,,,94V,94V,94V,,field,leaf_wax_crystal_arrangement,"Plates, irregularly shaped, sinuate-edged, often placed on edge and directionally oriented, almost complete cover",directionally_oriented,,mode,,,,,,Appendix I p.377,1,"Candidate trait, not in config/traits.yml (checked 2026-10). Spatial arrangement of wax crystals on the leaf surface."
"Eucalyptus camaldulensis var. ""obtusa""",population,,,Q12; WA84a; Q5,Q12; WA84a; Q5,Q12; WA84a; Q5,,field,leaf_epicuticular_wax_crystal_form,"Plates, irregularly shaped, sinuate-edged, often placed on edge and directionally oriented, almost complete cover",plates,plates,mode,,,,,,Appendix I p.377,1,"Printed with 'obtusa' in quotation marks, distinct from the following entry. Includes the Geraldton, W.A. specimen (WA84a; Fig. 12), which text p.344 describes as 'an angularly arranged, crenately edged plate'."
"Eucalyptus camaldulensis var. ""obtusa""",population,,,Q12; WA84a; Q5,Q12; WA84a; Q5,Q12; WA84a; Q5,,field,leaf_epicuticular_wax_density,almost complete cover,almost_complete,high,mode,,,,,,Appendix I p.377,1,Cover classes per Methods (e) p.344: complete/almost complete -> high; open -> open; sparse/isolated -> low.
"Eucalyptus camaldulensis var. ""obtusa""",population,,,Q12; WA84a; Q5,Q12; WA84a; Q5,Q12; WA84a; Q5,,field,leaf_wax_plate_edge,"Plates, irregularly shaped, sinuate-edged, often placed on edge and directionally oriented, almost complete cover",sinuate,,mode,,,,,,Appendix I p.377,1,"Candidate trait, not in config/traits.yml (checked 2026-10). Plate margin per Methods (e) p.344: entire, sinuate, crenate or digitate (Figs. 2, 4-6); a hyphenated range (e.g. 'crenate-digitate') is recorded as both terms."
"Eucalyptus camaldulensis var. ""obtusa""",population,,,Q12; WA84a; Q5,Q12; WA84a; Q5,Q12; WA84a; Q5,,field,leaf_wax_plate_shape,"Plates, irregularly shaped, sinuate-edged, often placed on edge and directionally oriented, almost complete cover",irregular,,mode,,,,,,Appendix I p.377,1,"Candidate trait, not in config/traits.yml (checked 2026-10)."
"Eucalyptus camaldulensis var. ""obtusa""",population,,,Q12; WA84a; Q5,Q12; WA84a; Q5,Q12; WA84a; Q5,,field,leaf_wax_plate_orientation,often placed on edge,edgewise,,mode,,,,,,Appendix I p.377,1,"Candidate trait, not in config/traits.yml (checked 2026-10). Plates presented on edge (perpendicular) to the leaf surface rather than lying flat; qualifier ('some', 'many', 'often') kept in trait_value_raw."
"Eucalyptus camaldulensis var. ""obtusa""",population,,,Q12; WA84a; Q5,Q12; WA84a; Q5,Q12; WA84a; Q5,,field,leaf_wax_crystal_arrangement,"Plates, irregularly shaped, sinuate-edged, often placed on edge and directionally oriented, almost complete cover",directionally_oriented,,mode,,,,,,Appendix I p.377,1,"Candidate trait, not in config/traits.yml (checked 2026-10). Spatial arrangement of wax crystals on the leaf surface."
Eucalyptus camaldulensis var. obtusa,population,,,413Wt; WA86; N35,413Wt; WA86; N35,413Wt; WA86; N35,,field captive_cultivated,leaf_epicuticular_wax_crystal_form,"Tubes, rarely branched, forming a complete cover on young leaves",tubes,tubes,mode,,,,,leaf age: young (not fully expanded) leaves,Appendix I p.377,1,"Port Hedland (WA86), south-east of Darwin N.T. (N35), and Waite Institute Arboretum (413Wt). Text p.354: stems also covered in heavy tube-wax bloom; tube wax also on petioles and midrib."
Eucalyptus camaldulensis var. obtusa,population,,,413Wt; WA86; N35,413Wt; WA86; N35,413Wt; WA86; N35,,field captive_cultivated,leaf_epicuticular_wax_density,complete cover,complete,high,mode,,,,,leaf age: young (not fully expanded) leaves,Appendix I p.377,1,Cover classes per Methods (e) p.344: complete/almost complete -> high; open -> open; sparse/isolated -> low.
Eucalyptus camaldulensis var. obtusa,population,,,413Wt; WA86; N35,413Wt; WA86; N35,413Wt; WA86; N35,,field captive_cultivated,leaf_wax_tube_branching,"Tubes, rarely branched, forming a complete cover on young leaves",rarely_branched,,mode,,,,,leaf age: young (not fully expanded) leaves,Appendix I p.377,1,"Candidate trait, not in config/traits.yml (checked 2026-10)."
Eucalyptus camaldulensis var. obtusa,population,,,413Wt; WA86; N35,413Wt; WA86; N35,413Wt; WA86; N35,,field captive_cultivated,leaf_epicuticular_wax_crystal_form,"Tubes and plates, tubes rarely branched, plates crenate, forming complete cover on fully expanded leaves",tubes,tubes,mode,,,,,leaf age: fully expanded leaves,Appendix I p.377,1,"Port Hedland (WA86), south-east of Darwin N.T. (N35), and Waite Institute Arboretum (413Wt). Proportion of tubes decreases from midrib to leaf edge (text p.354)."
Eucalyptus camaldulensis var. obtusa,population,,,413Wt; WA86; N35,413Wt; WA86; N35,413Wt; WA86; N35,,field captive_cultivated,leaf_epicuticular_wax_density,complete cover,complete,high,mode,,,,,leaf age: fully expanded leaves,Appendix I p.377,1,Cover classes per Methods (e) p.344: complete/almost complete -> high; open -> open; sparse/isolated -> low.
Eucalyptus camaldulensis var. obtusa,population,,,413Wt; WA86; N35,413Wt; WA86; N35,413Wt; WA86; N35,,field captive_cultivated,leaf_wax_tube_branching,"Tubes and plates, tubes rarely branched, plates crenate, forming complete cover on fully expanded leaves",rarely_branched,,mode,,,,,leaf age: fully expanded leaves,Appendix I p.377,1,"Candidate trait, not in config/traits.yml (checked 2026-10)."
Eucalyptus rudis,species,,,216Cb,216Cb,216Cb,,captive_cultivated,leaf_epicuticular_wax_crystal_form,"Plates, irregularly shaped, sinuate-edged, forming an almost complete cover",plates,plates,mode,,,,,,Appendix I p.377,1,
Eucalyptus rudis,species,,,216Cb,216Cb,216Cb,,captive_cultivated,leaf_epicuticular_wax_density,almost complete cover,almost_complete,high,mode,,,,,,Appendix I p.377,1,Cover classes per Methods (e) p.344: complete/almost complete -> high; open -> open; sparse/isolated -> low.
Eucalyptus rudis,species,,,216Cb,216Cb,216Cb,,captive_cultivated,leaf_wax_plate_edge,"Plates, irregularly shaped, sinuate-edged, forming an almost complete cover",sinuate,,mode,,,,,,Appendix I p.377,1,"Candidate trait, not in config/traits.yml (checked 2026-10). Plate margin per Methods (e) p.344: entire, sinuate, crenate or digitate (Figs. 2, 4-6); a hyphenated range (e.g. 'crenate-digitate') is recorded as both terms."
Eucalyptus rudis,species,,,216Cb,216Cb,216Cb,,captive_cultivated,leaf_wax_plate_shape,"Plates, irregularly shaped, sinuate-edged, forming an almost complete cover",irregular,,mode,,,,,,Appendix I p.377,1,"Candidate trait, not in config/traits.yml (checked 2026-10)."
Eucalyptus melanoxylon,species,,,WA43,WA43,WA43,,field,leaf_epicuticular_wax_crystal_form,"Tubes, simple, branching at acute angles, forming an open cover",tubes,tubes,mode,,,,,,Appendix I p.377,1,
Eucalyptus melanoxylon,species,,,WA43,WA43,WA43,,field,leaf_epicuticular_wax_density,open cover,open,open,mode,,,,,,Appendix I p.377,1,Cover classes per Methods (e) p.344: complete/almost complete -> high; open -> open; sparse/isolated -> low.
Eucalyptus melanoxylon,species,,,WA43,WA43,WA43,,field,leaf_wax_tube_complexity,"Tubes, simple, branching at acute angles, forming an open cover",simple,,mode,,,,,,Appendix I p.377,1,"Candidate trait, not in config/traits.yml (checked 2026-10). Simple (rarely/sparingly branched) vs compound (many-branched, almost 'plumed', e.g. series Globulares) tubes -- Methods (e) p.344."
Eucalyptus melanoxylon,species,,,WA43,WA43,WA43,,field,leaf_wax_tube_branching,"Tubes, simple, branching at acute angles, forming an open cover",acute_angle,,mode,,,,,,Appendix I p.377,1,"Candidate trait, not in config/traits.yml (checked 2026-10)."
Eucalyptus brevifolia,species,,,Q2,Q2,Q2,,field,leaf_epicuticular_wax_crystal_form,"Plates, irregular, on edge, sinuate, forming an almost complete cover",plates,plates,mode,,,,,leaf phase: adult,Appendix I p.377,1,"Text p.354 gives this collection as Q6 near Mt Isa, Qld; Appendix I prints Q2."
Eucalyptus brevifolia,species,,,Q2,Q2,Q2,,field,leaf_epicuticular_wax_density,almost complete cover,almost_complete,high,mode,,,,,leaf phase: adult,Appendix I p.377,1,Cover classes per Methods (e) p.344: complete/almost complete -> high; open -> open; sparse/isolated -> low.
Eucalyptus brevifolia,species,,,Q2,Q2,Q2,,field,leaf_wax_plate_edge,"Plates, irregular, on edge, sinuate, forming an almost complete cover",sinuate,,mode,,,,,leaf phase: adult,Appendix I p.377,1,"Candidate trait, not in config/traits.yml (checked 2026-10). Plate margin per Methods (e) p.344: entire, sinuate, crenate or digitate (Figs. 2, 4-6); a hyphenated range (e.g. 'crenate-digitate') is recorded as both terms."
Eucalyptus brevifolia,species,,,Q2,Q2,Q2,,field,leaf_wax_plate_shape,"Plates, irregular, on edge, sinuate, forming an almost complete cover",irregular,,mode,,,,,leaf phase: adult,Appendix I p.377,1,"Candidate trait, not in config/traits.yml (checked 2026-10)."
Eucalyptus brevifolia,species,,,Q2,Q2,Q2,,field,leaf_wax_plate_orientation,on edge,edgewise,,mode,,,,,leaf phase: adult,Appendix I p.377,1,"Candidate trait, not in config/traits.yml (checked 2026-10). Plates presented on edge (perpendicular) to the leaf surface rather than lying flat; qualifier ('some', 'many', 'often') kept in trait_value_raw."
Eucalyptus brevifolia,species,,,,FTBD,,,captive_cultivated,leaf_epicuticular_wax_crystal_form,"Tubes, simple, acutely branched, open cover",tubes,tubes,mode,,,,,leaf phase: juvenile,Appendix I p.377,1,Glasshouse-grown from Northern Territory seed; identification 'confirmed as far as possible from juvenile leaf form' (text p.354).
Eucalyptus brevifolia,species,,,,FTBD,,,captive_cultivated,leaf_epicuticular_wax_density,open cover,open,open,mode,,,,,leaf phase: juvenile,Appendix I p.377,1,Cover classes per Methods (e) p.344: complete/almost complete -> high; open -> open; sparse/isolated -> low.
Eucalyptus brevifolia,species,,,,FTBD,,,captive_cultivated,leaf_wax_tube_complexity,"Tubes, simple, acutely branched, open cover",simple,,mode,,,,,leaf phase: juvenile,Appendix I p.377,1,"Candidate trait, not in config/traits.yml (checked 2026-10). Simple (rarely/sparingly branched) vs compound (many-branched, almost 'plumed', e.g. series Globulares) tubes -- Methods (e) p.344."
Eucalyptus brevifolia,species,,,,FTBD,,,captive_cultivated,leaf_wax_tube_branching,"Tubes, simple, acutely branched, open cover",acute_angle,,mode,,,,,leaf phase: juvenile,Appendix I p.377,1,"Candidate trait, not in config/traits.yml (checked 2026-10)."
Eucalyptus alba,species,,,407Wt; 422S; NT11; Q17; DA2; N4; 604Q,407Wt; 422S; NT11; Q17; DA2; N4; 604Q,407Wt; 422S; NT11; Q17; DA2; N4; 604Q,,field captive_cultivated,leaf_epicuticular_wax_crystal_form,"Plates, irregularly shaped, sinuate-crenate-edged, almost complete cover",plates,plates,mode,,,,,,Appendix I p.377,1,
Eucalyptus alba,species,,,407Wt; 422S; NT11; Q17; DA2; N4; 604Q,407Wt; 422S; NT11; Q17; DA2; N4; 604Q,407Wt; 422S; NT11; Q17; DA2; N4; 604Q,,field captive_cultivated,leaf_epicuticular_wax_density,almost complete cover,almost_complete,high,mode,,,,,,Appendix I p.377,1,Cover classes per Methods (e) p.344: complete/almost complete -> high; open -> open; sparse/isolated -> low.
Eucalyptus alba,species,,,407Wt; 422S; NT11; Q17; DA2; N4; 604Q,407Wt; 422S; NT11; Q17; DA2; N4; 604Q,407Wt; 422S; NT11; Q17; DA2; N4; 604Q,,field captive_cultivated,leaf_wax_plate_edge,"Plates, irregularly shaped, sinuate-crenate-edged, almost complete cover",sinuate crenate,,mode,,,,,,Appendix I p.377,1,"Candidate trait, not in config/traits.yml (checked 2026-10). Plate margin per Methods (e) p.344: entire, sinuate, crenate or digitate (Figs. 2, 4-6); a hyphenated range (e.g. 'crenate-digitate') is recorded as both terms."
Eucalyptus alba,species,,,407Wt; 422S; NT11; Q17; DA2; N4; 604Q,407Wt; 422S; NT11; Q17; DA2; N4; 604Q,407Wt; 422S; NT11; Q17; DA2; N4; 604Q,,field captive_cultivated,leaf_wax_plate_shape,"Plates, irregularly shaped, sinuate-crenate-edged, almost complete cover",irregular,,mode,,,,,,Appendix I p.377,1,"Candidate trait, not in config/traits.yml (checked 2026-10)."
Eucalyptus bigalerita,species,,,WA100,WA100,WA100,,field,leaf_epicuticular_wax_crystal_form,"Plates, irregularly shaped, sinuate-crenate-edged, almost complete cover",plates,plates,mode,,,,,,Appendix I p.377,1,
Eucalyptus bigalerita,species,,,WA100,WA100,WA100,,field,leaf_epicuticular_wax_density,almost complete cover,almost_complete,high,mode,,,,,,Appendix I p.377,1,Cover classes per Methods (e) p.344: complete/almost complete -> high; open -> open; sparse/isolated -> low.
Eucalyptus bigalerita,species,,,WA100,WA100,WA100,,field,leaf_wax_plate_edge,"Plates, irregularly shaped, sinuate-crenate-edged, almost complete cover",sinuate crenate,,mode,,,,,,Appendix I p.377,1,"Candidate trait, not in config/traits.yml (checked 2026-10). Plate margin per Methods (e) p.344: entire, sinuate, crenate or digitate (Figs. 2, 4-6); a hyphenated range (e.g. 'crenate-digitate') is recorded as both terms."
Eucalyptus bigalerita,species,,,WA100,WA100,WA100,,field,leaf_wax_plate_shape,"Plates, irregularly shaped, sinuate-crenate-edged, almost complete cover",irregular,,mode,,,,,,Appendix I p.377,1,"Candidate trait, not in config/traits.yml (checked 2026-10)."
Eucalyptus ovata,species,,,37V; 74V; 84V; 104V; 107V; 108V,37V; 74V; 84V; 104V; 107V; 108V,37V; 74V; 84V; 104V; 107V; 108V,,field,leaf_epicuticular_wax_crystal_form,"Plates, irregularly shaped, sinuate-crenate-edged, almost complete cover",plates,plates,mode,,,,,,Appendix I p.377,1,
Eucalyptus ovata,species,,,37V; 74V; 84V; 104V; 107V; 108V,37V; 74V; 84V; 104V; 107V; 108V,37V; 74V; 84V; 104V; 107V; 108V,,field,leaf_epicuticular_wax_density,almost complete cover,almost_complete,high,mode,,,,,,Appendix I p.377,1,Cover classes per Methods (e) p.344: complete/almost complete -> high; open -> open; sparse/isolated -> low.
Eucalyptus ovata,species,,,37V; 74V; 84V; 104V; 107V; 108V,37V; 74V; 84V; 104V; 107V; 108V,37V; 74V; 84V; 104V; 107V; 108V,,field,leaf_wax_plate_edge,"Plates, irregularly shaped, sinuate-crenate-edged, almost complete cover",sinuate crenate,,mode,,,,,,Appendix I p.377,1,"Candidate trait, not in config/traits.yml (checked 2026-10). Plate margin per Methods (e) p.344: entire, sinuate, crenate or digitate (Figs. 2, 4-6); a hyphenated range (e.g. 'crenate-digitate') is recorded as both terms."
Eucalyptus ovata,species,,,37V; 74V; 84V; 104V; 107V; 108V,37V; 74V; 84V; 104V; 107V; 108V,37V; 74V; 84V; 104V; 107V; 108V,,field,leaf_wax_plate_shape,"Plates, irregularly shaped, sinuate-crenate-edged, almost complete cover",irregular,,mode,,,,,,Appendix I p.377,1,"Candidate trait, not in config/traits.yml (checked 2026-10)."
Eucalyptus camphora,species,,,319V,319V,319V,,field,leaf_epicuticular_wax_crystal_form,"Plates and tubes, plates irregularly shaped, sinuate-crenately edged. Tubes few, branching occasionally, almost complete cover",plates tubes,plates tubes,mode,,,,,,Appendix I p.377,1,
Eucalyptus camphora,species,,,319V,319V,319V,,field,leaf_epicuticular_wax_density,almost complete cover,almost_complete,high,mode,,,,,,Appendix I p.377,1,Cover classes per Methods (e) p.344: complete/almost complete -> high; open -> open; sparse/isolated -> low.
Eucalyptus camphora,species,,,319V,319V,319V,,field,leaf_wax_plate_edge,"plates irregularly shaped, sinuate-crenately edged",sinuate crenate,,mode,,,,,,Appendix I p.377,1,"Candidate trait, not in config/traits.yml (checked 2026-10). Plate margin per Methods (e) p.344: entire, sinuate, crenate or digitate (Figs. 2, 4-6); a hyphenated range (e.g. 'crenate-digitate') is recorded as both terms."
Eucalyptus camphora,species,,,319V,319V,319V,,field,leaf_wax_plate_shape,"plates irregularly shaped, sinuate-crenately edged",irregular,,mode,,,,,,Appendix I p.377,1,"Candidate trait, not in config/traits.yml (checked 2026-10)."
Eucalyptus camphora,species,,,319V,319V,319V,,field,leaf_wax_tube_branching,"Tubes few, branching occasionally, almost complete cover",occasionally_branched,,mode,,,,,,Appendix I p.377,1,"Candidate trait, not in config/traits.yml (checked 2026-10)."
Eucalyptus camphora,species,,,319V,319V,319V,,field,leaf_wax_plate_tube_proportion,tubes few,tubes_few,,mode,,,,,,Appendix I p.377,1,"Candidate trait, not in config/traits.yml (checked 2026-10). Relative abundance of plates vs tubes in a mixed wax; verbatim qualifier."
Eucalyptus aggregata,species,,,,WtSn,,,captive_cultivated,leaf_epicuticular_wax_crystal_form,"Plates, small, isolated, leaf surface too contaminated to describe wax morphology in detail",plates,plates,mode,,,,,,Appendix I p.378,1,
Eucalyptus aggregata,species,,,,WtSn,,,captive_cultivated,leaf_epicuticular_wax_density,isolated,isolated,low,mode,,,,,,Appendix I p.378,1,Cover classes per Methods (e) p.344: complete/almost complete -> high; open -> open; sparse/isolated -> low.
Eucalyptus aggregata,species,,,,WtSn,,,captive_cultivated,leaf_wax_plate_size,"Plates, small, isolated, leaf surface too contaminated to describe wax morphology in detail",small,,mode,,,,,,Appendix I p.378,1,"Candidate trait, not in config/traits.yml (checked 2026-10). Qualitative, relative to other eucalypt plate waxes; no dimensions given."
Eucalyptus acaciaeformis,species,,,237Cb,237Cb,237Cb,,captive_cultivated,leaf_epicuticular_wax_crystal_form,"Plates, entire to sinuate-edged, irregularly shaped, complete cover",plates,plates,mode,,,,,,Appendix I p.378,1,Text p.355: plates somewhat larger than the general Macrantherae type.
Eucalyptus acaciaeformis,species,,,237Cb,237Cb,237Cb,,captive_cultivated,leaf_epicuticular_wax_density,complete cover,complete,high,mode,,,,,,Appendix I p.378,1,Cover classes per Methods (e) p.344: complete/almost complete -> high; open -> open; sparse/isolated -> low.
Eucalyptus acaciaeformis,species,,,237Cb,237Cb,237Cb,,captive_cultivated,leaf_wax_plate_edge,"Plates, entire to sinuate-edged, irregularly shaped, complete cover",entire sinuate,,mode,,,,,,Appendix I p.378,1,"Candidate trait, not in config/traits.yml (checked 2026-10). Plate margin per Methods (e) p.344: entire, sinuate, crenate or digitate (Figs. 2, 4-6); a hyphenated range (e.g. 'crenate-digitate') is recorded as both terms."
Eucalyptus acaciaeformis,species,,,237Cb,237Cb,237Cb,,captive_cultivated,leaf_wax_plate_shape,"Plates, entire to sinuate-edged, irregularly shaped, complete cover",irregular,,mode,,,,,,Appendix I p.378,1,"Candidate trait, not in config/traits.yml (checked 2026-10)."
Eucalyptus nicholii,species,,,246Cb,246Cb,246Cb,,captive_cultivated,leaf_epicuticular_wax_crystal_form,"Plates, entire to sinuate-edged, complete cover",plates,plates,mode,,,,,,Appendix I p.378,1,
Eucalyptus nicholii,species,,,246Cb,246Cb,246Cb,,captive_cultivated,leaf_epicuticular_wax_density,complete cover,complete,high,mode,,,,,,Appendix I p.378,1,Cover classes per Methods (e) p.344: complete/almost complete -> high; open -> open; sparse/isolated -> low.
Eucalyptus nicholii,species,,,246Cb,246Cb,246Cb,,captive_cultivated,leaf_wax_plate_edge,"Plates, entire to sinuate-edged, complete cover",entire sinuate,,mode,,,,,,Appendix I p.378,1,"Candidate trait, not in config/traits.yml (checked 2026-10). Plate margin per Methods (e) p.344: entire, sinuate, crenate or digitate (Figs. 2, 4-6); a hyphenated range (e.g. 'crenate-digitate') is recorded as both terms."
Eucalyptus angophoroides,species,,,451Wt,451Wt,451Wt,,captive_cultivated,leaf_epicuticular_wax_crystal_form,"Tubes, compound, branching at acute angles, almost complete cover",tubes,tubes,mode,,,,,,Appendix I p.378,1,
Eucalyptus angophoroides,species,,,451Wt,451Wt,451Wt,,captive_cultivated,leaf_epicuticular_wax_density,almost complete cover,almost_complete,high,mode,,,,,,Appendix I p.378,1,Cover classes per Methods (e) p.344: complete/almost complete -> high; open -> open; sparse/isolated -> low.
Eucalyptus angophoroides,species,,,451Wt,451Wt,451Wt,,captive_cultivated,leaf_wax_tube_complexity,"Tubes, compound, branching at acute angles, almost complete cover",compound,,mode,,,,,,Appendix I p.378,1,"Candidate trait, not in config/traits.yml (checked 2026-10). Simple (rarely/sparingly branched) vs compound (many-branched, almost 'plumed', e.g. series Globulares) tubes -- Methods (e) p.344."
Eucalyptus angophoroides,species,,,451Wt,451Wt,451Wt,,captive_cultivated,leaf_wax_tube_branching,"Tubes, compound, branching at acute angles, almost complete cover",acute_angle,,mode,,,,,,Appendix I p.378,1,"Candidate trait, not in config/traits.yml (checked 2026-10)."
Eucalyptus bridgesiana,species,,,NSW18,NSW18,NSW18,,field,leaf_epicuticular_wax_crystal_form,"Plates and tubes, plates entire-edged, rare. Tubes, compound, branching at acute angles, almost complete cover",plates tubes,plates tubes,mode,,,,,,Appendix I p.378,1,
Eucalyptus bridgesiana,species,,,NSW18,NSW18,NSW18,,field,leaf_epicuticular_wax_density,almost complete cover,almost_complete,high,mode,,,,,,Appendix I p.378,1,Cover classes per Methods (e) p.344: complete/almost complete -> high; open -> open; sparse/isolated -> low.
Eucalyptus bridgesiana,species,,,NSW18,NSW18,NSW18,,field,leaf_wax_plate_edge,"plates entire-edged, rare",entire,,mode,,,,,,Appendix I p.378,1,"Candidate trait, not in config/traits.yml (checked 2026-10). Plate margin per Methods (e) p.344: entire, sinuate, crenate or digitate (Figs. 2, 4-6); a hyphenated range (e.g. 'crenate-digitate') is recorded as both terms."
Eucalyptus bridgesiana,species,,,NSW18,NSW18,NSW18,,field,leaf_wax_tube_complexity,"Tubes, compound, branching at acute angles, almost complete cover",compound,,mode,,,,,,Appendix I p.378,1,"Candidate trait, not in config/traits.yml (checked 2026-10). Simple (rarely/sparingly branched) vs compound (many-branched, almost 'plumed', e.g. series Globulares) tubes -- Methods (e) p.344."
Eucalyptus bridgesiana,species,,,NSW18,NSW18,NSW18,,field,leaf_wax_tube_branching,"Tubes, compound, branching at acute angles, almost complete cover",acute_angle,,mode,,,,,,Appendix I p.378,1,"Candidate trait, not in config/traits.yml (checked 2026-10)."
Eucalyptus bridgesiana,species,,,NSW18,NSW18,NSW18,,field,leaf_wax_plate_tube_proportion,"plates entire-edged, rare",plates_rare,,mode,,,,,,Appendix I p.378,1,"Candidate trait, not in config/traits.yml (checked 2026-10). Relative abundance of plates vs tubes in a mixed wax; verbatim qualifier."
Eucalyptus goniocalyx,species,,,471V; 472V,471V; 472V,471V; 472V,,field,leaf_epicuticular_wax_crystal_form,"Tubes, compound, branching at acute angles, almost complete cover",tubes,tubes,mode,,,,,,Appendix I p.378,1,
Eucalyptus goniocalyx,species,,,471V; 472V,471V; 472V,471V; 472V,,field,leaf_epicuticular_wax_density,almost complete cover,almost_complete,high,mode,,,,,,Appendix I p.378,1,Cover classes per Methods (e) p.344: complete/almost complete -> high; open -> open; sparse/isolated -> low.
Eucalyptus goniocalyx,species,,,471V; 472V,471V; 472V,471V; 472V,,field,leaf_wax_tube_complexity,"Tubes, compound, branching at acute angles, almost complete cover",compound,,mode,,,,,,Appendix I p.378,1,"Candidate trait, not in config/traits.yml (checked 2026-10). Simple (rarely/sparingly branched) vs compound (many-branched, almost 'plumed', e.g. series Globulares) tubes -- Methods (e) p.344."
Eucalyptus goniocalyx,species,,,471V; 472V,471V; 472V,471V; 472V,,field,leaf_wax_tube_branching,"Tubes, compound, branching at acute angles, almost complete cover",acute_angle,,mode,,,,,,Appendix I p.378,1,"Candidate trait, not in config/traits.yml (checked 2026-10)."
Eucalyptus nortonii,species,,,247Cb,247Cb,247Cb,,captive_cultivated,leaf_epicuticular_wax_crystal_form,"Tubes, compound, branching at acute angles, almost complete cover",tubes,tubes,mode,,,,,,Appendix I p.378,1,
Eucalyptus nortonii,species,,,247Cb,247Cb,247Cb,,captive_cultivated,leaf_epicuticular_wax_density,almost complete cover,almost_complete,high,mode,,,,,,Appendix I p.378,1,Cover classes per Methods (e) p.344: complete/almost complete -> high; open -> open; sparse/isolated -> low.
Eucalyptus nortonii,species,,,247Cb,247Cb,247Cb,,captive_cultivated,leaf_wax_tube_complexity,"Tubes, compound, branching at acute angles, almost complete cover",compound,,mode,,,,,,Appendix I p.378,1,"Candidate trait, not in config/traits.yml (checked 2026-10). Simple (rarely/sparingly branched) vs compound (many-branched, almost 'plumed', e.g. series Globulares) tubes -- Methods (e) p.344."
Eucalyptus nortonii,species,,,247Cb,247Cb,247Cb,,captive_cultivated,leaf_wax_tube_branching,"Tubes, compound, branching at acute angles, almost complete cover",acute_angle,,mode,,,,,,Appendix I p.378,1,"Candidate trait, not in config/traits.yml (checked 2026-10)."
Eucalyptus rubida,species,,,321V; 460V,321V; 460V,321V; 460V,,field,leaf_epicuticular_wax_crystal_form,"Tubes, compound, branching at acute angles, almost complete cover",tubes,tubes,mode,,,,,,Appendix I p.378,1,
Eucalyptus rubida,species,,,321V; 460V,321V; 460V,321V; 460V,,field,leaf_epicuticular_wax_density,almost complete cover,almost_complete,high,mode,,,,,,Appendix I p.378,1,Cover classes per Methods (e) p.344: complete/almost complete -> high; open -> open; sparse/isolated -> low.
Eucalyptus rubida,species,,,321V; 460V,321V; 460V,321V; 460V,,field,leaf_wax_tube_complexity,"Tubes, compound, branching at acute angles, almost complete cover",compound,,mode,,,,,,Appendix I p.378,1,"Candidate trait, not in config/traits.yml (checked 2026-10). Simple (rarely/sparingly branched) vs compound (many-branched, almost 'plumed', e.g. series Globulares) tubes -- Methods (e) p.344."
Eucalyptus rubida,species,,,321V; 460V,321V; 460V,321V; 460V,,field,leaf_wax_tube_branching,"Tubes, compound, branching at acute angles, almost complete cover",acute_angle,,mode,,,,,,Appendix I p.378,1,"Candidate trait, not in config/traits.yml (checked 2026-10)."
Eucalyptus chapmaniana,species,,,388Wt,388Wt,388Wt,,captive_cultivated,leaf_epicuticular_wax_crystal_form,"Tubes, compound, branching at acute angles, almost complete cover",tubes,tubes,mode,,,,,,Appendix I p.378,1,
Eucalyptus chapmaniana,species,,,388Wt,388Wt,388Wt,,captive_cultivated,leaf_epicuticular_wax_density,almost complete cover,almost_complete,high,mode,,,,,,Appendix I p.378,1,Cover classes per Methods (e) p.344: complete/almost complete -> high; open -> open; sparse/isolated -> low.
Eucalyptus chapmaniana,species,,,388Wt,388Wt,388Wt,,captive_cultivated,leaf_wax_tube_complexity,"Tubes, compound, branching at acute angles, almost complete cover",compound,,mode,,,,,,Appendix I p.378,1,"Candidate trait, not in config/traits.yml (checked 2026-10). Simple (rarely/sparingly branched) vs compound (many-branched, almost 'plumed', e.g. series Globulares) tubes -- Methods (e) p.344."
Eucalyptus chapmaniana,species,,,388Wt,388Wt,388Wt,,captive_cultivated,leaf_wax_tube_branching,"Tubes, compound, branching at acute angles, almost complete cover",acute_angle,,mode,,,,,,Appendix I p.378,1,"Candidate trait, not in config/traits.yml (checked 2026-10)."
Eucalyptus dalrympleana subsp. dalrympleana,species,,,262Cb,262Cb,262Cb,,captive_cultivated,leaf_epicuticular_wax_crystal_form,"Tubes, compound, branching at acute angles, almost complete cover",tubes,tubes,mode,,,,,,Appendix I p.378,1,
Eucalyptus dalrympleana subsp. dalrympleana,species,,,262Cb,262Cb,262Cb,,captive_cultivated,leaf_epicuticular_wax_density,almost complete cover,almost_complete,high,mode,,,,,,Appendix I p.378,1,Cover classes per Methods (e) p.344: complete/almost complete -> high; open -> open; sparse/isolated -> low.
Eucalyptus dalrympleana subsp. dalrympleana,species,,,262Cb,262Cb,262Cb,,captive_cultivated,leaf_wax_tube_complexity,"Tubes, compound, branching at acute angles, almost complete cover",compound,,mode,,,,,,Appendix I p.378,1,"Candidate trait, not in config/traits.yml (checked 2026-10). Simple (rarely/sparingly branched) vs compound (many-branched, almost 'plumed', e.g. series Globulares) tubes -- Methods (e) p.344."
Eucalyptus dalrympleana subsp. dalrympleana,species,,,262Cb,262Cb,262Cb,,captive_cultivated,leaf_wax_tube_branching,"Tubes, compound, branching at acute angles, almost complete cover",acute_angle,,mode,,,,,,Appendix I p.378,1,"Candidate trait, not in config/traits.yml (checked 2026-10)."
Eucalyptus gunnii,species,,,235Cb,235Cb,235Cb,,captive_cultivated,leaf_epicuticular_wax_crystal_form,"Tubes, compound, branching at acute angles, almost complete cover",tubes,tubes,mode,,,,,,Appendix I p.378,1,
Eucalyptus gunnii,species,,,235Cb,235Cb,235Cb,,captive_cultivated,leaf_epicuticular_wax_density,almost complete cover,almost_complete,high,mode,,,,,,Appendix I p.378,1,Cover classes per Methods (e) p.344: complete/almost complete -> high; open -> open; sparse/isolated -> low.
Eucalyptus gunnii,species,,,235Cb,235Cb,235Cb,,captive_cultivated,leaf_wax_tube_complexity,"Tubes, compound, branching at acute angles, almost complete cover",compound,,mode,,,,,,Appendix I p.378,1,"Candidate trait, not in config/traits.yml (checked 2026-10). Simple (rarely/sparingly branched) vs compound (many-branched, almost 'plumed', e.g. series Globulares) tubes -- Methods (e) p.344."
Eucalyptus gunnii,species,,,235Cb,235Cb,235Cb,,captive_cultivated,leaf_wax_tube_branching,"Tubes, compound, branching at acute angles, almost complete cover",acute_angle,,mode,,,,,,Appendix I p.378,1,"Candidate trait, not in config/traits.yml (checked 2026-10)."
Eucalyptus glaucescens,species,,,252Cb,252Cb,252Cb,,captive_cultivated,leaf_epicuticular_wax_crystal_form,"Tubes, compound, branching at acute angles, almost complete cover",tubes,tubes,mode,,,,,,Appendix I p.378,1,
Eucalyptus glaucescens,species,,,252Cb,252Cb,252Cb,,captive_cultivated,leaf_epicuticular_wax_density,almost complete cover,almost_complete,high,mode,,,,,,Appendix I p.378,1,Cover classes per Methods (e) p.344: complete/almost complete -> high; open -> open; sparse/isolated -> low.
Eucalyptus glaucescens,species,,,252Cb,252Cb,252Cb,,captive_cultivated,leaf_wax_tube_complexity,"Tubes, compound, branching at acute angles, almost complete cover",compound,,mode,,,,,,Appendix I p.378,1,"Candidate trait, not in config/traits.yml (checked 2026-10). Simple (rarely/sparingly branched) vs compound (many-branched, almost 'plumed', e.g. series Globulares) tubes -- Methods (e) p.344."
Eucalyptus glaucescens,species,,,252Cb,252Cb,252Cb,,captive_cultivated,leaf_wax_tube_branching,"Tubes, compound, branching at acute angles, almost complete cover",acute_angle,,mode,,,,,,Appendix I p.378,1,"Candidate trait, not in config/traits.yml (checked 2026-10)."
Eucalyptus urnigera,species,,,508T; 513T,508T; 513T; VC,508T; 513T,,field captive_cultivated,leaf_epicuticular_wax_crystal_form,"Tubes, compound, branching at acute angles, open to almost complete cover",tubes,tubes,mode,,,,,,Appendix I p.378,1,"Altitudinal range collected on Mt Wellington, Tas.; no plates found; low-altitude material had lower tube density than material from near the top of the mountain (text p.355)."
Eucalyptus urnigera,species,,,508T; 513T,508T; 513T; VC,508T; 513T,,field captive_cultivated,leaf_epicuticular_wax_density,open to almost complete cover,open_to_almost_complete,high open,mode,,,,,,Appendix I p.378,1,Cover classes per Methods (e) p.344: complete/almost complete -> high; open -> open; sparse/isolated -> low.
Eucalyptus urnigera,species,,,508T; 513T,508T; 513T; VC,508T; 513T,,field captive_cultivated,leaf_wax_tube_complexity,"Tubes, compound, branching at acute angles, open to almost complete cover",compound,,mode,,,,,,Appendix I p.378,1,"Candidate trait, not in config/traits.yml (checked 2026-10). Simple (rarely/sparingly branched) vs compound (many-branched, almost 'plumed', e.g. series Globulares) tubes -- Methods (e) p.344."
Eucalyptus urnigera,species,,,508T; 513T,508T; 513T; VC,508T; 513T,,field captive_cultivated,leaf_wax_tube_branching,"Tubes, compound, branching at acute angles, open to almost complete cover",acute_angle,,mode,,,,,,Appendix I p.378,1,"Candidate trait, not in config/traits.yml (checked 2026-10)."
Eucalyptus perriniana,species,,,170M,170M; VC,170M,,captive_cultivated,leaf_epicuticular_wax_crystal_form,"Tubes, compound, branching at acute angles, almost complete cover",tubes,tubes,mode,,,,,,Appendix I p.378,1,
Eucalyptus perriniana,species,,,170M,170M; VC,170M,,captive_cultivated,leaf_epicuticular_wax_density,almost complete cover,almost_complete,high,mode,,,,,,Appendix I p.378,1,Cover classes per Methods (e) p.344: complete/almost complete -> high; open -> open; sparse/isolated -> low.
Eucalyptus perriniana,species,,,170M,170M; VC,170M,,captive_cultivated,leaf_wax_tube_complexity,"Tubes, compound, branching at acute angles, almost complete cover",compound,,mode,,,,,,Appendix I p.378,1,"Candidate trait, not in config/traits.yml (checked 2026-10). Simple (rarely/sparingly branched) vs compound (many-branched, almost 'plumed', e.g. series Globulares) tubes -- Methods (e) p.344."
Eucalyptus perriniana,species,,,170M,170M; VC,170M,,captive_cultivated,leaf_wax_tube_branching,"Tubes, compound, branching at acute angles, almost complete cover",acute_angle,,mode,,,,,,Appendix I p.378,1,"Candidate trait, not in config/traits.yml (checked 2026-10)."
Eucalyptus kruseana,species,,,367Wt; 433Wt,367Wt; 433Wt,367Wt; 433Wt,,captive_cultivated,leaf_epicuticular_wax_crystal_form,"Tubes, relatively unbranched, but then at acute angles, complete cover",tubes,tubes,mode,,,,,,Appendix I p.378,1,Text p.355: tubes form a dense overlapping mesh.
Eucalyptus kruseana,species,,,367Wt; 433Wt,367Wt; 433Wt,367Wt; 433Wt,,captive_cultivated,leaf_epicuticular_wax_density,complete cover,complete,high,mode,,,,,,Appendix I p.378,1,Cover classes per Methods (e) p.344: complete/almost complete -> high; open -> open; sparse/isolated -> low.
Eucalyptus kruseana,species,,,367Wt; 433Wt,367Wt; 433Wt,367Wt; 433Wt,,captive_cultivated,leaf_wax_tube_branching,"Tubes, relatively unbranched, but then at acute angles, complete cover",rarely_branched acute_angle,,mode,,,,,,Appendix I p.378,1,"Candidate trait, not in config/traits.yml (checked 2026-10)."
Eucalyptus brachyphylla,species,,,368Wt,368Wt,368Wt,,captive_cultivated,leaf_epicuticular_wax_crystal_form,"Tubes, compound, branching at acute angles, almost complete cover",tubes,tubes,mode,,,,,,Appendix I p.378,1,
Eucalyptus brachyphylla,species,,,368Wt,368Wt,368Wt,,captive_cultivated,leaf_epicuticular_wax_density,almost complete cover,almost_complete,high,mode,,,,,,Appendix I p.378,1,Cover classes per Methods (e) p.344: complete/almost complete -> high; open -> open; sparse/isolated -> low.
Eucalyptus brachyphylla,species,,,368Wt,368Wt,368Wt,,captive_cultivated,leaf_wax_tube_complexity,"Tubes, compound, branching at acute angles, almost complete cover",compound,,mode,,,,,,Appendix I p.378,1,"Candidate trait, not in config/traits.yml (checked 2026-10). Simple (rarely/sparingly branched) vs compound (many-branched, almost 'plumed', e.g. series Globulares) tubes -- Methods (e) p.344."
Eucalyptus brachyphylla,species,,,368Wt,368Wt,368Wt,,captive_cultivated,leaf_wax_tube_branching,"Tubes, compound, branching at acute angles, almost complete cover",acute_angle,,mode,,,,,,Appendix I p.378,1,"Candidate trait, not in config/traits.yml (checked 2026-10)."
Eucalyptus cordata,species,,,260Cb,260Cb,260Cb,,captive_cultivated,leaf_epicuticular_wax_crystal_form,"Tubes, compound, branching at acute angles, almost complete cover",tubes,tubes,mode,,,,,,Appendix I p.378,1,
Eucalyptus cordata,species,,,260Cb,260Cb,260Cb,,captive_cultivated,leaf_epicuticular_wax_density,almost complete cover,almost_complete,high,mode,,,,,,Appendix I p.378,1,Cover classes per Methods (e) p.344: complete/almost complete -> high; open -> open; sparse/isolated -> low.
Eucalyptus cordata,species,,,260Cb,260Cb,260Cb,,captive_cultivated,leaf_wax_tube_complexity,"Tubes, compound, branching at acute angles, almost complete cover",compound,,mode,,,,,,Appendix I p.378,1,"Candidate trait, not in config/traits.yml (checked 2026-10). Simple (rarely/sparingly branched) vs compound (many-branched, almost 'plumed', e.g. series Globulares) tubes -- Methods (e) p.344."
Eucalyptus cordata,species,,,260Cb,260Cb,260Cb,,captive_cultivated,leaf_wax_tube_branching,"Tubes, compound, branching at acute angles, almost complete cover",acute_angle,,mode,,,,,,Appendix I p.378,1,"Candidate trait, not in config/traits.yml (checked 2026-10)."
Eucalyptus crenulata,species,,,501Wl,501Wl,501Wl,,captive_cultivated,leaf_epicuticular_wax_crystal_form,"Tubes, compound, branching at acute angles, almost complete cover",tubes,tubes,mode,,,,,,Appendix I p.378,1,
Eucalyptus crenulata,species,,,501Wl,501Wl,501Wl,,captive_cultivated,leaf_epicuticular_wax_density,almost complete cover,almost_complete,high,mode,,,,,,Appendix I p.378,1,Cover classes per Methods (e) p.344: complete/almost complete -> high; open -> open; sparse/isolated -> low.
Eucalyptus crenulata,species,,,501Wl,501Wl,501Wl,,captive_cultivated,leaf_wax_tube_complexity,"Tubes, compound, branching at acute angles, almost complete cover",compound,,mode,,,,,,Appendix I p.378,1,"Candidate trait, not in config/traits.yml (checked 2026-10). Simple (rarely/sparingly branched) vs compound (many-branched, almost 'plumed', e.g. series Globulares) tubes -- Methods (e) p.344."
Eucalyptus crenulata,species,,,501Wl,501Wl,501Wl,,captive_cultivated,leaf_wax_tube_branching,"Tubes, compound, branching at acute angles, almost complete cover",acute_angle,,mode,,,,,,Appendix I p.378,1,"Candidate trait, not in config/traits.yml (checked 2026-10)."
Eucalyptus pulverulenta,species,,,240Cb,240Cb,240Cb,,captive_cultivated,leaf_epicuticular_wax_crystal_form,"Tubes, compound, branching at acute angles, almost complete cover",tubes,tubes,mode,,,,,,Appendix I p.378,1,
Eucalyptus pulverulenta,species,,,240Cb,240Cb,240Cb,,captive_cultivated,leaf_epicuticular_wax_density,almost complete cover,almost_complete,high,mode,,,,,,Appendix I p.378,1,Cover classes per Methods (e) p.344: complete/almost complete -> high; open -> open; sparse/isolated -> low.
Eucalyptus pulverulenta,species,,,240Cb,240Cb,240Cb,,captive_cultivated,leaf_wax_tube_complexity,"Tubes, compound, branching at acute angles, almost complete cover",compound,,mode,,,,,,Appendix I p.378,1,"Candidate trait, not in config/traits.yml (checked 2026-10). Simple (rarely/sparingly branched) vs compound (many-branched, almost 'plumed', e.g. series Globulares) tubes -- Methods (e) p.344."
Eucalyptus pulverulenta,species,,,240Cb,240Cb,240Cb,,captive_cultivated,leaf_wax_tube_branching,"Tubes, compound, branching at acute angles, almost complete cover",acute_angle,,mode,,,,,,Appendix I p.378,1,"Candidate trait, not in config/traits.yml (checked 2026-10)."
Eucalyptus preissiana,species,,,331S,331S,331S,,captive_cultivated,leaf_epicuticular_wax_crystal_form,"Plates, irregularly shaped, sinuate-edged, almost complete cover",plates,plates,mode,,,,,,Appendix I p.378,1,
Eucalyptus preissiana,species,,,331S,331S,331S,,captive_cultivated,leaf_epicuticular_wax_density,almost complete cover,almost_complete,high,mode,,,,,,Appendix I p.378,1,Cover classes per Methods (e) p.344: complete/almost complete -> high; open -> open; sparse/isolated -> low.
Eucalyptus preissiana,species,,,331S,331S,331S,,captive_cultivated,leaf_wax_plate_edge,"Plates, irregularly shaped, sinuate-edged, almost complete cover",sinuate,,mode,,,,,,Appendix I p.378,1,"Candidate trait, not in config/traits.yml (checked 2026-10). Plate margin per Methods (e) p.344: entire, sinuate, crenate or digitate (Figs. 2, 4-6); a hyphenated range (e.g. 'crenate-digitate') is recorded as both terms."
Eucalyptus preissiana,species,,,331S,331S,331S,,captive_cultivated,leaf_wax_plate_shape,"Plates, irregularly shaped, sinuate-edged, almost complete cover",irregular,,mode,,,,,,Appendix I p.378,1,"Candidate trait, not in config/traits.yml (checked 2026-10)."
Eucalyptus megacarpa,species,,,291Cb,291Cb,291Cb,,captive_cultivated,leaf_epicuticular_wax_crystal_form,"Plates, large, sinuate-edged, directionally oriented, almost complete cover",plates,plates,mode,,,,,,Appendix I p.378,1,
Eucalyptus megacarpa,species,,,291Cb,291Cb,291Cb,,captive_cultivated,leaf_epicuticular_wax_density,almost complete cover,almost_complete,high,mode,,,,,,Appendix I p.378,1,Cover classes per Methods (e) p.344: complete/almost complete -> high; open -> open; sparse/isolated -> low.
Eucalyptus megacarpa,species,,,291Cb,291Cb,291Cb,,captive_cultivated,leaf_wax_plate_edge,"Plates, large, sinuate-edged, directionally oriented, almost complete cover",sinuate,,mode,,,,,,Appendix I p.378,1,"Candidate trait, not in config/traits.yml (checked 2026-10). Plate margin per Methods (e) p.344: entire, sinuate, crenate or digitate (Figs. 2, 4-6); a hyphenated range (e.g. 'crenate-digitate') is recorded as both terms."
Eucalyptus megacarpa,species,,,291Cb,291Cb,291Cb,,captive_cultivated,leaf_wax_plate_size,"Plates, large, sinuate-edged, directionally oriented, almost complete cover",large,,mode,,,,,,Appendix I p.378,1,"Candidate trait, not in config/traits.yml (checked 2026-10). Qualitative, relative to other eucalypt plate waxes; no dimensions given."
Eucalyptus megacarpa,species,,,291Cb,291Cb,291Cb,,captive_cultivated,leaf_wax_crystal_arrangement,"Plates, large, sinuate-edged, directionally oriented, almost complete cover",directionally_oriented,,mode,,,,,,Appendix I p.378,1,"Candidate trait, not in config/traits.yml (checked 2026-10). Spatial arrangement of wax crystals on the leaf surface."
Eucalyptus coronata,species,,,,"Seed from R. Boddy, Geelong, Vic., glasshouse-grown, Melbourne",,,captive_cultivated,leaf_epicuticular_wax_crystal_form,"Plates, crescent-shaped, sinuate-edged, occasionally placed edgewise, almost complete cover",plates,plates,mode,,,,,,Appendix I p.378,1,
Eucalyptus coronata,species,,,,"Seed from R. Boddy, Geelong, Vic., glasshouse-grown, Melbourne",,,captive_cultivated,leaf_epicuticular_wax_density,almost complete cover,almost_complete,high,mode,,,,,,Appendix I p.378,1,Cover classes per Methods (e) p.344: complete/almost complete -> high; open -> open; sparse/isolated -> low.
Eucalyptus coronata,species,,,,"Seed from R. Boddy, Geelong, Vic., glasshouse-grown, Melbourne",,,captive_cultivated,leaf_wax_plate_edge,"Plates, crescent-shaped, sinuate-edged, occasionally placed edgewise, almost complete cover",sinuate,,mode,,,,,,Appendix I p.378,1,"Candidate trait, not in config/traits.yml (checked 2026-10). Plate margin per Methods (e) p.344: entire, sinuate, crenate or digitate (Figs. 2, 4-6); a hyphenated range (e.g. 'crenate-digitate') is recorded as both terms."
Eucalyptus coronata,species,,,,"Seed from R. Boddy, Geelong, Vic., glasshouse-grown, Melbourne",,,captive_cultivated,leaf_wax_plate_shape,"Plates, crescent-shaped, sinuate-edged, occasionally placed edgewise, almost complete cover",crescent_shaped,,mode,,,,,,Appendix I p.378,1,"Candidate trait, not in config/traits.yml (checked 2026-10)."
Eucalyptus coronata,species,,,,"Seed from R. Boddy, Geelong, Vic., glasshouse-grown, Melbourne",,,captive_cultivated,leaf_wax_plate_orientation,occasionally placed edgewise,edgewise,,mode,,,,,,Appendix I p.378,1,"Candidate trait, not in config/traits.yml (checked 2026-10). Plates presented on edge (perpendicular) to the leaf surface rather than lying flat; qualifier ('some', 'many', 'often') kept in trait_value_raw."
Eucalyptus globulus,species,,,44Cu,44Cu,44Cu,,captive_cultivated,leaf_epicuticular_wax_crystal_form,"Tubes, compound, branching at acute angles, almost complete cover",tubes,tubes,mode,,,,,leaf phase: juvenile,Appendix I p.378,1,
Eucalyptus globulus,species,,,44Cu,44Cu,44Cu,,captive_cultivated,leaf_epicuticular_wax_density,almost complete cover,almost_complete,high,mode,,,,,leaf phase: juvenile,Appendix I p.378,1,Cover classes per Methods (e) p.344: complete/almost complete -> high; open -> open; sparse/isolated -> low.
Eucalyptus globulus,species,,,44Cu,44Cu,44Cu,,captive_cultivated,leaf_wax_tube_complexity,"Tubes, compound, branching at acute angles, almost complete cover",compound,,mode,,,,,leaf phase: juvenile,Appendix I p.378,1,"Candidate trait, not in config/traits.yml (checked 2026-10). Simple (rarely/sparingly branched) vs compound (many-branched, almost 'plumed', e.g. series Globulares) tubes -- Methods (e) p.344."
Eucalyptus globulus,species,,,44Cu,44Cu,44Cu,,captive_cultivated,leaf_wax_tube_branching,"Tubes, compound, branching at acute angles, almost complete cover",acute_angle,,mode,,,,,leaf phase: juvenile,Appendix I p.378,1,"Candidate trait, not in config/traits.yml (checked 2026-10)."
Eucalyptus globulus,species,,,40Cu,40Cu,40Cu,,captive_cultivated,leaf_epicuticular_wax_crystal_form,"Tubes, compound, branching at acute angles, isolated",tubes,tubes,mode,,,,,leaf phase: adult,Appendix I p.378,1,
Eucalyptus globulus,species,,,40Cu,40Cu,40Cu,,captive_cultivated,leaf_epicuticular_wax_density,isolated,isolated,low,mode,,,,,leaf phase: adult,Appendix I p.378,1,Cover classes per Methods (e) p.344: complete/almost complete -> high; open -> open; sparse/isolated -> low.
Eucalyptus globulus,species,,,40Cu,40Cu,40Cu,,captive_cultivated,leaf_wax_tube_complexity,"Tubes, compound, branching at acute angles, isolated",compound,,mode,,,,,leaf phase: adult,Appendix I p.378,1,"Candidate trait, not in config/traits.yml (checked 2026-10). Simple (rarely/sparingly branched) vs compound (many-branched, almost 'plumed', e.g. series Globulares) tubes -- Methods (e) p.344."
Eucalyptus globulus,species,,,40Cu,40Cu,40Cu,,captive_cultivated,leaf_wax_tube_branching,"Tubes, compound, branching at acute angles, isolated",acute_angle,,mode,,,,,leaf phase: adult,Appendix I p.378,1,"Candidate trait, not in config/traits.yml (checked 2026-10)."
Eucalyptus bicostata,species,,,39Cu,39Cu,39Cu,,captive_cultivated,leaf_epicuticular_wax_crystal_form,"Tubes, compound, branching at acute angles, almost complete cover",tubes,tubes,mode,,,,,leaf phase: juvenile,Appendix I p.378,1,
Eucalyptus bicostata,species,,,39Cu,39Cu,39Cu,,captive_cultivated,leaf_epicuticular_wax_density,almost complete cover,almost_complete,high,mode,,,,,leaf phase: juvenile,Appendix I p.378,1,Cover classes per Methods (e) p.344: complete/almost complete -> high; open -> open; sparse/isolated -> low.
Eucalyptus bicostata,species,,,39Cu,39Cu,39Cu,,captive_cultivated,leaf_wax_tube_complexity,"Tubes, compound, branching at acute angles, almost complete cover",compound,,mode,,,,,leaf phase: juvenile,Appendix I p.378,1,"Candidate trait, not in config/traits.yml (checked 2026-10). Simple (rarely/sparingly branched) vs compound (many-branched, almost 'plumed', e.g. series Globulares) tubes -- Methods (e) p.344."
Eucalyptus bicostata,species,,,39Cu,39Cu,39Cu,,captive_cultivated,leaf_wax_tube_branching,"Tubes, compound, branching at acute angles, almost complete cover",acute_angle,,mode,,,,,leaf phase: juvenile,Appendix I p.378,1,"Candidate trait, not in config/traits.yml (checked 2026-10)."
Eucalyptus bicostata,species,,,,,,,field,leaf_epicuticular_wax_crystal_form,"Tubes, compound, branching at acute angles, isolated",tubes,tubes,mode,,,,,leaf phase: adult,Appendix I p.378,1,
Eucalyptus bicostata,species,,,,,,,field,leaf_epicuticular_wax_density,isolated,isolated,low,mode,,,,,leaf phase: adult,Appendix I p.378,1,Cover classes per Methods (e) p.344: complete/almost complete -> high; open -> open; sparse/isolated -> low.
Eucalyptus bicostata,species,,,,,,,field,leaf_wax_tube_complexity,"Tubes, compound, branching at acute angles, isolated",compound,,mode,,,,,leaf phase: adult,Appendix I p.378,1,"Candidate trait, not in config/traits.yml (checked 2026-10). Simple (rarely/sparingly branched) vs compound (many-branched, almost 'plumed', e.g. series Globulares) tubes -- Methods (e) p.344."
Eucalyptus bicostata,species,,,,,,,field,leaf_wax_tube_branching,"Tubes, compound, branching at acute angles, isolated",acute_angle,,mode,,,,,leaf phase: adult,Appendix I p.378,1,"Candidate trait, not in config/traits.yml (checked 2026-10)."
Eucalyptus maidenii,species,,,280Cu,280Cu,280Cu,,captive_cultivated,leaf_epicuticular_wax_crystal_form,"Tubes, compound, branching at acute angles, almost complete cover",tubes,tubes,mode,,,,,leaf phase: juvenile,Appendix I p.378,1,
Eucalyptus maidenii,species,,,280Cu,280Cu,280Cu,,captive_cultivated,leaf_epicuticular_wax_density,almost complete cover,almost_complete,high,mode,,,,,leaf phase: juvenile,Appendix I p.378,1,Cover classes per Methods (e) p.344: complete/almost complete -> high; open -> open; sparse/isolated -> low.
Eucalyptus maidenii,species,,,280Cu,280Cu,280Cu,,captive_cultivated,leaf_wax_tube_complexity,"Tubes, compound, branching at acute angles, almost complete cover",compound,,mode,,,,,leaf phase: juvenile,Appendix I p.378,1,"Candidate trait, not in config/traits.yml (checked 2026-10). Simple (rarely/sparingly branched) vs compound (many-branched, almost 'plumed', e.g. series Globulares) tubes -- Methods (e) p.344."
Eucalyptus maidenii,species,,,280Cu,280Cu,280Cu,,captive_cultivated,leaf_wax_tube_branching,"Tubes, compound, branching at acute angles, almost complete cover",acute_angle,,mode,,,,,leaf phase: juvenile,Appendix I p.378,1,"Candidate trait, not in config/traits.yml (checked 2026-10)."
Eucalyptus maidenii,species,,,280Cu,280Cu,280Cu,,captive_cultivated,leaf_epicuticular_wax_crystal_form,"Tubes, compound, branching at acute angles, isolated",tubes,tubes,mode,,,,,leaf phase: adult,Appendix I p.379,1,
Eucalyptus maidenii,species,,,280Cu,280Cu,280Cu,,captive_cultivated,leaf_epicuticular_wax_density,isolated,isolated,low,mode,,,,,leaf phase: adult,Appendix I p.379,1,Cover classes per Methods (e) p.344: complete/almost complete -> high; open -> open; sparse/isolated -> low.
Eucalyptus maidenii,species,,,280Cu,280Cu,280Cu,,captive_cultivated,leaf_wax_tube_complexity,"Tubes, compound, branching at acute angles, isolated",compound,,mode,,,,,leaf phase: adult,Appendix I p.379,1,"Candidate trait, not in config/traits.yml (checked 2026-10). Simple (rarely/sparingly branched) vs compound (many-branched, almost 'plumed', e.g. series Globulares) tubes -- Methods (e) p.344."
Eucalyptus maidenii,species,,,280Cu,280Cu,280Cu,,captive_cultivated,leaf_wax_tube_branching,"Tubes, compound, branching at acute angles, isolated",acute_angle,,mode,,,,,leaf phase: adult,Appendix I p.379,1,"Candidate trait, not in config/traits.yml (checked 2026-10)."
Eucalyptus cypellocarpa,species,,,2V,2V; VC,2V,,field captive_cultivated,leaf_epicuticular_wax_crystal_form,"Tubes, compound, branching at acute angles, almost complete cover",tubes,tubes,mode,,,,,leaf phase: juvenile,Appendix I p.379,1,
Eucalyptus cypellocarpa,species,,,2V,2V; VC,2V,,field captive_cultivated,leaf_epicuticular_wax_density,almost complete cover,almost_complete,high,mode,,,,,leaf phase: juvenile,Appendix I p.379,1,Cover classes per Methods (e) p.344: complete/almost complete -> high; open -> open; sparse/isolated -> low.
Eucalyptus cypellocarpa,species,,,2V,2V; VC,2V,,field captive_cultivated,leaf_wax_tube_complexity,"Tubes, compound, branching at acute angles, almost complete cover",compound,,mode,,,,,leaf phase: juvenile,Appendix I p.379,1,"Candidate trait, not in config/traits.yml (checked 2026-10). Simple (rarely/sparingly branched) vs compound (many-branched, almost 'plumed', e.g. series Globulares) tubes -- Methods (e) p.344."
Eucalyptus cypellocarpa,species,,,2V,2V; VC,2V,,field captive_cultivated,leaf_wax_tube_branching,"Tubes, compound, branching at acute angles, almost complete cover",acute_angle,,mode,,,,,leaf phase: juvenile,Appendix I p.379,1,"Candidate trait, not in config/traits.yml (checked 2026-10)."
Eucalyptus cypellocarpa,species,,,2V,2V; VC,2V,,field captive_cultivated,leaf_epicuticular_wax_crystal_form,"Tubes, compound, branching at acute angles, isolated",tubes,tubes,mode,,,,,leaf phase: adult,Appendix I p.379,1,
Eucalyptus cypellocarpa,species,,,2V,2V; VC,2V,,field captive_cultivated,leaf_epicuticular_wax_density,isolated,isolated,low,mode,,,,,leaf phase: adult,Appendix I p.379,1,Cover classes per Methods (e) p.344: complete/almost complete -> high; open -> open; sparse/isolated -> low.
Eucalyptus cypellocarpa,species,,,2V,2V; VC,2V,,field captive_cultivated,leaf_wax_tube_complexity,"Tubes, compound, branching at acute angles, isolated",compound,,mode,,,,,leaf phase: adult,Appendix I p.379,1,"Candidate trait, not in config/traits.yml (checked 2026-10). Simple (rarely/sparingly branched) vs compound (many-branched, almost 'plumed', e.g. series Globulares) tubes -- Methods (e) p.344."
Eucalyptus cypellocarpa,species,,,2V,2V; VC,2V,,field captive_cultivated,leaf_wax_tube_branching,"Tubes, compound, branching at acute angles, isolated",acute_angle,,mode,,,,,leaf phase: adult,Appendix I p.379,1,"Candidate trait, not in config/traits.yml (checked 2026-10)."
Eucalyptus nitens,species,,,275Cb; NSW12,275Cb; NSW12,275Cb; NSW12,,field captive_cultivated,leaf_epicuticular_wax_crystal_form,"Tubes, compound, branching at acute angles, almost complete cover",tubes,tubes,mode,,,,,leaf phase: juvenile,Appendix I p.379,1,
Eucalyptus nitens,species,,,275Cb; NSW12,275Cb; NSW12,275Cb; NSW12,,field captive_cultivated,leaf_epicuticular_wax_density,almost complete cover,almost_complete,high,mode,,,,,leaf phase: juvenile,Appendix I p.379,1,Cover classes per Methods (e) p.344: complete/almost complete -> high; open -> open; sparse/isolated -> low.
Eucalyptus nitens,species,,,275Cb; NSW12,275Cb; NSW12,275Cb; NSW12,,field captive_cultivated,leaf_wax_tube_complexity,"Tubes, compound, branching at acute angles, almost complete cover",compound,,mode,,,,,leaf phase: juvenile,Appendix I p.379,1,"Candidate trait, not in config/traits.yml (checked 2026-10). Simple (rarely/sparingly branched) vs compound (many-branched, almost 'plumed', e.g. series Globulares) tubes -- Methods (e) p.344."
Eucalyptus nitens,species,,,275Cb; NSW12,275Cb; NSW12,275Cb; NSW12,,field captive_cultivated,leaf_wax_tube_branching,"Tubes, compound, branching at acute angles, almost complete cover",acute_angle,,mode,,,,,leaf phase: juvenile,Appendix I p.379,1,"Candidate trait, not in config/traits.yml (checked 2026-10)."
Eucalyptus nitens,species,,,275Cb; NSW12,275Cb; NSW12,275Cb; NSW12,,field captive_cultivated,leaf_epicuticular_wax_crystal_form,"Tubes, compound, branching at acute angles, isolated",tubes,tubes,mode,,,,,leaf phase: adult,Appendix I p.379,1,
Eucalyptus nitens,species,,,275Cb; NSW12,275Cb; NSW12,275Cb; NSW12,,field captive_cultivated,leaf_epicuticular_wax_density,isolated,isolated,low,mode,,,,,leaf phase: adult,Appendix I p.379,1,Cover classes per Methods (e) p.344: complete/almost complete -> high; open -> open; sparse/isolated -> low.
Eucalyptus nitens,species,,,275Cb; NSW12,275Cb; NSW12,275Cb; NSW12,,field captive_cultivated,leaf_wax_tube_complexity,"Tubes, compound, branching at acute angles, isolated",compound,,mode,,,,,leaf phase: adult,Appendix I p.379,1,"Candidate trait, not in config/traits.yml (checked 2026-10). Simple (rarely/sparingly branched) vs compound (many-branched, almost 'plumed', e.g. series Globulares) tubes -- Methods (e) p.344."
Eucalyptus nitens,species,,,275Cb; NSW12,275Cb; NSW12,275Cb; NSW12,,field captive_cultivated,leaf_wax_tube_branching,"Tubes, compound, branching at acute angles, isolated",acute_angle,,mode,,,,,leaf phase: adult,Appendix I p.379,1,"Candidate trait, not in config/traits.yml (checked 2026-10)."
Eucalyptus kitsoniana,species,,,495V,495V,495V,,field,leaf_epicuticular_wax_crystal_form,"Plates, irregularly shaped, entire-edged, sparse cover",plates,plates,mode,,,,,,Appendix I p.379,1,
Eucalyptus kitsoniana,species,,,495V,495V,495V,,field,leaf_epicuticular_wax_density,sparse cover,sparse,low,mode,,,,,,Appendix I p.379,1,Cover classes per Methods (e) p.344: complete/almost complete -> high; open -> open; sparse/isolated -> low.
Eucalyptus kitsoniana,species,,,495V,495V,495V,,field,leaf_wax_plate_edge,"Plates, irregularly shaped, entire-edged, sparse cover",entire,,mode,,,,,,Appendix I p.379,1,"Candidate trait, not in config/traits.yml (checked 2026-10). Plate margin per Methods (e) p.344: entire, sinuate, crenate or digitate (Figs. 2, 4-6); a hyphenated range (e.g. 'crenate-digitate') is recorded as both terms."
Eucalyptus kitsoniana,species,,,495V,495V,495V,,field,leaf_wax_plate_shape,"Plates, irregularly shaped, entire-edged, sparse cover",irregular,,mode,,,,,,Appendix I p.379,1,"Candidate trait, not in config/traits.yml (checked 2026-10)."
Eucalyptus johnstonii,species,,,504T; 508T,504T; 508T,504T; 508T,,field,leaf_epicuticular_wax_crystal_form,"Tubes, compound, relatively short, branching at acute angles, almost complete cover",tubes,tubes,mode,,,,,,Appendix I p.379,1,
Eucalyptus johnstonii,species,,,504T; 508T,504T; 508T,504T; 508T,,field,leaf_epicuticular_wax_density,almost complete cover,almost_complete,high,mode,,,,,,Appendix I p.379,1,Cover classes per Methods (e) p.344: complete/almost complete -> high; open -> open; sparse/isolated -> low.
Eucalyptus johnstonii,species,,,504T; 508T,504T; 508T,504T; 508T,,field,leaf_wax_tube_complexity,"Tubes, compound, relatively short, branching at acute angles, almost complete cover",compound,,mode,,,,,,Appendix I p.379,1,"Candidate trait, not in config/traits.yml (checked 2026-10). Simple (rarely/sparingly branched) vs compound (many-branched, almost 'plumed', e.g. series Globulares) tubes -- Methods (e) p.344."
Eucalyptus johnstonii,species,,,504T; 508T,504T; 508T,504T; 508T,,field,leaf_wax_tube_branching,"Tubes, compound, relatively short, branching at acute angles, almost complete cover",acute_angle,,mode,,,,,,Appendix I p.379,1,"Candidate trait, not in config/traits.yml (checked 2026-10)."
Eucalyptus johnstonii,species,,,504T; 508T,504T; 508T,504T; 508T,,field,leaf_wax_tube_size,"Tubes, compound, relatively short, branching at acute angles, almost complete cover",short,,mode,,,,,,Appendix I p.379,1,"Candidate trait, not in config/traits.yml (checked 2026-10). Qualitative; no dimensions given."
Eucalyptus baeuerlenii,species,,,244Cb,244Cb,244Cb,,captive_cultivated,leaf_epicuticular_wax_crystal_form,"Tubes, compound, branching at acute angles, almost complete cover",tubes,tubes,mode,,,,,,Appendix I p.379,1,
Eucalyptus baeuerlenii,species,,,244Cb,244Cb,244Cb,,captive_cultivated,leaf_epicuticular_wax_density,almost complete cover,almost_complete,high,mode,,,,,,Appendix I p.379,1,Cover classes per Methods (e) p.344: complete/almost complete -> high; open -> open; sparse/isolated -> low.
Eucalyptus baeuerlenii,species,,,244Cb,244Cb,244Cb,,captive_cultivated,leaf_wax_tube_complexity,"Tubes, compound, branching at acute angles, almost complete cover",compound,,mode,,,,,,Appendix I p.379,1,"Candidate trait, not in config/traits.yml (checked 2026-10). Simple (rarely/sparingly branched) vs compound (many-branched, almost 'plumed', e.g. series Globulares) tubes -- Methods (e) p.344."
Eucalyptus baeuerlenii,species,,,244Cb,244Cb,244Cb,,captive_cultivated,leaf_wax_tube_branching,"Tubes, compound, branching at acute angles, almost complete cover",acute_angle,,mode,,,,,,Appendix I p.379,1,"Candidate trait, not in config/traits.yml (checked 2026-10)."
Eucalyptus quadrangulata,species,,,,WtSn,,,captive_cultivated,leaf_epicuticular_wax_crystal_form,"Tubes, compound, branching at acute angles, almost complete cover",tubes,tubes,mode,,,,,,Appendix I p.379,1,
Eucalyptus quadrangulata,species,,,,WtSn,,,captive_cultivated,leaf_epicuticular_wax_density,almost complete cover,almost_complete,high,mode,,,,,,Appendix I p.379,1,Cover classes per Methods (e) p.344: complete/almost complete -> high; open -> open; sparse/isolated -> low.
Eucalyptus quadrangulata,species,,,,WtSn,,,captive_cultivated,leaf_wax_tube_complexity,"Tubes, compound, branching at acute angles, almost complete cover",compound,,mode,,,,,,Appendix I p.379,1,"Candidate trait, not in config/traits.yml (checked 2026-10). Simple (rarely/sparingly branched) vs compound (many-branched, almost 'plumed', e.g. series Globulares) tubes -- Methods (e) p.344."
Eucalyptus quadrangulata,species,,,,WtSn,,,captive_cultivated,leaf_wax_tube_branching,"Tubes, compound, branching at acute angles, almost complete cover",acute_angle,,mode,,,,,,Appendix I p.379,1,"Candidate trait, not in config/traits.yml (checked 2026-10)."
Eucalyptus huberana,species,,,666Wt,666Wt,666Wt,,captive_cultivated,leaf_epicuticular_wax_crystal_form,"Tubes, compound, branching at acute angles, sparse cover",tubes,tubes,mode,,,,,,Appendix I p.379,1,
Eucalyptus huberana,species,,,666Wt,666Wt,666Wt,,captive_cultivated,leaf_epicuticular_wax_density,sparse cover,sparse,low,mode,,,,,,Appendix I p.379,1,Cover classes per Methods (e) p.344: complete/almost complete -> high; open -> open; sparse/isolated -> low.
Eucalyptus huberana,species,,,666Wt,666Wt,666Wt,,captive_cultivated,leaf_wax_tube_complexity,"Tubes, compound, branching at acute angles, sparse cover",compound,,mode,,,,,,Appendix I p.379,1,"Candidate trait, not in config/traits.yml (checked 2026-10). Simple (rarely/sparingly branched) vs compound (many-branched, almost 'plumed', e.g. series Globulares) tubes -- Methods (e) p.344."
Eucalyptus huberana,species,,,666Wt,666Wt,666Wt,,captive_cultivated,leaf_wax_tube_branching,"Tubes, compound, branching at acute angles, sparse cover",acute_angle,,mode,,,,,,Appendix I p.379,1,"Candidate trait, not in config/traits.yml (checked 2026-10)."
Eucalyptus viminalis,species,,,461V; 505T; NSW7,461V; 505T; NSW7,461V; 505T; NSW7,,field,leaf_epicuticular_wax_crystal_form,"Tubes, compound, blunt, branching at acute angles, open to almost complete cover",tubes,tubes,mode,,,,,,Appendix I p.379,1,
Eucalyptus viminalis,species,,,461V; 505T; NSW7,461V; 505T; NSW7,461V; 505T; NSW7,,field,leaf_epicuticular_wax_density,open to almost complete cover,open_to_almost_complete,high open,mode,,,,,,Appendix I p.379,1,Cover classes per Methods (e) p.344: complete/almost complete -> high; open -> open; sparse/isolated -> low.
Eucalyptus viminalis,species,,,461V; 505T; NSW7,461V; 505T; NSW7,461V; 505T; NSW7,,field,leaf_wax_tube_complexity,"Tubes, compound, blunt, branching at acute angles, open to almost complete cover",compound,,mode,,,,,,Appendix I p.379,1,"Candidate trait, not in config/traits.yml (checked 2026-10). Simple (rarely/sparingly branched) vs compound (many-branched, almost 'plumed', e.g. series Globulares) tubes -- Methods (e) p.344."
Eucalyptus viminalis,species,,,461V; 505T; NSW7,461V; 505T; NSW7,461V; 505T; NSW7,,field,leaf_wax_tube_branching,"Tubes, compound, blunt, branching at acute angles, open to almost complete cover",acute_angle,,mode,,,,,,Appendix I p.379,1,"Candidate trait, not in config/traits.yml (checked 2026-10)."
Eucalyptus pryoriana,species,,,100V; 662V,100V; 662V,100V; 662V,,field,leaf_epicuticular_wax_crystal_form,"Plates, irregularly shaped, entire-edged, almost complete cover",plates,plates,mode,,,,,,Appendix I p.379,1,Text p.357 describes E. pryoriana plates as sinuate-edged.
Eucalyptus pryoriana,species,,,100V; 662V,100V; 662V,100V; 662V,,field,leaf_epicuticular_wax_density,almost complete cover,almost_complete,high,mode,,,,,,Appendix I p.379,1,Cover classes per Methods (e) p.344: complete/almost complete -> high; open -> open; sparse/isolated -> low.
Eucalyptus pryoriana,species,,,100V; 662V,100V; 662V,100V; 662V,,field,leaf_wax_plate_edge,"Plates, irregularly shaped, entire-edged, almost complete cover",entire,,mode,,,,,,Appendix I p.379,1,"Candidate trait, not in config/traits.yml (checked 2026-10). Plate margin per Methods (e) p.344: entire, sinuate, crenate or digitate (Figs. 2, 4-6); a hyphenated range (e.g. 'crenate-digitate') is recorded as both terms."
Eucalyptus pryoriana,species,,,100V; 662V,100V; 662V,100V; 662V,,field,leaf_wax_plate_shape,"Plates, irregularly shaped, entire-edged, almost complete cover",irregular,,mode,,,,,,Appendix I p.379,1,"Candidate trait, not in config/traits.yml (checked 2026-10)."
Eucalyptus aromaphloia,species,,,615V,615V,615V,,field,leaf_epicuticular_wax_crystal_form,"Plates and tubes, plates sinuate-crenate-edged, clumped. Tubes relatively simple, almost complete cover",plates tubes,plates tubes,mode,,,,,,Appendix I p.379,1,
Eucalyptus aromaphloia,species,,,615V,615V,615V,,field,leaf_epicuticular_wax_density,almost complete cover,almost_complete,high,mode,,,,,,Appendix I p.379,1,Cover classes per Methods (e) p.344: complete/almost complete -> high; open -> open; sparse/isolated -> low.
Eucalyptus aromaphloia,species,,,615V,615V,615V,,field,leaf_wax_plate_edge,"plates sinuate-crenate-edged, clumped",sinuate crenate,,mode,,,,,,Appendix I p.379,1,"Candidate trait, not in config/traits.yml (checked 2026-10). Plate margin per Methods (e) p.344: entire, sinuate, crenate or digitate (Figs. 2, 4-6); a hyphenated range (e.g. 'crenate-digitate') is recorded as both terms."
Eucalyptus aromaphloia,species,,,615V,615V,615V,,field,leaf_wax_tube_complexity,"Tubes relatively simple, almost complete cover",simple,,mode,,,,,,Appendix I p.379,1,"Candidate trait, not in config/traits.yml (checked 2026-10). Simple (rarely/sparingly branched) vs compound (many-branched, almost 'plumed', e.g. series Globulares) tubes -- Methods (e) p.344."
Eucalyptus aromaphloia,species,,,615V,615V,615V,,field,leaf_wax_crystal_arrangement,"Plates and tubes, plates sinuate-crenate-edged, clumped. Tubes relatively simple, almost complete cover",clumped,,mode,,,,,,Appendix I p.379,1,"Candidate trait, not in config/traits.yml (checked 2026-10). Spatial arrangement of wax crystals on the leaf surface."
Eucalyptus cinerea,species,,,43NSW; 123M,43NSW; 123M,43NSW; 123M,,field captive_cultivated,leaf_epicuticular_wax_crystal_form,"Tubes, compound, branching at acute angles, almost complete cover",tubes,tubes,mode,,,,,,Appendix I p.379,1,
Eucalyptus cinerea,species,,,43NSW; 123M,43NSW; 123M,43NSW; 123M,,field captive_cultivated,leaf_epicuticular_wax_density,almost complete cover,almost_complete,high,mode,,,,,,Appendix I p.379,1,Cover classes per Methods (e) p.344: complete/almost complete -> high; open -> open; sparse/isolated -> low.
Eucalyptus cinerea,species,,,43NSW; 123M,43NSW; 123M,43NSW; 123M,,field captive_cultivated,leaf_wax_tube_complexity,"Tubes, compound, branching at acute angles, almost complete cover",compound,,mode,,,,,,Appendix I p.379,1,"Candidate trait, not in config/traits.yml (checked 2026-10). Simple (rarely/sparingly branched) vs compound (many-branched, almost 'plumed', e.g. series Globulares) tubes -- Methods (e) p.344."
Eucalyptus cinerea,species,,,43NSW; 123M,43NSW; 123M,43NSW; 123M,,field captive_cultivated,leaf_wax_tube_branching,"Tubes, compound, branching at acute angles, almost complete cover",acute_angle,,mode,,,,,,Appendix I p.379,1,"Candidate trait, not in config/traits.yml (checked 2026-10)."
Eucalyptus cephalocarpa,species,,,36V,36V; VC,36V,,field captive_cultivated,leaf_epicuticular_wax_crystal_form,"Tubes, compound, branching at acute angles, almost complete cover",tubes,tubes,mode,,,,,,Appendix I p.379,1,
Eucalyptus cephalocarpa,species,,,36V,36V; VC,36V,,field captive_cultivated,leaf_epicuticular_wax_density,almost complete cover,almost_complete,high,mode,,,,,,Appendix I p.379,1,Cover classes per Methods (e) p.344: complete/almost complete -> high; open -> open; sparse/isolated -> low.
Eucalyptus cephalocarpa,species,,,36V,36V; VC,36V,,field captive_cultivated,leaf_wax_tube_complexity,"Tubes, compound, branching at acute angles, almost complete cover",compound,,mode,,,,,,Appendix I p.379,1,"Candidate trait, not in config/traits.yml (checked 2026-10). Simple (rarely/sparingly branched) vs compound (many-branched, almost 'plumed', e.g. series Globulares) tubes -- Methods (e) p.344."
Eucalyptus cephalocarpa,species,,,36V,36V; VC,36V,,field captive_cultivated,leaf_wax_tube_branching,"Tubes, compound, branching at acute angles, almost complete cover",acute_angle,,mode,,,,,,Appendix I p.379,1,"Candidate trait, not in config/traits.yml (checked 2026-10)."
Eucalyptus nova-anglica,species,,,264Cb,264Cb,264Cb,,captive_cultivated,leaf_epicuticular_wax_crystal_form,"Plates and tubes, plates irregularly shaped, sinuate-edged, almost complete cover",plates tubes,plates tubes,mode,,,,,,Appendix I p.379,1,
Eucalyptus nova-anglica,species,,,264Cb,264Cb,264Cb,,captive_cultivated,leaf_epicuticular_wax_density,almost complete cover,almost_complete,high,mode,,,,,,Appendix I p.379,1,Cover classes per Methods (e) p.344: complete/almost complete -> high; open -> open; sparse/isolated -> low.
Eucalyptus nova-anglica,species,,,264Cb,264Cb,264Cb,,captive_cultivated,leaf_wax_plate_edge,"plates irregularly shaped, sinuate-edged, almost complete cover",sinuate,,mode,,,,,,Appendix I p.379,1,"Candidate trait, not in config/traits.yml (checked 2026-10). Plate margin per Methods (e) p.344: entire, sinuate, crenate or digitate (Figs. 2, 4-6); a hyphenated range (e.g. 'crenate-digitate') is recorded as both terms."
Eucalyptus nova-anglica,species,,,264Cb,264Cb,264Cb,,captive_cultivated,leaf_wax_plate_shape,"plates irregularly shaped, sinuate-edged, almost complete cover",irregular,,mode,,,,,,Appendix I p.379,1,"Candidate trait, not in config/traits.yml (checked 2026-10)."
Eucalyptus apodophylla,species,,,NT16,NT16,NT16,,field,leaf_epicuticular_wax_crystal_form,"Plates and tubes, plates sinuate-edged, tubes simple, almost complete cover",plates tubes,plates tubes,mode,,,,,,Appendix I p.379,1,
Eucalyptus apodophylla,species,,,NT16,NT16,NT16,,field,leaf_epicuticular_wax_density,almost complete cover,almost_complete,high,mode,,,,,,Appendix I p.379,1,Cover classes per Methods (e) p.344: complete/almost complete -> high; open -> open; sparse/isolated -> low.
Eucalyptus apodophylla,species,,,NT16,NT16,NT16,,field,leaf_wax_plate_edge,plates sinuate-edged,sinuate,,mode,,,,,,Appendix I p.379,1,"Candidate trait, not in config/traits.yml (checked 2026-10). Plate margin per Methods (e) p.344: entire, sinuate, crenate or digitate (Figs. 2, 4-6); a hyphenated range (e.g. 'crenate-digitate') is recorded as both terms."
Eucalyptus apodophylla,species,,,NT16,NT16,NT16,,field,leaf_wax_tube_complexity,"tubes simple, almost complete cover",simple,,mode,,,,,,Appendix I p.379,1,"Candidate trait, not in config/traits.yml (checked 2026-10). Simple (rarely/sparingly branched) vs compound (many-branched, almost 'plumed', e.g. series Globulares) tubes -- Methods (e) p.344."
Eucalyptus gamophylla,species,,,383Wt; 397Wt,"383Wt; 397Wt; glasshouse-grown, Belfast",383Wt; 397Wt,,captive_cultivated,leaf_epicuticular_wax_crystal_form,"Tubes, simple, branching at acute angles, open cover",tubes,tubes,mode,,,,,,Appendix I p.379,1,
Eucalyptus gamophylla,species,,,383Wt; 397Wt,"383Wt; 397Wt; glasshouse-grown, Belfast",383Wt; 397Wt,,captive_cultivated,leaf_epicuticular_wax_density,open cover,open,open,mode,,,,,,Appendix I p.379,1,Cover classes per Methods (e) p.344: complete/almost complete -> high; open -> open; sparse/isolated -> low.
Eucalyptus gamophylla,species,,,383Wt; 397Wt,"383Wt; 397Wt; glasshouse-grown, Belfast",383Wt; 397Wt,,captive_cultivated,leaf_wax_tube_complexity,"Tubes, simple, branching at acute angles, open cover",simple,,mode,,,,,,Appendix I p.379,1,"Candidate trait, not in config/traits.yml (checked 2026-10). Simple (rarely/sparingly branched) vs compound (many-branched, almost 'plumed', e.g. series Globulares) tubes -- Methods (e) p.344."
Eucalyptus gamophylla,species,,,383Wt; 397Wt,"383Wt; 397Wt; glasshouse-grown, Belfast",383Wt; 397Wt,,captive_cultivated,leaf_wax_tube_branching,"Tubes, simple, branching at acute angles, open cover",acute_angle,,mode,,,,,,Appendix I p.379,1,"Candidate trait, not in config/traits.yml (checked 2026-10)."
Eucalyptus intertexta,species,,,217Cb,217Cb,217Cb,,captive_cultivated,leaf_epicuticular_wax_crystal_form,"Plates and tubes, plates large, sinuate-crenate-edged, tubes compound, branching at acute angles, equal numbers of plates and tubes",plates tubes,plates tubes,mode,,,,,,Appendix I p.379,1,
Eucalyptus intertexta,species,,,217Cb,217Cb,217Cb,,captive_cultivated,leaf_epicuticular_wax_density,,,,mode,,,,,,Appendix I p.379,1,"No cover density given in Appendix I description ('Plates and tubes, plates large, sinuate-crenate-edged, tubes compound, branching at acute angles, equal numbers of plates and tubes')."
Eucalyptus intertexta,species,,,217Cb,217Cb,217Cb,,captive_cultivated,leaf_wax_plate_edge,"plates large, sinuate-crenate-edged",sinuate crenate,,mode,,,,,,Appendix I p.379,1,"Candidate trait, not in config/traits.yml (checked 2026-10). Plate margin per Methods (e) p.344: entire, sinuate, crenate or digitate (Figs. 2, 4-6); a hyphenated range (e.g. 'crenate-digitate') is recorded as both terms."
Eucalyptus intertexta,species,,,217Cb,217Cb,217Cb,,captive_cultivated,leaf_wax_plate_size,"plates large, sinuate-crenate-edged",large,,mode,,,,,,Appendix I p.379,1,"Candidate trait, not in config/traits.yml (checked 2026-10). Qualitative, relative to other eucalypt plate waxes; no dimensions given."
Eucalyptus intertexta,species,,,217Cb,217Cb,217Cb,,captive_cultivated,leaf_wax_tube_complexity,"tubes compound, branching at acute angles, equal numbers of plates and tubes",compound,,mode,,,,,,Appendix I p.379,1,"Candidate trait, not in config/traits.yml (checked 2026-10). Simple (rarely/sparingly branched) vs compound (many-branched, almost 'plumed', e.g. series Globulares) tubes -- Methods (e) p.344."
Eucalyptus intertexta,species,,,217Cb,217Cb,217Cb,,captive_cultivated,leaf_wax_tube_branching,"tubes compound, branching at acute angles, equal numbers of plates and tubes",acute_angle,,mode,,,,,,Appendix I p.379,1,"Candidate trait, not in config/traits.yml (checked 2026-10)."
Eucalyptus intertexta,species,,,217Cb,217Cb,217Cb,,captive_cultivated,leaf_wax_plate_tube_proportion,equal numbers of plates and tubes,equal,,mode,,,,,,Appendix I p.379,1,"Candidate trait, not in config/traits.yml (checked 2026-10). Relative abundance of plates vs tubes in a mixed wax; verbatim qualifier."
Eucalyptus cloeziana,species,,,222Cb; 450Wt; Carr 212,222Cb; 450Wt; Carr 212,222Cb; 450Wt; Carr 212,,field captive_cultivated,leaf_epicuticular_wax_crystal_form,"Plates, sinuate-edged, often placed edgewise, complete cover",plates,plates,mode,,,,,,Appendix I p.379,1,Text p.346 describes the E. cloeziana plates (Fig. 24) as similar to the irregularly shaped entire-edged plates of E. tetrodonta.
Eucalyptus cloeziana,species,,,222Cb; 450Wt; Carr 212,222Cb; 450Wt; Carr 212,222Cb; 450Wt; Carr 212,,field captive_cultivated,leaf_epicuticular_wax_density,complete cover,complete,high,mode,,,,,,Appendix I p.379,1,Cover classes per Methods (e) p.344: complete/almost complete -> high; open -> open; sparse/isolated -> low.
Eucalyptus cloeziana,species,,,222Cb; 450Wt; Carr 212,222Cb; 450Wt; Carr 212,222Cb; 450Wt; Carr 212,,field captive_cultivated,leaf_wax_plate_edge,"Plates, sinuate-edged, often placed edgewise, complete cover",sinuate,,mode,,,,,,Appendix I p.379,1,"Candidate trait, not in config/traits.yml (checked 2026-10). Plate margin per Methods (e) p.344: entire, sinuate, crenate or digitate (Figs. 2, 4-6); a hyphenated range (e.g. 'crenate-digitate') is recorded as both terms."
Eucalyptus cloeziana,species,,,222Cb; 450Wt; Carr 212,222Cb; 450Wt; Carr 212,222Cb; 450Wt; Carr 212,,field captive_cultivated,leaf_wax_plate_orientation,often placed edgewise,edgewise,,mode,,,,,,Appendix I p.379,1,"Candidate trait, not in config/traits.yml (checked 2026-10). Plates presented on edge (perpendicular) to the leaf surface rather than lying flat; qualifier ('some', 'many', 'often') kept in trait_value_raw."
Eucalyptus diversifolia,species,,,478SA,"478SA; glasshouse-grown, Melbourne",478SA,,field captive_cultivated,leaf_epicuticular_wax_crystal_form,"Plates, irregularly shaped, deeply crenate-edged, often placed edgewise, complete cover",plates,plates,mode,,,,,,Appendix I p.379,1,
Eucalyptus diversifolia,species,,,478SA,"478SA; glasshouse-grown, Melbourne",478SA,,field captive_cultivated,leaf_epicuticular_wax_density,complete cover,complete,high,mode,,,,,,Appendix I p.379,1,Cover classes per Methods (e) p.344: complete/almost complete -> high; open -> open; sparse/isolated -> low.
Eucalyptus diversifolia,species,,,478SA,"478SA; glasshouse-grown, Melbourne",478SA,,field captive_cultivated,leaf_wax_plate_edge,"Plates, irregularly shaped, deeply crenate-edged, often placed edgewise, complete cover",crenate,,mode,,,,,,Appendix I p.379,1,"Candidate trait, not in config/traits.yml (checked 2026-10). Plate margin per Methods (e) p.344: entire, sinuate, crenate or digitate (Figs. 2, 4-6); a hyphenated range (e.g. 'crenate-digitate') is recorded as both terms."
Eucalyptus diversifolia,species,,,478SA,"478SA; glasshouse-grown, Melbourne",478SA,,field captive_cultivated,leaf_wax_plate_shape,"Plates, irregularly shaped, deeply crenate-edged, often placed edgewise, complete cover",irregular,,mode,,,,,,Appendix I p.379,1,"Candidate trait, not in config/traits.yml (checked 2026-10)."
Eucalyptus diversifolia,species,,,478SA,"478SA; glasshouse-grown, Melbourne",478SA,,field captive_cultivated,leaf_wax_plate_orientation,often placed edgewise,edgewise,,mode,,,,,,Appendix I p.379,1,"Candidate trait, not in config/traits.yml (checked 2026-10). Plates presented on edge (perpendicular) to the leaf surface rather than lying flat; qualifier ('some', 'many', 'often') kept in trait_value_raw."
Eucalyptus todtiana,species,,,,"Glasshouse-grown, Belfast",,,captive_cultivated,leaf_epicuticular_wax_crystal_form,"Plates, small, crenate-edged, placed edgewise, complete cover",plates,plates,mode,,,,,,Appendix I p.379,1,
Eucalyptus todtiana,species,,,,"Glasshouse-grown, Belfast",,,captive_cultivated,leaf_epicuticular_wax_density,complete cover,complete,high,mode,,,,,,Appendix I p.379,1,Cover classes per Methods (e) p.344: complete/almost complete -> high; open -> open; sparse/isolated -> low.
Eucalyptus todtiana,species,,,,"Glasshouse-grown, Belfast",,,captive_cultivated,leaf_wax_plate_edge,"Plates, small, crenate-edged, placed edgewise, complete cover",crenate,,mode,,,,,,Appendix I p.379,1,"Candidate trait, not in config/traits.yml (checked 2026-10). Plate margin per Methods (e) p.344: entire, sinuate, crenate or digitate (Figs. 2, 4-6); a hyphenated range (e.g. 'crenate-digitate') is recorded as both terms."
Eucalyptus todtiana,species,,,,"Glasshouse-grown, Belfast",,,captive_cultivated,leaf_wax_plate_orientation,placed edgewise,edgewise,,mode,,,,,,Appendix I p.379,1,"Candidate trait, not in config/traits.yml (checked 2026-10). Plates presented on edge (perpendicular) to the leaf surface rather than lying flat; qualifier ('some', 'many', 'often') kept in trait_value_raw."
Eucalyptus todtiana,species,,,,"Glasshouse-grown, Belfast",,,captive_cultivated,leaf_wax_plate_size,"Plates, small, crenate-edged, placed edgewise, complete cover",small,,mode,,,,,,Appendix I p.379,1,"Candidate trait, not in config/traits.yml (checked 2026-10). Qualitative, relative to other eucalypt plate waxes; no dimensions given."
Eucalyptus sepulcralis,species,,,,WtSn,,,captive_cultivated,leaf_epicuticular_wax_crystal_form,"Plates and tubes, plates crenate-jagged-edged, tubes short, few, complete cover",plates tubes,plates tubes,mode,,,,,,Appendix I p.380,1,"Text p.358: rather jagged-edged flat plates with a small number of blunt tubes. Tube wax also on stems (text p.361, p.367)."
Eucalyptus sepulcralis,species,,,,WtSn,,,captive_cultivated,leaf_epicuticular_wax_density,complete cover,complete,high,mode,,,,,,Appendix I p.380,1,Cover classes per Methods (e) p.344: complete/almost complete -> high; open -> open; sparse/isolated -> low.
Eucalyptus sepulcralis,species,,,,WtSn,,,captive_cultivated,leaf_wax_plate_edge,plates crenate-jagged-edged,crenate jagged,,mode,,,,,,Appendix I p.380,1,"Candidate trait, not in config/traits.yml (checked 2026-10). Plate margin per Methods (e) p.344: entire, sinuate, crenate or digitate (Figs. 2, 4-6); a hyphenated range (e.g. 'crenate-digitate') is recorded as both terms."
Eucalyptus sepulcralis,species,,,,WtSn,,,captive_cultivated,leaf_wax_tube_size,"tubes short, few, complete cover",short,,mode,,,,,,Appendix I p.380,1,"Candidate trait, not in config/traits.yml (checked 2026-10). Qualitative; no dimensions given."
Eucalyptus sepulcralis,species,,,,WtSn,,,captive_cultivated,leaf_wax_plate_tube_proportion,"tubes short, few",tubes_few,,mode,,,,,,Appendix I p.380,1,"Candidate trait, not in config/traits.yml (checked 2026-10). Relative abundance of plates vs tubes in a mixed wax; verbatim qualifier."
Eucalyptus buprestium,species,,,369Wt,369Wt,369Wt,,captive_cultivated,leaf_epicuticular_wax_crystal_form,"Plates irregularly shaped, deeply crenate-edged, often placed edgewise, complete cover",plates,plates,mode,,,,,,Appendix I p.380,1,
Eucalyptus buprestium,species,,,369Wt,369Wt,369Wt,,captive_cultivated,leaf_epicuticular_wax_density,complete cover,complete,high,mode,,,,,,Appendix I p.380,1,Cover classes per Methods (e) p.344: complete/almost complete -> high; open -> open; sparse/isolated -> low.
Eucalyptus buprestium,species,,,369Wt,369Wt,369Wt,,captive_cultivated,leaf_wax_plate_edge,"Plates irregularly shaped, deeply crenate-edged, often placed edgewise, complete cover",crenate,,mode,,,,,,Appendix I p.380,1,"Candidate trait, not in config/traits.yml (checked 2026-10). Plate margin per Methods (e) p.344: entire, sinuate, crenate or digitate (Figs. 2, 4-6); a hyphenated range (e.g. 'crenate-digitate') is recorded as both terms."
Eucalyptus buprestium,species,,,369Wt,369Wt,369Wt,,captive_cultivated,leaf_wax_plate_shape,"Plates irregularly shaped, deeply crenate-edged, often placed edgewise, complete cover",irregular,,mode,,,,,,Appendix I p.380,1,"Candidate trait, not in config/traits.yml (checked 2026-10)."
Eucalyptus buprestium,species,,,369Wt,369Wt,369Wt,,captive_cultivated,leaf_wax_plate_orientation,often placed edgewise,edgewise,,mode,,,,,,Appendix I p.380,1,"Candidate trait, not in config/traits.yml (checked 2026-10). Plates presented on edge (perpendicular) to the leaf surface rather than lying flat; qualifier ('some', 'many', 'often') kept in trait_value_raw."
Eucalyptus guilfoylei,species,,,526Wt,526Wt,526Wt,,captive_cultivated,leaf_epicuticular_wax_crystal_form,"Plates, irregularly shaped, sinuate to entire-edged, some placed edgewise, almost complete cover",plates,plates,mode,,,,,,Appendix I p.380,1,
Eucalyptus guilfoylei,species,,,526Wt,526Wt,526Wt,,captive_cultivated,leaf_epicuticular_wax_density,almost complete cover,almost_complete,high,mode,,,,,,Appendix I p.380,1,Cover classes per Methods (e) p.344: complete/almost complete -> high; open -> open; sparse/isolated -> low.
Eucalyptus guilfoylei,species,,,526Wt,526Wt,526Wt,,captive_cultivated,leaf_wax_plate_edge,"Plates, irregularly shaped, sinuate to entire-edged, some placed edgewise, almost complete cover",entire sinuate,,mode,,,,,,Appendix I p.380,1,"Candidate trait, not in config/traits.yml (checked 2026-10). Plate margin per Methods (e) p.344: entire, sinuate, crenate or digitate (Figs. 2, 4-6); a hyphenated range (e.g. 'crenate-digitate') is recorded as both terms."
Eucalyptus guilfoylei,species,,,526Wt,526Wt,526Wt,,captive_cultivated,leaf_wax_plate_shape,"Plates, irregularly shaped, sinuate to entire-edged, some placed edgewise, almost complete cover",irregular,,mode,,,,,,Appendix I p.380,1,"Candidate trait, not in config/traits.yml (checked 2026-10)."
Eucalyptus guilfoylei,species,,,526Wt,526Wt,526Wt,,captive_cultivated,leaf_wax_plate_orientation,some placed edgewise,edgewise,,mode,,,,,,Appendix I p.380,1,"Candidate trait, not in config/traits.yml (checked 2026-10). Plates presented on edge (perpendicular) to the leaf surface rather than lying flat; qualifier ('some', 'many', 'often') kept in trait_value_raw."
Eucalyptus pilularis,species,,,Q44,Q44,Q44,,field,leaf_epicuticular_wax_crystal_form,"Plates, irregularly shaped, sinuate-crenate-edged, often overlapping, almost complete cover",plates,plates,mode,,,,,,Appendix I p.380,1,Text p.359 instead groups E. pilularis with species having 'a dense cover of overlapping entire-edged plates which lack thickened edges'.
Eucalyptus pilularis,species,,,Q44,Q44,Q44,,field,leaf_epicuticular_wax_density,almost complete cover,almost_complete,high,mode,,,,,,Appendix I p.380,1,Cover classes per Methods (e) p.344: complete/almost complete -> high; open -> open; sparse/isolated -> low.
Eucalyptus pilularis,species,,,Q44,Q44,Q44,,field,leaf_wax_plate_edge,"Plates, irregularly shaped, sinuate-crenate-edged, often overlapping, almost complete cover",sinuate crenate,,mode,,,,,,Appendix I p.380,1,"Candidate trait, not in config/traits.yml (checked 2026-10). Plate margin per Methods (e) p.344: entire, sinuate, crenate or digitate (Figs. 2, 4-6); a hyphenated range (e.g. 'crenate-digitate') is recorded as both terms."
Eucalyptus pilularis,species,,,Q44,Q44,Q44,,field,leaf_wax_plate_shape,"Plates, irregularly shaped, sinuate-crenate-edged, often overlapping, almost complete cover",irregular,,mode,,,,,,Appendix I p.380,1,"Candidate trait, not in config/traits.yml (checked 2026-10)."
Eucalyptus pilularis,species,,,Q44,Q44,Q44,,field,leaf_wax_crystal_arrangement,"Plates, irregularly shaped, sinuate-crenate-edged, often overlapping, almost complete cover",overlapping,,mode,,,,,,Appendix I p.380,1,"Candidate trait, not in config/traits.yml (checked 2026-10). Spatial arrangement of wax crystals on the leaf surface."
Eucalyptus muellerana,species,,,27V,27V; VC,27V,,field captive_cultivated,leaf_epicuticular_wax_crystal_form,"Tubes, simple, branching at acute angles, usually clustered around stomata",tubes,tubes,mode,,,,,,Appendix I p.380,1,
Eucalyptus muellerana,species,,,27V,27V; VC,27V,,field captive_cultivated,leaf_epicuticular_wax_density,,,,mode,,,,,,Appendix I p.380,1,"No cover density given in Appendix I description ('Tubes, simple, branching at acute angles, usually clustered around stomata')."
Eucalyptus muellerana,species,,,27V,27V; VC,27V,,field captive_cultivated,leaf_wax_tube_complexity,"Tubes, simple, branching at acute angles, usually clustered around stomata",simple,,mode,,,,,,Appendix I p.380,1,"Candidate trait, not in config/traits.yml (checked 2026-10). Simple (rarely/sparingly branched) vs compound (many-branched, almost 'plumed', e.g. series Globulares) tubes -- Methods (e) p.344."
Eucalyptus muellerana,species,,,27V,27V; VC,27V,,field captive_cultivated,leaf_wax_tube_branching,"Tubes, simple, branching at acute angles, usually clustered around stomata",acute_angle,,mode,,,,,,Appendix I p.380,1,"Candidate trait, not in config/traits.yml (checked 2026-10)."
Eucalyptus muellerana,species,,,27V,27V; VC,27V,,field captive_cultivated,leaf_wax_crystal_arrangement,"Tubes, simple, branching at acute angles, usually clustered around stomata",around_stomata clustered,,mode,,,,,,Appendix I p.380,1,"Candidate trait, not in config/traits.yml (checked 2026-10). Spatial arrangement of wax crystals on the leaf surface."
Eucalyptus umbra subsp. carnea,species,,,NSW2; NSW3,NSW2; NSW3; WtSn,NSW2; NSW3,,field captive_cultivated,leaf_epicuticular_wax_crystal_form,"Plates, entire to sinuate-edged, some placed edgewise, open to almost complete cover",plates,plates,mode,,,,,,Appendix I p.380,1,
Eucalyptus umbra subsp. carnea,species,,,NSW2; NSW3,NSW2; NSW3; WtSn,NSW2; NSW3,,field captive_cultivated,leaf_epicuticular_wax_density,open to almost complete cover,open_to_almost_complete,high open,mode,,,,,,Appendix I p.380,1,Cover classes per Methods (e) p.344: complete/almost complete -> high; open -> open; sparse/isolated -> low.
Eucalyptus umbra subsp. carnea,species,,,NSW2; NSW3,NSW2; NSW3; WtSn,NSW2; NSW3,,field captive_cultivated,leaf_wax_plate_edge,"Plates, entire to sinuate-edged, some placed edgewise, open to almost complete cover",entire sinuate,,mode,,,,,,Appendix I p.380,1,"Candidate trait, not in config/traits.yml (checked 2026-10). Plate margin per Methods (e) p.344: entire, sinuate, crenate or digitate (Figs. 2, 4-6); a hyphenated range (e.g. 'crenate-digitate') is recorded as both terms."
Eucalyptus umbra subsp. carnea,species,,,NSW2; NSW3,NSW2; NSW3; WtSn,NSW2; NSW3,,field captive_cultivated,leaf_wax_plate_orientation,some placed edgewise,edgewise,,mode,,,,,,Appendix I p.380,1,"Candidate trait, not in config/traits.yml (checked 2026-10). Plates presented on edge (perpendicular) to the leaf surface rather than lying flat; qualifier ('some', 'many', 'often') kept in trait_value_raw."
Eucalyptus acmenioides,species,,,Q27; 613Q,Q27; 613Q,Q27; 613Q,,field,leaf_epicuticular_wax_crystal_form,"Plates, entire to sinuate-edged, some placed edgewise, open to sparse cover",plates,plates,mode,,,,,,Appendix I p.380,1,
Eucalyptus acmenioides,species,,,Q27; 613Q,Q27; 613Q,Q27; 613Q,,field,leaf_epicuticular_wax_density,open to sparse cover,open_to_sparse,open low,mode,,,,,,Appendix I p.380,1,Cover classes per Methods (e) p.344: complete/almost complete -> high; open -> open; sparse/isolated -> low.
Eucalyptus acmenioides,species,,,Q27; 613Q,Q27; 613Q,Q27; 613Q,,field,leaf_wax_plate_edge,"Plates, entire to sinuate-edged, some placed edgewise, open to sparse cover",entire sinuate,,mode,,,,,,Appendix I p.380,1,"Candidate trait, not in config/traits.yml (checked 2026-10). Plate margin per Methods (e) p.344: entire, sinuate, crenate or digitate (Figs. 2, 4-6); a hyphenated range (e.g. 'crenate-digitate') is recorded as both terms."
Eucalyptus acmenioides,species,,,Q27; 613Q,Q27; 613Q,Q27; 613Q,,field,leaf_wax_plate_orientation,some placed edgewise,edgewise,,mode,,,,,,Appendix I p.380,1,"Candidate trait, not in config/traits.yml (checked 2026-10). Plates presented on edge (perpendicular) to the leaf surface rather than lying flat; qualifier ('some', 'many', 'often') kept in trait_value_raw."
Eucalyptus microcorys,species,,,286Cb; 439Wt; NSW6,286Cb; 439Wt; NSW6,286Cb; 439Wt; NSW6,,field captive_cultivated,leaf_epicuticular_wax_crystal_form,"Plates, irregularly shaped, sinuate-edged, oriented in rows, almost complete cover",plates,plates,mode,,,,,,Appendix I p.380,1,Text p.359: plates often oriented between stomata and missing from the surface of the guard cells.
Eucalyptus microcorys,species,,,286Cb; 439Wt; NSW6,286Cb; 439Wt; NSW6,286Cb; 439Wt; NSW6,,field captive_cultivated,leaf_epicuticular_wax_density,almost complete cover,almost_complete,high,mode,,,,,,Appendix I p.380,1,Cover classes per Methods (e) p.344: complete/almost complete -> high; open -> open; sparse/isolated -> low.
Eucalyptus microcorys,species,,,286Cb; 439Wt; NSW6,286Cb; 439Wt; NSW6,286Cb; 439Wt; NSW6,,field captive_cultivated,leaf_wax_plate_edge,"Plates, irregularly shaped, sinuate-edged, oriented in rows, almost complete cover",sinuate,,mode,,,,,,Appendix I p.380,1,"Candidate trait, not in config/traits.yml (checked 2026-10). Plate margin per Methods (e) p.344: entire, sinuate, crenate or digitate (Figs. 2, 4-6); a hyphenated range (e.g. 'crenate-digitate') is recorded as both terms."
Eucalyptus microcorys,species,,,286Cb; 439Wt; NSW6,286Cb; 439Wt; NSW6,286Cb; 439Wt; NSW6,,field captive_cultivated,leaf_wax_plate_shape,"Plates, irregularly shaped, sinuate-edged, oriented in rows, almost complete cover",irregular,,mode,,,,,,Appendix I p.380,1,"Candidate trait, not in config/traits.yml (checked 2026-10)."
Eucalyptus microcorys,species,,,286Cb; 439Wt; NSW6,286Cb; 439Wt; NSW6,286Cb; 439Wt; NSW6,,field captive_cultivated,leaf_wax_crystal_arrangement,"Plates, irregularly shaped, sinuate-edged, oriented in rows, almost complete cover",rows,,mode,,,,,,Appendix I p.380,1,"Candidate trait, not in config/traits.yml (checked 2026-10). Spatial arrangement of wax crystals on the leaf surface."
Eucalyptus eugenioides,species,,,232Cb,232Cb,232Cb,,captive_cultivated,leaf_epicuticular_wax_crystal_form,"Plates, regularly shaped, entire-edged, sparse cover",plates,plates,mode,,,,,,Appendix I p.380,1,
Eucalyptus eugenioides,species,,,232Cb,232Cb,232Cb,,captive_cultivated,leaf_epicuticular_wax_density,sparse cover,sparse,low,mode,,,,,,Appendix I p.380,1,Cover classes per Methods (e) p.344: complete/almost complete -> high; open -> open; sparse/isolated -> low.
Eucalyptus eugenioides,species,,,232Cb,232Cb,232Cb,,captive_cultivated,leaf_wax_plate_edge,"Plates, regularly shaped, entire-edged, sparse cover",entire,,mode,,,,,,Appendix I p.380,1,"Candidate trait, not in config/traits.yml (checked 2026-10). Plate margin per Methods (e) p.344: entire, sinuate, crenate or digitate (Figs. 2, 4-6); a hyphenated range (e.g. 'crenate-digitate') is recorded as both terms."
Eucalyptus eugenioides,species,,,232Cb,232Cb,232Cb,,captive_cultivated,leaf_wax_plate_shape,"Plates, regularly shaped, entire-edged, sparse cover",regular,,mode,,,,,,Appendix I p.380,1,"Candidate trait, not in config/traits.yml (checked 2026-10)."
Eucalyptus cameronii,species,,,,WtSn,,,captive_cultivated,leaf_epicuticular_wax_crystal_form,"Plates, angularly shaped, entire-edged, sparse cover",plates,plates,mode,,,,,,Appendix I p.380,1,
Eucalyptus cameronii,species,,,,WtSn,,,captive_cultivated,leaf_epicuticular_wax_density,sparse cover,sparse,low,mode,,,,,,Appendix I p.380,1,Cover classes per Methods (e) p.344: complete/almost complete -> high; open -> open; sparse/isolated -> low.
Eucalyptus cameronii,species,,,,WtSn,,,captive_cultivated,leaf_wax_plate_edge,"Plates, angularly shaped, entire-edged, sparse cover",entire,,mode,,,,,,Appendix I p.380,1,"Candidate trait, not in config/traits.yml (checked 2026-10). Plate margin per Methods (e) p.344: entire, sinuate, crenate or digitate (Figs. 2, 4-6); a hyphenated range (e.g. 'crenate-digitate') is recorded as both terms."
Eucalyptus cameronii,species,,,,WtSn,,,captive_cultivated,leaf_wax_plate_shape,"Plates, angularly shaped, entire-edged, sparse cover",angular,,mode,,,,,,Appendix I p.380,1,"Candidate trait, not in config/traits.yml (checked 2026-10)."
Eucalyptus phaeotricha,species,,,DA4,DA4,DA4,,field,leaf_epicuticular_wax_crystal_form,"Plates, flattened, rolled over entire-edged, sparse cover",plates,plates,mode,,,,,,Appendix I p.380,1,
Eucalyptus phaeotricha,species,,,DA4,DA4,DA4,,field,leaf_epicuticular_wax_density,sparse cover,sparse,low,mode,,,,,,Appendix I p.380,1,Cover classes per Methods (e) p.344: complete/almost complete -> high; open -> open; sparse/isolated -> low.
Eucalyptus phaeotricha,species,,,DA4,DA4,DA4,,field,leaf_wax_plate_edge,"Plates, flattened, rolled over entire-edged, sparse cover",entire,,mode,,,,,,Appendix I p.380,1,"Candidate trait, not in config/traits.yml (checked 2026-10). Plate margin per Methods (e) p.344: entire, sinuate, crenate or digitate (Figs. 2, 4-6); a hyphenated range (e.g. 'crenate-digitate') is recorded as both terms."
Eucalyptus phaeotricha,species,,,DA4,DA4,DA4,,field,leaf_wax_plate_shape,"Plates, flattened, rolled over entire-edged, sparse cover",flattened rolled_edge,,mode,,,,,,Appendix I p.380,1,"Candidate trait, not in config/traits.yml (checked 2026-10)."
Eucalyptus caliginosa,species,,,,WtSn,,,captive_cultivated,leaf_epicuticular_wax_crystal_form,"Plates, flattened, entire-edged, sparse cover",plates,plates,mode,,,,,,Appendix I p.380,1,
Eucalyptus caliginosa,species,,,,WtSn,,,captive_cultivated,leaf_epicuticular_wax_density,sparse cover,sparse,low,mode,,,,,,Appendix I p.380,1,Cover classes per Methods (e) p.344: complete/almost complete -> high; open -> open; sparse/isolated -> low.
Eucalyptus caliginosa,species,,,,WtSn,,,captive_cultivated,leaf_wax_plate_edge,"Plates, flattened, entire-edged, sparse cover",entire,,mode,,,,,,Appendix I p.380,1,"Candidate trait, not in config/traits.yml (checked 2026-10). Plate margin per Methods (e) p.344: entire, sinuate, crenate or digitate (Figs. 2, 4-6); a hyphenated range (e.g. 'crenate-digitate') is recorded as both terms."
Eucalyptus caliginosa,species,,,,WtSn,,,captive_cultivated,leaf_wax_plate_shape,"Plates, flattened, entire-edged, sparse cover",flattened,,mode,,,,,,Appendix I p.380,1,"Candidate trait, not in config/traits.yml (checked 2026-10)."
Eucalyptus laevopinea,species,,,,WtSn,,,captive_cultivated,leaf_epicuticular_wax_crystal_form,"Tubes, simple, branching at acute angles, sparse cover",tubes,tubes,mode,,,,,,Appendix I p.380,1,
Eucalyptus laevopinea,species,,,,WtSn,,,captive_cultivated,leaf_epicuticular_wax_density,sparse cover,sparse,low,mode,,,,,,Appendix I p.380,1,Cover classes per Methods (e) p.344: complete/almost complete -> high; open -> open; sparse/isolated -> low.
Eucalyptus laevopinea,species,,,,WtSn,,,captive_cultivated,leaf_wax_tube_complexity,"Tubes, simple, branching at acute angles, sparse cover",simple,,mode,,,,,,Appendix I p.380,1,"Candidate trait, not in config/traits.yml (checked 2026-10). Simple (rarely/sparingly branched) vs compound (many-branched, almost 'plumed', e.g. series Globulares) tubes -- Methods (e) p.344."
Eucalyptus laevopinea,species,,,,WtSn,,,captive_cultivated,leaf_wax_tube_branching,"Tubes, simple, branching at acute angles, sparse cover",acute_angle,,mode,,,,,,Appendix I p.380,1,"Candidate trait, not in config/traits.yml (checked 2026-10)."
Eucalyptus macrorhyncha,species,,,1V; 315Cb; 271Cb; NSW24,1V; 315Cb; 271Cb; NSW24,1V; 315Cb; 271Cb; NSW24,,field captive_cultivated,leaf_epicuticular_wax_crystal_form,"Tubes, simple, rarely branching, open cover",tubes,tubes,mode,,,,,,Appendix I p.380,1,
Eucalyptus macrorhyncha,species,,,1V; 315Cb; 271Cb; NSW24,1V; 315Cb; 271Cb; NSW24,1V; 315Cb; 271Cb; NSW24,,field captive_cultivated,leaf_epicuticular_wax_density,open cover,open,open,mode,,,,,,Appendix I p.380,1,Cover classes per Methods (e) p.344: complete/almost complete -> high; open -> open; sparse/isolated -> low.
Eucalyptus macrorhyncha,species,,,1V; 315Cb; 271Cb; NSW24,1V; 315Cb; 271Cb; NSW24,1V; 315Cb; 271Cb; NSW24,,field captive_cultivated,leaf_wax_tube_complexity,"Tubes, simple, rarely branching, open cover",simple,,mode,,,,,,Appendix I p.380,1,"Candidate trait, not in config/traits.yml (checked 2026-10). Simple (rarely/sparingly branched) vs compound (many-branched, almost 'plumed', e.g. series Globulares) tubes -- Methods (e) p.344."
Eucalyptus macrorhyncha,species,,,1V; 315Cb; 271Cb; NSW24,1V; 315Cb; 271Cb; NSW24,1V; 315Cb; 271Cb; NSW24,,field captive_cultivated,leaf_wax_tube_branching,"Tubes, simple, rarely branching, open cover",rarely_branched,,mode,,,,,,Appendix I p.380,1,"Candidate trait, not in config/traits.yml (checked 2026-10)."
Eucalyptus cannonii,species,,,277Cb,277Cb,277Cb,,captive_cultivated,leaf_epicuticular_wax_crystal_form,"Plates, large, entire and sinuate-edged, almost complete cover",plates,plates,mode,,,,,,Appendix I p.380,1,
Eucalyptus cannonii,species,,,277Cb,277Cb,277Cb,,captive_cultivated,leaf_epicuticular_wax_density,almost complete cover,almost_complete,high,mode,,,,,,Appendix I p.380,1,Cover classes per Methods (e) p.344: complete/almost complete -> high; open -> open; sparse/isolated -> low.
Eucalyptus cannonii,species,,,277Cb,277Cb,277Cb,,captive_cultivated,leaf_wax_plate_edge,"Plates, large, entire and sinuate-edged, almost complete cover",entire sinuate,,mode,,,,,,Appendix I p.380,1,"Candidate trait, not in config/traits.yml (checked 2026-10). Plate margin per Methods (e) p.344: entire, sinuate, crenate or digitate (Figs. 2, 4-6); a hyphenated range (e.g. 'crenate-digitate') is recorded as both terms."
Eucalyptus cannonii,species,,,277Cb,277Cb,277Cb,,captive_cultivated,leaf_wax_plate_size,"Plates, large, entire and sinuate-edged, almost complete cover",large,,mode,,,,,,Appendix I p.380,1,"Candidate trait, not in config/traits.yml (checked 2026-10). Qualitative, relative to other eucalypt plate waxes; no dimensions given."
Eucalyptus youmanii,species,,,,WtSn,,,captive_cultivated,leaf_epicuticular_wax_crystal_form,"Plates, small, entire-edged, isolated. Leaf surface too contaminated to describe wax morphology in detail",plates,plates,mode,,,,,,Appendix I p.380,1,
Eucalyptus youmanii,species,,,,WtSn,,,captive_cultivated,leaf_epicuticular_wax_density,isolated,isolated,low,mode,,,,,,Appendix I p.380,1,Cover classes per Methods (e) p.344: complete/almost complete -> high; open -> open; sparse/isolated -> low.
Eucalyptus youmanii,species,,,,WtSn,,,captive_cultivated,leaf_wax_plate_edge,"Plates, small, entire-edged, isolated. Leaf surface too contaminated to describe wax morphology in detail",entire,,mode,,,,,,Appendix I p.380,1,"Candidate trait, not in config/traits.yml (checked 2026-10). Plate margin per Methods (e) p.344: entire, sinuate, crenate or digitate (Figs. 2, 4-6); a hyphenated range (e.g. 'crenate-digitate') is recorded as both terms."
Eucalyptus youmanii,species,,,,WtSn,,,captive_cultivated,leaf_wax_plate_size,"Plates, small, entire-edged, isolated. Leaf surface too contaminated to describe wax morphology in detail",small,,mode,,,,,,Appendix I p.380,1,"Candidate trait, not in config/traits.yml (checked 2026-10). Qualitative, relative to other eucalypt plate waxes; no dimensions given."
Eucalyptus blaxlandii,species,,,395Wt,395Wt,395Wt,,captive_cultivated,leaf_epicuticular_wax_crystal_form,"Plates, stellate-shaped, digitate-edged, clumped, almost complete cover",plates,plates,mode,,,,,,Appendix I p.380,1,
Eucalyptus blaxlandii,species,,,395Wt,395Wt,395Wt,,captive_cultivated,leaf_epicuticular_wax_density,almost complete cover,almost_complete,high,mode,,,,,,Appendix I p.380,1,Cover classes per Methods (e) p.344: complete/almost complete -> high; open -> open; sparse/isolated -> low.
Eucalyptus blaxlandii,species,,,395Wt,395Wt,395Wt,,captive_cultivated,leaf_wax_plate_edge,"Plates, stellate-shaped, digitate-edged, clumped, almost complete cover",digitate,,mode,,,,,,Appendix I p.380,1,"Candidate trait, not in config/traits.yml (checked 2026-10). Plate margin per Methods (e) p.344: entire, sinuate, crenate or digitate (Figs. 2, 4-6); a hyphenated range (e.g. 'crenate-digitate') is recorded as both terms."
Eucalyptus blaxlandii,species,,,395Wt,395Wt,395Wt,,captive_cultivated,leaf_wax_plate_shape,"Plates, stellate-shaped, digitate-edged, clumped, almost complete cover",stellate,,mode,,,,,,Appendix I p.380,1,"Candidate trait, not in config/traits.yml (checked 2026-10)."
Eucalyptus blaxlandii,species,,,395Wt,395Wt,395Wt,,captive_cultivated,leaf_wax_crystal_arrangement,"Plates, stellate-shaped, digitate-edged, clumped, almost complete cover",clumped,,mode,,,,,,Appendix I p.380,1,"Candidate trait, not in config/traits.yml (checked 2026-10). Spatial arrangement of wax crystals on the leaf surface."
Eucalyptus baxteri,species,,,19V,19V,19V,,field,leaf_epicuticular_wax_crystal_form,"Tubes, simple, rarely branching, open cover",tubes,tubes,mode,,,,,,Appendix I p.380,1,
Eucalyptus baxteri,species,,,19V,19V,19V,,field,leaf_epicuticular_wax_density,open cover,open,open,mode,,,,,,Appendix I p.380,1,Cover classes per Methods (e) p.344: complete/almost complete -> high; open -> open; sparse/isolated -> low.
Eucalyptus baxteri,species,,,19V,19V,19V,,field,leaf_wax_tube_complexity,"Tubes, simple, rarely branching, open cover",simple,,mode,,,,,,Appendix I p.380,1,"Candidate trait, not in config/traits.yml (checked 2026-10). Simple (rarely/sparingly branched) vs compound (many-branched, almost 'plumed', e.g. series Globulares) tubes -- Methods (e) p.344."
Eucalyptus baxteri,species,,,19V,19V,19V,,field,leaf_wax_tube_branching,"Tubes, simple, rarely branching, open cover",rarely_branched,,mode,,,,,,Appendix I p.380,1,"Candidate trait, not in config/traits.yml (checked 2026-10)."
Eucalyptus alpina,species,,,371Wt,371Wt,371Wt,,captive_cultivated,leaf_epicuticular_wax_crystal_form,"Tubes, simple, rarely branching, open cover",tubes,tubes,mode,,,,,,Appendix I p.380,1,
Eucalyptus alpina,species,,,371Wt,371Wt,371Wt,,captive_cultivated,leaf_epicuticular_wax_density,open cover,open,open,mode,,,,,,Appendix I p.380,1,Cover classes per Methods (e) p.344: complete/almost complete -> high; open -> open; sparse/isolated -> low.
Eucalyptus alpina,species,,,371Wt,371Wt,371Wt,,captive_cultivated,leaf_wax_tube_complexity,"Tubes, simple, rarely branching, open cover",simple,,mode,,,,,,Appendix I p.380,1,"Candidate trait, not in config/traits.yml (checked 2026-10). Simple (rarely/sparingly branched) vs compound (many-branched, almost 'plumed', e.g. series Globulares) tubes -- Methods (e) p.344."
Eucalyptus alpina,species,,,371Wt,371Wt,371Wt,,captive_cultivated,leaf_wax_tube_branching,"Tubes, simple, rarely branching, open cover",rarely_branched,,mode,,,,,,Appendix I p.380,1,"Candidate trait, not in config/traits.yml (checked 2026-10)."
Eucalyptus camfieldii,species,,,,WtSn,,,captive_cultivated,leaf_epicuticular_wax_crystal_form,"Plates, irregularly shaped, entire-edged, isolated. Leaf surface too contaminated to describe wax morphology in detail",plates,plates,mode,,,,,,Appendix I p.380,1,
Eucalyptus camfieldii,species,,,,WtSn,,,captive_cultivated,leaf_epicuticular_wax_density,isolated,isolated,low,mode,,,,,,Appendix I p.380,1,Cover classes per Methods (e) p.344: complete/almost complete -> high; open -> open; sparse/isolated -> low.
Eucalyptus camfieldii,species,,,,WtSn,,,captive_cultivated,leaf_wax_plate_edge,"Plates, irregularly shaped, entire-edged, isolated. Leaf surface too contaminated to describe wax morphology in detail",entire,,mode,,,,,,Appendix I p.380,1,"Candidate trait, not in config/traits.yml (checked 2026-10). Plate margin per Methods (e) p.344: entire, sinuate, crenate or digitate (Figs. 2, 4-6); a hyphenated range (e.g. 'crenate-digitate') is recorded as both terms."
Eucalyptus camfieldii,species,,,,WtSn,,,captive_cultivated,leaf_wax_plate_shape,"Plates, irregularly shaped, entire-edged, isolated. Leaf surface too contaminated to describe wax morphology in detail",irregular,,mode,,,,,,Appendix I p.380,1,"Candidate trait, not in config/traits.yml (checked 2026-10)."
Eucalyptus ligustrina,species,,,419Wt,419Wt,419Wt,,captive_cultivated,leaf_epicuticular_wax_crystal_form,"Plates, irregularly shaped, entire-edged, isolated",plates,plates,mode,,,,,,Appendix I p.381,1,
Eucalyptus ligustrina,species,,,419Wt,419Wt,419Wt,,captive_cultivated,leaf_epicuticular_wax_density,isolated,isolated,low,mode,,,,,,Appendix I p.381,1,Cover classes per Methods (e) p.344: complete/almost complete -> high; open -> open; sparse/isolated -> low.
Eucalyptus ligustrina,species,,,419Wt,419Wt,419Wt,,captive_cultivated,leaf_wax_plate_edge,"Plates, irregularly shaped, entire-edged, isolated",entire,,mode,,,,,,Appendix I p.381,1,"Candidate trait, not in config/traits.yml (checked 2026-10). Plate margin per Methods (e) p.344: entire, sinuate, crenate or digitate (Figs. 2, 4-6); a hyphenated range (e.g. 'crenate-digitate') is recorded as both terms."
Eucalyptus ligustrina,species,,,419Wt,419Wt,419Wt,,captive_cultivated,leaf_wax_plate_shape,"Plates, irregularly shaped, entire-edged, isolated",irregular,,mode,,,,,,Appendix I p.381,1,"Candidate trait, not in config/traits.yml (checked 2026-10)."
Eucalyptus oblonga,species,,,627Wt,627Wt,627Wt,,captive_cultivated,leaf_epicuticular_wax_crystal_form,"Plates, irregularly shaped, entire-edged, almost complete cover",plates,plates,mode,,,,,,Appendix I p.381,1,
Eucalyptus oblonga,species,,,627Wt,627Wt,627Wt,,captive_cultivated,leaf_epicuticular_wax_density,almost complete cover,almost_complete,high,mode,,,,,,Appendix I p.381,1,Cover classes per Methods (e) p.344: complete/almost complete -> high; open -> open; sparse/isolated -> low.
Eucalyptus oblonga,species,,,627Wt,627Wt,627Wt,,captive_cultivated,leaf_wax_plate_edge,"Plates, irregularly shaped, entire-edged, almost complete cover",entire,,mode,,,,,,Appendix I p.381,1,"Candidate trait, not in config/traits.yml (checked 2026-10). Plate margin per Methods (e) p.344: entire, sinuate, crenate or digitate (Figs. 2, 4-6); a hyphenated range (e.g. 'crenate-digitate') is recorded as both terms."
Eucalyptus oblonga,species,,,627Wt,627Wt,627Wt,,captive_cultivated,leaf_wax_plate_shape,"Plates, irregularly shaped, entire-edged, almost complete cover",irregular,,mode,,,,,,Appendix I p.381,1,"Candidate trait, not in config/traits.yml (checked 2026-10)."
Eucalyptus obliqua,species,,,76V; 503V,76V; 503V,76V; 503V,,field,leaf_epicuticular_wax_crystal_form,"Plates, irregularly and some pyramidal-shaped, sparse cover around stomata",plates,plates,mode,,,,,,Appendix I p.381,1,"Text p.359: sinuate-edged plates, greatest density around stomata; cover greater on very young juvenile leaves; on older mature leaves only pyramidal plates resist weathering."
Eucalyptus obliqua,species,,,76V; 503V,76V; 503V,76V; 503V,,field,leaf_epicuticular_wax_density,sparse cover,sparse,low,mode,,,,,,Appendix I p.381,1,Cover classes per Methods (e) p.344: complete/almost complete -> high; open -> open; sparse/isolated -> low.
Eucalyptus obliqua,species,,,76V; 503V,76V; 503V,76V; 503V,,field,leaf_wax_plate_shape,"Plates, irregularly and some pyramidal-shaped, sparse cover around stomata",pyramidal irregular,,mode,,,,,,Appendix I p.381,1,"Candidate trait, not in config/traits.yml (checked 2026-10)."
Eucalyptus obliqua,species,,,76V; 503V,76V; 503V,76V; 503V,,field,leaf_wax_crystal_arrangement,"Plates, irregularly and some pyramidal-shaped, sparse cover around stomata",around_stomata,,mode,,,,,,Appendix I p.381,1,"Candidate trait, not in config/traits.yml (checked 2026-10). Spatial arrangement of wax crystals on the leaf surface."
Eucalyptus fastigata,species,,,NSW14,NSW14; glasshouse-grown from NSW14 seed,NSW14,,field captive_cultivated,leaf_epicuticular_wax_crystal_form,"Plates, sinuate-edged, usually aggregated around stomata",plates,plates,mode,,,,,,Appendix I p.381,1,
Eucalyptus fastigata,species,,,NSW14,NSW14; glasshouse-grown from NSW14 seed,NSW14,,field captive_cultivated,leaf_epicuticular_wax_density,,,,mode,,,,,,Appendix I p.381,1,"No cover density given in Appendix I description ('Plates, sinuate-edged, usually aggregated around stomata')."
Eucalyptus fastigata,species,,,NSW14,NSW14; glasshouse-grown from NSW14 seed,NSW14,,field captive_cultivated,leaf_wax_plate_edge,"Plates, sinuate-edged, usually aggregated around stomata",sinuate,,mode,,,,,,Appendix I p.381,1,"Candidate trait, not in config/traits.yml (checked 2026-10). Plate margin per Methods (e) p.344: entire, sinuate, crenate or digitate (Figs. 2, 4-6); a hyphenated range (e.g. 'crenate-digitate') is recorded as both terms."
Eucalyptus fastigata,species,,,NSW14,NSW14; glasshouse-grown from NSW14 seed,NSW14,,field captive_cultivated,leaf_wax_crystal_arrangement,"Plates, sinuate-edged, usually aggregated around stomata",around_stomata,,mode,,,,,,Appendix I p.381,1,"Candidate trait, not in config/traits.yml (checked 2026-10). Spatial arrangement of wax crystals on the leaf surface."
Eucalyptus regnans,species,,,9V,"9V; glasshouse-grown, seed from Wallaby Ck., Vic.",9V,,field captive_cultivated,leaf_epicuticular_wax_crystal_form,"Plates and tubes, plates digitate-edged, arising from guard cells, tubes simple, isolated",plates tubes,plates tubes,mode,,,,,,Appendix I p.381,1,Text p.358: plate wax with long digitations on guard cells on specimens grown outside in winter; production of plate wax may be seasonal (p.355).
Eucalyptus regnans,species,,,9V,"9V; glasshouse-grown, seed from Wallaby Ck., Vic.",9V,,field captive_cultivated,leaf_epicuticular_wax_density,isolated,isolated,low,mode,,,,,,Appendix I p.381,1,Cover classes per Methods (e) p.344: complete/almost complete -> high; open -> open; sparse/isolated -> low.
Eucalyptus regnans,species,,,9V,"9V; glasshouse-grown, seed from Wallaby Ck., Vic.",9V,,field captive_cultivated,leaf_wax_plate_edge,"plates digitate-edged, arising from guard cells",digitate,,mode,,,,,,Appendix I p.381,1,"Candidate trait, not in config/traits.yml (checked 2026-10). Plate margin per Methods (e) p.344: entire, sinuate, crenate or digitate (Figs. 2, 4-6); a hyphenated range (e.g. 'crenate-digitate') is recorded as both terms."
Eucalyptus regnans,species,,,9V,"9V; glasshouse-grown, seed from Wallaby Ck., Vic.",9V,,field captive_cultivated,leaf_wax_tube_complexity,"tubes simple, isolated",simple,,mode,,,,,,Appendix I p.381,1,"Candidate trait, not in config/traits.yml (checked 2026-10). Simple (rarely/sparingly branched) vs compound (many-branched, almost 'plumed', e.g. series Globulares) tubes -- Methods (e) p.344."
Eucalyptus regnans,species,,,9V,"9V; glasshouse-grown, seed from Wallaby Ck., Vic.",9V,,field captive_cultivated,leaf_wax_crystal_arrangement,"Plates and tubes, plates digitate-edged, arising from guard cells, tubes simple, isolated",on_guard_cells,,mode,,,,,,Appendix I p.381,1,"Candidate trait, not in config/traits.yml (checked 2026-10). Spatial arrangement of wax crystals on the leaf surface."
Eucalyptus delegatensis,species,,,257V; 304Cb,257V; 304Cb,257V; 304Cb,,field captive_cultivated,leaf_epicuticular_wax_crystal_form,"Plates, twisted, sinuate to entire-edged, overlapping, complete cover",plates,plates,mode,,,,,,Appendix I p.381,1,
Eucalyptus delegatensis,species,,,257V; 304Cb,257V; 304Cb,257V; 304Cb,,field captive_cultivated,leaf_epicuticular_wax_density,complete cover,complete,high,mode,,,,,,Appendix I p.381,1,Cover classes per Methods (e) p.344: complete/almost complete -> high; open -> open; sparse/isolated -> low.
Eucalyptus delegatensis,species,,,257V; 304Cb,257V; 304Cb,257V; 304Cb,,field captive_cultivated,leaf_wax_plate_edge,"Plates, twisted, sinuate to entire-edged, overlapping, complete cover",entire sinuate,,mode,,,,,,Appendix I p.381,1,"Candidate trait, not in config/traits.yml (checked 2026-10). Plate margin per Methods (e) p.344: entire, sinuate, crenate or digitate (Figs. 2, 4-6); a hyphenated range (e.g. 'crenate-digitate') is recorded as both terms."
Eucalyptus delegatensis,species,,,257V; 304Cb,257V; 304Cb,257V; 304Cb,,field captive_cultivated,leaf_wax_plate_shape,"Plates, twisted, sinuate to entire-edged, overlapping, complete cover",twisted,,mode,,,,,,Appendix I p.381,1,"Candidate trait, not in config/traits.yml (checked 2026-10)."
Eucalyptus delegatensis,species,,,257V; 304Cb,257V; 304Cb,257V; 304Cb,,field captive_cultivated,leaf_wax_crystal_arrangement,"Plates, twisted, sinuate to entire-edged, overlapping, complete cover",overlapping,,mode,,,,,,Appendix I p.381,1,"Candidate trait, not in config/traits.yml (checked 2026-10). Spatial arrangement of wax crystals on the leaf surface."
Eucalyptus sieberi,species,,,459V,459V,459V,,field,leaf_epicuticular_wax_crystal_form,"Plates, large, sinuate-edged, almost complete cover",plates,plates,mode,,,,,,Appendix I p.381,1,Text p.359 instead groups E. sieberi with species having 'a dense cover of overlapping entire-edged plates'.
Eucalyptus sieberi,species,,,459V,459V,459V,,field,leaf_epicuticular_wax_density,almost complete cover,almost_complete,high,mode,,,,,,Appendix I p.381,1,Cover classes per Methods (e) p.344: complete/almost complete -> high; open -> open; sparse/isolated -> low.
Eucalyptus sieberi,species,,,459V,459V,459V,,field,leaf_wax_plate_edge,"Plates, large, sinuate-edged, almost complete cover",sinuate,,mode,,,,,,Appendix I p.381,1,"Candidate trait, not in config/traits.yml (checked 2026-10). Plate margin per Methods (e) p.344: entire, sinuate, crenate or digitate (Figs. 2, 4-6); a hyphenated range (e.g. 'crenate-digitate') is recorded as both terms."
Eucalyptus sieberi,species,,,459V,459V,459V,,field,leaf_wax_plate_size,"Plates, large, sinuate-edged, almost complete cover",large,,mode,,,,,,Appendix I p.381,1,"Candidate trait, not in config/traits.yml (checked 2026-10). Qualitative, relative to other eucalypt plate waxes; no dimensions given."
Eucalyptus consideniana,species,,,,WtSn,,,captive_cultivated,leaf_epicuticular_wax_crystal_form,"Plates, fan-shaped, crenate-edged, many placed edgewise, complete cover",plates,plates,mode,,,,,,Appendix I p.381,1,Text p.359: plate wax 'tends to have a sinuate edge'.
Eucalyptus consideniana,species,,,,WtSn,,,captive_cultivated,leaf_epicuticular_wax_density,complete cover,complete,high,mode,,,,,,Appendix I p.381,1,Cover classes per Methods (e) p.344: complete/almost complete -> high; open -> open; sparse/isolated -> low.
Eucalyptus consideniana,species,,,,WtSn,,,captive_cultivated,leaf_wax_plate_edge,"Plates, fan-shaped, crenate-edged, many placed edgewise, complete cover",crenate,,mode,,,,,,Appendix I p.381,1,"Candidate trait, not in config/traits.yml (checked 2026-10). Plate margin per Methods (e) p.344: entire, sinuate, crenate or digitate (Figs. 2, 4-6); a hyphenated range (e.g. 'crenate-digitate') is recorded as both terms."
Eucalyptus consideniana,species,,,,WtSn,,,captive_cultivated,leaf_wax_plate_shape,"Plates, fan-shaped, crenate-edged, many placed edgewise, complete cover",fan_shaped,,mode,,,,,,Appendix I p.381,1,"Candidate trait, not in config/traits.yml (checked 2026-10)."
Eucalyptus consideniana,species,,,,WtSn,,,captive_cultivated,leaf_wax_plate_orientation,many placed edgewise,edgewise,,mode,,,,,,Appendix I p.381,1,"Candidate trait, not in config/traits.yml (checked 2026-10). Plates presented on edge (perpendicular) to the leaf surface rather than lying flat; qualifier ('some', 'many', 'often') kept in trait_value_raw."
Eucalyptus planchoniana,species,,,396Wt; Q39,396Wt; Q39,396Wt; Q39,,field captive_cultivated,leaf_epicuticular_wax_crystal_form,"Plates, fan-shaped, sinuate-edged, overlapping, complete cover",plates,plates,mode,,,,,,Appendix I p.381,1,
Eucalyptus planchoniana,species,,,396Wt; Q39,396Wt; Q39,396Wt; Q39,,field captive_cultivated,leaf_epicuticular_wax_density,complete cover,complete,high,mode,,,,,,Appendix I p.381,1,Cover classes per Methods (e) p.344: complete/almost complete -> high; open -> open; sparse/isolated -> low.
Eucalyptus planchoniana,species,,,396Wt; Q39,396Wt; Q39,396Wt; Q39,,field captive_cultivated,leaf_wax_plate_edge,"Plates, fan-shaped, sinuate-edged, overlapping, complete cover",sinuate,,mode,,,,,,Appendix I p.381,1,"Candidate trait, not in config/traits.yml (checked 2026-10). Plate margin per Methods (e) p.344: entire, sinuate, crenate or digitate (Figs. 2, 4-6); a hyphenated range (e.g. 'crenate-digitate') is recorded as both terms."
Eucalyptus planchoniana,species,,,396Wt; Q39,396Wt; Q39,396Wt; Q39,,field captive_cultivated,leaf_wax_plate_shape,"Plates, fan-shaped, sinuate-edged, overlapping, complete cover",fan_shaped,,mode,,,,,,Appendix I p.381,1,"Candidate trait, not in config/traits.yml (checked 2026-10)."
Eucalyptus planchoniana,species,,,396Wt; Q39,396Wt; Q39,396Wt; Q39,,field captive_cultivated,leaf_wax_crystal_arrangement,"Plates, fan-shaped, sinuate-edged, overlapping, complete cover",overlapping,,mode,,,,,,Appendix I p.381,1,"Candidate trait, not in config/traits.yml (checked 2026-10). Spatial arrangement of wax crystals on the leaf surface."
Eucalyptus oreades,species,,,523Cb,523Cb,523Cb,,captive_cultivated,leaf_epicuticular_wax_crystal_form,"Plates, longer than wide, sinuate-edged, almost complete cover",plates,plates,mode,,,,,,Appendix I p.381,1,
Eucalyptus oreades,species,,,523Cb,523Cb,523Cb,,captive_cultivated,leaf_epicuticular_wax_density,almost complete cover,almost_complete,high,mode,,,,,,Appendix I p.381,1,Cover classes per Methods (e) p.344: complete/almost complete -> high; open -> open; sparse/isolated -> low.
Eucalyptus oreades,species,,,523Cb,523Cb,523Cb,,captive_cultivated,leaf_wax_plate_edge,"Plates, longer than wide, sinuate-edged, almost complete cover",sinuate,,mode,,,,,,Appendix I p.381,1,"Candidate trait, not in config/traits.yml (checked 2026-10). Plate margin per Methods (e) p.344: entire, sinuate, crenate or digitate (Figs. 2, 4-6); a hyphenated range (e.g. 'crenate-digitate') is recorded as both terms."
Eucalyptus oreades,species,,,523Cb,523Cb,523Cb,,captive_cultivated,leaf_wax_plate_shape,"Plates, longer than wide, sinuate-edged, almost complete cover",longer_than_wide,,mode,,,,,,Appendix I p.381,1,"Candidate trait, not in config/traits.yml (checked 2026-10)."
Eucalyptus triflora,species,,,278Cb,278Cb,278Cb,,captive_cultivated,leaf_epicuticular_wax_crystal_form,"Tubes, simple, rarely branching, isolated",tubes,tubes,mode,,,,,,Appendix I p.381,1,
Eucalyptus triflora,species,,,278Cb,278Cb,278Cb,,captive_cultivated,leaf_epicuticular_wax_density,isolated,isolated,low,mode,,,,,,Appendix I p.381,1,Cover classes per Methods (e) p.344: complete/almost complete -> high; open -> open; sparse/isolated -> low.
Eucalyptus triflora,species,,,278Cb,278Cb,278Cb,,captive_cultivated,leaf_wax_tube_complexity,"Tubes, simple, rarely branching, isolated",simple,,mode,,,,,,Appendix I p.381,1,"Candidate trait, not in config/traits.yml (checked 2026-10). Simple (rarely/sparingly branched) vs compound (many-branched, almost 'plumed', e.g. series Globulares) tubes -- Methods (e) p.344."
Eucalyptus triflora,species,,,278Cb,278Cb,278Cb,,captive_cultivated,leaf_wax_tube_branching,"Tubes, simple, rarely branching, isolated",rarely_branched,,mode,,,,,,Appendix I p.381,1,"Candidate trait, not in config/traits.yml (checked 2026-10)."
Eucalyptus obtusiflora,species,,,402Wt,402Wt,402Wt,,captive_cultivated,leaf_epicuticular_wax_crystal_form,"Plates, small, entire to sinuate-edged, overlapping, almost complete cover",plates,plates,mode,,,,,,Appendix I p.381,1,
Eucalyptus obtusiflora,species,,,402Wt,402Wt,402Wt,,captive_cultivated,leaf_epicuticular_wax_density,almost complete cover,almost_complete,high,mode,,,,,,Appendix I p.381,1,Cover classes per Methods (e) p.344: complete/almost complete -> high; open -> open; sparse/isolated -> low.
Eucalyptus obtusiflora,species,,,402Wt,402Wt,402Wt,,captive_cultivated,leaf_wax_plate_edge,"Plates, small, entire to sinuate-edged, overlapping, almost complete cover",entire sinuate,,mode,,,,,,Appendix I p.381,1,"Candidate trait, not in config/traits.yml (checked 2026-10). Plate margin per Methods (e) p.344: entire, sinuate, crenate or digitate (Figs. 2, 4-6); a hyphenated range (e.g. 'crenate-digitate') is recorded as both terms."
Eucalyptus obtusiflora,species,,,402Wt,402Wt,402Wt,,captive_cultivated,leaf_wax_plate_size,"Plates, small, entire to sinuate-edged, overlapping, almost complete cover",small,,mode,,,,,,Appendix I p.381,1,"Candidate trait, not in config/traits.yml (checked 2026-10). Qualitative, relative to other eucalypt plate waxes; no dimensions given."
Eucalyptus obtusiflora,species,,,402Wt,402Wt,402Wt,,captive_cultivated,leaf_wax_crystal_arrangement,"Plates, small, entire to sinuate-edged, overlapping, almost complete cover",overlapping,,mode,,,,,,Appendix I p.381,1,"Candidate trait, not in config/traits.yml (checked 2026-10). Spatial arrangement of wax crystals on the leaf surface."
Eucalyptus kybeanensis,species,,,261Cb,261Cb,261Cb,,captive_cultivated,leaf_epicuticular_wax_crystal_form,"Plates, irregularly and often stellate-shaped, many placed edgewise, almost complete cover",plates,plates,mode,,,,,,Appendix I p.381,1,
Eucalyptus kybeanensis,species,,,261Cb,261Cb,261Cb,,captive_cultivated,leaf_epicuticular_wax_density,almost complete cover,almost_complete,high,mode,,,,,,Appendix I p.381,1,Cover classes per Methods (e) p.344: complete/almost complete -> high; open -> open; sparse/isolated -> low.
Eucalyptus kybeanensis,species,,,261Cb,261Cb,261Cb,,captive_cultivated,leaf_wax_plate_shape,"Plates, irregularly and often stellate-shaped, many placed edgewise, almost complete cover",stellate irregular,,mode,,,,,,Appendix I p.381,1,"Candidate trait, not in config/traits.yml (checked 2026-10)."
Eucalyptus kybeanensis,species,,,261Cb,261Cb,261Cb,,captive_cultivated,leaf_wax_plate_orientation,many placed edgewise,edgewise,,mode,,,,,,Appendix I p.381,1,"Candidate trait, not in config/traits.yml (checked 2026-10). Plates presented on edge (perpendicular) to the leaf surface rather than lying flat; qualifier ('some', 'many', 'often') kept in trait_value_raw."
Eucalyptus pauciflora,species,,,23V; 24V; 135V; 137V; 139V; 267NSW,23V; 24V; 135V; 137V; 139V; 267NSW,23V; 24V; 135V; 137V; 139V; 267NSW,,field,leaf_epicuticular_wax_crystal_form,"Plates, thickened entire-edged, overlapping, complete cover",plates,plates,mode,,,,,,Appendix I p.381,1,"Text p.344-345: no change in wax type across sites from 1800 m (Mt Kosciusko, NSW), 1600 m (Mt Buller, Vic.), 1100 m (Lake Mountain, Vic.) to sea level (Arthur's Seat, Mornington Peninsula; Tooradin, Westernport Bay, Vic.)."
Eucalyptus pauciflora,species,,,23V; 24V; 135V; 137V; 139V; 267NSW,23V; 24V; 135V; 137V; 139V; 267NSW,23V; 24V; 135V; 137V; 139V; 267NSW,,field,leaf_epicuticular_wax_density,complete cover,complete,high,mode,,,,,,Appendix I p.381,1,Cover classes per Methods (e) p.344: complete/almost complete -> high; open -> open; sparse/isolated -> low.
Eucalyptus pauciflora,species,,,23V; 24V; 135V; 137V; 139V; 267NSW,23V; 24V; 135V; 137V; 139V; 267NSW,23V; 24V; 135V; 137V; 139V; 267NSW,,field,leaf_wax_plate_edge,"Plates, thickened entire-edged, overlapping, complete cover",entire,,mode,,,,,,Appendix I p.381,1,"Candidate trait, not in config/traits.yml (checked 2026-10). Plate margin per Methods (e) p.344: entire, sinuate, crenate or digitate (Figs. 2, 4-6); a hyphenated range (e.g. 'crenate-digitate') is recorded as both terms."
Eucalyptus pauciflora,species,,,23V; 24V; 135V; 137V; 139V; 267NSW,23V; 24V; 135V; 137V; 139V; 267NSW,23V; 24V; 135V; 137V; 139V; 267NSW,,field,leaf_wax_plate_shape,"Plates, thickened entire-edged, overlapping, complete cover",thickened_edge,,mode,,,,,,Appendix I p.381,1,"Candidate trait, not in config/traits.yml (checked 2026-10)."
Eucalyptus pauciflora,species,,,23V; 24V; 135V; 137V; 139V; 267NSW,23V; 24V; 135V; 137V; 139V; 267NSW,23V; 24V; 135V; 137V; 139V; 267NSW,,field,leaf_wax_crystal_arrangement,"Plates, thickened entire-edged, overlapping, complete cover",overlapping,,mode,,,,,,Appendix I p.381,1,"Candidate trait, not in config/traits.yml (checked 2026-10). Spatial arrangement of wax crystals on the leaf surface."
Eucalyptus pauciflora var. alpina,species,,,230Cb,230Cb,230Cb,,captive_cultivated,leaf_epicuticular_wax_crystal_form,"Plates, thickened entire-edged, overlapping, complete cover",plates,plates,mode,,,,,,Appendix I p.381,1,
Eucalyptus pauciflora var. alpina,species,,,230Cb,230Cb,230Cb,,captive_cultivated,leaf_epicuticular_wax_density,complete cover,complete,high,mode,,,,,,Appendix I p.381,1,Cover classes per Methods (e) p.344: complete/almost complete -> high; open -> open; sparse/isolated -> low.
Eucalyptus pauciflora var. alpina,species,,,230Cb,230Cb,230Cb,,captive_cultivated,leaf_wax_plate_edge,"Plates, thickened entire-edged, overlapping, complete cover",entire,,mode,,,,,,Appendix I p.381,1,"Candidate trait, not in config/traits.yml (checked 2026-10). Plate margin per Methods (e) p.344: entire, sinuate, crenate or digitate (Figs. 2, 4-6); a hyphenated range (e.g. 'crenate-digitate') is recorded as both terms."
Eucalyptus pauciflora var. alpina,species,,,230Cb,230Cb,230Cb,,captive_cultivated,leaf_wax_plate_shape,"Plates, thickened entire-edged, overlapping, complete cover",thickened_edge,,mode,,,,,,Appendix I p.381,1,"Candidate trait, not in config/traits.yml (checked 2026-10)."
Eucalyptus pauciflora var. alpina,species,,,230Cb,230Cb,230Cb,,captive_cultivated,leaf_wax_crystal_arrangement,"Plates, thickened entire-edged, overlapping, complete cover",overlapping,,mode,,,,,,Appendix I p.381,1,"Candidate trait, not in config/traits.yml (checked 2026-10). Spatial arrangement of wax crystals on the leaf surface."
Eucalyptus stellulata,species,,,NSW9,NSW9,NSW9,,field,leaf_epicuticular_wax_crystal_form,"Plates, small, entire-edged, arranged in rows, open cover",plates,plates,mode,,,,,,Appendix I p.381,1,Text p.359: plates almost all oriented on edge.
Eucalyptus stellulata,species,,,NSW9,NSW9,NSW9,,field,leaf_epicuticular_wax_density,open cover,open,open,mode,,,,,,Appendix I p.381,1,Cover classes per Methods (e) p.344: complete/almost complete -> high; open -> open; sparse/isolated -> low.
Eucalyptus stellulata,species,,,NSW9,NSW9,NSW9,,field,leaf_wax_plate_edge,"Plates, small, entire-edged, arranged in rows, open cover",entire,,mode,,,,,,Appendix I p.381,1,"Candidate trait, not in config/traits.yml (checked 2026-10). Plate margin per Methods (e) p.344: entire, sinuate, crenate or digitate (Figs. 2, 4-6); a hyphenated range (e.g. 'crenate-digitate') is recorded as both terms."
Eucalyptus stellulata,species,,,NSW9,NSW9,NSW9,,field,leaf_wax_plate_size,"Plates, small, entire-edged, arranged in rows, open cover",small,,mode,,,,,,Appendix I p.381,1,"Candidate trait, not in config/traits.yml (checked 2026-10). Qualitative, relative to other eucalypt plate waxes; no dimensions given."
Eucalyptus stellulata,species,,,NSW9,NSW9,NSW9,,field,leaf_wax_crystal_arrangement,"Plates, small, entire-edged, arranged in rows, open cover",rows,,mode,,,,,,Appendix I p.381,1,"Candidate trait, not in config/traits.yml (checked 2026-10). Spatial arrangement of wax crystals on the leaf surface."
Eucalyptus mitchelliana,species,,,,VC,,,captive_cultivated,leaf_epicuticular_wax_crystal_form,"Plates, fan-shaped and on edge, crenate-edged, open cover",plates,plates,mode,,,,,,Appendix I p.381,1,
Eucalyptus mitchelliana,species,,,,VC,,,captive_cultivated,leaf_epicuticular_wax_density,open cover,open,open,mode,,,,,,Appendix I p.381,1,Cover classes per Methods (e) p.344: complete/almost complete -> high; open -> open; sparse/isolated -> low.
Eucalyptus mitchelliana,species,,,,VC,,,captive_cultivated,leaf_wax_plate_edge,"Plates, fan-shaped and on edge, crenate-edged, open cover",crenate,,mode,,,,,,Appendix I p.381,1,"Candidate trait, not in config/traits.yml (checked 2026-10). Plate margin per Methods (e) p.344: entire, sinuate, crenate or digitate (Figs. 2, 4-6); a hyphenated range (e.g. 'crenate-digitate') is recorded as both terms."
Eucalyptus mitchelliana,species,,,,VC,,,captive_cultivated,leaf_wax_plate_shape,"Plates, fan-shaped and on edge, crenate-edged, open cover",fan_shaped,,mode,,,,,,Appendix I p.381,1,"Candidate trait, not in config/traits.yml (checked 2026-10)."
Eucalyptus mitchelliana,species,,,,VC,,,captive_cultivated,leaf_wax_plate_orientation,on edge,edgewise,,mode,,,,,,Appendix I p.381,1,"Candidate trait, not in config/traits.yml (checked 2026-10). Plates presented on edge (perpendicular) to the leaf surface rather than lying flat; qualifier ('some', 'many', 'often') kept in trait_value_raw."
Eucalyptus moorei,species,,,274Cu; 263Cb,274Cu; 263Cb,274Cu; 263Cb,,captive_cultivated,leaf_epicuticular_wax_crystal_form,"Plates and tubes, plates pyramidal and crescent-shaped, entire-edged, tubes simple, open cover",plates tubes,plates tubes,mode,,,,,,Appendix I p.381,1,Text p.359 instead describes 'isolated crenate-edged plates and a few simple branched tubes'.
Eucalyptus moorei,species,,,274Cu; 263Cb,274Cu; 263Cb,274Cu; 263Cb,,captive_cultivated,leaf_epicuticular_wax_density,open cover,open,open,mode,,,,,,Appendix I p.381,1,Cover classes per Methods (e) p.344: complete/almost complete -> high; open -> open; sparse/isolated -> low.
Eucalyptus moorei,species,,,274Cu; 263Cb,274Cu; 263Cb,274Cu; 263Cb,,captive_cultivated,leaf_wax_plate_edge,"plates pyramidal and crescent-shaped, entire-edged",entire,,mode,,,,,,Appendix I p.381,1,"Candidate trait, not in config/traits.yml (checked 2026-10). Plate margin per Methods (e) p.344: entire, sinuate, crenate or digitate (Figs. 2, 4-6); a hyphenated range (e.g. 'crenate-digitate') is recorded as both terms."
Eucalyptus moorei,species,,,274Cu; 263Cb,274Cu; 263Cb,274Cu; 263Cb,,captive_cultivated,leaf_wax_plate_shape,"plates pyramidal and crescent-shaped, entire-edged",crescent_shaped pyramidal,,mode,,,,,,Appendix I p.381,1,"Candidate trait, not in config/traits.yml (checked 2026-10)."
Eucalyptus moorei,species,,,274Cu; 263Cb,274Cu; 263Cb,274Cu; 263Cb,,captive_cultivated,leaf_wax_tube_complexity,"tubes simple, open cover",simple,,mode,,,,,,Appendix I p.381,1,"Candidate trait, not in config/traits.yml (checked 2026-10). Simple (rarely/sparingly branched) vs compound (many-branched, almost 'plumed', e.g. series Globulares) tubes -- Methods (e) p.344."
Eucalyptus linearis,species,,,255Cb,255Cb,255Cb,,captive_cultivated,leaf_epicuticular_wax_crystal_form,"Tubes, simple, rarely branching, sparse cover",tubes,tubes,mode,,,,,,Appendix I p.381,1,
Eucalyptus linearis,species,,,255Cb,255Cb,255Cb,,captive_cultivated,leaf_epicuticular_wax_density,sparse cover,sparse,low,mode,,,,,,Appendix I p.381,1,Cover classes per Methods (e) p.344: complete/almost complete -> high; open -> open; sparse/isolated -> low.
Eucalyptus linearis,species,,,255Cb,255Cb,255Cb,,captive_cultivated,leaf_wax_tube_complexity,"Tubes, simple, rarely branching, sparse cover",simple,,mode,,,,,,Appendix I p.381,1,"Candidate trait, not in config/traits.yml (checked 2026-10). Simple (rarely/sparingly branched) vs compound (many-branched, almost 'plumed', e.g. series Globulares) tubes -- Methods (e) p.344."
Eucalyptus linearis,species,,,255Cb,255Cb,255Cb,,captive_cultivated,leaf_wax_tube_branching,"Tubes, simple, rarely branching, sparse cover",rarely_branched,,mode,,,,,,Appendix I p.381,1,"Candidate trait, not in config/traits.yml (checked 2026-10)."
Eucalyptus andreana,species,,,447Wt,447Wt,447Wt,,captive_cultivated,leaf_epicuticular_wax_crystal_form,"Plates, irregularly shaped, sinuate-edged, oriented between stomata, open cover",plates,plates,mode,,,,,,Appendix I p.381,1,
Eucalyptus andreana,species,,,447Wt,447Wt,447Wt,,captive_cultivated,leaf_epicuticular_wax_density,open cover,open,open,mode,,,,,,Appendix I p.381,1,Cover classes per Methods (e) p.344: complete/almost complete -> high; open -> open; sparse/isolated -> low.
Eucalyptus andreana,species,,,447Wt,447Wt,447Wt,,captive_cultivated,leaf_wax_plate_edge,"Plates, irregularly shaped, sinuate-edged, oriented between stomata, open cover",sinuate,,mode,,,,,,Appendix I p.381,1,"Candidate trait, not in config/traits.yml (checked 2026-10). Plate margin per Methods (e) p.344: entire, sinuate, crenate or digitate (Figs. 2, 4-6); a hyphenated range (e.g. 'crenate-digitate') is recorded as both terms."
Eucalyptus andreana,species,,,447Wt,447Wt,447Wt,,captive_cultivated,leaf_wax_plate_shape,"Plates, irregularly shaped, sinuate-edged, oriented between stomata, open cover",irregular,,mode,,,,,,Appendix I p.381,1,"Candidate trait, not in config/traits.yml (checked 2026-10)."
Eucalyptus andreana,species,,,447Wt,447Wt,447Wt,,captive_cultivated,leaf_wax_crystal_arrangement,"Plates, irregularly shaped, sinuate-edged, oriented between stomata, open cover",between_stomata,,mode,,,,,,Appendix I p.381,1,"Candidate trait, not in config/traits.yml (checked 2026-10). Spatial arrangement of wax crystals on the leaf surface."
Eucalyptus robertsonii,species,,,446Wt,446Wt,446Wt,,captive_cultivated,leaf_epicuticular_wax_crystal_form,"Plates, angularly shaped, sinuate-crenate-edged, complete cover",plates,plates,mode,,,,,,Appendix I p.381,1,
Eucalyptus robertsonii,species,,,446Wt,446Wt,446Wt,,captive_cultivated,leaf_epicuticular_wax_density,complete cover,complete,high,mode,,,,,,Appendix I p.381,1,Cover classes per Methods (e) p.344: complete/almost complete -> high; open -> open; sparse/isolated -> low.
Eucalyptus robertsonii,species,,,446Wt,446Wt,446Wt,,captive_cultivated,leaf_wax_plate_edge,"Plates, angularly shaped, sinuate-crenate-edged, complete cover",sinuate crenate,,mode,,,,,,Appendix I p.381,1,"Candidate trait, not in config/traits.yml (checked 2026-10). Plate margin per Methods (e) p.344: entire, sinuate, crenate or digitate (Figs. 2, 4-6); a hyphenated range (e.g. 'crenate-digitate') is recorded as both terms."
Eucalyptus robertsonii,species,,,446Wt,446Wt,446Wt,,captive_cultivated,leaf_wax_plate_shape,"Plates, angularly shaped, sinuate-crenate-edged, complete cover",angular,,mode,,,,,,Appendix I p.381,1,"Candidate trait, not in config/traits.yml (checked 2026-10)."
Eucalyptus amygdalina,species,,,236Cb,236Cb,236Cb,,captive_cultivated,leaf_epicuticular_wax_crystal_form,"Plates, angularly shaped, sinuate-crenate-edged, complete cover",plates,plates,mode,,,,,,Appendix I p.381,1,
Eucalyptus amygdalina,species,,,236Cb,236Cb,236Cb,,captive_cultivated,leaf_epicuticular_wax_density,complete cover,complete,high,mode,,,,,,Appendix I p.381,1,Cover classes per Methods (e) p.344: complete/almost complete -> high; open -> open; sparse/isolated -> low.
Eucalyptus amygdalina,species,,,236Cb,236Cb,236Cb,,captive_cultivated,leaf_wax_plate_edge,"Plates, angularly shaped, sinuate-crenate-edged, complete cover",sinuate crenate,,mode,,,,,,Appendix I p.381,1,"Candidate trait, not in config/traits.yml (checked 2026-10). Plate margin per Methods (e) p.344: entire, sinuate, crenate or digitate (Figs. 2, 4-6); a hyphenated range (e.g. 'crenate-digitate') is recorded as both terms."
Eucalyptus amygdalina,species,,,236Cb,236Cb,236Cb,,captive_cultivated,leaf_wax_plate_shape,"Plates, angularly shaped, sinuate-crenate-edged, complete cover",angular,,mode,,,,,,Appendix I p.381,1,"Candidate trait, not in config/traits.yml (checked 2026-10)."
Eucalyptus radiata,species,,,82V; 180V,82V; 180V,82V; 180V,,field,leaf_epicuticular_wax_crystal_form,"Plates, angularly shaped, sinuate-crenate-edged, almost complete cover",plates,plates,mode,,,,,,Appendix I p.381,1,"Text p.344: glasshouse-grown seedlings from Wallaby Creek, Taggerty and Wilson's Promontory (Vic.) and Ebor (NSW) seed showed remarkable constancy in wax arrangement and morphology."
Eucalyptus radiata,species,,,82V; 180V,82V; 180V,82V; 180V,,field,leaf_epicuticular_wax_density,almost complete cover,almost_complete,high,mode,,,,,,Appendix I p.381,1,Cover classes per Methods (e) p.344: complete/almost complete -> high; open -> open; sparse/isolated -> low.
Eucalyptus radiata,species,,,82V; 180V,82V; 180V,82V; 180V,,field,leaf_wax_plate_edge,"Plates, angularly shaped, sinuate-crenate-edged, almost complete cover",sinuate crenate,,mode,,,,,,Appendix I p.381,1,"Candidate trait, not in config/traits.yml (checked 2026-10). Plate margin per Methods (e) p.344: entire, sinuate, crenate or digitate (Figs. 2, 4-6); a hyphenated range (e.g. 'crenate-digitate') is recorded as both terms."
Eucalyptus radiata,species,,,82V; 180V,82V; 180V,82V; 180V,,field,leaf_wax_plate_shape,"Plates, angularly shaped, sinuate-crenate-edged, almost complete cover",angular,,mode,,,,,,Appendix I p.381,1,"Candidate trait, not in config/traits.yml (checked 2026-10)."
Eucalyptus tenuiramis,species,,,238Cb,238Cb,238Cb,,captive_cultivated,leaf_epicuticular_wax_crystal_form,"Tubes, simple branching at acute angles, open cover",tubes,tubes,mode,,,,,,Appendix I p.381,1,"Text p.358 says E. tenuiramis and E. risdonii have an identical, almost complete cover."
Eucalyptus tenuiramis,species,,,238Cb,238Cb,238Cb,,captive_cultivated,leaf_epicuticular_wax_density,open cover,open,open,mode,,,,,,Appendix I p.381,1,Cover classes per Methods (e) p.344: complete/almost complete -> high; open -> open; sparse/isolated -> low.
Eucalyptus tenuiramis,species,,,238Cb,238Cb,238Cb,,captive_cultivated,leaf_wax_tube_complexity,"Tubes, simple branching at acute angles, open cover",simple,,mode,,,,,,Appendix I p.381,1,"Candidate trait, not in config/traits.yml (checked 2026-10). Simple (rarely/sparingly branched) vs compound (many-branched, almost 'plumed', e.g. series Globulares) tubes -- Methods (e) p.344."
Eucalyptus tenuiramis,species,,,238Cb,238Cb,238Cb,,captive_cultivated,leaf_wax_tube_branching,"Tubes, simple branching at acute angles, open cover",acute_angle,,mode,,,,,,Appendix I p.381,1,"Candidate trait, not in config/traits.yml (checked 2026-10)."
Eucalyptus dives,species,,,309Cb,309Cb,309Cb,,captive_cultivated,leaf_epicuticular_wax_crystal_form,"Plates and tubes, plates small, sinuate-edged, tubes simple, branching at acute angles, open to almost complete cover",plates tubes,plates tubes,mode,,,,,,Appendix I p.381,1,
Eucalyptus dives,species,,,309Cb,309Cb,309Cb,,captive_cultivated,leaf_epicuticular_wax_density,open to almost complete cover,open_to_almost_complete,high open,mode,,,,,,Appendix I p.381,1,Cover classes per Methods (e) p.344: complete/almost complete -> high; open -> open; sparse/isolated -> low.
Eucalyptus dives,species,,,309Cb,309Cb,309Cb,,captive_cultivated,leaf_wax_plate_edge,"plates small, sinuate-edged",sinuate,,mode,,,,,,Appendix I p.381,1,"Candidate trait, not in config/traits.yml (checked 2026-10). Plate margin per Methods (e) p.344: entire, sinuate, crenate or digitate (Figs. 2, 4-6); a hyphenated range (e.g. 'crenate-digitate') is recorded as both terms."
Eucalyptus dives,species,,,309Cb,309Cb,309Cb,,captive_cultivated,leaf_wax_plate_size,"plates small, sinuate-edged",small,,mode,,,,,,Appendix I p.381,1,"Candidate trait, not in config/traits.yml (checked 2026-10). Qualitative, relative to other eucalypt plate waxes; no dimensions given."
Eucalyptus dives,species,,,309Cb,309Cb,309Cb,,captive_cultivated,leaf_wax_tube_complexity,"tubes simple, branching at acute angles, open to almost complete cover",simple,,mode,,,,,,Appendix I p.381,1,"Candidate trait, not in config/traits.yml (checked 2026-10). Simple (rarely/sparingly branched) vs compound (many-branched, almost 'plumed', e.g. series Globulares) tubes -- Methods (e) p.344."
Eucalyptus dives,species,,,309Cb,309Cb,309Cb,,captive_cultivated,leaf_wax_tube_branching,"tubes simple, branching at acute angles, open to almost complete cover",acute_angle,,mode,,,,,,Appendix I p.381,1,"Candidate trait, not in config/traits.yml (checked 2026-10)."
Eucalyptus coccifera,species,,,241Cb; 449Wt; 514Wt,241Cb; 449Wt; 514Wt,241Cb; 449Wt; 514Wt,,captive_cultivated,leaf_epicuticular_wax_crystal_form,"Plates, stellate-shaped, deeply dissected, clumped, almost complete cover",plates,plates,mode,,,,,,Appendix I p.382,1,Tube wax present on stems (text p.367).
Eucalyptus coccifera,species,,,241Cb; 449Wt; 514Wt,241Cb; 449Wt; 514Wt,241Cb; 449Wt; 514Wt,,captive_cultivated,leaf_epicuticular_wax_density,almost complete cover,almost_complete,high,mode,,,,,,Appendix I p.382,1,Cover classes per Methods (e) p.344: complete/almost complete -> high; open -> open; sparse/isolated -> low.
Eucalyptus coccifera,species,,,241Cb; 449Wt; 514Wt,241Cb; 449Wt; 514Wt,241Cb; 449Wt; 514Wt,,captive_cultivated,leaf_wax_plate_edge,"Plates, stellate-shaped, deeply dissected, clumped, almost complete cover",digitate,,mode,,,,,,Appendix I p.382,1,"Candidate trait, not in config/traits.yml (checked 2026-10). Plate margin per Methods (e) p.344: entire, sinuate, crenate or digitate (Figs. 2, 4-6); a hyphenated range (e.g. 'crenate-digitate') is recorded as both terms."
Eucalyptus coccifera,species,,,241Cb; 449Wt; 514Wt,241Cb; 449Wt; 514Wt,241Cb; 449Wt; 514Wt,,captive_cultivated,leaf_wax_plate_shape,"Plates, stellate-shaped, deeply dissected, clumped, almost complete cover",stellate,,mode,,,,,,Appendix I p.382,1,"Candidate trait, not in config/traits.yml (checked 2026-10)."
Eucalyptus coccifera,species,,,241Cb; 449Wt; 514Wt,241Cb; 449Wt; 514Wt,241Cb; 449Wt; 514Wt,,captive_cultivated,leaf_wax_crystal_arrangement,"Plates, stellate-shaped, deeply dissected, clumped, almost complete cover",clumped,,mode,,,,,,Appendix I p.382,1,"Candidate trait, not in config/traits.yml (checked 2026-10). Spatial arrangement of wax crystals on the leaf surface."
Eucalyptus risdonii,species,,,256Cb,256Cb,256Cb,,captive_cultivated,leaf_epicuticular_wax_crystal_form,"Tubes, simple, branching at acute angles, almost complete cover",tubes,tubes,mode,,,,,,Appendix I p.382,1,
Eucalyptus risdonii,species,,,256Cb,256Cb,256Cb,,captive_cultivated,leaf_epicuticular_wax_density,almost complete cover,almost_complete,high,mode,,,,,,Appendix I p.382,1,Cover classes per Methods (e) p.344: complete/almost complete -> high; open -> open; sparse/isolated -> low.
Eucalyptus risdonii,species,,,256Cb,256Cb,256Cb,,captive_cultivated,leaf_wax_tube_complexity,"Tubes, simple, branching at acute angles, almost complete cover",simple,,mode,,,,,,Appendix I p.382,1,"Candidate trait, not in config/traits.yml (checked 2026-10). Simple (rarely/sparingly branched) vs compound (many-branched, almost 'plumed', e.g. series Globulares) tubes -- Methods (e) p.344."
Eucalyptus risdonii,species,,,256Cb,256Cb,256Cb,,captive_cultivated,leaf_wax_tube_branching,"Tubes, simple, branching at acute angles, almost complete cover",acute_angle,,mode,,,,,,Appendix I p.382,1,"Candidate trait, not in config/traits.yml (checked 2026-10)."
Eucalyptus andrewsii,species,,,,WtSn,,,captive_cultivated,leaf_epicuticular_wax_crystal_form,"Plates, irregularly shaped, entire to sinuate-edged, clumped and radiating, complete cover",plates,plates,mode,,,,,,Appendix I p.382,1,
Eucalyptus andrewsii,species,,,,WtSn,,,captive_cultivated,leaf_epicuticular_wax_density,complete cover,complete,high,mode,,,,,,Appendix I p.382,1,Cover classes per Methods (e) p.344: complete/almost complete -> high; open -> open; sparse/isolated -> low.
Eucalyptus andrewsii,species,,,,WtSn,,,captive_cultivated,leaf_wax_plate_edge,"Plates, irregularly shaped, entire to sinuate-edged, clumped and radiating, complete cover",entire sinuate,,mode,,,,,,Appendix I p.382,1,"Candidate trait, not in config/traits.yml (checked 2026-10). Plate margin per Methods (e) p.344: entire, sinuate, crenate or digitate (Figs. 2, 4-6); a hyphenated range (e.g. 'crenate-digitate') is recorded as both terms."
Eucalyptus andrewsii,species,,,,WtSn,,,captive_cultivated,leaf_wax_plate_shape,"Plates, irregularly shaped, entire to sinuate-edged, clumped and radiating, complete cover",irregular,,mode,,,,,,Appendix I p.382,1,"Candidate trait, not in config/traits.yml (checked 2026-10)."
Eucalyptus andrewsii,species,,,,WtSn,,,captive_cultivated,leaf_wax_crystal_arrangement,"Plates, irregularly shaped, entire to sinuate-edged, clumped and radiating, complete cover",clumped radiating,,mode,,,,,,Appendix I p.382,1,"Candidate trait, not in config/traits.yml (checked 2026-10). Spatial arrangement of wax crystals on the leaf surface."
Eucalyptus joyceae,species,,,,WtSn,,,captive_cultivated,leaf_epicuticular_wax_crystal_form,"Plates, irregularly shaped, entire to sinuate-edged, open cover",plates,plates,mode,,,,,,Appendix I p.382,1,Footnote p.382: probably a species of hybrid origin.
Eucalyptus joyceae,species,,,,WtSn,,,captive_cultivated,leaf_epicuticular_wax_density,open cover,open,open,mode,,,,,,Appendix I p.382,1,Cover classes per Methods (e) p.344: complete/almost complete -> high; open -> open; sparse/isolated -> low.
Eucalyptus joyceae,species,,,,WtSn,,,captive_cultivated,leaf_wax_plate_edge,"Plates, irregularly shaped, entire to sinuate-edged, open cover",entire sinuate,,mode,,,,,,Appendix I p.382,1,"Candidate trait, not in config/traits.yml (checked 2026-10). Plate margin per Methods (e) p.344: entire, sinuate, crenate or digitate (Figs. 2, 4-6); a hyphenated range (e.g. 'crenate-digitate') is recorded as both terms."
Eucalyptus joyceae,species,,,,WtSn,,,captive_cultivated,leaf_wax_plate_shape,"Plates, irregularly shaped, entire to sinuate-edged, open cover",irregular,,mode,,,,,,Appendix I p.382,1,"Candidate trait, not in config/traits.yml (checked 2026-10)."
Eucalyptus haemastoma,species,,,48V; 392Cb,48V; 392Cb,48V; 392Cb,,field captive_cultivated,leaf_epicuticular_wax_crystal_form,"Plates, deeply dissected to give long fingers, stellately clumped, almost complete cover",plates,plates,mode,,,,,,Appendix I p.382,1,
Eucalyptus haemastoma,species,,,48V; 392Cb,48V; 392Cb,48V; 392Cb,,field captive_cultivated,leaf_epicuticular_wax_density,almost complete cover,almost_complete,high,mode,,,,,,Appendix I p.382,1,Cover classes per Methods (e) p.344: complete/almost complete -> high; open -> open; sparse/isolated -> low.
Eucalyptus haemastoma,species,,,48V; 392Cb,48V; 392Cb,48V; 392Cb,,field captive_cultivated,leaf_wax_plate_edge,"Plates, deeply dissected to give long fingers, stellately clumped, almost complete cover",digitate,,mode,,,,,,Appendix I p.382,1,"Candidate trait, not in config/traits.yml (checked 2026-10). Plate margin per Methods (e) p.344: entire, sinuate, crenate or digitate (Figs. 2, 4-6); a hyphenated range (e.g. 'crenate-digitate') is recorded as both terms."
Eucalyptus haemastoma,species,,,48V; 392Cb,48V; 392Cb,48V; 392Cb,,field captive_cultivated,leaf_wax_plate_shape,"Plates, deeply dissected to give long fingers, stellately clumped, almost complete cover",stellate,,mode,,,,,,Appendix I p.382,1,"Candidate trait, not in config/traits.yml (checked 2026-10)."
Eucalyptus haemastoma,species,,,48V; 392Cb,48V; 392Cb,48V; 392Cb,,field captive_cultivated,leaf_wax_crystal_arrangement,"Plates, deeply dissected to give long fingers, stellately clumped, almost complete cover",stellate_clumps,,mode,,,,,,Appendix I p.382,1,"Candidate trait, not in config/traits.yml (checked 2026-10). Spatial arrangement of wax crystals on the leaf surface."
Eucalyptus racemosa,species,,,667Wt,667Wt,667Wt,,captive_cultivated,leaf_epicuticular_wax_crystal_form,"Plates, entire-edged, directionally overlapping, sparse cover",plates,plates,mode,,,,,,Appendix I p.382,1,
Eucalyptus racemosa,species,,,667Wt,667Wt,667Wt,,captive_cultivated,leaf_epicuticular_wax_density,sparse cover,sparse,low,mode,,,,,,Appendix I p.382,1,Cover classes per Methods (e) p.344: complete/almost complete -> high; open -> open; sparse/isolated -> low.
Eucalyptus racemosa,species,,,667Wt,667Wt,667Wt,,captive_cultivated,leaf_wax_plate_edge,"Plates, entire-edged, directionally overlapping, sparse cover",entire,,mode,,,,,,Appendix I p.382,1,"Candidate trait, not in config/traits.yml (checked 2026-10). Plate margin per Methods (e) p.344: entire, sinuate, crenate or digitate (Figs. 2, 4-6); a hyphenated range (e.g. 'crenate-digitate') is recorded as both terms."
Eucalyptus racemosa,species,,,667Wt,667Wt,667Wt,,captive_cultivated,leaf_wax_crystal_arrangement,"Plates, entire-edged, directionally overlapping, sparse cover",directionally_oriented overlapping,,mode,,,,,,Appendix I p.382,1,"Candidate trait, not in config/traits.yml (checked 2026-10). Spatial arrangement of wax crystals on the leaf surface."
Eucalyptus signata,species,,,NSW1,NSW1,NSW1,,field,leaf_epicuticular_wax_crystal_form,"Plates, entire-edged, overlapping, almost complete cover",plates,plates,mode,,,,,,Appendix I p.382,1,
Eucalyptus signata,species,,,NSW1,NSW1,NSW1,,field,leaf_epicuticular_wax_density,almost complete cover,almost_complete,high,mode,,,,,,Appendix I p.382,1,Cover classes per Methods (e) p.344: complete/almost complete -> high; open -> open; sparse/isolated -> low.
Eucalyptus signata,species,,,NSW1,NSW1,NSW1,,field,leaf_wax_plate_edge,"Plates, entire-edged, overlapping, almost complete cover",entire,,mode,,,,,,Appendix I p.382,1,"Candidate trait, not in config/traits.yml (checked 2026-10). Plate margin per Methods (e) p.344: entire, sinuate, crenate or digitate (Figs. 2, 4-6); a hyphenated range (e.g. 'crenate-digitate') is recorded as both terms."
Eucalyptus signata,species,,,NSW1,NSW1,NSW1,,field,leaf_wax_crystal_arrangement,"Plates, entire-edged, overlapping, almost complete cover",overlapping,,mode,,,,,,Appendix I p.382,1,"Candidate trait, not in config/traits.yml (checked 2026-10). Spatial arrangement of wax crystals on the leaf surface."
Eucalyptus deglupta,species,,,NT18,NT18,NT18,,field,leaf_epicuticular_wax_crystal_form,"Plates, entire-edged, overlapping, almost complete cover",plates,plates,mode,,,,,,Appendix I p.382,1,
Eucalyptus deglupta,species,,,NT18,NT18,NT18,,field,leaf_epicuticular_wax_density,almost complete cover,almost_complete,high,mode,,,,,,Appendix I p.382,1,Cover classes per Methods (e) p.344: complete/almost complete -> high; open -> open; sparse/isolated -> low.
Eucalyptus deglupta,species,,,NT18,NT18,NT18,,field,leaf_wax_plate_edge,"Plates, entire-edged, overlapping, almost complete cover",entire,,mode,,,,,,Appendix I p.382,1,"Candidate trait, not in config/traits.yml (checked 2026-10). Plate margin per Methods (e) p.344: entire, sinuate, crenate or digitate (Figs. 2, 4-6); a hyphenated range (e.g. 'crenate-digitate') is recorded as both terms."
Eucalyptus deglupta,species,,,NT18,NT18,NT18,,field,leaf_wax_crystal_arrangement,"Plates, entire-edged, overlapping, almost complete cover",overlapping,,mode,,,,,,Appendix I p.382,1,"Candidate trait, not in config/traits.yml (checked 2026-10). Spatial arrangement of wax crystals on the leaf surface."
Eucalyptus raveretiana,species,,,Carr 141,Carr 141,Carr 141,,field,leaf_epicuticular_wax_crystal_form,"Plates, entire to sinuate-edged, placed edgewise, almost complete cover",plates,plates,mode,,,,,,Appendix I p.382,1,
Eucalyptus raveretiana,species,,,Carr 141,Carr 141,Carr 141,,field,leaf_epicuticular_wax_density,almost complete cover,almost_complete,high,mode,,,,,,Appendix I p.382,1,Cover classes per Methods (e) p.344: complete/almost complete -> high; open -> open; sparse/isolated -> low.
Eucalyptus raveretiana,species,,,Carr 141,Carr 141,Carr 141,,field,leaf_wax_plate_edge,"Plates, entire to sinuate-edged, placed edgewise, almost complete cover",entire sinuate,,mode,,,,,,Appendix I p.382,1,"Candidate trait, not in config/traits.yml (checked 2026-10). Plate margin per Methods (e) p.344: entire, sinuate, crenate or digitate (Figs. 2, 4-6); a hyphenated range (e.g. 'crenate-digitate') is recorded as both terms."
Eucalyptus raveretiana,species,,,Carr 141,Carr 141,Carr 141,,field,leaf_wax_plate_orientation,placed edgewise,edgewise,,mode,,,,,,Appendix I p.382,1,"Candidate trait, not in config/traits.yml (checked 2026-10). Plates presented on edge (perpendicular) to the leaf surface rather than lying flat; qualifier ('some', 'many', 'often') kept in trait_value_raw."
Eucalyptus rigidula,species,,,423Wt,423Wt,423Wt,,captive_cultivated,leaf_epicuticular_wax_crystal_form,"Tubes, simple, rarely branching, open cover",tubes,tubes,mode,,,,,,Appendix I p.382,1,
Eucalyptus rigidula,species,,,423Wt,423Wt,423Wt,,captive_cultivated,leaf_epicuticular_wax_density,open cover,open,open,mode,,,,,,Appendix I p.382,1,Cover classes per Methods (e) p.344: complete/almost complete -> high; open -> open; sparse/isolated -> low.
Eucalyptus rigidula,species,,,423Wt,423Wt,423Wt,,captive_cultivated,leaf_wax_tube_complexity,"Tubes, simple, rarely branching, open cover",simple,,mode,,,,,,Appendix I p.382,1,"Candidate trait, not in config/traits.yml (checked 2026-10). Simple (rarely/sparingly branched) vs compound (many-branched, almost 'plumed', e.g. series Globulares) tubes -- Methods (e) p.344."
Eucalyptus rigidula,species,,,423Wt,423Wt,423Wt,,captive_cultivated,leaf_wax_tube_branching,"Tubes, simple, rarely branching, open cover",rarely_branched,,mode,,,,,,Appendix I p.382,1,"Candidate trait, not in config/traits.yml (checked 2026-10)."
Eucalyptus foecunda,species,,,353S,353S,353S,,captive_cultivated,leaf_epicuticular_wax_crystal_form,"Tubes, simple, open cover",tubes,tubes,mode,,,,,leaf phase: juvenile,Appendix I p.382,1,
Eucalyptus foecunda,species,,,353S,353S,353S,,captive_cultivated,leaf_epicuticular_wax_density,open cover,open,open,mode,,,,,leaf phase: juvenile,Appendix I p.382,1,Cover classes per Methods (e) p.344: complete/almost complete -> high; open -> open; sparse/isolated -> low.
Eucalyptus foecunda,species,,,353S,353S,353S,,captive_cultivated,leaf_wax_tube_complexity,"Tubes, simple, open cover",simple,,mode,,,,,leaf phase: juvenile,Appendix I p.382,1,"Candidate trait, not in config/traits.yml (checked 2026-10). Simple (rarely/sparingly branched) vs compound (many-branched, almost 'plumed', e.g. series Globulares) tubes -- Methods (e) p.344."
Eucalyptus foecunda,species,,,354S; WA81; WA12,354S; WA81; WA12,354S; WA81; WA12,,field captive_cultivated,leaf_epicuticular_wax_crystal_form,"Plates, irregularly shaped, entire-edged, isolated",plates,plates,mode,,,,,leaf phase: adult,Appendix I p.382,1,
Eucalyptus foecunda,species,,,354S; WA81; WA12,354S; WA81; WA12,354S; WA81; WA12,,field captive_cultivated,leaf_epicuticular_wax_density,isolated,isolated,low,mode,,,,,leaf phase: adult,Appendix I p.382,1,Cover classes per Methods (e) p.344: complete/almost complete -> high; open -> open; sparse/isolated -> low.
Eucalyptus foecunda,species,,,354S; WA81; WA12,354S; WA81; WA12,354S; WA81; WA12,,field captive_cultivated,leaf_wax_plate_edge,"Plates, irregularly shaped, entire-edged, isolated",entire,,mode,,,,,leaf phase: adult,Appendix I p.382,1,"Candidate trait, not in config/traits.yml (checked 2026-10). Plate margin per Methods (e) p.344: entire, sinuate, crenate or digitate (Figs. 2, 4-6); a hyphenated range (e.g. 'crenate-digitate') is recorded as both terms."
Eucalyptus foecunda,species,,,354S; WA81; WA12,354S; WA81; WA12,354S; WA81; WA12,,field captive_cultivated,leaf_wax_plate_shape,"Plates, irregularly shaped, entire-edged, isolated",irregular,,mode,,,,,leaf phase: adult,Appendix I p.382,1,"Candidate trait, not in config/traits.yml (checked 2026-10)."
Eucalyptus albida,species,,,WA14,WA14,WA14,,field,leaf_epicuticular_wax_crystal_form,"Tubes, simple, branching at acute angles, nested and tangled, almost complete cover",tubes,tubes,mode,,,,,,Appendix I p.382,1,
Eucalyptus albida,species,,,WA14,WA14,WA14,,field,leaf_epicuticular_wax_density,almost complete cover,almost_complete,high,mode,,,,,,Appendix I p.382,1,Cover classes per Methods (e) p.344: complete/almost complete -> high; open -> open; sparse/isolated -> low.
Eucalyptus albida,species,,,WA14,WA14,WA14,,field,leaf_wax_tube_complexity,"Tubes, simple, branching at acute angles, nested and tangled, almost complete cover",simple,,mode,,,,,,Appendix I p.382,1,"Candidate trait, not in config/traits.yml (checked 2026-10). Simple (rarely/sparingly branched) vs compound (many-branched, almost 'plumed', e.g. series Globulares) tubes -- Methods (e) p.344."
Eucalyptus albida,species,,,WA14,WA14,WA14,,field,leaf_wax_tube_branching,"Tubes, simple, branching at acute angles, nested and tangled, almost complete cover",acute_angle,,mode,,,,,,Appendix I p.382,1,"Candidate trait, not in config/traits.yml (checked 2026-10)."
Eucalyptus albida,species,,,WA14,WA14,WA14,,field,leaf_wax_crystal_arrangement,"Tubes, simple, branching at acute angles, nested and tangled, almost complete cover",tangled nested,,mode,,,,,,Appendix I p.382,1,"Candidate trait, not in config/traits.yml (checked 2026-10). Spatial arrangement of wax crystals on the leaf surface."
Eucalyptus uncinata,species,,,WA14a; 228Cb,WA14a; 228Cb,WA14a; 228Cb,,field captive_cultivated,leaf_epicuticular_wax_crystal_form,"Plates, crenate-edged, placed edgewise, clumped, open cover",plates,plates,mode,,,,,,Appendix I p.382,1,
Eucalyptus uncinata,species,,,WA14a; 228Cb,WA14a; 228Cb,WA14a; 228Cb,,field captive_cultivated,leaf_epicuticular_wax_density,open cover,open,open,mode,,,,,,Appendix I p.382,1,Cover classes per Methods (e) p.344: complete/almost complete -> high; open -> open; sparse/isolated -> low.
Eucalyptus uncinata,species,,,WA14a; 228Cb,WA14a; 228Cb,WA14a; 228Cb,,field captive_cultivated,leaf_wax_plate_edge,"Plates, crenate-edged, placed edgewise, clumped, open cover",crenate,,mode,,,,,,Appendix I p.382,1,"Candidate trait, not in config/traits.yml (checked 2026-10). Plate margin per Methods (e) p.344: entire, sinuate, crenate or digitate (Figs. 2, 4-6); a hyphenated range (e.g. 'crenate-digitate') is recorded as both terms."
Eucalyptus uncinata,species,,,WA14a; 228Cb,WA14a; 228Cb,WA14a; 228Cb,,field captive_cultivated,leaf_wax_plate_orientation,placed edgewise,edgewise,,mode,,,,,,Appendix I p.382,1,"Candidate trait, not in config/traits.yml (checked 2026-10). Plates presented on edge (perpendicular) to the leaf surface rather than lying flat; qualifier ('some', 'many', 'often') kept in trait_value_raw."
Eucalyptus uncinata,species,,,WA14a; 228Cb,WA14a; 228Cb,WA14a; 228Cb,,field captive_cultivated,leaf_wax_crystal_arrangement,"Plates, crenate-edged, placed edgewise, clumped, open cover",clumped,,mode,,,,,,Appendix I p.382,1,"Candidate trait, not in config/traits.yml (checked 2026-10). Spatial arrangement of wax crystals on the leaf surface."
Eucalyptus lansdowneana,species,,,349S,349S,349S,,captive_cultivated,leaf_epicuticular_wax_crystal_form,"Plates, entire to sinuate-edged, placed edgewise, isolated",plates,plates,mode,,,,,,Appendix I p.382,1,
Eucalyptus lansdowneana,species,,,349S,349S,349S,,captive_cultivated,leaf_epicuticular_wax_density,isolated,isolated,low,mode,,,,,,Appendix I p.382,1,Cover classes per Methods (e) p.344: complete/almost complete -> high; open -> open; sparse/isolated -> low.
Eucalyptus lansdowneana,species,,,349S,349S,349S,,captive_cultivated,leaf_wax_plate_edge,"Plates, entire to sinuate-edged, placed edgewise, isolated",entire sinuate,,mode,,,,,,Appendix I p.382,1,"Candidate trait, not in config/traits.yml (checked 2026-10). Plate margin per Methods (e) p.344: entire, sinuate, crenate or digitate (Figs. 2, 4-6); a hyphenated range (e.g. 'crenate-digitate') is recorded as both terms."
Eucalyptus lansdowneana,species,,,349S,349S,349S,,captive_cultivated,leaf_wax_plate_orientation,placed edgewise,edgewise,,mode,,,,,,Appendix I p.382,1,"Candidate trait, not in config/traits.yml (checked 2026-10). Plates presented on edge (perpendicular) to the leaf surface rather than lying flat; qualifier ('some', 'many', 'often') kept in trait_value_raw."
Eucalyptus porosa,species,,,428Wt,428Wt,428Wt,,captive_cultivated,leaf_epicuticular_wax_crystal_form,"Plates, entire to sinuate-edged, placed edgewise, isolated",plates,plates,mode,,,,,,Appendix I p.382,1,
Eucalyptus porosa,species,,,428Wt,428Wt,428Wt,,captive_cultivated,leaf_epicuticular_wax_density,isolated,isolated,low,mode,,,,,,Appendix I p.382,1,Cover classes per Methods (e) p.344: complete/almost complete -> high; open -> open; sparse/isolated -> low.
Eucalyptus porosa,species,,,428Wt,428Wt,428Wt,,captive_cultivated,leaf_wax_plate_edge,"Plates, entire to sinuate-edged, placed edgewise, isolated",entire sinuate,,mode,,,,,,Appendix I p.382,1,"Candidate trait, not in config/traits.yml (checked 2026-10). Plate margin per Methods (e) p.344: entire, sinuate, crenate or digitate (Figs. 2, 4-6); a hyphenated range (e.g. 'crenate-digitate') is recorded as both terms."
Eucalyptus porosa,species,,,428Wt,428Wt,428Wt,,captive_cultivated,leaf_wax_plate_orientation,placed edgewise,edgewise,,mode,,,,,,Appendix I p.382,1,"Candidate trait, not in config/traits.yml (checked 2026-10). Plates presented on edge (perpendicular) to the leaf surface rather than lying flat; qualifier ('some', 'many', 'often') kept in trait_value_raw."
Eucalyptus frogattii,species,,,381Wt,381Wt,381Wt,,captive_cultivated,leaf_epicuticular_wax_crystal_form,"Plates, entire to sinuate-edged, placed edgewise, sparse cover",plates,plates,mode,,,,,,Appendix I p.382,1,
Eucalyptus frogattii,species,,,381Wt,381Wt,381Wt,,captive_cultivated,leaf_epicuticular_wax_density,sparse cover,sparse,low,mode,,,,,,Appendix I p.382,1,Cover classes per Methods (e) p.344: complete/almost complete -> high; open -> open; sparse/isolated -> low.
Eucalyptus frogattii,species,,,381Wt,381Wt,381Wt,,captive_cultivated,leaf_wax_plate_edge,"Plates, entire to sinuate-edged, placed edgewise, sparse cover",entire sinuate,,mode,,,,,,Appendix I p.382,1,"Candidate trait, not in config/traits.yml (checked 2026-10). Plate margin per Methods (e) p.344: entire, sinuate, crenate or digitate (Figs. 2, 4-6); a hyphenated range (e.g. 'crenate-digitate') is recorded as both terms."
Eucalyptus frogattii,species,,,381Wt,381Wt,381Wt,,captive_cultivated,leaf_wax_plate_orientation,placed edgewise,edgewise,,mode,,,,,,Appendix I p.382,1,"Candidate trait, not in config/traits.yml (checked 2026-10). Plates presented on edge (perpendicular) to the leaf surface rather than lying flat; qualifier ('some', 'many', 'often') kept in trait_value_raw."
Eucalyptus odorata,species,,,426Wt,426Wt,426Wt,,captive_cultivated,leaf_epicuticular_wax_crystal_form,"Plates, rounded, entire to sinuate-edged, almost complete cover",plates,plates,mode,,,,,,Appendix I p.382,1,
Eucalyptus odorata,species,,,426Wt,426Wt,426Wt,,captive_cultivated,leaf_epicuticular_wax_density,almost complete cover,almost_complete,high,mode,,,,,,Appendix I p.382,1,Cover classes per Methods (e) p.344: complete/almost complete -> high; open -> open; sparse/isolated -> low.
Eucalyptus odorata,species,,,426Wt,426Wt,426Wt,,captive_cultivated,leaf_wax_plate_edge,"Plates, rounded, entire to sinuate-edged, almost complete cover",entire sinuate,,mode,,,,,,Appendix I p.382,1,"Candidate trait, not in config/traits.yml (checked 2026-10). Plate margin per Methods (e) p.344: entire, sinuate, crenate or digitate (Figs. 2, 4-6); a hyphenated range (e.g. 'crenate-digitate') is recorded as both terms."
Eucalyptus odorata,species,,,426Wt,426Wt,426Wt,,captive_cultivated,leaf_wax_plate_shape,"Plates, rounded, entire to sinuate-edged, almost complete cover",rounded,,mode,,,,,,Appendix I p.382,1,"Candidate trait, not in config/traits.yml (checked 2026-10)."
Eucalyptus odorata var. angustifolia,species,,,365Wt,365Wt,365Wt,,captive_cultivated,leaf_epicuticular_wax_crystal_form,"Plates and tubes; plates entire to sinuate-edged, tubes simple, large almost complete cover",plates tubes,plates tubes,mode,,,,,,Appendix I p.382,1,
Eucalyptus odorata var. angustifolia,species,,,365Wt,365Wt,365Wt,,captive_cultivated,leaf_epicuticular_wax_density,almost complete cover,almost_complete,high,mode,,,,,,Appendix I p.382,1,Cover classes per Methods (e) p.344: complete/almost complete -> high; open -> open; sparse/isolated -> low.
Eucalyptus odorata var. angustifolia,species,,,365Wt,365Wt,365Wt,,captive_cultivated,leaf_wax_plate_edge,plates entire to sinuate-edged,entire sinuate,,mode,,,,,,Appendix I p.382,1,"Candidate trait, not in config/traits.yml (checked 2026-10). Plate margin per Methods (e) p.344: entire, sinuate, crenate or digitate (Figs. 2, 4-6); a hyphenated range (e.g. 'crenate-digitate') is recorded as both terms."
Eucalyptus odorata var. angustifolia,species,,,365Wt,365Wt,365Wt,,captive_cultivated,leaf_wax_tube_complexity,"tubes simple, large almost complete cover",simple,,mode,,,,,,Appendix I p.382,1,"Candidate trait, not in config/traits.yml (checked 2026-10). Simple (rarely/sparingly branched) vs compound (many-branched, almost 'plumed', e.g. series Globulares) tubes -- Methods (e) p.344."
Eucalyptus odorata var. angustifolia,species,,,365Wt,365Wt,365Wt,,captive_cultivated,leaf_wax_tube_size,"tubes simple, large almost complete cover",large,,mode,,,,,,Appendix I p.382,1,"Candidate trait, not in config/traits.yml (checked 2026-10). Qualitative; no dimensions given."
Eucalyptus odorata var. refracta,species,,,249Cb,249Cb,249Cb,,captive_cultivated,leaf_epicuticular_wax_crystal_form,"Plates, longer than wide, crenate-edged, often placed edgewise, almost complete cover",plates,plates,mode,,,,,,Appendix I p.382,1,
Eucalyptus odorata var. refracta,species,,,249Cb,249Cb,249Cb,,captive_cultivated,leaf_epicuticular_wax_density,almost complete cover,almost_complete,high,mode,,,,,,Appendix I p.382,1,Cover classes per Methods (e) p.344: complete/almost complete -> high; open -> open; sparse/isolated -> low.
Eucalyptus odorata var. refracta,species,,,249Cb,249Cb,249Cb,,captive_cultivated,leaf_wax_plate_edge,"Plates, longer than wide, crenate-edged, often placed edgewise, almost complete cover",crenate,,mode,,,,,,Appendix I p.382,1,"Candidate trait, not in config/traits.yml (checked 2026-10). Plate margin per Methods (e) p.344: entire, sinuate, crenate or digitate (Figs. 2, 4-6); a hyphenated range (e.g. 'crenate-digitate') is recorded as both terms."
Eucalyptus odorata var. refracta,species,,,249Cb,249Cb,249Cb,,captive_cultivated,leaf_wax_plate_shape,"Plates, longer than wide, crenate-edged, often placed edgewise, almost complete cover",longer_than_wide,,mode,,,,,,Appendix I p.382,1,"Candidate trait, not in config/traits.yml (checked 2026-10)."
Eucalyptus odorata var. refracta,species,,,249Cb,249Cb,249Cb,,captive_cultivated,leaf_wax_plate_orientation,often placed edgewise,edgewise,,mode,,,,,,Appendix I p.382,1,"Candidate trait, not in config/traits.yml (checked 2026-10). Plates presented on edge (perpendicular) to the leaf surface rather than lying flat; qualifier ('some', 'many', 'often') kept in trait_value_raw."
Eucalyptus polybractea,species,,,680V,680V,680V,,field,leaf_epicuticular_wax_crystal_form,"Plates and tubes, plates sinuate-crenate-edged, tubes simple, relatively unbranched, complete cover",plates tubes,plates tubes,mode,,,,,,Appendix I p.382,1,
Eucalyptus polybractea,species,,,680V,680V,680V,,field,leaf_epicuticular_wax_density,complete cover,complete,high,mode,,,,,,Appendix I p.382,1,Cover classes per Methods (e) p.344: complete/almost complete -> high; open -> open; sparse/isolated -> low.
Eucalyptus polybractea,species,,,680V,680V,680V,,field,leaf_wax_plate_edge,plates sinuate-crenate-edged,sinuate crenate,,mode,,,,,,Appendix I p.382,1,"Candidate trait, not in config/traits.yml (checked 2026-10). Plate margin per Methods (e) p.344: entire, sinuate, crenate or digitate (Figs. 2, 4-6); a hyphenated range (e.g. 'crenate-digitate') is recorded as both terms."
Eucalyptus polybractea,species,,,680V,680V,680V,,field,leaf_wax_tube_complexity,"tubes simple, relatively unbranched, complete cover",simple,,mode,,,,,,Appendix I p.382,1,"Candidate trait, not in config/traits.yml (checked 2026-10). Simple (rarely/sparingly branched) vs compound (many-branched, almost 'plumed', e.g. series Globulares) tubes -- Methods (e) p.344."
Eucalyptus polybractea,species,,,680V,680V,680V,,field,leaf_wax_tube_branching,"tubes simple, relatively unbranched, complete cover",rarely_branched,,mode,,,,,,Appendix I p.382,1,"Candidate trait, not in config/traits.yml (checked 2026-10)."
Eucalyptus viridis,species,,,NSW31,NSW31,NSW31,,field,leaf_epicuticular_wax_crystal_form,"Plates and tubes, plates longer than wide, crenate-edged, placed edgewise, tubes few, isolated, almost complete cover",plates tubes,plates tubes,mode,,,,,,Appendix I p.382,1,
Eucalyptus viridis,species,,,NSW31,NSW31,NSW31,,field,leaf_epicuticular_wax_density,almost complete cover,almost_complete,high,mode,,,,,,Appendix I p.382,1,Cover classes per Methods (e) p.344: complete/almost complete -> high; open -> open; sparse/isolated -> low.
Eucalyptus viridis,species,,,NSW31,NSW31,NSW31,,field,leaf_wax_plate_edge,"plates longer than wide, crenate-edged, placed edgewise",crenate,,mode,,,,,,Appendix I p.382,1,"Candidate trait, not in config/traits.yml (checked 2026-10). Plate margin per Methods (e) p.344: entire, sinuate, crenate or digitate (Figs. 2, 4-6); a hyphenated range (e.g. 'crenate-digitate') is recorded as both terms."
Eucalyptus viridis,species,,,NSW31,NSW31,NSW31,,field,leaf_wax_plate_shape,"plates longer than wide, crenate-edged, placed edgewise",longer_than_wide,,mode,,,,,,Appendix I p.382,1,"Candidate trait, not in config/traits.yml (checked 2026-10)."
Eucalyptus viridis,species,,,NSW31,NSW31,NSW31,,field,leaf_wax_plate_orientation,placed edgewise,edgewise,,mode,,,,,,Appendix I p.382,1,"Candidate trait, not in config/traits.yml (checked 2026-10). Plates presented on edge (perpendicular) to the leaf surface rather than lying flat; qualifier ('some', 'many', 'often') kept in trait_value_raw."
Eucalyptus viridis,species,,,NSW31,NSW31,NSW31,,field,leaf_wax_plate_tube_proportion,tubes few,tubes_few,,mode,,,,,,Appendix I p.382,1,"Candidate trait, not in config/traits.yml (checked 2026-10). Relative abundance of plates vs tubes in a mixed wax; verbatim qualifier."
Eucalyptus thozetiana,species,,,,WtSn,,,captive_cultivated,leaf_epicuticular_wax_crystal_form,"Plates, rhomboidal, crenate-edged, open cover",plates,plates,mode,,,,,,Appendix I p.383,1,
Eucalyptus thozetiana,species,,,,WtSn,,,captive_cultivated,leaf_epicuticular_wax_density,open cover,open,open,mode,,,,,,Appendix I p.383,1,Cover classes per Methods (e) p.344: complete/almost complete -> high; open -> open; sparse/isolated -> low.
Eucalyptus thozetiana,species,,,,WtSn,,,captive_cultivated,leaf_wax_plate_edge,"Plates, rhomboidal, crenate-edged, open cover",crenate,,mode,,,,,,Appendix I p.383,1,"Candidate trait, not in config/traits.yml (checked 2026-10). Plate margin per Methods (e) p.344: entire, sinuate, crenate or digitate (Figs. 2, 4-6); a hyphenated range (e.g. 'crenate-digitate') is recorded as both terms."
Eucalyptus thozetiana,species,,,,WtSn,,,captive_cultivated,leaf_wax_plate_shape,"Plates, rhomboidal, crenate-edged, open cover",rhomboidal,,mode,,,,,,Appendix I p.383,1,"Candidate trait, not in config/traits.yml (checked 2026-10)."
Eucalyptus largiflorens,species,,,,VC,,,captive_cultivated,leaf_epicuticular_wax_crystal_form,"Plates, stellate-shaped, sinuate-edged, almost complete cover",plates,plates,mode,,,,,,Appendix I p.383,1,
Eucalyptus largiflorens,species,,,,VC,,,captive_cultivated,leaf_epicuticular_wax_density,almost complete cover,almost_complete,high,mode,,,,,,Appendix I p.383,1,Cover classes per Methods (e) p.344: complete/almost complete -> high; open -> open; sparse/isolated -> low.
Eucalyptus largiflorens,species,,,,VC,,,captive_cultivated,leaf_wax_plate_edge,"Plates, stellate-shaped, sinuate-edged, almost complete cover",sinuate,,mode,,,,,,Appendix I p.383,1,"Candidate trait, not in config/traits.yml (checked 2026-10). Plate margin per Methods (e) p.344: entire, sinuate, crenate or digitate (Figs. 2, 4-6); a hyphenated range (e.g. 'crenate-digitate') is recorded as both terms."
Eucalyptus largiflorens,species,,,,VC,,,captive_cultivated,leaf_wax_plate_shape,"Plates, stellate-shaped, sinuate-edged, almost complete cover",stellate,,mode,,,,,,Appendix I p.383,1,"Candidate trait, not in config/traits.yml (checked 2026-10)."
Eucalyptus ochrophloia,species,,,,WtSn,,,captive_cultivated,leaf_epicuticular_wax_crystal_form,"Plates, fan-shaped, sinuate-edged, clumped, almost complete cover",plates,plates,mode,,,,,,Appendix I p.383,1,
Eucalyptus ochrophloia,species,,,,WtSn,,,captive_cultivated,leaf_epicuticular_wax_density,almost complete cover,almost_complete,high,mode,,,,,,Appendix I p.383,1,Cover classes per Methods (e) p.344: complete/almost complete -> high; open -> open; sparse/isolated -> low.
Eucalyptus ochrophloia,species,,,,WtSn,,,captive_cultivated,leaf_wax_plate_edge,"Plates, fan-shaped, sinuate-edged, clumped, almost complete cover",sinuate,,mode,,,,,,Appendix I p.383,1,"Candidate trait, not in config/traits.yml (checked 2026-10). Plate margin per Methods (e) p.344: entire, sinuate, crenate or digitate (Figs. 2, 4-6); a hyphenated range (e.g. 'crenate-digitate') is recorded as both terms."
Eucalyptus ochrophloia,species,,,,WtSn,,,captive_cultivated,leaf_wax_plate_shape,"Plates, fan-shaped, sinuate-edged, clumped, almost complete cover",fan_shaped,,mode,,,,,,Appendix I p.383,1,"Candidate trait, not in config/traits.yml (checked 2026-10)."
Eucalyptus ochrophloia,species,,,,WtSn,,,captive_cultivated,leaf_wax_crystal_arrangement,"Plates, fan-shaped, sinuate-edged, clumped, almost complete cover",clumped,,mode,,,,,,Appendix I p.383,1,"Candidate trait, not in config/traits.yml (checked 2026-10). Spatial arrangement of wax crystals on the leaf surface."
Eucalyptus cambageana,species,,,Q32,Q32,Q32,,field,leaf_epicuticular_wax_crystal_form,"Plates, fan-shaped, crenate-edged, placed edgewise, open cover",plates,plates,mode,,,,,,Appendix I p.383,1,
Eucalyptus cambageana,species,,,Q32,Q32,Q32,,field,leaf_epicuticular_wax_density,open cover,open,open,mode,,,,,,Appendix I p.383,1,Cover classes per Methods (e) p.344: complete/almost complete -> high; open -> open; sparse/isolated -> low.
Eucalyptus cambageana,species,,,Q32,Q32,Q32,,field,leaf_wax_plate_edge,"Plates, fan-shaped, crenate-edged, placed edgewise, open cover",crenate,,mode,,,,,,Appendix I p.383,1,"Candidate trait, not in config/traits.yml (checked 2026-10). Plate margin per Methods (e) p.344: entire, sinuate, crenate or digitate (Figs. 2, 4-6); a hyphenated range (e.g. 'crenate-digitate') is recorded as both terms."
Eucalyptus cambageana,species,,,Q32,Q32,Q32,,field,leaf_wax_plate_shape,"Plates, fan-shaped, crenate-edged, placed edgewise, open cover",fan_shaped,,mode,,,,,,Appendix I p.383,1,"Candidate trait, not in config/traits.yml (checked 2026-10)."
Eucalyptus cambageana,species,,,Q32,Q32,Q32,,field,leaf_wax_plate_orientation,placed edgewise,edgewise,,mode,,,,,,Appendix I p.383,1,"Candidate trait, not in config/traits.yml (checked 2026-10). Plates presented on edge (perpendicular) to the leaf surface rather than lying flat; qualifier ('some', 'many', 'often') kept in trait_value_raw."
Eucalyptus behriana,species,,,210Cb; 334S,210Cb; 334S,210Cb; 334S,,captive_cultivated,leaf_epicuticular_wax_crystal_form,"Tubes, simple, large, branching at acute angles, open to sparse cover",tubes,tubes,mode,,,,,,Appendix I p.383,1,
Eucalyptus behriana,species,,,210Cb; 334S,210Cb; 334S,210Cb; 334S,,captive_cultivated,leaf_epicuticular_wax_density,open to sparse cover,open_to_sparse,open low,mode,,,,,,Appendix I p.383,1,Cover classes per Methods (e) p.344: complete/almost complete -> high; open -> open; sparse/isolated -> low.
Eucalyptus behriana,species,,,210Cb; 334S,210Cb; 334S,210Cb; 334S,,captive_cultivated,leaf_wax_tube_complexity,"Tubes, simple, large, branching at acute angles, open to sparse cover",simple,,mode,,,,,,Appendix I p.383,1,"Candidate trait, not in config/traits.yml (checked 2026-10). Simple (rarely/sparingly branched) vs compound (many-branched, almost 'plumed', e.g. series Globulares) tubes -- Methods (e) p.344."
Eucalyptus behriana,species,,,210Cb; 334S,210Cb; 334S,210Cb; 334S,,captive_cultivated,leaf_wax_tube_branching,"Tubes, simple, large, branching at acute angles, open to sparse cover",acute_angle,,mode,,,,,,Appendix I p.383,1,"Candidate trait, not in config/traits.yml (checked 2026-10)."
Eucalyptus behriana,species,,,210Cb; 334S,210Cb; 334S,210Cb; 334S,,captive_cultivated,leaf_wax_tube_size,"Tubes, simple, large, branching at acute angles, open to sparse cover",large,,mode,,,,,,Appendix I p.383,1,"Candidate trait, not in config/traits.yml (checked 2026-10). Qualitative; no dimensions given."
Eucalyptus woollsiana,species,,,448Wt,448Wt,448Wt,,captive_cultivated,leaf_epicuticular_wax_crystal_form,"Plates, sinuate-edged, many placed edgewise, complete cover",plates,plates,mode,,,,,,Appendix I p.383,1,
Eucalyptus woollsiana,species,,,448Wt,448Wt,448Wt,,captive_cultivated,leaf_epicuticular_wax_density,complete cover,complete,high,mode,,,,,,Appendix I p.383,1,Cover classes per Methods (e) p.344: complete/almost complete -> high; open -> open; sparse/isolated -> low.
Eucalyptus woollsiana,species,,,448Wt,448Wt,448Wt,,captive_cultivated,leaf_wax_plate_edge,"Plates, sinuate-edged, many placed edgewise, complete cover",sinuate,,mode,,,,,,Appendix I p.383,1,"Candidate trait, not in config/traits.yml (checked 2026-10). Plate margin per Methods (e) p.344: entire, sinuate, crenate or digitate (Figs. 2, 4-6); a hyphenated range (e.g. 'crenate-digitate') is recorded as both terms."
Eucalyptus woollsiana,species,,,448Wt,448Wt,448Wt,,captive_cultivated,leaf_wax_plate_orientation,many placed edgewise,edgewise,,mode,,,,,,Appendix I p.383,1,"Candidate trait, not in config/traits.yml (checked 2026-10). Plates presented on edge (perpendicular) to the leaf surface rather than lying flat; qualifier ('some', 'many', 'often') kept in trait_value_raw."
Eucalyptus moluccana,species,,,440Wt; 469SA,440Wt; 469SA,440Wt; 469SA,,field captive_cultivated,leaf_epicuticular_wax_crystal_form,"Plates and tubes, plates stellate-shaped, sinuate-edged, tubes simple, complete cover",plates tubes,plates tubes,mode,,,,,,Appendix I p.383,1,
Eucalyptus moluccana,species,,,440Wt; 469SA,440Wt; 469SA,440Wt; 469SA,,field captive_cultivated,leaf_epicuticular_wax_density,complete cover,complete,high,mode,,,,,,Appendix I p.383,1,Cover classes per Methods (e) p.344: complete/almost complete -> high; open -> open; sparse/isolated -> low.
Eucalyptus moluccana,species,,,440Wt; 469SA,440Wt; 469SA,440Wt; 469SA,,field captive_cultivated,leaf_wax_plate_edge,"plates stellate-shaped, sinuate-edged",sinuate,,mode,,,,,,Appendix I p.383,1,"Candidate trait, not in config/traits.yml (checked 2026-10). Plate margin per Methods (e) p.344: entire, sinuate, crenate or digitate (Figs. 2, 4-6); a hyphenated range (e.g. 'crenate-digitate') is recorded as both terms."
Eucalyptus moluccana,species,,,440Wt; 469SA,440Wt; 469SA,440Wt; 469SA,,field captive_cultivated,leaf_wax_plate_shape,"plates stellate-shaped, sinuate-edged",stellate,,mode,,,,,,Appendix I p.383,1,"Candidate trait, not in config/traits.yml (checked 2026-10)."
Eucalyptus moluccana,species,,,440Wt; 469SA,440Wt; 469SA,440Wt; 469SA,,field captive_cultivated,leaf_wax_tube_complexity,"tubes simple, complete cover",simple,,mode,,,,,,Appendix I p.383,1,"Candidate trait, not in config/traits.yml (checked 2026-10). Simple (rarely/sparingly branched) vs compound (many-branched, almost 'plumed', e.g. series Globulares) tubes -- Methods (e) p.344."
Eucalyptus albens,species,,,320V,320V,320V,,field,leaf_epicuticular_wax_crystal_form,"Tubes, simple, branching at right angles, complete cover",tubes,tubes,mode,,,,,,Appendix I p.383,1,
Eucalyptus albens,species,,,320V,320V,320V,,field,leaf_epicuticular_wax_density,complete cover,complete,high,mode,,,,,,Appendix I p.383,1,Cover classes per Methods (e) p.344: complete/almost complete -> high; open -> open; sparse/isolated -> low.
Eucalyptus albens,species,,,320V,320V,320V,,field,leaf_wax_tube_complexity,"Tubes, simple, branching at right angles, complete cover",simple,,mode,,,,,,Appendix I p.383,1,"Candidate trait, not in config/traits.yml (checked 2026-10). Simple (rarely/sparingly branched) vs compound (many-branched, almost 'plumed', e.g. series Globulares) tubes -- Methods (e) p.344."
Eucalyptus albens,species,,,320V,320V,320V,,field,leaf_wax_tube_branching,"Tubes, simple, branching at right angles, complete cover",right_angle,,mode,,,,,,Appendix I p.383,1,"Candidate trait, not in config/traits.yml (checked 2026-10)."
Eucalyptus leptophleba,species,,,412Wt; DA6; 611Q,412Wt; DA6; 611Q,412Wt; DA6; 611Q,,field captive_cultivated,leaf_epicuticular_wax_crystal_form,"Plates, stellate-shaped, crenate-digitate-edged, placed edgewise, clumped, complete cover",plates,plates,mode,,,,,,Appendix I p.383,1,
Eucalyptus leptophleba,species,,,412Wt; DA6; 611Q,412Wt; DA6; 611Q,412Wt; DA6; 611Q,,field captive_cultivated,leaf_epicuticular_wax_density,complete cover,complete,high,mode,,,,,,Appendix I p.383,1,Cover classes per Methods (e) p.344: complete/almost complete -> high; open -> open; sparse/isolated -> low.
Eucalyptus leptophleba,species,,,412Wt; DA6; 611Q,412Wt; DA6; 611Q,412Wt; DA6; 611Q,,field captive_cultivated,leaf_wax_plate_edge,"Plates, stellate-shaped, crenate-digitate-edged, placed edgewise, clumped, complete cover",crenate digitate,,mode,,,,,,Appendix I p.383,1,"Candidate trait, not in config/traits.yml (checked 2026-10). Plate margin per Methods (e) p.344: entire, sinuate, crenate or digitate (Figs. 2, 4-6); a hyphenated range (e.g. 'crenate-digitate') is recorded as both terms."
Eucalyptus leptophleba,species,,,412Wt; DA6; 611Q,412Wt; DA6; 611Q,412Wt; DA6; 611Q,,field captive_cultivated,leaf_wax_plate_shape,"Plates, stellate-shaped, crenate-digitate-edged, placed edgewise, clumped, complete cover",stellate,,mode,,,,,,Appendix I p.383,1,"Candidate trait, not in config/traits.yml (checked 2026-10)."
Eucalyptus leptophleba,species,,,412Wt; DA6; 611Q,412Wt; DA6; 611Q,412Wt; DA6; 611Q,,field captive_cultivated,leaf_wax_plate_orientation,placed edgewise,edgewise,,mode,,,,,,Appendix I p.383,1,"Candidate trait, not in config/traits.yml (checked 2026-10). Plates presented on edge (perpendicular) to the leaf surface rather than lying flat; qualifier ('some', 'many', 'often') kept in trait_value_raw."
Eucalyptus leptophleba,species,,,412Wt; DA6; 611Q,412Wt; DA6; 611Q,412Wt; DA6; 611Q,,field captive_cultivated,leaf_wax_crystal_arrangement,"Plates, stellate-shaped, crenate-digitate-edged, placed edgewise, clumped, complete cover",clumped,,mode,,,,,,Appendix I p.383,1,"Candidate trait, not in config/traits.yml (checked 2026-10). Spatial arrangement of wax crystals on the leaf surface."
Eucalyptus patellaris,species,,,N22; N33,N22; N33,N22; N33,,field,leaf_epicuticular_wax_crystal_form,"Plates, irregularly shaped, sinuate-edged, some placed edgewise, almost complete cover",plates,plates,mode,,,,,,Appendix I p.383,1,
Eucalyptus patellaris,species,,,N22; N33,N22; N33,N22; N33,,field,leaf_epicuticular_wax_density,almost complete cover,almost_complete,high,mode,,,,,,Appendix I p.383,1,Cover classes per Methods (e) p.344: complete/almost complete -> high; open -> open; sparse/isolated -> low.
Eucalyptus patellaris,species,,,N22; N33,N22; N33,N22; N33,,field,leaf_wax_plate_edge,"Plates, irregularly shaped, sinuate-edged, some placed edgewise, almost complete cover",sinuate,,mode,,,,,,Appendix I p.383,1,"Candidate trait, not in config/traits.yml (checked 2026-10). Plate margin per Methods (e) p.344: entire, sinuate, crenate or digitate (Figs. 2, 4-6); a hyphenated range (e.g. 'crenate-digitate') is recorded as both terms."
Eucalyptus patellaris,species,,,N22; N33,N22; N33,N22; N33,,field,leaf_wax_plate_shape,"Plates, irregularly shaped, sinuate-edged, some placed edgewise, almost complete cover",irregular,,mode,,,,,,Appendix I p.383,1,"Candidate trait, not in config/traits.yml (checked 2026-10)."
Eucalyptus patellaris,species,,,N22; N33,N22; N33,N22; N33,,field,leaf_wax_plate_orientation,some placed edgewise,edgewise,,mode,,,,,,Appendix I p.383,1,"Candidate trait, not in config/traits.yml (checked 2026-10). Plates presented on edge (perpendicular) to the leaf surface rather than lying flat; qualifier ('some', 'many', 'often') kept in trait_value_raw."
Eucalyptus oligantha,species,,,NT9,NT9,NT9,,field,leaf_epicuticular_wax_crystal_form,"Plates, irregularly shaped, digitate-edged, some placed edgewise, complete cover",plates,plates,mode,,,,,,Appendix I p.383,1,
Eucalyptus oligantha,species,,,NT9,NT9,NT9,,field,leaf_epicuticular_wax_density,complete cover,complete,high,mode,,,,,,Appendix I p.383,1,Cover classes per Methods (e) p.344: complete/almost complete -> high; open -> open; sparse/isolated -> low.
Eucalyptus oligantha,species,,,NT9,NT9,NT9,,field,leaf_wax_plate_edge,"Plates, irregularly shaped, digitate-edged, some placed edgewise, complete cover",digitate,,mode,,,,,,Appendix I p.383,1,"Candidate trait, not in config/traits.yml (checked 2026-10). Plate margin per Methods (e) p.344: entire, sinuate, crenate or digitate (Figs. 2, 4-6); a hyphenated range (e.g. 'crenate-digitate') is recorded as both terms."
Eucalyptus oligantha,species,,,NT9,NT9,NT9,,field,leaf_wax_plate_shape,"Plates, irregularly shaped, digitate-edged, some placed edgewise, complete cover",irregular,,mode,,,,,,Appendix I p.383,1,"Candidate trait, not in config/traits.yml (checked 2026-10)."
Eucalyptus oligantha,species,,,NT9,NT9,NT9,,field,leaf_wax_plate_orientation,some placed edgewise,edgewise,,mode,,,,,,Appendix I p.383,1,"Candidate trait, not in config/traits.yml (checked 2026-10). Plates presented on edge (perpendicular) to the leaf surface rather than lying flat; qualifier ('some', 'many', 'often') kept in trait_value_raw."
Eucalyptus tectifica,species,,,NT5; N3; N27,NT5; N3; N27,NT5; N3; N27,,field,leaf_epicuticular_wax_crystal_form,"Plates, irregularly shaped, crenate-digitate-edged, placed edgewise, almost complete cover",plates,plates,mode,,,,,,Appendix I p.383,1,
Eucalyptus tectifica,species,,,NT5; N3; N27,NT5; N3; N27,NT5; N3; N27,,field,leaf_epicuticular_wax_density,almost complete cover,almost_complete,high,mode,,,,,,Appendix I p.383,1,Cover classes per Methods (e) p.344: complete/almost complete -> high; open -> open; sparse/isolated -> low.
Eucalyptus tectifica,species,,,NT5; N3; N27,NT5; N3; N27,NT5; N3; N27,,field,leaf_wax_plate_edge,"Plates, irregularly shaped, crenate-digitate-edged, placed edgewise, almost complete cover",crenate digitate,,mode,,,,,,Appendix I p.383,1,"Candidate trait, not in config/traits.yml (checked 2026-10). Plate margin per Methods (e) p.344: entire, sinuate, crenate or digitate (Figs. 2, 4-6); a hyphenated range (e.g. 'crenate-digitate') is recorded as both terms."
Eucalyptus tectifica,species,,,NT5; N3; N27,NT5; N3; N27,NT5; N3; N27,,field,leaf_wax_plate_shape,"Plates, irregularly shaped, crenate-digitate-edged, placed edgewise, almost complete cover",irregular,,mode,,,,,,Appendix I p.383,1,"Candidate trait, not in config/traits.yml (checked 2026-10)."
Eucalyptus tectifica,species,,,NT5; N3; N27,NT5; N3; N27,NT5; N3; N27,,field,leaf_wax_plate_orientation,placed edgewise,edgewise,,mode,,,,,,Appendix I p.383,1,"Candidate trait, not in config/traits.yml (checked 2026-10). Plates presented on edge (perpendicular) to the leaf surface rather than lying flat; qualifier ('some', 'many', 'often') kept in trait_value_raw."
Eucalyptus populnea,species,,,Q31,Q31,Q31,,field,leaf_epicuticular_wax_crystal_form,"Plates, entire-edged, isolated",plates,plates,mode,,,,,,Appendix I p.383,1,
Eucalyptus populnea,species,,,Q31,Q31,Q31,,field,leaf_epicuticular_wax_density,isolated,isolated,low,mode,,,,,,Appendix I p.383,1,Cover classes per Methods (e) p.344: complete/almost complete -> high; open -> open; sparse/isolated -> low.
Eucalyptus populnea,species,,,Q31,Q31,Q31,,field,leaf_wax_plate_edge,"Plates, entire-edged, isolated",entire,,mode,,,,,,Appendix I p.383,1,"Candidate trait, not in config/traits.yml (checked 2026-10). Plate margin per Methods (e) p.344: entire, sinuate, crenate or digitate (Figs. 2, 4-6); a hyphenated range (e.g. 'crenate-digitate') is recorded as both terms."
Eucalyptus normantonensis,species,,,Q1,Q1; seedling,Q1,,field captive_cultivated,leaf_epicuticular_wax_crystal_form,"Plates, irregularly to crescent-shaped, entire-edged, some placed edgewise, open to sparse cover",plates,plates,mode,,,,,,Appendix I p.383,1,
Eucalyptus normantonensis,species,,,Q1,Q1; seedling,Q1,,field captive_cultivated,leaf_epicuticular_wax_density,open to sparse cover,open_to_sparse,open low,mode,,,,,,Appendix I p.383,1,Cover classes per Methods (e) p.344: complete/almost complete -> high; open -> open; sparse/isolated -> low.
Eucalyptus normantonensis,species,,,Q1,Q1; seedling,Q1,,field captive_cultivated,leaf_wax_plate_edge,"Plates, irregularly to crescent-shaped, entire-edged, some placed edgewise, open to sparse cover",entire,,mode,,,,,,Appendix I p.383,1,"Candidate trait, not in config/traits.yml (checked 2026-10). Plate margin per Methods (e) p.344: entire, sinuate, crenate or digitate (Figs. 2, 4-6); a hyphenated range (e.g. 'crenate-digitate') is recorded as both terms."
Eucalyptus normantonensis,species,,,Q1,Q1; seedling,Q1,,field captive_cultivated,leaf_wax_plate_shape,"Plates, irregularly to crescent-shaped, entire-edged, some placed edgewise, open to sparse cover",crescent_shaped irregular,,mode,,,,,,Appendix I p.383,1,"Candidate trait, not in config/traits.yml (checked 2026-10)."
Eucalyptus normantonensis,species,,,Q1,Q1; seedling,Q1,,field captive_cultivated,leaf_wax_plate_orientation,some placed edgewise,edgewise,,mode,,,,,,Appendix I p.383,1,"Candidate trait, not in config/traits.yml (checked 2026-10). Plates presented on edge (perpendicular) to the leaf surface rather than lying flat; qualifier ('some', 'many', 'often') kept in trait_value_raw."
Eucalyptus microtheca,species,,,415Wt; 420Wt; Q4,415Wt; 420Wt; Q4,415Wt; 420Wt; Q4,,field captive_cultivated,leaf_epicuticular_wax_crystal_form,"Plates, irregularly to fan-shaped, crenate to digitate-edged, many placed edgewise, almost complete cover",plates,plates,mode,,,,,,Appendix I p.383,1,
Eucalyptus microtheca,species,,,415Wt; 420Wt; Q4,415Wt; 420Wt; Q4,415Wt; 420Wt; Q4,,field captive_cultivated,leaf_epicuticular_wax_density,almost complete cover,almost_complete,high,mode,,,,,,Appendix I p.383,1,Cover classes per Methods (e) p.344: complete/almost complete -> high; open -> open; sparse/isolated -> low.
Eucalyptus microtheca,species,,,415Wt; 420Wt; Q4,415Wt; 420Wt; Q4,415Wt; 420Wt; Q4,,field captive_cultivated,leaf_wax_plate_edge,"Plates, irregularly to fan-shaped, crenate to digitate-edged, many placed edgewise, almost complete cover",crenate digitate,,mode,,,,,,Appendix I p.383,1,"Candidate trait, not in config/traits.yml (checked 2026-10). Plate margin per Methods (e) p.344: entire, sinuate, crenate or digitate (Figs. 2, 4-6); a hyphenated range (e.g. 'crenate-digitate') is recorded as both terms."
Eucalyptus microtheca,species,,,415Wt; 420Wt; Q4,415Wt; 420Wt; Q4,415Wt; 420Wt; Q4,,field captive_cultivated,leaf_wax_plate_shape,"Plates, irregularly to fan-shaped, crenate to digitate-edged, many placed edgewise, almost complete cover",fan_shaped irregular,,mode,,,,,,Appendix I p.383,1,"Candidate trait, not in config/traits.yml (checked 2026-10)."
Eucalyptus microtheca,species,,,415Wt; 420Wt; Q4,415Wt; 420Wt; Q4,415Wt; 420Wt; Q4,,field captive_cultivated,leaf_wax_plate_orientation,many placed edgewise,edgewise,,mode,,,,,,Appendix I p.383,1,"Candidate trait, not in config/traits.yml (checked 2026-10). Plates presented on edge (perpendicular) to the leaf surface rather than lying flat; qualifier ('some', 'many', 'often') kept in trait_value_raw."
Eucalyptus crebra,species,,,Q30; Q34; 250Cb; 608Q,Q30; Q34; 250Cb; 608Q,Q30; Q34; 250Cb; 608Q,,field captive_cultivated,leaf_epicuticular_wax_crystal_form,"Plates, irregularly shaped, crenate-edged, often placed edgewise, open cover",plates,plates,mode,,,,,,Appendix I p.383,1,
Eucalyptus crebra,species,,,Q30; Q34; 250Cb; 608Q,Q30; Q34; 250Cb; 608Q,Q30; Q34; 250Cb; 608Q,,field captive_cultivated,leaf_epicuticular_wax_density,open cover,open,open,mode,,,,,,Appendix I p.383,1,Cover classes per Methods (e) p.344: complete/almost complete -> high; open -> open; sparse/isolated -> low.
Eucalyptus crebra,species,,,Q30; Q34; 250Cb; 608Q,Q30; Q34; 250Cb; 608Q,Q30; Q34; 250Cb; 608Q,,field captive_cultivated,leaf_wax_plate_edge,"Plates, irregularly shaped, crenate-edged, often placed edgewise, open cover",crenate,,mode,,,,,,Appendix I p.383,1,"Candidate trait, not in config/traits.yml (checked 2026-10). Plate margin per Methods (e) p.344: entire, sinuate, crenate or digitate (Figs. 2, 4-6); a hyphenated range (e.g. 'crenate-digitate') is recorded as both terms."
Eucalyptus crebra,species,,,Q30; Q34; 250Cb; 608Q,Q30; Q34; 250Cb; 608Q,Q30; Q34; 250Cb; 608Q,,field captive_cultivated,leaf_wax_plate_shape,"Plates, irregularly shaped, crenate-edged, often placed edgewise, open cover",irregular,,mode,,,,,,Appendix I p.383,1,"Candidate trait, not in config/traits.yml (checked 2026-10)."
Eucalyptus crebra,species,,,Q30; Q34; 250Cb; 608Q,Q30; Q34; 250Cb; 608Q,Q30; Q34; 250Cb; 608Q,,field captive_cultivated,leaf_wax_plate_orientation,often placed edgewise,edgewise,,mode,,,,,,Appendix I p.383,1,"Candidate trait, not in config/traits.yml (checked 2026-10). Plates presented on edge (perpendicular) to the leaf surface rather than lying flat; qualifier ('some', 'many', 'often') kept in trait_value_raw."
Eucalyptus jensenii,species,,,NT15,NT15,NT15,,field,leaf_epicuticular_wax_crystal_form,"Plates, irregularly shaped, crenate-edged, open cover",plates,plates,mode,,,,,,Appendix I p.383,1,
Eucalyptus jensenii,species,,,NT15,NT15,NT15,,field,leaf_epicuticular_wax_density,open cover,open,open,mode,,,,,,Appendix I p.383,1,Cover classes per Methods (e) p.344: complete/almost complete -> high; open -> open; sparse/isolated -> low.
Eucalyptus jensenii,species,,,NT15,NT15,NT15,,field,leaf_wax_plate_edge,"Plates, irregularly shaped, crenate-edged, open cover",crenate,,mode,,,,,,Appendix I p.383,1,"Candidate trait, not in config/traits.yml (checked 2026-10). Plate margin per Methods (e) p.344: entire, sinuate, crenate or digitate (Figs. 2, 4-6); a hyphenated range (e.g. 'crenate-digitate') is recorded as both terms."
Eucalyptus jensenii,species,,,NT15,NT15,NT15,,field,leaf_wax_plate_shape,"Plates, irregularly shaped, crenate-edged, open cover",irregular,,mode,,,,,,Appendix I p.383,1,"Candidate trait, not in config/traits.yml (checked 2026-10)."
Eucalyptus staigerana,species,,,,WtSn,,,captive_cultivated,leaf_epicuticular_wax_crystal_form,"Plates and tubes; plates irregularly shaped, sinuate-edged, placed edgewise, tubes simple, long, almost complete cover",plates tubes,plates tubes,mode,,,,,,Appendix I p.383,1,
Eucalyptus staigerana,species,,,,WtSn,,,captive_cultivated,leaf_epicuticular_wax_density,almost complete cover,almost_complete,high,mode,,,,,,Appendix I p.383,1,Cover classes per Methods (e) p.344: complete/almost complete -> high; open -> open; sparse/isolated -> low.
Eucalyptus staigerana,species,,,,WtSn,,,captive_cultivated,leaf_wax_plate_edge,"plates irregularly shaped, sinuate-edged, placed edgewise",sinuate,,mode,,,,,,Appendix I p.383,1,"Candidate trait, not in config/traits.yml (checked 2026-10). Plate margin per Methods (e) p.344: entire, sinuate, crenate or digitate (Figs. 2, 4-6); a hyphenated range (e.g. 'crenate-digitate') is recorded as both terms."
Eucalyptus staigerana,species,,,,WtSn,,,captive_cultivated,leaf_wax_plate_shape,"plates irregularly shaped, sinuate-edged, placed edgewise",irregular,,mode,,,,,,Appendix I p.383,1,"Candidate trait, not in config/traits.yml (checked 2026-10)."
Eucalyptus staigerana,species,,,,WtSn,,,captive_cultivated,leaf_wax_plate_orientation,placed edgewise,edgewise,,mode,,,,,,Appendix I p.383,1,"Candidate trait, not in config/traits.yml (checked 2026-10). Plates presented on edge (perpendicular) to the leaf surface rather than lying flat; qualifier ('some', 'many', 'often') kept in trait_value_raw."
Eucalyptus staigerana,species,,,,WtSn,,,captive_cultivated,leaf_wax_tube_complexity,"tubes simple, long, almost complete cover",simple,,mode,,,,,,Appendix I p.383,1,"Candidate trait, not in config/traits.yml (checked 2026-10). Simple (rarely/sparingly branched) vs compound (many-branched, almost 'plumed', e.g. series Globulares) tubes -- Methods (e) p.344."
Eucalyptus staigerana,species,,,,WtSn,,,captive_cultivated,leaf_wax_tube_size,"tubes simple, long, almost complete cover",long,,mode,,,,,,Appendix I p.383,1,"Candidate trait, not in config/traits.yml (checked 2026-10). Qualitative; no dimensions given."
Eucalyptus siderophloia,species,,,Q42; Q46,Q42; Q46,Q42; Q46,,field,leaf_epicuticular_wax_crystal_form,"Plates, irregularly shaped, crenate-edged, almost complete cover",plates,plates,mode,,,,,,Appendix I p.383,1,
Eucalyptus siderophloia,species,,,Q42; Q46,Q42; Q46,Q42; Q46,,field,leaf_epicuticular_wax_density,almost complete cover,almost_complete,high,mode,,,,,,Appendix I p.383,1,Cover classes per Methods (e) p.344: complete/almost complete -> high; open -> open; sparse/isolated -> low.
Eucalyptus siderophloia,species,,,Q42; Q46,Q42; Q46,Q42; Q46,,field,leaf_wax_plate_edge,"Plates, irregularly shaped, crenate-edged, almost complete cover",crenate,,mode,,,,,,Appendix I p.383,1,"Candidate trait, not in config/traits.yml (checked 2026-10). Plate margin per Methods (e) p.344: entire, sinuate, crenate or digitate (Figs. 2, 4-6); a hyphenated range (e.g. 'crenate-digitate') is recorded as both terms."
Eucalyptus siderophloia,species,,,Q42; Q46,Q42; Q46,Q42; Q46,,field,leaf_wax_plate_shape,"Plates, irregularly shaped, crenate-edged, almost complete cover",irregular,,mode,,,,,,Appendix I p.383,1,"Candidate trait, not in config/traits.yml (checked 2026-10)."
Eucalyptus fibrosa subsp. nubila,species,,,265Cb,265Cb,265Cb,,captive_cultivated,leaf_epicuticular_wax_crystal_form,"Tubes, simple, rarely branched, open cover",tubes,tubes,mode,,,,,,Appendix I p.383,1,Text p.360 says the tubes of E. fibrosa subsp. nubila and E. pruinosa form an almost complete cover.
Eucalyptus fibrosa subsp. nubila,species,,,265Cb,265Cb,265Cb,,captive_cultivated,leaf_epicuticular_wax_density,open cover,open,open,mode,,,,,,Appendix I p.383,1,Cover classes per Methods (e) p.344: complete/almost complete -> high; open -> open; sparse/isolated -> low.
Eucalyptus fibrosa subsp. nubila,species,,,265Cb,265Cb,265Cb,,captive_cultivated,leaf_wax_tube_complexity,"Tubes, simple, rarely branched, open cover",simple,,mode,,,,,,Appendix I p.383,1,"Candidate trait, not in config/traits.yml (checked 2026-10). Simple (rarely/sparingly branched) vs compound (many-branched, almost 'plumed', e.g. series Globulares) tubes -- Methods (e) p.344."
Eucalyptus fibrosa subsp. nubila,species,,,265Cb,265Cb,265Cb,,captive_cultivated,leaf_wax_tube_branching,"Tubes, simple, rarely branched, open cover",rarely_branched,,mode,,,,,,Appendix I p.383,1,"Candidate trait, not in config/traits.yml (checked 2026-10)."
Eucalyptus pruinosa,species,,,Q14c; Q7,Q14c; Q7,Q14c; Q7,,field,leaf_epicuticular_wax_crystal_form,"Tubes, simple, relatively unbranched, tangled and rambling, open cover",tubes,tubes,mode,,,,,,Appendix I p.383,1,
Eucalyptus pruinosa,species,,,Q14c; Q7,Q14c; Q7,Q14c; Q7,,field,leaf_epicuticular_wax_density,open cover,open,open,mode,,,,,,Appendix I p.383,1,Cover classes per Methods (e) p.344: complete/almost complete -> high; open -> open; sparse/isolated -> low.
Eucalyptus pruinosa,species,,,Q14c; Q7,Q14c; Q7,Q14c; Q7,,field,leaf_wax_tube_complexity,"Tubes, simple, relatively unbranched, tangled and rambling, open cover",simple,,mode,,,,,,Appendix I p.383,1,"Candidate trait, not in config/traits.yml (checked 2026-10). Simple (rarely/sparingly branched) vs compound (many-branched, almost 'plumed', e.g. series Globulares) tubes -- Methods (e) p.344."
Eucalyptus pruinosa,species,,,Q14c; Q7,Q14c; Q7,Q14c; Q7,,field,leaf_wax_tube_branching,"Tubes, simple, relatively unbranched, tangled and rambling, open cover",rarely_branched,,mode,,,,,,Appendix I p.383,1,"Candidate trait, not in config/traits.yml (checked 2026-10)."
Eucalyptus pruinosa,species,,,Q14c; Q7,Q14c; Q7,Q14c; Q7,,field,leaf_wax_crystal_arrangement,"Tubes, simple, relatively unbranched, tangled and rambling, open cover",tangled rambling,,mode,,,,,,Appendix I p.383,1,"Candidate trait, not in config/traits.yml (checked 2026-10). Spatial arrangement of wax crystals on the leaf surface."
Eucalyptus melanophloia,species,,,411Wt; 226Cb,411Wt; 226Cb,411Wt; 226Cb,,captive_cultivated,leaf_epicuticular_wax_crystal_form,"Plates and tubes, plates irregularly shaped, digitate-edged, tubes simple, almost complete cover",plates tubes,plates tubes,mode,,,,,,Appendix I p.383,1,
Eucalyptus melanophloia,species,,,411Wt; 226Cb,411Wt; 226Cb,411Wt; 226Cb,,captive_cultivated,leaf_epicuticular_wax_density,almost complete cover,almost_complete,high,mode,,,,,,Appendix I p.383,1,Cover classes per Methods (e) p.344: complete/almost complete -> high; open -> open; sparse/isolated -> low.
Eucalyptus melanophloia,species,,,411Wt; 226Cb,411Wt; 226Cb,411Wt; 226Cb,,captive_cultivated,leaf_wax_plate_edge,"plates irregularly shaped, digitate-edged",digitate,,mode,,,,,,Appendix I p.383,1,"Candidate trait, not in config/traits.yml (checked 2026-10). Plate margin per Methods (e) p.344: entire, sinuate, crenate or digitate (Figs. 2, 4-6); a hyphenated range (e.g. 'crenate-digitate') is recorded as both terms."
Eucalyptus melanophloia,species,,,411Wt; 226Cb,411Wt; 226Cb,411Wt; 226Cb,,captive_cultivated,leaf_wax_plate_shape,"plates irregularly shaped, digitate-edged",irregular,,mode,,,,,,Appendix I p.383,1,"Candidate trait, not in config/traits.yml (checked 2026-10)."
Eucalyptus melanophloia,species,,,411Wt; 226Cb,411Wt; 226Cb,411Wt; 226Cb,,captive_cultivated,leaf_wax_tube_complexity,"tubes simple, almost complete cover",simple,,mode,,,,,,Appendix I p.383,1,"Candidate trait, not in config/traits.yml (checked 2026-10). Simple (rarely/sparingly branched) vs compound (many-branched, almost 'plumed', e.g. series Globulares) tubes -- Methods (e) p.344."
Eucalyptus drepanophylla,species,,,Q24,QSn; Q24,Q24,,field,leaf_epicuticular_wax_crystal_form,"Plates, irregularly shaped, crenate-edged, placed edgewise, complete cover",plates,plates,mode,,,,,,Appendix I p.384,1,
Eucalyptus drepanophylla,species,,,Q24,QSn; Q24,Q24,,field,leaf_epicuticular_wax_density,complete cover,complete,high,mode,,,,,,Appendix I p.384,1,Cover classes per Methods (e) p.344: complete/almost complete -> high; open -> open; sparse/isolated -> low.
Eucalyptus drepanophylla,species,,,Q24,QSn; Q24,Q24,,field,leaf_wax_plate_edge,"Plates, irregularly shaped, crenate-edged, placed edgewise, complete cover",crenate,,mode,,,,,,Appendix I p.384,1,"Candidate trait, not in config/traits.yml (checked 2026-10). Plate margin per Methods (e) p.344: entire, sinuate, crenate or digitate (Figs. 2, 4-6); a hyphenated range (e.g. 'crenate-digitate') is recorded as both terms."
Eucalyptus drepanophylla,species,,,Q24,QSn; Q24,Q24,,field,leaf_wax_plate_shape,"Plates, irregularly shaped, crenate-edged, placed edgewise, complete cover",irregular,,mode,,,,,,Appendix I p.384,1,"Candidate trait, not in config/traits.yml (checked 2026-10)."
Eucalyptus drepanophylla,species,,,Q24,QSn; Q24,Q24,,field,leaf_wax_plate_orientation,placed edgewise,edgewise,,mode,,,,,,Appendix I p.384,1,"Candidate trait, not in config/traits.yml (checked 2026-10). Plates presented on edge (perpendicular) to the leaf surface rather than lying flat; qualifier ('some', 'many', 'often') kept in trait_value_raw."
Eucalyptus orgadophila,species,,,,WtSn,,,captive_cultivated,leaf_epicuticular_wax_crystal_form,"Plates and tubes; plates on edge and fan-shaped, crenate-edged; tubes simple, almost complete cover",plates tubes,plates tubes,mode,,,,,,Appendix I p.384,1,
Eucalyptus orgadophila,species,,,,WtSn,,,captive_cultivated,leaf_epicuticular_wax_density,almost complete cover,almost_complete,high,mode,,,,,,Appendix I p.384,1,Cover classes per Methods (e) p.344: complete/almost complete -> high; open -> open; sparse/isolated -> low.
Eucalyptus orgadophila,species,,,,WtSn,,,captive_cultivated,leaf_wax_plate_edge,"plates on edge and fan-shaped, crenate-edged",crenate,,mode,,,,,,Appendix I p.384,1,"Candidate trait, not in config/traits.yml (checked 2026-10). Plate margin per Methods (e) p.344: entire, sinuate, crenate or digitate (Figs. 2, 4-6); a hyphenated range (e.g. 'crenate-digitate') is recorded as both terms."
Eucalyptus orgadophila,species,,,,WtSn,,,captive_cultivated,leaf_wax_plate_shape,"plates on edge and fan-shaped, crenate-edged",fan_shaped,,mode,,,,,,Appendix I p.384,1,"Candidate trait, not in config/traits.yml (checked 2026-10)."
Eucalyptus orgadophila,species,,,,WtSn,,,captive_cultivated,leaf_wax_plate_orientation,on edge,edgewise,,mode,,,,,,Appendix I p.384,1,"Candidate trait, not in config/traits.yml (checked 2026-10). Plates presented on edge (perpendicular) to the leaf surface rather than lying flat; qualifier ('some', 'many', 'often') kept in trait_value_raw."
Eucalyptus orgadophila,species,,,,WtSn,,,captive_cultivated,leaf_wax_tube_complexity,"tubes simple, almost complete cover",simple,,mode,,,,,,Appendix I p.384,1,"Candidate trait, not in config/traits.yml (checked 2026-10). Simple (rarely/sparingly branched) vs compound (many-branched, almost 'plumed', e.g. series Globulares) tubes -- Methods (e) p.344."
Eucalyptus argophloia,species,,,,WtSn,,,captive_cultivated,leaf_epicuticular_wax_crystal_form,"Plates, irregularly shaped, crenate-digitate-edged, almost complete cover",plates,plates,mode,,,,,,Appendix I p.384,1,
Eucalyptus argophloia,species,,,,WtSn,,,captive_cultivated,leaf_epicuticular_wax_density,almost complete cover,almost_complete,high,mode,,,,,,Appendix I p.384,1,Cover classes per Methods (e) p.344: complete/almost complete -> high; open -> open; sparse/isolated -> low.
Eucalyptus argophloia,species,,,,WtSn,,,captive_cultivated,leaf_wax_plate_edge,"Plates, irregularly shaped, crenate-digitate-edged, almost complete cover",crenate digitate,,mode,,,,,,Appendix I p.384,1,"Candidate trait, not in config/traits.yml (checked 2026-10). Plate margin per Methods (e) p.344: entire, sinuate, crenate or digitate (Figs. 2, 4-6); a hyphenated range (e.g. 'crenate-digitate') is recorded as both terms."
Eucalyptus argophloia,species,,,,WtSn,,,captive_cultivated,leaf_wax_plate_shape,"Plates, irregularly shaped, crenate-digitate-edged, almost complete cover",irregular,,mode,,,,,,Appendix I p.384,1,"Candidate trait, not in config/traits.yml (checked 2026-10)."
Eucalyptus paniculata,species,,,,WtSn,,,captive_cultivated,leaf_epicuticular_wax_crystal_form,"Plates, rounded, small, entire-edged, sparse cover",plates,plates,mode,,,,,,Appendix I p.384,1,
Eucalyptus paniculata,species,,,,WtSn,,,captive_cultivated,leaf_epicuticular_wax_density,sparse cover,sparse,low,mode,,,,,,Appendix I p.384,1,Cover classes per Methods (e) p.344: complete/almost complete -> high; open -> open; sparse/isolated -> low.
Eucalyptus paniculata,species,,,,WtSn,,,captive_cultivated,leaf_wax_plate_edge,"Plates, rounded, small, entire-edged, sparse cover",entire,,mode,,,,,,Appendix I p.384,1,"Candidate trait, not in config/traits.yml (checked 2026-10). Plate margin per Methods (e) p.344: entire, sinuate, crenate or digitate (Figs. 2, 4-6); a hyphenated range (e.g. 'crenate-digitate') is recorded as both terms."
Eucalyptus paniculata,species,,,,WtSn,,,captive_cultivated,leaf_wax_plate_shape,"Plates, rounded, small, entire-edged, sparse cover",rounded,,mode,,,,,,Appendix I p.384,1,"Candidate trait, not in config/traits.yml (checked 2026-10)."
Eucalyptus paniculata,species,,,,WtSn,,,captive_cultivated,leaf_wax_plate_size,"Plates, rounded, small, entire-edged, sparse cover",small,,mode,,,,,,Appendix I p.384,1,"Candidate trait, not in config/traits.yml (checked 2026-10). Qualitative, relative to other eucalypt plate waxes; no dimensions given."
Eucalyptus panda subsp. panda,species,,,,"Glasshouse-grown, Belfast",,,captive_cultivated,leaf_epicuticular_wax_crystal_form,"Plates and tubes; plates irregularly shaped, digitate-edged, tubes simple, relatively long, few, complete cover",plates tubes,plates tubes,mode,,,,,,Appendix I p.384,1,
Eucalyptus panda subsp. panda,species,,,,"Glasshouse-grown, Belfast",,,captive_cultivated,leaf_epicuticular_wax_density,complete cover,complete,high,mode,,,,,,Appendix I p.384,1,Cover classes per Methods (e) p.344: complete/almost complete -> high; open -> open; sparse/isolated -> low.
Eucalyptus panda subsp. panda,species,,,,"Glasshouse-grown, Belfast",,,captive_cultivated,leaf_wax_plate_edge,"plates irregularly shaped, digitate-edged",digitate,,mode,,,,,,Appendix I p.384,1,"Candidate trait, not in config/traits.yml (checked 2026-10). Plate margin per Methods (e) p.344: entire, sinuate, crenate or digitate (Figs. 2, 4-6); a hyphenated range (e.g. 'crenate-digitate') is recorded as both terms."
Eucalyptus panda subsp. panda,species,,,,"Glasshouse-grown, Belfast",,,captive_cultivated,leaf_wax_plate_shape,"plates irregularly shaped, digitate-edged",irregular,,mode,,,,,,Appendix I p.384,1,"Candidate trait, not in config/traits.yml (checked 2026-10)."
Eucalyptus panda subsp. panda,species,,,,"Glasshouse-grown, Belfast",,,captive_cultivated,leaf_wax_tube_complexity,"tubes simple, relatively long, few, complete cover",simple,,mode,,,,,,Appendix I p.384,1,"Candidate trait, not in config/traits.yml (checked 2026-10). Simple (rarely/sparingly branched) vs compound (many-branched, almost 'plumed', e.g. series Globulares) tubes -- Methods (e) p.344."
Eucalyptus panda subsp. panda,species,,,,"Glasshouse-grown, Belfast",,,captive_cultivated,leaf_wax_tube_size,"tubes simple, relatively long, few, complete cover",long,,mode,,,,,,Appendix I p.384,1,"Candidate trait, not in config/traits.yml (checked 2026-10). Qualitative; no dimensions given."
Eucalyptus panda subsp. panda,species,,,,"Glasshouse-grown, Belfast",,,captive_cultivated,leaf_wax_plate_tube_proportion,"relatively long, few",tubes_few,,mode,,,,,,Appendix I p.384,1,"Candidate trait, not in config/traits.yml (checked 2026-10). Relative abundance of plates vs tubes in a mixed wax; verbatim qualifier."
Eucalyptus affinis,species,,,409Wt,409Wt,409Wt,,captive_cultivated,leaf_epicuticular_wax_crystal_form,"Plates, irregularly to fan-shaped, crenate-edged, almost complete cover",plates,plates,mode,,,,,,Appendix I p.384,1,
Eucalyptus affinis,species,,,409Wt,409Wt,409Wt,,captive_cultivated,leaf_epicuticular_wax_density,almost complete cover,almost_complete,high,mode,,,,,,Appendix I p.384,1,Cover classes per Methods (e) p.344: complete/almost complete -> high; open -> open; sparse/isolated -> low.
Eucalyptus affinis,species,,,409Wt,409Wt,409Wt,,captive_cultivated,leaf_wax_plate_edge,"Plates, irregularly to fan-shaped, crenate-edged, almost complete cover",crenate,,mode,,,,,,Appendix I p.384,1,"Candidate trait, not in config/traits.yml (checked 2026-10). Plate margin per Methods (e) p.344: entire, sinuate, crenate or digitate (Figs. 2, 4-6); a hyphenated range (e.g. 'crenate-digitate') is recorded as both terms."
Eucalyptus affinis,species,,,409Wt,409Wt,409Wt,,captive_cultivated,leaf_wax_plate_shape,"Plates, irregularly to fan-shaped, crenate-edged, almost complete cover",fan_shaped irregular,,mode,,,,,,Appendix I p.384,1,"Candidate trait, not in config/traits.yml (checked 2026-10)."
Eucalyptus caleyi,species,,,628Wt,628Wt,628Wt,,captive_cultivated,leaf_epicuticular_wax_crystal_form,"Plates and tubes; plates crenate-edged, tubes simple, few, almost complete cover",plates tubes,plates tubes,mode,,,,,,Appendix I p.384,1,
Eucalyptus caleyi,species,,,628Wt,628Wt,628Wt,,captive_cultivated,leaf_epicuticular_wax_density,almost complete cover,almost_complete,high,mode,,,,,,Appendix I p.384,1,Cover classes per Methods (e) p.344: complete/almost complete -> high; open -> open; sparse/isolated -> low.
Eucalyptus caleyi,species,,,628Wt,628Wt,628Wt,,captive_cultivated,leaf_wax_plate_edge,plates crenate-edged,crenate,,mode,,,,,,Appendix I p.384,1,"Candidate trait, not in config/traits.yml (checked 2026-10). Plate margin per Methods (e) p.344: entire, sinuate, crenate or digitate (Figs. 2, 4-6); a hyphenated range (e.g. 'crenate-digitate') is recorded as both terms."
Eucalyptus caleyi,species,,,628Wt,628Wt,628Wt,,captive_cultivated,leaf_wax_tube_complexity,"tubes simple, few, almost complete cover",simple,,mode,,,,,,Appendix I p.384,1,"Candidate trait, not in config/traits.yml (checked 2026-10). Simple (rarely/sparingly branched) vs compound (many-branched, almost 'plumed', e.g. series Globulares) tubes -- Methods (e) p.344."
Eucalyptus caleyi,species,,,628Wt,628Wt,628Wt,,captive_cultivated,leaf_wax_plate_tube_proportion,"tubes simple, few",tubes_few,,mode,,,,,,Appendix I p.384,1,"Candidate trait, not in config/traits.yml (checked 2026-10). Relative abundance of plates vs tubes in a mixed wax; verbatim qualifier."
Eucalyptus sideroxylon subsp. sideroxylon,species,,,204Ch,204Ch,204Ch,,captive_cultivated,leaf_epicuticular_wax_crystal_form,"Plates, irregularly shaped, crenate-edged, complete cover",plates,plates,mode,,,,,,Appendix I p.384,1,
Eucalyptus sideroxylon subsp. sideroxylon,species,,,204Ch,204Ch,204Ch,,captive_cultivated,leaf_epicuticular_wax_density,complete cover,complete,high,mode,,,,,,Appendix I p.384,1,Cover classes per Methods (e) p.344: complete/almost complete -> high; open -> open; sparse/isolated -> low.
Eucalyptus sideroxylon subsp. sideroxylon,species,,,204Ch,204Ch,204Ch,,captive_cultivated,leaf_wax_plate_edge,"Plates, irregularly shaped, crenate-edged, complete cover",crenate,,mode,,,,,,Appendix I p.384,1,"Candidate trait, not in config/traits.yml (checked 2026-10). Plate margin per Methods (e) p.344: entire, sinuate, crenate or digitate (Figs. 2, 4-6); a hyphenated range (e.g. 'crenate-digitate') is recorded as both terms."
Eucalyptus sideroxylon subsp. sideroxylon,species,,,204Ch,204Ch,204Ch,,captive_cultivated,leaf_wax_plate_shape,"Plates, irregularly shaped, crenate-edged, complete cover",irregular,,mode,,,,,,Appendix I p.384,1,"Candidate trait, not in config/traits.yml (checked 2026-10)."
Eucalyptus leucoxylon,species,,,205Ch; 473V,"Glasshouse-grown, Melbourne; 205Ch; 473V",205Ch; 473V,,field captive_cultivated,leaf_epicuticular_wax_crystal_form,"Plates and tubes; plates irregularly shaped, crenate-edged, tubes long, rarely branching, open to complete cover",plates tubes,plates tubes,mode,,,,,,Appendix I p.384,1,
Eucalyptus leucoxylon,species,,,205Ch; 473V,"Glasshouse-grown, Melbourne; 205Ch; 473V",205Ch; 473V,,field captive_cultivated,leaf_epicuticular_wax_density,open to complete cover,open_to_complete,high open,mode,,,,,,Appendix I p.384,1,Cover classes per Methods (e) p.344: complete/almost complete -> high; open -> open; sparse/isolated -> low.
Eucalyptus leucoxylon,species,,,205Ch; 473V,"Glasshouse-grown, Melbourne; 205Ch; 473V",205Ch; 473V,,field captive_cultivated,leaf_wax_plate_edge,"plates irregularly shaped, crenate-edged",crenate,,mode,,,,,,Appendix I p.384,1,"Candidate trait, not in config/traits.yml (checked 2026-10). Plate margin per Methods (e) p.344: entire, sinuate, crenate or digitate (Figs. 2, 4-6); a hyphenated range (e.g. 'crenate-digitate') is recorded as both terms."
Eucalyptus leucoxylon,species,,,205Ch; 473V,"Glasshouse-grown, Melbourne; 205Ch; 473V",205Ch; 473V,,field captive_cultivated,leaf_wax_plate_shape,"plates irregularly shaped, crenate-edged",irregular,,mode,,,,,,Appendix I p.384,1,"Candidate trait, not in config/traits.yml (checked 2026-10)."
Eucalyptus leucoxylon,species,,,205Ch; 473V,"Glasshouse-grown, Melbourne; 205Ch; 473V",205Ch; 473V,,field captive_cultivated,leaf_wax_tube_branching,"tubes long, rarely branching, open to complete cover",rarely_branched,,mode,,,,,,Appendix I p.384,1,"Candidate trait, not in config/traits.yml (checked 2026-10)."
Eucalyptus leucoxylon,species,,,205Ch; 473V,"Glasshouse-grown, Melbourne; 205Ch; 473V",205Ch; 473V,,field captive_cultivated,leaf_wax_tube_size,"tubes long, rarely branching, open to complete cover",long,,mode,,,,,,Appendix I p.384,1,"Candidate trait, not in config/traits.yml (checked 2026-10). Qualitative; no dimensions given."
Eucalyptus melliodora,species,,,187Ch; 494SA; NSW23,187Ch; 494SA; NSW23,187Ch; 494SA; NSW23,,field captive_cultivated,leaf_epicuticular_wax_crystal_form,"Plates and tubes; plates angularly shaped, crenate-edged, tubes simple, long, relatively unbranched, almost complete cover",plates tubes,plates tubes,mode,,,,,,Appendix I p.384,1,
Eucalyptus melliodora,species,,,187Ch; 494SA; NSW23,187Ch; 494SA; NSW23,187Ch; 494SA; NSW23,,field captive_cultivated,leaf_epicuticular_wax_density,almost complete cover,almost_complete,high,mode,,,,,,Appendix I p.384,1,Cover classes per Methods (e) p.344: complete/almost complete -> high; open -> open; sparse/isolated -> low.
Eucalyptus melliodora,species,,,187Ch; 494SA; NSW23,187Ch; 494SA; NSW23,187Ch; 494SA; NSW23,,field captive_cultivated,leaf_wax_plate_edge,"plates angularly shaped, crenate-edged",crenate,,mode,,,,,,Appendix I p.384,1,"Candidate trait, not in config/traits.yml (checked 2026-10). Plate margin per Methods (e) p.344: entire, sinuate, crenate or digitate (Figs. 2, 4-6); a hyphenated range (e.g. 'crenate-digitate') is recorded as both terms."
Eucalyptus melliodora,species,,,187Ch; 494SA; NSW23,187Ch; 494SA; NSW23,187Ch; 494SA; NSW23,,field captive_cultivated,leaf_wax_plate_shape,"plates angularly shaped, crenate-edged",angular,,mode,,,,,,Appendix I p.384,1,"Candidate trait, not in config/traits.yml (checked 2026-10)."
Eucalyptus melliodora,species,,,187Ch; 494SA; NSW23,187Ch; 494SA; NSW23,187Ch; 494SA; NSW23,,field captive_cultivated,leaf_wax_tube_complexity,"tubes simple, long, relatively unbranched, almost complete cover",simple,,mode,,,,,,Appendix I p.384,1,"Candidate trait, not in config/traits.yml (checked 2026-10). Simple (rarely/sparingly branched) vs compound (many-branched, almost 'plumed', e.g. series Globulares) tubes -- Methods (e) p.344."
Eucalyptus melliodora,species,,,187Ch; 494SA; NSW23,187Ch; 494SA; NSW23,187Ch; 494SA; NSW23,,field captive_cultivated,leaf_wax_tube_branching,"tubes simple, long, relatively unbranched, almost complete cover",rarely_branched,,mode,,,,,,Appendix I p.384,1,"Candidate trait, not in config/traits.yml (checked 2026-10)."
Eucalyptus melliodora,species,,,187Ch; 494SA; NSW23,187Ch; 494SA; NSW23,187Ch; 494SA; NSW23,,field captive_cultivated,leaf_wax_tube_size,"tubes simple, long, relatively unbranched, almost complete cover",long,,mode,,,,,,Appendix I p.384,1,"Candidate trait, not in config/traits.yml (checked 2026-10). Qualitative; no dimensions given."
Eucalyptus conica,species,,,,WtSn,,,captive_cultivated,leaf_epicuticular_wax_crystal_form,"Plates, irregularly shaped, entire to sinuate-edged, placed on edge, almost complete cover",plates,plates,mode,,,,,,Appendix I p.384,1,
Eucalyptus conica,species,,,,WtSn,,,captive_cultivated,leaf_epicuticular_wax_density,almost complete cover,almost_complete,high,mode,,,,,,Appendix I p.384,1,Cover classes per Methods (e) p.344: complete/almost complete -> high; open -> open; sparse/isolated -> low.
Eucalyptus conica,species,,,,WtSn,,,captive_cultivated,leaf_wax_plate_edge,"Plates, irregularly shaped, entire to sinuate-edged, placed on edge, almost complete cover",entire sinuate,,mode,,,,,,Appendix I p.384,1,"Candidate trait, not in config/traits.yml (checked 2026-10). Plate margin per Methods (e) p.344: entire, sinuate, crenate or digitate (Figs. 2, 4-6); a hyphenated range (e.g. 'crenate-digitate') is recorded as both terms."
Eucalyptus conica,species,,,,WtSn,,,captive_cultivated,leaf_wax_plate_shape,"Plates, irregularly shaped, entire to sinuate-edged, placed on edge, almost complete cover",irregular,,mode,,,,,,Appendix I p.384,1,"Candidate trait, not in config/traits.yml (checked 2026-10)."
Eucalyptus conica,species,,,,WtSn,,,captive_cultivated,leaf_wax_plate_orientation,placed on edge,edgewise,,mode,,,,,,Appendix I p.384,1,"Candidate trait, not in config/traits.yml (checked 2026-10). Plates presented on edge (perpendicular) to the leaf surface rather than lying flat; qualifier ('some', 'many', 'often') kept in trait_value_raw."
Eucalyptus bauerana,species,,,445Wt,445Wt,445Wt,,captive_cultivated,leaf_epicuticular_wax_crystal_form,"Plates and tubes; plates crenate-digitate-edged, tubes long, branching rarely, almost complete cover",plates tubes,plates tubes,mode,,,,,,Appendix I p.384,1,
Eucalyptus bauerana,species,,,445Wt,445Wt,445Wt,,captive_cultivated,leaf_epicuticular_wax_density,almost complete cover,almost_complete,high,mode,,,,,,Appendix I p.384,1,Cover classes per Methods (e) p.344: complete/almost complete -> high; open -> open; sparse/isolated -> low.
Eucalyptus bauerana,species,,,445Wt,445Wt,445Wt,,captive_cultivated,leaf_wax_plate_edge,plates crenate-digitate-edged,crenate digitate,,mode,,,,,,Appendix I p.384,1,"Candidate trait, not in config/traits.yml (checked 2026-10). Plate margin per Methods (e) p.344: entire, sinuate, crenate or digitate (Figs. 2, 4-6); a hyphenated range (e.g. 'crenate-digitate') is recorded as both terms."
Eucalyptus bauerana,species,,,445Wt,445Wt,445Wt,,captive_cultivated,leaf_wax_tube_branching,"tubes long, branching rarely, almost complete cover",rarely_branched,,mode,,,,,,Appendix I p.384,1,"Candidate trait, not in config/traits.yml (checked 2026-10)."
Eucalyptus bauerana,species,,,445Wt,445Wt,445Wt,,captive_cultivated,leaf_wax_tube_size,"tubes long, branching rarely, almost complete cover",long,,mode,,,,,,Appendix I p.384,1,"Candidate trait, not in config/traits.yml (checked 2026-10). Qualitative; no dimensions given."
Eucalyptus dawsonii,species,,,253Cb,253Cb,253Cb,,captive_cultivated,leaf_epicuticular_wax_crystal_form,"Tubes, simple, branching rarely, almost complete cover",tubes,tubes,mode,,,,,,Appendix I p.384,1,"Text p.361: tubes simple, unbranched, long and interlocking."
Eucalyptus dawsonii,species,,,253Cb,253Cb,253Cb,,captive_cultivated,leaf_epicuticular_wax_density,almost complete cover,almost_complete,high,mode,,,,,,Appendix I p.384,1,Cover classes per Methods (e) p.344: complete/almost complete -> high; open -> open; sparse/isolated -> low.
Eucalyptus dawsonii,species,,,253Cb,253Cb,253Cb,,captive_cultivated,leaf_wax_tube_complexity,"Tubes, simple, branching rarely, almost complete cover",simple,,mode,,,,,,Appendix I p.384,1,"Candidate trait, not in config/traits.yml (checked 2026-10). Simple (rarely/sparingly branched) vs compound (many-branched, almost 'plumed', e.g. series Globulares) tubes -- Methods (e) p.344."
Eucalyptus dawsonii,species,,,253Cb,253Cb,253Cb,,captive_cultivated,leaf_wax_tube_branching,"Tubes, simple, branching rarely, almost complete cover",rarely_branched,,mode,,,,,,Appendix I p.384,1,"Candidate trait, not in config/traits.yml (checked 2026-10)."
Eucalyptus polyanthemos,species,,,186Cb; 268NSW,186Cb; 268NSW,186Cb; 268NSW,,field captive_cultivated,leaf_epicuticular_wax_crystal_form,"Plates, stellate-shaped, crenate-edged, placed edgewise, complete cover. Tubes on petioles and stems",plates,plates,mode,,,,,,Appendix I p.384,1,
Eucalyptus polyanthemos,species,,,186Cb; 268NSW,186Cb; 268NSW,186Cb; 268NSW,,field captive_cultivated,leaf_epicuticular_wax_density,complete cover,complete,high,mode,,,,,,Appendix I p.384,1,Cover classes per Methods (e) p.344: complete/almost complete -> high; open -> open; sparse/isolated -> low.
Eucalyptus polyanthemos,species,,,186Cb; 268NSW,186Cb; 268NSW,186Cb; 268NSW,,field captive_cultivated,leaf_wax_plate_edge,"Plates, stellate-shaped, crenate-edged, placed edgewise, complete cover",crenate,,mode,,,,,,Appendix I p.384,1,"Candidate trait, not in config/traits.yml (checked 2026-10). Plate margin per Methods (e) p.344: entire, sinuate, crenate or digitate (Figs. 2, 4-6); a hyphenated range (e.g. 'crenate-digitate') is recorded as both terms."
Eucalyptus polyanthemos,species,,,186Cb; 268NSW,186Cb; 268NSW,186Cb; 268NSW,,field captive_cultivated,leaf_wax_plate_shape,"Plates, stellate-shaped, crenate-edged, placed edgewise, complete cover",stellate,,mode,,,,,,Appendix I p.384,1,"Candidate trait, not in config/traits.yml (checked 2026-10)."
Eucalyptus polyanthemos,species,,,186Cb; 268NSW,186Cb; 268NSW,186Cb; 268NSW,,field captive_cultivated,leaf_wax_plate_orientation,placed edgewise,edgewise,,mode,,,,,,Appendix I p.384,1,"Candidate trait, not in config/traits.yml (checked 2026-10). Plates presented on edge (perpendicular) to the leaf surface rather than lying flat; qualifier ('some', 'many', 'often') kept in trait_value_raw."
Eucalyptus fasciculosa,species,,,475Wt,475Wt,475Wt,,captive_cultivated,leaf_epicuticular_wax_crystal_form,"Plates and tubes; plates entire-edged, tending to be placed edgewise, tubes short, open cover",plates tubes,plates tubes,mode,,,,,,Appendix I p.384,1,
Eucalyptus fasciculosa,species,,,475Wt,475Wt,475Wt,,captive_cultivated,leaf_epicuticular_wax_density,open cover,open,open,mode,,,,,,Appendix I p.384,1,Cover classes per Methods (e) p.344: complete/almost complete -> high; open -> open; sparse/isolated -> low.
Eucalyptus fasciculosa,species,,,475Wt,475Wt,475Wt,,captive_cultivated,leaf_wax_plate_edge,"plates entire-edged, tending to be placed edgewise",entire,,mode,,,,,,Appendix I p.384,1,"Candidate trait, not in config/traits.yml (checked 2026-10). Plate margin per Methods (e) p.344: entire, sinuate, crenate or digitate (Figs. 2, 4-6); a hyphenated range (e.g. 'crenate-digitate') is recorded as both terms."
Eucalyptus fasciculosa,species,,,475Wt,475Wt,475Wt,,captive_cultivated,leaf_wax_plate_orientation,tending to be placed edgewise,edgewise,,mode,,,,,,Appendix I p.384,1,"Candidate trait, not in config/traits.yml (checked 2026-10). Plates presented on edge (perpendicular) to the leaf surface rather than lying flat; qualifier ('some', 'many', 'often') kept in trait_value_raw."
Eucalyptus fasciculosa,species,,,475Wt,475Wt,475Wt,,captive_cultivated,leaf_wax_tube_size,"tubes short, open cover",short,,mode,,,,,,Appendix I p.384,1,"Candidate trait, not in config/traits.yml (checked 2026-10). Qualitative; no dimensions given."
Eucalyptus calycogona,species,,,14V; WA6,14V; WA6,14V; WA6,,field,leaf_epicuticular_wax_crystal_form,"Plates and tubes; plates irregularly shaped, sinuate-edged, tubes branching rarely, then at acute angles, almost complete cover",plates tubes,plates tubes,mode,,,,,,Appendix I p.384,1,"Table 3 (p.350) footnote: variable, occasionally also has simple plates."
Eucalyptus calycogona,species,,,14V; WA6,14V; WA6,14V; WA6,,field,leaf_epicuticular_wax_density,almost complete cover,almost_complete,high,mode,,,,,,Appendix I p.384,1,Cover classes per Methods (e) p.344: complete/almost complete -> high; open -> open; sparse/isolated -> low.
Eucalyptus calycogona,species,,,14V; WA6,14V; WA6,14V; WA6,,field,leaf_wax_plate_edge,"plates irregularly shaped, sinuate-edged",sinuate,,mode,,,,,,Appendix I p.384,1,"Candidate trait, not in config/traits.yml (checked 2026-10). Plate margin per Methods (e) p.344: entire, sinuate, crenate or digitate (Figs. 2, 4-6); a hyphenated range (e.g. 'crenate-digitate') is recorded as both terms."
Eucalyptus calycogona,species,,,14V; WA6,14V; WA6,14V; WA6,,field,leaf_wax_plate_shape,"plates irregularly shaped, sinuate-edged",irregular,,mode,,,,,,Appendix I p.384,1,"Candidate trait, not in config/traits.yml (checked 2026-10)."
Eucalyptus calycogona,species,,,14V; WA6,14V; WA6,14V; WA6,,field,leaf_wax_tube_branching,"tubes branching rarely, then at acute angles, almost complete cover",rarely_branched acute_angle,,mode,,,,,,Appendix I p.384,1,"Candidate trait, not in config/traits.yml (checked 2026-10)."
Eucalyptus celastroides,species,,,WA44,WA44,WA44,,field,leaf_epicuticular_wax_crystal_form,"Tubes, branching rarely, open cover",tubes,tubes,mode,,,,,,Appendix I p.384,1,
Eucalyptus celastroides,species,,,WA44,WA44,WA44,,field,leaf_epicuticular_wax_density,open cover,open,open,mode,,,,,,Appendix I p.384,1,Cover classes per Methods (e) p.344: complete/almost complete -> high; open -> open; sparse/isolated -> low.
Eucalyptus celastroides,species,,,WA44,WA44,WA44,,field,leaf_wax_tube_branching,"Tubes, branching rarely, open cover",rarely_branched,,mode,,,,,,Appendix I p.384,1,"Candidate trait, not in config/traits.yml (checked 2026-10)."
Eucalyptus gracilis,species,,,211Cb; 335S; WA73b; SA678,211Cb; 335S; WA73b; SA678,211Cb; 335S; WA73b; SA678,,field captive_cultivated,leaf_epicuticular_wax_crystal_form,"Plates, small, tending to crescent-shaped, entire-edged, placed edgewise in rows, sparse cover",plates,plates,mode,,,,,,Appendix I p.384,1,
Eucalyptus gracilis,species,,,211Cb; 335S; WA73b; SA678,211Cb; 335S; WA73b; SA678,211Cb; 335S; WA73b; SA678,,field captive_cultivated,leaf_epicuticular_wax_density,sparse cover,sparse,low,mode,,,,,,Appendix I p.384,1,Cover classes per Methods (e) p.344: complete/almost complete -> high; open -> open; sparse/isolated -> low.
Eucalyptus gracilis,species,,,211Cb; 335S; WA73b; SA678,211Cb; 335S; WA73b; SA678,211Cb; 335S; WA73b; SA678,,field captive_cultivated,leaf_wax_plate_edge,"Plates, small, tending to crescent-shaped, entire-edged, placed edgewise in rows, sparse cover",entire,,mode,,,,,,Appendix I p.384,1,"Candidate trait, not in config/traits.yml (checked 2026-10). Plate margin per Methods (e) p.344: entire, sinuate, crenate or digitate (Figs. 2, 4-6); a hyphenated range (e.g. 'crenate-digitate') is recorded as both terms."
Eucalyptus gracilis,species,,,211Cb; 335S; WA73b; SA678,211Cb; 335S; WA73b; SA678,211Cb; 335S; WA73b; SA678,,field captive_cultivated,leaf_wax_plate_shape,"Plates, small, tending to crescent-shaped, entire-edged, placed edgewise in rows, sparse cover",crescent_shaped,,mode,,,,,,Appendix I p.384,1,"Candidate trait, not in config/traits.yml (checked 2026-10)."
Eucalyptus gracilis,species,,,211Cb; 335S; WA73b; SA678,211Cb; 335S; WA73b; SA678,211Cb; 335S; WA73b; SA678,,field captive_cultivated,leaf_wax_plate_orientation,placed edgewise,edgewise,,mode,,,,,,Appendix I p.384,1,"Candidate trait, not in config/traits.yml (checked 2026-10). Plates presented on edge (perpendicular) to the leaf surface rather than lying flat; qualifier ('some', 'many', 'often') kept in trait_value_raw."
Eucalyptus gracilis,species,,,211Cb; 335S; WA73b; SA678,211Cb; 335S; WA73b; SA678,211Cb; 335S; WA73b; SA678,,field captive_cultivated,leaf_wax_plate_size,"Plates, small, tending to crescent-shaped, entire-edged, placed edgewise in rows, sparse cover",small,,mode,,,,,,Appendix I p.384,1,"Candidate trait, not in config/traits.yml (checked 2026-10). Qualitative, relative to other eucalypt plate waxes; no dimensions given."
Eucalyptus gracilis,species,,,211Cb; 335S; WA73b; SA678,211Cb; 335S; WA73b; SA678,211Cb; 335S; WA73b; SA678,,field captive_cultivated,leaf_wax_crystal_arrangement,"Plates, small, tending to crescent-shaped, entire-edged, placed edgewise in rows, sparse cover",rows,,mode,,,,,,Appendix I p.384,1,"Candidate trait, not in config/traits.yml (checked 2026-10). Spatial arrangement of wax crystals on the leaf surface."
Eucalyptus cneorifolia,species,,,665Wt,665Wt,665Wt,,captive_cultivated,leaf_epicuticular_wax_crystal_form,"Plates, small, irregular to crescent or circular-shaped, entire-edged, sparse cover",plates,plates,mode,,,,,,Appendix I p.385,1,
Eucalyptus cneorifolia,species,,,665Wt,665Wt,665Wt,,captive_cultivated,leaf_epicuticular_wax_density,sparse cover,sparse,low,mode,,,,,,Appendix I p.385,1,Cover classes per Methods (e) p.344: complete/almost complete -> high; open -> open; sparse/isolated -> low.
Eucalyptus cneorifolia,species,,,665Wt,665Wt,665Wt,,captive_cultivated,leaf_wax_plate_edge,"Plates, small, irregular to crescent or circular-shaped, entire-edged, sparse cover",entire,,mode,,,,,,Appendix I p.385,1,"Candidate trait, not in config/traits.yml (checked 2026-10). Plate margin per Methods (e) p.344: entire, sinuate, crenate or digitate (Figs. 2, 4-6); a hyphenated range (e.g. 'crenate-digitate') is recorded as both terms."
Eucalyptus cneorifolia,species,,,665Wt,665Wt,665Wt,,captive_cultivated,leaf_wax_plate_shape,"Plates, small, irregular to crescent or circular-shaped, entire-edged, sparse cover",circular crescent_shaped irregular,,mode,,,,,,Appendix I p.385,1,"Candidate trait, not in config/traits.yml (checked 2026-10)."
Eucalyptus cneorifolia,species,,,665Wt,665Wt,665Wt,,captive_cultivated,leaf_wax_plate_size,"Plates, small, irregular to crescent or circular-shaped, entire-edged, sparse cover",small,,mode,,,,,,Appendix I p.385,1,"Candidate trait, not in config/traits.yml (checked 2026-10). Qualitative, relative to other eucalypt plate waxes; no dimensions given."
Eucalyptus oleosa var. kochii,species,,,417Wt,417Wt,417Wt,,captive_cultivated,leaf_epicuticular_wax_crystal_form,"Plates, irregularly fan-shaped, deeply crenate to digitate, almost complete cover",plates,plates,mode,,,,,,Appendix I p.385,1,Footnote p.385: name probably more correctly E. kochii Maiden & Blakely.
Eucalyptus oleosa var. kochii,species,,,417Wt,417Wt,417Wt,,captive_cultivated,leaf_epicuticular_wax_density,almost complete cover,almost_complete,high,mode,,,,,,Appendix I p.385,1,Cover classes per Methods (e) p.344: complete/almost complete -> high; open -> open; sparse/isolated -> low.
Eucalyptus oleosa var. kochii,species,,,417Wt,417Wt,417Wt,,captive_cultivated,leaf_wax_plate_edge,"Plates, irregularly fan-shaped, deeply crenate to digitate, almost complete cover",crenate digitate,,mode,,,,,,Appendix I p.385,1,"Candidate trait, not in config/traits.yml (checked 2026-10). Plate margin per Methods (e) p.344: entire, sinuate, crenate or digitate (Figs. 2, 4-6); a hyphenated range (e.g. 'crenate-digitate') is recorded as both terms."
Eucalyptus oleosa var. kochii,species,,,417Wt,417Wt,417Wt,,captive_cultivated,leaf_wax_plate_shape,"Plates, irregularly fan-shaped, deeply crenate to digitate, almost complete cover",fan_shaped irregular,,mode,,,,,,Appendix I p.385,1,"Candidate trait, not in config/traits.yml (checked 2026-10)."
Eucalyptus umbrawarrensis,species,,,,FTBD,,,captive_cultivated,leaf_epicuticular_wax_crystal_form,"Plates and tubes; plates irregular, jagged, digitate; tubes short, thin, simple, rarely branching, almost complete cover",plates tubes,plates tubes,mode,,,,,,Appendix I p.385,1,
Eucalyptus umbrawarrensis,species,,,,FTBD,,,captive_cultivated,leaf_epicuticular_wax_density,almost complete cover,almost_complete,high,mode,,,,,,Appendix I p.385,1,Cover classes per Methods (e) p.344: complete/almost complete -> high; open -> open; sparse/isolated -> low.
Eucalyptus umbrawarrensis,species,,,,FTBD,,,captive_cultivated,leaf_wax_plate_edge,"plates irregular, jagged, digitate",digitate jagged,,mode,,,,,,Appendix I p.385,1,"Candidate trait, not in config/traits.yml (checked 2026-10). Plate margin per Methods (e) p.344: entire, sinuate, crenate or digitate (Figs. 2, 4-6); a hyphenated range (e.g. 'crenate-digitate') is recorded as both terms."
Eucalyptus umbrawarrensis,species,,,,FTBD,,,captive_cultivated,leaf_wax_plate_shape,"plates irregular, jagged, digitate",irregular,,mode,,,,,,Appendix I p.385,1,"Candidate trait, not in config/traits.yml (checked 2026-10)."
Eucalyptus umbrawarrensis,species,,,,FTBD,,,captive_cultivated,leaf_wax_tube_complexity,"tubes short, thin, simple, rarely branching, almost complete cover",simple,,mode,,,,,,Appendix I p.385,1,"Candidate trait, not in config/traits.yml (checked 2026-10). Simple (rarely/sparingly branched) vs compound (many-branched, almost 'plumed', e.g. series Globulares) tubes -- Methods (e) p.344."
Eucalyptus umbrawarrensis,species,,,,FTBD,,,captive_cultivated,leaf_wax_tube_branching,"tubes short, thin, simple, rarely branching, almost complete cover",rarely_branched,,mode,,,,,,Appendix I p.385,1,"Candidate trait, not in config/traits.yml (checked 2026-10)."
Eucalyptus umbrawarrensis,species,,,,FTBD,,,captive_cultivated,leaf_wax_tube_size,"tubes short, thin, simple, rarely branching, almost complete cover",short thin,,mode,,,,,,Appendix I p.385,1,"Candidate trait, not in config/traits.yml (checked 2026-10). Qualitative; no dimensions given."
Eucalyptus oleosa var. obtusa,species,,,WA3; SA675,WA3; SA675,WA3; SA675,,field,leaf_epicuticular_wax_crystal_form,"Plates, entire-edged, sparse cover",plates,plates,mode,,,,,,Appendix I p.385,1,Footnote p.385: name probably more correctly E. oleosa F. Muell. ex Miq.
Eucalyptus oleosa var. obtusa,species,,,WA3; SA675,WA3; SA675,WA3; SA675,,field,leaf_epicuticular_wax_density,sparse cover,sparse,low,mode,,,,,,Appendix I p.385,1,Cover classes per Methods (e) p.344: complete/almost complete -> high; open -> open; sparse/isolated -> low.
Eucalyptus oleosa var. obtusa,species,,,WA3; SA675,WA3; SA675,WA3; SA675,,field,leaf_wax_plate_edge,"Plates, entire-edged, sparse cover",entire,,mode,,,,,,Appendix I p.385,1,"Candidate trait, not in config/traits.yml (checked 2026-10). Plate margin per Methods (e) p.344: entire, sinuate, crenate or digitate (Figs. 2, 4-6); a hyphenated range (e.g. 'crenate-digitate') is recorded as both terms."
Eucalyptus oleosa var. angustifolia,species,,,SA674,SA674,SA674,,field,leaf_epicuticular_wax_crystal_form,"Plates, entire-edged, sparse cover",plates,plates,mode,,,,,,Appendix I p.385,1,Footnote p.385: name probably more correctly E. oleosa F. Muell. ex Miq.
Eucalyptus oleosa var. angustifolia,species,,,SA674,SA674,SA674,,field,leaf_epicuticular_wax_density,sparse cover,sparse,low,mode,,,,,,Appendix I p.385,1,Cover classes per Methods (e) p.344: complete/almost complete -> high; open -> open; sparse/isolated -> low.
Eucalyptus oleosa var. angustifolia,species,,,SA674,SA674,SA674,,field,leaf_wax_plate_edge,"Plates, entire-edged, sparse cover",entire,,mode,,,,,,Appendix I p.385,1,"Candidate trait, not in config/traits.yml (checked 2026-10). Plate margin per Methods (e) p.344: entire, sinuate, crenate or digitate (Figs. 2, 4-6); a hyphenated range (e.g. 'crenate-digitate') is recorded as both terms."
Eucalyptus oleosa,species,,,200Ch; 327V; 502Wl,200Ch; 327V; 502Wl,200Ch; 327V; 502Wl,,field captive_cultivated,leaf_epicuticular_wax_crystal_form,"Plates and tubes; plates large, irregular, sinuate-crenate; tubes relatively short, branching at acute angles, almost complete cover",plates tubes,plates tubes,mode,,,,,,Appendix I p.385,1,Footnote p.385: name probably more correctly E. socialis F. Muell. ex Miq.
Eucalyptus oleosa,species,,,200Ch; 327V; 502Wl,200Ch; 327V; 502Wl,200Ch; 327V; 502Wl,,field captive_cultivated,leaf_epicuticular_wax_density,almost complete cover,almost_complete,high,mode,,,,,,Appendix I p.385,1,Cover classes per Methods (e) p.344: complete/almost complete -> high; open -> open; sparse/isolated -> low.
Eucalyptus oleosa,species,,,200Ch; 327V; 502Wl,200Ch; 327V; 502Wl,200Ch; 327V; 502Wl,,field captive_cultivated,leaf_wax_plate_edge,"plates large, irregular, sinuate-crenate",sinuate crenate,,mode,,,,,,Appendix I p.385,1,"Candidate trait, not in config/traits.yml (checked 2026-10). Plate margin per Methods (e) p.344: entire, sinuate, crenate or digitate (Figs. 2, 4-6); a hyphenated range (e.g. 'crenate-digitate') is recorded as both terms."
Eucalyptus oleosa,species,,,200Ch; 327V; 502Wl,200Ch; 327V; 502Wl,200Ch; 327V; 502Wl,,field captive_cultivated,leaf_wax_plate_shape,"plates large, irregular, sinuate-crenate",irregular,,mode,,,,,,Appendix I p.385,1,"Candidate trait, not in config/traits.yml (checked 2026-10)."
Eucalyptus oleosa,species,,,200Ch; 327V; 502Wl,200Ch; 327V; 502Wl,200Ch; 327V; 502Wl,,field captive_cultivated,leaf_wax_plate_size,"plates large, irregular, sinuate-crenate",large,,mode,,,,,,Appendix I p.385,1,"Candidate trait, not in config/traits.yml (checked 2026-10). Qualitative, relative to other eucalypt plate waxes; no dimensions given."
Eucalyptus oleosa,species,,,200Ch; 327V; 502Wl,200Ch; 327V; 502Wl,200Ch; 327V; 502Wl,,field captive_cultivated,leaf_wax_tube_branching,"tubes relatively short, branching at acute angles, almost complete cover",acute_angle,,mode,,,,,,Appendix I p.385,1,"Candidate trait, not in config/traits.yml (checked 2026-10)."
Eucalyptus oleosa,species,,,200Ch; 327V; 502Wl,200Ch; 327V; 502Wl,200Ch; 327V; 502Wl,,field captive_cultivated,leaf_wax_tube_size,"tubes relatively short, branching at acute angles, almost complete cover",short,,mode,,,,,,Appendix I p.385,1,"Candidate trait, not in config/traits.yml (checked 2026-10). Qualitative; no dimensions given."
Eucalyptus oleosa var. glauca,species,,,348S; WA10; SA679,348S; WA10; SA679,348S; WA10; SA679,,field captive_cultivated,leaf_epicuticular_wax_crystal_form,"Tubes, simple, rarely branched, forming an interlocking meshwork, open to almost complete cover",tubes,tubes,mode,,,,,,Appendix I p.385,1,
Eucalyptus oleosa var. glauca,species,,,348S; WA10; SA679,348S; WA10; SA679,348S; WA10; SA679,,field captive_cultivated,leaf_epicuticular_wax_density,open to almost complete cover,open_to_almost_complete,high open,mode,,,,,,Appendix I p.385,1,Cover classes per Methods (e) p.344: complete/almost complete -> high; open -> open; sparse/isolated -> low.
Eucalyptus oleosa var. glauca,species,,,348S; WA10; SA679,348S; WA10; SA679,348S; WA10; SA679,,field captive_cultivated,leaf_wax_tube_complexity,"Tubes, simple, rarely branched, forming an interlocking meshwork, open to almost complete cover",simple,,mode,,,,,,Appendix I p.385,1,"Candidate trait, not in config/traits.yml (checked 2026-10). Simple (rarely/sparingly branched) vs compound (many-branched, almost 'plumed', e.g. series Globulares) tubes -- Methods (e) p.344."
Eucalyptus oleosa var. glauca,species,,,348S; WA10; SA679,348S; WA10; SA679,348S; WA10; SA679,,field captive_cultivated,leaf_wax_tube_branching,"Tubes, simple, rarely branched, forming an interlocking meshwork, open to almost complete cover",rarely_branched,,mode,,,,,,Appendix I p.385,1,"Candidate trait, not in config/traits.yml (checked 2026-10)."
Eucalyptus oleosa var. glauca,species,,,348S; WA10; SA679,348S; WA10; SA679,348S; WA10; SA679,,field captive_cultivated,leaf_wax_crystal_arrangement,"Tubes, simple, rarely branched, forming an interlocking meshwork, open to almost complete cover",interlocking,,mode,,,,,,Appendix I p.385,1,"Candidate trait, not in config/traits.yml (checked 2026-10). Spatial arrangement of wax crystals on the leaf surface."
Eucalyptus oleosa var. longicornis,species,,,WA5,WA5,WA5,,field,leaf_epicuticular_wax_crystal_form,"Plates, entire-edged, sparse cover",plates,plates,mode,,,,,,Appendix I p.385,1,Footnote p.385: name probably more correctly E. longicornis F. Muell.
Eucalyptus oleosa var. longicornis,species,,,WA5,WA5,WA5,,field,leaf_epicuticular_wax_density,sparse cover,sparse,low,mode,,,,,,Appendix I p.385,1,Cover classes per Methods (e) p.344: complete/almost complete -> high; open -> open; sparse/isolated -> low.
Eucalyptus oleosa var. longicornis,species,,,WA5,WA5,WA5,,field,leaf_wax_plate_edge,"Plates, entire-edged, sparse cover",entire,,mode,,,,,,Appendix I p.385,1,"Candidate trait, not in config/traits.yml (checked 2026-10). Plate margin per Methods (e) p.344: entire, sinuate, crenate or digitate (Figs. 2, 4-6); a hyphenated range (e.g. 'crenate-digitate') is recorded as both terms."
Eucalyptus gillii,species,,,357S,357S,357S,,captive_cultivated,leaf_epicuticular_wax_crystal_form,"Tubes, simple, long, rarely branching, almost complete cover",tubes,tubes,mode,,,,,,Appendix I p.385,1,
Eucalyptus gillii,species,,,357S,357S,357S,,captive_cultivated,leaf_epicuticular_wax_density,almost complete cover,almost_complete,high,mode,,,,,,Appendix I p.385,1,Cover classes per Methods (e) p.344: complete/almost complete -> high; open -> open; sparse/isolated -> low.
Eucalyptus gillii,species,,,357S,357S,357S,,captive_cultivated,leaf_wax_tube_complexity,"Tubes, simple, long, rarely branching, almost complete cover",simple,,mode,,,,,,Appendix I p.385,1,"Candidate trait, not in config/traits.yml (checked 2026-10). Simple (rarely/sparingly branched) vs compound (many-branched, almost 'plumed', e.g. series Globulares) tubes -- Methods (e) p.344."
Eucalyptus gillii,species,,,357S,357S,357S,,captive_cultivated,leaf_wax_tube_branching,"Tubes, simple, long, rarely branching, almost complete cover",rarely_branched,,mode,,,,,,Appendix I p.385,1,"Candidate trait, not in config/traits.yml (checked 2026-10)."
Eucalyptus gillii,species,,,357S,357S,357S,,captive_cultivated,leaf_wax_tube_size,"Tubes, simple, long, rarely branching, almost complete cover",long,,mode,,,,,,Appendix I p.385,1,"Candidate trait, not in config/traits.yml (checked 2026-10). Qualitative; no dimensions given."
Eucalyptus brockwayi,species,,,,WtSn,,,captive_cultivated,leaf_epicuticular_wax_crystal_form,"Plates, irregular, some edgewise, forming an open cover",plates,plates,mode,,,,,,Appendix I p.385,1,
Eucalyptus brockwayi,species,,,,WtSn,,,captive_cultivated,leaf_epicuticular_wax_density,open cover,open,open,mode,,,,,,Appendix I p.385,1,Cover classes per Methods (e) p.344: complete/almost complete -> high; open -> open; sparse/isolated -> low.
Eucalyptus brockwayi,species,,,,WtSn,,,captive_cultivated,leaf_wax_plate_shape,"Plates, irregular, some edgewise, forming an open cover",irregular,,mode,,,,,,Appendix I p.385,1,"Candidate trait, not in config/traits.yml (checked 2026-10)."
Eucalyptus brockwayi,species,,,,WtSn,,,captive_cultivated,leaf_wax_plate_orientation,some edgewise,edgewise,,mode,,,,,,Appendix I p.385,1,"Candidate trait, not in config/traits.yml (checked 2026-10). Plates presented on edge (perpendicular) to the leaf surface rather than lying flat; qualifier ('some', 'many', 'often') kept in trait_value_raw."
Eucalyptus flocktoniae,species,,,115M; 373Wt; 670Wt,115M; 373Wt; 670Wt,115M; 373Wt; 670Wt,,captive_cultivated,leaf_epicuticular_wax_crystal_form,"Plates, irregular, some edgewise, forming an open cover",plates,plates,mode,,,,,,Appendix I p.385,1,Footnote p.385: name probably more correctly E. cooperana F. Muell.
Eucalyptus flocktoniae,species,,,115M; 373Wt; 670Wt,115M; 373Wt; 670Wt,115M; 373Wt; 670Wt,,captive_cultivated,leaf_epicuticular_wax_density,open cover,open,open,mode,,,,,,Appendix I p.385,1,Cover classes per Methods (e) p.344: complete/almost complete -> high; open -> open; sparse/isolated -> low.
Eucalyptus flocktoniae,species,,,115M; 373Wt; 670Wt,115M; 373Wt; 670Wt,115M; 373Wt; 670Wt,,captive_cultivated,leaf_wax_plate_shape,"Plates, irregular, some edgewise, forming an open cover",irregular,,mode,,,,,,Appendix I p.385,1,"Candidate trait, not in config/traits.yml (checked 2026-10)."
Eucalyptus flocktoniae,species,,,115M; 373Wt; 670Wt,115M; 373Wt; 670Wt,115M; 373Wt; 670Wt,,captive_cultivated,leaf_wax_plate_orientation,some edgewise,edgewise,,mode,,,,,,Appendix I p.385,1,"Candidate trait, not in config/traits.yml (checked 2026-10). Plates presented on edge (perpendicular) to the leaf surface rather than lying flat; qualifier ('some', 'many', 'often') kept in trait_value_raw."
Eucalyptus orbifolia,species,,,219Cb,219Cb,219Cb,,captive_cultivated,leaf_epicuticular_wax_crystal_form,"Tubes, simple, branching at acute angles, open cover",tubes,tubes,mode,,,,,,Appendix I p.385,1,
Eucalyptus orbifolia,species,,,219Cb,219Cb,219Cb,,captive_cultivated,leaf_epicuticular_wax_density,open cover,open,open,mode,,,,,,Appendix I p.385,1,Cover classes per Methods (e) p.344: complete/almost complete -> high; open -> open; sparse/isolated -> low.
Eucalyptus orbifolia,species,,,219Cb,219Cb,219Cb,,captive_cultivated,leaf_wax_tube_complexity,"Tubes, simple, branching at acute angles, open cover",simple,,mode,,,,,,Appendix I p.385,1,"Candidate trait, not in config/traits.yml (checked 2026-10). Simple (rarely/sparingly branched) vs compound (many-branched, almost 'plumed', e.g. series Globulares) tubes -- Methods (e) p.344."
Eucalyptus orbifolia,species,,,219Cb,219Cb,219Cb,,captive_cultivated,leaf_wax_tube_branching,"Tubes, simple, branching at acute angles, open cover",acute_angle,,mode,,,,,,Appendix I p.385,1,"Candidate trait, not in config/traits.yml (checked 2026-10)."
Eucalyptus crucis,species,,,WA50,WA50,WA50,,field,leaf_epicuticular_wax_crystal_form,"Tubes, simple, branching at acute angles, open cover",tubes,tubes,mode,,,,,,Appendix I p.385,1,
Eucalyptus crucis,species,,,WA50,WA50,WA50,,field,leaf_epicuticular_wax_density,open cover,open,open,mode,,,,,,Appendix I p.385,1,Cover classes per Methods (e) p.344: complete/almost complete -> high; open -> open; sparse/isolated -> low.
Eucalyptus crucis,species,,,WA50,WA50,WA50,,field,leaf_wax_tube_complexity,"Tubes, simple, branching at acute angles, open cover",simple,,mode,,,,,,Appendix I p.385,1,"Candidate trait, not in config/traits.yml (checked 2026-10). Simple (rarely/sparingly branched) vs compound (many-branched, almost 'plumed', e.g. series Globulares) tubes -- Methods (e) p.344."
Eucalyptus crucis,species,,,WA50,WA50,WA50,,field,leaf_wax_tube_branching,"Tubes, simple, branching at acute angles, open cover",acute_angle,,mode,,,,,,Appendix I p.385,1,"Candidate trait, not in config/traits.yml (checked 2026-10)."
Eucalyptus websterana,species,,,403Wt; 499Wl,403Wt; 499Wl,403Wt; 499Wl,,captive_cultivated,leaf_epicuticular_wax_crystal_form,"Plates and tubes; plates small, crenate-digitate-edged, few, tubes simple, open cover",plates tubes,plates tubes,mode,,,,,,Appendix I p.385,1,
Eucalyptus websterana,species,,,403Wt; 499Wl,403Wt; 499Wl,403Wt; 499Wl,,captive_cultivated,leaf_epicuticular_wax_density,open cover,open,open,mode,,,,,,Appendix I p.385,1,Cover classes per Methods (e) p.344: complete/almost complete -> high; open -> open; sparse/isolated -> low.
Eucalyptus websterana,species,,,403Wt; 499Wl,403Wt; 499Wl,403Wt; 499Wl,,captive_cultivated,leaf_wax_plate_edge,"plates small, crenate-digitate-edged, few",crenate digitate,,mode,,,,,,Appendix I p.385,1,"Candidate trait, not in config/traits.yml (checked 2026-10). Plate margin per Methods (e) p.344: entire, sinuate, crenate or digitate (Figs. 2, 4-6); a hyphenated range (e.g. 'crenate-digitate') is recorded as both terms."
Eucalyptus websterana,species,,,403Wt; 499Wl,403Wt; 499Wl,403Wt; 499Wl,,captive_cultivated,leaf_wax_plate_size,"plates small, crenate-digitate-edged, few",small,,mode,,,,,,Appendix I p.385,1,"Candidate trait, not in config/traits.yml (checked 2026-10). Qualitative, relative to other eucalypt plate waxes; no dimensions given."
Eucalyptus websterana,species,,,403Wt; 499Wl,403Wt; 499Wl,403Wt; 499Wl,,captive_cultivated,leaf_wax_tube_complexity,"tubes simple, open cover",simple,,mode,,,,,,Appendix I p.385,1,"Candidate trait, not in config/traits.yml (checked 2026-10). Simple (rarely/sparingly branched) vs compound (many-branched, almost 'plumed', e.g. series Globulares) tubes -- Methods (e) p.344."
Eucalyptus websterana,species,,,403Wt; 499Wl,403Wt; 499Wl,403Wt; 499Wl,,captive_cultivated,leaf_wax_plate_tube_proportion,"plates small, crenate-digitate-edged, few",plates_rare,,mode,,,,,,Appendix I p.385,1,"Candidate trait, not in config/traits.yml (checked 2026-10). Relative abundance of plates vs tubes in a mixed wax; verbatim qualifier."
Eucalyptus lane-poolei,species,,,,WtSn,,,captive_cultivated,leaf_epicuticular_wax_crystal_form,"Plates, crescent-shaped, entire-edged, sparse cover",plates,plates,mode,,,,,,Appendix I p.385,1,
Eucalyptus lane-poolei,species,,,,WtSn,,,captive_cultivated,leaf_epicuticular_wax_density,sparse cover,sparse,low,mode,,,,,,Appendix I p.385,1,Cover classes per Methods (e) p.344: complete/almost complete -> high; open -> open; sparse/isolated -> low.
Eucalyptus lane-poolei,species,,,,WtSn,,,captive_cultivated,leaf_wax_plate_edge,"Plates, crescent-shaped, entire-edged, sparse cover",entire,,mode,,,,,,Appendix I p.385,1,"Candidate trait, not in config/traits.yml (checked 2026-10). Plate margin per Methods (e) p.344: entire, sinuate, crenate or digitate (Figs. 2, 4-6); a hyphenated range (e.g. 'crenate-digitate') is recorded as both terms."
Eucalyptus lane-poolei,species,,,,WtSn,,,captive_cultivated,leaf_wax_plate_shape,"Plates, crescent-shaped, entire-edged, sparse cover",crescent_shaped,,mode,,,,,,Appendix I p.385,1,"Candidate trait, not in config/traits.yml (checked 2026-10)."
Eucalyptus ewartiana,species,,,384Wt,384Wt,384Wt,,captive_cultivated,leaf_epicuticular_wax_crystal_form,"Plates and tubes; plates fingered, tubes relatively unbranched, complete cover",plates tubes,plates tubes,mode,,,,,,Appendix I p.385,1,
Eucalyptus ewartiana,species,,,384Wt,384Wt,384Wt,,captive_cultivated,leaf_epicuticular_wax_density,complete cover,complete,high,mode,,,,,,Appendix I p.385,1,Cover classes per Methods (e) p.344: complete/almost complete -> high; open -> open; sparse/isolated -> low.
Eucalyptus ewartiana,species,,,384Wt,384Wt,384Wt,,captive_cultivated,leaf_wax_plate_edge,plates fingered,digitate,,mode,,,,,,Appendix I p.385,1,"Candidate trait, not in config/traits.yml (checked 2026-10). Plate margin per Methods (e) p.344: entire, sinuate, crenate or digitate (Figs. 2, 4-6); a hyphenated range (e.g. 'crenate-digitate') is recorded as both terms."
Eucalyptus ewartiana,species,,,384Wt,384Wt,384Wt,,captive_cultivated,leaf_wax_tube_branching,"tubes relatively unbranched, complete cover",rarely_branched,,mode,,,,,,Appendix I p.385,1,"Candidate trait, not in config/traits.yml (checked 2026-10)."
Eucalyptus oxymitra,species,,,333S; 364Wt,333S; 364Wt,333S; 364Wt,,captive_cultivated,leaf_epicuticular_wax_crystal_form,"Tubes, simple, branching rarely at acute angles, open cover",tubes,tubes,mode,,,,,,Appendix I p.385,1,
Eucalyptus oxymitra,species,,,333S; 364Wt,333S; 364Wt,333S; 364Wt,,captive_cultivated,leaf_epicuticular_wax_density,open cover,open,open,mode,,,,,,Appendix I p.385,1,Cover classes per Methods (e) p.344: complete/almost complete -> high; open -> open; sparse/isolated -> low.
Eucalyptus oxymitra,species,,,333S; 364Wt,333S; 364Wt,333S; 364Wt,,captive_cultivated,leaf_wax_tube_complexity,"Tubes, simple, branching rarely at acute angles, open cover",simple,,mode,,,,,,Appendix I p.385,1,"Candidate trait, not in config/traits.yml (checked 2026-10). Simple (rarely/sparingly branched) vs compound (many-branched, almost 'plumed', e.g. series Globulares) tubes -- Methods (e) p.344."
Eucalyptus oxymitra,species,,,333S; 364Wt,333S; 364Wt,333S; 364Wt,,captive_cultivated,leaf_wax_tube_branching,"Tubes, simple, branching rarely at acute angles, open cover",rarely_branched acute_angle,,mode,,,,,,Appendix I p.385,1,"Candidate trait, not in config/traits.yml (checked 2026-10)."
Eucalyptus leptopoda,species,,,406Wt,406Wt,406Wt,,captive_cultivated,leaf_epicuticular_wax_crystal_form,"Plates and tubes; plates sinuate-edged, tubes broad, relatively unbranched, open cover",plates tubes,plates tubes,mode,,,,,,Appendix I p.385,1,
Eucalyptus leptopoda,species,,,406Wt,406Wt,406Wt,,captive_cultivated,leaf_epicuticular_wax_density,open cover,open,open,mode,,,,,,Appendix I p.385,1,Cover classes per Methods (e) p.344: complete/almost complete -> high; open -> open; sparse/isolated -> low.
Eucalyptus leptopoda,species,,,406Wt,406Wt,406Wt,,captive_cultivated,leaf_wax_plate_edge,plates sinuate-edged,sinuate,,mode,,,,,,Appendix I p.385,1,"Candidate trait, not in config/traits.yml (checked 2026-10). Plate margin per Methods (e) p.344: entire, sinuate, crenate or digitate (Figs. 2, 4-6); a hyphenated range (e.g. 'crenate-digitate') is recorded as both terms."
Eucalyptus leptopoda,species,,,406Wt,406Wt,406Wt,,captive_cultivated,leaf_wax_tube_branching,"tubes broad, relatively unbranched, open cover",rarely_branched,,mode,,,,,,Appendix I p.385,1,"Candidate trait, not in config/traits.yml (checked 2026-10)."
Eucalyptus leptopoda,species,,,406Wt,406Wt,406Wt,,captive_cultivated,leaf_wax_tube_size,"tubes broad, relatively unbranched, open cover",wide,,mode,,,,,,Appendix I p.385,1,"Candidate trait, not in config/traits.yml (checked 2026-10). Qualitative; no dimensions given."
Eucalyptus salmonophloia,species,,,57Ch; 343S; 672Wt; 481Wl,57Ch; 343S; 672Wt; 481Wl,57Ch; 343S; 672Wt; 481Wl,,captive_cultivated,leaf_epicuticular_wax_crystal_form,"Plates, small, as ridges on a smooth cuticle, sparse cover",plates,plates,mode,,,,,,Appendix I p.385,1,
Eucalyptus salmonophloia,species,,,57Ch; 343S; 672Wt; 481Wl,57Ch; 343S; 672Wt; 481Wl,57Ch; 343S; 672Wt; 481Wl,,captive_cultivated,leaf_epicuticular_wax_density,sparse cover,sparse,low,mode,,,,,,Appendix I p.385,1,Cover classes per Methods (e) p.344: complete/almost complete -> high; open -> open; sparse/isolated -> low.
Eucalyptus salmonophloia,species,,,57Ch; 343S; 672Wt; 481Wl,57Ch; 343S; 672Wt; 481Wl,57Ch; 343S; 672Wt; 481Wl,,captive_cultivated,leaf_wax_plate_shape,"Plates, small, as ridges on a smooth cuticle, sparse cover",ridge_like,,mode,,,,,,Appendix I p.385,1,"Candidate trait, not in config/traits.yml (checked 2026-10)."
Eucalyptus salmonophloia,species,,,57Ch; 343S; 672Wt; 481Wl,57Ch; 343S; 672Wt; 481Wl,57Ch; 343S; 672Wt; 481Wl,,captive_cultivated,leaf_wax_plate_size,"Plates, small, as ridges on a smooth cuticle, sparse cover",small,,mode,,,,,,Appendix I p.385,1,"Candidate trait, not in config/traits.yml (checked 2026-10). Qualitative, relative to other eucalypt plate waxes; no dimensions given."
Eucalyptus salubris,species,,,351S; WA57; 663Wt,351S; WA57; 663Wt,351S; WA57; 663Wt,,field captive_cultivated,leaf_epicuticular_wax_crystal_form,"Plates, small, as ridges on a smooth cuticle, sparse cover",plates,plates,mode,,,,,,Appendix I p.386,1,
Eucalyptus salubris,species,,,351S; WA57; 663Wt,351S; WA57; 663Wt,351S; WA57; 663Wt,,field captive_cultivated,leaf_epicuticular_wax_density,sparse cover,sparse,low,mode,,,,,,Appendix I p.386,1,Cover classes per Methods (e) p.344: complete/almost complete -> high; open -> open; sparse/isolated -> low.
Eucalyptus salubris,species,,,351S; WA57; 663Wt,351S; WA57; 663Wt,351S; WA57; 663Wt,,field captive_cultivated,leaf_wax_plate_shape,"Plates, small, as ridges on a smooth cuticle, sparse cover",ridge_like,,mode,,,,,,Appendix I p.386,1,"Candidate trait, not in config/traits.yml (checked 2026-10)."
Eucalyptus salubris,species,,,351S; WA57; 663Wt,351S; WA57; 663Wt,351S; WA57; 663Wt,,field captive_cultivated,leaf_wax_plate_size,"Plates, small, as ridges on a smooth cuticle, sparse cover",small,,mode,,,,,,Appendix I p.386,1,"Candidate trait, not in config/traits.yml (checked 2026-10). Qualitative, relative to other eucalypt plate waxes; no dimensions given."
Eucalyptus forrestiana,species,,,169M; 193Ch; WA68,169M; 193Ch; WA68,169M; 193Ch; WA68,,field captive_cultivated,leaf_epicuticular_wax_crystal_form,"Plates, fan-shaped, crenate-edged, open cover",plates,plates,mode,,,,,,Appendix I p.386,1,
Eucalyptus forrestiana,species,,,169M; 193Ch; WA68,169M; 193Ch; WA68,169M; 193Ch; WA68,,field captive_cultivated,leaf_epicuticular_wax_density,open cover,open,open,mode,,,,,,Appendix I p.386,1,Cover classes per Methods (e) p.344: complete/almost complete -> high; open -> open; sparse/isolated -> low.
Eucalyptus forrestiana,species,,,169M; 193Ch; WA68,169M; 193Ch; WA68,169M; 193Ch; WA68,,field captive_cultivated,leaf_wax_plate_edge,"Plates, fan-shaped, crenate-edged, open cover",crenate,,mode,,,,,,Appendix I p.386,1,"Candidate trait, not in config/traits.yml (checked 2026-10). Plate margin per Methods (e) p.344: entire, sinuate, crenate or digitate (Figs. 2, 4-6); a hyphenated range (e.g. 'crenate-digitate') is recorded as both terms."
Eucalyptus forrestiana,species,,,169M; 193Ch; WA68,169M; 193Ch; WA68,169M; 193Ch; WA68,,field captive_cultivated,leaf_wax_plate_shape,"Plates, fan-shaped, crenate-edged, open cover",fan_shaped,,mode,,,,,,Appendix I p.386,1,"Candidate trait, not in config/traits.yml (checked 2026-10)."
Eucalyptus oldfieldii,species,,,376Wt,376Wt,376Wt,,captive_cultivated,leaf_epicuticular_wax_crystal_form,"Tubes, simple, branching rarely, tangled, open cover",tubes,tubes,mode,,,,,,Appendix I p.386,1,
Eucalyptus oldfieldii,species,,,376Wt,376Wt,376Wt,,captive_cultivated,leaf_epicuticular_wax_density,open cover,open,open,mode,,,,,,Appendix I p.386,1,Cover classes per Methods (e) p.344: complete/almost complete -> high; open -> open; sparse/isolated -> low.
Eucalyptus oldfieldii,species,,,376Wt,376Wt,376Wt,,captive_cultivated,leaf_wax_tube_complexity,"Tubes, simple, branching rarely, tangled, open cover",simple,,mode,,,,,,Appendix I p.386,1,"Candidate trait, not in config/traits.yml (checked 2026-10). Simple (rarely/sparingly branched) vs compound (many-branched, almost 'plumed', e.g. series Globulares) tubes -- Methods (e) p.344."
Eucalyptus oldfieldii,species,,,376Wt,376Wt,376Wt,,captive_cultivated,leaf_wax_tube_branching,"Tubes, simple, branching rarely, tangled, open cover",rarely_branched,,mode,,,,,,Appendix I p.386,1,"Candidate trait, not in config/traits.yml (checked 2026-10)."
Eucalyptus oldfieldii,species,,,376Wt,376Wt,376Wt,,captive_cultivated,leaf_wax_crystal_arrangement,"Tubes, simple, branching rarely, tangled, open cover",tangled,,mode,,,,,,Appendix I p.386,1,"Candidate trait, not in config/traits.yml (checked 2026-10). Spatial arrangement of wax crystals on the leaf surface."
Eucalyptus macrocarpa,species,,,398Wt,398Wt,398Wt,,captive_cultivated,leaf_epicuticular_wax_crystal_form,"Tubes, simple, branching rarely, almost complete cover",tubes,tubes,mode,,,,,,Appendix I p.386,1,
Eucalyptus macrocarpa,species,,,398Wt,398Wt,398Wt,,captive_cultivated,leaf_epicuticular_wax_density,almost complete cover,almost_complete,high,mode,,,,,,Appendix I p.386,1,Cover classes per Methods (e) p.344: complete/almost complete -> high; open -> open; sparse/isolated -> low.
Eucalyptus macrocarpa,species,,,398Wt,398Wt,398Wt,,captive_cultivated,leaf_wax_tube_complexity,"Tubes, simple, branching rarely, almost complete cover",simple,,mode,,,,,,Appendix I p.386,1,"Candidate trait, not in config/traits.yml (checked 2026-10). Simple (rarely/sparingly branched) vs compound (many-branched, almost 'plumed', e.g. series Globulares) tubes -- Methods (e) p.344."
Eucalyptus macrocarpa,species,,,398Wt,398Wt,398Wt,,captive_cultivated,leaf_wax_tube_branching,"Tubes, simple, branching rarely, almost complete cover",rarely_branched,,mode,,,,,,Appendix I p.386,1,"Candidate trait, not in config/traits.yml (checked 2026-10)."
Eucalyptus rhodantha,species,,,490Wl,490Wl,490Wl,,captive_cultivated,leaf_epicuticular_wax_crystal_form,"Tubes, simple, branching rarely, open cover",tubes,tubes,mode,,,,,,Appendix I p.386,1,
Eucalyptus rhodantha,species,,,490Wl,490Wl,490Wl,,captive_cultivated,leaf_epicuticular_wax_density,open cover,open,open,mode,,,,,,Appendix I p.386,1,Cover classes per Methods (e) p.344: complete/almost complete -> high; open -> open; sparse/isolated -> low.
Eucalyptus rhodantha,species,,,490Wl,490Wl,490Wl,,captive_cultivated,leaf_wax_tube_complexity,"Tubes, simple, branching rarely, open cover",simple,,mode,,,,,,Appendix I p.386,1,"Candidate trait, not in config/traits.yml (checked 2026-10). Simple (rarely/sparingly branched) vs compound (many-branched, almost 'plumed', e.g. series Globulares) tubes -- Methods (e) p.344."
Eucalyptus rhodantha,species,,,490Wl,490Wl,490Wl,,captive_cultivated,leaf_wax_tube_branching,"Tubes, simple, branching rarely, open cover",rarely_branched,,mode,,,,,,Appendix I p.386,1,"Candidate trait, not in config/traits.yml (checked 2026-10)."
Eucalyptus pyriformis,species,,,393Wt; WA61; WA76,393Wt; WA61; WA76,393Wt; WA61; WA76,,field captive_cultivated,leaf_epicuticular_wax_crystal_form,"Tubes, simple, branching rarely, open to complete cover",tubes,tubes,mode,,,,,,Appendix I p.386,1,
Eucalyptus pyriformis,species,,,393Wt; WA61; WA76,393Wt; WA61; WA76,393Wt; WA61; WA76,,field captive_cultivated,leaf_epicuticular_wax_density,open to complete cover,open_to_complete,high open,mode,,,,,,Appendix I p.386,1,Cover classes per Methods (e) p.344: complete/almost complete -> high; open -> open; sparse/isolated -> low.
Eucalyptus pyriformis,species,,,393Wt; WA61; WA76,393Wt; WA61; WA76,393Wt; WA61; WA76,,field captive_cultivated,leaf_wax_tube_complexity,"Tubes, simple, branching rarely, open to complete cover",simple,,mode,,,,,,Appendix I p.386,1,"Candidate trait, not in config/traits.yml (checked 2026-10). Simple (rarely/sparingly branched) vs compound (many-branched, almost 'plumed', e.g. series Globulares) tubes -- Methods (e) p.344."
Eucalyptus pyriformis,species,,,393Wt; WA61; WA76,393Wt; WA61; WA76,393Wt; WA61; WA76,,field captive_cultivated,leaf_wax_tube_branching,"Tubes, simple, branching rarely, open to complete cover",rarely_branched,,mode,,,,,,Appendix I p.386,1,"Candidate trait, not in config/traits.yml (checked 2026-10)."
Eucalyptus pachyphylla,species,,,,FTBD,,,captive_cultivated,leaf_epicuticular_wax_crystal_form,"Plates and tubes; plates sinuate-crenate-edged, tubes simple, branching rarely, almost complete cover",plates tubes,plates tubes,mode,,,,,,Appendix I p.386,1,
Eucalyptus pachyphylla,species,,,,FTBD,,,captive_cultivated,leaf_epicuticular_wax_density,almost complete cover,almost_complete,high,mode,,,,,,Appendix I p.386,1,Cover classes per Methods (e) p.344: complete/almost complete -> high; open -> open; sparse/isolated -> low.
Eucalyptus pachyphylla,species,,,,FTBD,,,captive_cultivated,leaf_wax_plate_edge,plates sinuate-crenate-edged,sinuate crenate,,mode,,,,,,Appendix I p.386,1,"Candidate trait, not in config/traits.yml (checked 2026-10). Plate margin per Methods (e) p.344: entire, sinuate, crenate or digitate (Figs. 2, 4-6); a hyphenated range (e.g. 'crenate-digitate') is recorded as both terms."
Eucalyptus pachyphylla,species,,,,FTBD,,,captive_cultivated,leaf_wax_tube_complexity,"tubes simple, branching rarely, almost complete cover",simple,,mode,,,,,,Appendix I p.386,1,"Candidate trait, not in config/traits.yml (checked 2026-10). Simple (rarely/sparingly branched) vs compound (many-branched, almost 'plumed', e.g. series Globulares) tubes -- Methods (e) p.344."
Eucalyptus pachyphylla,species,,,,FTBD,,,captive_cultivated,leaf_wax_tube_branching,"tubes simple, branching rarely, almost complete cover",rarely_branched,,mode,,,,,,Appendix I p.386,1,"Candidate trait, not in config/traits.yml (checked 2026-10)."
Eucalyptus sessilis,species,,,399Wt,399Wt,399Wt,,captive_cultivated,leaf_epicuticular_wax_crystal_form,"Tubes, simple, branching rarely, open to complete cover",tubes,tubes,mode,,,,,,Appendix I p.386,1,
Eucalyptus sessilis,species,,,399Wt,399Wt,399Wt,,captive_cultivated,leaf_epicuticular_wax_density,open to complete cover,open_to_complete,high open,mode,,,,,,Appendix I p.386,1,Cover classes per Methods (e) p.344: complete/almost complete -> high; open -> open; sparse/isolated -> low.
Eucalyptus sessilis,species,,,399Wt,399Wt,399Wt,,captive_cultivated,leaf_wax_tube_complexity,"Tubes, simple, branching rarely, open to complete cover",simple,,mode,,,,,,Appendix I p.386,1,"Candidate trait, not in config/traits.yml (checked 2026-10). Simple (rarely/sparingly branched) vs compound (many-branched, almost 'plumed', e.g. series Globulares) tubes -- Methods (e) p.344."
Eucalyptus sessilis,species,,,399Wt,399Wt,399Wt,,captive_cultivated,leaf_wax_tube_branching,"Tubes, simple, branching rarely, open to complete cover",rarely_branched,,mode,,,,,,Appendix I p.386,1,"Candidate trait, not in config/traits.yml (checked 2026-10)."
Eucalyptus burracoppinensis,species,,,379Wt,379Wt,379Wt,,captive_cultivated,leaf_epicuticular_wax_crystal_form,"Tubes, simple, branching rarely, open to complete cover",tubes,tubes,mode,,,,,,Appendix I p.386,1,
Eucalyptus burracoppinensis,species,,,379Wt,379Wt,379Wt,,captive_cultivated,leaf_epicuticular_wax_density,open to complete cover,open_to_complete,high open,mode,,,,,,Appendix I p.386,1,Cover classes per Methods (e) p.344: complete/almost complete -> high; open -> open; sparse/isolated -> low.
Eucalyptus burracoppinensis,species,,,379Wt,379Wt,379Wt,,captive_cultivated,leaf_wax_tube_complexity,"Tubes, simple, branching rarely, open to complete cover",simple,,mode,,,,,,Appendix I p.386,1,"Candidate trait, not in config/traits.yml (checked 2026-10). Simple (rarely/sparingly branched) vs compound (many-branched, almost 'plumed', e.g. series Globulares) tubes -- Methods (e) p.344."
Eucalyptus burracoppinensis,species,,,379Wt,379Wt,379Wt,,captive_cultivated,leaf_wax_tube_branching,"Tubes, simple, branching rarely, open to complete cover",rarely_branched,,mode,,,,,,Appendix I p.386,1,"Candidate trait, not in config/traits.yml (checked 2026-10)."
Angophora cordifolia,species,,,45NSW,45NSW,45NSW,,field,leaf_epicuticular_wax_crystal_form,"Plates, crescent-shaped, entire-edged, sparse cover",plates,plates,mode,,,,,,Appendix I p.386,1,Text p.361: sinuate plates isolated on the surface.
Angophora cordifolia,species,,,45NSW,45NSW,45NSW,,field,leaf_epicuticular_wax_density,sparse cover,sparse,low,mode,,,,,,Appendix I p.386,1,Cover classes per Methods (e) p.344: complete/almost complete -> high; open -> open; sparse/isolated -> low.
Angophora cordifolia,species,,,45NSW,45NSW,45NSW,,field,leaf_wax_plate_edge,"Plates, crescent-shaped, entire-edged, sparse cover",entire,,mode,,,,,,Appendix I p.386,1,"Candidate trait, not in config/traits.yml (checked 2026-10). Plate margin per Methods (e) p.344: entire, sinuate, crenate or digitate (Figs. 2, 4-6); a hyphenated range (e.g. 'crenate-digitate') is recorded as both terms."
Angophora cordifolia,species,,,45NSW,45NSW,45NSW,,field,leaf_wax_plate_shape,"Plates, crescent-shaped, entire-edged, sparse cover",crescent_shaped,,mode,,,,,,Appendix I p.386,1,"Candidate trait, not in config/traits.yml (checked 2026-10)."
Angophora floribunda,species,,,,NSWSn,,,field,leaf_epicuticular_wax_crystal_form,"Plates, often fan-shaped, sinuate-crenate-edged, complete cover",plates,plates,mode,,,,,,Appendix I p.386,1,
Angophora floribunda,species,,,,NSWSn,,,field,leaf_epicuticular_wax_density,complete cover,complete,high,mode,,,,,,Appendix I p.386,1,Cover classes per Methods (e) p.344: complete/almost complete -> high; open -> open; sparse/isolated -> low.
Angophora floribunda,species,,,,NSWSn,,,field,leaf_wax_plate_edge,"Plates, often fan-shaped, sinuate-crenate-edged, complete cover",sinuate crenate,,mode,,,,,,Appendix I p.386,1,"Candidate trait, not in config/traits.yml (checked 2026-10). Plate margin per Methods (e) p.344: entire, sinuate, crenate or digitate (Figs. 2, 4-6); a hyphenated range (e.g. 'crenate-digitate') is recorded as both terms."
Angophora floribunda,species,,,,NSWSn,,,field,leaf_wax_plate_shape,"Plates, often fan-shaped, sinuate-crenate-edged, complete cover",fan_shaped,,mode,,,,,,Appendix I p.386,1,"Candidate trait, not in config/traits.yml (checked 2026-10)."
Angophora subvelutina,species,,,Q38,Q38,Q38,,field,leaf_epicuticular_wax_crystal_form,"Plates, irregularly shaped, crenate-edged, placed edgewise, almost complete cover",plates,plates,mode,,,,,,Appendix I p.386,1,
Angophora subvelutina,species,,,Q38,Q38,Q38,,field,leaf_epicuticular_wax_density,almost complete cover,almost_complete,high,mode,,,,,,Appendix I p.386,1,Cover classes per Methods (e) p.344: complete/almost complete -> high; open -> open; sparse/isolated -> low.
Angophora subvelutina,species,,,Q38,Q38,Q38,,field,leaf_wax_plate_edge,"Plates, irregularly shaped, crenate-edged, placed edgewise, almost complete cover",crenate,,mode,,,,,,Appendix I p.386,1,"Candidate trait, not in config/traits.yml (checked 2026-10). Plate margin per Methods (e) p.344: entire, sinuate, crenate or digitate (Figs. 2, 4-6); a hyphenated range (e.g. 'crenate-digitate') is recorded as both terms."
Angophora subvelutina,species,,,Q38,Q38,Q38,,field,leaf_wax_plate_shape,"Plates, irregularly shaped, crenate-edged, placed edgewise, almost complete cover",irregular,,mode,,,,,,Appendix I p.386,1,"Candidate trait, not in config/traits.yml (checked 2026-10)."
Angophora subvelutina,species,,,Q38,Q38,Q38,,field,leaf_wax_plate_orientation,placed edgewise,edgewise,,mode,,,,,,Appendix I p.386,1,"Candidate trait, not in config/traits.yml (checked 2026-10). Plates presented on edge (perpendicular) to the leaf surface rather than lying flat; qualifier ('some', 'many', 'often') kept in trait_value_raw."
Angophora costata,species,,,NSW26; Q46,NSW26; Q46,NSW26; Q46,,field,leaf_epicuticular_wax_crystal_form,"Plates, irregularly shaped, entire to sinuate-edged, almost complete cover",plates,plates,mode,,,,,,Appendix I p.386,1,
Angophora costata,species,,,NSW26; Q46,NSW26; Q46,NSW26; Q46,,field,leaf_epicuticular_wax_density,almost complete cover,almost_complete,high,mode,,,,,,Appendix I p.386,1,Cover classes per Methods (e) p.344: complete/almost complete -> high; open -> open; sparse/isolated -> low.
Angophora costata,species,,,NSW26; Q46,NSW26; Q46,NSW26; Q46,,field,leaf_wax_plate_edge,"Plates, irregularly shaped, entire to sinuate-edged, almost complete cover",entire sinuate,,mode,,,,,,Appendix I p.386,1,"Candidate trait, not in config/traits.yml (checked 2026-10). Plate margin per Methods (e) p.344: entire, sinuate, crenate or digitate (Figs. 2, 4-6); a hyphenated range (e.g. 'crenate-digitate') is recorded as both terms."
Angophora costata,species,,,NSW26; Q46,NSW26; Q46,NSW26; Q46,,field,leaf_wax_plate_shape,"Plates, irregularly shaped, entire to sinuate-edged, almost complete cover",irregular,,mode,,,,,,Appendix I p.386,1,"Candidate trait, not in config/traits.yml (checked 2026-10)."
Tristania conferta,species,,,496V,496V,496V,,field,leaf_epicuticular_wax_crystal_form,"Tubes, branching rarely at acute angles, isolated",tubes,tubes,mode,,,,,,Appendix I p.386,1,
Tristania conferta,species,,,496V,496V,496V,,field,leaf_epicuticular_wax_density,isolated,isolated,low,mode,,,,,,Appendix I p.386,1,Cover classes per Methods (e) p.344: complete/almost complete -> high; open -> open; sparse/isolated -> low.
Tristania conferta,species,,,496V,496V,496V,,field,leaf_wax_tube_branching,"Tubes, branching rarely at acute angles, isolated",rarely_branched acute_angle,,mode,,,,,,Appendix I p.386,1,"Candidate trait, not in config/traits.yml (checked 2026-10)."
Leptospermum laevigatum,species,,,,"Seed from Wilson's Promontory, glasshouse-grown, Melbourne",,,captive_cultivated,leaf_epicuticular_wax_crystal_form,"Wax ridges, meandering, open cover",wax_ridges,,mode,,,,,,Appendix I p.386,1,Meandering wax ridges/fibrils (text p.362); no matching allowed value -- curator to decide (possibly amorphous).
Leptospermum laevigatum,species,,,,"Seed from Wilson's Promontory, glasshouse-grown, Melbourne",,,captive_cultivated,leaf_epicuticular_wax_density,open cover,open,open,mode,,,,,,Appendix I p.386,1,Cover classes per Methods (e) p.344: complete/almost complete -> high; open -> open; sparse/isolated -> low.
Acmena smithii,species,,,,"Seed from Wilson's Promontory, glasshouse-grown, Melbourne",,,captive_cultivated,leaf_epicuticular_wax_crystal_form,"Smooth cuticle, apparently no wax structures present",no_wax_structures,,mode,,,,,,Appendix I p.386,1,"Smooth cuticle, 'apparently completely devoid of wax structures' (text p.362); no matching allowed value -- curator to decide (possibly amorphous)."
Eucalyptus subcrenulata,species,,,,,,,field,leaf_epicuticular_wax_crystal_form,"Both species (sensu Blakely) have tube waxes, those of E. subcrenulata being in general shorter than those of E. johnstonii.",tubes,tubes,mode,,,,,,Results I(a)(9) p.357,2,Not listed in Appendix I; Curtis (1956) included E. subcrenulata Maiden & Blakely in E. johnstonii.
Eucalyptus subcrenulata,species,,,,,,,field,leaf_wax_tube_size,those of E. subcrenulata being in general shorter than those of E. johnstonii,short,,mode,,,,,,Results I(a)(9) p.357,2,"Candidate trait, not in config/traits.yml (checked 2026-10). Relative to E. johnstonii."
Eucalyptus malacoxylon,species,,,,,,,field,leaf_epicuticular_wax_crystal_form,E. malacoxylon Blakely in the Argyrophyllae has tube and plate wax ... the wax being identical for each [with E. bridgesiana],plates tubes,plates tubes,mode,,,,,,Results I(a)(9) p.357,2,Not listed in Appendix I; now regarded as a form of E. bridgesiana R. T. Baker (Anderson 1956).
Eucalyptus comitae-vallis var. brachycorys,species,,,,,,,field,leaf_epicuticular_wax_crystal_form,"Group 2: Species with plate waxes, the plates being entire or sinuate-edged, often presented on edge and forming a sparse cover on the surface or with the wax plates isolated",plates,plates,mode,,,,,,Table 3 p.350,2,"Taxon listed only in Table 3 (Group 2), not in Appendix I."
Eucalyptus comitae-vallis var. brachycorys,species,,,,,,,field,leaf_epicuticular_wax_density,forming a sparse cover on the surface or with the wax plates isolated,sparse_or_isolated,low,mode,,,,,,Table 3 p.350,2,Group-level description from Table 3 Group 2.
Eucalyptus comitae-vallis var. brachycorys,species,,,,,,,field,leaf_wax_plate_edge,plates being entire or sinuate-edged,entire sinuate,,mode,,,,,,Table 3 p.350,2,"Candidate trait, not in config/traits.yml (checked 2026-10). Group-level description from Table 3 Group 2."
Eucalyptus tetraptera,species,,,,,,,field,leaf_wax_plate_orientation,"The plates on juvenile leaves are sinuate-edged, often oriented at an angle to the surface rather than flat upon it, forming an open cover.",angled,,mode,,,,,leaf phase: juvenile,Results I(a)(3) p.347,2,"Candidate trait, not in config/traits.yml (checked 2026-10). Plates inclined to the leaf surface (prose only; Appendix I does not mention orientation for this taxon)."
Eucalyptus megacornuta,species,,,,,,,field,leaf_wax_plate_orientation,This is very similar to the plate wax of the mature leaves of E. megacornuta (series Cornutae) [plates often oriented at an angle to the surface],angled,,mode,,,,,leaf phase: adult,Results I(a)(3) p.347,2,"Candidate trait, not in config/traits.yml (checked 2026-10). Plates inclined to the leaf surface (prose only; Appendix I does not mention orientation for this taxon)."
Eucalyptus radiata,species,,,,,,,field,leaf_wax_plate_orientation,"The peppermints E. radiata, E. robertsonii, and E. amygdalina all have sinuate to crenate plates presented at an angle to the leaf surface, forming an almost complete cover.",angled,,mode,,,,,,Results I(a)(v) p.358,2,"Candidate trait, not in config/traits.yml (checked 2026-10). Plates inclined to the leaf surface (prose only; Appendix I does not mention orientation for this taxon)."
Eucalyptus robertsonii,species,,,,,,,field,leaf_wax_plate_orientation,"The peppermints E. radiata, E. robertsonii, and E. amygdalina all have sinuate to crenate plates presented at an angle to the leaf surface, forming an almost complete cover.",angled,,mode,,,,,,Results I(a)(v) p.358,2,"Candidate trait, not in config/traits.yml (checked 2026-10). Plates inclined to the leaf surface (prose only; Appendix I does not mention orientation for this taxon)."
Eucalyptus amygdalina,species,,,,,,,field,leaf_wax_plate_orientation,"The peppermints E. radiata, E. robertsonii, and E. amygdalina all have sinuate to crenate plates presented at an angle to the leaf surface, forming an almost complete cover.",angled,,mode,,,,,,Results I(a)(v) p.358,2,"Candidate trait, not in config/traits.yml (checked 2026-10). Plates inclined to the leaf surface (prose only; Appendix I does not mention orientation for this taxon)."
Eucalyptus polyanthemos,species,,,,,,,field,leaf_wax_plate_orientation,"those of E. polyanthemos were the most complex, being crenately edged, presented at varying angles to the surface, and arranged in stellate aggregations",angled,,mode,,,,,,Results I(a)(vii) p.361,2,"Candidate trait, not in config/traits.yml (checked 2026-10). Candidate trait, not in config/traits.yml (checked 2026-10). Appendix I gives 'placed edgewise' for this species."
Eucalyptus polyanthemos,species,,,,,,,field,stem_epicuticular_wax_crystal_form,"This is one of the few species with tube wax on the midrib, petiole, and young stems. The tubes are long, thin, and branch rarely.",tubes,,mode,,,,,,Results I(a)(vii) p.361; Appendix I p.384,2,"Candidate trait, not in config/traits.yml (checked 2026-10). Wax on young stems (not leaves)."
Eucalyptus sepulcralis,species,,,,,,,field,stem_epicuticular_wax_crystal_form,The same wax type and distribution is present on the stems of E. sepulcralis,tubes,,mode,,,,,,Results I(a)(vii) p.361; II(b) p.367,2,"Candidate trait, not in config/traits.yml (checked 2026-10). Wax on young stems (not leaves)."
Eucalyptus coccifera,species,,,,,,,field,stem_epicuticular_wax_crystal_form,"E. coccifera, E. alba, and E. sepulcralis all have plate wax on their leaves and all except E. alba have tube wax on their stems.",tubes,,mode,,,,,,Results II(b) p.367,2,"Candidate trait, not in config/traits.yml (checked 2026-10). Wax on young stems (not leaves)."
Eucalyptus alba,species,,,,,,,field,stem_epicuticular_wax_crystal_form,"E. coccifera, E. alba, and E. sepulcralis all have plate wax on their leaves and all except E. alba have tube wax on their stems.",no_tubes,,mode,,,,,,Results II(b) p.367,2,"Candidate trait, not in config/traits.yml (checked 2026-10). Wax on young stems (not leaves). Stated only as lacking stem tube wax."
Eucalyptus cinerea,species,,,,,,,field,leaf_glaucousness_juvenile_leaves,(1) Those which have both glaucous juvenile and mature leaves even though the leaf morphology may be different,glaucous,glaucous,mode,,,,,,Methods (d) p.338,2,Named as an example of this glaucousness group.
Eucalyptus cinerea,species,,,,,,,field,leaf_glaucousness,(1) Those which have both glaucous juvenile and mature leaves even though the leaf morphology may be different,glaucous,glaucous,mode,,,,,,Methods (d) p.338,2,Named as an example of this glaucousness group.
Eucalyptus cephalocarpa,species,,,,,,,field,leaf_glaucousness_juvenile_leaves,(1) Those which have both glaucous juvenile and mature leaves even though the leaf morphology may be different,glaucous,glaucous,mode,,,,,,Methods (d) p.338,2,Named as an example of this glaucousness group.
Eucalyptus cephalocarpa,species,,,,,,,field,leaf_glaucousness,(1) Those which have both glaucous juvenile and mature leaves even though the leaf morphology may be different,glaucous,glaucous,mode,,,,,,Methods (d) p.338,2,Named as an example of this glaucousness group.
Eucalyptus polyanthemos,species,,,,,,,field,leaf_glaucousness_juvenile_leaves,(1) Those which have both glaucous juvenile and mature leaves even though the leaf morphology may be different,glaucous,glaucous,mode,,,,,,Methods (d) p.338,2,Named as an example of this glaucousness group.
Eucalyptus polyanthemos,species,,,,,,,field,leaf_glaucousness,(1) Those which have both glaucous juvenile and mature leaves even though the leaf morphology may be different,glaucous,glaucous,mode,,,,,,Methods (d) p.338,2,Named as an example of this glaucousness group.
Eucalyptus globulus,species,,,,,,,field,leaf_glaucousness_juvenile_leaves,(2) Those which have glaucous juvenile leaves and morphologically different non-glaucous mature leaves,glaucous,glaucous,mode,,,,,,Methods (d) p.338,2,Named as an example of this glaucousness group.
Eucalyptus globulus,species,,,,,,,field,leaf_glaucousness,(2) Those which have glaucous juvenile leaves and morphologically different non-glaucous mature leaves,non_glaucous,not_glaucous,mode,,,,,,Methods (d) p.338,2,Named as an example of this glaucousness group.
Eucalyptus nitens,species,,,,,,,field,leaf_glaucousness_juvenile_leaves,(2) Those which have glaucous juvenile leaves and morphologically different non-glaucous mature leaves,glaucous,glaucous,mode,,,,,,Methods (d) p.338,2,Named as an example of this glaucousness group.
Eucalyptus nitens,species,,,,,,,field,leaf_glaucousness,(2) Those which have glaucous juvenile leaves and morphologically different non-glaucous mature leaves,non_glaucous,not_glaucous,mode,,,,,,Methods (d) p.338,2,Named as an example of this glaucousness group.
Eucalyptus regnans,species,,,,,,,field,leaf_glaucousness_juvenile_leaves,(3) Those which have non-glaucous leaves in both juvenile and mature stages,non_glaucous,not_glaucous,mode,,,,,,Methods (d) p.338,2,Named as an example of this glaucousness group.
Eucalyptus regnans,species,,,,,,,field,leaf_glaucousness,(3) Those which have non-glaucous leaves in both juvenile and mature stages,non_glaucous,not_glaucous,mode,,,,,,Methods (d) p.338,2,Named as an example of this glaucousness group.
Eucalyptus obliqua,species,,,,,,,field,leaf_glaucousness_juvenile_leaves,(3) Those which have non-glaucous leaves in both juvenile and mature stages,non_glaucous,not_glaucous,mode,,,,,,Methods (d) p.338,2,Named as an example of this glaucousness group.
Eucalyptus obliqua,species,,,,,,,field,leaf_glaucousness,(3) Those which have non-glaucous leaves in both juvenile and mature stages,non_glaucous,not_glaucous,mode,,,,,,Methods (d) p.338,2,Named as an example of this glaucousness group.
Eucalyptus fastigata,species,,,,,,,field,leaf_glaucousness_juvenile_leaves,(3) Those which have non-glaucous leaves in both juvenile and mature stages,non_glaucous,not_glaucous,mode,,,,,,Methods (d) p.338,2,Named as an example of this glaucousness group.
Eucalyptus fastigata,species,,,,,,,field,leaf_glaucousness,(3) Those which have non-glaucous leaves in both juvenile and mature stages,non_glaucous,not_glaucous,mode,,,,,,Methods (d) p.338,2,Named as an example of this glaucousness group.
Eucalyptus kitsoniana,species,,,,,,,field,leaf_glaucousness,"Another, non-glaucous species in series Semiunicolores, E. kitsoniana, has a plate wax",non_glaucous,not_glaucous,mode,,,,,,Results I(a)(9) p.355,2,Leaf phase not specified.
Eucalyptus muellerana,species,,,,,,,field,leaf_glaucousness,"some of the non-glaucous species of the Renantherae Normales, viz. E. muellerana, E. macrorhyncha, E. regnans, and E. dives",non_glaucous,not_glaucous,mode,,,,,,Results II(b) p.367,2,Leaf phase not specified.
Eucalyptus macrorhyncha,species,,,,,,,field,leaf_glaucousness,"some of the non-glaucous species of the Renantherae Normales, viz. E. muellerana, E. macrorhyncha, E. regnans, and E. dives",non_glaucous,not_glaucous,mode,,,,,,Results II(b) p.367,2,Leaf phase not specified.
Eucalyptus dives,species,,,,,,,field,leaf_glaucousness,"some of the non-glaucous species of the Renantherae Normales, viz. E. muellerana, E. macrorhyncha, E. regnans, and E. dives",non_glaucous,not_glaucous,mode,,,,,,Results II(b) p.367,2,Leaf phase not specified.
Eucalyptus globulus,species,,,,,,,field,leaf_wax_beta_diketone_uv_absorbance,158,,158,raw,dimensionless,,,,leaf phase: juvenile,Results II(b) p.368,2,"Candidate trait, not in config/traits.yml (checked 2026-10). Specific absorbance E(1 cm, 1%) of leaf wax in hexane at lambda max 273 nm (beta-diketone absorption), from UV spectra; illustrates decreasing beta-diketone content with leaf maturity while tube morphology stays constant."
Eucalyptus globulus,species,,,,,,,field,leaf_wax_beta_diketone_uv_absorbance,143,,143,raw,dimensionless,,,,leaf phase: intermediate,Results II(b) p.368,2,"Candidate trait, not in config/traits.yml (checked 2026-10). Specific absorbance E(1 cm, 1%) of leaf wax in hexane at lambda max 273 nm (beta-diketone absorption), from UV spectra; illustrates decreasing beta-diketone content with leaf maturity while tube morphology stays constant."
Eucalyptus globulus,species,,,,,,,field,leaf_wax_beta_diketone_uv_absorbance,32,,32,raw,dimensionless,,,,leaf phase: adult,Results II(b) p.368,2,"Candidate trait, not in config/traits.yml (checked 2026-10). Specific absorbance E(1 cm, 1%) of leaf wax in hexane at lambda max 273 nm (beta-diketone absorption), from UV spectra; illustrates decreasing beta-diketone content with leaf maturity while tube morphology stays constant."
Eucalyptus tessellaris,species,,,,,,,field,leaf_wax_plate_edge,+ crenate; + digitate,crenate digitate,,mode,,,,,,Table 2 p.348,3,"Candidate trait, not in config/traits.yml (checked 2026-10). Table 2 marks '+' in each applicable column; most species are ticked under both 'complete' and 'open', probably meaning 'almost complete' -- duplicates Appendix I, retained for audit."
Eucalyptus tessellaris,species,,,,,,,field,leaf_wax_plate_orientation,+ on edge,edgewise,,mode,,,,,,Table 2 p.348,3,"Candidate trait, not in config/traits.yml (checked 2026-10). Table 2 marks '+' in each applicable column; most species are ticked under both 'complete' and 'open', probably meaning 'almost complete' -- duplicates Appendix I, retained for audit."
Eucalyptus tessellaris,species,,,,,,,field,leaf_epicuticular_wax_density,+ complete; + open,complete open,high open,mode,,,,,,Table 2 p.348,3,"Table 2 marks '+' in each applicable column; most species are ticked under both 'complete' and 'open', probably meaning 'almost complete' -- duplicates Appendix I, retained for audit."
Eucalyptus papuana,species,,,,,,,field,leaf_wax_plate_edge,+ crenate; + digitate,crenate digitate,,mode,,,,,,Table 2 p.348,3,"Candidate trait, not in config/traits.yml (checked 2026-10). Table 2 marks '+' in each applicable column; most species are ticked under both 'complete' and 'open', probably meaning 'almost complete' -- duplicates Appendix I, retained for audit."
Eucalyptus papuana,species,,,,,,,field,leaf_epicuticular_wax_density,+ complete; + open,complete open,high open,mode,,,,,,Table 2 p.348,3,"Table 2 marks '+' in each applicable column; most species are ticked under both 'complete' and 'open', probably meaning 'almost complete' -- duplicates Appendix I, retained for audit."
Eucalyptus clavigera,species,,,,,,,field,leaf_wax_plate_edge,+ crenate; + digitate,crenate digitate,,mode,,,,,,Table 2 p.348,3,"Candidate trait, not in config/traits.yml (checked 2026-10). Table 2 marks '+' in each applicable column; most species are ticked under both 'complete' and 'open', probably meaning 'almost complete' -- duplicates Appendix I, retained for audit."
Eucalyptus clavigera,species,,,,,,,field,leaf_epicuticular_wax_density,+ complete; + open,complete open,high open,mode,,,,,,Table 2 p.348,3,"Table 2 marks '+' in each applicable column; most species are ticked under both 'complete' and 'open', probably meaning 'almost complete' -- duplicates Appendix I, retained for audit."
Eucalyptus clavigera x papuana,species,,,,,,,field,leaf_wax_plate_edge,+ crenate; + digitate,crenate digitate,,mode,,,,,,Table 2 p.348,3,"Candidate trait, not in config/traits.yml (checked 2026-10). Table 2 marks '+' in each applicable column; most species are ticked under both 'complete' and 'open', probably meaning 'almost complete' -- duplicates Appendix I, retained for audit."
Eucalyptus clavigera x papuana,species,,,,,,,field,leaf_epicuticular_wax_density,+ complete; + open,complete open,high open,mode,,,,,,Table 2 p.348,3,"Table 2 marks '+' in each applicable column; most species are ticked under both 'complete' and 'open', probably meaning 'almost complete' -- duplicates Appendix I, retained for audit."
Eucalyptus grandifolia,species,,,,,,,field,leaf_wax_plate_edge,+ crenate; + digitate,crenate digitate,,mode,,,,,,Table 2 p.348,3,"Candidate trait, not in config/traits.yml (checked 2026-10). Table 2 marks '+' in each applicable column; most species are ticked under both 'complete' and 'open', probably meaning 'almost complete' -- duplicates Appendix I, retained for audit."
Eucalyptus grandifolia,species,,,,,,,field,leaf_wax_plate_orientation,+ on edge,edgewise,,mode,,,,,,Table 2 p.348,3,"Candidate trait, not in config/traits.yml (checked 2026-10). Table 2 marks '+' in each applicable column; most species are ticked under both 'complete' and 'open', probably meaning 'almost complete' -- duplicates Appendix I, retained for audit."
Eucalyptus grandifolia,species,,,,,,,field,leaf_epicuticular_wax_density,+ complete; + open,complete open,high open,mode,,,,,,Table 2 p.348,3,"Table 2 marks '+' in each applicable column; most species are ticked under both 'complete' and 'open', probably meaning 'almost complete' -- duplicates Appendix I, retained for audit."
Eucalyptus aspera,species,,,,,,,field,leaf_wax_plate_edge,+ crenate; + digitate,crenate digitate,,mode,,,,,,Table 2 p.348,3,"Candidate trait, not in config/traits.yml (checked 2026-10). Table 2 marks '+' in each applicable column; most species are ticked under both 'complete' and 'open', probably meaning 'almost complete' -- duplicates Appendix I, retained for audit."
Eucalyptus aspera,species,,,,,,,field,leaf_epicuticular_wax_density,+ complete; + open,complete open,high open,mode,,,,,,Table 2 p.348,3,"Table 2 marks '+' in each applicable column; most species are ticked under both 'complete' and 'open', probably meaning 'almost complete' -- duplicates Appendix I, retained for audit."
Eucalyptus setosa,species,,,,,,,field,leaf_wax_plate_edge,+ crenate; + digitate,crenate digitate,,mode,,,,,,Table 2 p.348,3,"Candidate trait, not in config/traits.yml (checked 2026-10). Table 2 marks '+' in each applicable column; most species are ticked under both 'complete' and 'open', probably meaning 'almost complete' -- duplicates Appendix I, retained for audit."
Eucalyptus setosa,species,,,,,,,field,leaf_epicuticular_wax_density,+ complete; + open,complete open,high open,mode,,,,,,Table 2 p.348,3,"Table 2 marks '+' in each applicable column; most species are ticked under both 'complete' and 'open', probably meaning 'almost complete' -- duplicates Appendix I, retained for audit."
Eucalyptus ferruginea,species,,,,,,,field,leaf_wax_plate_edge,+ crenate; + digitate,crenate digitate,,mode,,,,,,Table 2 p.348,3,"Candidate trait, not in config/traits.yml (checked 2026-10). Table 2 marks '+' in each applicable column; most species are ticked under both 'complete' and 'open', probably meaning 'almost complete' -- duplicates Appendix I, retained for audit."
Eucalyptus ferruginea,species,,,,,,,field,leaf_epicuticular_wax_density,+ complete; + open,complete open,high open,mode,,,,,,Table 2 p.348,3,"Table 2 marks '+' in each applicable column; most species are ticked under both 'complete' and 'open', probably meaning 'almost complete' -- duplicates Appendix I, retained for audit."
Eucalyptus abbreviata,species,,,,,,,field,leaf_wax_plate_edge,+ crenate; + digitate,crenate digitate,,mode,,,,,,Table 2 p.348,3,"Candidate trait, not in config/traits.yml (checked 2026-10). Table 2 marks '+' in each applicable column; most species are ticked under both 'complete' and 'open', probably meaning 'almost complete' -- duplicates Appendix I, retained for audit."
Eucalyptus abbreviata,species,,,,,,,field,leaf_epicuticular_wax_density,+ complete; + open,complete open,high open,mode,,,,,,Table 2 p.348,3,"Table 2 marks '+' in each applicable column; most species are ticked under both 'complete' and 'open', probably meaning 'almost complete' -- duplicates Appendix I, retained for audit."
Eucalyptus zygophylla,species,,,,,,,field,leaf_wax_plate_edge,+ crenate; + digitate,crenate digitate,,mode,,,,,,Table 2 p.348,3,"Candidate trait, not in config/traits.yml (checked 2026-10). Table 2 marks '+' in each applicable column; most species are ticked under both 'complete' and 'open', probably meaning 'almost complete' -- duplicates Appendix I, retained for audit."
Eucalyptus zygophylla,species,,,,,,,field,leaf_epicuticular_wax_density,+ complete; + open,complete open,high open,mode,,,,,,Table 2 p.348,3,"Table 2 marks '+' in each applicable column; most species are ticked under both 'complete' and 'open', probably meaning 'almost complete' -- duplicates Appendix I, retained for audit."
Eucalyptus dichromophloia,species,,,,,,,field,leaf_wax_plate_edge,+ crenate; + digitate,crenate digitate,,mode,,,,,,Table 2 p.348,3,"Candidate trait, not in config/traits.yml (checked 2026-10). Table 2 marks '+' in each applicable column; most species are ticked under both 'complete' and 'open', probably meaning 'almost complete' -- duplicates Appendix I, retained for audit."
Eucalyptus dichromophloia,species,,,,,,,field,leaf_epicuticular_wax_density,+ complete; + open,complete open,high open,mode,,,,,,Table 2 p.348,3,"Table 2 marks '+' in each applicable column; most species are ticked under both 'complete' and 'open', probably meaning 'almost complete' -- duplicates Appendix I, retained for audit."
Eucalyptus polycarpa,species,,,,,,,field,leaf_wax_plate_edge,+ crenate; + digitate,crenate digitate,,mode,,,,,,Table 2 p.348,3,"Candidate trait, not in config/traits.yml (checked 2026-10). Table 2 marks '+' in each applicable column; most species are ticked under both 'complete' and 'open', probably meaning 'almost complete' -- duplicates Appendix I, retained for audit."
Eucalyptus polycarpa,species,,,,,,,field,leaf_epicuticular_wax_density,+ complete; + open,complete open,high open,mode,,,,,,Table 2 p.348,3,"Table 2 marks '+' in each applicable column; most species are ticked under both 'complete' and 'open', probably meaning 'almost complete' -- duplicates Appendix I, retained for audit."
Eucalyptus foelscheana,species,,,,,,,field,leaf_wax_plate_edge,+ crenate; + digitate,crenate digitate,,mode,,,,,,Table 2 p.348,3,"Candidate trait, not in config/traits.yml (checked 2026-10). Table 2 marks '+' in each applicable column; most species are ticked under both 'complete' and 'open', probably meaning 'almost complete' -- duplicates Appendix I, retained for audit."
Eucalyptus foelscheana,species,,,,,,,field,leaf_epicuticular_wax_density,+ complete; + open,complete open,high open,mode,,,,,,Table 2 p.348,3,"Table 2 marks '+' in each applicable column; most species are ticked under both 'complete' and 'open', probably meaning 'almost complete' -- duplicates Appendix I, retained for audit."
Eucalyptus ptychocarpa,species,,,,,,,field,leaf_wax_plate_edge,+ crenate; + digitate,crenate digitate,,mode,,,,,,Table 2 p.348,3,"Candidate trait, not in config/traits.yml (checked 2026-10). Table 2 marks '+' in each applicable column; most species are ticked under both 'complete' and 'open', probably meaning 'almost complete' -- duplicates Appendix I, retained for audit."
Eucalyptus ptychocarpa,species,,,,,,,field,leaf_epicuticular_wax_density,+ complete; + open,complete open,high open,mode,,,,,,Table 2 p.348,3,"Table 2 marks '+' in each applicable column; most species are ticked under both 'complete' and 'open', probably meaning 'almost complete' -- duplicates Appendix I, retained for audit."
Eucalyptus calophylla,species,,,,,,,field,leaf_wax_plate_edge,+ crenate; + digitate,crenate digitate,,mode,,,,,,Table 2 p.348,3,"Candidate trait, not in config/traits.yml (checked 2026-10). Table 2 marks '+' in each applicable column; most species are ticked under both 'complete' and 'open', probably meaning 'almost complete' -- duplicates Appendix I, retained for audit."
Eucalyptus calophylla,species,,,,,,,field,leaf_epicuticular_wax_density,+ complete; + open,complete open,high open,mode,,,,,,Table 2 p.348,3,"Table 2 marks '+' in each applicable column; most species are ticked under both 'complete' and 'open', probably meaning 'almost complete' -- duplicates Appendix I, retained for audit."
Eucalyptus ficifolia,species,,,,,,,field,leaf_wax_plate_edge,+ crenate; + digitate,crenate digitate,,mode,,,,,,Table 2 p.348,3,"Candidate trait, not in config/traits.yml (checked 2026-10). Table 2 marks '+' in each applicable column; most species are ticked under both 'complete' and 'open', probably meaning 'almost complete' -- duplicates Appendix I, retained for audit."
Eucalyptus ficifolia,species,,,,,,,field,leaf_epicuticular_wax_density,+ complete; + open,complete open,high open,mode,,,,,,Table 2 p.348,3,"Table 2 marks '+' in each applicable column; most species are ticked under both 'complete' and 'open', probably meaning 'almost complete' -- duplicates Appendix I, retained for audit."
Eucalyptus trachyphloia,species,,,,,,,field,leaf_wax_plate_edge,+ crenate,crenate,,mode,,,,,,Table 2 p.348,3,"Candidate trait, not in config/traits.yml (checked 2026-10). Table 2 marks '+' in each applicable column; most species are ticked under both 'complete' and 'open', probably meaning 'almost complete' -- duplicates Appendix I, retained for audit."
Eucalyptus trachyphloia,species,,,,,,,field,leaf_wax_plate_orientation,+ on edge,edgewise,,mode,,,,,,Table 2 p.348,3,"Candidate trait, not in config/traits.yml (checked 2026-10). Table 2 marks '+' in each applicable column; most species are ticked under both 'complete' and 'open', probably meaning 'almost complete' -- duplicates Appendix I, retained for audit."
Eucalyptus trachyphloia,species,,,,,,,field,leaf_epicuticular_wax_density,+ complete; + open,complete open,high open,mode,,,,,,Table 2 p.348,3,"Table 2 marks '+' in each applicable column; most species are ticked under both 'complete' and 'open', probably meaning 'almost complete' -- duplicates Appendix I, retained for audit."
Eucalyptus cliftoniana,species,,,,,,,field,leaf_wax_plate_edge,+ crenate,crenate,,mode,,,,,,Table 2 p.348,3,"Candidate trait, not in config/traits.yml (checked 2026-10). Table 2 marks '+' in each applicable column; most species are ticked under both 'complete' and 'open', probably meaning 'almost complete' -- duplicates Appendix I, retained for audit."
Eucalyptus cliftoniana,species,,,,,,,field,leaf_epicuticular_wax_density,+ complete; + open,complete open,high open,mode,,,,,,Table 2 p.348,3,"Table 2 marks '+' in each applicable column; most species are ticked under both 'complete' and 'open', probably meaning 'almost complete' -- duplicates Appendix I, retained for audit."
Eucalyptus eximia,species,,,,,,,field,leaf_wax_plate_edge,+ crenate,crenate,,mode,,,,,,Table 2 p.348,3,"Candidate trait, not in config/traits.yml (checked 2026-10). Table 2 marks '+' in each applicable column; most species are ticked under both 'complete' and 'open', probably meaning 'almost complete' -- duplicates Appendix I, retained for audit. Printed 'E. eximea'."
Eucalyptus eximia,species,,,,,,,field,leaf_wax_plate_orientation,+ on edge,edgewise,,mode,,,,,,Table 2 p.348,3,"Candidate trait, not in config/traits.yml (checked 2026-10). Table 2 marks '+' in each applicable column; most species are ticked under both 'complete' and 'open', probably meaning 'almost complete' -- duplicates Appendix I, retained for audit. Printed 'E. eximea'."
Eucalyptus eximia,species,,,,,,,field,leaf_epicuticular_wax_density,+ complete; + open,complete open,high open,mode,,,,,,Table 2 p.348,3,"Table 2 marks '+' in each applicable column; most species are ticked under both 'complete' and 'open', probably meaning 'almost complete' -- duplicates Appendix I, retained for audit. Printed 'E. eximea'."
Eucalyptus watsoniana,species,,,,,,,field,leaf_wax_plate_edge,+ crenate,crenate,,mode,,,,,,Table 2 p.348,3,"Candidate trait, not in config/traits.yml (checked 2026-10). Table 2 marks '+' in each applicable column; most species are ticked under both 'complete' and 'open', probably meaning 'almost complete' -- duplicates Appendix I, retained for audit."
Eucalyptus watsoniana,species,,,,,,,field,leaf_wax_plate_orientation,+ on edge,edgewise,,mode,,,,,,Table 2 p.348,3,"Candidate trait, not in config/traits.yml (checked 2026-10). Table 2 marks '+' in each applicable column; most species are ticked under both 'complete' and 'open', probably meaning 'almost complete' -- duplicates Appendix I, retained for audit."
Eucalyptus watsoniana,species,,,,,,,field,leaf_epicuticular_wax_density,+ complete; + open,complete open,high open,mode,,,,,,Table 2 p.348,3,"Table 2 marks '+' in each applicable column; most species are ticked under both 'complete' and 'open', probably meaning 'almost complete' -- duplicates Appendix I, retained for audit."
Eucalyptus citriodora,species,,,,,,,field,leaf_wax_plate_edge,+ crenate,crenate,,mode,,,,,,Table 2 p.348,3,"Candidate trait, not in config/traits.yml (checked 2026-10). Table 2 marks '+' in each applicable column; most species are ticked under both 'complete' and 'open', probably meaning 'almost complete' -- duplicates Appendix I, retained for audit."
Eucalyptus citriodora,species,,,,,,,field,leaf_epicuticular_wax_density,+ complete; + open,complete open,high open,mode,,,,,,Table 2 p.348,3,"Table 2 marks '+' in each applicable column; most species are ticked under both 'complete' and 'open', probably meaning 'almost complete' -- duplicates Appendix I, retained for audit."
Eucalyptus jacobsiana,species,,,,,,,field,leaf_wax_plate_edge,+ entire; + sinuate; + crenate,entire sinuate crenate,,mode,,,,,,Table 2 p.348,3,"Candidate trait, not in config/traits.yml (checked 2026-10). Table 2 marks '+' in each applicable column; most species are ticked under both 'complete' and 'open', probably meaning 'almost complete' -- duplicates Appendix I, retained for audit."
Eucalyptus jacobsiana,species,,,,,,,field,leaf_epicuticular_wax_density,+ complete; + open,complete open,high open,mode,,,,,,Table 2 p.348,3,"Table 2 marks '+' in each applicable column; most species are ticked under both 'complete' and 'open', probably meaning 'almost complete' -- duplicates Appendix I, retained for audit."
Eucalyptus maculata,species,,,,,,,field,leaf_wax_plate_edge,+ sinuate,sinuate,,mode,,,,,,Table 2 p.348,3,"Candidate trait, not in config/traits.yml (checked 2026-10). Table 2 marks '+' in each applicable column; most species are ticked under both 'complete' and 'open', probably meaning 'almost complete' -- duplicates Appendix I, retained for audit."
Eucalyptus maculata,species,,,,,,,field,leaf_epicuticular_wax_density,+ open; + sparse,open sparse,open low,mode,,,,,,Table 2 p.348,3,"Table 2 marks '+' in each applicable column; most species are ticked under both 'complete' and 'open', probably meaning 'almost complete' -- duplicates Appendix I, retained for audit."
Eucalyptus terminalis,species,,,,,,,field,leaf_wax_plate_edge,+ entire,entire,,mode,,,,,,Table 2 p.348,3,"Candidate trait, not in config/traits.yml (checked 2026-10). Table 2 marks '+' in each applicable column; most species are ticked under both 'complete' and 'open', probably meaning 'almost complete' -- duplicates Appendix I, retained for audit."
Eucalyptus terminalis,species,,,,,,,field,leaf_epicuticular_wax_density,+ open; + sparse,open sparse,open low,mode,,,,,,Table 2 p.348,3,"Table 2 marks '+' in each applicable column; most species are ticked under both 'complete' and 'open', probably meaning 'almost complete' -- duplicates Appendix I, retained for audit."
Eucalyptus intermedia,species,,,,,,,field,leaf_wax_plate_edge,+ entire,entire,,mode,,,,,,Table 2 p.348,3,"Candidate trait, not in config/traits.yml (checked 2026-10). Table 2 marks '+' in each applicable column; most species are ticked under both 'complete' and 'open', probably meaning 'almost complete' -- duplicates Appendix I, retained for audit."
Eucalyptus intermedia,species,,,,,,,field,leaf_epicuticular_wax_density,+ open; + sparse,open sparse,open low,mode,,,,,,Table 2 p.348,3,"Table 2 marks '+' in each applicable column; most species are ticked under both 'complete' and 'open', probably meaning 'almost complete' -- duplicates Appendix I, retained for audit."
Eucalyptus gummifera,species,,,,,,,field,leaf_wax_plate_edge,+ entire,entire,,mode,,,,,,Table 2 p.348,3,"Candidate trait, not in config/traits.yml (checked 2026-10). Table 2 marks '+' in each applicable column; most species are ticked under both 'complete' and 'open', probably meaning 'almost complete' -- duplicates Appendix I, retained for audit."
Eucalyptus gummifera,species,,,,,,,field,leaf_epicuticular_wax_density,+ open; + sparse,open sparse,open low,mode,,,,,,Table 2 p.348,3,"Table 2 marks '+' in each applicable column; most species are ticked under both 'complete' and 'open', probably meaning 'almost complete' -- duplicates Appendix I, retained for audit."
Eucalyptus nesophila,species,,,,,,,field,leaf_wax_plate_edge,+ entire,entire,,mode,,,,,,Table 2 p.348,3,"Candidate trait, not in config/traits.yml (checked 2026-10). Table 2 marks '+' in each applicable column; most species are ticked under both 'complete' and 'open', probably meaning 'almost complete' -- duplicates Appendix I, retained for audit."
Eucalyptus nesophila,species,,,,,,,field,leaf_epicuticular_wax_density,+ open; + sparse,open sparse,open low,mode,,,,,,Table 2 p.348,3,"Table 2 marks '+' in each applicable column; most species are ticked under both 'complete' and 'open', probably meaning 'almost complete' -- duplicates Appendix I, retained for audit."
Eucalyptus bleeseri,species,,,,,,,field,leaf_wax_plate_edge,+ entire,entire,,mode,,,,,,Table 2 p.348,3,"Candidate trait, not in config/traits.yml (checked 2026-10). Table 2 marks '+' in each applicable column; most species are ticked under both 'complete' and 'open', probably meaning 'almost complete' -- duplicates Appendix I, retained for audit."
Eucalyptus bleeseri,species,,,,,,,field,leaf_epicuticular_wax_density,+ open; + sparse,open sparse,open low,mode,,,,,,Table 2 p.348,3,"Table 2 marks '+' in each applicable column; most species are ticked under both 'complete' and 'open', probably meaning 'almost complete' -- duplicates Appendix I, retained for audit."
Eucalyptus abergiana,species,,,,,,,field,leaf_wax_plate_edge,+ sinuate,sinuate,,mode,,,,,,Table 2 p.348,3,"Candidate trait, not in config/traits.yml (checked 2026-10). Table 2 marks '+' in each applicable column; most species are ticked under both 'complete' and 'open', probably meaning 'almost complete' -- duplicates Appendix I, retained for audit."
Eucalyptus abergiana,species,,,,,,,field,leaf_epicuticular_wax_density,+ complete; + open,complete open,high open,mode,,,,,,Table 2 p.348,3,"Table 2 marks '+' in each applicable column; most species are ticked under both 'complete' and 'open', probably meaning 'almost complete' -- duplicates Appendix I, retained for audit."
Eucalyptus porrecta,species,,,,,,,field,leaf_wax_plate_edge,+ entire,entire,,mode,,,,,,Table 2 p.348,3,"Candidate trait, not in config/traits.yml (checked 2026-10). Table 2 marks '+' in each applicable column; most species are ticked under both 'complete' and 'open', probably meaning 'almost complete' -- duplicates Appendix I, retained for audit."
Eucalyptus porrecta,species,,,,,,,field,leaf_epicuticular_wax_density,+ open; + sparse,open sparse,open low,mode,,,,,,Table 2 p.348,3,"Table 2 marks '+' in each applicable column; most species are ticked under both 'complete' and 'open', probably meaning 'almost complete' -- duplicates Appendix I, retained for audit."
Eucalyptus latifolia,species,,,,,,,field,leaf_wax_plate_edge,+ crenate; + digitate,crenate digitate,,mode,,,,,,Table 2 p.348,3,"Candidate trait, not in config/traits.yml (checked 2026-10). Table 2 marks '+' in each applicable column; most species are ticked under both 'complete' and 'open', probably meaning 'almost complete' -- duplicates Appendix I, retained for audit."
Eucalyptus latifolia,species,,,,,,,field,leaf_epicuticular_wax_density,+ open; + sparse,open sparse,open low,mode,,,,,,Table 2 p.348,3,"Table 2 marks '+' in each applicable column; most species are ticked under both 'complete' and 'open', probably meaning 'almost complete' -- duplicates Appendix I, retained for audit."
Eucalyptus erythrocorys,species,,,,,,,field,leaf_epicuticular_wax_crystal_form,T,tubes,tubes,mode,,,,,,Table 4 p.366,3,"Wax type column of Table 4 (T, tube; P, plate) for the leaf wax sample analysed chemically; duplicates Appendix I."
Eucalyptus erythrocorys,species,,,,,,,field,leaf_wax_esters,+,present,,mode,,,,,,Table 4 p.366,3,"Candidate trait, not in config/traits.yml (checked 2026-10). Infrared absorption peak, Table 4 column 'Esters (1733 cm-1)': + present, - absent, tr trace. Leaf wax (leaves only, petioles and stems excluded) extracted by refluxing in petroleum ether 1 hr, recrystallised from acetone; 4% solution in CCl4 or KCl disc."
Eucalyptus erythrocorys,species,,,,,,,field,leaf_wax_beta_diketones,+,present,,mode,,,,,,Table 4 p.366,3,"Candidate trait, not in config/traits.yml (checked 2026-10). Infrared absorption peak, Table 4 column 'Diketone (1607 cm-1)': + present, - absent, tr trace. Leaf wax (leaves only, petioles and stems excluded) extracted by refluxing in petroleum ether 1 hr, recrystallised from acetone; 4% solution in CCl4 or KCl disc."
Eucalyptus erythrocorys,species,,,,,,,field,leaf_wax_flavonoids,+,present,,mode,,,,,,Table 4 p.366,3,"Candidate trait, not in config/traits.yml (checked 2026-10). Infrared absorption peak, Table 4 column 'Flavonoids (1515 cm-1)': + present, - absent, tr trace. Leaf wax (leaves only, petioles and stems excluded) extracted by refluxing in petroleum ether 1 hr, recrystallised from acetone; 4% solution in CCl4 or KCl disc."
Eucalyptus erythrocorys,species,,,,,,,field,leaf_wax_hydroxyl_groups,+,present,,mode,,,,,,Table 4 p.366,3,"Candidate trait, not in config/traits.yml (checked 2026-10). Infrared absorption peak, Table 4 column 'Hydroxyl Bonds (3650 cm-1)': + present, - absent, tr trace. Leaf wax (leaves only, petioles and stems excluded) extracted by refluxing in petroleum ether 1 hr, recrystallised from acetone; 4% solution in CCl4 or KCl disc."
Eucalyptus tetragona,species,,,,,,,field,leaf_epicuticular_wax_crystal_form,T,tubes,tubes,mode,,,,,,Table 4 p.366,3,"Wax type column of Table 4 (T, tube; P, plate) for the leaf wax sample analysed chemically; duplicates Appendix I."
Eucalyptus tetragona,species,,,,,,,field,leaf_wax_esters,+,present,,mode,,,,,,Table 4 p.366,3,"Candidate trait, not in config/traits.yml (checked 2026-10). Infrared absorption peak, Table 4 column 'Esters (1733 cm-1)': + present, - absent, tr trace. Leaf wax (leaves only, petioles and stems excluded) extracted by refluxing in petroleum ether 1 hr, recrystallised from acetone; 4% solution in CCl4 or KCl disc."
Eucalyptus tetragona,species,,,,,,,field,leaf_wax_beta_diketones,+,present,,mode,,,,,,Table 4 p.366,3,"Candidate trait, not in config/traits.yml (checked 2026-10). Infrared absorption peak, Table 4 column 'Diketone (1607 cm-1)': + present, - absent, tr trace. Leaf wax (leaves only, petioles and stems excluded) extracted by refluxing in petroleum ether 1 hr, recrystallised from acetone; 4% solution in CCl4 or KCl disc."
Eucalyptus tetragona,species,,,,,,,field,leaf_wax_flavonoids,+,present,,mode,,,,,,Table 4 p.366,3,"Candidate trait, not in config/traits.yml (checked 2026-10). Infrared absorption peak, Table 4 column 'Flavonoids (1515 cm-1)': + present, - absent, tr trace. Leaf wax (leaves only, petioles and stems excluded) extracted by refluxing in petroleum ether 1 hr, recrystallised from acetone; 4% solution in CCl4 or KCl disc."
Eucalyptus tetragona,species,,,,,,,field,leaf_wax_hydroxyl_groups,+,present,,mode,,,,,,Table 4 p.366,3,"Candidate trait, not in config/traits.yml (checked 2026-10). Infrared absorption peak, Table 4 column 'Hydroxyl Bonds (3650 cm-1)': + present, - absent, tr trace. Leaf wax (leaves only, petioles and stems excluded) extracted by refluxing in petroleum ether 1 hr, recrystallised from acetone; 4% solution in CCl4 or KCl disc."
Eucalyptus eudesmioides,species,,,,,,,field,leaf_epicuticular_wax_crystal_form,T,tubes,tubes,mode,,,,,,Table 4 p.366,3,"Wax type column of Table 4 (T, tube; P, plate) for the leaf wax sample analysed chemically; duplicates Appendix I."
Eucalyptus eudesmioides,species,,,,,,,field,leaf_wax_esters,+,present,,mode,,,,,,Table 4 p.366,3,"Candidate trait, not in config/traits.yml (checked 2026-10). Infrared absorption peak, Table 4 column 'Esters (1733 cm-1)': + present, - absent, tr trace. Leaf wax (leaves only, petioles and stems excluded) extracted by refluxing in petroleum ether 1 hr, recrystallised from acetone; 4% solution in CCl4 or KCl disc."
Eucalyptus eudesmioides,species,,,,,,,field,leaf_wax_beta_diketones,+,present,,mode,,,,,,Table 4 p.366,3,"Candidate trait, not in config/traits.yml (checked 2026-10). Infrared absorption peak, Table 4 column 'Diketone (1607 cm-1)': + present, - absent, tr trace. Leaf wax (leaves only, petioles and stems excluded) extracted by refluxing in petroleum ether 1 hr, recrystallised from acetone; 4% solution in CCl4 or KCl disc."
Eucalyptus eudesmioides,species,,,,,,,field,leaf_wax_flavonoids,+,present,,mode,,,,,,Table 4 p.366,3,"Candidate trait, not in config/traits.yml (checked 2026-10). Infrared absorption peak, Table 4 column 'Flavonoids (1515 cm-1)': + present, - absent, tr trace. Leaf wax (leaves only, petioles and stems excluded) extracted by refluxing in petroleum ether 1 hr, recrystallised from acetone; 4% solution in CCl4 or KCl disc."
Eucalyptus eudesmioides,species,,,,,,,field,leaf_wax_hydroxyl_groups,+,present,,mode,,,,,,Table 4 p.366,3,"Candidate trait, not in config/traits.yml (checked 2026-10). Infrared absorption peak, Table 4 column 'Hydroxyl Bonds (3650 cm-1)': + present, - absent, tr trace. Leaf wax (leaves only, petioles and stems excluded) extracted by refluxing in petroleum ether 1 hr, recrystallised from acetone; 4% solution in CCl4 or KCl disc."
Eucalyptus ebbanoensis,species,,,,,,,field,leaf_epicuticular_wax_crystal_form,T,tubes,tubes,mode,,,,,,Table 4 p.366,3,"Wax type column of Table 4 (T, tube; P, plate) for the leaf wax sample analysed chemically; duplicates Appendix I."
Eucalyptus ebbanoensis,species,,,,,,,field,leaf_wax_esters,+,present,,mode,,,,,,Table 4 p.366,3,"Candidate trait, not in config/traits.yml (checked 2026-10). Infrared absorption peak, Table 4 column 'Esters (1733 cm-1)': + present, - absent, tr trace. Leaf wax (leaves only, petioles and stems excluded) extracted by refluxing in petroleum ether 1 hr, recrystallised from acetone; 4% solution in CCl4 or KCl disc."
Eucalyptus ebbanoensis,species,,,,,,,field,leaf_wax_beta_diketones,+,present,,mode,,,,,,Table 4 p.366,3,"Candidate trait, not in config/traits.yml (checked 2026-10). Infrared absorption peak, Table 4 column 'Diketone (1607 cm-1)': + present, - absent, tr trace. Leaf wax (leaves only, petioles and stems excluded) extracted by refluxing in petroleum ether 1 hr, recrystallised from acetone; 4% solution in CCl4 or KCl disc."
Eucalyptus ebbanoensis,species,,,,,,,field,leaf_wax_flavonoids,+,present,,mode,,,,,,Table 4 p.366,3,"Candidate trait, not in config/traits.yml (checked 2026-10). Infrared absorption peak, Table 4 column 'Flavonoids (1515 cm-1)': + present, - absent, tr trace. Leaf wax (leaves only, petioles and stems excluded) extracted by refluxing in petroleum ether 1 hr, recrystallised from acetone; 4% solution in CCl4 or KCl disc."
Eucalyptus ebbanoensis,species,,,,,,,field,leaf_wax_hydroxyl_groups,+,present,,mode,,,,,,Table 4 p.366,3,"Candidate trait, not in config/traits.yml (checked 2026-10). Infrared absorption peak, Table 4 column 'Hydroxyl Bonds (3650 cm-1)': + present, - absent, tr trace. Leaf wax (leaves only, petioles and stems excluded) extracted by refluxing in petroleum ether 1 hr, recrystallised from acetone; 4% solution in CCl4 or KCl disc."
Eucalyptus tetrodonta,species,,,,,,,field,leaf_epicuticular_wax_crystal_form,P,plates,plates,mode,,,,,,Table 4 p.366,3,"Wax type column of Table 4 (T, tube; P, plate) for the leaf wax sample analysed chemically; duplicates Appendix I."
Eucalyptus tetrodonta,species,,,,,,,field,leaf_wax_esters,+,present,,mode,,,,,,Table 4 p.366,3,"Candidate trait, not in config/traits.yml (checked 2026-10). Infrared absorption peak, Table 4 column 'Esters (1733 cm-1)': + present, - absent, tr trace. Leaf wax (leaves only, petioles and stems excluded) extracted by refluxing in petroleum ether 1 hr, recrystallised from acetone; 4% solution in CCl4 or KCl disc."
Eucalyptus tetrodonta,species,,,,,,,field,leaf_wax_beta_diketones,-,absent,,mode,,,,,,Table 4 p.366,3,"Candidate trait, not in config/traits.yml (checked 2026-10). Infrared absorption peak, Table 4 column 'Diketone (1607 cm-1)': + present, - absent, tr trace. Leaf wax (leaves only, petioles and stems excluded) extracted by refluxing in petroleum ether 1 hr, recrystallised from acetone; 4% solution in CCl4 or KCl disc."
Eucalyptus tetrodonta,species,,,,,,,field,leaf_wax_flavonoids,+,present,,mode,,,,,,Table 4 p.366,3,"Candidate trait, not in config/traits.yml (checked 2026-10). Infrared absorption peak, Table 4 column 'Flavonoids (1515 cm-1)': + present, - absent, tr trace. Leaf wax (leaves only, petioles and stems excluded) extracted by refluxing in petroleum ether 1 hr, recrystallised from acetone; 4% solution in CCl4 or KCl disc."
Eucalyptus tetrodonta,species,,,,,,,field,leaf_wax_hydroxyl_groups,+,present,,mode,,,,,,Table 4 p.366,3,"Candidate trait, not in config/traits.yml (checked 2026-10). Infrared absorption peak, Table 4 column 'Hydroxyl Bonds (3650 cm-1)': + present, - absent, tr trace. Leaf wax (leaves only, petioles and stems excluded) extracted by refluxing in petroleum ether 1 hr, recrystallised from acetone; 4% solution in CCl4 or KCl disc."
Eucalyptus phoenicea,species,,,,,,,field,leaf_epicuticular_wax_crystal_form,P,plates,plates,mode,,,,,,Table 4 p.366,3,"Wax type column of Table 4 (T, tube; P, plate) for the leaf wax sample analysed chemically; duplicates Appendix I."
Eucalyptus phoenicea,species,,,,,,,field,leaf_wax_esters,+,present,,mode,,,,,,Table 4 p.366,3,"Candidate trait, not in config/traits.yml (checked 2026-10). Infrared absorption peak, Table 4 column 'Esters (1733 cm-1)': + present, - absent, tr trace. Leaf wax (leaves only, petioles and stems excluded) extracted by refluxing in petroleum ether 1 hr, recrystallised from acetone; 4% solution in CCl4 or KCl disc."
Eucalyptus phoenicea,species,,,,,,,field,leaf_wax_beta_diketones,-,absent,,mode,,,,,,Table 4 p.366,3,"Candidate trait, not in config/traits.yml (checked 2026-10). Infrared absorption peak, Table 4 column 'Diketone (1607 cm-1)': + present, - absent, tr trace. Leaf wax (leaves only, petioles and stems excluded) extracted by refluxing in petroleum ether 1 hr, recrystallised from acetone; 4% solution in CCl4 or KCl disc."
Eucalyptus phoenicea,species,,,,,,,field,leaf_wax_flavonoids,+,present,,mode,,,,,,Table 4 p.366,3,"Candidate trait, not in config/traits.yml (checked 2026-10). Infrared absorption peak, Table 4 column 'Flavonoids (1515 cm-1)': + present, - absent, tr trace. Leaf wax (leaves only, petioles and stems excluded) extracted by refluxing in petroleum ether 1 hr, recrystallised from acetone; 4% solution in CCl4 or KCl disc."
Eucalyptus phoenicea,species,,,,,,,field,leaf_wax_hydroxyl_groups,+,present,,mode,,,,,,Table 4 p.366,3,"Candidate trait, not in config/traits.yml (checked 2026-10). Infrared absorption peak, Table 4 column 'Hydroxyl Bonds (3650 cm-1)': + present, - absent, tr trace. Leaf wax (leaves only, petioles and stems excluded) extracted by refluxing in petroleum ether 1 hr, recrystallised from acetone; 4% solution in CCl4 or KCl disc."
Eucalyptus miniata,species,,,,,,,field,leaf_epicuticular_wax_crystal_form,P,plates,plates,mode,,,,,,Table 4 p.366,3,"Wax type column of Table 4 (T, tube; P, plate) for the leaf wax sample analysed chemically; duplicates Appendix I."
Eucalyptus miniata,species,,,,,,,field,leaf_wax_esters,+,present,,mode,,,,,,Table 4 p.366,3,"Candidate trait, not in config/traits.yml (checked 2026-10). Infrared absorption peak, Table 4 column 'Esters (1733 cm-1)': + present, - absent, tr trace. Leaf wax (leaves only, petioles and stems excluded) extracted by refluxing in petroleum ether 1 hr, recrystallised from acetone; 4% solution in CCl4 or KCl disc."
Eucalyptus miniata,species,,,,,,,field,leaf_wax_beta_diketones,-,absent,,mode,,,,,,Table 4 p.366,3,"Candidate trait, not in config/traits.yml (checked 2026-10). Infrared absorption peak, Table 4 column 'Diketone (1607 cm-1)': + present, - absent, tr trace. Leaf wax (leaves only, petioles and stems excluded) extracted by refluxing in petroleum ether 1 hr, recrystallised from acetone; 4% solution in CCl4 or KCl disc."
Eucalyptus miniata,species,,,,,,,field,leaf_wax_flavonoids,+,present,,mode,,,,,,Table 4 p.366,3,"Candidate trait, not in config/traits.yml (checked 2026-10). Infrared absorption peak, Table 4 column 'Flavonoids (1515 cm-1)': + present, - absent, tr trace. Leaf wax (leaves only, petioles and stems excluded) extracted by refluxing in petroleum ether 1 hr, recrystallised from acetone; 4% solution in CCl4 or KCl disc."
Eucalyptus miniata,species,,,,,,,field,leaf_wax_hydroxyl_groups,+,present,,mode,,,,,,Table 4 p.366,3,"Candidate trait, not in config/traits.yml (checked 2026-10). Infrared absorption peak, Table 4 column 'Hydroxyl Bonds (3650 cm-1)': + present, - absent, tr trace. Leaf wax (leaves only, petioles and stems excluded) extracted by refluxing in petroleum ether 1 hr, recrystallised from acetone; 4% solution in CCl4 or KCl disc."
Eucalyptus papuana,species,,,,,,,field,leaf_epicuticular_wax_crystal_form,P,plates,plates,mode,,,,,,Table 4 p.366,3,"Wax type column of Table 4 (T, tube; P, plate) for the leaf wax sample analysed chemically; duplicates Appendix I."
Eucalyptus papuana,species,,,,,,,field,leaf_wax_esters,+,present,,mode,,,,,,Table 4 p.366,3,"Candidate trait, not in config/traits.yml (checked 2026-10). Infrared absorption peak, Table 4 column 'Esters (1733 cm-1)': + present, - absent, tr trace. Leaf wax (leaves only, petioles and stems excluded) extracted by refluxing in petroleum ether 1 hr, recrystallised from acetone; 4% solution in CCl4 or KCl disc."
Eucalyptus papuana,species,,,,,,,field,leaf_wax_beta_diketones,-,absent,,mode,,,,,,Table 4 p.366,3,"Candidate trait, not in config/traits.yml (checked 2026-10). Infrared absorption peak, Table 4 column 'Diketone (1607 cm-1)': + present, - absent, tr trace. Leaf wax (leaves only, petioles and stems excluded) extracted by refluxing in petroleum ether 1 hr, recrystallised from acetone; 4% solution in CCl4 or KCl disc."
Eucalyptus papuana,species,,,,,,,field,leaf_wax_flavonoids,+,present,,mode,,,,,,Table 4 p.366,3,"Candidate trait, not in config/traits.yml (checked 2026-10). Infrared absorption peak, Table 4 column 'Flavonoids (1515 cm-1)': + present, - absent, tr trace. Leaf wax (leaves only, petioles and stems excluded) extracted by refluxing in petroleum ether 1 hr, recrystallised from acetone; 4% solution in CCl4 or KCl disc."
Eucalyptus papuana,species,,,,,,,field,leaf_wax_hydroxyl_groups,+,present,,mode,,,,,,Table 4 p.366,3,"Candidate trait, not in config/traits.yml (checked 2026-10). Infrared absorption peak, Table 4 column 'Hydroxyl Bonds (3650 cm-1)': + present, - absent, tr trace. Leaf wax (leaves only, petioles and stems excluded) extracted by refluxing in petroleum ether 1 hr, recrystallised from acetone; 4% solution in CCl4 or KCl disc."
Eucalyptus clavigera,species,,,,,,,field,leaf_epicuticular_wax_crystal_form,P,plates,plates,mode,,,,,,Table 4 p.366,3,"Wax type column of Table 4 (T, tube; P, plate) for the leaf wax sample analysed chemically; duplicates Appendix I."
Eucalyptus clavigera,species,,,,,,,field,leaf_wax_esters,+,present,,mode,,,,,,Table 4 p.366,3,"Candidate trait, not in config/traits.yml (checked 2026-10). Infrared absorption peak, Table 4 column 'Esters (1733 cm-1)': + present, - absent, tr trace. Leaf wax (leaves only, petioles and stems excluded) extracted by refluxing in petroleum ether 1 hr, recrystallised from acetone; 4% solution in CCl4 or KCl disc."
Eucalyptus clavigera,species,,,,,,,field,leaf_wax_beta_diketones,-,absent,,mode,,,,,,Table 4 p.366,3,"Candidate trait, not in config/traits.yml (checked 2026-10). Infrared absorption peak, Table 4 column 'Diketone (1607 cm-1)': + present, - absent, tr trace. Leaf wax (leaves only, petioles and stems excluded) extracted by refluxing in petroleum ether 1 hr, recrystallised from acetone; 4% solution in CCl4 or KCl disc."
Eucalyptus clavigera,species,,,,,,,field,leaf_wax_flavonoids,+,present,,mode,,,,,,Table 4 p.366,3,"Candidate trait, not in config/traits.yml (checked 2026-10). Infrared absorption peak, Table 4 column 'Flavonoids (1515 cm-1)': + present, - absent, tr trace. Leaf wax (leaves only, petioles and stems excluded) extracted by refluxing in petroleum ether 1 hr, recrystallised from acetone; 4% solution in CCl4 or KCl disc."
Eucalyptus clavigera,species,,,,,,,field,leaf_wax_hydroxyl_groups,+,present,,mode,,,,,,Table 4 p.366,3,"Candidate trait, not in config/traits.yml (checked 2026-10). Infrared absorption peak, Table 4 column 'Hydroxyl Bonds (3650 cm-1)': + present, - absent, tr trace. Leaf wax (leaves only, petioles and stems excluded) extracted by refluxing in petroleum ether 1 hr, recrystallised from acetone; 4% solution in CCl4 or KCl disc."
Eucalyptus setosa,species,,,,,,,field,leaf_epicuticular_wax_crystal_form,P,plates,plates,mode,,,,,,Table 4 p.366,3,"Wax type column of Table 4 (T, tube; P, plate) for the leaf wax sample analysed chemically; duplicates Appendix I."
Eucalyptus setosa,species,,,,,,,field,leaf_wax_esters,+,present,,mode,,,,,,Table 4 p.366,3,"Candidate trait, not in config/traits.yml (checked 2026-10). Infrared absorption peak, Table 4 column 'Esters (1733 cm-1)': + present, - absent, tr trace. Leaf wax (leaves only, petioles and stems excluded) extracted by refluxing in petroleum ether 1 hr, recrystallised from acetone; 4% solution in CCl4 or KCl disc."
Eucalyptus setosa,species,,,,,,,field,leaf_wax_beta_diketones,-,absent,,mode,,,,,,Table 4 p.366,3,"Candidate trait, not in config/traits.yml (checked 2026-10). Infrared absorption peak, Table 4 column 'Diketone (1607 cm-1)': + present, - absent, tr trace. Leaf wax (leaves only, petioles and stems excluded) extracted by refluxing in petroleum ether 1 hr, recrystallised from acetone; 4% solution in CCl4 or KCl disc."
Eucalyptus setosa,species,,,,,,,field,leaf_wax_flavonoids,+,present,,mode,,,,,,Table 4 p.366,3,"Candidate trait, not in config/traits.yml (checked 2026-10). Infrared absorption peak, Table 4 column 'Flavonoids (1515 cm-1)': + present, - absent, tr trace. Leaf wax (leaves only, petioles and stems excluded) extracted by refluxing in petroleum ether 1 hr, recrystallised from acetone; 4% solution in CCl4 or KCl disc."
Eucalyptus setosa,species,,,,,,,field,leaf_wax_hydroxyl_groups,+,present,,mode,,,,,,Table 4 p.366,3,"Candidate trait, not in config/traits.yml (checked 2026-10). Infrared absorption peak, Table 4 column 'Hydroxyl Bonds (3650 cm-1)': + present, - absent, tr trace. Leaf wax (leaves only, petioles and stems excluded) extracted by refluxing in petroleum ether 1 hr, recrystallised from acetone; 4% solution in CCl4 or KCl disc."
Eucalyptus ferruginea,species,,,,,,,field,leaf_epicuticular_wax_crystal_form,P,plates,plates,mode,,,,,,Table 4 p.366,3,"Wax type column of Table 4 (T, tube; P, plate) for the leaf wax sample analysed chemically; duplicates Appendix I."
Eucalyptus ferruginea,species,,,,,,,field,leaf_wax_esters,+,present,,mode,,,,,,Table 4 p.366,3,"Candidate trait, not in config/traits.yml (checked 2026-10). Infrared absorption peak, Table 4 column 'Esters (1733 cm-1)': + present, - absent, tr trace. Leaf wax (leaves only, petioles and stems excluded) extracted by refluxing in petroleum ether 1 hr, recrystallised from acetone; 4% solution in CCl4 or KCl disc."
Eucalyptus ferruginea,species,,,,,,,field,leaf_wax_beta_diketones,-,absent,,mode,,,,,,Table 4 p.366,3,"Candidate trait, not in config/traits.yml (checked 2026-10). Infrared absorption peak, Table 4 column 'Diketone (1607 cm-1)': + present, - absent, tr trace. Leaf wax (leaves only, petioles and stems excluded) extracted by refluxing in petroleum ether 1 hr, recrystallised from acetone; 4% solution in CCl4 or KCl disc."
Eucalyptus ferruginea,species,,,,,,,field,leaf_wax_flavonoids,+,present,,mode,,,,,,Table 4 p.366,3,"Candidate trait, not in config/traits.yml (checked 2026-10). Infrared absorption peak, Table 4 column 'Flavonoids (1515 cm-1)': + present, - absent, tr trace. Leaf wax (leaves only, petioles and stems excluded) extracted by refluxing in petroleum ether 1 hr, recrystallised from acetone; 4% solution in CCl4 or KCl disc."
Eucalyptus ferruginea,species,,,,,,,field,leaf_wax_hydroxyl_groups,+,present,,mode,,,,,,Table 4 p.366,3,"Candidate trait, not in config/traits.yml (checked 2026-10). Infrared absorption peak, Table 4 column 'Hydroxyl Bonds (3650 cm-1)': + present, - absent, tr trace. Leaf wax (leaves only, petioles and stems excluded) extracted by refluxing in petroleum ether 1 hr, recrystallised from acetone; 4% solution in CCl4 or KCl disc."
Eucalyptus foelscheana,species,,,,,,,field,leaf_epicuticular_wax_crystal_form,P,plates,plates,mode,,,,,,Table 4 p.366,3,"Wax type column of Table 4 (T, tube; P, plate) for the leaf wax sample analysed chemically; duplicates Appendix I."
Eucalyptus foelscheana,species,,,,,,,field,leaf_wax_esters,+,present,,mode,,,,,,Table 4 p.366,3,"Candidate trait, not in config/traits.yml (checked 2026-10). Infrared absorption peak, Table 4 column 'Esters (1733 cm-1)': + present, - absent, tr trace. Leaf wax (leaves only, petioles and stems excluded) extracted by refluxing in petroleum ether 1 hr, recrystallised from acetone; 4% solution in CCl4 or KCl disc."
Eucalyptus foelscheana,species,,,,,,,field,leaf_wax_beta_diketones,-,absent,,mode,,,,,,Table 4 p.366,3,"Candidate trait, not in config/traits.yml (checked 2026-10). Infrared absorption peak, Table 4 column 'Diketone (1607 cm-1)': + present, - absent, tr trace. Leaf wax (leaves only, petioles and stems excluded) extracted by refluxing in petroleum ether 1 hr, recrystallised from acetone; 4% solution in CCl4 or KCl disc."
Eucalyptus foelscheana,species,,,,,,,field,leaf_wax_flavonoids,+,present,,mode,,,,,,Table 4 p.366,3,"Candidate trait, not in config/traits.yml (checked 2026-10). Infrared absorption peak, Table 4 column 'Flavonoids (1515 cm-1)': + present, - absent, tr trace. Leaf wax (leaves only, petioles and stems excluded) extracted by refluxing in petroleum ether 1 hr, recrystallised from acetone; 4% solution in CCl4 or KCl disc."
Eucalyptus foelscheana,species,,,,,,,field,leaf_wax_hydroxyl_groups,+,present,,mode,,,,,,Table 4 p.366,3,"Candidate trait, not in config/traits.yml (checked 2026-10). Infrared absorption peak, Table 4 column 'Hydroxyl Bonds (3650 cm-1)': + present, - absent, tr trace. Leaf wax (leaves only, petioles and stems excluded) extracted by refluxing in petroleum ether 1 hr, recrystallised from acetone; 4% solution in CCl4 or KCl disc."
Eucalyptus gummifera,species,,,,,,,field,leaf_epicuticular_wax_crystal_form,P,plates,plates,mode,,,,,,Table 4 p.366,3,"Wax type column of Table 4 (T, tube; P, plate) for the leaf wax sample analysed chemically; duplicates Appendix I."
Eucalyptus gummifera,species,,,,,,,field,leaf_wax_esters,+,present,,mode,,,,,,Table 4 p.366,3,"Candidate trait, not in config/traits.yml (checked 2026-10). Infrared absorption peak, Table 4 column 'Esters (1733 cm-1)': + present, - absent, tr trace. Leaf wax (leaves only, petioles and stems excluded) extracted by refluxing in petroleum ether 1 hr, recrystallised from acetone; 4% solution in CCl4 or KCl disc."
Eucalyptus gummifera,species,,,,,,,field,leaf_wax_beta_diketones,-,absent,,mode,,,,,,Table 4 p.366,3,"Candidate trait, not in config/traits.yml (checked 2026-10). Infrared absorption peak, Table 4 column 'Diketone (1607 cm-1)': + present, - absent, tr trace. Leaf wax (leaves only, petioles and stems excluded) extracted by refluxing in petroleum ether 1 hr, recrystallised from acetone; 4% solution in CCl4 or KCl disc."
Eucalyptus gummifera,species,,,,,,,field,leaf_wax_flavonoids,+,present,,mode,,,,,,Table 4 p.366,3,"Candidate trait, not in config/traits.yml (checked 2026-10). Infrared absorption peak, Table 4 column 'Flavonoids (1515 cm-1)': + present, - absent, tr trace. Leaf wax (leaves only, petioles and stems excluded) extracted by refluxing in petroleum ether 1 hr, recrystallised from acetone; 4% solution in CCl4 or KCl disc."
Eucalyptus gummifera,species,,,,,,,field,leaf_wax_hydroxyl_groups,+,present,,mode,,,,,,Table 4 p.366,3,"Candidate trait, not in config/traits.yml (checked 2026-10). Infrared absorption peak, Table 4 column 'Hydroxyl Bonds (3650 cm-1)': + present, - absent, tr trace. Leaf wax (leaves only, petioles and stems excluded) extracted by refluxing in petroleum ether 1 hr, recrystallised from acetone; 4% solution in CCl4 or KCl disc."
Eucalyptus citriodora,species,,,,,,,field,leaf_epicuticular_wax_crystal_form,P,plates,plates,mode,,,,,,Table 4 p.366,3,"Wax type column of Table 4 (T, tube; P, plate) for the leaf wax sample analysed chemically; duplicates Appendix I."
Eucalyptus citriodora,species,,,,,,,field,leaf_wax_esters,+,present,,mode,,,,,,Table 4 p.366,3,"Candidate trait, not in config/traits.yml (checked 2026-10). Infrared absorption peak, Table 4 column 'Esters (1733 cm-1)': + present, - absent, tr trace. Leaf wax (leaves only, petioles and stems excluded) extracted by refluxing in petroleum ether 1 hr, recrystallised from acetone; 4% solution in CCl4 or KCl disc."
Eucalyptus citriodora,species,,,,,,,field,leaf_wax_beta_diketones,-,absent,,mode,,,,,,Table 4 p.366,3,"Candidate trait, not in config/traits.yml (checked 2026-10). Infrared absorption peak, Table 4 column 'Diketone (1607 cm-1)': + present, - absent, tr trace. Leaf wax (leaves only, petioles and stems excluded) extracted by refluxing in petroleum ether 1 hr, recrystallised from acetone; 4% solution in CCl4 or KCl disc."
Eucalyptus citriodora,species,,,,,,,field,leaf_wax_flavonoids,+,present,,mode,,,,,,Table 4 p.366,3,"Candidate trait, not in config/traits.yml (checked 2026-10). Infrared absorption peak, Table 4 column 'Flavonoids (1515 cm-1)': + present, - absent, tr trace. Leaf wax (leaves only, petioles and stems excluded) extracted by refluxing in petroleum ether 1 hr, recrystallised from acetone; 4% solution in CCl4 or KCl disc."
Eucalyptus citriodora,species,,,,,,,field,leaf_wax_hydroxyl_groups,+,present,,mode,,,,,,Table 4 p.366,3,"Candidate trait, not in config/traits.yml (checked 2026-10). Infrared absorption peak, Table 4 column 'Hydroxyl Bonds (3650 cm-1)': + present, - absent, tr trace. Leaf wax (leaves only, petioles and stems excluded) extracted by refluxing in petroleum ether 1 hr, recrystallised from acetone; 4% solution in CCl4 or KCl disc."
Eucalyptus saligna,species,,,,,,,field,leaf_epicuticular_wax_crystal_form,P,plates,plates,mode,,,,,,Table 4 p.366,3,"Wax type column of Table 4 (T, tube; P, plate) for the leaf wax sample analysed chemically; duplicates Appendix I."
Eucalyptus saligna,species,,,,,,,field,leaf_wax_esters,+,present,,mode,,,,,,Table 4 p.366,3,"Candidate trait, not in config/traits.yml (checked 2026-10). Infrared absorption peak, Table 4 column 'Esters (1733 cm-1)': + present, - absent, tr trace. Leaf wax (leaves only, petioles and stems excluded) extracted by refluxing in petroleum ether 1 hr, recrystallised from acetone; 4% solution in CCl4 or KCl disc."
Eucalyptus saligna,species,,,,,,,field,leaf_wax_beta_diketones,-,absent,,mode,,,,,,Table 4 p.366,3,"Candidate trait, not in config/traits.yml (checked 2026-10). Infrared absorption peak, Table 4 column 'Diketone (1607 cm-1)': + present, - absent, tr trace. Leaf wax (leaves only, petioles and stems excluded) extracted by refluxing in petroleum ether 1 hr, recrystallised from acetone; 4% solution in CCl4 or KCl disc."
Eucalyptus saligna,species,,,,,,,field,leaf_wax_flavonoids,+,present,,mode,,,,,,Table 4 p.366,3,"Candidate trait, not in config/traits.yml (checked 2026-10). Infrared absorption peak, Table 4 column 'Flavonoids (1515 cm-1)': + present, - absent, tr trace. Leaf wax (leaves only, petioles and stems excluded) extracted by refluxing in petroleum ether 1 hr, recrystallised from acetone; 4% solution in CCl4 or KCl disc."
Eucalyptus saligna,species,,,,,,,field,leaf_wax_hydroxyl_groups,+,present,,mode,,,,,,Table 4 p.366,3,"Candidate trait, not in config/traits.yml (checked 2026-10). Infrared absorption peak, Table 4 column 'Hydroxyl Bonds (3650 cm-1)': + present, - absent, tr trace. Leaf wax (leaves only, petioles and stems excluded) extracted by refluxing in petroleum ether 1 hr, recrystallised from acetone; 4% solution in CCl4 or KCl disc."
Eucalyptus caesia,species,,,,,,,field,leaf_epicuticular_wax_crystal_form,T,tubes,tubes,mode,,,,,,Table 4 p.366,3,"Wax type column of Table 4 (T, tube; P, plate) for the leaf wax sample analysed chemically; duplicates Appendix I."
Eucalyptus caesia,species,,,,,,,field,leaf_wax_esters,+,present,,mode,,,,,,Table 4 p.366,3,"Candidate trait, not in config/traits.yml (checked 2026-10). Infrared absorption peak, Table 4 column 'Esters (1733 cm-1)': + present, - absent, tr trace. Leaf wax (leaves only, petioles and stems excluded) extracted by refluxing in petroleum ether 1 hr, recrystallised from acetone; 4% solution in CCl4 or KCl disc."
Eucalyptus caesia,species,,,,,,,field,leaf_wax_beta_diketones,+,present,,mode,,,,,,Table 4 p.366,3,"Candidate trait, not in config/traits.yml (checked 2026-10). Infrared absorption peak, Table 4 column 'Diketone (1607 cm-1)': + present, - absent, tr trace. Leaf wax (leaves only, petioles and stems excluded) extracted by refluxing in petroleum ether 1 hr, recrystallised from acetone; 4% solution in CCl4 or KCl disc."
Eucalyptus caesia,species,,,,,,,field,leaf_wax_flavonoids,+,present,,mode,,,,,,Table 4 p.366,3,"Candidate trait, not in config/traits.yml (checked 2026-10). Infrared absorption peak, Table 4 column 'Flavonoids (1515 cm-1)': + present, - absent, tr trace. Leaf wax (leaves only, petioles and stems excluded) extracted by refluxing in petroleum ether 1 hr, recrystallised from acetone; 4% solution in CCl4 or KCl disc."
Eucalyptus caesia,species,,,,,,,field,leaf_wax_hydroxyl_groups,+,present,,mode,,,,,,Table 4 p.366,3,"Candidate trait, not in config/traits.yml (checked 2026-10). Infrared absorption peak, Table 4 column 'Hydroxyl Bonds (3650 cm-1)': + present, - absent, tr trace. Leaf wax (leaves only, petioles and stems excluded) extracted by refluxing in petroleum ether 1 hr, recrystallised from acetone; 4% solution in CCl4 or KCl disc."
Eucalyptus stricklandii,species,,,,,,,field,leaf_epicuticular_wax_crystal_form,T,tubes,tubes,mode,,,,,,Table 4 p.366,3,"Wax type column of Table 4 (T, tube; P, plate) for the leaf wax sample analysed chemically; duplicates Appendix I."
Eucalyptus stricklandii,species,,,,,,,field,leaf_wax_esters,+,present,,mode,,,,,,Table 4 p.366,3,"Candidate trait, not in config/traits.yml (checked 2026-10). Infrared absorption peak, Table 4 column 'Esters (1733 cm-1)': + present, - absent, tr trace. Leaf wax (leaves only, petioles and stems excluded) extracted by refluxing in petroleum ether 1 hr, recrystallised from acetone; 4% solution in CCl4 or KCl disc."
Eucalyptus stricklandii,species,,,,,,,field,leaf_wax_beta_diketones,+,present,,mode,,,,,,Table 4 p.366,3,"Candidate trait, not in config/traits.yml (checked 2026-10). Infrared absorption peak, Table 4 column 'Diketone (1607 cm-1)': + present, - absent, tr trace. Leaf wax (leaves only, petioles and stems excluded) extracted by refluxing in petroleum ether 1 hr, recrystallised from acetone; 4% solution in CCl4 or KCl disc."
Eucalyptus stricklandii,species,,,,,,,field,leaf_wax_flavonoids,+,present,,mode,,,,,,Table 4 p.366,3,"Candidate trait, not in config/traits.yml (checked 2026-10). Infrared absorption peak, Table 4 column 'Flavonoids (1515 cm-1)': + present, - absent, tr trace. Leaf wax (leaves only, petioles and stems excluded) extracted by refluxing in petroleum ether 1 hr, recrystallised from acetone; 4% solution in CCl4 or KCl disc."
Eucalyptus stricklandii,species,,,,,,,field,leaf_wax_hydroxyl_groups,+,present,,mode,,,,,,Table 4 p.366,3,"Candidate trait, not in config/traits.yml (checked 2026-10). Infrared absorption peak, Table 4 column 'Hydroxyl Bonds (3650 cm-1)': + present, - absent, tr trace. Leaf wax (leaves only, petioles and stems excluded) extracted by refluxing in petroleum ether 1 hr, recrystallised from acetone; 4% solution in CCl4 or KCl disc."
Eucalyptus megacornuta,species,,,,,,,field,leaf_epicuticular_wax_crystal_form,P,plates,plates,mode,,,,,,Table 4 p.366,3,"Wax type column of Table 4 (T, tube; P, plate) for the leaf wax sample analysed chemically; duplicates Appendix I."
Eucalyptus megacornuta,species,,,,,,,field,leaf_wax_esters,+,present,,mode,,,,,,Table 4 p.366,3,"Candidate trait, not in config/traits.yml (checked 2026-10). Infrared absorption peak, Table 4 column 'Esters (1733 cm-1)': + present, - absent, tr trace. Leaf wax (leaves only, petioles and stems excluded) extracted by refluxing in petroleum ether 1 hr, recrystallised from acetone; 4% solution in CCl4 or KCl disc."
Eucalyptus megacornuta,species,,,,,,,field,leaf_wax_beta_diketones,-,absent,,mode,,,,,,Table 4 p.366,3,"Candidate trait, not in config/traits.yml (checked 2026-10). Infrared absorption peak, Table 4 column 'Diketone (1607 cm-1)': + present, - absent, tr trace. Leaf wax (leaves only, petioles and stems excluded) extracted by refluxing in petroleum ether 1 hr, recrystallised from acetone; 4% solution in CCl4 or KCl disc."
Eucalyptus megacornuta,species,,,,,,,field,leaf_wax_flavonoids,+,present,,mode,,,,,,Table 4 p.366,3,"Candidate trait, not in config/traits.yml (checked 2026-10). Infrared absorption peak, Table 4 column 'Flavonoids (1515 cm-1)': + present, - absent, tr trace. Leaf wax (leaves only, petioles and stems excluded) extracted by refluxing in petroleum ether 1 hr, recrystallised from acetone; 4% solution in CCl4 or KCl disc."
Eucalyptus megacornuta,species,,,,,,,field,leaf_wax_hydroxyl_groups,+,present,,mode,,,,,,Table 4 p.366,3,"Candidate trait, not in config/traits.yml (checked 2026-10). Infrared absorption peak, Table 4 column 'Hydroxyl Bonds (3650 cm-1)': + present, - absent, tr trace. Leaf wax (leaves only, petioles and stems excluded) extracted by refluxing in petroleum ether 1 hr, recrystallised from acetone; 4% solution in CCl4 or KCl disc."
Eucalyptus camaldulensis,species,,,,,,,field,leaf_epicuticular_wax_crystal_form,P,plates,plates,mode,,,,,,Table 4 p.366,3,"Wax type column of Table 4 (T, tube; P, plate) for the leaf wax sample analysed chemically; duplicates Appendix I."
Eucalyptus camaldulensis,species,,,,,,,field,leaf_wax_esters,+,present,,mode,,,,,,Table 4 p.366,3,"Candidate trait, not in config/traits.yml (checked 2026-10). Infrared absorption peak, Table 4 column 'Esters (1733 cm-1)': + present, - absent, tr trace. Leaf wax (leaves only, petioles and stems excluded) extracted by refluxing in petroleum ether 1 hr, recrystallised from acetone; 4% solution in CCl4 or KCl disc."
Eucalyptus camaldulensis,species,,,,,,,field,leaf_wax_beta_diketones,-,absent,,mode,,,,,,Table 4 p.366,3,"Candidate trait, not in config/traits.yml (checked 2026-10). Infrared absorption peak, Table 4 column 'Diketone (1607 cm-1)': + present, - absent, tr trace. Leaf wax (leaves only, petioles and stems excluded) extracted by refluxing in petroleum ether 1 hr, recrystallised from acetone; 4% solution in CCl4 or KCl disc."
Eucalyptus camaldulensis,species,,,,,,,field,leaf_wax_flavonoids,+,present,,mode,,,,,,Table 4 p.366,3,"Candidate trait, not in config/traits.yml (checked 2026-10). Infrared absorption peak, Table 4 column 'Flavonoids (1515 cm-1)': + present, - absent, tr trace. Leaf wax (leaves only, petioles and stems excluded) extracted by refluxing in petroleum ether 1 hr, recrystallised from acetone; 4% solution in CCl4 or KCl disc."
Eucalyptus camaldulensis,species,,,,,,,field,leaf_wax_hydroxyl_groups,+,present,,mode,,,,,,Table 4 p.366,3,"Candidate trait, not in config/traits.yml (checked 2026-10). Infrared absorption peak, Table 4 column 'Hydroxyl Bonds (3650 cm-1)': + present, - absent, tr trace. Leaf wax (leaves only, petioles and stems excluded) extracted by refluxing in petroleum ether 1 hr, recrystallised from acetone; 4% solution in CCl4 or KCl disc."
Eucalyptus camaldulensis var. obtusa,population,,,WA86; N35,WA86; N35,WA86; N35,,field captive_cultivated,leaf_epicuticular_wax_crystal_form,T,tubes,tubes,mode,,,,,,Table 4 p.366,3,"Wax type column of Table 4 (T, tube; P, plate) for the leaf wax sample analysed chemically; duplicates Appendix I. Printed 'E. camaldulensis (N.T.) ""var. obtusa""'; text p.368 says two specimens (WA86 and N35) were analysed, both high in beta-diketones; N35 leaves were young with wax entirely of tubes."
Eucalyptus camaldulensis var. obtusa,population,,,WA86; N35,WA86; N35,WA86; N35,,field captive_cultivated,leaf_wax_esters,+,present,,mode,,,,,,Table 4 p.366,3,"Candidate trait, not in config/traits.yml (checked 2026-10). Infrared absorption peak, Table 4 column 'Esters (1733 cm-1)': + present, - absent, tr trace. Leaf wax (leaves only, petioles and stems excluded) extracted by refluxing in petroleum ether 1 hr, recrystallised from acetone; 4% solution in CCl4 or KCl disc. Printed 'E. camaldulensis (N.T.) ""var. obtusa""'; text p.368 says two specimens (WA86 and N35) were analysed, both high in beta-diketones; N35 leaves were young with wax entirely of tubes."
Eucalyptus camaldulensis var. obtusa,population,,,WA86; N35,WA86; N35,WA86; N35,,field captive_cultivated,leaf_wax_beta_diketones,+,present,,mode,,,,,,Table 4 p.366,3,"Candidate trait, not in config/traits.yml (checked 2026-10). Infrared absorption peak, Table 4 column 'Diketone (1607 cm-1)': + present, - absent, tr trace. Leaf wax (leaves only, petioles and stems excluded) extracted by refluxing in petroleum ether 1 hr, recrystallised from acetone; 4% solution in CCl4 or KCl disc. Printed 'E. camaldulensis (N.T.) ""var. obtusa""'; text p.368 says two specimens (WA86 and N35) were analysed, both high in beta-diketones; N35 leaves were young with wax entirely of tubes."
Eucalyptus camaldulensis var. obtusa,population,,,WA86; N35,WA86; N35,WA86; N35,,field captive_cultivated,leaf_wax_flavonoids,+,present,,mode,,,,,,Table 4 p.366,3,"Candidate trait, not in config/traits.yml (checked 2026-10). Infrared absorption peak, Table 4 column 'Flavonoids (1515 cm-1)': + present, - absent, tr trace. Leaf wax (leaves only, petioles and stems excluded) extracted by refluxing in petroleum ether 1 hr, recrystallised from acetone; 4% solution in CCl4 or KCl disc. Printed 'E. camaldulensis (N.T.) ""var. obtusa""'; text p.368 says two specimens (WA86 and N35) were analysed, both high in beta-diketones; N35 leaves were young with wax entirely of tubes."
Eucalyptus camaldulensis var. obtusa,population,,,WA86; N35,WA86; N35,WA86; N35,,field captive_cultivated,leaf_wax_hydroxyl_groups,+,present,,mode,,,,,,Table 4 p.366,3,"Candidate trait, not in config/traits.yml (checked 2026-10). Infrared absorption peak, Table 4 column 'Hydroxyl Bonds (3650 cm-1)': + present, - absent, tr trace. Leaf wax (leaves only, petioles and stems excluded) extracted by refluxing in petroleum ether 1 hr, recrystallised from acetone; 4% solution in CCl4 or KCl disc. Printed 'E. camaldulensis (N.T.) ""var. obtusa""'; text p.368 says two specimens (WA86 and N35) were analysed, both high in beta-diketones; N35 leaves were young with wax entirely of tubes."
Eucalyptus alba,species,,,,,,,field,leaf_epicuticular_wax_crystal_form,P,plates,plates,mode,,,,,,Table 4 p.366,3,"Wax type column of Table 4 (T, tube; P, plate) for the leaf wax sample analysed chemically; duplicates Appendix I."
Eucalyptus alba,species,,,,,,,field,leaf_wax_esters,+,present,,mode,,,,,,Table 4 p.366,3,"Candidate trait, not in config/traits.yml (checked 2026-10). Infrared absorption peak, Table 4 column 'Esters (1733 cm-1)': + present, - absent, tr trace. Leaf wax (leaves only, petioles and stems excluded) extracted by refluxing in petroleum ether 1 hr, recrystallised from acetone; 4% solution in CCl4 or KCl disc."
Eucalyptus alba,species,,,,,,,field,leaf_wax_beta_diketones,-,absent,,mode,,,,,,Table 4 p.366,3,"Candidate trait, not in config/traits.yml (checked 2026-10). Infrared absorption peak, Table 4 column 'Diketone (1607 cm-1)': + present, - absent, tr trace. Leaf wax (leaves only, petioles and stems excluded) extracted by refluxing in petroleum ether 1 hr, recrystallised from acetone; 4% solution in CCl4 or KCl disc."
Eucalyptus alba,species,,,,,,,field,leaf_wax_flavonoids,+,present,,mode,,,,,,Table 4 p.366,3,"Candidate trait, not in config/traits.yml (checked 2026-10). Infrared absorption peak, Table 4 column 'Flavonoids (1515 cm-1)': + present, - absent, tr trace. Leaf wax (leaves only, petioles and stems excluded) extracted by refluxing in petroleum ether 1 hr, recrystallised from acetone; 4% solution in CCl4 or KCl disc."
Eucalyptus alba,species,,,,,,,field,leaf_wax_hydroxyl_groups,+,present,,mode,,,,,,Table 4 p.366,3,"Candidate trait, not in config/traits.yml (checked 2026-10). Infrared absorption peak, Table 4 column 'Hydroxyl Bonds (3650 cm-1)': + present, - absent, tr trace. Leaf wax (leaves only, petioles and stems excluded) extracted by refluxing in petroleum ether 1 hr, recrystallised from acetone; 4% solution in CCl4 or KCl disc."
Eucalyptus bigalerita,species,,,,,,,field,leaf_epicuticular_wax_crystal_form,P,plates,plates,mode,,,,,,Table 4 p.366,3,"Wax type column of Table 4 (T, tube; P, plate) for the leaf wax sample analysed chemically; duplicates Appendix I."
Eucalyptus bigalerita,species,,,,,,,field,leaf_wax_esters,+,present,,mode,,,,,,Table 4 p.366,3,"Candidate trait, not in config/traits.yml (checked 2026-10). Infrared absorption peak, Table 4 column 'Esters (1733 cm-1)': + present, - absent, tr trace. Leaf wax (leaves only, petioles and stems excluded) extracted by refluxing in petroleum ether 1 hr, recrystallised from acetone; 4% solution in CCl4 or KCl disc."
Eucalyptus bigalerita,species,,,,,,,field,leaf_wax_beta_diketones,-,absent,,mode,,,,,,Table 4 p.366,3,"Candidate trait, not in config/traits.yml (checked 2026-10). Infrared absorption peak, Table 4 column 'Diketone (1607 cm-1)': + present, - absent, tr trace. Leaf wax (leaves only, petioles and stems excluded) extracted by refluxing in petroleum ether 1 hr, recrystallised from acetone; 4% solution in CCl4 or KCl disc."
Eucalyptus bigalerita,species,,,,,,,field,leaf_wax_flavonoids,+,present,,mode,,,,,,Table 4 p.366,3,"Candidate trait, not in config/traits.yml (checked 2026-10). Infrared absorption peak, Table 4 column 'Flavonoids (1515 cm-1)': + present, - absent, tr trace. Leaf wax (leaves only, petioles and stems excluded) extracted by refluxing in petroleum ether 1 hr, recrystallised from acetone; 4% solution in CCl4 or KCl disc."
Eucalyptus bigalerita,species,,,,,,,field,leaf_wax_hydroxyl_groups,+,present,,mode,,,,,,Table 4 p.366,3,"Candidate trait, not in config/traits.yml (checked 2026-10). Infrared absorption peak, Table 4 column 'Hydroxyl Bonds (3650 cm-1)': + present, - absent, tr trace. Leaf wax (leaves only, petioles and stems excluded) extracted by refluxing in petroleum ether 1 hr, recrystallised from acetone; 4% solution in CCl4 or KCl disc."
Eucalyptus ovata,species,,,,,,,field,leaf_epicuticular_wax_crystal_form,P,plates,plates,mode,,,,,,Table 4 p.366,3,"Wax type column of Table 4 (T, tube; P, plate) for the leaf wax sample analysed chemically; duplicates Appendix I."
Eucalyptus ovata,species,,,,,,,field,leaf_wax_esters,+,present,,mode,,,,,,Table 4 p.366,3,"Candidate trait, not in config/traits.yml (checked 2026-10). Infrared absorption peak, Table 4 column 'Esters (1733 cm-1)': + present, - absent, tr trace. Leaf wax (leaves only, petioles and stems excluded) extracted by refluxing in petroleum ether 1 hr, recrystallised from acetone; 4% solution in CCl4 or KCl disc."
Eucalyptus ovata,species,,,,,,,field,leaf_wax_beta_diketones,-,absent,,mode,,,,,,Table 4 p.366,3,"Candidate trait, not in config/traits.yml (checked 2026-10). Infrared absorption peak, Table 4 column 'Diketone (1607 cm-1)': + present, - absent, tr trace. Leaf wax (leaves only, petioles and stems excluded) extracted by refluxing in petroleum ether 1 hr, recrystallised from acetone; 4% solution in CCl4 or KCl disc."
Eucalyptus ovata,species,,,,,,,field,leaf_wax_flavonoids,+,present,,mode,,,,,,Table 4 p.366,3,"Candidate trait, not in config/traits.yml (checked 2026-10). Infrared absorption peak, Table 4 column 'Flavonoids (1515 cm-1)': + present, - absent, tr trace. Leaf wax (leaves only, petioles and stems excluded) extracted by refluxing in petroleum ether 1 hr, recrystallised from acetone; 4% solution in CCl4 or KCl disc."
Eucalyptus ovata,species,,,,,,,field,leaf_wax_hydroxyl_groups,+,present,,mode,,,,,,Table 4 p.366,3,"Candidate trait, not in config/traits.yml (checked 2026-10). Infrared absorption peak, Table 4 column 'Hydroxyl Bonds (3650 cm-1)': + present, - absent, tr trace. Leaf wax (leaves only, petioles and stems excluded) extracted by refluxing in petroleum ether 1 hr, recrystallised from acetone; 4% solution in CCl4 or KCl disc."
Eucalyptus glaucescens,species,,,,,,,field,leaf_epicuticular_wax_crystal_form,T,tubes,tubes,mode,,,,,,Table 4 p.366,3,"Wax type column of Table 4 (T, tube; P, plate) for the leaf wax sample analysed chemically; duplicates Appendix I."
Eucalyptus glaucescens,species,,,,,,,field,leaf_wax_esters,+,present,,mode,,,,,,Table 4 p.366,3,"Candidate trait, not in config/traits.yml (checked 2026-10). Infrared absorption peak, Table 4 column 'Esters (1733 cm-1)': + present, - absent, tr trace. Leaf wax (leaves only, petioles and stems excluded) extracted by refluxing in petroleum ether 1 hr, recrystallised from acetone; 4% solution in CCl4 or KCl disc."
Eucalyptus glaucescens,species,,,,,,,field,leaf_wax_beta_diketones,+,present,,mode,,,,,,Table 4 p.366,3,"Candidate trait, not in config/traits.yml (checked 2026-10). Infrared absorption peak, Table 4 column 'Diketone (1607 cm-1)': + present, - absent, tr trace. Leaf wax (leaves only, petioles and stems excluded) extracted by refluxing in petroleum ether 1 hr, recrystallised from acetone; 4% solution in CCl4 or KCl disc."
Eucalyptus glaucescens,species,,,,,,,field,leaf_wax_flavonoids,+,present,,mode,,,,,,Table 4 p.366,3,"Candidate trait, not in config/traits.yml (checked 2026-10). Infrared absorption peak, Table 4 column 'Flavonoids (1515 cm-1)': + present, - absent, tr trace. Leaf wax (leaves only, petioles and stems excluded) extracted by refluxing in petroleum ether 1 hr, recrystallised from acetone; 4% solution in CCl4 or KCl disc."
Eucalyptus glaucescens,species,,,,,,,field,leaf_wax_hydroxyl_groups,+,present,,mode,,,,,,Table 4 p.366,3,"Candidate trait, not in config/traits.yml (checked 2026-10). Infrared absorption peak, Table 4 column 'Hydroxyl Bonds (3650 cm-1)': + present, - absent, tr trace. Leaf wax (leaves only, petioles and stems excluded) extracted by refluxing in petroleum ether 1 hr, recrystallised from acetone; 4% solution in CCl4 or KCl disc."
Eucalyptus perriniana,species,,,,,,,field,leaf_epicuticular_wax_crystal_form,T,tubes,tubes,mode,,,,,,Table 4 p.366,3,"Wax type column of Table 4 (T, tube; P, plate) for the leaf wax sample analysed chemically; duplicates Appendix I."
Eucalyptus perriniana,species,,,,,,,field,leaf_wax_esters,+,present,,mode,,,,,,Table 4 p.366,3,"Candidate trait, not in config/traits.yml (checked 2026-10). Infrared absorption peak, Table 4 column 'Esters (1733 cm-1)': + present, - absent, tr trace. Leaf wax (leaves only, petioles and stems excluded) extracted by refluxing in petroleum ether 1 hr, recrystallised from acetone; 4% solution in CCl4 or KCl disc."
Eucalyptus perriniana,species,,,,,,,field,leaf_wax_beta_diketones,+,present,,mode,,,,,,Table 4 p.366,3,"Candidate trait, not in config/traits.yml (checked 2026-10). Infrared absorption peak, Table 4 column 'Diketone (1607 cm-1)': + present, - absent, tr trace. Leaf wax (leaves only, petioles and stems excluded) extracted by refluxing in petroleum ether 1 hr, recrystallised from acetone; 4% solution in CCl4 or KCl disc."
Eucalyptus perriniana,species,,,,,,,field,leaf_wax_flavonoids,+,present,,mode,,,,,,Table 4 p.366,3,"Candidate trait, not in config/traits.yml (checked 2026-10). Infrared absorption peak, Table 4 column 'Flavonoids (1515 cm-1)': + present, - absent, tr trace. Leaf wax (leaves only, petioles and stems excluded) extracted by refluxing in petroleum ether 1 hr, recrystallised from acetone; 4% solution in CCl4 or KCl disc."
Eucalyptus perriniana,species,,,,,,,field,leaf_wax_hydroxyl_groups,+,present,,mode,,,,,,Table 4 p.366,3,"Candidate trait, not in config/traits.yml (checked 2026-10). Infrared absorption peak, Table 4 column 'Hydroxyl Bonds (3650 cm-1)': + present, - absent, tr trace. Leaf wax (leaves only, petioles and stems excluded) extracted by refluxing in petroleum ether 1 hr, recrystallised from acetone; 4% solution in CCl4 or KCl disc."
Eucalyptus preissiana,species,,,,,,,field,leaf_epicuticular_wax_crystal_form,P,plates,plates,mode,,,,,,Table 4 p.366,3,"Wax type column of Table 4 (T, tube; P, plate) for the leaf wax sample analysed chemically; duplicates Appendix I."
Eucalyptus preissiana,species,,,,,,,field,leaf_wax_esters,+,present,,mode,,,,,,Table 4 p.366,3,"Candidate trait, not in config/traits.yml (checked 2026-10). Infrared absorption peak, Table 4 column 'Esters (1733 cm-1)': + present, - absent, tr trace. Leaf wax (leaves only, petioles and stems excluded) extracted by refluxing in petroleum ether 1 hr, recrystallised from acetone; 4% solution in CCl4 or KCl disc."
Eucalyptus preissiana,species,,,,,,,field,leaf_wax_beta_diketones,-,absent,,mode,,,,,,Table 4 p.366,3,"Candidate trait, not in config/traits.yml (checked 2026-10). Infrared absorption peak, Table 4 column 'Diketone (1607 cm-1)': + present, - absent, tr trace. Leaf wax (leaves only, petioles and stems excluded) extracted by refluxing in petroleum ether 1 hr, recrystallised from acetone; 4% solution in CCl4 or KCl disc."
Eucalyptus preissiana,species,,,,,,,field,leaf_wax_flavonoids,+,present,,mode,,,,,,Table 4 p.366,3,"Candidate trait, not in config/traits.yml (checked 2026-10). Infrared absorption peak, Table 4 column 'Flavonoids (1515 cm-1)': + present, - absent, tr trace. Leaf wax (leaves only, petioles and stems excluded) extracted by refluxing in petroleum ether 1 hr, recrystallised from acetone; 4% solution in CCl4 or KCl disc."
Eucalyptus preissiana,species,,,,,,,field,leaf_wax_hydroxyl_groups,+,present,,mode,,,,,,Table 4 p.366,3,"Candidate trait, not in config/traits.yml (checked 2026-10). Infrared absorption peak, Table 4 column 'Hydroxyl Bonds (3650 cm-1)': + present, - absent, tr trace. Leaf wax (leaves only, petioles and stems excluded) extracted by refluxing in petroleum ether 1 hr, recrystallised from acetone; 4% solution in CCl4 or KCl disc."
Eucalyptus coronata,species,,,,,,,field,leaf_epicuticular_wax_crystal_form,P,plates,plates,mode,,,,,,Table 4 p.366,3,"Wax type column of Table 4 (T, tube; P, plate) for the leaf wax sample analysed chemically; duplicates Appendix I."
Eucalyptus coronata,species,,,,,,,field,leaf_wax_esters,+,present,,mode,,,,,,Table 4 p.366,3,"Candidate trait, not in config/traits.yml (checked 2026-10). Infrared absorption peak, Table 4 column 'Esters (1733 cm-1)': + present, - absent, tr trace. Leaf wax (leaves only, petioles and stems excluded) extracted by refluxing in petroleum ether 1 hr, recrystallised from acetone; 4% solution in CCl4 or KCl disc."
Eucalyptus coronata,species,,,,,,,field,leaf_wax_beta_diketones,-,absent,,mode,,,,,,Table 4 p.366,3,"Candidate trait, not in config/traits.yml (checked 2026-10). Infrared absorption peak, Table 4 column 'Diketone (1607 cm-1)': + present, - absent, tr trace. Leaf wax (leaves only, petioles and stems excluded) extracted by refluxing in petroleum ether 1 hr, recrystallised from acetone; 4% solution in CCl4 or KCl disc."
Eucalyptus coronata,species,,,,,,,field,leaf_wax_flavonoids,+,present,,mode,,,,,,Table 4 p.366,3,"Candidate trait, not in config/traits.yml (checked 2026-10). Infrared absorption peak, Table 4 column 'Flavonoids (1515 cm-1)': + present, - absent, tr trace. Leaf wax (leaves only, petioles and stems excluded) extracted by refluxing in petroleum ether 1 hr, recrystallised from acetone; 4% solution in CCl4 or KCl disc."
Eucalyptus coronata,species,,,,,,,field,leaf_wax_hydroxyl_groups,+,present,,mode,,,,,,Table 4 p.366,3,"Candidate trait, not in config/traits.yml (checked 2026-10). Infrared absorption peak, Table 4 column 'Hydroxyl Bonds (3650 cm-1)': + present, - absent, tr trace. Leaf wax (leaves only, petioles and stems excluded) extracted by refluxing in petroleum ether 1 hr, recrystallised from acetone; 4% solution in CCl4 or KCl disc."
Eucalyptus globulus,species,,,,,,,field,leaf_epicuticular_wax_crystal_form,T,tubes,tubes,mode,,,,,,Table 4 p.366,3,"Wax type column of Table 4 (T, tube; P, plate) for the leaf wax sample analysed chemically; duplicates Appendix I."
Eucalyptus globulus,species,,,,,,,field,leaf_wax_esters,+,present,,mode,,,,,,Table 4 p.366,3,"Candidate trait, not in config/traits.yml (checked 2026-10). Infrared absorption peak, Table 4 column 'Esters (1733 cm-1)': + present, - absent, tr trace. Leaf wax (leaves only, petioles and stems excluded) extracted by refluxing in petroleum ether 1 hr, recrystallised from acetone; 4% solution in CCl4 or KCl disc."
Eucalyptus globulus,species,,,,,,,field,leaf_wax_beta_diketones,+,present,,mode,,,,,,Table 4 p.366,3,"Candidate trait, not in config/traits.yml (checked 2026-10). Infrared absorption peak, Table 4 column 'Diketone (1607 cm-1)': + present, - absent, tr trace. Leaf wax (leaves only, petioles and stems excluded) extracted by refluxing in petroleum ether 1 hr, recrystallised from acetone; 4% solution in CCl4 or KCl disc."
Eucalyptus globulus,species,,,,,,,field,leaf_wax_flavonoids,+,present,,mode,,,,,,Table 4 p.366,3,"Candidate trait, not in config/traits.yml (checked 2026-10). Infrared absorption peak, Table 4 column 'Flavonoids (1515 cm-1)': + present, - absent, tr trace. Leaf wax (leaves only, petioles and stems excluded) extracted by refluxing in petroleum ether 1 hr, recrystallised from acetone; 4% solution in CCl4 or KCl disc."
Eucalyptus globulus,species,,,,,,,field,leaf_wax_hydroxyl_groups,+,present,,mode,,,,,,Table 4 p.366,3,"Candidate trait, not in config/traits.yml (checked 2026-10). Infrared absorption peak, Table 4 column 'Hydroxyl Bonds (3650 cm-1)': + present, - absent, tr trace. Leaf wax (leaves only, petioles and stems excluded) extracted by refluxing in petroleum ether 1 hr, recrystallised from acetone; 4% solution in CCl4 or KCl disc."
Eucalyptus bicostata,species,,,,,,,field,leaf_epicuticular_wax_crystal_form,T,tubes,tubes,mode,,,,,,Table 4 p.366,3,"Wax type column of Table 4 (T, tube; P, plate) for the leaf wax sample analysed chemically; duplicates Appendix I."
Eucalyptus bicostata,species,,,,,,,field,leaf_wax_esters,+,present,,mode,,,,,,Table 4 p.366,3,"Candidate trait, not in config/traits.yml (checked 2026-10). Infrared absorption peak, Table 4 column 'Esters (1733 cm-1)': + present, - absent, tr trace. Leaf wax (leaves only, petioles and stems excluded) extracted by refluxing in petroleum ether 1 hr, recrystallised from acetone; 4% solution in CCl4 or KCl disc."
Eucalyptus bicostata,species,,,,,,,field,leaf_wax_beta_diketones,+,present,,mode,,,,,,Table 4 p.366,3,"Candidate trait, not in config/traits.yml (checked 2026-10). Infrared absorption peak, Table 4 column 'Diketone (1607 cm-1)': + present, - absent, tr trace. Leaf wax (leaves only, petioles and stems excluded) extracted by refluxing in petroleum ether 1 hr, recrystallised from acetone; 4% solution in CCl4 or KCl disc."
Eucalyptus bicostata,species,,,,,,,field,leaf_wax_flavonoids,+,present,,mode,,,,,,Table 4 p.366,3,"Candidate trait, not in config/traits.yml (checked 2026-10). Infrared absorption peak, Table 4 column 'Flavonoids (1515 cm-1)': + present, - absent, tr trace. Leaf wax (leaves only, petioles and stems excluded) extracted by refluxing in petroleum ether 1 hr, recrystallised from acetone; 4% solution in CCl4 or KCl disc."
Eucalyptus bicostata,species,,,,,,,field,leaf_wax_hydroxyl_groups,+,present,,mode,,,,,,Table 4 p.366,3,"Candidate trait, not in config/traits.yml (checked 2026-10). Infrared absorption peak, Table 4 column 'Hydroxyl Bonds (3650 cm-1)': + present, - absent, tr trace. Leaf wax (leaves only, petioles and stems excluded) extracted by refluxing in petroleum ether 1 hr, recrystallised from acetone; 4% solution in CCl4 or KCl disc."
Eucalyptus cinerea,species,,,,,,,field,leaf_epicuticular_wax_crystal_form,T,tubes,tubes,mode,,,,,,Table 4 p.366,3,"Wax type column of Table 4 (T, tube; P, plate) for the leaf wax sample analysed chemically; duplicates Appendix I."
Eucalyptus cinerea,species,,,,,,,field,leaf_wax_esters,+,present,,mode,,,,,,Table 4 p.366,3,"Candidate trait, not in config/traits.yml (checked 2026-10). Infrared absorption peak, Table 4 column 'Esters (1733 cm-1)': + present, - absent, tr trace. Leaf wax (leaves only, petioles and stems excluded) extracted by refluxing in petroleum ether 1 hr, recrystallised from acetone; 4% solution in CCl4 or KCl disc."
Eucalyptus cinerea,species,,,,,,,field,leaf_wax_beta_diketones,+,present,,mode,,,,,,Table 4 p.366,3,"Candidate trait, not in config/traits.yml (checked 2026-10). Infrared absorption peak, Table 4 column 'Diketone (1607 cm-1)': + present, - absent, tr trace. Leaf wax (leaves only, petioles and stems excluded) extracted by refluxing in petroleum ether 1 hr, recrystallised from acetone; 4% solution in CCl4 or KCl disc."
Eucalyptus cinerea,species,,,,,,,field,leaf_wax_flavonoids,+,present,,mode,,,,,,Table 4 p.366,3,"Candidate trait, not in config/traits.yml (checked 2026-10). Infrared absorption peak, Table 4 column 'Flavonoids (1515 cm-1)': + present, - absent, tr trace. Leaf wax (leaves only, petioles and stems excluded) extracted by refluxing in petroleum ether 1 hr, recrystallised from acetone; 4% solution in CCl4 or KCl disc."
Eucalyptus cinerea,species,,,,,,,field,leaf_wax_hydroxyl_groups,+,present,,mode,,,,,,Table 4 p.366,3,"Candidate trait, not in config/traits.yml (checked 2026-10). Infrared absorption peak, Table 4 column 'Hydroxyl Bonds (3650 cm-1)': + present, - absent, tr trace. Leaf wax (leaves only, petioles and stems excluded) extracted by refluxing in petroleum ether 1 hr, recrystallised from acetone; 4% solution in CCl4 or KCl disc."
Eucalyptus cephalocarpa,species,,,,,,,field,leaf_epicuticular_wax_crystal_form,T,tubes,tubes,mode,,,,,,Table 4 p.366,3,"Wax type column of Table 4 (T, tube; P, plate) for the leaf wax sample analysed chemically; duplicates Appendix I."
Eucalyptus cephalocarpa,species,,,,,,,field,leaf_wax_esters,+,present,,mode,,,,,,Table 4 p.366,3,"Candidate trait, not in config/traits.yml (checked 2026-10). Infrared absorption peak, Table 4 column 'Esters (1733 cm-1)': + present, - absent, tr trace. Leaf wax (leaves only, petioles and stems excluded) extracted by refluxing in petroleum ether 1 hr, recrystallised from acetone; 4% solution in CCl4 or KCl disc."
Eucalyptus cephalocarpa,species,,,,,,,field,leaf_wax_beta_diketones,+,present,,mode,,,,,,Table 4 p.366,3,"Candidate trait, not in config/traits.yml (checked 2026-10). Infrared absorption peak, Table 4 column 'Diketone (1607 cm-1)': + present, - absent, tr trace. Leaf wax (leaves only, petioles and stems excluded) extracted by refluxing in petroleum ether 1 hr, recrystallised from acetone; 4% solution in CCl4 or KCl disc."
Eucalyptus cephalocarpa,species,,,,,,,field,leaf_wax_flavonoids,+,present,,mode,,,,,,Table 4 p.366,3,"Candidate trait, not in config/traits.yml (checked 2026-10). Infrared absorption peak, Table 4 column 'Flavonoids (1515 cm-1)': + present, - absent, tr trace. Leaf wax (leaves only, petioles and stems excluded) extracted by refluxing in petroleum ether 1 hr, recrystallised from acetone; 4% solution in CCl4 or KCl disc."
Eucalyptus cephalocarpa,species,,,,,,,field,leaf_wax_hydroxyl_groups,+,present,,mode,,,,,,Table 4 p.366,3,"Candidate trait, not in config/traits.yml (checked 2026-10). Infrared absorption peak, Table 4 column 'Hydroxyl Bonds (3650 cm-1)': + present, - absent, tr trace. Leaf wax (leaves only, petioles and stems excluded) extracted by refluxing in petroleum ether 1 hr, recrystallised from acetone; 4% solution in CCl4 or KCl disc."
Eucalyptus gamophylla,species,,,,,,,field,leaf_epicuticular_wax_crystal_form,T,tubes,tubes,mode,,,,,,Table 4 p.366,3,"Wax type column of Table 4 (T, tube; P, plate) for the leaf wax sample analysed chemically; duplicates Appendix I."
Eucalyptus gamophylla,species,,,,,,,field,leaf_wax_esters,+,present,,mode,,,,,,Table 4 p.366,3,"Candidate trait, not in config/traits.yml (checked 2026-10). Infrared absorption peak, Table 4 column 'Esters (1733 cm-1)': + present, - absent, tr trace. Leaf wax (leaves only, petioles and stems excluded) extracted by refluxing in petroleum ether 1 hr, recrystallised from acetone; 4% solution in CCl4 or KCl disc."
Eucalyptus gamophylla,species,,,,,,,field,leaf_wax_beta_diketones,+,present,,mode,,,,,,Table 4 p.366,3,"Candidate trait, not in config/traits.yml (checked 2026-10). Infrared absorption peak, Table 4 column 'Diketone (1607 cm-1)': + present, - absent, tr trace. Leaf wax (leaves only, petioles and stems excluded) extracted by refluxing in petroleum ether 1 hr, recrystallised from acetone; 4% solution in CCl4 or KCl disc."
Eucalyptus gamophylla,species,,,,,,,field,leaf_wax_flavonoids,+,present,,mode,,,,,,Table 4 p.366,3,"Candidate trait, not in config/traits.yml (checked 2026-10). Infrared absorption peak, Table 4 column 'Flavonoids (1515 cm-1)': + present, - absent, tr trace. Leaf wax (leaves only, petioles and stems excluded) extracted by refluxing in petroleum ether 1 hr, recrystallised from acetone; 4% solution in CCl4 or KCl disc."
Eucalyptus gamophylla,species,,,,,,,field,leaf_wax_hydroxyl_groups,+,present,,mode,,,,,,Table 4 p.366,3,"Candidate trait, not in config/traits.yml (checked 2026-10). Infrared absorption peak, Table 4 column 'Hydroxyl Bonds (3650 cm-1)': + present, - absent, tr trace. Leaf wax (leaves only, petioles and stems excluded) extracted by refluxing in petroleum ether 1 hr, recrystallised from acetone; 4% solution in CCl4 or KCl disc."
Eucalyptus kitsoniana,species,,,,,,,field,leaf_epicuticular_wax_crystal_form,P,plates,plates,mode,,,,,,Table 4 p.366,3,"Wax type column of Table 4 (T, tube; P, plate) for the leaf wax sample analysed chemically; duplicates Appendix I."
Eucalyptus kitsoniana,species,,,,,,,field,leaf_wax_esters,+,present,,mode,,,,,,Table 4 p.366,3,"Candidate trait, not in config/traits.yml (checked 2026-10). Infrared absorption peak, Table 4 column 'Esters (1733 cm-1)': + present, - absent, tr trace. Leaf wax (leaves only, petioles and stems excluded) extracted by refluxing in petroleum ether 1 hr, recrystallised from acetone; 4% solution in CCl4 or KCl disc."
Eucalyptus kitsoniana,species,,,,,,,field,leaf_wax_beta_diketones,-,absent,,mode,,,,,,Table 4 p.366,3,"Candidate trait, not in config/traits.yml (checked 2026-10). Infrared absorption peak, Table 4 column 'Diketone (1607 cm-1)': + present, - absent, tr trace. Leaf wax (leaves only, petioles and stems excluded) extracted by refluxing in petroleum ether 1 hr, recrystallised from acetone; 4% solution in CCl4 or KCl disc."
Eucalyptus kitsoniana,species,,,,,,,field,leaf_wax_flavonoids,+,present,,mode,,,,,,Table 4 p.366,3,"Candidate trait, not in config/traits.yml (checked 2026-10). Infrared absorption peak, Table 4 column 'Flavonoids (1515 cm-1)': + present, - absent, tr trace. Leaf wax (leaves only, petioles and stems excluded) extracted by refluxing in petroleum ether 1 hr, recrystallised from acetone; 4% solution in CCl4 or KCl disc."
Eucalyptus kitsoniana,species,,,,,,,field,leaf_wax_hydroxyl_groups,+,present,,mode,,,,,,Table 4 p.366,3,"Candidate trait, not in config/traits.yml (checked 2026-10). Infrared absorption peak, Table 4 column 'Hydroxyl Bonds (3650 cm-1)': + present, - absent, tr trace. Leaf wax (leaves only, petioles and stems excluded) extracted by refluxing in petroleum ether 1 hr, recrystallised from acetone; 4% solution in CCl4 or KCl disc."
Eucalyptus muellerana,species,,,,,,,field,leaf_epicuticular_wax_crystal_form,T,tubes,tubes,mode,,,,,,Table 4 p.366,3,"Wax type column of Table 4 (T, tube; P, plate) for the leaf wax sample analysed chemically; duplicates Appendix I. Text p.367: has tube wax but lacks a definite beta-diketone peak."
Eucalyptus muellerana,species,,,,,,,field,leaf_wax_esters,+,present,,mode,,,,,,Table 4 p.366,3,"Candidate trait, not in config/traits.yml (checked 2026-10). Infrared absorption peak, Table 4 column 'Esters (1733 cm-1)': + present, - absent, tr trace. Leaf wax (leaves only, petioles and stems excluded) extracted by refluxing in petroleum ether 1 hr, recrystallised from acetone; 4% solution in CCl4 or KCl disc. Text p.367: has tube wax but lacks a definite beta-diketone peak."
Eucalyptus muellerana,species,,,,,,,field,leaf_wax_beta_diketones,tr,trace,,mode,,,,,,Table 4 p.366,3,"Candidate trait, not in config/traits.yml (checked 2026-10). Infrared absorption peak, Table 4 column 'Diketone (1607 cm-1)': + present, - absent, tr trace. Leaf wax (leaves only, petioles and stems excluded) extracted by refluxing in petroleum ether 1 hr, recrystallised from acetone; 4% solution in CCl4 or KCl disc. Text p.367: has tube wax but lacks a definite beta-diketone peak."
Eucalyptus muellerana,species,,,,,,,field,leaf_wax_flavonoids,+,present,,mode,,,,,,Table 4 p.366,3,"Candidate trait, not in config/traits.yml (checked 2026-10). Infrared absorption peak, Table 4 column 'Flavonoids (1515 cm-1)': + present, - absent, tr trace. Leaf wax (leaves only, petioles and stems excluded) extracted by refluxing in petroleum ether 1 hr, recrystallised from acetone; 4% solution in CCl4 or KCl disc. Text p.367: has tube wax but lacks a definite beta-diketone peak."
Eucalyptus muellerana,species,,,,,,,field,leaf_wax_hydroxyl_groups,+,present,,mode,,,,,,Table 4 p.366,3,"Candidate trait, not in config/traits.yml (checked 2026-10). Infrared absorption peak, Table 4 column 'Hydroxyl Bonds (3650 cm-1)': + present, - absent, tr trace. Leaf wax (leaves only, petioles and stems excluded) extracted by refluxing in petroleum ether 1 hr, recrystallised from acetone; 4% solution in CCl4 or KCl disc. Text p.367: has tube wax but lacks a definite beta-diketone peak."
Eucalyptus macrorhyncha,species,,,,,,,field,leaf_epicuticular_wax_crystal_form,T,tubes,tubes,mode,,,,,,Table 4 p.366,3,"Wax type column of Table 4 (T, tube; P, plate) for the leaf wax sample analysed chemically; duplicates Appendix I."
Eucalyptus macrorhyncha,species,,,,,,,field,leaf_wax_esters,+,present,,mode,,,,,,Table 4 p.366,3,"Candidate trait, not in config/traits.yml (checked 2026-10). Infrared absorption peak, Table 4 column 'Esters (1733 cm-1)': + present, - absent, tr trace. Leaf wax (leaves only, petioles and stems excluded) extracted by refluxing in petroleum ether 1 hr, recrystallised from acetone; 4% solution in CCl4 or KCl disc."
Eucalyptus macrorhyncha,species,,,,,,,field,leaf_wax_beta_diketones,tr,trace,,mode,,,,,,Table 4 p.366,3,"Candidate trait, not in config/traits.yml (checked 2026-10). Infrared absorption peak, Table 4 column 'Diketone (1607 cm-1)': + present, - absent, tr trace. Leaf wax (leaves only, petioles and stems excluded) extracted by refluxing in petroleum ether 1 hr, recrystallised from acetone; 4% solution in CCl4 or KCl disc."
Eucalyptus macrorhyncha,species,,,,,,,field,leaf_wax_flavonoids,+,present,,mode,,,,,,Table 4 p.366,3,"Candidate trait, not in config/traits.yml (checked 2026-10). Infrared absorption peak, Table 4 column 'Flavonoids (1515 cm-1)': + present, - absent, tr trace. Leaf wax (leaves only, petioles and stems excluded) extracted by refluxing in petroleum ether 1 hr, recrystallised from acetone; 4% solution in CCl4 or KCl disc."
Eucalyptus macrorhyncha,species,,,,,,,field,leaf_wax_hydroxyl_groups,+,present,,mode,,,,,,Table 4 p.366,3,"Candidate trait, not in config/traits.yml (checked 2026-10). Infrared absorption peak, Table 4 column 'Hydroxyl Bonds (3650 cm-1)': + present, - absent, tr trace. Leaf wax (leaves only, petioles and stems excluded) extracted by refluxing in petroleum ether 1 hr, recrystallised from acetone; 4% solution in CCl4 or KCl disc."
Eucalyptus baxteri,species,,,,,,,field,leaf_epicuticular_wax_crystal_form,T,tubes,tubes,mode,,,,,,Table 4 p.366,3,"Wax type column of Table 4 (T, tube; P, plate) for the leaf wax sample analysed chemically; duplicates Appendix I."
Eucalyptus baxteri,species,,,,,,,field,leaf_wax_esters,+,present,,mode,,,,,,Table 4 p.366,3,"Candidate trait, not in config/traits.yml (checked 2026-10). Infrared absorption peak, Table 4 column 'Esters (1733 cm-1)': + present, - absent, tr trace. Leaf wax (leaves only, petioles and stems excluded) extracted by refluxing in petroleum ether 1 hr, recrystallised from acetone; 4% solution in CCl4 or KCl disc."
Eucalyptus baxteri,species,,,,,,,field,leaf_wax_beta_diketones,+,present,,mode,,,,,,Table 4 p.366,3,"Candidate trait, not in config/traits.yml (checked 2026-10). Infrared absorption peak, Table 4 column 'Diketone (1607 cm-1)': + present, - absent, tr trace. Leaf wax (leaves only, petioles and stems excluded) extracted by refluxing in petroleum ether 1 hr, recrystallised from acetone; 4% solution in CCl4 or KCl disc."
Eucalyptus baxteri,species,,,,,,,field,leaf_wax_flavonoids,+,present,,mode,,,,,,Table 4 p.366,3,"Candidate trait, not in config/traits.yml (checked 2026-10). Infrared absorption peak, Table 4 column 'Flavonoids (1515 cm-1)': + present, - absent, tr trace. Leaf wax (leaves only, petioles and stems excluded) extracted by refluxing in petroleum ether 1 hr, recrystallised from acetone; 4% solution in CCl4 or KCl disc."
Eucalyptus baxteri,species,,,,,,,field,leaf_wax_hydroxyl_groups,+,present,,mode,,,,,,Table 4 p.366,3,"Candidate trait, not in config/traits.yml (checked 2026-10). Infrared absorption peak, Table 4 column 'Hydroxyl Bonds (3650 cm-1)': + present, - absent, tr trace. Leaf wax (leaves only, petioles and stems excluded) extracted by refluxing in petroleum ether 1 hr, recrystallised from acetone; 4% solution in CCl4 or KCl disc."
Eucalyptus regnans,species,,,,,,,field,leaf_epicuticular_wax_crystal_form,T,tubes,tubes,mode,,,,,,Table 4 p.366,3,"Wax type column of Table 4 (T, tube; P, plate) for the leaf wax sample analysed chemically; duplicates Appendix I."
Eucalyptus regnans,species,,,,,,,field,leaf_wax_esters,+,present,,mode,,,,,,Table 4 p.366,3,"Candidate trait, not in config/traits.yml (checked 2026-10). Infrared absorption peak, Table 4 column 'Esters (1733 cm-1)': + present, - absent, tr trace. Leaf wax (leaves only, petioles and stems excluded) extracted by refluxing in petroleum ether 1 hr, recrystallised from acetone; 4% solution in CCl4 or KCl disc."
Eucalyptus regnans,species,,,,,,,field,leaf_wax_beta_diketones,tr,trace,,mode,,,,,,Table 4 p.366,3,"Candidate trait, not in config/traits.yml (checked 2026-10). Infrared absorption peak, Table 4 column 'Diketone (1607 cm-1)': + present, - absent, tr trace. Leaf wax (leaves only, petioles and stems excluded) extracted by refluxing in petroleum ether 1 hr, recrystallised from acetone; 4% solution in CCl4 or KCl disc."
Eucalyptus regnans,species,,,,,,,field,leaf_wax_flavonoids,+,present,,mode,,,,,,Table 4 p.366,3,"Candidate trait, not in config/traits.yml (checked 2026-10). Infrared absorption peak, Table 4 column 'Flavonoids (1515 cm-1)': + present, - absent, tr trace. Leaf wax (leaves only, petioles and stems excluded) extracted by refluxing in petroleum ether 1 hr, recrystallised from acetone; 4% solution in CCl4 or KCl disc."
Eucalyptus regnans,species,,,,,,,field,leaf_wax_hydroxyl_groups,+,present,,mode,,,,,,Table 4 p.366,3,"Candidate trait, not in config/traits.yml (checked 2026-10). Infrared absorption peak, Table 4 column 'Hydroxyl Bonds (3650 cm-1)': + present, - absent, tr trace. Leaf wax (leaves only, petioles and stems excluded) extracted by refluxing in petroleum ether 1 hr, recrystallised from acetone; 4% solution in CCl4 or KCl disc."
Eucalyptus dives,species,,,,,,,field,leaf_epicuticular_wax_crystal_form,T,tubes,tubes,mode,,,,,,Table 4 p.366,3,"Wax type column of Table 4 (T, tube; P, plate) for the leaf wax sample analysed chemically; duplicates Appendix I."
Eucalyptus dives,species,,,,,,,field,leaf_wax_esters,+,present,,mode,,,,,,Table 4 p.366,3,"Candidate trait, not in config/traits.yml (checked 2026-10). Infrared absorption peak, Table 4 column 'Esters (1733 cm-1)': + present, - absent, tr trace. Leaf wax (leaves only, petioles and stems excluded) extracted by refluxing in petroleum ether 1 hr, recrystallised from acetone; 4% solution in CCl4 or KCl disc."
Eucalyptus dives,species,,,,,,,field,leaf_wax_beta_diketones,tr,trace,,mode,,,,,,Table 4 p.366,3,"Candidate trait, not in config/traits.yml (checked 2026-10). Infrared absorption peak, Table 4 column 'Diketone (1607 cm-1)': + present, - absent, tr trace. Leaf wax (leaves only, petioles and stems excluded) extracted by refluxing in petroleum ether 1 hr, recrystallised from acetone; 4% solution in CCl4 or KCl disc."
Eucalyptus dives,species,,,,,,,field,leaf_wax_flavonoids,+,present,,mode,,,,,,Table 4 p.366,3,"Candidate trait, not in config/traits.yml (checked 2026-10). Infrared absorption peak, Table 4 column 'Flavonoids (1515 cm-1)': + present, - absent, tr trace. Leaf wax (leaves only, petioles and stems excluded) extracted by refluxing in petroleum ether 1 hr, recrystallised from acetone; 4% solution in CCl4 or KCl disc."
Eucalyptus dives,species,,,,,,,field,leaf_wax_hydroxyl_groups,+,present,,mode,,,,,,Table 4 p.366,3,"Candidate trait, not in config/traits.yml (checked 2026-10). Infrared absorption peak, Table 4 column 'Hydroxyl Bonds (3650 cm-1)': + present, - absent, tr trace. Leaf wax (leaves only, petioles and stems excluded) extracted by refluxing in petroleum ether 1 hr, recrystallised from acetone; 4% solution in CCl4 or KCl disc."
Eucalyptus jensenii,species,,,,,,,field,leaf_epicuticular_wax_crystal_form,P,plates,plates,mode,,,,,,Table 4 p.366,3,"Wax type column of Table 4 (T, tube; P, plate) for the leaf wax sample analysed chemically; duplicates Appendix I."
Eucalyptus jensenii,species,,,,,,,field,leaf_wax_esters,+,present,,mode,,,,,,Table 4 p.366,3,"Candidate trait, not in config/traits.yml (checked 2026-10). Infrared absorption peak, Table 4 column 'Esters (1733 cm-1)': + present, - absent, tr trace. Leaf wax (leaves only, petioles and stems excluded) extracted by refluxing in petroleum ether 1 hr, recrystallised from acetone; 4% solution in CCl4 or KCl disc."
Eucalyptus jensenii,species,,,,,,,field,leaf_wax_beta_diketones,-,absent,,mode,,,,,,Table 4 p.366,3,"Candidate trait, not in config/traits.yml (checked 2026-10). Infrared absorption peak, Table 4 column 'Diketone (1607 cm-1)': + present, - absent, tr trace. Leaf wax (leaves only, petioles and stems excluded) extracted by refluxing in petroleum ether 1 hr, recrystallised from acetone; 4% solution in CCl4 or KCl disc."
Eucalyptus jensenii,species,,,,,,,field,leaf_wax_flavonoids,+,present,,mode,,,,,,Table 4 p.366,3,"Candidate trait, not in config/traits.yml (checked 2026-10). Infrared absorption peak, Table 4 column 'Flavonoids (1515 cm-1)': + present, - absent, tr trace. Leaf wax (leaves only, petioles and stems excluded) extracted by refluxing in petroleum ether 1 hr, recrystallised from acetone; 4% solution in CCl4 or KCl disc."
Eucalyptus jensenii,species,,,,,,,field,leaf_wax_hydroxyl_groups,+,present,,mode,,,,,,Table 4 p.366,3,"Candidate trait, not in config/traits.yml (checked 2026-10). Infrared absorption peak, Table 4 column 'Hydroxyl Bonds (3650 cm-1)': + present, - absent, tr trace. Leaf wax (leaves only, petioles and stems excluded) extracted by refluxing in petroleum ether 1 hr, recrystallised from acetone; 4% solution in CCl4 or KCl disc."
Eucalyptus pruinosa,species,,,,,,,field,leaf_epicuticular_wax_crystal_form,T,tubes,tubes,mode,,,,,,Table 4 p.366,3,"Wax type column of Table 4 (T, tube; P, plate) for the leaf wax sample analysed chemically; duplicates Appendix I."
Eucalyptus pruinosa,species,,,,,,,field,leaf_wax_esters,+,present,,mode,,,,,,Table 4 p.366,3,"Candidate trait, not in config/traits.yml (checked 2026-10). Infrared absorption peak, Table 4 column 'Esters (1733 cm-1)': + present, - absent, tr trace. Leaf wax (leaves only, petioles and stems excluded) extracted by refluxing in petroleum ether 1 hr, recrystallised from acetone; 4% solution in CCl4 or KCl disc."
Eucalyptus pruinosa,species,,,,,,,field,leaf_wax_beta_diketones,+,present,,mode,,,,,,Table 4 p.366,3,"Candidate trait, not in config/traits.yml (checked 2026-10). Infrared absorption peak, Table 4 column 'Diketone (1607 cm-1)': + present, - absent, tr trace. Leaf wax (leaves only, petioles and stems excluded) extracted by refluxing in petroleum ether 1 hr, recrystallised from acetone; 4% solution in CCl4 or KCl disc."
Eucalyptus pruinosa,species,,,,,,,field,leaf_wax_flavonoids,+,present,,mode,,,,,,Table 4 p.366,3,"Candidate trait, not in config/traits.yml (checked 2026-10). Infrared absorption peak, Table 4 column 'Flavonoids (1515 cm-1)': + present, - absent, tr trace. Leaf wax (leaves only, petioles and stems excluded) extracted by refluxing in petroleum ether 1 hr, recrystallised from acetone; 4% solution in CCl4 or KCl disc."
Eucalyptus pruinosa,species,,,,,,,field,leaf_wax_hydroxyl_groups,+,present,,mode,,,,,,Table 4 p.366,3,"Candidate trait, not in config/traits.yml (checked 2026-10). Infrared absorption peak, Table 4 column 'Hydroxyl Bonds (3650 cm-1)': + present, - absent, tr trace. Leaf wax (leaves only, petioles and stems excluded) extracted by refluxing in petroleum ether 1 hr, recrystallised from acetone; 4% solution in CCl4 or KCl disc."
Eucalyptus camaldulensis,species,,,,,,,field,leaf_epicuticular_wax_crystal_form,"Samples from Victoria, New South Wales, and Queensland showed a plate wax form, both on juvenile and on mature leaves.",plates,plates,mode,,,,,,Results (f) p.344; Figs. 10-11,2,"Pooled across unspecified sites in Victoria, New South Wales and Queensland (no single location); duplicates the Appendix I E. camaldulensis entry."
Eucalyptus camaldulensis,population,,"45 miles north of Geraldton, WA",WA84a,WA84a,WA84a,,field,leaf_epicuticular_wax_crystal_form,"Specimens collected 45 miles north of Geraldton in Western Australia showed an angularly arranged, crenately edged plate.",plates,plates,mode,,,,,,Results (f) p.344; Fig. 12,2,Per-locality result for the geographically variable E. camaldulensis.
Eucalyptus camaldulensis var. obtusa,population,,"Port Hedland, WA",WA86,WA86,WA86,,captive_cultivated,leaf_epicuticular_wax_crystal_form,"Specimens of E. camaldulensis planted as street trees in Port Hedland, north-western Australia ... were very glaucous and both the chemistry and electron microscopy verified the presence of tube wax on the leaf surface",plates tubes,plates tubes,mode,,,,,,Results (f) p.344; p.354,2,Per-locality result for the geographically variable E. camaldulensis.
Eucalyptus camaldulensis var. obtusa,population,,"south-east of Darwin, NT",N35,N35,N35,,field,leaf_epicuticular_wax_crystal_form,plants growing naturally in the Northern Territory were very glaucous ... tube wax on the leaf surface; youngest leaves only tube wax (Fig. 15); fully expanded leaves also plate wax (Fig. 14),plates tubes,plates tubes,mode,,,,,,Results (f) p.344; p.353-354; Figs. 14-15,2,Per-locality result for the geographically variable E. camaldulensis.
Eucalyptus camaldulensis var. obtusa,population,,"Waite Institute Arboretum, Adelaide, SA",413Wt,413Wt,413Wt,,captive_cultivated,leaf_epicuticular_wax_crystal_form,The specimen of 'var. obtusa' collected from the Waite Institute Arboretum (Coll. No. 413) also has tube and plate wax on its surface.,plates tubes,plates tubes,mode,,,,,,p.354; Fig. 13,2,Per-locality result for the geographically variable E. camaldulensis.
Eucalyptus camaldulensis,population,,"45 miles north of Geraldton, WA",WA84a,WA84a,WA84a,,field,leaf_wax_plate_edge,"an angularly arranged, crenately edged plate",crenate,,mode,,,,,,Results (f) p.344; Fig. 12,2,"Candidate trait, not in config/traits.yml (checked 2026-10)."
Eucalyptus camaldulensis var. obtusa,population,,"Port Hedland, WA",WA86,WA86,WA86,,captive_cultivated,leaf_glaucousness,very glaucous,very_glaucous,glaucous,mode,,,,,,Results (f) p.344,2,Plants described as very glaucous; leaf phase not specified.
Eucalyptus camaldulensis var. obtusa,population,,"south-east of Darwin, NT",N35,N35,N35,,field,leaf_glaucousness,very glaucous,very_glaucous,glaucous,mode,,,,,,Results (f) p.344,2,Plants described as very glaucous; leaf phase not specified.
Eucalyptus camaldulensis var. obtusa,population,,"south-east of Darwin, NT",N35,N35,N35,,field,stem_epicuticular_wax_crystal_form,"The stems of the Northern Territory specimens were covered in a heavy bloom, this being a tube wax and showing a high concentration of beta-diketones ... No plate wax was found on the stems, only tubes being present.",tubes,,mode,,,,,,p.354,2,"Candidate trait, not in config/traits.yml (checked 2026-10)."
Eucalyptus camaldulensis var. obtusa,population,,"south-east of Darwin, NT",N35,N35,N35,,field,leaf_wax_plate_edge,"plate wax was also present, its edge being crenate and more highly ornamented than that of the temperate form",crenate,,mode,,,,,leaf age: fully expanded leaves,p.354; Fig. 14,2,"Candidate trait, not in config/traits.yml (checked 2026-10)."
Eucalyptus brevifolia,population,,"near Mt Isa, Qld",Q6,Q6,Q6,,field,leaf_epicuticular_wax_crystal_form,"E. brevifolia (Q6), collected near Mt. Isa, Qld., had a plate wax typical for a member of series Subexsertae.",plates,plates,mode,,,,,,p.354,2,Text gives collection Q6; Appendix I prints Q2 for the mature-leaf entry.
