"species","trait_name","trait_value","trait_name_standardised","trait_value_standardised","value_type","flowering_time_type","number_records","number_obs","percent_records","commonness","notes"
"Banksia aculeata","growth_form","shrub","plant_growth_form","shrub",,,12,,100,"usually",""
"Banksia aculeata","growth_response","killed, new seedlings","resprouting_capacity","fire_killed",,,7,7,100,,
"Banksia aculeata","growth_response","killed, new seedlings","post_fire_recruitment","post_fire_recruitment",,,7,7,100,,
"Banksia aculeata","growth_response","killed, new seedlings","bud_bank_location","none",,,7,7,100,,
"Banksia aculeata","growth_response","unspecified",,,,,9,,22,,""
"Banksia aculeata","flowering_response","occurred after fire",,,,,6,,,,""
"Banksia aculeata","flowering_response","median time to flowering: 25-36 months","fire_time_from_fire_to_flowering","30.5","median",,6,,,,""
"Banksia aculeata","flowering_response","minimum time to flowering: <1 month","fire_time_from_fire_to_flowering","1","minimum",,6,,,,""
"Banksia aculeata","flowering_response","not occurred after fire",,,,,3,,,,""
"Banksia aculeata","flowering_response","median time to no flowering: 13-24 months","fire_time_from_fire_to_no_flowering","18.5","median",,3,,,,""
"Banksia aculeata","flowering_response","maximum time to no flowering: 25-36 months","fire_time_from_fire_to_no_flowering","30.5","maximum",,3,,,,""
"Banksia aculeata","pollinator_type","no pollinator observed",,,,,3,3,,,""
"Banksia aculeata","months_flowering_range","Feb","flowering_time","NYNNNNNNNNNN",,"full range",2,,,,"only month with 'majority flowers fully open' records in the monthly chart; text: 'Flowering was recorded once (in February)'"
"Banksia aculeata","months_flowering_peak","Feb","flowering_time","NYNNNNNNNNNN",,"peak flowering",2,,,,""
"Banksia aculeata","months_fruiting_cones_present","May, Jun, Sep, Oct","fruiting_time","NNNNYYNNYYNN",,,,,,,"read from monthly bar chart; non-contiguous months, low sample (1-6 records/month)"
"Banksia aemula","growth_form","tree","plant_growth_form","tree",,,273,,60,"usually",""
"Banksia aemula","growth_form","shrub","plant_growth_form","shrub",,,273,,38,"commonly",""
"Banksia aemula","growth_form","unspecified",,,,,273,,3,"rarely",""
"Banksia aemula","growth_response","killed, new seedlings and trunk resprout","resprouting_capacity","fire_killed",,,40,1,2,,
"Banksia aemula","growth_response","ground resprout; ground resprout and trunk resprout; killed, new seedlings and trunk resprout; trunk resprout","resprouting_capacity","resprouts",,,40,40,100,,
"Banksia aemula","growth_response","killed, new seedlings and trunk resprout","post_fire_recruitment","post_fire_recruitment",,,40,1,2,,
"Banksia aemula","growth_response","ground resprout; ground resprout and trunk resprout","bud_bank_location","basal_buds",,,40,19,48,,
"Banksia aemula","growth_response","ground resprout and trunk resprout; killed, new seedlings and trunk resprout; trunk resprout","bud_bank_location","epicormic_buds",,,40,31,78,,
"Banksia aemula","growth_response","unspecified",,,,,51,,22,,""
"Banksia aemula","flowering_response","occurred after fire",,,,,30,,,,""
"Banksia aemula","flowering_response","median time to flowering: 1-12 months","fire_time_from_fire_to_flowering","6.5","median",,30,,,,""
"Banksia aemula","flowering_response","minimum time to flowering: <1 month","fire_time_from_fire_to_flowering","1","minimum",,30,,,,""
"Banksia aemula","flowering_response","not occurred after fire",,,,,7,,,,""
"Banksia aemula","flowering_response","median time to no flowering: 1-12 months","fire_time_from_fire_to_no_flowering","6.5","median",,7,,,,""
"Banksia aemula","flowering_response","maximum time to no flowering: 25-36 months","fire_time_from_fire_to_no_flowering","30.5","maximum",,7,,,,""
"Banksia aemula","pollinator_type","no pollinator observed",,,,,109,56,,,""
"Banksia aemula","pollinator_type","bees, wasps, ants","flower_visitor","bee wasp ant",,,53,20,38,"commonly",""
"Banksia aemula","pollinator_type","bird","flower_visitor","bird",,,53,32,60,"usually",""
"Banksia aemula","pollinator_type","butterflies, moths","flower_visitor","lepidoptera",,,53,1,2,"rarely",""
"Banksia aemula","specific_pollinator","ant","flower_visitor","ant",,,53,3,6,"rarely",""
"Banksia aemula","specific_pollinator","bee (unspecified)","flower_visitor","bee",,,53,9,17,"occasionally",""
"Banksia aemula","specific_pollinator","flycatchers and allies (unspecified)","flower_visitor","bird",,,53,1,2,"rarely",""
"Banksia aemula","specific_pollinator","European honey bee","flower_visitor","honeybee",,,53,3,6,"rarely",""
"Banksia aemula","specific_pollinator","honeyeater (unspecified); New Holland Honeyeater; Brown Honeyeater; White-cheeked Honeyeater; Tawny-crowned Honeyeater; Noisy Miner; wattlebird (unspecified); Little Wattlebird; friarbird (unspecified); Noisy Friarbird","flower_visitor","honeyeater",,,53,31,58,"usually",""
"Banksia aemula","specific_pollinator","lorikeets and allies (unspecified); Rainbow Lorikeet","flower_visitor","parrot",,,53,3,6,"rarely",""
"Banksia aemula","months_flowering_range","Jan-Oct","flowering_time","YYYYYYYYYYNN",,"full range",,,,,"from Discussion text: 'B. aemula flowers from January to October'; monthly chart shows some 'fully open' bar in every month"
"Banksia aemula","months_flowering_peak","Feb-Mar","flowering_time","NYYNNNNNNNNN",,"peak flowering",,,,,"Discussion text: 'though mainly in February and March'"
"Banksia aemula","months_fruiting_cones_present","uncertain - not confidently isolated from chart",,,,,,,,,"LOW CONFIDENCE: with flowering recorded nearly year-round, the 'fruiting cones present' category could not be reliably separated from adjacent categories at this image resolution; recommend manual check against the original chart"
"Banksia ashbyi","growth_form","tree","plant_growth_form","tree",,,70,,46,"commonly",""
"Banksia ashbyi","growth_form","shrub","plant_growth_form","shrub",,,70,,51,"usually",""
"Banksia ashbyi","growth_form","unspecified",,,,,70,,3,"rarely",""
"Banksia ashbyi","growth_response","killed, new seedlings; killed, new seedlings and trunk resprout","resprouting_capacity","fire_killed",,,5,4,80,,
"Banksia ashbyi","growth_response","ground resprout; killed, new seedlings and trunk resprout","resprouting_capacity","resprouts",,,5,2,40,,
"Banksia ashbyi","growth_response","killed, new seedlings; killed, new seedlings and trunk resprout","post_fire_recruitment","post_fire_recruitment",,,5,4,80,,
"Banksia ashbyi","growth_response","ground resprout","bud_bank_location","basal_buds",,,5,1,20,,
"Banksia ashbyi","growth_response","killed, new seedlings and trunk resprout","bud_bank_location","epicormic_buds",,,5,1,20,,
"Banksia ashbyi","growth_response","unspecified",,,,,8,,37,,""
"Banksia ashbyi","flowering_response","occurred after fire",,,,,5,,,,""
"Banksia ashbyi","flowering_response","median time to flowering: 13-24 months","fire_time_from_fire_to_flowering","18.5","median",,5,,,,""
"Banksia ashbyi","flowering_response","minimum time to flowering: <1 month","fire_time_from_fire_to_flowering","1","minimum",,5,,,,""
"Banksia ashbyi","flowering_response","not occurred after fire",,,,,2,,,,""
"Banksia ashbyi","flowering_response","median time to no flowering: 13-24 months","fire_time_from_fire_to_no_flowering","18.5","median",,2,,,,""
"Banksia ashbyi","flowering_response","maximum time to no flowering: 25-36 months","fire_time_from_fire_to_no_flowering","30.5","maximum",,2,,,,""
"Banksia ashbyi","pollinator_type","no pollinator observed",,,,,17,9,,,""
"Banksia ashbyi","pollinator_type","bees, wasps, ants","flower_visitor","bee wasp ant",,,8,4,50,"usually",""
"Banksia ashbyi","pollinator_type","bird","flower_visitor","bird",,,8,3,38,"commonly",""
"Banksia ashbyi","pollinator_type","butterflies, moths","flower_visitor","lepidoptera",,,8,1,12,"occasionally",""
"Banksia ashbyi","specific_pollinator","ant","flower_visitor","ant",,,8,3,38,"commonly",""
"Banksia ashbyi","specific_pollinator","honeyeater (unspecified); Singing Honeyeater","flower_visitor","honeyeater",,,8,4,50,"usually",""
"Banksia ashbyi","months_flowering_range","Apr-Sep","flowering_time","NNNYYYYYYNNN",,"full range",,,,,"from monthly chart ('fully open' bars); text: 'Flowering was observed mainly in winter'"
"Banksia ashbyi","months_flowering_peak","Jul","flowering_time","NNNNNNYNNNNN",,"peak flowering",,,,,"tallest 'fully open' bar in chart (~65%); consistent with text"
"Banksia ashbyi","months_fruiting_cones_present","uncertain - not confidently isolated from chart",,,,,,,,,"LOW CONFIDENCE - flag for manual check"
"Banksia attenuata","growth_form","tree","plant_growth_form","tree",,,1280,,76,"usually",""
"Banksia attenuata","growth_form","shrub","plant_growth_form","shrub",,,1280,,23,"occasionally",""
"Banksia attenuata","growth_form","unspecified",,,,,1280,,1,"rarely",""
"Banksia attenuata","growth_response","ground resprout and killed, new seedlings; killed, new seedlings; killed, new seedlings and trunk resprout","resprouting_capacity","fire_killed",,,131,18,14,,
"Banksia attenuata","growth_response","ground resprout; ground resprout and killed, new seedlings; ground resprout and trunk resprout; killed, new seedlings and trunk resprout; trunk resprout","resprouting_capacity","resprouts",,,131,127,97,,
"Banksia attenuata","growth_response","ground resprout and killed, new seedlings; killed, new seedlings; killed, new seedlings and trunk resprout","post_fire_recruitment","post_fire_recruitment",,,131,18,14,,
"Banksia attenuata","growth_response","ground resprout; ground resprout and killed, new seedlings; ground resprout and trunk resprout","bud_bank_location","basal_buds",,,131,71,54,,
"Banksia attenuata","growth_response","ground resprout and trunk resprout; killed, new seedlings and trunk resprout; trunk resprout","bud_bank_location","epicormic_buds",,,131,83,63,,
"Banksia attenuata","growth_response","unspecified",,,,,191,,34,,""
"Banksia attenuata","flowering_response","occurred after fire",,,,,134,,,,""
"Banksia attenuata","flowering_response","median time to flowering: 13-24 months","fire_time_from_fire_to_flowering","18.5","median",,134,,,,""
"Banksia attenuata","flowering_response","minimum time to flowering: <1 month","fire_time_from_fire_to_flowering","1","minimum",,134,,,,""
"Banksia attenuata","flowering_response","not occurred after fire",,,,,20,,,,""
"Banksia attenuata","flowering_response","median time to no flowering: 13-24 months","fire_time_from_fire_to_no_flowering","18.5","median",,20,,,,""
"Banksia attenuata","flowering_response","maximum time to no flowering: 61-72 months","fire_time_from_fire_to_no_flowering","66","maximum",,20,,,,""
"Banksia attenuata","pollinator_type","no pollinator observed",,,,,436,358,,,""
"Banksia attenuata","pollinator_type","bees, wasps, ants","flower_visitor","bee wasp ant",,,82,48,59,"usually",""
"Banksia attenuata","pollinator_type","bird","flower_visitor","bird",,,82,26,32,"commonly",""
"Banksia attenuata","pollinator_type","flies","flower_visitor","fly",,,82,4,5,"rarely",""
"Banksia attenuata","pollinator_type","butterflies, moths","flower_visitor","lepidoptera",,,82,4,5,"rarely",""
"Banksia attenuata","specific_pollinator","ant","flower_visitor","ant",,,82,9,11,"occasionally",""
"Banksia attenuata","specific_pollinator","bee (unspecified)","flower_visitor","bee",,,82,29,35,"commonly",""
"Banksia attenuata","specific_pollinator","blowfly","flower_visitor","carrion_fly",,,82,1,1,"rarely",""
"Banksia attenuata","specific_pollinator","dragonfly","flower_visitor","dragonfly",,,82,1,1,"rarely",""
"Banksia attenuata","specific_pollinator","European honey bee","flower_visitor","honeybee",,,82,1,1,"rarely",""
"Banksia attenuata","specific_pollinator","honeyeater (unspecified); New Holland Honeyeater; Brown Honeyeater; Singing Honeyeater; Miner (unspecified); wattlebird (unspecified); Western Spinebill","flower_visitor","honeyeater",,,82,14,17,"occasionally",""
"Banksia attenuata","specific_pollinator","Port Lincoln Parrot; Red-tailed Black Cockatoo","flower_visitor","parrot",,,82,2,2,"rarely",""
"Banksia attenuata","months_flowering_range","Oct-Mar","flowering_time","YYYNNNNNNYYY",,"full range",,,,,"from monthly chart ('fully open' bars >~10%); text: 'flowers and produces new shoots mainly in late spring and summer'"
"Banksia attenuata","months_flowering_peak","Nov-Jan","flowering_time","YNNNNNNNNNYY",,"peak flowering",,,,,"Dec tallest (~90%), Nov ~72%, Jan ~78%"
"Banksia attenuata","months_fruiting_cones_present","uncertain - not confidently isolated from chart",,,,,,,,,"LOW CONFIDENCE - flag for manual check"
"Banksia audax","growth_form","shrub","plant_growth_form","shrub",,,33,,94,"usually",""
"Banksia audax","growth_form","unspecified",,,,,33,,6,"rarely",""
"Banksia audax","growth_response","ground resprout","resprouting_capacity","resprouts",,,2,2,100,,
"Banksia audax","growth_response","ground resprout","bud_bank_location","basal_buds",,,2,2,100,,
"Banksia audax","growth_response","unspecified",,,,,4,,50,,""
"Banksia audax","flowering_response","occurred after fire",,,,,4,,,,""
"Banksia audax","flowering_response","median time to flowering: 25-36 months","fire_time_from_fire_to_flowering","30.5","median",,4,,,,""
"Banksia audax","flowering_response","minimum time to flowering: 13-24 months","fire_time_from_fire_to_flowering","18.5","minimum",,4,,,,""
"Banksia audax","flowering_response","not occurred after fire",,,,,0,,,,""
"Banksia audax","pollinator_type","bees, wasps, ants","flower_visitor","bee wasp ant",,,1,1,100,"usually",""
"Banksia audax","months_flowering_range","Jan","flowering_time","YNNNNNNNNNNN",,"full range",1,,,,"main summer record per text ('flowers in summer'); a second minor record in May also shows a small 'fully open' bar in the chart (low confidence, not reflected in Discussion text)"
"Banksia audax","months_flowering_peak","Jan","flowering_time","YNNNNNNNNNNN",,"peak flowering",1,,,,""
"Banksia audax","months_fruiting_cones_present","none evident in chart",,,,,,,,,"chart shows 'majority in bud' pattern for most other months, no clear fruiting-cone pattern"
"Banksia baueri","growth_form","shrub","plant_growth_form","shrub",,,132,,96,"usually",""
"Banksia baueri","growth_form","tree","plant_growth_form","tree",,,132,,2,"rarely",""
"Banksia baueri","growth_form","unspecified",,,,,132,,2,"rarely",""
"Banksia baueri","growth_response","killed, new seedlings; killed, new seedlings and trunk resprout","resprouting_capacity","fire_killed",,,2,2,100,,
"Banksia baueri","growth_response","killed, new seedlings and trunk resprout","resprouting_capacity","resprouts",,,2,1,50,,
"Banksia baueri","growth_response","killed, new seedlings; killed, new seedlings and trunk resprout","post_fire_recruitment","post_fire_recruitment",,,2,2,100,,
"Banksia baueri","growth_response","killed, new seedlings and trunk resprout","bud_bank_location","epicormic_buds",,,2,1,50,,
"Banksia baueri","growth_response","unspecified",,,,,3,,33,,""
"Banksia baueri","flowering_response","occurred after fire",,,,,2,,,,""
"Banksia baueri","flowering_response","median time to flowering: 13-24 months","fire_time_from_fire_to_flowering","18.5","median",,2,,,,""
"Banksia baueri","flowering_response","minimum time to flowering: 1-12 months","fire_time_from_fire_to_flowering","6.5","minimum",,2,,,,""
"Banksia baueri","flowering_response","not occurred after fire",,,,,0,,,,""
"Banksia baueri","pollinator_type","no pollinator observed",,,,,21,20,,,""
"Banksia baueri","pollinator_type","bees, wasps, ants","flower_visitor","bee wasp ant",,,1,1,100,"usually",""
"Banksia baueri","specific_pollinator","ant","flower_visitor","ant",,,1,1,100,"usually",""
"Banksia baueri","months_flowering_range","Mar-Sep","flowering_time","NNYYYYYYYNNN",,"full range",,,,,"from monthly chart ('fully open' bars); text: 'Flowering occurs in autumn and winter'"
"Banksia baueri","months_flowering_peak","Jul","flowering_time","NNNNNNYNNNNN",,"peak flowering",,,,,"tallest 'fully open' bar in chart (~100%)"
"Banksia baueri","months_fruiting_cones_present","uncertain - not confidently isolated from chart",,,,,,,,,"LOW CONFIDENCE - flag for manual check"
"Banksia baxteri","growth_form","tree","plant_growth_form","tree",,,188,,29,"commonly",""
"Banksia baxteri","growth_form","shrub","plant_growth_form","shrub",,,188,,69,"usually",""
"Banksia baxteri","growth_form","unspecified",,,,,188,,2,"rarely",""
"Banksia baxteri","growth_response","ground resprout and killed, new seedlings; killed, new seedlings","resprouting_capacity","fire_killed",,,16,16,100,,
"Banksia baxteri","growth_response","ground resprout and killed, new seedlings","resprouting_capacity","resprouts",,,16,1,6,,
"Banksia baxteri","growth_response","ground resprout and killed, new seedlings; killed, new seedlings","post_fire_recruitment","post_fire_recruitment",,,16,16,100,,
"Banksia baxteri","growth_response","ground resprout and killed, new seedlings","bud_bank_location","basal_buds",,,16,1,6,,
"Banksia baxteri","growth_response","unspecified",,,,,24,,33,,""
"Banksia baxteri","flowering_response","occurred after fire",,,,,12,,,,""
"Banksia baxteri","flowering_response","median time to flowering: 13-24 months","fire_time_from_fire_to_flowering","18.5","median",,12,,,,""
"Banksia baxteri","flowering_response","minimum time to flowering: 1-12 months","fire_time_from_fire_to_flowering","6.5","minimum",,12,,,,""
"Banksia baxteri","flowering_response","not occurred after fire",,,,,5,,,,""
"Banksia baxteri","flowering_response","median time to no flowering: 37-48 months","fire_time_from_fire_to_no_flowering","42.5","median",,5,,,,""
"Banksia baxteri","flowering_response","maximum time to no flowering: 61-72 months","fire_time_from_fire_to_no_flowering","66","maximum",,5,,,,""
"Banksia baxteri","pollinator_type","no pollinator observed",,,,,61,43,,,""
"Banksia baxteri","pollinator_type","bees, wasps, ants","flower_visitor","bee wasp ant",,,18,4,22,"occasionally",""
"Banksia baxteri","pollinator_type","bird","flower_visitor","bird",,,18,14,78,"usually",""
"Banksia baxteri","specific_pollinator","ant","flower_visitor","ant",,,18,1,6,"rarely",""
"Banksia baxteri","specific_pollinator","honeyeater (unspecified); New Holland Honeyeater; White-cheeked Honeyeater; Little Wattlebird; Western Spinebill","flower_visitor","honeyeater",,,18,11,61,"usually",""
"Banksia baxteri","specific_pollinator","Red-tailed Black Cockatoo","flower_visitor","parrot",,,18,2,11,"occasionally",""
"Banksia baxteri","months_flowering_range","Sep-Jun","flowering_time","YYYYYYNNYYYY",,"full range",,,,,"text: 'peak in January and February. Some flowers were recorded as late as June, a few as early as September' (i.e. low/no flowering Jul-Aug)"
"Banksia baxteri","months_flowering_peak","Jan-Feb","flowering_time","YYNNNNNNNNNN",,"peak flowering",,,,,"text and chart agree (Jan ~92%, Feb ~98%)"
"Banksia baxteri","months_fruiting_cones_present","uncertain - not confidently isolated from chart",,,,,,,,,"LOW CONFIDENCE - flag for manual check"
"Banksia benthamiana","growth_form","tree","plant_growth_form","tree",,,36,,36,"commonly",""
"Banksia benthamiana","growth_form","shrub","plant_growth_form","shrub",,,36,,58,"usually",""
"Banksia benthamiana","growth_form","unspecified",,,,,36,,6,"rarely",""
"Banksia benthamiana","growth_response","killed, new seedlings","resprouting_capacity","fire_killed",,,2,2,100,,
"Banksia benthamiana","growth_response","killed, new seedlings","post_fire_recruitment","post_fire_recruitment",,,2,2,100,,
"Banksia benthamiana","growth_response","killed, new seedlings","bud_bank_location","none",,,2,2,100,,
"Banksia benthamiana","flowering_response","occurred after fire",,,,,1,,,,""
"Banksia benthamiana","flowering_response","minimum time to flowering: 85-96 months","fire_time_from_fire_to_flowering","90.5","minimum",,1,,,,""
"Banksia benthamiana","flowering_response","not occurred after fire",,,,,0,,,,""
"Banksia benthamiana","pollinator_type","no pollinator observed",,,,,6,5,,,""
"Banksia benthamiana","pollinator_type","butterflies, moths","flower_visitor","lepidoptera",,,1,1,100,"usually",""
"Banksia benthamiana","months_flowering_range","Nov-Dec","flowering_time","NNNNNNNNNNYY",,"full range",,,,,"text: 'summer appears to be the main season'; chart shows 'fully open' only in Nov (1 record) and Dec (2 records) - THIN SAMPLE, low confidence"
"Banksia benthamiana","months_flowering_peak","Nov-Dec","flowering_time","NNNNNNNNNNYY",,"peak flowering",,,,,"THIN SAMPLE (1-2 records) - low confidence"
"Banksia benthamiana","months_fruiting_cones_present","none evident in chart",,,,,,,,,""
"Banksia blechnifolia","growth_form","shrub","plant_growth_form","shrub",,,37,,100,"usually",""
"Banksia blechnifolia","growth_response","killed, no seedlings and killed, new seedlings","resprouting_capacity","fire_killed",,,1,1,100,,
"Banksia blechnifolia","growth_response","killed, no seedlings and killed, new seedlings","post_fire_recruitment","post_fire_recruitment",,,1,1,100,,
"Banksia blechnifolia","growth_response","killed, no seedlings and killed, new seedlings","post_fire_recruitment","post_fire_recruitment_absent",,,1,1,100,,
"Banksia blechnifolia","growth_response","killed, no seedlings and killed, new seedlings","bud_bank_location","none",,,1,1,100,,
"Banksia blechnifolia","growth_response","unspecified",,,,,2,,50,,""
"Banksia blechnifolia","flowering_response","occurred after fire",,,,,1,,,,""
"Banksia blechnifolia","flowering_response","minimum time to flowering: 85-96 months","fire_time_from_fire_to_flowering","90.5","minimum",,1,,,,""
"Banksia blechnifolia","flowering_response","not occurred after fire",,,,,1,,,,""
"Banksia blechnifolia","flowering_response","maximum time to no flowering: 13-24 months","fire_time_from_fire_to_no_flowering","18.5","maximum",,1,,,,""
"Banksia blechnifolia","pollinator_type","no pollinator observed",,,,,12,8,,,""
"Banksia blechnifolia","pollinator_type","bees, wasps, ants","flower_visitor","bee wasp ant",,,4,2,50,"usually",""
"Banksia blechnifolia","pollinator_type","flies","flower_visitor","fly",,,4,2,50,"usually",""
"Banksia blechnifolia","specific_pollinator","ant","flower_visitor","ant",,,4,2,50,"usually",""
"Banksia blechnifolia","specific_pollinator","blowfly","flower_visitor","carrion_fly",,,4,1,25,"commonly",""
"Banksia blechnifolia","months_flowering_range","Jun-Nov","flowering_time","NNNNNYYYYYYN",,"full range",,,,,"text: 'Flowering is mainly in spring although it may begin as early as June'; chart shows 'fully open' bars Jun-Nov"
"Banksia blechnifolia","months_flowering_peak","Sep-Nov","flowering_time","NNNNNNNNYYYN",,"peak flowering",,,,,"DISCREPANCY FLAGGED: text says 'mainly in spring' (Sep-Nov) but the single tallest bar in the chart was July (~70%); reporting the text-based spring peak as primary, chart peak noted here for reference"
"Banksia blechnifolia","months_fruiting_cones_present","uncertain - not confidently isolated from chart",,,,,,,,,"LOW CONFIDENCE - flag for manual check"
"Banksia brownii","growth_form","tree","plant_growth_form","tree",,,18,,56,"usually",""
"Banksia brownii","growth_form","shrub","plant_growth_form","shrub",,,18,,39,"commonly",""
"Banksia brownii","growth_form","unspecified",,,,,18,,5,"rarely",""
"Banksia brownii","growth_response","killed, new seedlings","resprouting_capacity","fire_killed",,,1,1,100,,
"Banksia brownii","growth_response","killed, new seedlings","post_fire_recruitment","post_fire_recruitment",,,1,1,100,,
"Banksia brownii","growth_response","killed, new seedlings","bud_bank_location","none",,,1,1,100,,
"Banksia brownii","growth_response","unspecified",,,,,2,,50,,""
"Banksia brownii","flowering_response","occurred after fire",,,,,2,,,,""
"Banksia brownii","flowering_response","minimum time to flowering: 61-72 months","fire_time_from_fire_to_flowering","66","minimum",,2,,,,""
"Banksia brownii","flowering_response","not occurred after fire",,,,,0,,,,""
"Banksia brownii","pollinator_type","no pollinator observed",,,,,2,2,,,""
"Banksia brownii","months_flowering_range","Apr, Jul","flowering_time","NNNYNNYNNNNN",,"full range",,,,,"text: 'Flowering appears to be in winter'; chart shows 'fully open' solid bars in Apr (~100%) and Jul (~100%), plus a small Jan record - THIN SAMPLE (18 total records)"
"Banksia brownii","months_flowering_peak","Apr and Jul (tied)","flowering_time","NNNYNNYNNNNN",,"peak flowering",,,,,"THIN SAMPLE - low confidence"
"Banksia brownii","months_fruiting_cones_present","Aug-Nov","fruiting_time","NNNNNNNYYYYN",,,,,,,"from monthly chart ('fruiting cones present' pattern); moderate confidence"
"Banksia burdettii","growth_form","tree","plant_growth_form","tree",,,81,,17,"occasionally",""
"Banksia burdettii","growth_form","shrub","plant_growth_form","shrub",,,81,,26,"commonly",""
"Banksia burdettii","growth_form","unspecified",,,,,81,,57,"usually",""
"Banksia burdettii","growth_response","unspecified",,,,,1,,100,,""
"Banksia burdettii","flowering_response","occurred after fire",,,,,1,,,,""
"Banksia burdettii","flowering_response","minimum time to flowering: 49-60 months","fire_time_from_fire_to_flowering","54.5","minimum",,1,,,,""
"Banksia burdettii","flowering_response","not occurred after fire",,,,,0,,,,""
"Banksia burdettii","pollinator_type","bird","flower_visitor","bird",,,2,2,100,"usually",""
"Banksia burdettii","specific_pollinator","Brown Honeyeater","flower_visitor","honeyeater",,,2,1,50,"usually",""
"Banksia burdettii","months_flowering_range","Jan-Apr","flowering_time","YYYYNNNNNNNN",,"full range",,,,,"from monthly chart ('fully open' bars, Jan/Feb 100%, Apr ~15%); a small secondary record in Aug also shows partial 'fully open'. NOTE: Discussion text states 'Flowering is in summer and early autumn' which matches Jan-Apr well"
"Banksia burdettii","months_flowering_peak","Jan-Feb","flowering_time","YYNNNNNNNNNN",,"peak flowering",,,,,"chart shows Jan and Feb both at 100% 'fully open'"
"Banksia burdettii","months_fruiting_cones_present","uncertain - not confidently isolated from chart",,,,,,,,,"LOW CONFIDENCE - flag for manual check"
"Banksia caleyi","growth_form","tree","plant_growth_form","tree",,,100,,2,"rarely",""
"Banksia caleyi","growth_form","shrub","plant_growth_form","shrub",,,100,,95,"usually",""
"Banksia caleyi","growth_form","unspecified",,,,,100,,3,"rarely",""
"Banksia caleyi","growth_response","killed, new seedlings; killed, no seedlings","resprouting_capacity","fire_killed",,,2,2,100,,
"Banksia caleyi","growth_response","killed, new seedlings","post_fire_recruitment","post_fire_recruitment",,,2,1,50,,
"Banksia caleyi","growth_response","killed, no seedlings","post_fire_recruitment","post_fire_recruitment_absent",,,2,1,50,,
"Banksia caleyi","growth_response","killed, new seedlings; killed, no seedlings","bud_bank_location","none",,,2,2,100,,
"Banksia caleyi","growth_response","unspecified",,,,,3,,33,,""
"Banksia caleyi","flowering_response","occurred after fire",,,,,1,,,,""
"Banksia caleyi","flowering_response","median time to flowering: 25-36 months","fire_time_from_fire_to_flowering","30.5","median",,1,,,,""
"Banksia caleyi","flowering_response","not occurred after fire",,,,,1,,,,""
"Banksia caleyi","flowering_response","maximum time to no flowering: 25-36 months","fire_time_from_fire_to_no_flowering","30.5","maximum",,1,,,,""
"Banksia caleyi","pollinator_type","no pollinator observed",,,,,29,28,,,""
"Banksia caleyi","pollinator_type","bees, wasps, ants","flower_visitor","bee wasp ant",,,1,1,100,"usually",""
"Banksia caleyi","specific_pollinator","ant","flower_visitor","ant",,,1,1,100,"usually",""
"Banksia caleyi","months_flowering_range","Sep-Jan","flowering_time","YNNNNNNNYYYY",,"full range",,,,,"text: 'Flowering is from September to January'"
"Banksia caleyi","months_flowering_peak","Nov-Dec","flowering_time","NNNNNNNNNNYY",,"peak flowering",,,,,"from monthly chart ('fully open' bars: Nov ~75%, Dec ~85%, tallest of the season)"
"Banksia caleyi","months_fruiting_cones_present","uncertain - not confidently isolated from chart",,,,,,,,,"LOW CONFIDENCE - flag for manual check"
"Banksia candolleana","growth_form","shrub","plant_growth_form","shrub",,,95,,99,"usually",""
"Banksia candolleana","growth_form","unspecified",,,,,95,,1,"rarely",""
"Banksia candolleana","growth_response","ground resprout and killed, new seedlings","resprouting_capacity","fire_killed",,,10,1,10,,
"Banksia candolleana","growth_response","ground resprout; ground resprout and killed, new seedlings","resprouting_capacity","resprouts",,,10,10,100,,
"Banksia candolleana","growth_response","ground resprout and killed, new seedlings","post_fire_recruitment","post_fire_recruitment",,,10,1,10,,
"Banksia candolleana","growth_response","ground resprout; ground resprout and killed, new seedlings","bud_bank_location","basal_buds",,,10,10,100,,
"Banksia candolleana","growth_response","unspecified",,,,,15,,33,,""
"Banksia candolleana","flowering_response","occurred after fire",,,,,10,,,,""
"Banksia candolleana","flowering_response","median time to flowering: 13-24 months","fire_time_from_fire_to_flowering","18.5","median",,10,,,,""
"Banksia candolleana","flowering_response","minimum time to flowering: 13-24 months","fire_time_from_fire_to_flowering","18.5","minimum",,10,,,,""
"Banksia candolleana","flowering_response","not occurred after fire",,,,,3,,,,""
"Banksia candolleana","flowering_response","median time to no flowering: 13-24 months","fire_time_from_fire_to_no_flowering","18.5","median",,3,,,,""
"Banksia candolleana","flowering_response","maximum time to no flowering: 13-24 months","fire_time_from_fire_to_no_flowering","18.5","maximum",,3,,,,""
"Banksia candolleana","pollinator_type","no pollinator observed",,,,,26,23,,,""
"Banksia candolleana","pollinator_type","bees, wasps, ants","flower_visitor","bee wasp ant",,,3,3,100,"usually",""
"Banksia candolleana","specific_pollinator","ant","flower_visitor","ant",,,3,2,67,"usually",""
"Banksia candolleana","specific_pollinator","European honey bee","flower_visitor","honeybee",,,3,1,33,"commonly",""
"Banksia candolleana","months_flowering_range","Mar-Jul, plus a single Dec record","flowering_time","NNYYYYYNNNNY",,"full range",,,,,"text: 'Flowering is from March to July. There is also a single record of flowering in December'"
"Banksia candolleana","months_flowering_peak","May","flowering_time","NNNNYNNNNNNN",,"peak flowering",,,,,"from monthly chart ('fully open' ~100%, tallest bar)"
"Banksia candolleana","months_fruiting_cones_present","uncertain - not confidently isolated from chart",,,,,,,,,"LOW CONFIDENCE - flag for manual check"
"Banksia canei","growth_form","shrub","plant_growth_form","shrub",,,48,,92,"usually",""
"Banksia canei","growth_form","tree","plant_growth_form","tree",,,48,,6,"rarely",""
"Banksia canei","growth_form","unspecified",,,,,48,,2,"rarely",""
"Banksia canei","growth_response","unspecified",,,,,3,,100,,""
"Banksia canei","flowering_response","occurred after fire",,,,,2,,,,""
"Banksia canei","flowering_response","minimum time to flowering: <1 month","fire_time_from_fire_to_flowering","1","minimum",,2,,,,""
"Banksia canei","flowering_response","not occurred after fire",,,,,0,,,,""
"Banksia canei","pollinator_type","no pollinator observed",,,,,42,37,,,""
"Banksia canei","pollinator_type","bees, wasps, ants","flower_visitor","bee wasp ant",,,5,3,60,"usually",""
"Banksia canei","pollinator_type","bird","flower_visitor","bird",,,5,2,40,"commonly",""
"Banksia canei","specific_pollinator","bee (unspecified)","flower_visitor","bee",,,5,2,40,"commonly",""
"Banksia canei","specific_pollinator","honeyeater (unspecified); Yellow-tufted Honeyeater","flower_visitor","honeyeater",,,5,2,40,"commonly",""
"Banksia canei","months_flowering_range","Dec-May","flowering_time","YYYYYNNNNNNY",,"full range",,,,,"text: 'Flowers were recorded from December to May with a peak from February to April'; chart also shows a single minor 'fully open' record in Aug (1 record) not mentioned in the text"
"Banksia canei","months_flowering_peak","Feb-Apr","flowering_time","NYYYNNNNNNNN",,"peak flowering",,,,,"text and chart agree (Feb/Mar/Apr all ~90-100% 'fully open')"
"Banksia canei","months_fruiting_cones_present","uncertain - not confidently isolated from chart",,,,,,,,,"LOW CONFIDENCE - flag for manual check"
"Banksia chamaephyton","growth_form","shrub","plant_growth_form","shrub",,,36,,97,"usually",""
"Banksia chamaephyton","growth_form","unspecified",,,,,36,,3,"rarely",""
"Banksia chamaephyton","growth_response","no fire-response records",,,,,0,,,,""
"Banksia chamaephyton","pollinator_type","no pollinator observed",,,,,13,13,,,""
"Banksia chamaephyton","months_flowering_range","Nov-Dec","flowering_time","NNNNNNNNNNYY",,"full range",,,,,"text: 'Flowering is in November and December'; chart confirms 100% 'fully open' in both months and 0% in all others"
"Banksia chamaephyton","months_flowering_peak","Nov-Dec","flowering_time","NNNNNNNNNNYY",,"peak flowering",,,,,"both months at 100% 'fully open' in the chart"
"Banksia chamaephyton","months_fruiting_cones_present","none evident in chart",,,,,,,,,""
"Banksia coccinea","growth_form","tree","plant_growth_form","tree",,,171,,33,"commonly",""
"Banksia coccinea","growth_form","shrub","plant_growth_form","shrub",,,171,,65,"usually",""
"Banksia coccinea","growth_form","unspecified",,,,,171,,2,"rarely",""
"Banksia coccinea","growth_response","ground resprout and killed, new seedlings; killed, new seedlings","resprouting_capacity","fire_killed",,,18,18,100,,
"Banksia coccinea","growth_response","ground resprout and killed, new seedlings","resprouting_capacity","resprouts",,,18,1,6,,
"Banksia coccinea","growth_response","ground resprout and killed, new seedlings; killed, new seedlings","post_fire_recruitment","post_fire_recruitment",,,18,18,100,,
"Banksia coccinea","growth_response","ground resprout and killed, new seedlings","bud_bank_location","basal_buds",,,18,1,6,,
"Banksia coccinea","growth_response","unspecified",,,,,29,,38,,""
"Banksia coccinea","flowering_response","occurred after fire",,,,,15,,,,""
"Banksia coccinea","flowering_response","median time to flowering: 13-24 months","fire_time_from_fire_to_flowering","18.5","median",,15,,,,""
"Banksia coccinea","flowering_response","minimum time to flowering: <1 month","fire_time_from_fire_to_flowering","1","minimum",,15,,,,""
"Banksia coccinea","flowering_response","not occurred after fire",,,,,8,,,,""
"Banksia coccinea","flowering_response","median time to no flowering: 24-25 months","fire_time_from_fire_to_no_flowering","24.5","median",,8,,,,""
"Banksia coccinea","flowering_response","maximum time to no flowering: 49-60 months","fire_time_from_fire_to_no_flowering","54.5","maximum",,8,,,,""
"Banksia coccinea","pollinator_type","no pollinator observed",,,,,43,30,,,""
"Banksia coccinea","pollinator_type","bees, wasps, ants","flower_visitor","bee wasp ant",,,13,4,31,"commonly",""
"Banksia coccinea","pollinator_type","bird","flower_visitor","bird",,,13,9,69,"usually",""
"Banksia coccinea","specific_pollinator","ant","flower_visitor","ant",,,13,3,23,"occasionally",""
"Banksia coccinea","specific_pollinator","New Holland Honeyeater; Red Wattlebird; Western Spinebill","flower_visitor","honeyeater",,,13,9,69,"usually",""
"Banksia coccinea","specific_pollinator","rosella (unspecified)","flower_visitor","parrot",,,13,1,8,"rarely",""
"Banksia coccinea","months_flowering_range","May-Dec","flowering_time","NNNNYYYYYYYY",,"full range",,,,,"text: 'Flowering is from May to December with a peak from July to October'"
"Banksia coccinea","months_flowering_peak","Jul-Oct","flowering_time","NNNNNNYYYYNN",,"peak flowering",,,,,"text and chart agree (Jul ~90%, Aug ~90%, Sep ~65%, Oct ~95% 'fully open')"
"Banksia coccinea","months_fruiting_cones_present","uncertain - not confidently isolated from chart",,,,,,,,,"LOW CONFIDENCE - flag for manual check"
"Banksia conferta","growth_form","tree","plant_growth_form","tree",,,32,,9,"rarely",""
"Banksia conferta","growth_form","shrub","plant_growth_form","shrub",,,32,,91,"usually",""
"Banksia conferta","growth_response","killed, new seedlings","resprouting_capacity","fire_killed",,,4,4,100,,
"Banksia conferta","growth_response","killed, new seedlings","post_fire_recruitment","post_fire_recruitment",,,4,4,100,,
"Banksia conferta","growth_response","killed, new seedlings","bud_bank_location","none",,,4,4,100,,
"Banksia conferta","growth_response","unspecified",,,,,6,,33,,""
"Banksia conferta","flowering_response","occurred after fire",,,,,4,,,,""
"Banksia conferta","flowering_response","median time to flowering: 60-72 months","fire_time_from_fire_to_flowering","66","median",,4,,,,""
"Banksia conferta","flowering_response","minimum time to flowering: 49-60 months","fire_time_from_fire_to_flowering","54.5","minimum",,4,,,,""
"Banksia conferta","flowering_response","not occurred after fire",,,,,1,,,,""
"Banksia conferta","flowering_response","maximum time to no flowering: 37-48 months","fire_time_from_fire_to_no_flowering","42.5","maximum",,1,,,,""
"Banksia conferta","pollinator_type","no pollinator observed",,,,,22,17,,,""
"Banksia conferta","pollinator_type","bees, wasps, ants","flower_visitor","bee wasp ant",,,5,3,60,"usually",""
"Banksia conferta","pollinator_type","bird","flower_visitor","bird",,,5,1,20,"occasionally",""
"Banksia conferta","pollinator_type","flies","flower_visitor","fly",,,5,1,20,"occasionally",""
"Banksia conferta","specific_pollinator","ant","flower_visitor","ant",,,5,1,20,"occasionally",""
"Banksia conferta","specific_pollinator","bee (unspecified)","flower_visitor","bee",,,5,1,20,"occasionally",""
"Banksia conferta","months_flowering_range","Apr-Aug","flowering_time","NNNYYYYYNNNN",,"full range",,,,,"text: 'Limited records suggest a flowering period from autumn to late winter'"
"Banksia conferta","months_flowering_peak","Aug","flowering_time","NNNNNNNYNNNN",,"peak flowering",,,,,"from monthly chart, tallest 'fully open' bar (~100%); May and Jul also high (~90%)"
"Banksia conferta","months_fruiting_cones_present","uncertain - not confidently isolated from chart",,,,,,,,,"LOW CONFIDENCE - flag for manual check"
"Banksia conferta var. conferta","growth_form","tree","plant_growth_form","tree",,,6,,17,"occasionally",""
"Banksia conferta var. conferta","growth_form","shrub","plant_growth_form","shrub",,,6,,83,"usually",""
"Banksia conferta var. conferta","growth_response","killed, new seedlings","resprouting_capacity","fire_killed",,,3,3,100,,
"Banksia conferta var. conferta","growth_response","killed, new seedlings","post_fire_recruitment","post_fire_recruitment",,,3,3,100,,
"Banksia conferta var. conferta","growth_response","killed, new seedlings","bud_bank_location","none",,,3,3,100,,
"Banksia conferta var. conferta","growth_response","unspecified",,,,,5,,40,,""
"Banksia conferta var. conferta","flowering_response","occurred after fire",,,,,4,,,,""
"Banksia conferta var. conferta","flowering_response","median time to flowering: 61-72 months","fire_time_from_fire_to_flowering","66","median",,4,,,,""
"Banksia conferta var. conferta","flowering_response","minimum time to flowering: 49-60 months","fire_time_from_fire_to_flowering","54.5","minimum",,4,,,,""
"Banksia conferta var. conferta","flowering_response","not occurred after fire",,,,,0,,,,""
"Banksia conferta var. conferta","pollinator_type","bees, wasps, ants","flower_visitor","bee wasp ant",,,2,1,50,"usually",""
"Banksia conferta var. conferta","pollinator_type","bird","flower_visitor","bird",,,2,1,50,"usually",""
"Banksia conferta var. conferta","months_flowering_range","Apr, May, Aug","flowering_time","NNNYYNNYNNNN",,"full range",,,,,"THIN SAMPLE (6 total records). Chart shows 'fully open' at Apr (100%) and Aug (100%), with a small amount in May (~15%)"
"Banksia conferta var. conferta","months_flowering_peak","Apr and Aug (tied)","flowering_time","NNNYNNNYNNNN",,"peak flowering",,,,,"THIN SAMPLE - low confidence"
"Banksia conferta var. conferta","months_fruiting_cones_present","uncertain - not confidently isolated from chart",,,,,,,,,"LOW CONFIDENCE - flag for manual check"
"Banksia conferta var. penicillata","growth_form","tree","plant_growth_form","tree",,,26,,8,"rarely",""
"Banksia conferta var. penicillata","growth_form","shrub","plant_growth_form","shrub",,,26,,92,"usually",""
"Banksia conferta var. penicillata","growth_response","killed, new seedlings","resprouting_capacity","fire_killed",,,1,1,100,,
"Banksia conferta var. penicillata","growth_response","killed, new seedlings","post_fire_recruitment","post_fire_recruitment",,,1,1,100,,
"Banksia conferta var. penicillata","growth_response","killed, new seedlings","bud_bank_location","none",,,1,1,100,,
"Banksia conferta var. penicillata","flowering_response","occurred after fire",,,,,0,,,,""
"Banksia conferta var. penicillata","flowering_response","not occurred after fire",,,,,1,,,,""
"Banksia conferta var. penicillata","flowering_response","maximum time to no flowering: 37-48 months","fire_time_from_fire_to_no_flowering","42.5","maximum",,1,,,,""
"Banksia conferta var. penicillata","pollinator_type","no pollinator observed",,,,,20,17,,,""
"Banksia conferta var. penicillata","pollinator_type","bees, wasps, ants","flower_visitor","bee wasp ant",,,3,2,67,"usually",""
"Banksia conferta var. penicillata","pollinator_type","flies","flower_visitor","fly",,,3,1,33,"commonly",""
"Banksia conferta var. penicillata","specific_pollinator","ant","flower_visitor","ant",,,3,1,33,"commonly",""
"Banksia conferta var. penicillata","specific_pollinator","bee (unspecified)","flower_visitor","bee",,,3,1,33,"commonly",""
"Banksia conferta var. penicillata","months_flowering_range","Apr-Jul","flowering_time","NNNYYYYNNNNN",,"full range",,,,,"text: 'Flowering is from autumn through to winter'"
"Banksia conferta var. penicillata","months_flowering_peak","Jun","flowering_time","NNNNNYNNNNNN",,"peak flowering",,,,,"from monthly chart, tallest 'fully open' bar (~70%)"
"Banksia conferta var. penicillata","months_fruiting_cones_present","uncertain - not confidently isolated from chart",,,,,,,,,"LOW CONFIDENCE - flag for manual check"
"Banksia cuneata","growth_form","tree","plant_growth_form","tree",,,4,,50,"usually",""
"Banksia cuneata","growth_form","shrub","plant_growth_form","shrub",,,4,,50,"usually",""
"Banksia cuneata","growth_response","no fire-response records",,,,,0,,,,""
"Banksia cuneata","months_flowering_range","Jun","flowering_time","NNNNNYNNNNNN",,"full range",,,,,"DISCREPANCY FLAGGED: Discussion text states 'The species flowers in spring' but the monthly chart's only 'fully open' record is in June (100%), with Nov and Dec both showing only 'majority in bud'. THIN SAMPLE (4 total records: Jun=2, Nov=1, Dec=1) - recommend manual check of the original chart/text"
"Banksia cuneata","months_flowering_peak","Jun","flowering_time","NNNNNYNNNNNN",,"peak flowering",,,,,"only month with a 'fully open' record in the chart; THIN SAMPLE"
"Banksia cuneata","months_fruiting_cones_present","none evident in chart",,,,,,,,,""
"Banksia dentata","growth_form","tree","plant_growth_form","tree",,,133,,92,"usually",""
"Banksia dentata","growth_form","shrub","plant_growth_form","shrub",,,133,,5,"rarely",""
"Banksia dentata","growth_form","unspecified",,,,,133,,3,"rarely",""
"Banksia dentata","growth_response","killed, new seedlings; killed, no seedlings and trunk resprout","resprouting_capacity","fire_killed",,,28,5,18,,
"Banksia dentata","growth_response","ground resprout; trunk resprout; killed, no seedlings and trunk resprout","resprouting_capacity","resprouts",,,28,25,89,,
"Banksia dentata","growth_response","killed, new seedlings","post_fire_recruitment","post_fire_recruitment",,,28,3,11,,
"Banksia dentata","growth_response","killed, no seedlings and trunk resprout","post_fire_recruitment","post_fire_recruitment_absent",,,28,2,7,,
"Banksia dentata","growth_response","ground resprout","bud_bank_location","basal_buds",,,28,3,11,,
"Banksia dentata","growth_response","trunk resprout; killed, no seedlings and trunk resprout","bud_bank_location","epicormic_buds",,,28,22,79,,
"Banksia dentata","growth_response","unspecified",,,,,36,,22,,""
"Banksia dentata","flowering_response","occurred after fire",,,,,23,,,,""
"Banksia dentata","flowering_response","median time to flowering: 1-12 months","fire_time_from_fire_to_flowering","6.5","median",,23,,,,""
"Banksia dentata","flowering_response","minimum time to flowering: <1 month","fire_time_from_fire_to_flowering","1","minimum",,23,,,,""
"Banksia dentata","flowering_response","not occurred after fire",,,,,6,,,,""
"Banksia dentata","flowering_response","median time to no flowering: 1-12 months","fire_time_from_fire_to_no_flowering","6.5","median",,6,,,,""
"Banksia dentata","flowering_response","maximum time to no flowering: 13-24 months","fire_time_from_fire_to_no_flowering","18.5","maximum",,6,,,,""
"Banksia dentata","pollinator_type","no pollinator observed",,,,,44,43,,,""
"Banksia dentata","pollinator_type","bird","flower_visitor","bird",,,1,1,100,"usually",""
"Banksia dentata","specific_pollinator","honeyeater (unspecified)","flower_visitor","honeyeater",,,1,1,100,"usually",""
"Banksia dentata","months_flowering_range","Apr-Jul","flowering_time","NNNYYYYNNNNN",,"full range",,,,,"DISCREPANCY FLAGGED: from the monthly chart ('fully open' bars: Apr ~25%, May ~15%, Jun ~5%, Jul ~15%), but the Discussion text cites George (1981) stating the flowering period as 'November to June' (attributed to the tropical wet season making fieldwork difficult) - the actual Atlas chart data do not show any 'fully open' records outside Apr-Jul"
"Banksia dentata","months_flowering_peak","Apr","flowering_time","NNNYNNNNNNNN",,"peak flowering",,,,,"tallest 'fully open' bar in the chart (~25%)"
"Banksia dentata","months_fruiting_cones_present","uncertain - not confidently isolated from chart",,,,,,,,,"LOW CONFIDENCE - flag for manual check"
"Banksia dryandroides","growth_form","shrub","plant_growth_form","shrub",,,65,,100,"usually",""
"Banksia dryandroides","growth_response","killed, new seedlings","resprouting_capacity","fire_killed",,,4,3,75,,
"Banksia dryandroides","growth_response","ground resprout","resprouting_capacity","resprouts",,,4,1,25,,
"Banksia dryandroides","growth_response","killed, new seedlings","post_fire_recruitment","post_fire_recruitment",,,4,3,75,,
"Banksia dryandroides","growth_response","ground resprout","bud_bank_location","basal_buds",,,4,1,25,,
"Banksia dryandroides","growth_response","unspecified",,,,,7,,43,,""
"Banksia dryandroides","flowering_response","occurred after fire",,,,,3,,,,""
"Banksia dryandroides","flowering_response","median time to flowering: 25-36 months","fire_time_from_fire_to_flowering","30.5","median",,3,,,,""
"Banksia dryandroides","flowering_response","minimum time to flowering: 13-24 months","fire_time_from_fire_to_flowering","18.5","minimum",,3,,,,""
"Banksia dryandroides","flowering_response","not occurred after fire",,,,,3,,,,""
"Banksia dryandroides","flowering_response","median time to no flowering: 37-48 months","fire_time_from_fire_to_no_flowering","42.5","median",,3,,,,""
"Banksia dryandroides","flowering_response","maximum time to no flowering: 37-48 months","fire_time_from_fire_to_no_flowering","42.5","maximum",,3,,,,""
"Banksia dryandroides","pollinator_type","no pollinator observed",,,,,17,17,,,""
"Banksia dryandroides","months_flowering_range","Sep-Jan, plus a secondary record in Jun","flowering_time","YNNNNYNNYYYY",,"full range",,,,,"text: 'main flowering period is from spring through to early summer, though flowers have also been recorded in June ... from every month' (old flowers with residual colour recorded in other months, but chart 'fully open' bars concentrate at Jan ~35%, Jun ~35%, Sep ~10%, Nov ~65%)"
"Banksia dryandroides","months_flowering_peak","Nov","flowering_time","NNNNNNNNNNYN",,"peak flowering",,,,,"tallest 'fully open' bar in chart (~65%); text also notes 'a possible peak in spring'"
"Banksia dryandroides","months_fruiting_cones_present","uncertain - not confidently isolated from chart",,,,,,,,,"LOW CONFIDENCE - flag for manual check"
"Banksia elderiana","growth_form","shrub","plant_growth_form","shrub",,,167,,99,"usually",""
"Banksia elderiana","growth_form","tree","plant_growth_form","tree",,,167,,1,"rarely",""
"Banksia elderiana","growth_response","killed, no seedlings","resprouting_capacity","fire_killed",,,24,1,4,,
"Banksia elderiana","growth_response","ground resprout; ground resprout and trunk resprout","resprouting_capacity","resprouts",,,24,23,96,,
"Banksia elderiana","growth_response","killed, no seedlings","post_fire_recruitment","post_fire_recruitment_absent",,,24,1,4,,
"Banksia elderiana","growth_response","ground resprout; ground resprout and trunk resprout","bud_bank_location","basal_buds",,,24,23,96,,
"Banksia elderiana","growth_response","ground resprout and trunk resprout","bud_bank_location","epicormic_buds",,,24,1,4,,
"Banksia elderiana","growth_response","unspecified",,,,,30,,20,,""
"Banksia elderiana","flowering_response","occurred after fire",,,,,18,,,,""
"Banksia elderiana","flowering_response","median time to flowering: 25-36 months","fire_time_from_fire_to_flowering","30.5","median",,18,,,,""
"Banksia elderiana","flowering_response","minimum time to flowering: 1-12 months","fire_time_from_fire_to_flowering","6.5","minimum",,18,,,,""
"Banksia elderiana","flowering_response","not occurred after fire",,,,,8,,,,""
"Banksia elderiana","flowering_response","median time to no flowering: 1-12 months","fire_time_from_fire_to_no_flowering","6.5","median",,8,,,,""
"Banksia elderiana","flowering_response","maximum time to no flowering: 25-36 months","fire_time_from_fire_to_no_flowering","30.5","maximum",,8,,,,""
"Banksia elderiana","pollinator_type","no pollinator observed",,,,,27,23,,,""
"Banksia elderiana","pollinator_type","bees, wasps, ants","flower_visitor","bee wasp ant",,,4,3,75,"usually",""
"Banksia elderiana","pollinator_type","flies","flower_visitor","fly",,,4,1,25,"commonly",""
"Banksia elderiana","specific_pollinator","ant","flower_visitor","ant",,,4,2,50,"usually",""
"Banksia elderiana","months_flowering_range","Dec-Feb","flowering_time","YYNNNNNNNNNY",,"full range",,,,,"text: 'Flowering is from December to February and new shoot growth mainly from late spring to autumn'"
"Banksia elderiana","months_flowering_peak","Feb","flowering_time","NYNNNNNNNNNN",,"peak flowering",,,,,"from monthly chart, tallest 'fully open' bar (~65%); Jan also substantial (~40%)"
"Banksia elderiana","months_fruiting_cones_present","uncertain - not confidently isolated from chart",,,,,,,,,"LOW CONFIDENCE - flag for manual check"
"Banksia elegans","growth_form","tree","plant_growth_form","tree",,,24,,17,"occasionally",""
"Banksia elegans","growth_form","shrub","plant_growth_form","shrub",,,24,,83,"usually",""
"Banksia elegans","growth_response","ground resprout; ground resprout and trunk resprout; trunk resprout","resprouting_capacity","resprouts",,,15,15,100,,
"Banksia elegans","growth_response","ground resprout; ground resprout and trunk resprout","bud_bank_location","basal_buds",,,15,11,73,,
"Banksia elegans","growth_response","ground resprout and trunk resprout; trunk resprout","bud_bank_location","epicormic_buds",,,15,8,53,,
"Banksia elegans","flowering_response","occurred after fire",,,,,5,,,,""
"Banksia elegans","flowering_response","median time to flowering: 13-24 months","fire_time_from_fire_to_flowering","18.5","median",,5,,,,""
"Banksia elegans","flowering_response","minimum time to flowering: 1-12 months","fire_time_from_fire_to_flowering","6.5","minimum",,5,,,,""
"Banksia elegans","flowering_response","not occurred after fire",,,,,8,,,,""
"Banksia elegans","flowering_response","median time to no flowering: 13-24 months","fire_time_from_fire_to_no_flowering","18.5","median",,8,,,,""
"Banksia elegans","flowering_response","maximum time to no flowering: 25-36 months","fire_time_from_fire_to_no_flowering","30.5","maximum",,8,,,,""
"Banksia elegans","pollinator_type","no pollinator observed",,,,,6,6,,,""
"Banksia elegans","months_flowering_range","no 'fully open' records in the Atlas chart",,,,"full range",,,,,"text: 'Atlas contributors did not observe flowering plants nor pollinators though George (1981) recorded the flowering period as October and November.' The monthly chart shows only 'majority in bud' / 'recently finished' / 'unspecified' categories across all 12 months - zero months with a 'fully open' bar"
"Banksia elegans","months_flowering_peak","not observed by Atlas contributors; George (1981) reports October-November",,,,"peak flowering",,,,,"literature citation only, not supported by Atlas chart data"
"Banksia elegans","months_fruiting_cones_present","none evident in chart",,,,,,,,,""
"Banksia epica","growth_form","tree","plant_growth_form","tree",,,1,,100,"usually",""
"Banksia epica","growth_response","no fire-response records",,,,,0,,,,""
"Banksia epica","pollinator_type","bird","flower_visitor","bird",,,1,1,100,"usually",""
"Banksia epica","specific_pollinator","thornbill (unspecified)","flower_visitor","bird",,,1,1,100,"usually",""
"Banksia epica","specific_pollinator","New Holland Honeyeater","flower_visitor","honeyeater",,,1,1,100,"usually",""
"Banksia epica","months_flowering_range","Apr-May","flowering_time","NNNYYNNNNNNN",,"full range",,,,,"text: 'The entire flowering season is not known though flowers have been observed in April and May.' Only 1 total record (May); chart shows that single May record as 100% 'fully open'. THIN SAMPLE"
"Banksia epica","months_flowering_peak","May","flowering_time","NNNNYNNNNNNN",,"peak flowering",,,,,"THIN SAMPLE - only 1 record total"
"Banksia epica","months_fruiting_cones_present","not known",,,,,,,,,"text: fruiting cone appearance is described but timing not discussed"
"Banksia ericifolia","growth_form","tree","plant_growth_form","tree",,,565,,21,"occasionally",""
"Banksia ericifolia","growth_form","shrub","plant_growth_form","shrub",,,565,,75,"usually",""
"Banksia ericifolia","growth_form","unspecified",,,,,565,,4,"rarely",""
"Banksia ericifolia","growth_response","killed, new seedlings; killed, no seedlings; killed, no seedlings and killed, new seedlings","resprouting_capacity","fire_killed",,,69,62,90,,
"Banksia ericifolia","growth_response","ground resprout; trunk resprout","resprouting_capacity","resprouts",,,69,7,10,,
"Banksia ericifolia","growth_response","killed, new seedlings; killed, no seedlings and killed, new seedlings","post_fire_recruitment","post_fire_recruitment",,,69,59,86,,
"Banksia ericifolia","growth_response","killed, no seedlings; killed, no seedlings and killed, new seedlings","post_fire_recruitment","post_fire_recruitment_absent",,,69,4,6,,
"Banksia ericifolia","growth_response","ground resprout","bud_bank_location","basal_buds",,,69,5,7,,
"Banksia ericifolia","growth_response","trunk resprout","bud_bank_location","epicormic_buds",,,69,2,3,,
"Banksia ericifolia","growth_response","unspecified",,,,,97,,29,,""
"Banksia ericifolia","flowering_response","occurred after fire",,,,,32,,,,""
"Banksia ericifolia","flowering_response","median time to flowering: 13-24 months","fire_time_from_fire_to_flowering","18.5","median",,32,,,,""
"Banksia ericifolia","flowering_response","minimum time to flowering: <1 month","fire_time_from_fire_to_flowering","1","minimum",,32,,,,""
"Banksia ericifolia","flowering_response","not occurred after fire",,,,,32,,,,""
"Banksia ericifolia","flowering_response","median time to no flowering: 13-24 months","fire_time_from_fire_to_no_flowering","18.5","median",,32,,,,""
"Banksia ericifolia","flowering_response","maximum time to no flowering: 49-60 months","fire_time_from_fire_to_no_flowering","54.5","maximum",,32,,,,""
"Banksia ericifolia","pollinator_type","no pollinator observed",,,,,372,279,,,""
"Banksia ericifolia","pollinator_type","bees, wasps, ants","flower_visitor","bee wasp ant",,,95,30,32,"commonly",""
"Banksia ericifolia","pollinator_type","bird","flower_visitor","bird",,,95,56,59,"usually",""
"Banksia ericifolia","pollinator_type","flies","flower_visitor","fly",,,95,1,1,"rarely",""
"Banksia ericifolia","pollinator_type","butterflies, moths","flower_visitor","lepidoptera",,,95,4,4,"rarely",""
"Banksia ericifolia","pollinator_type","mammals","flower_visitor","mammal",,,95,4,4,"rarely",""
"Banksia ericifolia","specific_pollinator","bee (unspecified)","flower_visitor","bee",,,95,20,21,"occasionally",""
"Banksia ericifolia","specific_pollinator","Black-faced Cuckoo-shrike","flower_visitor","bird",,,95,1,1,"rarely",""
"Banksia ericifolia","specific_pollinator","European honey bee","flower_visitor","honeybee",,,95,5,5,"rarely",""
"Banksia ericifolia","specific_pollinator","honeyeater (unspecified); New Holland Honeyeater; Brown Honeyeater; White-cheeked Honeyeater; White-eared Honeyeater; White-plumed Honeyeater; Yellow-faced Honeyeater; Crescent Honeyeater; Tawny-crowned Honeyeater; Noisy Miner; wattlebird (unspecified); Little Wattlebird; Red Wattlebird; Eastern Spinebill; friarbird (unspecified)","flower_visitor","honeyeater",,,95,84,88,"usually",""
"Banksia ericifolia","specific_pollinator","possum (unspecified)","flower_visitor","marsupial",,,95,2,2,"rarely",""
"Banksia ericifolia","months_flowering_range","Mar-Oct","flowering_time","NNYYYYYYYYNN",,"full range",,,,,"text: 'predominantly in winter with flowers recorded as early as February and as late as October'"
"Banksia ericifolia","months_flowering_peak","Jun","flowering_time","NNNNNYNNNNNN",,"peak flowering",,,,,"tallest 'fully open' bar in chart (~95%); Jul also high (~75%)"
"Banksia ericifolia","months_fruiting_cones_present","uncertain - not confidently isolated from chart",,,,,,,,,"LOW CONFIDENCE - flag for manual check"
"Banksia ericifolia var. ericifolia","growth_form","tree","plant_growth_form","tree",,,423,,9,"rarely",""
"Banksia ericifolia var. ericifolia","growth_form","shrub","plant_growth_form","shrub",,,423,,90,"usually",""
"Banksia ericifolia var. ericifolia","growth_form","unspecified",,,,,423,,1,"rarely",""
"Banksia ericifolia var. ericifolia","growth_response","killed, new seedlings; killed, no seedlings; killed, no seedlings and killed, new seedlings","resprouting_capacity","fire_killed",,,46,43,93,,
"Banksia ericifolia var. ericifolia","growth_response","ground resprout","resprouting_capacity","resprouts",,,46,3,7,,
"Banksia ericifolia var. ericifolia","growth_response","killed, new seedlings; killed, no seedlings and killed, new seedlings","post_fire_recruitment","post_fire_recruitment",,,46,41,89,,
"Banksia ericifolia var. ericifolia","growth_response","killed, no seedlings; killed, no seedlings and killed, new seedlings","post_fire_recruitment","post_fire_recruitment_absent",,,46,3,7,,
"Banksia ericifolia var. ericifolia","growth_response","ground resprout","bud_bank_location","basal_buds",,,46,3,7,,
"Banksia ericifolia var. ericifolia","growth_response","unspecified",,,,,69,,33,,""
"Banksia ericifolia var. ericifolia","flowering_response","occurred after fire",,,,,24,,,,""
"Banksia ericifolia var. ericifolia","flowering_response","median time to flowering: 13-24 months","fire_time_from_fire_to_flowering","18.5","median",,24,,,,""
"Banksia ericifolia var. ericifolia","flowering_response","minimum time to flowering: <1 month","fire_time_from_fire_to_flowering","1","minimum",,24,,,,""
"Banksia ericifolia var. ericifolia","flowering_response","not occurred after fire",,,,,19,,,,""
"Banksia ericifolia var. ericifolia","flowering_response","median time to no flowering: 13-24 months","fire_time_from_fire_to_no_flowering","18.5","median",,19,,,,""
"Banksia ericifolia var. ericifolia","flowering_response","maximum time to no flowering: 37-48 months","fire_time_from_fire_to_no_flowering","42.5","maximum",,19,,,,""
"Banksia ericifolia var. ericifolia","pollinator_type","no pollinator observed",,,,,305,250,,,""
"Banksia ericifolia var. ericifolia","pollinator_type","bees, wasps, ants","flower_visitor","bee wasp ant",,,55,12,22,"occasionally",""
"Banksia ericifolia var. ericifolia","pollinator_type","bird","flower_visitor","bird",,,55,40,73,"usually",""
"Banksia ericifolia var. ericifolia","pollinator_type","mammals","flower_visitor","mammal",,,55,3,5,"rarely",""
"Banksia ericifolia var. ericifolia","specific_pollinator","bee (unspecified)","flower_visitor","bee",,,55,8,15,"occasionally",""
"Banksia ericifolia var. ericifolia","specific_pollinator","European honey bee","flower_visitor","honeybee",,,55,4,7,"rarely",""
"Banksia ericifolia var. ericifolia","specific_pollinator","honeyeater (unspecified); New Holland Honeyeater; White-cheeked Honeyeater; White-eared Honeyeater; White-plumed Honeyeater; Yellow-faced Honeyeater; Crescent Honeyeater; Noisy Miner; Red Wattlebird; Little Wattlebird; Eastern Spinebill; friarbird (unspecified)","flower_visitor","honeyeater",,,55,62,100,"usually",""
"Banksia ericifolia var. ericifolia","specific_pollinator","Rainbow Lorikeet","flower_visitor","parrot",,,55,1,2,"rarely",""
"Banksia ericifolia var. ericifolia","months_flowering_range","May-Sep","flowering_time","NNNNYYYYYNNN",,"full range",,,,,"text: 'flowering period is between May and September with a peak in July'"
"Banksia ericifolia var. ericifolia","months_flowering_peak","Jul","flowering_time","NNNNNNYNNNNN",,"peak flowering",,,,,"text states July; chart shows Jun and Jul both near-tallest (~95-100%)"
"Banksia ericifolia var. ericifolia","months_fruiting_cones_present","uncertain - not confidently isolated from chart",,,,,,,,,"LOW CONFIDENCE - flag for manual check"
"Banksia ericifolia var. macrantha","growth_form","tree","plant_growth_form","tree",,,76,,26,"commonly",""
"Banksia ericifolia var. macrantha","growth_form","shrub","plant_growth_form","shrub",,,76,,71,"usually",""
"Banksia ericifolia var. macrantha","growth_form","unspecified",,,,,76,,3,"rarely",""
"Banksia ericifolia var. macrantha","growth_response","killed, new seedlings; killed, no seedlings","resprouting_capacity","fire_killed",,,9,9,100,,
"Banksia ericifolia var. macrantha","growth_response","killed, new seedlings","post_fire_recruitment","post_fire_recruitment",,,9,8,89,,
"Banksia ericifolia var. macrantha","growth_response","killed, no seedlings","post_fire_recruitment","post_fire_recruitment_absent",,,9,1,11,,
"Banksia ericifolia var. macrantha","growth_response","killed, new seedlings; killed, no seedlings","bud_bank_location","none",,,9,9,100,,
"Banksia ericifolia var. macrantha","growth_response","unspecified",,,,,10,,10,,""
"Banksia ericifolia var. macrantha","flowering_response","occurred after fire",,,,,2,,,,""
"Banksia ericifolia var. macrantha","flowering_response","median time to flowering: 1-12 months","fire_time_from_fire_to_flowering","6.5","median",,2,,,,""
"Banksia ericifolia var. macrantha","flowering_response","minimum time to flowering: <1 month","fire_time_from_fire_to_flowering","1","minimum",,2,,,,""
"Banksia ericifolia var. macrantha","flowering_response","not occurred after fire",,,,,6,,,,""
"Banksia ericifolia var. macrantha","flowering_response","median time to no flowering: 1-12 months","fire_time_from_fire_to_no_flowering","6.5","median",,6,,,,""
"Banksia ericifolia var. macrantha","flowering_response","maximum time to no flowering: 25-36 months","fire_time_from_fire_to_no_flowering","30.5","maximum",,6,,,,""
"Banksia ericifolia var. macrantha","pollinator_type","no pollinator observed",,,,,29,12,,,""
"Banksia ericifolia var. macrantha","pollinator_type","bees, wasps, ants","flower_visitor","bee wasp ant",,,17,6,35,"commonly",""
"Banksia ericifolia var. macrantha","pollinator_type","bird","flower_visitor","bird",,,17,10,59,"usually",""
"Banksia ericifolia var. macrantha","pollinator_type","butterflies, moths","flower_visitor","lepidoptera",,,17,1,6,"rarely",""
"Banksia ericifolia var. macrantha","specific_pollinator","bee (unspecified)","flower_visitor","bee",,,17,2,12,"occasionally",""
"Banksia ericifolia var. macrantha","specific_pollinator","Black-faced Cuckoo-shrike","flower_visitor","bird",,,17,1,6,"rarely",""
"Banksia ericifolia var. macrantha","specific_pollinator","European honey bee","flower_visitor","honeybee",,,17,1,6,"rarely",""
"Banksia ericifolia var. macrantha","specific_pollinator","honeyeater (unspecified); Brown Honeyeater; White-cheeked Honeyeater; Tawny-crowned Honeyeater; Little Wattlebird; Eastern Spinebill","flower_visitor","honeyeater",,,17,14,82,"usually",""
"Banksia ericifolia var. macrantha","months_flowering_range","May-Sep","flowering_time","NNNNYYYYYNNN",,"full range",,,,,"text: 'main flowering period is between May and September with a peak in July' (shared wording with var. ericifolia's account)"
"Banksia ericifolia var. macrantha","months_flowering_peak","Jul","flowering_time","NNNNNNYNNNNN",,"peak flowering",,,,,"text and chart agree, tallest 'fully open' bar (~100%)"
"Banksia ericifolia var. macrantha","months_fruiting_cones_present","uncertain - not confidently isolated from chart",,,,,,,,,"LOW CONFIDENCE - flag for manual check"
"Banksia gardneri","growth_form","shrub","plant_growth_form","shrub",,,329,,95,"usually",""
"Banksia gardneri","growth_form","unspecified",,,,,329,,5,"rarely",""
"Banksia gardneri","growth_response","ground resprout and killed, new seedlings","resprouting_capacity","fire_killed",,,22,2,9,,
"Banksia gardneri","growth_response","ground resprout; ground resprout and killed, new seedlings","resprouting_capacity","resprouts",,,22,22,100,,
"Banksia gardneri","growth_response","ground resprout and killed, new seedlings","post_fire_recruitment","post_fire_recruitment",,,22,2,9,,
"Banksia gardneri","growth_response","ground resprout; ground resprout and killed, new seedlings","bud_bank_location","basal_buds",,,22,22,100,,
"Banksia gardneri","growth_response","unspecified",,,,,46,,52,,""
"Banksia gardneri","flowering_response","occurred after fire",,,,,36,,,,""
"Banksia gardneri","flowering_response","median time to flowering: 13-24 months","fire_time_from_fire_to_flowering","18.5","median",,36,,,,""
"Banksia gardneri","flowering_response","minimum time to flowering: <1 month","fire_time_from_fire_to_flowering","1","minimum",,36,,,,""
"Banksia gardneri","flowering_response","not occurred after fire",,,,,6,,,,""
"Banksia gardneri","flowering_response","median time to no flowering: 25-36 months","fire_time_from_fire_to_no_flowering","30.5","median",,6,,,,""
"Banksia gardneri","flowering_response","maximum time to no flowering: 73-84 months","fire_time_from_fire_to_no_flowering","78.5","maximum",,6,,,,""
"Banksia gardneri","pollinator_type","no pollinator observed",,,,,88,82,,,""
"Banksia gardneri","pollinator_type","bees, wasps, ants","flower_visitor","bee wasp ant",,,6,4,67,"usually",""
"Banksia gardneri","pollinator_type","beetles","flower_visitor","beetle",,,6,1,17,"occasionally",""
"Banksia gardneri","pollinator_type","mammals","flower_visitor","mammal",,,6,1,17,"occasionally",""
"Banksia gardneri","specific_pollinator","ant","flower_visitor","ant",,,6,3,50,"usually",""
"Banksia gardneri","specific_pollinator","cockroach","flower_visitor","cockroach",,,6,1,17,"occasionally",""
"Banksia gardneri","specific_pollinator","Honey-possum","flower_visitor","marsupial",,,6,1,17,"occasionally",""
"Banksia gardneri","months_flowering_range","Jan-Nov","flowering_time","YYYYYYYYYYYN",,"full range",,,,,"from monthly chart - 'fully open' bars present in every month except Dec, ranging from ~10% to ~85%; no single Discussion sentence states a flowering season for the species as a whole (the two named varieties each have their own, narrower, season - see var. brevidentata)"
"Banksia gardneri","months_flowering_peak","Nov","flowering_time","NNNNNNNNNNYN",,"peak flowering",,,,,"tallest 'fully open' bar (~85%); May is a secondary peak (~78%)"
"Banksia gardneri","months_fruiting_cones_present","uncertain - not confidently isolated from chart",,,,,,,,,"LOW CONFIDENCE - flag for manual check"
"Banksia gardneri var. brevidentata","growth_form","shrub","plant_growth_form","shrub",,,29,,100,"usually",""
"Banksia gardneri var. brevidentata","growth_response","ground resprout and killed, new seedlings","resprouting_capacity","fire_killed",,,5,1,20,,
"Banksia gardneri var. brevidentata","growth_response","ground resprout; ground resprout and killed, new seedlings","resprouting_capacity","resprouts",,,5,5,100,,
"Banksia gardneri var. brevidentata","growth_response","ground resprout and killed, new seedlings","post_fire_recruitment","post_fire_recruitment",,,5,1,20,,
"Banksia gardneri var. brevidentata","growth_response","ground resprout; ground resprout and killed, new seedlings","bud_bank_location","basal_buds",,,5,5,100,,
"Banksia gardneri var. brevidentata","growth_response","unspecified",,,,,8,,37,,""
"Banksia gardneri var. brevidentata","flowering_response","occurred after fire",,,,,7,,,,""
"Banksia gardneri var. brevidentata","flowering_response","median time to flowering: 13-24 months","fire_time_from_fire_to_flowering","18.5","median",,7,,,,""
"Banksia gardneri var. brevidentata","flowering_response","minimum time to flowering: <1 month","fire_time_from_fire_to_flowering","1","minimum",,7,,,,""
"Banksia gardneri var. brevidentata","flowering_response","not occurred after fire",,,,,0,,,,""
"Banksia gardneri var. brevidentata","pollinator_type","no pollinator observed",,,,,11,10,,,""
"Banksia gardneri var. brevidentata","pollinator_type","bees, wasps, ants","flower_visitor","bee wasp ant",,,1,1,100,"usually",""
"Banksia gardneri var. brevidentata","months_flowering_range","May-Jun, plus a minor record in Oct","flowering_time","NNNNYYNNNYNN",,"full range",,,,,"text: 'Flowering is from autumn to early winter'; chart shows 'fully open' at May (~85%), Jun (~35%) and a separate Oct bar (~65%) not mentioned in the text"
"Banksia gardneri var. brevidentata","months_flowering_peak","May","flowering_time","NNNNYNNNNNNN",,"peak flowering",,,,,"tallest 'fully open' bar in chart (~85%), though Jun carried the most total records (13 of 29)"
"Banksia gardneri var. brevidentata","months_fruiting_cones_present","uncertain - not confidently isolated from chart",,,,,,,,,"LOW CONFIDENCE - flag for manual check"
"Banksia gardneri var. gardneri","growth_form","shrub","plant_growth_form","shrub",,,180,,99,"usually",""
"Banksia gardneri var. gardneri","growth_form","unspecified",,,,,180,,1,"rarely",""
"Banksia gardneri var. gardneri","growth_response","ground resprout","resprouting_capacity","resprouts",,,10,10,100,,
"Banksia gardneri var. gardneri","growth_response","ground resprout","bud_bank_location","basal_buds",,,10,10,100,,
"Banksia gardneri var. gardneri","growth_response","unspecified",,,,,27,,63,,""
"Banksia gardneri var. gardneri","flowering_response","occurred after fire",,,,,21,,,,""
"Banksia gardneri var. gardneri","flowering_response","median time to flowering: 13-24 months","fire_time_from_fire_to_flowering","18.5","median",,21,,,,""
"Banksia gardneri var. gardneri","flowering_response","minimum time to flowering: <1 month","fire_time_from_fire_to_flowering","1","minimum",,21,,,,""
"Banksia gardneri var. gardneri","flowering_response","not occurred after fire",,,,,4,,,,""
"Banksia gardneri var. gardneri","flowering_response","median time to no flowering: 24-25 months","fire_time_from_fire_to_no_flowering","24.5","median",,4,,,,""
"Banksia gardneri var. gardneri","flowering_response","maximum time to no flowering: 73-84 months","fire_time_from_fire_to_no_flowering","78.5","maximum",,4,,,,""
"Banksia gardneri var. gardneri","pollinator_type","no pollinator observed",,,,,55,52,,,""
"Banksia gardneri var. gardneri","pollinator_type","bees, wasps, ants","flower_visitor","bee wasp ant",,,3,3,100,"usually",""
"Banksia gardneri var. gardneri","specific_pollinator","ant","flower_visitor","ant",,,3,3,100,"usually",""
"Banksia gardneri var. gardneri","months_flowering_range","Sep-Nov","flowering_time","NNNNNNNNYYYN",,"full range",,,,,"text: 'The main flowering period is from September to November'"
"Banksia gardneri var. gardneri","months_flowering_peak","Oct","flowering_time","NNNNNNNNNYNN",,"peak flowering",,,,,"tallest 'fully open' bar in chart (~92%); Nov also high (~75%)"
"Banksia gardneri var. gardneri","months_fruiting_cones_present","uncertain - not confidently isolated from chart",,,,,,,,,"LOW CONFIDENCE - flag for manual check"
"Banksia gardneri var. hiemalis","growth_form","shrub","plant_growth_form","shrub",,,81,,98,"usually",""
"Banksia gardneri var. hiemalis","growth_form","unspecified",,,,,81,,2,"rarely",""
"Banksia gardneri var. hiemalis","growth_response","ground resprout","resprouting_capacity","resprouts",,,2,2,100,,
"Banksia gardneri var. hiemalis","growth_response","ground resprout","bud_bank_location","basal_buds",,,2,2,100,,
"Banksia gardneri var. hiemalis","flowering_response","occurred after fire",,,,,2,,,,""
"Banksia gardneri var. hiemalis","flowering_response","median time to flowering: 13-24 months","fire_time_from_fire_to_flowering","18.5","median",,2,,,,""
"Banksia gardneri var. hiemalis","flowering_response","minimum time to flowering: 1-12 months","fire_time_from_fire_to_flowering","6.5","minimum",,2,,,,""
"Banksia gardneri var. hiemalis","flowering_response","not occurred after fire",,,,,0,,,,""
"Banksia gardneri var. hiemalis","pollinator_type","no pollinator observed",,,,,6,5,,,""
"Banksia gardneri var. hiemalis","pollinator_type","mammals","flower_visitor","mammal",,,1,1,100,"usually",""
"Banksia gardneri var. hiemalis","specific_pollinator","cockroach","flower_visitor","cockroach",,,1,1,100,"usually",""
"Banksia gardneri var. hiemalis","specific_pollinator","Honey-possum","flower_visitor","marsupial",,,1,1,100,"usually",""
"Banksia gardneri var. hiemalis","months_flowering_range","Jun-Oct","flowering_time","NNNNNYYYYYNN",,"full range",,,,,"text: 'George (1981) stated that June-August is the flowering period of var. hiemalis... Atlas contributors [data] suggest a peak flowering time in July but with some plants flowering as late as October, whilst in November, 6 out of 11 recordings were stated to be in bud'"
"Banksia gardneri var. hiemalis","months_flowering_peak","Jul","flowering_time","NNNNNNYNNNNN",,"peak flowering",,,,,"text: Atlas data 'suggest a peak flowering time in July'"
"Banksia gardneri var. hiemalis","months_fruiting_cones_present","uncertain - not confidently isolated from chart",,,,,,,,,"LOW CONFIDENCE - flag for manual check"
"Banksia goodii","growth_form","shrub","plant_growth_form","shrub",,,17,,94,"usually",""
"Banksia goodii","growth_form","unspecified",,,,,17,,6,"rarely",""
"Banksia goodii","growth_response","killed, new seedlings","resprouting_capacity","fire_killed",,,3,1,33,,
"Banksia goodii","growth_response","ground resprout","resprouting_capacity","resprouts",,,3,2,67,,
"Banksia goodii","growth_response","killed, new seedlings","post_fire_recruitment","post_fire_recruitment",,,3,1,33,,
"Banksia goodii","growth_response","ground resprout","bud_bank_location","basal_buds",,,3,2,67,,
"Banksia goodii","growth_response","unspecified",,,,,5,,40,,""
"Banksia goodii","flowering_response","occurred after fire",,,,,3,,,,""
"Banksia goodii","flowering_response","median time to flowering: 13-24 months","fire_time_from_fire_to_flowering","18.5","median",,3,,,,""
"Banksia goodii","flowering_response","minimum time to flowering: 1-12 months","fire_time_from_fire_to_flowering","6.5","minimum",,3,,,,""
"Banksia goodii","flowering_response","not occurred after fire",,,,,1,,,,""
"Banksia goodii","flowering_response","maximum time to no flowering: 13-24 months","fire_time_from_fire_to_no_flowering","18.5","maximum",,1,,,,""
"Banksia goodii","pollinator_type","no pollinator observed",,,,,3,3,,,""
"Banksia goodii","months_flowering_range","Sep-Nov","flowering_time","NNNNNNNNYYYN",,"full range",,,,,"text: 'The flowering season is short being mainly in November though plants were reported ""in bud"" as early as September'"
"Banksia goodii","months_flowering_peak","Nov","flowering_time","NNNNNNNNNNYN",,"peak flowering",,,,,"text states flowering is 'mainly in November'"
"Banksia goodii","months_fruiting_cones_present","uncertain - not confidently isolated from chart",,,,,,,,,"LOW CONFIDENCE - flag for manual check"
"Banksia grandis","growth_form","tree","plant_growth_form","tree",,,1952,,90,"usually",""
"Banksia grandis","growth_form","shrub","plant_growth_form","shrub",,,1952,,9,"rarely",""
"Banksia grandis","growth_form","unspecified",,,,,1952,,1,"rarely",""
"Banksia grandis","growth_response","ground resprout and killed, new seedlings; killed, new seedlings; killed, new seedlings and trunk resprout; killed, no seedlings and trunk resprout; killed, no seedlings and killed, new seedlings","resprouting_capacity","fire_killed",,,236,43,18,,
"Banksia grandis","growth_response","ground resprout; ground resprout and killed, new seedlings; ground resprout and trunk resprout; killed, new seedlings and trunk resprout; trunk resprout; killed, no seedlings and trunk resprout","resprouting_capacity","resprouts",,,236,213,90,,
"Banksia grandis","growth_response","ground resprout and killed, new seedlings; killed, new seedlings; killed, new seedlings and trunk resprout; killed, no seedlings and killed, new seedlings","post_fire_recruitment","post_fire_recruitment",,,236,39,17,,
"Banksia grandis","growth_response","killed, no seedlings and trunk resprout; killed, no seedlings and killed, new seedlings","post_fire_recruitment","post_fire_recruitment_absent",,,236,8,3,,
"Banksia grandis","growth_response","ground resprout; ground resprout and killed, new seedlings; ground resprout and trunk resprout","bud_bank_location","basal_buds",,,236,105,44,,
"Banksia grandis","growth_response","ground resprout and trunk resprout; killed, new seedlings and trunk resprout; trunk resprout; killed, no seedlings and trunk resprout","bud_bank_location","epicormic_buds",,,236,170,72,,
"Banksia grandis","growth_response","unspecified",,,,,385,,40,,""
"Banksia grandis","flowering_response","occurred after fire",,,,,197,,,,""
"Banksia grandis","flowering_response","median time to flowering: 1-12 months","fire_time_from_fire_to_flowering","6.5","median",,197,,,,""
"Banksia grandis","flowering_response","minimum time to flowering: <1 month","fire_time_from_fire_to_flowering","1","minimum",,197,,,,""
"Banksia grandis","flowering_response","not occurred after fire",,,,,76,,,,""
"Banksia grandis","flowering_response","median time to no flowering: 13-24 months","fire_time_from_fire_to_no_flowering","18.5","median",,76,,,,""
"Banksia grandis","flowering_response","maximum time to no flowering: 61-72 months","fire_time_from_fire_to_no_flowering","66","maximum",,76,,,,""
"Banksia grandis","pollinator_type","no pollinator observed",,,,,914,777,,,""
"Banksia grandis","pollinator_type","bees, wasps, ants","flower_visitor","bee wasp ant",,,135,64,47,"commonly",""
"Banksia grandis","pollinator_type","beetles","flower_visitor","beetle",,,135,3,2,"rarely",""
"Banksia grandis","pollinator_type","bird","flower_visitor","bird",,,135,55,41,"commonly",""
"Banksia grandis","pollinator_type","flies","flower_visitor","fly",,,135,9,7,"rarely",""
"Banksia grandis","pollinator_type","butterflies, moths","flower_visitor","lepidoptera",,,135,4,3,"rarely",""
"Banksia grandis","specific_pollinator","ant","flower_visitor","ant",,,135,19,14,"occasionally",""
"Banksia grandis","specific_pollinator","bee (unspecified); native bee","flower_visitor","bee",,,135,46,34,"commonly",""
"Banksia grandis","specific_pollinator","Rufous Treecreeper","flower_visitor","bird",,,135,1,0.7,"rarely",""
"Banksia grandis","specific_pollinator","blowfly","flower_visitor","carrion_fly",,,135,1,0.7,"rarely",""
"Banksia grandis","specific_pollinator","European honey bee","flower_visitor","honeybee",,,135,6,4,"rarely",""
"Banksia grandis","specific_pollinator","honeyeater (unspecified); New Holland Honeyeater; Spiny-cheeked Honeyeater; wattlebird (unspecified); Red Wattlebird; Western Spinebill","flower_visitor","honeyeater",,,135,41,30,"commonly",""
"Banksia grandis","specific_pollinator","Red-capped Parrot; Port Lincoln Parrot; Purple-crowned Lorikeet","flower_visitor","parrot",,,135,9,7,"rarely",""
"Banksia grandis","months_flowering_range","Aug-Jan","flowering_time","YNNNNNNYYYYY",,"full range",,,,,"text: 'B. grandis flowers and produces new shoot growth from August to January'; chart shows low-level 'fully open' bars (~10-20%) present nearly year-round with a clear rise from Oct"
"Banksia grandis","months_flowering_peak","Nov-Dec","flowering_time","NNNNNNNNNNYY",,"peak flowering",,,,,"tallest 'fully open' bars in chart (Nov ~65%, Dec ~60%)"
"Banksia grandis","months_fruiting_cones_present","uncertain - not confidently isolated from chart",,,,,,,,,"LOW CONFIDENCE - flag for manual check"
"Banksia grossa","growth_form","shrub","plant_growth_form","shrub",,,53,,98,"usually",""
"Banksia grossa","growth_form","unspecified",,,,,53,,2,"rarely",""
"Banksia grossa","growth_response","no fire-response records",,,,,0,,,,""
"Banksia grossa","pollinator_type","no pollinator observed",,,,,14,14,,,""
"Banksia grossa","months_flowering_range","Mar-May, plus a secondary record in Dec","flowering_time","NNYYYNNNNNNY",,"full range",,,,,"text: 'Flowering is mainly in autumn ... though some flowers were recorded as early as December'"
"Banksia grossa","months_flowering_peak","Mar-Apr","flowering_time","NNYYNNNNNNNN",,"peak flowering",,,,,"chart shows Mar and Apr both ~65% 'fully open', the tallest bars"
"Banksia grossa","months_fruiting_cones_present","none evident in chart",,,,,,,,,"text notes George (1981) recorded the species as lignotuberous; no fire-response records exist"
"Banksia hookeriana","growth_form","tree","plant_growth_form","tree",,,36,,3,"rarely",""
"Banksia hookeriana","growth_form","shrub","plant_growth_form","shrub",,,36,,94,"usually",""
"Banksia hookeriana","growth_form","unspecified",,,,,36,,3,"rarely",""
"Banksia hookeriana","growth_response","ground resprout and killed, new seedlings; killed, new seedlings; killed, no seedlings","resprouting_capacity","fire_killed",,,10,8,80,,
"Banksia hookeriana","growth_response","ground resprout; ground resprout and killed, new seedlings","resprouting_capacity","resprouts",,,10,4,40,,
"Banksia hookeriana","growth_response","ground resprout and killed, new seedlings; killed, new seedlings","post_fire_recruitment","post_fire_recruitment",,,10,7,70,,
"Banksia hookeriana","growth_response","killed, no seedlings","post_fire_recruitment","post_fire_recruitment_absent",,,10,1,10,,
"Banksia hookeriana","growth_response","ground resprout; ground resprout and killed, new seedlings","bud_bank_location","basal_buds",,,10,4,40,,
"Banksia hookeriana","growth_response","unspecified",,,,,15,,33,,""
"Banksia hookeriana","flowering_response","occurred after fire",,,,,9,,,,""
"Banksia hookeriana","flowering_response","median time to flowering: 13-24 months","fire_time_from_fire_to_flowering","18.5","median",,9,,,,""
"Banksia hookeriana","flowering_response","minimum time to flowering: 1-12 months","fire_time_from_fire_to_flowering","6.5","minimum",,9,,,,""
"Banksia hookeriana","flowering_response","not occurred after fire",,,,,4,,,,""
"Banksia hookeriana","flowering_response","median time to no flowering: 13-24 months","fire_time_from_fire_to_no_flowering","18.5","median",,4,,,,""
"Banksia hookeriana","flowering_response","maximum time to no flowering: 13-24 months","fire_time_from_fire_to_no_flowering","18.5","maximum",,4,,,,""
"Banksia hookeriana","pollinator_type","no pollinator observed",,,,,12,5,,,""
"Banksia hookeriana","pollinator_type","bees, wasps, ants","flower_visitor","bee wasp ant",,,7,3,43,"commonly",""
"Banksia hookeriana","pollinator_type","bird","flower_visitor","bird",,,7,4,57,"usually",""
"Banksia hookeriana","specific_pollinator","ant","flower_visitor","ant",,,7,2,29,"commonly",""
"Banksia hookeriana","specific_pollinator","bee (unspecified)","flower_visitor","bee",,,7,1,14,"occasionally",""
"Banksia hookeriana","specific_pollinator","New Holland Honeyeater; Brown Honeyeater","flower_visitor","honeyeater",,,7,4,57,"usually",""
"Banksia hookeriana","months_flowering_range","May-Oct","flowering_time","NNNNYYYYYYNN",,"full range",,,,,"text: 'Flowering is from late autumn to spring'; chart shows 'fully open' bars at May, Jun, Jul, Aug and Oct (thin sample per month, several at 100% from a single record)"
"Banksia hookeriana","months_flowering_peak","Jul-Aug","flowering_time","NNNNNNYYNNNN",,"peak flowering",,,,,"chart shows Jul and Aug both at ~100% 'fully open'; Oct also 100% but on a very small sample"
"Banksia hookeriana","months_fruiting_cones_present","uncertain - not confidently isolated from chart",,,,,,,,,"LOW CONFIDENCE - flag for manual check"
"Banksia ilicifolia","growth_form","tree","plant_growth_form","tree",,,557,,96,"usually",""
"Banksia ilicifolia","growth_form","shrub","plant_growth_form","shrub",,,557,,3,"rarely",""
"Banksia ilicifolia","growth_form","unspecified",,,,,557,,1,"rarely",""
"Banksia ilicifolia","growth_response","ground resprout and killed, new seedlings; killed, new seedlings; killed, no seedlings and trunk resprout","resprouting_capacity","fire_killed",,,57,7,12,,
"Banksia ilicifolia","growth_response","ground resprout; ground resprout and killed, new seedlings; ground resprout and trunk resprout; trunk resprout; killed, no seedlings and trunk resprout","resprouting_capacity","resprouts",,,57,53,93,,
"Banksia ilicifolia","growth_response","ground resprout and killed, new seedlings; killed, new seedlings","post_fire_recruitment","post_fire_recruitment",,,57,6,11,,
"Banksia ilicifolia","growth_response","killed, no seedlings and trunk resprout","post_fire_recruitment","post_fire_recruitment_absent",,,57,1,2,,
"Banksia ilicifolia","growth_response","ground resprout; ground resprout and killed, new seedlings; ground resprout and trunk resprout","bud_bank_location","basal_buds",,,57,21,37,,
"Banksia ilicifolia","growth_response","ground resprout and trunk resprout; trunk resprout; killed, no seedlings and trunk resprout","bud_bank_location","epicormic_buds",,,57,47,82,,
"Banksia ilicifolia","growth_response","unspecified",,,,,99,,42,,""
"Banksia ilicifolia","flowering_response","occurred after fire",,,,,65,,,,""
"Banksia ilicifolia","flowering_response","median time to flowering: 13-24 months","fire_time_from_fire_to_flowering","18.5","median",,65,,,,""
"Banksia ilicifolia","flowering_response","minimum time to flowering: <1 month","fire_time_from_fire_to_flowering","1","minimum",,65,,,,""
"Banksia ilicifolia","flowering_response","not occurred after fire",,,,,18,,,,""
"Banksia ilicifolia","flowering_response","median time to no flowering: 13-24 months","fire_time_from_fire_to_no_flowering","18.5","median",,18,,,,""
"Banksia ilicifolia","flowering_response","maximum time to no flowering: 37-48 months","fire_time_from_fire_to_no_flowering","42.5","maximum",,18,,,,""
"Banksia ilicifolia","pollinator_type","no pollinator observed",,,,,255,181,,,""
"Banksia ilicifolia","pollinator_type","bees, wasps, ants","flower_visitor","bee wasp ant",,,75,26,35,"commonly",""
"Banksia ilicifolia","pollinator_type","beetles","flower_visitor","beetle",,,75,5,7,"rarely",""
"Banksia ilicifolia","pollinator_type","bird","flower_visitor","bird",,,75,41,55,"usually",""
"Banksia ilicifolia","pollinator_type","flies","flower_visitor","fly",,,75,3,4,"rarely",""
"Banksia ilicifolia","specific_pollinator","ant","flower_visitor","ant",,,75,4,5,"rarely",""
"Banksia ilicifolia","specific_pollinator","bee (unspecified); native bee","flower_visitor","bee",,,75,17,23,"occasionally",""
"Banksia ilicifolia","specific_pollinator","European honey bee","flower_visitor","honeybee",,,75,2,3,"rarely",""
"Banksia ilicifolia","specific_pollinator","honeyeater (unspecified); New Holland Honeyeater; Brown Honeyeater; White-cheeked Honeyeater; Singing Honeyeater; Red Wattlebird; Western Spinebill","flower_visitor","honeyeater",,,75,43,57,"usually",""
"Banksia ilicifolia","specific_pollinator","Port Lincoln Parrot","flower_visitor","parrot",,,75,4,5,"rarely",""
"Banksia ilicifolia","specific_pollinator","Silvereye","flower_visitor","silvereye",,,75,1,1,"rarely",""
"Banksia ilicifolia","months_flowering_range","year-round (intermittent)","flowering_time","YYYYYYYYYYYY",,"full range",,,,,"text: 'B. ilicifolia flowers intermittently in most months of the year with an apparent peak in July, August and September'"
"Banksia ilicifolia","months_flowering_peak","Jul-Sep","flowering_time","NNNNNNYYYNNN",,"peak flowering",,,,,"text-stated peak"
"Banksia ilicifolia","months_fruiting_cones_present","uncertain - not confidently isolated from chart",,,,,,,,,"LOW CONFIDENCE - flag for manual check"
"Banksia incana","growth_form","shrub","plant_growth_form","shrub",,,38,,100,"usually",""
"Banksia incana","growth_response","no fire-response records",,,,,0,,,,""
"Banksia incana","pollinator_type","no pollinator observed",,,,,12,12,,,""
"Banksia incana","months_flowering_range","Dec-Jan, plus a minor record in Mar","flowering_time","YNYNNNNNNNNY",,"full range",,,,,"text: 'Atlas records suggest a flowering season in summer. According to A.S. George (1981) the season may extend into autumn.' Chart shows 'fully open' concentrated at Jan (~100%) and Dec (~65%), with a small Mar record (~10%)"
"Banksia incana","months_flowering_peak","Jan","flowering_time","YNNNNNNNNNNN",,"peak flowering",,,,,"tallest 'fully open' bar in chart (~100%)"
"Banksia incana","months_fruiting_cones_present","none evident in chart",,,,,,,,,"no fire-response records; text notes George (1981) reported the species resprouts from its lignotuber when burnt"
"Banksia integrifolia","growth_form","tree","plant_growth_form","tree",,,1736,,75,"usually",""
"Banksia integrifolia","growth_form","shrub","plant_growth_form","shrub",,,1736,,22,"occasionally",""
"Banksia integrifolia","growth_form","unspecified",,,,,1736,,3,"rarely",""
"Banksia integrifolia","growth_response","ground resprout and killed, new seedlings; killed, new seedlings; killed, new seedlings and trunk resprout; killed, no seedlings; killed, no seedlings and ground resprout","resprouting_capacity","fire_killed",,,62,15,24,,
"Banksia integrifolia","growth_response","ground resprout; ground resprout and killed, new seedlings; ground resprout and trunk resprout; killed, new seedlings and trunk resprout; trunk resprout; trunk resprout and sucker resprout; killed, no seedlings and ground resprout","resprouting_capacity","resprouts",,,62,51,82,,
"Banksia integrifolia","growth_response","ground resprout and killed, new seedlings; killed, new seedlings; killed, new seedlings and trunk resprout","post_fire_recruitment","post_fire_recruitment",,,62,12,19,,
"Banksia integrifolia","growth_response","killed, no seedlings; killed, no seedlings and ground resprout","post_fire_recruitment","post_fire_recruitment_absent",,,62,3,5,,
"Banksia integrifolia","growth_response","ground resprout; ground resprout and killed, new seedlings; ground resprout and trunk resprout; killed, no seedlings and ground resprout","bud_bank_location","basal_buds",,,62,28,45,,
"Banksia integrifolia","growth_response","trunk resprout and sucker resprout","bud_bank_location","bud-bearing_root",,,62,1,2,,
"Banksia integrifolia","growth_response","ground resprout and trunk resprout; killed, new seedlings and trunk resprout; trunk resprout; trunk resprout and sucker resprout","bud_bank_location","epicormic_buds",,,62,32,52,,
"Banksia integrifolia","growth_response","unspecified",,,,,122,,50,,""
"Banksia integrifolia","flowering_response","occurred after fire",,,,,70,,,,""
"Banksia integrifolia","flowering_response","median time to flowering: 13-24 months","fire_time_from_fire_to_flowering","18.5","median",,70,,,,""
"Banksia integrifolia","flowering_response","minimum time to flowering: <1 month","fire_time_from_fire_to_flowering","1","minimum",,70,,,,""
"Banksia integrifolia","flowering_response","not occurred after fire",,,,,20,,,,""
"Banksia integrifolia","flowering_response","median time to no flowering: 1-12 months","fire_time_from_fire_to_no_flowering","6.5","median",,20,,,,""
"Banksia integrifolia","flowering_response","maximum time to no flowering: 85-96 months","fire_time_from_fire_to_no_flowering","90.5","maximum",,20,,,,""
"Banksia integrifolia","pollinator_type","no pollinator observed",,,,,920,690,,,""
"Banksia integrifolia","pollinator_type","bees, wasps, ants","flower_visitor","bee wasp ant",,,236,46,19,"occasionally",""
"Banksia integrifolia","pollinator_type","beetles","flower_visitor","beetle",,,236,3,1,"rarely",""
"Banksia integrifolia","pollinator_type","bird","flower_visitor","bird",,,236,175,74,"usually",""
"Banksia integrifolia","pollinator_type","butterflies, moths","flower_visitor","lepidoptera",,,236,9,4,"rarely",""
"Banksia integrifolia","pollinator_type","mammals","flower_visitor","mammal",,,236,3,1,"rarely",""
"Banksia integrifolia","specific_pollinator","ant","flower_visitor","ant",,,236,4,2,"rarely",""
"Banksia integrifolia","specific_pollinator","bee (unspecified); native bee","flower_visitor","bee",,,236,20,8,"rarely",""
"Banksia integrifolia","specific_pollinator","Black-faced Cuckoo-shrike; weavers and allies (unspecified); Striated Pardalote; thornbill (unspecified); Brown Thornbill","flower_visitor","bird",,,236,5,2,"rarely",""
"Banksia integrifolia","specific_pollinator","European honey bee","flower_visitor","honeybee",,,236,14,6,"rarely",""
"Banksia integrifolia","specific_pollinator","honeyeater (unspecified); New Holland Honeyeater; White-eared Honeyeater; White-naped Honeyeater; Brown Honeyeater; White-cheeked Honeyeater; Singing Honeyeater; Tawny-crowned Honeyeater; White-plumed Honeyeater; Yellow-faced Honeyeater; White-throated Honeyeater; Blue-faced Honeyeater; Dusky Honeyeater; Bridled Honeyeater; Scarlet Honeyeater; Fuscous Honeyeater; Noisy Miner; wattlebird (unspecified); Red Wattlebird; Little Wattlebird; Eastern Spinebill; friarbird (unspecified); Noisy Friarbird; Little Friarbird","flower_visitor","honeyeater",,,236,195,83,"usually",""
"Banksia integrifolia","specific_pollinator","possum (unspecified)","flower_visitor","marsupial",,,236,2,0.8,"rarely",""
"Banksia integrifolia","specific_pollinator","rosella (unspecified); lorikeet (unspecified); Rainbow Lorikeet","flower_visitor","parrot",,,236,18,8,"rarely",""
"Banksia integrifolia","specific_pollinator","Silvereye","flower_visitor","silvereye",,,236,7,3,"rarely",""
"Banksia integrifolia","specific_pollinator","spider","flower_visitor","spider",,,236,1,0.4,"rarely",""
"Banksia integrifolia","specific_pollinator","European wasp","flower_visitor","wasp",,,236,1,0.4,"rarely",""
"Banksia integrifolia","months_flowering_range","Mar-Sep","flowering_time","NNYYYYYYYNNN",,"full range",,,,,"text: 'a predominantly autumn- and winter- flowering species though some flowers have been recorded in all months of the year'"
"Banksia integrifolia","months_flowering_peak","May","flowering_time","NNNNYNNNNNNN",,"peak flowering",,,,,"tallest 'fully open' bar in chart (~85%); Apr and Jun also high (~78%)"
"Banksia integrifolia","months_fruiting_cones_present","uncertain - not confidently isolated from chart",,,,,,,,,"LOW CONFIDENCE - flag for manual check"
"Banksia integrifolia var. aquilonia","growth_form","tree","plant_growth_form","tree",,,92,,93,"usually",""
"Banksia integrifolia var. aquilonia","growth_form","shrub","plant_growth_form","shrub",,,92,,7,"rarely",""
"Banksia integrifolia var. aquilonia","growth_response","ground resprout; trunk resprout","resprouting_capacity","resprouts",,,11,11,100,,
"Banksia integrifolia var. aquilonia","growth_response","ground resprout","bud_bank_location","basal_buds",,,11,2,18,,
"Banksia integrifolia var. aquilonia","growth_response","trunk resprout","bud_bank_location","epicormic_buds",,,11,9,82,,
"Banksia integrifolia var. aquilonia","growth_response","unspecified",,,,,14,,21,,""
"Banksia integrifolia var. aquilonia","flowering_response","occurred after fire",,,,,10,,,,""
"Banksia integrifolia var. aquilonia","flowering_response","median time to flowering: 13-24 months","fire_time_from_fire_to_flowering","18.5","median",,10,,,,""
"Banksia integrifolia var. aquilonia","flowering_response","minimum time to flowering: 1-12 months","fire_time_from_fire_to_flowering","6.5","minimum",,10,,,,""
"Banksia integrifolia var. aquilonia","flowering_response","not occurred after fire",,,,,3,,,,""
"Banksia integrifolia var. aquilonia","flowering_response","median time to no flowering: 13-24 months","fire_time_from_fire_to_no_flowering","18.5","median",,3,,,,""
"Banksia integrifolia var. aquilonia","pollinator_type","no pollinator observed",,,,,23,21,,,""
"Banksia integrifolia var. aquilonia","pollinator_type","bird","flower_visitor","bird",,,2,2,100,"usually",""
"Banksia integrifolia var. aquilonia","specific_pollinator","White-cheeked Honeyeater; Bridled Honeyeater; Eastern Spinebill","flower_visitor","honeyeater",,,2,3,100,"usually",""
"Banksia integrifolia var. aquilonia","specific_pollinator","Rainbow Lorikeet","flower_visitor","parrot",,,2,1,50,"usually",""
"Banksia integrifolia var. aquilonia","months_flowering_range","Mar-Jul","flowering_time","NNYYYYYNNNNN",,"full range",,,,,"text: 'Flowering is from March to July'"
"Banksia integrifolia var. aquilonia","months_flowering_peak","Apr","flowering_time","NNNYNNNNNNNN",,"peak flowering",,,,,"tallest 'fully open' bar in chart (~70%)"
"Banksia integrifolia var. aquilonia","months_fruiting_cones_present","uncertain - not confidently isolated from chart",,,,,,,,,"LOW CONFIDENCE - flag for manual check"
"Banksia integrifolia var. compar","growth_form","tree","plant_growth_form","tree",,,437,,91,"usually",""
"Banksia integrifolia var. compar","growth_form","shrub","plant_growth_form","shrub",,,437,,9,"rarely",""
"Banksia integrifolia var. compar","growth_response","ground resprout and killed, new seedlings; killed, new seedlings","resprouting_capacity","fire_killed",,,15,3,20,,
"Banksia integrifolia var. compar","growth_response","ground resprout; ground resprout and killed, new seedlings; trunk resprout","resprouting_capacity","resprouts",,,15,13,87,,
"Banksia integrifolia var. compar","growth_response","ground resprout and killed, new seedlings; killed, new seedlings","post_fire_recruitment","post_fire_recruitment",,,15,3,20,,
"Banksia integrifolia var. compar","growth_response","ground resprout; ground resprout and killed, new seedlings","bud_bank_location","basal_buds",,,15,6,40,,
"Banksia integrifolia var. compar","growth_response","trunk resprout","bud_bank_location","epicormic_buds",,,15,7,47,,
"Banksia integrifolia var. compar","growth_response","unspecified",,,,,34,,56,,""
"Banksia integrifolia var. compar","flowering_response","occurred after fire",,,,,22,,,,""
"Banksia integrifolia var. compar","flowering_response","median time to flowering: 12-13 months","fire_time_from_fire_to_flowering","12.5","median",,22,,,,""
"Banksia integrifolia var. compar","flowering_response","minimum time to flowering: <1 month","fire_time_from_fire_to_flowering","1","minimum",,22,,,,""
"Banksia integrifolia var. compar","flowering_response","not occurred after fire",,,,,4,,,,""
"Banksia integrifolia var. compar","flowering_response","median time to no flowering: 1-12 months","fire_time_from_fire_to_no_flowering","6.5","median",,4,,,,""
"Banksia integrifolia var. compar","flowering_response","maximum time to no flowering: 13-24 months","fire_time_from_fire_to_no_flowering","18.5","maximum",,4,,,,""
"Banksia integrifolia var. compar","pollinator_type","no pollinator observed",,,,,187,110,,,""
"Banksia integrifolia var. compar","pollinator_type","bees, wasps, ants","flower_visitor","bee wasp ant",,,79,17,22,"occasionally",""
"Banksia integrifolia var. compar","pollinator_type","bird","flower_visitor","bird",,,79,52,66,"usually",""
"Banksia integrifolia var. compar","pollinator_type","butterflies, moths","flower_visitor","lepidoptera",,,79,6,8,"rarely",""
"Banksia integrifolia var. compar","pollinator_type","mammals","flower_visitor","mammal",,,79,4,5,"rarely",""
"Banksia integrifolia var. compar","specific_pollinator","ant","flower_visitor","ant",,,79,2,3,"rarely",""
"Banksia integrifolia var. compar","specific_pollinator","bee (unspecified); native bee","flower_visitor","bee",,,79,7,9,"rarely",""
"Banksia integrifolia var. compar","specific_pollinator","weavers and allies (unspecified); Striated Pardalote; thornbill (unspecified); Brown Thornbill","flower_visitor","bird",,,79,4,5,"rarely",""
"Banksia integrifolia var. compar","specific_pollinator","European honey bee","flower_visitor","honeybee",,,79,4,5,"rarely",""
"Banksia integrifolia var. compar","specific_pollinator","honeyeater (unspecified); New Holland Honeyeater; Brown Honeyeater; Lewin's Honeyeater; Yellow-faced Honeyeater; Noisy Miner; Dusky Honeyeater; Spiny-cheeked Honeyeater; White-throated Honeyeater; Scarlet Honeyeater; Fuscous Honeyeater; Red Wattlebird; Eastern Spinebill; friarbird (unspecified); Noisy Friarbird; Little Friarbird","flower_visitor","honeyeater",,,79,48,61,"usually",""
"Banksia integrifolia var. compar","specific_pollinator","rosella (unspecified); lorikeets and allies (unspecified); Rainbow Lorikeet","flower_visitor","parrot",,,79,8,10,"occasionally",""
"Banksia integrifolia var. compar","months_flowering_range","Feb-Sep","flowering_time","NYYYYYYYYNNN",,"full range",,,,,"text: 'Flowering is from February to September'"
"Banksia integrifolia var. compar","months_flowering_peak","Apr-May","flowering_time","NNNYYNNNNNNN",,"peak flowering",,,,,"chart shows Apr and May both ~90% 'fully open', the tallest bars"
"Banksia integrifolia var. compar","months_fruiting_cones_present","uncertain - not confidently isolated from chart",,,,,,,,,"LOW CONFIDENCE - flag for manual check"
"Banksia integrifolia var. integrifolia","growth_form","tree","plant_growth_form","tree",,,1147,,54,"usually",""
"Banksia integrifolia var. integrifolia","growth_form","shrub","plant_growth_form","shrub",,,1147,,45,"commonly",""
"Banksia integrifolia var. integrifolia","growth_form","unspecified",,,,,1147,,1,"rarely",""
"Banksia integrifolia var. integrifolia","growth_response","ground resprout and killed, new seedlings; killed, new seedlings; killed, new seedlings and trunk resprout; killed, no seedlings; killed, no seedlings and ground resprout","resprouting_capacity","fire_killed",,,34,13,38,,
"Banksia integrifolia var. integrifolia","growth_response","ground resprout; ground resprout and killed, new seedlings; ground resprout and trunk resprout; killed, new seedlings and trunk resprout; trunk resprout; trunk resprout and sucker resprout; killed, no seedlings and ground resprout","resprouting_capacity","resprouts",,,34,24,71,,
"Banksia integrifolia var. integrifolia","growth_response","ground resprout and killed, new seedlings; killed, new seedlings; killed, new seedlings and trunk resprout","post_fire_recruitment","post_fire_recruitment",,,34,9,26,,
"Banksia integrifolia var. integrifolia","growth_response","killed, no seedlings; killed, no seedlings and ground resprout","post_fire_recruitment","post_fire_recruitment_absent",,,34,4,12,,
"Banksia integrifolia var. integrifolia","growth_response","ground resprout; ground resprout and killed, new seedlings; ground resprout and trunk resprout; killed, no seedlings and ground resprout","bud_bank_location","basal_buds",,,34,17,50,,
"Banksia integrifolia var. integrifolia","growth_response","trunk resprout and sucker resprout","bud_bank_location","bud-bearing_root",,,34,1,3,,
"Banksia integrifolia var. integrifolia","growth_response","ground resprout and trunk resprout; killed, new seedlings and trunk resprout; trunk resprout; trunk resprout and sucker resprout","bud_bank_location","epicormic_buds",,,34,15,44,,
"Banksia integrifolia var. integrifolia","growth_response","unspecified",,,,,69,,51,,""
"Banksia integrifolia var. integrifolia","flowering_response","occurred after fire",,,,,38,,,,""
"Banksia integrifolia var. integrifolia","flowering_response","median time to flowering: 13-24 months","fire_time_from_fire_to_flowering","18.5","median",,38,,,,""
"Banksia integrifolia var. integrifolia","flowering_response","minimum time to flowering: <1 month","fire_time_from_fire_to_flowering","1","minimum",,38,,,,""
"Banksia integrifolia var. integrifolia","flowering_response","not occurred after fire",,,,,11,,,,""
"Banksia integrifolia var. integrifolia","flowering_response","median time to no flowering: 1-12 months","fire_time_from_fire_to_no_flowering","6.5","median",,11,,,,""
"Banksia integrifolia var. integrifolia","flowering_response","maximum time to no flowering: 85-96 months","fire_time_from_fire_to_no_flowering","90.5","maximum",,11,,,,""
"Banksia integrifolia var. integrifolia","pollinator_type","no pollinator observed",,,,,671,530,,,""
"Banksia integrifolia var. integrifolia","pollinator_type","bees, wasps, ants","flower_visitor","bee wasp ant",,,140,20,14,"occasionally",""
"Banksia integrifolia var. integrifolia","pollinator_type","beetles","flower_visitor","beetle",,,140,3,2,"rarely",""
"Banksia integrifolia var. integrifolia","pollinator_type","bird","flower_visitor","bird",,,140,114,81,"usually",""
"Banksia integrifolia var. integrifolia","pollinator_type","butterflies, moths","flower_visitor","lepidoptera",,,140,3,2,"rarely",""
"Banksia integrifolia var. integrifolia","specific_pollinator","ant","flower_visitor","ant",,,140,1,0.7,"rarely",""
"Banksia integrifolia var. integrifolia","specific_pollinator","bee (unspecified)","flower_visitor","bee",,,140,7,5,"rarely",""
"Banksia integrifolia var. integrifolia","specific_pollinator","Black-faced Cuckoo-shrike","flower_visitor","bird",,,140,1,0.7,"rarely",""
"Banksia integrifolia var. integrifolia","specific_pollinator","European honey bee","flower_visitor","honeybee",,,140,9,6,"rarely",""
"Banksia integrifolia var. integrifolia","specific_pollinator","honeyeater (unspecified); New Holland Honeyeater; Brown Honeyeater; White-cheeked Honeyeater; Singing Honeyeater; White-eared Honeyeater; Tawny-crowned Honeyeater; White-naped Honeyeater; Yellow-faced Honeyeater; Noisy Miner; Spiny-cheeked Honeyeater; wattlebird (unspecified); Red Wattlebird; Little Wattlebird; Eastern Spinebill; friarbird (unspecified); Noisy Friarbird","flower_visitor","honeyeater",,,140,134,96,"usually",""
"Banksia integrifolia var. integrifolia","specific_pollinator","lorikeets and allies (unspecified); Rainbow Lorikeet","flower_visitor","parrot",,,140,9,6,"rarely",""
"Banksia integrifolia var. integrifolia","specific_pollinator","Silvereye","flower_visitor","silvereye",,,140,7,5,"rarely",""
"Banksia integrifolia var. integrifolia","specific_pollinator","spider","flower_visitor","spider",,,140,1,0.7,"rarely",""
"Banksia integrifolia var. integrifolia","specific_pollinator","European wasp","flower_visitor","wasp",,,140,1,0.7,"rarely",""
"Banksia integrifolia var. integrifolia","months_flowering_range","Mar-Sep, plus a few flowers in Nov-Dec","flowering_time","NNYYYYYYYNYY",,"full range",,,,,"text: 'flowers from March to September with a few flowers recorded in November and December'"
"Banksia integrifolia var. integrifolia","months_flowering_peak","Jul","flowering_time","NNNNNNYNNNNN",,"peak flowering",,,,,"text and chart agree, tallest 'fully open' bar (~100%)"
"Banksia integrifolia var. integrifolia","months_fruiting_cones_present","uncertain - not confidently isolated from chart",,,,,,,,,"LOW CONFIDENCE - flag for manual check"
"Banksia laevigata","growth_form","shrub","plant_growth_form","shrub",,,59,,96,"usually",""
"Banksia laevigata","growth_form","tree","plant_growth_form","tree",,,59,,2,"rarely",""
"Banksia laevigata","growth_form","unspecified",,,,,59,,2,"rarely",""
"Banksia laevigata","growth_response","killed, new seedlings; killed, no seedlings and killed, new seedlings","resprouting_capacity","fire_killed",,,5,5,100,,
"Banksia laevigata","growth_response","killed, new seedlings; killed, no seedlings and killed, new seedlings","post_fire_recruitment","post_fire_recruitment",,,5,5,100,,
"Banksia laevigata","growth_response","killed, no seedlings and killed, new seedlings","post_fire_recruitment","post_fire_recruitment_absent",,,5,1,20,,
"Banksia laevigata","growth_response","killed, new seedlings; killed, no seedlings and killed, new seedlings","bud_bank_location","none",,,5,5,100,,
"Banksia laevigata","growth_response","unspecified",,,,,8,,37,,""
"Banksia laevigata","flowering_response","occurred after fire",,,,,2,,,,""
"Banksia laevigata","flowering_response","median time to flowering: 36-37 months","fire_time_from_fire_to_flowering","36.5","median",,2,,,,""
"Banksia laevigata","flowering_response","minimum time to flowering: 13-24 months","fire_time_from_fire_to_flowering","18.5","minimum",,2,,,,""
"Banksia laevigata","flowering_response","not occurred after fire",,,,,4,,,,""
"Banksia laevigata","flowering_response","median time to no flowering: 12-13 months","fire_time_from_fire_to_no_flowering","12.5","median",,4,,,,""
"Banksia laevigata","flowering_response","maximum time to no flowering: 25-36 months","fire_time_from_fire_to_no_flowering","30.5","maximum",,4,,,,""
"Banksia laevigata","pollinator_type","no pollinator observed",,,,,9,8,,,""
"Banksia laevigata","pollinator_type","bees, wasps, ants","flower_visitor","bee wasp ant",,,1,1,100,"usually",""
"Banksia laevigata","months_flowering_range","Nov-Dec","flowering_time","NNNNNNNNNNYY",,"full range",,,,,"no single Discussion sentence for the species as a whole (see the two subspecies accounts); chart shows 'fully open' only at Nov (~10%) and Dec (~85%), all other months in bud"
"Banksia laevigata","months_flowering_peak","Dec","flowering_time","NNNNNNNNNNNY",,"peak flowering",,,,,"tallest 'fully open' bar in chart (~85%)"
"Banksia laevigata","months_fruiting_cones_present","uncertain - not confidently isolated from chart",,,,,,,,,"LOW CONFIDENCE - flag for manual check"
"Banksia laevigata subsp. fuscolutea","growth_form","shrub","plant_growth_form","shrub",,,41,,95,"usually",""
"Banksia laevigata subsp. fuscolutea","growth_form","unspecified",,,,,41,,5,"rarely",""
"Banksia laevigata subsp. fuscolutea","growth_response","killed, new seedlings; killed, no seedlings and killed, new seedlings","resprouting_capacity","fire_killed",,,5,5,100,,
"Banksia laevigata subsp. fuscolutea","growth_response","killed, new seedlings; killed, no seedlings and killed, new seedlings","post_fire_recruitment","post_fire_recruitment",,,5,5,100,,
"Banksia laevigata subsp. fuscolutea","growth_response","killed, no seedlings and killed, new seedlings","post_fire_recruitment","post_fire_recruitment_absent",,,5,1,20,,
"Banksia laevigata subsp. fuscolutea","growth_response","killed, new seedlings; killed, no seedlings and killed, new seedlings","bud_bank_location","none",,,5,5,100,,
"Banksia laevigata subsp. fuscolutea","growth_response","unspecified",,,,,8,,37,,""
"Banksia laevigata subsp. fuscolutea","flowering_response","occurred after fire",,,,,2,,,,""
"Banksia laevigata subsp. fuscolutea","flowering_response","median time to flowering: 25-36 months","fire_time_from_fire_to_flowering","30.5","median",,2,,,,""
"Banksia laevigata subsp. fuscolutea","flowering_response","minimum time to flowering: 13-24 months","fire_time_from_fire_to_flowering","18.5","minimum",,2,,,,""
"Banksia laevigata subsp. fuscolutea","flowering_response","not occurred after fire",,,,,4,,,,""
"Banksia laevigata subsp. fuscolutea","flowering_response","median time to no flowering: 12-13 months","fire_time_from_fire_to_no_flowering","12.5","median",,4,,,,""
"Banksia laevigata subsp. fuscolutea","flowering_response","maximum time to no flowering: 25-36 months","fire_time_from_fire_to_no_flowering","30.5","maximum",,4,,,,""
"Banksia laevigata subsp. fuscolutea","pollinator_type","no pollinator observed",,,,,5,5,,,""
"Banksia laevigata subsp. fuscolutea","months_flowering_range","Nov-Dec","flowering_time","NNNNNNNNNNYY",,"full range",,,,,"text: 'George (1981) described the flowering period as December to January. However, there were no Atlas records from January and only two from December so the flowering period may last longer than was recorded'; chart confirms 'fully open' at Nov (~20%) and Dec (~55%) only"
"Banksia laevigata subsp. fuscolutea","months_flowering_peak","Dec","flowering_time","NNNNNNNNNNNY",,"peak flowering",,,,,"tallest 'fully open' bar in chart (~55%)"
"Banksia laevigata subsp. fuscolutea","months_fruiting_cones_present","uncertain - not confidently isolated from chart",,,,,,,,,"LOW CONFIDENCE - flag for manual check"
"Banksia laevigata subsp. laevigata","growth_form","shrub","plant_growth_form","shrub",,,14,,93,"usually",""
"Banksia laevigata subsp. laevigata","growth_form","tree","plant_growth_form","tree",,,14,,7,"rarely",""
"Banksia laevigata subsp. laevigata","growth_response","no fire-response records",,,,,0,,,,""
"Banksia laevigata subsp. laevigata","pollinator_type","no pollinator observed",,,,,3,2,,,""
"Banksia laevigata subsp. laevigata","pollinator_type","bees, wasps, ants","flower_visitor","bee wasp ant",,,1,1,100,"usually",""
"Banksia laevigata subsp. laevigata","months_flowering_range","Sep-Jan","flowering_time","YNNNNNNNYYYY",,"full range",,,,,"text: 'George (1981) described the flowering period of B. laevigata subsp. laevigata as November to January. Atlas records show it to be largely in bud in September/October and flowering in November. There are no records in December and a single record in January is of ""flowers mainly finished still with some colour""'"
"Banksia laevigata subsp. laevigata","months_flowering_peak","Nov","flowering_time","NNNNNNNNNNYN",,"peak flowering",,,,,"text-stated peak; only month with 'fully open' records"
"Banksia laevigata subsp. laevigata","months_fruiting_cones_present","not indicated in chart",,,,,,,,,"very small sample (14 records total)"
"Banksia lanata","growth_form","shrub","plant_growth_form","shrub",,,17,,94,"usually",""
"Banksia lanata","growth_form","unspecified",,,,,17,,6,"rarely",""
"Banksia lanata","growth_response","no fire-response records",,,,,0,,,,""
"Banksia lanata","pollinator_type","no pollinator observed",,,,,4,4,,,""
"Banksia lanata","months_flowering_range","Oct","flowering_time","NNNNNNNNNYNN",,"full range",,,,,"DISCREPANCY FLAGGED: text states 'George (1981) described the flowering period as late October to January. However, there are no [Atlas] records from summer months' - the monthly chart shows a 'fully open' bar ONLY in October (~35%); all other months show 'majority in bud' or no data, including Nov-Jan"
"Banksia lanata","months_flowering_peak","Oct","flowering_time","NNNNNNNNNYNN",,"peak flowering",,,,,"only month with a 'fully open' record in the chart"
"Banksia lanata","months_fruiting_cones_present","not known",,,,,,,,,"no fire-response records; text notes George (1981) stated the species is non-lignotuberous"
"Banksia laricina","growth_form","shrub","plant_growth_form","shrub",,,23,,100,"usually",""
"Banksia laricina","growth_response","no fire-response records",,,,,0,,,,""
"Banksia laricina","pollinator_type","no pollinator observed",,,,,4,3,,,""
"Banksia laricina","pollinator_type","bees, wasps, ants","flower_visitor","bee wasp ant",,,1,1,100,"usually",""
"Banksia laricina","specific_pollinator","ant","flower_visitor","ant",,,1,1,100,"usually",""
"Banksia laricina","specific_pollinator","bee (unspecified)","flower_visitor","bee",,,1,1,100,"usually",""
"Banksia laricina","months_flowering_range","Apr-Aug","flowering_time","NNNYYYYYNNNN",,"full range",,,,,"text: 'Flowering is from April to August'"
"Banksia laricina","months_flowering_peak","Jul","flowering_time","NNNNNNYNNNNN",,"peak flowering",,,,,"tallest 'fully open' bar in chart (~100%)"
"Banksia laricina","months_fruiting_cones_present","not known",,,,,,,,,"no fire-response records"
"Banksia lemanniana","growth_form","shrub","plant_growth_form","shrub",,,69,,88,"usually",""
"Banksia lemanniana","growth_form","tree","plant_growth_form","tree",,,69,,7,"rarely",""
"Banksia lemanniana","growth_form","unspecified",,,,,69,,4,"rarely",""
"Banksia lemanniana","growth_response","killed, new seedlings","resprouting_capacity","fire_killed",,,2,2,100,,
"Banksia lemanniana","growth_response","killed, new seedlings","post_fire_recruitment","post_fire_recruitment",,,2,2,100,,
"Banksia lemanniana","growth_response","killed, new seedlings","bud_bank_location","none",,,2,2,100,,
"Banksia lemanniana","growth_response","unspecified",,,,,4,,50,,""
"Banksia lemanniana","flowering_response","occurred after fire",,,,,3,,,,""
"Banksia lemanniana","flowering_response","median time to flowering: 13-24 months","fire_time_from_fire_to_flowering","18.5","median",,3,,,,""
"Banksia lemanniana","flowering_response","minimum time to flowering: 13-24 months","fire_time_from_fire_to_flowering","18.5","minimum",,3,,,,""
"Banksia lemanniana","flowering_response","not occurred after fire",,,,,0,,,,""
"Banksia lemanniana","pollinator_type","no pollinator observed",,,,,19,13,,,""
"Banksia lemanniana","pollinator_type","bees, wasps, ants","flower_visitor","bee wasp ant",,,6,3,50,"usually",""
"Banksia lemanniana","pollinator_type","bird","flower_visitor","bird",,,6,3,50,"usually",""
"Banksia lemanniana","specific_pollinator","ant","flower_visitor","ant",,,6,2,33,"commonly",""
"Banksia lemanniana","specific_pollinator","native bee","flower_visitor","bee",,,6,1,17,"occasionally",""
"Banksia lemanniana","specific_pollinator","European honey bee","flower_visitor","honeybee",,,6,1,17,"occasionally",""
"Banksia lemanniana","specific_pollinator","New Holland Honeyeater; Red Wattlebird","flower_visitor","honeyeater",,,6,2,33,"commonly",""
"Banksia lemanniana","months_flowering_range","Nov-Feb","flowering_time","YYNNNNNNNNYY",,"full range",,,,,"text: 'It flowers in summer, when the New Holland Honeyeater and Red Wattlebird were observed on the inflorescences'; chart confirms 'fully open' at Jan (~95%), Feb (~90%), Nov (~20%) and Dec (~100%)"
"Banksia lemanniana","months_flowering_peak","Dec","flowering_time","NNNNNNNNNNNY",,"peak flowering",,,,,"tallest 'fully open' bar in chart (~100%); Jan also very high (~95%)"
"Banksia lemanniana","months_fruiting_cones_present","uncertain - not confidently isolated from chart",,,,,,,,,"LOW CONFIDENCE - flag for manual check"
"Banksia leptophylla","growth_form","shrub","plant_growth_form","shrub",,,104,,99,"usually",""
"Banksia leptophylla","growth_form","unspecified",,,,,104,,1,"rarely",""
"Banksia leptophylla","growth_response","killed, new seedlings; killed, no seedlings","resprouting_capacity","fire_killed",,,7,7,100,,
"Banksia leptophylla","growth_response","killed, new seedlings","post_fire_recruitment","post_fire_recruitment",,,7,5,71,,
"Banksia leptophylla","growth_response","killed, no seedlings","post_fire_recruitment","post_fire_recruitment_absent",,,7,2,29,,
"Banksia leptophylla","growth_response","killed, new seedlings; killed, no seedlings","bud_bank_location","none",,,7,7,100,,
"Banksia leptophylla","growth_response","unspecified",,,,,13,,46,,""
"Banksia leptophylla","flowering_response","occurred after fire",,,,,6,,,,""
"Banksia leptophylla","flowering_response","median time to flowering: 13-24 months","fire_time_from_fire_to_flowering","18.5","median",,6,,,,""
"Banksia leptophylla","flowering_response","minimum time to flowering: <1 month","fire_time_from_fire_to_flowering","1","minimum",,6,,,,""
"Banksia leptophylla","flowering_response","not occurred after fire",,,,,5,,,,""
"Banksia leptophylla","flowering_response","median time to no flowering: 13-24 months","fire_time_from_fire_to_no_flowering","18.5","median",,5,,,,""
"Banksia leptophylla","flowering_response","maximum time to no flowering: 37-48 months","fire_time_from_fire_to_no_flowering","42.5","maximum",,5,,,,""
"Banksia leptophylla","pollinator_type","no pollinator observed",,,,,19,17,,,""
"Banksia leptophylla","pollinator_type","bees, wasps, ants","flower_visitor","bee wasp ant",,,2,2,100,"usually",""
"Banksia leptophylla","specific_pollinator","ant","flower_visitor","ant",,,2,1,50,"usually",""
"Banksia leptophylla","months_flowering_range","Apr-Jul, plus Nov-Dec","flowering_time","NNNYYYYNNNYY",,"full range",,,,,"text: 'Flowering occurs in two distinct peaks, one in November-December, the other from April to July.' Text also distinguishes var. leptophylla (large flowers, eastern) and var. melletica (small flowers, western) within this species account, but neither is given a separate numeric data page in this atlas"
"Banksia leptophylla","months_flowering_peak","Jun-Jul","flowering_time","NNNNNYYNNNNN",,"peak flowering",,,,,"chart shows Jun and Jul both at 100% 'fully open', the tallest bars; Nov is a secondary peak (~65%)"
"Banksia leptophylla","months_fruiting_cones_present","uncertain - not confidently isolated from chart",,,,,,,,,"LOW CONFIDENCE - flag for manual check"
"Banksia lindleyana","growth_form","shrub","plant_growth_form","shrub",,,28,,100,"usually",""
"Banksia lindleyana","growth_response","ground resprout","resprouting_capacity","resprouts",,,3,3,100,,
"Banksia lindleyana","growth_response","ground resprout","bud_bank_location","basal_buds",,,3,3,100,,
"Banksia lindleyana","growth_response","unspecified",,,,,4,,25,,""
"Banksia lindleyana","flowering_response","occurred after fire",,,,,2,,,,""
"Banksia lindleyana","flowering_response","median time to flowering: 37-48 months","fire_time_from_fire_to_flowering","42.5","median",,2,,,,""
"Banksia lindleyana","flowering_response","minimum time to flowering: 37-48 months","fire_time_from_fire_to_flowering","42.5","minimum",,2,,,,""
"Banksia lindleyana","flowering_response","not occurred after fire",,,,,0,,,,""
"Banksia lindleyana","pollinator_type","no pollinator observed",,,,,2,1,,,""
"Banksia lindleyana","pollinator_type","bees, wasps, ants","flower_visitor","bee wasp ant",,,1,1,100,"usually",""
"Banksia lindleyana","specific_pollinator","ant","flower_visitor","ant",,,1,1,100,"usually",""
"Banksia lindleyana","months_flowering_range","Apr","flowering_time","NNNYNNNNNNNN",,"full range",,,,,"DISCREPANCY FLAGGED: text states 'Flowering was sparsely recorded by Atlas contributors, though George (1981) stated that it is from January to March' - but the monthly chart's ONLY 'fully open' bar is in April (~55%); Feb, Aug and Sep show 'majority in bud' only, with zero 'fully open' months matching George's Jan-Mar claim"
"Banksia lindleyana","months_flowering_peak","Apr","flowering_time","NNNYNNNNNNNN",,"peak flowering",,,,,"only month with a 'fully open' record in the chart"
"Banksia lindleyana","months_fruiting_cones_present","uncertain - not confidently isolated from chart",,,,,,,,,"LOW CONFIDENCE - flag for manual check"
"Banksia littoralis","growth_form","tree","plant_growth_form","tree",,,726,,92,"usually",""
"Banksia littoralis","growth_form","shrub","plant_growth_form","shrub",,,726,,7,"rarely",""
"Banksia littoralis","growth_response","killed, new seedlings; killed, new seedlings and trunk resprout","resprouting_capacity","fire_killed",,,59,3,5,,
"Banksia littoralis","growth_response","ground resprout; ground resprout and trunk resprout; killed, new seedlings and trunk resprout; trunk resprout","resprouting_capacity","resprouts",,,59,57,97,,
"Banksia littoralis","growth_response","killed, new seedlings; killed, new seedlings and trunk resprout","post_fire_recruitment","post_fire_recruitment",,,59,3,5,,
"Banksia littoralis","growth_response","ground resprout; ground resprout and trunk resprout","bud_bank_location","basal_buds",,,59,18,31,,
"Banksia littoralis","growth_response","ground resprout and trunk resprout; killed, new seedlings and trunk resprout; trunk resprout","bud_bank_location","epicormic_buds",,,59,51,86,,
"Banksia littoralis","growth_response","unspecified",,,,,125,,52,,""
"Banksia littoralis","flowering_response","occurred after fire",,,,,70,,,,""
"Banksia littoralis","flowering_response","median time to flowering: 13-24 months","fire_time_from_fire_to_flowering","18.5","median",,70,,,,""
"Banksia littoralis","flowering_response","minimum time to flowering: <1 month","fire_time_from_fire_to_flowering","1","minimum",,70,,,,""
"Banksia littoralis","flowering_response","not occurred after fire",,,,,23,,,,""
"Banksia littoralis","flowering_response","median time to no flowering: 1-12 months","fire_time_from_fire_to_no_flowering","6.5","median",,23,,,,""
"Banksia littoralis","flowering_response","maximum time to no flowering: 61-72 months","fire_time_from_fire_to_no_flowering","66","maximum",,23,,,,""
"Banksia littoralis","pollinator_type","no pollinator observed",,,,,382,313,,,""
"Banksia littoralis","pollinator_type","bees, wasps, ants","flower_visitor","bee wasp ant",,,73,27,37,"commonly",""
"Banksia littoralis","pollinator_type","beetle","flower_visitor","beetle",,,73,4,5,"rarely",""
"Banksia littoralis","pollinator_type","bird","flower_visitor","bird",,,73,38,52,"usually",""
"Banksia littoralis","pollinator_type","mammal","flower_visitor","mammal",,,73,4,5,"rarely",""
"Banksia littoralis","specific_pollinator","ant","flower_visitor","ant",,,73,13,18,"occasionally",""
"Banksia littoralis","specific_pollinator","bee (unspecified); native bee","flower_visitor","bee",,,73,15,21,"occasionally",""
"Banksia littoralis","specific_pollinator","jewel beetle","flower_visitor","beetle",,,73,1,1,"rarely",""
"Banksia littoralis","specific_pollinator","European honey bee","flower_visitor","honeybee",,,73,4,5,"rarely",""
"Banksia littoralis","specific_pollinator","honeyeater (unspecified); New Holland Honeyeater; Brown Honeyeater; wattlebird (unspecified); Red Wattlebird; Little Wattlebird","flower_visitor","honeyeater",,,73,33,45,"commonly",""
"Banksia littoralis","specific_pollinator","Honey-possum","flower_visitor","marsupial",,,73,1,1,"rarely",""
"Banksia littoralis","specific_pollinator","Red-tailed Black-Cockatoo","flower_visitor","parrot",,,73,1,1,"rarely",""
"Banksia littoralis","specific_pollinator","Silvereye","flower_visitor","silvereye",,,73,2,3,"rarely",""
"Banksia littoralis","months_flowering_range","Mar-Aug, plus minor records in Jan and Oct","flowering_time","YNYYYYYYNYNN",,"full range",,,,,"text: 'the main flowering period is from March to August with some flowers also recorded as early as January and as late as October'"
"Banksia littoralis","months_flowering_peak","May","flowering_time","NNNNYNNNNNNN",,"peak flowering",,,,,"tallest 'fully open' bar in chart (~78%)"
"Banksia littoralis","months_fruiting_cones_present","uncertain - not confidently isolated from chart",,,,,,,,,"LOW CONFIDENCE - flag for manual check"
"Banksia lullfitzii","growth_form","shrub","plant_growth_form","shrub",,,7,,100,"usually",""
"Banksia lullfitzii","growth_response","ground resprout","resprouting_capacity","resprouts",,,1,1,100,,
"Banksia lullfitzii","growth_response","ground resprout","bud_bank_location","basal_buds",,,1,1,100,,
"Banksia lullfitzii","flowering_response","occurred after fire",,,,,1,,,,""
"Banksia lullfitzii","flowering_response","minimum time to flowering: 25-36 months","fire_time_from_fire_to_flowering","30.5","minimum",,1,,,,""
"Banksia lullfitzii","flowering_response","not occurred after fire",,,,,0,,,,""
"Banksia lullfitzii","pollinator_type","bird","flower_visitor","bird",,,1,1,100,"usually",""
"Banksia lullfitzii","specific_pollinator","Brown Honeyeater; White-eared Honeyeater; Tawny-crowned Honeyeater; Red Wattlebird","flower_visitor","honeyeater",,,1,4,100,"usually",""
"Banksia lullfitzii","months_flowering_range","Apr-May","flowering_time","NNNYYNNNNNNN",,"full range",,,,,"text: 'Flowering is in autumn when birds were observed on the flower spikes'; chart confirms 'fully open' at 100% in both Apr and May, with only 7 total records (THIN SAMPLE)"
"Banksia lullfitzii","months_flowering_peak","Apr-May (tied)","flowering_time","NNNYYNNNNNNN",,"peak flowering",,,,,"THIN SAMPLE - both months at 100% 'fully open'"
"Banksia lullfitzii","months_fruiting_cones_present","not known",,,,,,,,,"THIN SAMPLE (7 total records)"
"Banksia marginata","growth_form","tree","plant_growth_form","tree",,,3775,,39,"commonly",""
"Banksia marginata","growth_form","shrub","plant_growth_form","shrub",,,3775,,57,"usually",""
"Banksia marginata","growth_form","unspecified",,,,,3775,,5,"rarely",""
"Banksia marginata","growth_response","ground resprout and killed, new seedlings; killed, new seedlings; killed, no seedlings","resprouting_capacity","fire_killed",,,298,98,33,,
"Banksia marginata","growth_response","ground resprout; ground resprout and killed, new seedlings; ground resprout and trunk resprout; trunk resprout","resprouting_capacity","resprouts",,,298,216,72,,
"Banksia marginata","growth_response","ground resprout and killed, new seedlings; killed, new seedlings","post_fire_recruitment","post_fire_recruitment",,,298,94,32,,
"Banksia marginata","growth_response","killed, no seedlings","post_fire_recruitment","post_fire_recruitment_absent",,,298,4,1,,
"Banksia marginata","growth_response","ground resprout; ground resprout and killed, new seedlings; ground resprout and trunk resprout","bud_bank_location","basal_buds",,,298,183,61,,
"Banksia marginata","growth_response","ground resprout and trunk resprout; trunk resprout","bud_bank_location","epicormic_buds",,,298,49,16,,
"Banksia marginata","growth_response","unspecified",,,,,408,,26,,""
"Banksia marginata","flowering_response","occurred after fire",,,,,167,,,,""
"Banksia marginata","flowering_response","median time to flowering: 13-24 months","fire_time_from_fire_to_flowering","18.5","median",,167,,,,""
"Banksia marginata","flowering_response","minimum time to flowering: <1 month","fire_time_from_fire_to_flowering","1","minimum",,167,,,,""
"Banksia marginata","flowering_response","not occurred after fire",,,,,159,,,,""
"Banksia marginata","flowering_response","median time to no flowering: 13-24 months","fire_time_from_fire_to_no_flowering","18.5","median",,159,,,,""
"Banksia marginata","flowering_response","maximum time to no flowering: 85-96 months","fire_time_from_fire_to_no_flowering","90.5","maximum",,159,,,,""
"Banksia marginata","pollinator_type","no pollinator observed",,,,,2469,2123,,,""
"Banksia marginata","pollinator_type","bees, wasps, ants","flower_visitor","bee wasp ant",,,338,123,36,"commonly",""
"Banksia marginata","pollinator_type","beetles","flower_visitor","beetle",,,338,2,0.6,"rarely",""
"Banksia marginata","pollinator_type","bird","flower_visitor","bird",,,338,198,59,"usually",""
"Banksia marginata","pollinator_type","flies","flower_visitor","fly",,,338,5,1,"rarely",""
"Banksia marginata","pollinator_type","butterflies, moths","flower_visitor","lepidoptera",,,338,5,1,"rarely",""
"Banksia marginata","pollinator_type","mammals","flower_visitor","mammal",,,338,5,1,"rarely",""
"Banksia marginata","specific_pollinator","ant","flower_visitor","ant",,,338,31,9,"rarely",""
"Banksia marginata","specific_pollinator","bee (unspecified); native bee","flower_visitor","bee",,,338,44,13,"occasionally",""
"Banksia marginata","specific_pollinator","thornbill (unspecified)","flower_visitor","bird",,,338,2,0.6,"rarely",""
"Banksia marginata","specific_pollinator","brown butterfly","flower_visitor","butterfly",,,338,2,0.6,"rarely",""
"Banksia marginata","specific_pollinator","blowfly","flower_visitor","carrion_fly",,,338,3,0.9,"rarely",""
"Banksia marginata","specific_pollinator","European honey bee","flower_visitor","honeybee",,,338,19,6,"rarely",""
"Banksia marginata","specific_pollinator","honeyeater (unspecified); New Holland Honeyeater; Singing Honeyeater; White-eared Honeyeater; Tawny-crowned Honeyeater; White-naped Honeyeater; Yellow-faced Honeyeater; Crescent Honeyeater; Noisy Miner; wattlebird (unspecified); Red Wattlebird; Little Wattlebird; Yellow Wattlebird; Eastern Spinebill","flower_visitor","honeyeater",,,338,214,63,"usually",""
"Banksia marginata","specific_pollinator","Sugar Glider","flower_visitor","marsupial",,,338,1,0.3,"rarely",""
"Banksia marginata","specific_pollinator","cockatoos and parrots (unspecified); Musk Lorikeet","flower_visitor","parrot",,,338,2,0.6,"rarely",""
"Banksia marginata","months_flowering_range","year-round, main season Feb-Jun","flowering_time","YYYYYYYYYYYY",,"full range",,,,,"no single Discussion sentence gives a flowering season (the long discussion focuses on distribution, variation, and fire-response variability across this very widespread species); chart shows a 'fully open' bar of some size in every month"
"Banksia marginata","months_flowering_peak","Mar-May","flowering_time","NNYYYNNNNNNN",,"peak flowering",,,,,"chart shows Mar, Apr and May all at ~62% 'fully open', the tallest bars"
"Banksia marginata","months_fruiting_cones_present","uncertain - not confidently isolated from chart",,,,,,,,,"LOW CONFIDENCE - flag for manual check"
"Banksia media","growth_form","tree","plant_growth_form","tree",,,336,,13,"occasionally",""
"Banksia media","growth_form","shrub","plant_growth_form","shrub",,,336,,87,"usually",""
"Banksia media","growth_response","killed, new seedlings; killed, no seedlings; killed, no seedlings and killed, new seedlings","resprouting_capacity","fire_killed",,,19,16,84,,
"Banksia media","growth_response","ground resprout","resprouting_capacity","resprouts",,,19,3,16,,
"Banksia media","growth_response","killed, new seedlings; killed, no seedlings and killed, new seedlings","post_fire_recruitment","post_fire_recruitment",,,19,15,79,,
"Banksia media","growth_response","killed, no seedlings; killed, no seedlings and killed, new seedlings","post_fire_recruitment","post_fire_recruitment_absent",,,19,5,26,,
"Banksia media","growth_response","ground resprout","bud_bank_location","basal_buds",,,19,3,16,,
"Banksia media","growth_response","unspecified",,,,,26,,27,,""
"Banksia media","flowering_response","occurred after fire",,,,,9,,,,""
"Banksia media","flowering_response","median time to flowering: 37-48 months","fire_time_from_fire_to_flowering","42.5","median",,9,,,,""
"Banksia media","flowering_response","minimum time to flowering: 1-12 months","fire_time_from_fire_to_flowering","6.5","minimum",,9,,,,""
"Banksia media","flowering_response","not occurred after fire",,,,,10,,,,""
"Banksia media","flowering_response","median time to no flowering: 13-24 months","fire_time_from_fire_to_no_flowering","18.5","median",,10,,,,""
"Banksia media","flowering_response","maximum time to no flowering: 25-36 months","fire_time_from_fire_to_no_flowering","30.5","maximum",,10,,,,""
"Banksia media","pollinator_type","no pollinator observed",,,,,112,80,,,""
"Banksia media","pollinator_type","bees, wasps, ants","flower_visitor","bee wasp ant",,,31,16,52,"usually",""
"Banksia media","pollinator_type","beetles","flower_visitor","beetle",,,31,1,3,"rarely",""
"Banksia media","pollinator_type","bird","flower_visitor","bird",,,31,10,32,"commonly",""
"Banksia media","pollinator_type","flies","flower_visitor","fly",,,31,4,13,"occasionally",""
"Banksia media","specific_pollinator","ant; meat ant","flower_visitor","ant",,,31,13,42,"commonly",""
"Banksia media","specific_pollinator","bee (unspecified)","flower_visitor","bee",,,31,3,10,"occasionally",""
"Banksia media","specific_pollinator","thornbill (unspecified)","flower_visitor","bird",,,31,1,3,"rarely",""
"Banksia media","specific_pollinator","European honey bee","flower_visitor","honeybee",,,31,2,6,"rarely",""
"Banksia media","specific_pollinator","honeyeater (unspecified); New Holland Honeyeater; wattlebird (unspecified); Red Wattlebird; Western Spinebill","flower_visitor","honeyeater",,,31,9,29,"commonly",""
"Banksia media","months_flowering_range","Mar-Jul, plus minor records in Feb and Oct","flowering_time","NYYYYYYNNYNN",,"full range",,,,,"text: 'The main flowering period is from March to July with some flowers recorded in February and some as late as October'"
"Banksia media","months_flowering_peak","Apr","flowering_time","NNNYNNNNNNNN",,"peak flowering",,,,,"tallest 'fully open' bar in chart (~78%)"
"Banksia media","months_fruiting_cones_present","uncertain - not confidently isolated from chart",,,,,,,,,"LOW CONFIDENCE - flag for manual check"
"Banksia meisneri","growth_form","shrub","plant_growth_form","shrub",,,52,,100,"usually",""
"Banksia meisneri","growth_response","ground resprout and killed, new seedlings; killed, new seedlings; killed, no seedlings","resprouting_capacity","fire_killed",,,8,8,100,,
"Banksia meisneri","growth_response","ground resprout and killed, new seedlings","resprouting_capacity","resprouts",,,8,1,12,,
"Banksia meisneri","growth_response","ground resprout and killed, new seedlings; killed, new seedlings","post_fire_recruitment","post_fire_recruitment",,,8,6,75,,
"Banksia meisneri","growth_response","killed, no seedlings","post_fire_recruitment","post_fire_recruitment_absent",,,8,2,25,,
"Banksia meisneri","growth_response","ground resprout and killed, new seedlings","bud_bank_location","basal_buds",,,8,1,12,,
"Banksia meisneri","growth_response","unspecified",,,,,10,,20,,""
"Banksia meisneri","flowering_response","occurred after fire",,,,,7,,,,""
"Banksia meisneri","flowering_response","median time to flowering: 1-12 months","fire_time_from_fire_to_flowering","6.5","median",,7,,,,""
"Banksia meisneri","flowering_response","minimum time to flowering: <1 month","fire_time_from_fire_to_flowering","1","minimum",,7,,,,""
"Banksia meisneri","flowering_response","not occurred after fire",,,,,3,,,,""
"Banksia meisneri","flowering_response","median time to no flowering: 13-24 months","fire_time_from_fire_to_no_flowering","18.5","median",,3,,,,""
"Banksia meisneri","flowering_response","maximum time to no flowering: 25-36 months","fire_time_from_fire_to_no_flowering","30.5","maximum",,3,,,,""
"Banksia meisneri","pollinator_type","no pollinator observed",,,,,24,18,,,""
"Banksia meisneri","pollinator_type","bees, wasps, ants","flower_visitor","bee wasp ant",,,6,6,100,"usually",""
"Banksia meisneri","specific_pollinator","ant","flower_visitor","ant",,,6,4,67,"usually",""
"Banksia meisneri","specific_pollinator","bee (unspecified)","flower_visitor","bee",,,6,1,17,"occasionally",""
"Banksia meisneri","months_flowering_range","May-Sep","flowering_time","NNNNYYYYYNNN",,"full range",,,,,"no single Discussion sentence for the species as a whole (see the two named varieties, ascendens and meisneri, which each have their own account); chart shows 'fully open' bars May-Sep"
"Banksia meisneri","months_flowering_peak","Jul","flowering_time","NNNNNNYNNNNN",,"peak flowering",,,,,"tallest 'fully open' bar in chart (~90%)"
"Banksia meisneri","months_fruiting_cones_present","uncertain - not confidently isolated from chart",,,,,,,,,"LOW CONFIDENCE - flag for manual check"
"Banksia meisneri var. ascendens","growth_form","shrub","plant_growth_form","shrub",,,29,,100,"usually",""
"Banksia meisneri var. ascendens","growth_response","killed, new seedlings; killed, no seedlings","resprouting_capacity","fire_killed",,,3,3,100,,
"Banksia meisneri var. ascendens","growth_response","killed, new seedlings","post_fire_recruitment","post_fire_recruitment",,,3,2,67,,
"Banksia meisneri var. ascendens","growth_response","killed, no seedlings","post_fire_recruitment","post_fire_recruitment_absent",,,3,1,33,,
"Banksia meisneri var. ascendens","growth_response","killed, new seedlings; killed, no seedlings","bud_bank_location","none",,,3,3,100,,
"Banksia meisneri var. ascendens","growth_response","unspecified",,,,,4,,25,,""
"Banksia meisneri var. ascendens","flowering_response","occurred after fire",,,,,2,,,,""
"Banksia meisneri var. ascendens","flowering_response","median time to flowering: 1 months","fire_time_from_fire_to_flowering","1","median",,2,,,,""
"Banksia meisneri var. ascendens","flowering_response","minimum time to flowering: <1 month","fire_time_from_fire_to_flowering","1","minimum",,2,,,,""
"Banksia meisneri var. ascendens","flowering_response","not occurred after fire",,,,,2,,,,""
"Banksia meisneri var. ascendens","flowering_response","median time to no flowering: 1-12 months","fire_time_from_fire_to_no_flowering","6.5","median",,2,,,,""
"Banksia meisneri var. ascendens","flowering_response","maximum time to no flowering: 25-36 months","fire_time_from_fire_to_no_flowering","30.5","maximum",,2,,,,""
"Banksia meisneri var. ascendens","pollinator_type","no pollinator observed",,,,,22,17,,,""
"Banksia meisneri var. ascendens","pollinator_type","bees, wasps, ants","flower_visitor","bee wasp ant",,,5,5,100,"usually",""
"Banksia meisneri var. ascendens","specific_pollinator","ant","flower_visitor","ant",,,5,4,80,"usually",""
"Banksia meisneri var. ascendens","months_flowering_range","Jun","flowering_time","NNNNNYNNNNNN",,"full range",,,,,"DISCREPANCY FLAGGED: text states 'Flowering was recorded in June only, whilst buds were recorded as early as March. This is in contrast to the April-August flowering period suggested by George (1981)' - i.e. the book itself flags that its own Atlas data (Jun only) disagrees with George's broader literature claim"
"Banksia meisneri var. ascendens","months_flowering_peak","Jun","flowering_time","NNNNNYNNNNNN",,"peak flowering",,,,,"only month with 'fully open' records per text"
"Banksia meisneri var. ascendens","months_fruiting_cones_present","uncertain - not confidently isolated from chart",,,,,,,,,"LOW CONFIDENCE - flag for manual check"
"Banksia meisneri var. meisneri","growth_form","shrub","plant_growth_form","shrub",,,22,,100,"usually",""
"Banksia meisneri var. meisneri","growth_response","ground resprout and killed, new seedlings; killed, new seedlings; killed, no seedlings","resprouting_capacity","fire_killed",,,5,5,100,,
"Banksia meisneri var. meisneri","growth_response","ground resprout and killed, new seedlings","resprouting_capacity","resprouts",,,5,1,20,,
"Banksia meisneri var. meisneri","growth_response","ground resprout and killed, new seedlings; killed, new seedlings","post_fire_recruitment","post_fire_recruitment",,,5,4,80,,
"Banksia meisneri var. meisneri","growth_response","killed, no seedlings","post_fire_recruitment","post_fire_recruitment_absent",,,5,1,20,,
"Banksia meisneri var. meisneri","growth_response","ground resprout and killed, new seedlings","bud_bank_location","basal_buds",,,5,1,20,,
"Banksia meisneri var. meisneri","growth_response","unspecified",,,,,6,,17,,""
"Banksia meisneri var. meisneri","flowering_response","occurred after fire",,,,,5,,,,""
"Banksia meisneri var. meisneri","flowering_response","median time to flowering: 13-24 months","fire_time_from_fire_to_flowering","18.5","median",,5,,,,""
"Banksia meisneri var. meisneri","flowering_response","minimum time to flowering: 1-12 months","fire_time_from_fire_to_flowering","6.5","minimum",,5,,,,""
"Banksia meisneri var. meisneri","flowering_response","not occurred after fire",,,,,1,,,,""
"Banksia meisneri var. meisneri","flowering_response","maximum time to no flowering: 13-24 months","fire_time_from_fire_to_no_flowering","18.5","maximum",,1,,,,""
"Banksia meisneri var. meisneri","pollinator_type","no pollinator observed",,,,,2,1,,,""
"Banksia meisneri var. meisneri","pollinator_type","bees, wasps, ants","flower_visitor","bee wasp ant",,,1,1,100,"usually",""
"Banksia meisneri var. meisneri","specific_pollinator","bee (unspecified)","flower_visitor","bee",,,1,1,100,"usually",""
"Banksia meisneri var. meisneri","months_flowering_range","May, Jul-Aug","flowering_time","NNNNYNYYNNNN",,"full range",,,,,"text: 'Flowering is from late autumn to early spring'; chart shows 'fully open' at May (100%), Jul (100%) and Aug (100%), each on a small per-month sample (22 total records)"
"Banksia meisneri var. meisneri","months_flowering_peak","May, Jul, Aug (tied)","flowering_time","NNNNYNYYNNNN",,"peak flowering",,,,,"THIN per-month SAMPLE - each of the three months shows 100% 'fully open' but on very few records"
"Banksia meisneri var. meisneri","months_fruiting_cones_present","uncertain - not confidently isolated from chart",,,,,,,,,"LOW CONFIDENCE - flag for manual check"
"Banksia menziesii","growth_form","tree","plant_growth_form","tree",,,442,,85,"usually",""
"Banksia menziesii","growth_form","shrub","plant_growth_form","shrub",,,442,,13,"occasionally",""
"Banksia menziesii","growth_form","unspecified",,,,,442,,2,"rarely",""
"Banksia menziesii","growth_response","ground resprout and killed, new seedlings; killed, new seedlings; killed, no seedlings","resprouting_capacity","fire_killed",,,61,8,13,,
"Banksia menziesii","growth_response","ground resprout; ground resprout and killed, new seedlings; ground resprout and trunk resprout; trunk resprout","resprouting_capacity","resprouts",,,61,57,93,,
"Banksia menziesii","growth_response","ground resprout and killed, new seedlings; killed, new seedlings","post_fire_recruitment","post_fire_recruitment",,,61,6,10,,
"Banksia menziesii","growth_response","killed, no seedlings","post_fire_recruitment","post_fire_recruitment_absent",,,61,2,3,,
"Banksia menziesii","growth_response","ground resprout; ground resprout and killed, new seedlings; ground resprout and trunk resprout","bud_bank_location","basal_buds",,,61,32,52,,
"Banksia menziesii","growth_response","ground resprout and trunk resprout; trunk resprout","bud_bank_location","epicormic_buds",,,61,45,74,,
"Banksia menziesii","growth_response","unspecified",,,,,80,,24,,""
"Banksia menziesii","flowering_response","occurred after fire",,,,,51,,,,""
"Banksia menziesii","flowering_response","median time to flowering: 13-24 months","fire_time_from_fire_to_flowering","18.5","median",,51,,,,""
"Banksia menziesii","flowering_response","minimum time to flowering: <1 month","fire_time_from_fire_to_flowering","1","minimum",,51,,,,""
"Banksia menziesii","flowering_response","not occurred after fire",,,,,14,,,,""
"Banksia menziesii","flowering_response","median time to no flowering: 13-24 months","fire_time_from_fire_to_no_flowering","18.5","median",,14,,,,""
"Banksia menziesii","flowering_response","maximum time to no flowering: 13-24 months","fire_time_from_fire_to_no_flowering","18.5","maximum",,14,,,,""
"Banksia menziesii","pollinator_type","no pollinator observed",,,,,134,79,,,""
"Banksia menziesii","pollinator_type","bees, wasps, ants","flower_visitor","bee wasp ant",,,54,21,39,"commonly",""
"Banksia menziesii","pollinator_type","beetles","flower_visitor","beetle",,,54,1,2,"rarely",""
"Banksia menziesii","pollinator_type","bird","flower_visitor","bird",,,54,31,57,"usually",""
"Banksia menziesii","pollinator_type","butterflies, moths","flower_visitor","lepidoptera",,,54,1,2,"rarely",""
"Banksia menziesii","specific_pollinator","ant","flower_visitor","ant",,,54,9,17,"occasionally",""
"Banksia menziesii","specific_pollinator","bee (unspecified)","flower_visitor","bee",,,54,12,22,"occasionally",""
"Banksia menziesii","specific_pollinator","Western Warbler","flower_visitor","bird",,,54,1,2,"rarely",""
"Banksia menziesii","specific_pollinator","European honey bee","flower_visitor","honeybee",,,54,3,6,"rarely",""
"Banksia menziesii","specific_pollinator","honeyeater (unspecified); New Holland Honeyeater; Brown Honeyeater; White-cheeked Honeyeater; Singing Honeyeater; Red Wattlebird; Little Wattlebird; Western Spinebill","flower_visitor","honeyeater",,,54,28,52,"usually",""
"Banksia menziesii","specific_pollinator","cockatoos and parrots (unspecified); Port Lincoln Parrot; Western Rosella; Red-tailed Black-Cockatoo","flower_visitor","parrot",,,54,8,15,"occasionally",""
"Banksia menziesii","months_flowering_range","Mar-Aug","flowering_time","NNYYYYYYNNNN",,"full range",,,,,"text: 'The flowering period is from March-August'"
"Banksia menziesii","months_flowering_peak","May-Jun","flowering_time","NNNNYYNNNNNN",,"peak flowering",,,,,"chart shows May and Jun both at ~90% 'fully open', the tallest bars"
"Banksia menziesii","months_fruiting_cones_present","uncertain - not confidently isolated from chart",,,,,,,,,"LOW CONFIDENCE - flag for manual check"
"Banksia micrantha","growth_form","shrub","plant_growth_form","shrub",,,31,,97,"usually",""
"Banksia micrantha","growth_form","unspecified",,,,,31,,3,"rarely",""
"Banksia micrantha","growth_response","ground resprout","resprouting_capacity","resprouts",,,3,3,100,,
"Banksia micrantha","growth_response","ground resprout","bud_bank_location","basal_buds",,,3,3,100,,
"Banksia micrantha","flowering_response","occurred after fire",,,,,2,,,,""
"Banksia micrantha","flowering_response","median time to flowering: 12-13 months","fire_time_from_fire_to_flowering","12.5","median",,2,,,,""
"Banksia micrantha","flowering_response","minimum time to flowering: 1-12 months","fire_time_from_fire_to_flowering","6.5","minimum",,2,,,,""
"Banksia micrantha","flowering_response","not occurred after fire",,,,,0,,,,""
"Banksia micrantha","pollinator_type","no pollinator observed",,,,,10,9,,,""
"Banksia micrantha","pollinator_type","bees, wasps, ants","flower_visitor","bee wasp ant",,,1,1,100,"usually",""
"Banksia micrantha","months_flowering_range","Dec, Mar-May","flowering_time","NNYYYNNNNNNY",,"full range",,,,,"text: 'Flowering was recorded in December and also from March to May. There is a lack of records from the intervening months of January and February. However, George (1981) stated that the flowering period is from January to May'"
"Banksia micrantha","months_flowering_peak","Dec","flowering_time","NNNNNNNNNNNY",,"peak flowering",,,,,"tallest 'fully open' bar in chart (~100%); Apr also high (~90%)"
"Banksia micrantha","months_fruiting_cones_present","uncertain - not confidently isolated from chart",,,,,,,,,"LOW CONFIDENCE - flag for manual check"
"Banksia nutans","growth_form","shrub","plant_growth_form","shrub",,,360,,98,"usually",""
"Banksia nutans","growth_form","unspecified",,,,,360,,2,"rarely",""
"Banksia nutans","growth_response","killed, new seedlings; killed, no seedlings","resprouting_capacity","fire_killed",,,14,12,86,,
"Banksia nutans","growth_response","ground resprout; trunk resprout","resprouting_capacity","resprouts",,,14,2,14,,
"Banksia nutans","growth_response","killed, new seedlings","post_fire_recruitment","post_fire_recruitment",,,14,11,79,,
"Banksia nutans","growth_response","killed, no seedlings","post_fire_recruitment","post_fire_recruitment_absent",,,14,1,7,,
"Banksia nutans","growth_response","ground resprout","bud_bank_location","basal_buds",,,14,1,7,,
"Banksia nutans","growth_response","trunk resprout","bud_bank_location","epicormic_buds",,,14,1,7,,
"Banksia nutans","growth_response","unspecified",,,,,26,,46,,""
"Banksia nutans","flowering_response","occurred after fire",,,,,15,,,,""
"Banksia nutans","flowering_response","median time to flowering: 13-24 months","fire_time_from_fire_to_flowering","18.5","median",,15,,,,""
"Banksia nutans","flowering_response","minimum time to flowering: <1 month","fire_time_from_fire_to_flowering","1","minimum",,15,,,,""
"Banksia nutans","flowering_response","not occurred after fire",,,,,9,,,,""
"Banksia nutans","flowering_response","median time to no flowering: 1-12 months","fire_time_from_fire_to_no_flowering","6.5","median",,9,,,,""
"Banksia nutans","flowering_response","maximum time to no flowering: 25-36 months","fire_time_from_fire_to_no_flowering","30.5","maximum",,9,,,,""
"Banksia nutans","pollinator_type","no pollinator observed",,,,,76,75,,,""
"Banksia nutans","pollinator_type","bird","flower_visitor","bird",,,1,1,100,"usually",""
"Banksia nutans","months_flowering_range","Sep-Jun, predominantly summer","flowering_time","YYYYYYNNYYYY",,"full range",,,,,"text: 'B. nutans flowers predominantly in summer though flowers have been recorded as early as September and as late as June'"
"Banksia nutans","months_flowering_peak","Jan","flowering_time","YNNNNNNNNNNN",,"peak flowering",,,,,"tallest 'fully open' bar in chart (~65%)"
"Banksia nutans","months_fruiting_cones_present","uncertain - not confidently isolated from chart",,,,,,,,,"LOW CONFIDENCE - flag for manual check"
"Banksia nutans var. cernuella","growth_form","shrub","plant_growth_form","shrub",,,100,,100,"usually",""
"Banksia nutans var. cernuella","growth_response","killed, new seedlings; killed, no seedlings","resprouting_capacity","fire_killed",,,3,3,100,,
"Banksia nutans var. cernuella","growth_response","killed, new seedlings","post_fire_recruitment","post_fire_recruitment",,,3,2,67,,
"Banksia nutans var. cernuella","growth_response","killed, no seedlings","post_fire_recruitment","post_fire_recruitment_absent",,,3,1,33,,
"Banksia nutans var. cernuella","growth_response","killed, new seedlings; killed, no seedlings","bud_bank_location","none",,,3,3,100,,
"Banksia nutans var. cernuella","growth_response","unspecified",,,,,6,,50,,""
"Banksia nutans var. cernuella","flowering_response","occurred after fire",,,,,5,,,,""
"Banksia nutans var. cernuella","flowering_response","median time to flowering: 25-36 months","fire_time_from_fire_to_flowering","30.5","median",,5,,,,""
"Banksia nutans var. cernuella","flowering_response","minimum time to flowering: <1 month","fire_time_from_fire_to_flowering","1","minimum",,5,,,,""
"Banksia nutans var. cernuella","flowering_response","not occurred after fire",,,,,1,,,,""
"Banksia nutans var. cernuella","flowering_response","maximum time to no flowering: 1-12 months","fire_time_from_fire_to_no_flowering","6.5","maximum",,1,,,,""
"Banksia nutans var. cernuella","pollinator_type","no pollinator observed",,,,,27,27,,,""
"Banksia nutans var. cernuella","months_flowering_range","Jan-Apr","flowering_time","YYYYNNNNNNNN",,"full range",,,,,"text: 'The main flowering period is January to April, slightly later than that of var. nutans... A single record of var. cernuella flowering in October is possibly indicative of an incorrect identification'"
"Banksia nutans var. cernuella","months_flowering_peak","Jan-Feb","flowering_time","YYNNNNNNNNNN",,"peak flowering",,,,,"chart shows Jan and Feb both ~90% 'fully open', the tallest bars"
"Banksia nutans var. cernuella","months_fruiting_cones_present","uncertain - not confidently isolated from chart",,,,,,,,,"LOW CONFIDENCE - flag for manual check"
"Banksia nutans var. nutans","growth_form","shrub","plant_growth_form","shrub",,,204,,100,"usually",""
"Banksia nutans var. nutans","growth_response","killed, new seedlings","resprouting_capacity","fire_killed",,,6,4,67,,
"Banksia nutans var. nutans","growth_response","ground resprout; trunk resprout","resprouting_capacity","resprouts",,,6,2,33,,
"Banksia nutans var. nutans","growth_response","killed, new seedlings","post_fire_recruitment","post_fire_recruitment",,,6,4,67,,
"Banksia nutans var. nutans","growth_response","ground resprout","bud_bank_location","basal_buds",,,6,1,17,,
"Banksia nutans var. nutans","growth_response","trunk resprout","bud_bank_location","epicormic_buds",,,6,1,17,,
"Banksia nutans var. nutans","growth_response","unspecified",,,,,13,,54,,""
"Banksia nutans var. nutans","flowering_response","occurred after fire",,,,,8,,,,""
"Banksia nutans var. nutans","flowering_response","median time to flowering: 13-24 months","fire_time_from_fire_to_flowering","18.5","median",,8,,,,""
"Banksia nutans var. nutans","flowering_response","minimum time to flowering: <1 month","fire_time_from_fire_to_flowering","1","minimum",,8,,,,""
"Banksia nutans var. nutans","flowering_response","not occurred after fire",,,,,4,,,,""
"Banksia nutans var. nutans","flowering_response","median time to no flowering: 1-12 months","fire_time_from_fire_to_no_flowering","6.5","median",,4,,,,""
"Banksia nutans var. nutans","flowering_response","maximum time to no flowering: 1-12 months","fire_time_from_fire_to_no_flowering","6.5","maximum",,4,,,,""
"Banksia nutans var. nutans","pollinator_type","no pollinator observed",,,,,43,42,,,""
"Banksia nutans var. nutans","pollinator_type","bird","flower_visitor","bird",,,1,1,100,"usually",""
"Banksia nutans var. nutans","months_flowering_range","Nov-Mar","flowering_time","YYYNNNNNNNYY",,"full range",,,,,"text: 'The main flowering period is November to March'"
"Banksia nutans var. nutans","months_flowering_peak","Jan","flowering_time","YNNNNNNNNNNN",,"peak flowering",,,,,"tallest 'fully open' bar in chart (~65%)"
"Banksia nutans var. nutans","months_fruiting_cones_present","uncertain - not confidently isolated from chart",,,,,,,,,"LOW CONFIDENCE - flag for manual check"
"Banksia oblongifolia","growth_form","tree","plant_growth_form","tree",,,492,,0.3,"rarely",""
"Banksia oblongifolia","growth_form","shrub","plant_growth_form","shrub",,,492,,99,"usually",""
"Banksia oblongifolia","growth_response","ground resprout and killed, new seedlings","resprouting_capacity","fire_killed",,,74,5,7,,
"Banksia oblongifolia","growth_response","ground resprout; ground resprout and killed, new seedlings; trunk resprout","resprouting_capacity","resprouts",,,74,74,100,,
"Banksia oblongifolia","growth_response","ground resprout and killed, new seedlings","post_fire_recruitment","post_fire_recruitment",,,74,5,7,,
"Banksia oblongifolia","growth_response","ground resprout; ground resprout and killed, new seedlings","bud_bank_location","basal_buds",,,74,73,99,,
"Banksia oblongifolia","growth_response","trunk resprout","bud_bank_location","epicormic_buds",,,74,1,1,,
"Banksia oblongifolia","growth_response","unspecified",,,,,98,,24,,""
"Banksia oblongifolia","flowering_response","occurred after fire",,,,,47,,,,""
"Banksia oblongifolia","flowering_response","median time to flowering: 13-24 months","fire_time_from_fire_to_flowering","18.5","median",,47,,,,""
"Banksia oblongifolia","flowering_response","minimum time to flowering: <1 month","fire_time_from_fire_to_flowering","1","minimum",,47,,,,""
"Banksia oblongifolia","flowering_response","not occurred after fire",,,,,23,,,,""
"Banksia oblongifolia","flowering_response","median time to no flowering: 1-12 months","fire_time_from_fire_to_no_flowering","6.5","median",,23,,,,""
"Banksia oblongifolia","flowering_response","maximum time to no flowering: 25-36 months","fire_time_from_fire_to_no_flowering","30.5","maximum",,23,,,,""
"Banksia oblongifolia","pollinator_type","no pollinator observed",,,,,243,194,,,""
"Banksia oblongifolia","pollinator_type","bees, wasps, ants","flower_visitor","bee wasp ant",,,50,32,64,"usually",""
"Banksia oblongifolia","pollinator_type","beetles","flower_visitor","beetle",,,50,1,2,"rarely",""
"Banksia oblongifolia","pollinator_type","bird","flower_visitor","bird",,,50,15,30,"commonly",""
"Banksia oblongifolia","pollinator_type","flies","flower_visitor","fly",,,50,2,4,"rarely",""
"Banksia oblongifolia","specific_pollinator","ant","flower_visitor","ant",,,50,13,26,"commonly",""
"Banksia oblongifolia","specific_pollinator","bee (unspecified)","flower_visitor","bee",,,50,13,26,"commonly",""
"Banksia oblongifolia","specific_pollinator","European honey bee","flower_visitor","honeybee",,,50,9,18,"occasionally",""
"Banksia oblongifolia","specific_pollinator","honeyeater (unspecified); New Holland Honeyeater; Brown Honeyeater; Tawny-crowned Honeyeater; White-plumed Honeyeater; Yellow-faced Honeyeater; White-cheeked Honeyeater; Lewin's Honeyeater; Noisy Miner; Red Wattlebird; Eastern Spinebill; friarbird (unspecified); Noisy Friarbird","flower_visitor","honeyeater",,,50,24,48,"commonly",""
"Banksia oblongifolia","months_flowering_range","late Jan-Jul","flowering_time","YYYYYYYNNNNN",,"full range",,,,,"text: 'It flowers from late January to July'; species hybridises readily with B. robur (20 recorded hybrids) and with B. integrifolia var. integrifolia near Caloundra; two informal varieties (var. oblongifolia, var. minor) were proposed by Conran and Clifford (1987) but are not given separate data pages in this atlas"
"Banksia oblongifolia","months_flowering_peak","Apr","flowering_time","NNNYNNNNNNNN",,"peak flowering",,,,,"tallest 'fully open' bar in chart (~65%); May close behind (~62%)"
"Banksia oblongifolia","months_fruiting_cones_present","uncertain - not confidently isolated from chart",,,,,,,,,"LOW CONFIDENCE - flag for manual check"
"Banksia occidentalis","growth_form","tree","plant_growth_form","tree",,,80,,25,"commonly",""
"Banksia occidentalis","growth_form","shrub","plant_growth_form","shrub",,,80,,72,"usually",""
"Banksia occidentalis","growth_form","unspecified",,,,,80,,3,"rarely",""
"Banksia occidentalis","growth_response","killed, new seedlings; killed, no seedlings","resprouting_capacity","fire_killed",,,6,5,83,,
"Banksia occidentalis","growth_response","trunk resprout","resprouting_capacity","resprouts",,,6,1,17,,
"Banksia occidentalis","growth_response","killed, new seedlings","post_fire_recruitment","post_fire_recruitment",,,6,4,67,,
"Banksia occidentalis","growth_response","killed, no seedlings","post_fire_recruitment","post_fire_recruitment_absent",,,6,1,17,,
"Banksia occidentalis","growth_response","trunk resprout","bud_bank_location","epicormic_buds",,,6,1,17,,
"Banksia occidentalis","growth_response","unspecified",,,,,9,,33,,""
"Banksia occidentalis","flowering_response","occurred after fire",,,,,8,,,,""
"Banksia occidentalis","flowering_response","median time to flowering: 25-36 months","fire_time_from_fire_to_flowering","30.5","median",,8,,,,""
"Banksia occidentalis","flowering_response","minimum time to flowering: 1-12 months","fire_time_from_fire_to_flowering","6.5","minimum",,8,,,,""
"Banksia occidentalis","flowering_response","not occurred after fire",,,,,0,,,,""
"Banksia occidentalis","pollinator_type","no pollinator observed",,,,,35,14,,,""
"Banksia occidentalis","pollinator_type","bees, wasps, ants","flower_visitor","bee wasp ant",,,21,10,48,"commonly",""
"Banksia occidentalis","pollinator_type","bird","flower_visitor","bird",,,21,11,52,"usually",""
"Banksia occidentalis","specific_pollinator","ant","flower_visitor","ant",,,21,9,43,"commonly",""
"Banksia occidentalis","specific_pollinator","bee (unspecified)","flower_visitor","bee",,,21,1,5,"rarely",""
"Banksia occidentalis","specific_pollinator","honeyeater (unspecified); New Holland Honeyeater; Tawny-crowned Honeyeater; Little Wattlebird; Western Spinebill","flower_visitor","honeyeater",,,21,11,52,"usually",""
"Banksia occidentalis","months_flowering_range","Jan, Mar-May, Jul, Sep","flowering_time","YNYYYNYNYNNN",,"full range",,,,,"text: 'Flowering of B. occidentalis peaks in May, though flowers were recorded from many months of the year'; Hopper (1987) recognised two subspecies (subsp. occidentalis, subsp. formosa) not separately tabulated here"
"Banksia occidentalis","months_flowering_peak","May","flowering_time","NNNNYNNNNNNN",,"peak flowering",,,,,"text and chart agree, tallest 'fully open' bar (~90%)"
"Banksia occidentalis","months_fruiting_cones_present","uncertain - not confidently isolated from chart",,,,,,,,,"LOW CONFIDENCE - flag for manual check"
"Banksia oligantha","growth_form","shrub","plant_growth_form","shrub",,,1,,100,"usually",""
"Banksia oligantha","growth_response","no fire-response records",,,,,0,,,,""
"Banksia oligantha","pollinator_type","no pollinator observed",,,,,1,1,,,""
"Banksia oligantha","months_flowering_range","Nov","flowering_time","NNNNNNNNNNYN",,"full range",,,,,"THIN SAMPLE: only 1 total record. text: 'In early October, plants were reported to be ""mainly in bud"". By mid November about 20% were in full flower, and by the end of November most flowers had faded' - describes a transitional bud-to-open-to-fading state through Oct-Nov"
"Banksia oligantha","months_flowering_peak","Nov","flowering_time","NNNNNNNNNNYN",,"peak flowering",,,,,"THIN SAMPLE (1 record); chart shows the single Nov record as 'majority in bud', consistent with the text's description of an early-to-mid flowering transition"
"Banksia oligantha","months_fruiting_cones_present","not known",,,,,,,,,"THIN SAMPLE (1 total record); species newly described from the Atlas project"
"Banksia oreophila","growth_form","shrub","plant_growth_form","shrub",,,31,,90,"usually",""
"Banksia oreophila","growth_form","unspecified",,,,,31,,10,"occasionally",""
"Banksia oreophila","growth_response","killed, new seedlings","resprouting_capacity","fire_killed",,,4,4,100,,
"Banksia oreophila","growth_response","killed, new seedlings","post_fire_recruitment","post_fire_recruitment",,,4,4,100,,
"Banksia oreophila","growth_response","killed, new seedlings","bud_bank_location","none",,,4,4,100,,
"Banksia oreophila","growth_response","unspecified",,,,,6,,33,,""
"Banksia oreophila","flowering_response","occurred after fire",,,,,3,,,,""
"Banksia oreophila","flowering_response","median time to flowering: 25-36 months","fire_time_from_fire_to_flowering","30.5","median",,3,,,,""
"Banksia oreophila","flowering_response","minimum time to flowering: 13-24 months","fire_time_from_fire_to_flowering","18.5","minimum",,3,,,,""
"Banksia oreophila","flowering_response","not occurred after fire",,,,,1,,,,""
"Banksia oreophila","flowering_response","maximum time to no flowering: 25-36 months","fire_time_from_fire_to_no_flowering","30.5","maximum",,1,,,,""
"Banksia oreophila","pollinator_type","no pollinator observed",,,,,9,7,,,""
"Banksia oreophila","pollinator_type","bees, wasps, ants","flower_visitor","bee wasp ant",,,2,2,100,"usually",""
"Banksia oreophila","specific_pollinator","ant","flower_visitor","ant",,,2,2,100,"usually",""
"Banksia oreophila","months_flowering_range","Mar, Jun","flowering_time","NNYNNYNNNNNN",,"full range",,,,,"text: 'Flowering was recorded in March and June. George (1981) defined the flowering period as June and July' - the book flags its own narrower/different Atlas result vs George's literature claim"
"Banksia oreophila","months_flowering_peak","Mar, Jun (tied)","flowering_time","NNYNNYNNNNNN",,"peak flowering",,,,,"THIN SAMPLE; chart shows both months at 100% 'fully open'"
"Banksia oreophila","months_fruiting_cones_present","uncertain - not confidently isolated from chart",,,,,,,,,"LOW CONFIDENCE - flag for manual check"
"Banksia ornata","growth_form","shrub","plant_growth_form","shrub",,,839,,90,"usually",""
"Banksia ornata","growth_form","unspecified",,,,,839,,10,"occasionally",""
"Banksia ornata","growth_form","tree","plant_growth_form","tree",,,839,,0.2,"rarely",""
"Banksia ornata","growth_response","ground resprout and killed, new seedlings; killed, new seedlings; killed, no seedlings","resprouting_capacity","fire_killed",,,67,61,91,,
"Banksia ornata","growth_response","ground resprout; ground resprout and killed, new seedlings; trunk resprout; sucker resprout","resprouting_capacity","resprouts",,,67,10,15,,
"Banksia ornata","growth_response","ground resprout and killed, new seedlings; killed, new seedlings","post_fire_recruitment","post_fire_recruitment",,,67,59,88,,
"Banksia ornata","growth_response","killed, no seedlings","post_fire_recruitment","post_fire_recruitment_absent",,,67,2,3,,
"Banksia ornata","growth_response","ground resprout; ground resprout and killed, new seedlings","bud_bank_location","basal_buds",,,67,6,9,,
"Banksia ornata","growth_response","sucker resprout","bud_bank_location","bud-bearing_root",,,67,1,1,,
"Banksia ornata","growth_response","trunk resprout","bud_bank_location","epicormic_buds",,,67,3,4,,
"Banksia ornata","growth_response","unspecified",,,,,93,,28,,""
"Banksia ornata","flowering_response","occurred after fire",,,,,39,,,,""
"Banksia ornata","flowering_response","median time to flowering: 37-48 months","fire_time_from_fire_to_flowering","42.5","median",,39,,,,""
"Banksia ornata","flowering_response","minimum time to flowering: <1 month","fire_time_from_fire_to_flowering","1","minimum",,39,,,,""
"Banksia ornata","flowering_response","not occurred after fire",,,,,39,,,,""
"Banksia ornata","flowering_response","median time to no flowering: 13-24 months","fire_time_from_fire_to_no_flowering","18.5","median",,39,,,,""
"Banksia ornata","flowering_response","maximum time to no flowering: 49-60 months","fire_time_from_fire_to_no_flowering","54.5","maximum",,39,,,,""
"Banksia ornata","pollinator_type","no pollinator observed",,,,,379,178,,,""
"Banksia ornata","pollinator_type","bees, wasps, ants","flower_visitor","bee wasp ant",,,203,64,32,"commonly",""
"Banksia ornata","pollinator_type","bird","flower_visitor","bird",,,203,136,67,"usually",""
"Banksia ornata","pollinator_type","flies","flower_visitor","fly",,,203,1,0.5,"rarely",""
"Banksia ornata","pollinator_type","butterflies, moths","flower_visitor","lepidoptera",,,203,1,0.5,"rarely",""
"Banksia ornata","pollinator_type","mammals","flower_visitor","mammal",,,203,1,0.5,"rarely",""
"Banksia ornata","specific_pollinator","ant","flower_visitor","ant",,,203,8,4,"rarely",""
"Banksia ornata","specific_pollinator","bee (unspecified)","flower_visitor","bee",,,203,18,9,"rarely",""
"Banksia ornata","specific_pollinator","Little Thornbill; White-browed Babbler","flower_visitor","bird",,,203,11,5,"rarely",""
"Banksia ornata","specific_pollinator","European honey bee","flower_visitor","honeybee",,,203,7,3,"rarely",""
"Banksia ornata","specific_pollinator","honeyeater (unspecified); New Holland Honeyeater; Singing Honeyeater; Tawny-crowned Honeyeater; Noisy Miner; Spiny-cheeked Honeyeater; White-faced Honeyeater; Red Wattlebird; Little Wattlebird","flower_visitor","honeyeater",,,203,74,36,"commonly",""
"Banksia ornata","months_flowering_range","Mar-Jul","flowering_time","NNYYYYYNNNNN",,"full range",,,,,"text: 'B. ornata flowers in winter when the abundant showy flowers are very attractive to honey-eating birds'; several colour variants exist (cream to yellow/orange/bronze)"
"Banksia ornata","months_flowering_peak","May","flowering_time","NNNNYNNNNNNN",,"peak flowering",,,,,"tallest 'fully open' bar in chart (~100%); Jun close behind (~90%)"
"Banksia ornata","months_fruiting_cones_present","uncertain - not confidently isolated from chart",,,,,,,,,"LOW CONFIDENCE - flag for manual check"
"Banksia paludosa","growth_form","shrub","plant_growth_form","shrub",,,291,,98,"usually",""
"Banksia paludosa","growth_form","unspecified",,,,,291,,2,"rarely",""
"Banksia paludosa","growth_response","killed, new seedlings","resprouting_capacity","fire_killed",,,39,2,5,,
"Banksia paludosa","growth_response","ground resprout","resprouting_capacity","resprouts",,,39,37,95,,
"Banksia paludosa","growth_response","killed, new seedlings","post_fire_recruitment","post_fire_recruitment",,,39,2,5,,
"Banksia paludosa","growth_response","ground resprout","bud_bank_location","basal_buds",,,39,37,95,,
"Banksia paludosa","growth_response","unspecified",,,,,51,,24,,""
"Banksia paludosa","flowering_response","occurred after fire",,,,,11,,,,""
"Banksia paludosa","flowering_response","median time to flowering: 25-36 months","fire_time_from_fire_to_flowering","30.5","median",,11,,,,""
"Banksia paludosa","flowering_response","minimum time to flowering: 13-24 months","fire_time_from_fire_to_flowering","18.5","minimum",,11,,,,""
"Banksia paludosa","flowering_response","not occurred after fire",,,,,21,,,,""
"Banksia paludosa","flowering_response","median time to no flowering: 13-24 months","fire_time_from_fire_to_no_flowering","18.5","median",,21,,,,""
"Banksia paludosa","flowering_response","maximum time to no flowering: 61-72 months","fire_time_from_fire_to_no_flowering","66","maximum",,21,,,,""
"Banksia paludosa","pollinator_type","no pollinator observed",,,,,191,181,,,""
"Banksia paludosa","pollinator_type","bees, wasps, ants","flower_visitor","bee wasp ant",,,12,4,33,"commonly",""
"Banksia paludosa","pollinator_type","bird","flower_visitor","bird",,,12,6,50,"usually",""
"Banksia paludosa","pollinator_type","mammal","flower_visitor","mammal",,,12,2,17,"occasionally",""
"Banksia paludosa","specific_pollinator","ant","flower_visitor","ant",,,12,2,17,"occasionally",""
"Banksia paludosa","specific_pollinator","European honey bee","flower_visitor","honeybee",,,12,2,17,"occasionally",""
"Banksia paludosa","specific_pollinator","New Holland Honeyeater; White-eared Honeyeater; Yellow-faced Honeyeater; Crescent Honeyeater; Red Wattlebird; Eastern Spinebill","flower_visitor","honeyeater",,,12,13,100,"usually",""
"Banksia paludosa","specific_pollinator","Brown Antechinus","flower_visitor","marsupial",,,12,1,8,"rarely",""
"Banksia paludosa","months_flowering_range","May-Aug","flowering_time","NNNNYYYYNNNN",,"full range",,,,,"text: 'B. paludosa flowers from late autumn through winter... the Brown Antechinus (A. stuartii) has been frequently observed and is thought to be the main pollinator' on upland heaths at Barren Grounds Nature Reserve"
"Banksia paludosa","months_flowering_peak","Jun","flowering_time","NNNNNYNNNNNN",,"peak flowering",,,,,"tallest 'fully open' bar in chart (~65%)"
"Banksia paludosa","months_fruiting_cones_present","uncertain - not confidently isolated from chart",,,,,,,,,"LOW CONFIDENCE - flag for manual check"
"Banksia petiolaris","growth_form","shrub","plant_growth_form","shrub",,,51,,98,"usually",""
"Banksia petiolaris","growth_form","unspecified",,,,,51,,2,"rarely",""
"Banksia petiolaris","growth_response","killed, new seedlings","resprouting_capacity","fire_killed",,,1,1,100,,
"Banksia petiolaris","growth_response","killed, new seedlings","post_fire_recruitment","post_fire_recruitment",,,1,1,100,,
"Banksia petiolaris","growth_response","killed, new seedlings","bud_bank_location","none",,,1,1,100,,
"Banksia petiolaris","growth_response","unspecified",,,,,7,,86,,""
"Banksia petiolaris","flowering_response","occurred after fire",,,,,0,,,,""
"Banksia petiolaris","flowering_response","not occurred after fire",,,,,7,,,,""
"Banksia petiolaris","flowering_response","median time to no flowering: 1-12 months","fire_time_from_fire_to_no_flowering","6.5","median",,7,,,,""
"Banksia petiolaris","flowering_response","maximum time to no flowering: 25-36 months","fire_time_from_fire_to_no_flowering","30.5","maximum",,7,,,,""
"Banksia petiolaris","pollinator_type","no pollinator observed",,,,,25,24,,,""
"Banksia petiolaris","pollinator_type","bees, wasps, ants","flower_visitor","bee wasp ant",,,1,1,100,"usually",""
"Banksia petiolaris","months_flowering_range","Oct","flowering_time","NNNNNNNNNYNN",,"full range",,,,,"DISCREPANCY FLAGGED: text states 'There were few Atlas records of flowering, though George (1981) stated that it is October-December' - the chart's only 'fully open' bar is in October (~40%); Nov and Dec show bud/recently-finished patterns rather than 'fully open'"
"Banksia petiolaris","months_flowering_peak","Oct","flowering_time","NNNNNNNNNYNN",,"peak flowering",,,,,"only month with a 'fully open' bar in the chart"
"Banksia petiolaris","months_fruiting_cones_present","uncertain - not confidently isolated from chart",,,,,,,,,"LOW CONFIDENCE - flag for manual check; text notes new shoot growth occurs in many months with no clear season, and the species is non-lignotuberous"
"Banksia pilostylis","growth_form","tree","plant_growth_form","tree",,,102,,2,"rarely",""
"Banksia pilostylis","growth_form","shrub","plant_growth_form","shrub",,,102,,97,"usually",""
"Banksia pilostylis","growth_form","unspecified",,,,,102,,1,"rarely",""
"Banksia pilostylis","growth_response","killed, new seedlings","resprouting_capacity","fire_killed",,,5,2,40,,
"Banksia pilostylis","growth_response","ground resprout","resprouting_capacity","resprouts",,,5,3,60,,
"Banksia pilostylis","growth_response","killed, new seedlings","post_fire_recruitment","post_fire_recruitment",,,5,2,40,,
"Banksia pilostylis","growth_response","ground resprout","bud_bank_location","basal_buds",,,5,3,60,,
"Banksia pilostylis","growth_response","unspecified",,,,,6,,17,,""
"Banksia pilostylis","flowering_response","occurred after fire",,,,,4,,,,""
"Banksia pilostylis","flowering_response","median time to flowering: 49-60 months","fire_time_from_fire_to_flowering","54.5","median",,4,,,,""
"Banksia pilostylis","flowering_response","minimum time to flowering: 25-36 months","fire_time_from_fire_to_flowering","30.5","minimum",,4,,,,""
"Banksia pilostylis","flowering_response","not occurred after fire",,,,,0,,,,""
"Banksia pilostylis","pollinator_type","no pollinator observed",,,,,60,39,,,""
"Banksia pilostylis","pollinator_type","bees, wasps, ants","flower_visitor","bee wasp ant",,,21,15,71,"usually",""
"Banksia pilostylis","pollinator_type","beetles","flower_visitor","beetle",,,21,4,19,"occasionally",""
"Banksia pilostylis","pollinator_type","flies","flower_visitor","fly",,,21,2,10,"occasionally",""
"Banksia pilostylis","specific_pollinator","ant","flower_visitor","ant",,,21,13,62,"usually",""
"Banksia pilostylis","specific_pollinator","bee (unspecified)","flower_visitor","bee",,,21,1,5,"rarely",""
"Banksia pilostylis","months_flowering_range","Nov-Jan","flowering_time","YNNNNNNNNNYY",,"full range",,,,,"text: 'The species flowers from November to January'"
"Banksia pilostylis","months_flowering_peak","Jan","flowering_time","YNNNNNNNNNNN",,"peak flowering",,,,,"chart shows Jan at 100% 'fully open'; Dec also high (~90%)"
"Banksia pilostylis","months_fruiting_cones_present","uncertain - not confidently isolated from chart",,,,,,,,,"LOW CONFIDENCE - flag for manual check"
"Banksia plagiocarpa","growth_form","tree","plant_growth_form","tree",,,21,,38,"commonly",""
"Banksia plagiocarpa","growth_form","shrub","plant_growth_form","shrub",,,21,,38,"commonly",""
"Banksia plagiocarpa","growth_form","unspecified",,,,,21,,24,"occasionally",""
"Banksia plagiocarpa","growth_response","killed, new seedlings; killed, new seedlings and trunk resprout","resprouting_capacity","fire_killed",,,6,5,83,,
"Banksia plagiocarpa","growth_response","killed, new seedlings and trunk resprout; trunk resprout","resprouting_capacity","resprouts",,,6,2,33,,
"Banksia plagiocarpa","growth_response","killed, new seedlings; killed, new seedlings and trunk resprout","post_fire_recruitment","post_fire_recruitment",,,6,5,83,,
"Banksia plagiocarpa","growth_response","killed, new seedlings and trunk resprout; trunk resprout","bud_bank_location","epicormic_buds",,,6,2,33,,
"Banksia plagiocarpa","growth_response","unspecified",,,,,9,,33,,""
"Banksia plagiocarpa","flowering_response","occurred after fire",,,,,5,,,,""
"Banksia plagiocarpa","flowering_response","median time to flowering: 1-12 months","fire_time_from_fire_to_flowering","6.5","median",,5,,,,""
"Banksia plagiocarpa","flowering_response","minimum time to flowering: 1-12 months","fire_time_from_fire_to_flowering","6.5","minimum",,5,,,,""
"Banksia plagiocarpa","flowering_response","not occurred after fire",,,,,3,,,,""
"Banksia plagiocarpa","flowering_response","median time to no flowering: 1-12 months","fire_time_from_fire_to_no_flowering","6.5","median",,3,,,,""
"Banksia plagiocarpa","flowering_response","maximum time to no flowering: 1-12 months","fire_time_from_fire_to_no_flowering","6.5","maximum",,3,,,,""
"Banksia plagiocarpa","pollinator_type","no pollinator observed",,,,,,,,,"0 pollinator-type records reported"
"Banksia plagiocarpa","months_flowering_range","Jan, May","flowering_time","YNNNYNNNNNNN",,"full range",,,,,"chart shows 'fully open' bars only at Jan (~15%) and May (~15%), consistent with the species' thin record base (Jan=1, May=3 records)"
"Banksia plagiocarpa","months_flowering_peak","Jan, May (tied, thin sample)","flowering_time","YNNNYNNNNNNN",,"peak flowering",,,,,"THIN SAMPLE; no explicit Discussion-text flowering-season statement for this species (text focuses on distribution/fire response)"
"Banksia plagiocarpa","months_fruiting_cones_present","not known",,,,,,,,,"text notes most plants resprouted from epicormic buds after a 1985 fire on Bishops Peak, with only partial fire tolerance"
"Banksia praemorsa","growth_form","tree","plant_growth_form","tree",,,28,,26,"commonly",""
"Banksia praemorsa","growth_form","shrub","plant_growth_form","shrub",,,28,,74,"usually",""
"Banksia praemorsa","growth_response","killed, new seedlings; killed, no seedlings and trunk resprout","resprouting_capacity","fire_killed",,,3,2,67,,
"Banksia praemorsa","growth_response","trunk resprout; killed, no seedlings and trunk resprout","resprouting_capacity","resprouts",,,3,2,67,,
"Banksia praemorsa","growth_response","killed, new seedlings","post_fire_recruitment","post_fire_recruitment",,,3,1,33,,
"Banksia praemorsa","growth_response","killed, no seedlings and trunk resprout","post_fire_recruitment","post_fire_recruitment_absent",,,3,1,33,,
"Banksia praemorsa","growth_response","trunk resprout; killed, no seedlings and trunk resprout","bud_bank_location","epicormic_buds",,,3,2,67,,
"Banksia praemorsa","flowering_response","occurred after fire",,,,,2,,,,""
"Banksia praemorsa","flowering_response","median time to flowering: 24-25 months","fire_time_from_fire_to_flowering","24.5","median",,2,,,,""
"Banksia praemorsa","flowering_response","minimum time to flowering: 13-24 months","fire_time_from_fire_to_flowering","18.5","minimum",,2,,,,""
"Banksia praemorsa","flowering_response","not occurred after fire",,,,,1,,,,""
"Banksia praemorsa","flowering_response","maximum time to no flowering: 13-24 months","fire_time_from_fire_to_no_flowering","18.5","maximum",,1,,,,""
"Banksia praemorsa","pollinator_type","no pollinator observed",,,,,9,2,,,""
"Banksia praemorsa","pollinator_type","bees, wasps, ants","flower_visitor","bee wasp ant",,,7,5,71,"usually",""
"Banksia praemorsa","pollinator_type","bird","flower_visitor","bird",,,7,2,29,"commonly",""
"Banksia praemorsa","specific_pollinator","ant","flower_visitor","ant",,,7,6,86,"usually",""
"Banksia praemorsa","specific_pollinator","New Holland Honeyeater","flower_visitor","honeyeater",,,7,2,29,"commonly",""
"Banksia praemorsa","months_flowering_range","Sep-Nov","flowering_time","NNNNNNNNYYYN",,"full range",,,,,"text: 'The species flowers from September to November'"
"Banksia praemorsa","months_flowering_peak","Nov","flowering_time","NNNNNNNNNNYN",,"peak flowering",,,,,"tallest 'fully open' bar in chart (~100%); Sep and Oct both ~65%"
"Banksia praemorsa","months_fruiting_cones_present","uncertain - not confidently isolated from chart",,,,,,,,,"LOW CONFIDENCE - flag for manual check"
"Banksia prionotes","growth_form","tree","plant_growth_form","tree",,,386,,82,"usually",""
"Banksia prionotes","growth_form","shrub","plant_growth_form","shrub",,,386,,16,"occasionally",""
"Banksia prionotes","growth_form","unspecified",,,,,386,,2,"rarely",""
"Banksia prionotes","growth_response","killed, new seedlings; killed, no seedlings; killed, no seedlings and killed, new seedlings","resprouting_capacity","fire_killed",,,22,18,82,,
"Banksia prionotes","growth_response","ground resprout; ground resprout and trunk resprout","resprouting_capacity","resprouts",,,22,4,18,,
"Banksia prionotes","growth_response","killed, new seedlings; killed, no seedlings and killed, new seedlings","post_fire_recruitment","post_fire_recruitment",,,22,17,77,,
"Banksia prionotes","growth_response","killed, no seedlings; killed, no seedlings and killed, new seedlings","post_fire_recruitment","post_fire_recruitment_absent",,,22,2,9,,
"Banksia prionotes","growth_response","ground resprout; ground resprout and trunk resprout","bud_bank_location","basal_buds",,,22,4,18,,
"Banksia prionotes","growth_response","ground resprout and trunk resprout","bud_bank_location","epicormic_buds",,,22,1,5,,
"Banksia prionotes","growth_response","unspecified",,,,,35,,37,,""
"Banksia prionotes","flowering_response","occurred after fire",,,,,15,,,,""
"Banksia prionotes","flowering_response","median time to flowering: 25-36 months","fire_time_from_fire_to_flowering","30.5","median",,15,,,,""
"Banksia prionotes","flowering_response","minimum time to flowering: <1 month","fire_time_from_fire_to_flowering","1","minimum",,15,,,,""
"Banksia prionotes","flowering_response","not occurred after fire",,,,,8,,,,""
"Banksia prionotes","flowering_response","median time to no flowering: 13-24 months","fire_time_from_fire_to_no_flowering","18.5","median",,8,,,,""
"Banksia prionotes","flowering_response","maximum time to no flowering: 25-36 months","fire_time_from_fire_to_no_flowering","30.5","maximum",,8,,,,""
"Banksia prionotes","pollinator_type","no pollinator observed",,,,,114,58,,,""
"Banksia prionotes","pollinator_type","bees, wasps, ants","flower_visitor","bee wasp ant",,,55,17,31,"commonly",""
"Banksia prionotes","pollinator_type","bird","flower_visitor","bird",,,55,36,65,"usually",""
"Banksia prionotes","pollinator_type","flies","flower_visitor","fly",,,55,1,2,"rarely",""
"Banksia prionotes","pollinator_type","butterflies, moths","flower_visitor","lepidoptera",,,55,1,2,"rarely",""
"Banksia prionotes","specific_pollinator","ant","flower_visitor","ant",,,55,10,18,"occasionally",""
"Banksia prionotes","specific_pollinator","bee (unspecified)","flower_visitor","bee",,,55,5,9,"rarely",""
"Banksia prionotes","specific_pollinator","aphid","flower_visitor","hemiptera",,,55,1,2,"rarely",""
"Banksia prionotes","specific_pollinator","honeyeater (unspecified); New Holland Honeyeater; Brown Honeyeater; White-cheeked Honeyeater; Singing Honeyeater; Tawny-crowned Honeyeater; wattlebird (unspecified); Red Wattlebird; Eastern Spinebill","flower_visitor","honeyeater",,,55,28,51,"usually",""
"Banksia prionotes","specific_pollinator","lorikeets and allies (unspecified)","flower_visitor","parrot",,,55,1,2,"rarely",""
"Banksia prionotes","months_flowering_range","Feb-Jun, plus flowers recorded as late as October","flowering_time","NYYYYYNNNYNN",,"full range",,,,,"text: 'Flowers occur mainly between February and June when they are frequently visited by honey-eating birds. Flowers were also recorded as late as October'"
"Banksia prionotes","months_flowering_peak","Apr-May","flowering_time","NNNYYNNNNNNN",,"peak flowering",,,,,"chart shows Apr and May both ~90% 'fully open', the tallest bars"
"Banksia prionotes","months_fruiting_cones_present","uncertain - not confidently isolated from chart",,,,,,,,,"LOW CONFIDENCE - flag for manual check"
"Banksia pulchella","growth_form","shrub","plant_growth_form","shrub",,,147,,98,"usually",""
"Banksia pulchella","growth_form","unspecified",,,,,147,,2,"rarely",""
"Banksia pulchella","growth_response","killed, new seedlings","resprouting_capacity","fire_killed",,,4,4,100,,
"Banksia pulchella","growth_response","killed, new seedlings","post_fire_recruitment","post_fire_recruitment",,,4,4,100,,
"Banksia pulchella","growth_response","killed, new seedlings","bud_bank_location","none",,,4,4,100,,
"Banksia pulchella","growth_response","unspecified",,,,,11,,64,,""
"Banksia pulchella","flowering_response","occurred after fire",,,,,4,,,,""
"Banksia pulchella","flowering_response","median time to flowering: 12-13 months","fire_time_from_fire_to_flowering","12.5","median",,4,,,,""
"Banksia pulchella","flowering_response","minimum time to flowering: 1-12 months","fire_time_from_fire_to_flowering","6.5","minimum",,4,,,,""
"Banksia pulchella","flowering_response","not occurred after fire",,,,,3,,,,""
"Banksia pulchella","flowering_response","median time to no flowering: 1-12 months","fire_time_from_fire_to_no_flowering","6.5","median",,3,,,,""
"Banksia pulchella","flowering_response","maximum time to no flowering: 1-12 months","fire_time_from_fire_to_no_flowering","6.5","maximum",,3,,,,""
"Banksia pulchella","pollinator_type","no pollinator observed",,,,,85,63,,,""
"Banksia pulchella","pollinator_type","bees, wasps, ants","flower_visitor","bee wasp ant",,,22,17,77,"usually",""
"Banksia pulchella","pollinator_type","beetles","flower_visitor","beetle",,,22,2,9,"rarely",""
"Banksia pulchella","pollinator_type","flies","flower_visitor","fly",,,22,3,14,"occasionally",""
"Banksia pulchella","specific_pollinator","ant","flower_visitor","ant",,,22,13,59,"usually",""
"Banksia pulchella","specific_pollinator","bee (unspecified)","flower_visitor","bee",,,22,1,5,"rarely",""
"Banksia pulchella","months_flowering_range","Jan-Jun, plus minor spring records","flowering_time","YYYYYYNNYYYN",,"full range",,,,,"text: 'The main flowering period is summer through to winter, though flowers were also recorded in spring.' Ants visiting flowers are noted as unlikely pollinators given the species' very long floral style, which causes them to by-pass the pollen presenter"
"Banksia pulchella","months_flowering_peak","Jun","flowering_time","NNNNNYNNNNNN",,"peak flowering",,,,,"tallest 'fully open' bar in chart (~100%)"
"Banksia pulchella","months_fruiting_cones_present","uncertain - not confidently isolated from chart",,,,,,,,,"LOW CONFIDENCE - flag for manual check"
"Banksia quercifolia","growth_form","tree","plant_growth_form","tree",,,180,,11,"occasionally",""
"Banksia quercifolia","growth_form","shrub","plant_growth_form","shrub",,,180,,88,"usually",""
"Banksia quercifolia","growth_form","unspecified",,,,,180,,1,"rarely",""
"Banksia quercifolia","growth_response","ground resprout and killed, new seedlings; killed, new seedlings; killed, no seedlings","resprouting_capacity","fire_killed",,,33,33,100,,
"Banksia quercifolia","growth_response","ground resprout and killed, new seedlings","resprouting_capacity","resprouts",,,33,1,3,,
"Banksia quercifolia","growth_response","ground resprout and killed, new seedlings; killed, new seedlings","post_fire_recruitment","post_fire_recruitment",,,33,32,97,,
"Banksia quercifolia","growth_response","killed, no seedlings","post_fire_recruitment","post_fire_recruitment_absent",,,33,1,3,,
"Banksia quercifolia","growth_response","ground resprout and killed, new seedlings","bud_bank_location","basal_buds",,,33,1,3,,
"Banksia quercifolia","growth_response","unspecified",,,,,49,,33,,""
"Banksia quercifolia","flowering_response","occurred after fire",,,,,23,,,,""
"Banksia quercifolia","flowering_response","median time to flowering: 25-36 months","fire_time_from_fire_to_flowering","30.5","median",,23,,,,""
"Banksia quercifolia","flowering_response","minimum time to flowering: 1-12 months","fire_time_from_fire_to_flowering","6.5","minimum",,23,,,,""
"Banksia quercifolia","flowering_response","not occurred after fire",,,,,14,,,,""
"Banksia quercifolia","flowering_response","median time to no flowering: 13-24 months","fire_time_from_fire_to_no_flowering","18.5","median",,14,,,,""
"Banksia quercifolia","flowering_response","maximum time to no flowering: 25-36 months","fire_time_from_fire_to_no_flowering","30.5","maximum",,14,,,,""
"Banksia quercifolia","pollinator_type","no pollinator observed",,,,,43,37,,,""
"Banksia quercifolia","pollinator_type","bird","flower_visitor","bird",,,6,5,83,"usually",""
"Banksia quercifolia","pollinator_type","mammals","flower_visitor","mammal",,,6,1,17,"occasionally",""
"Banksia quercifolia","specific_pollinator","New Holland Honeyeater; Western Spinebill","flower_visitor","honeyeater",,,6,6,100,"usually",""
"Banksia quercifolia","months_flowering_range","Jan, Apr-Sep","flowering_time","YNNYYYYYYNNN",,"full range",,,,,"text: 'main flowering season of B. quercifolia is from autumn to spring, though some flowers were recorded as early as January'"
"Banksia quercifolia","months_flowering_peak","May-Jun","flowering_time","NNNNYYNNNNNN",,"peak flowering",,,,,"chart shows May and Jun both at ~100% 'fully open', the tallest bars"
"Banksia quercifolia","months_fruiting_cones_present","uncertain - not confidently isolated from chart",,,,,,,,,"LOW CONFIDENCE - flag for manual check"
"Banksia repens","growth_form","shrub","plant_growth_form","shrub",,,346,,97,"usually",""
"Banksia repens","growth_form","unspecified",,,,,346,,3,"rarely",""
"Banksia repens","growth_response","ground resprout and killed, new seedlings; killed, new seedlings","resprouting_capacity","fire_killed",,,17,3,18,,
"Banksia repens","growth_response","ground resprout; ground resprout and killed, new seedlings","resprouting_capacity","resprouts",,,17,15,88,,
"Banksia repens","growth_response","ground resprout and killed, new seedlings; killed, new seedlings","post_fire_recruitment","post_fire_recruitment",,,17,3,18,,
"Banksia repens","growth_response","ground resprout; ground resprout and killed, new seedlings","bud_bank_location","basal_buds",,,17,15,88,,
"Banksia repens","growth_response","unspecified",,,,,38,,55,,""
"Banksia repens","flowering_response","occurred after fire",,,,,13,,,,""
"Banksia repens","flowering_response","median time to flowering: 13-24 months","fire_time_from_fire_to_flowering","18.5","median",,13,,,,""
"Banksia repens","flowering_response","minimum time to flowering: 1-12 months","fire_time_from_fire_to_flowering","6.5","minimum",,13,,,,""
"Banksia repens","flowering_response","not occurred after fire",,,,,16,,,,""
"Banksia repens","flowering_response","median time to no flowering: 13-24 months","fire_time_from_fire_to_no_flowering","18.5","median",,16,,,,""
"Banksia repens","flowering_response","maximum time to no flowering: 49-60 months","fire_time_from_fire_to_no_flowering","54.5","maximum",,16,,,,""
"Banksia repens","pollinator_type","no pollinator observed",,,,,117,110,,,""
"Banksia repens","pollinator_type","bees, wasps, ants","flower_visitor","bee wasp ant",,,7,5,71,"usually",""
"Banksia repens","pollinator_type","bird","flower_visitor","bird",,,7,2,29,"commonly",""
"Banksia repens","specific_pollinator","ant","flower_visitor","ant",,,7,3,43,"commonly",""
"Banksia repens","months_flowering_range","Oct-Dec, plus a single April record","flowering_time","NNNYNNNNNYYY",,"full range",,,,,"text: 'B. repens flowers from October to December. There is also a single record of it flowering in April'"
"Banksia repens","months_flowering_peak","Oct-Nov","flowering_time","NNNNNNNNNYYN",,"peak flowering",,,,,"chart shows Oct and Nov both ~65% 'fully open', the tallest bars"
"Banksia repens","months_fruiting_cones_present","uncertain - not confidently isolated from chart",,,,,,,,,"LOW CONFIDENCE - flag for manual check"
"Banksia robur","growth_form","tree","plant_growth_form","tree",,,261,,2,"rarely",""
"Banksia robur","growth_form","shrub","plant_growth_form","shrub",,,261,,96,"usually",""
"Banksia robur","growth_form","unspecified",,,,,261,,2,"rarely",""
"Banksia robur","growth_response","ground resprout and killed, new seedlings","resprouting_capacity","fire_killed",,,31,1,3,,
"Banksia robur","growth_response","ground resprout; ground resprout and killed, new seedlings; ground resprout and trunk resprout; trunk resprout","resprouting_capacity","resprouts",,,31,31,100,,
"Banksia robur","growth_response","ground resprout and killed, new seedlings","post_fire_recruitment","post_fire_recruitment",,,31,1,3,,
"Banksia robur","growth_response","ground resprout; ground resprout and killed, new seedlings; ground resprout and trunk resprout","bud_bank_location","basal_buds",,,31,30,97,,
"Banksia robur","growth_response","ground resprout and trunk resprout; trunk resprout","bud_bank_location","epicormic_buds",,,31,5,16,,
"Banksia robur","growth_response","unspecified",,,,,40,,23,,""
"Banksia robur","flowering_response","occurred after fire",,,,,24,,,,""
"Banksia robur","flowering_response","median time to flowering: 13-24 months","fire_time_from_fire_to_flowering","18.5","median",,24,,,,""
"Banksia robur","flowering_response","minimum time to flowering: <1 month","fire_time_from_fire_to_flowering","1","minimum",,24,,,,""
"Banksia robur","flowering_response","not occurred after fire",,,,,8,,,,""
"Banksia robur","flowering_response","median time to no flowering: 12-13 months","fire_time_from_fire_to_no_flowering","12.5","median",,8,,,,""
"Banksia robur","flowering_response","maximum time to no flowering: 13-24 months","fire_time_from_fire_to_no_flowering","18.5","maximum",,8,,,,""
"Banksia robur","pollinator_type","no pollinator observed",,,,,110,86,,,""
"Banksia robur","pollinator_type","bees, wasps, ants","flower_visitor","bee wasp ant",,,24,8,33,"commonly",""
"Banksia robur","pollinator_type","beetles","flower_visitor","beetle",,,24,2,8,"rarely",""
"Banksia robur","pollinator_type","bird","flower_visitor","bird",,,24,13,54,"usually",""
"Banksia robur","pollinator_type","butterflies, moths","flower_visitor","lepidoptera",,,24,1,4,"rarely",""
"Banksia robur","specific_pollinator","ant","flower_visitor","ant",,,24,1,4,"rarely",""
"Banksia robur","specific_pollinator","bee (unspecified)","flower_visitor","bee",,,24,1,4,"rarely",""
"Banksia robur","specific_pollinator","jewel beetle","flower_visitor","beetle",,,24,1,4,"rarely",""
"Banksia robur","specific_pollinator","blue butterfly","flower_visitor","butterfly",,,24,1,4,"rarely",""
"Banksia robur","specific_pollinator","European honey bee","flower_visitor","honeybee",,,24,2,8,"rarely",""
"Banksia robur","specific_pollinator","honeyeater (unspecified); New Holland Honeyeater; Brown Honeyeater; Tawny-crowned Honeyeater; Lewin's Honeyeater; Little Wattlebird; friarbird (unspecified); Little Friarbird","flower_visitor","honeyeater",,,24,14,58,"usually",""
"Banksia robur","months_flowering_range","no definite season; low-level 'fully open' most months except Feb, May, Jun and Nov","flowering_time","YNYYNNYYYYNY",,"full range",,,,,"text: 'There does not appear to be a definite flowering season with flowers recorded in all months of the year except February, May, June and November. George (1981) had stated the main flowering period to be January and May' - the book itself notes a discrepancy with George's claim; hybridises readily with B. oblongifolia (20 recorded hybrid populations, Wollongong NSW to Pialba QLD)"
"Banksia robur","months_flowering_peak","Mar","flowering_time","NNYNNNNNNNNN",,"peak flowering",,,,,"tallest 'fully open' bar in chart (~25%), though levels are low and fairly flat across the year"
"Banksia robur","months_fruiting_cones_present","uncertain - not confidently isolated from chart",,,,,,,,,"LOW CONFIDENCE - flag for manual check"
"Banksia saxicola","growth_form","tree","plant_growth_form","tree",,,54,,52,"usually",""
"Banksia saxicola","growth_form","shrub","plant_growth_form","shrub",,,54,,46,"commonly",""
"Banksia saxicola","growth_form","unspecified",,,,,54,,2,"rarely",""
"Banksia saxicola","growth_response","killed, no seedlings","resprouting_capacity","fire_killed",,,2,1,50,,
"Banksia saxicola","growth_response","trunk resprout","resprouting_capacity","resprouts",,,2,1,50,,
"Banksia saxicola","growth_response","killed, no seedlings","post_fire_recruitment","post_fire_recruitment_absent",,,2,1,50,,
"Banksia saxicola","growth_response","trunk resprout","bud_bank_location","epicormic_buds",,,2,1,50,,
"Banksia saxicola","growth_response","unspecified",,,,,3,,33,,""
"Banksia saxicola","flowering_response","occurred after fire",,,,,1,,,,""
"Banksia saxicola","flowering_response","minimum time to flowering: 49-60 months","fire_time_from_fire_to_flowering","54.5","minimum",,1,,,,""
"Banksia saxicola","flowering_response","not occurred after fire",,,,,2,,,,""
"Banksia saxicola","flowering_response","median time to no flowering: 48-49 months","fire_time_from_fire_to_no_flowering","48.5","median",,2,,,,""
"Banksia saxicola","flowering_response","maximum time to no flowering: 85-96 months","fire_time_from_fire_to_no_flowering","90.5","maximum",,2,,,,""
"Banksia saxicola","pollinator_type","no pollinator observed",,,,,34,32,,,""
"Banksia saxicola","pollinator_type","bird","flower_visitor","bird",,,2,2,100,"usually",""
"Banksia saxicola","specific_pollinator","New Holland Honeyeater; Crescent Honeyeater","flower_visitor","honeyeater",,,2,2,100,"usually",""
"Banksia saxicola","months_flowering_range","Jan-Mar, plus a minor record in May","flowering_time","YYYNYNNNNNNN",,"full range",,,,,"text: 'The main flowering period of B. saxicola is January to March, though flowers were also recorded in May'"
"Banksia saxicola","months_flowering_peak","Feb","flowering_time","NYNNNNNNNNNN",,"peak flowering",,,,,"tallest 'fully open' bar in chart (~90%)"
"Banksia saxicola","months_fruiting_cones_present","uncertain - not confidently isolated from chart",,,,,,,,,"LOW CONFIDENCE - flag for manual check"
"Banksia scabrella","growth_form","shrub","plant_growth_form","shrub",,,17,,100,"usually",""
"Banksia scabrella","growth_response","unspecified",,,,,1,,100,,""
"Banksia scabrella","flowering_response","occurred after fire",,,,,1,,,,""
"Banksia scabrella","flowering_response","minimum time to flowering: 25-36 months","fire_time_from_fire_to_flowering","30.5","minimum",,1,,,,""
"Banksia scabrella","flowering_response","not occurred after fire",,,,,0,,,,""
"Banksia scabrella","pollinator_type","no pollinator observed",,,,,1,1,,,""
"Banksia scabrella","months_flowering_range","Apr, Sep","flowering_time","NNNYNNNNYNNN",,"full range",,,,,"DISCREPANCY FLAGGED: text states 'Flowering was recorded in September and also in April. However, George (1981) described the flowering period as September to January' - Atlas chart confirms 'fully open' only at Apr and Sep (both 100%, thin sample); Feb and May show 'majority in bud' rather than 'fully open' despite having the most total records (Feb=12)"
"Banksia scabrella","months_flowering_peak","Apr, Sep (tied, thin sample)","flowering_time","NNNYNNNNYNNN",,"peak flowering",,,,,"THIN SAMPLE (17 total records)"
"Banksia scabrella","months_fruiting_cones_present","not known",,,,,,,,,"THIN SAMPLE; text notes further data are needed for new shoot growth"
"Banksia sceptrum","growth_form","tree","plant_growth_form","tree",,,80,,31,"commonly",""
"Banksia sceptrum","growth_form","shrub","plant_growth_form","shrub",,,80,,69,"usually",""
"Banksia sceptrum","growth_response","killed, new seedlings","resprouting_capacity","fire_killed",,,8,8,100,,
"Banksia sceptrum","growth_response","killed, new seedlings","post_fire_recruitment","post_fire_recruitment",,,8,8,100,,
"Banksia sceptrum","growth_response","killed, new seedlings","bud_bank_location","none",,,8,8,100,,
"Banksia sceptrum","flowering_response","occurred after fire",,,,,4,,,,""
"Banksia sceptrum","flowering_response","median time to flowering: 36-37 months","fire_time_from_fire_to_flowering","36.5","median",,4,,,,""
"Banksia sceptrum","flowering_response","minimum time to flowering: 1-12 months","fire_time_from_fire_to_flowering","6.5","minimum",,4,,,,""
"Banksia sceptrum","flowering_response","not occurred after fire",,,,,3,,,,""
"Banksia sceptrum","flowering_response","median time to no flowering: 25-36 months","fire_time_from_fire_to_no_flowering","30.5","median",,3,,,,""
"Banksia sceptrum","flowering_response","maximum time to no flowering: 73-84 months","fire_time_from_fire_to_no_flowering","78.5","maximum",,3,,,,""
"Banksia sceptrum","pollinator_type","no pollinator observed",,,,,7,4,,,""
"Banksia sceptrum","pollinator_type","bees, wasps, ants","flower_visitor","bee wasp ant",,,3,2,67,"usually",""
"Banksia sceptrum","pollinator_type","bird","flower_visitor","bird",,,3,1,33,"commonly",""
"Banksia sceptrum","specific_pollinator","ant","flower_visitor","ant",,,3,2,67,"usually",""
"Banksia sceptrum","specific_pollinator","honeyeater (unspecified)","flower_visitor","honeyeater",,,3,1,33,"commonly",""
"Banksia sceptrum","months_flowering_range","Apr","flowering_time","NNNYNNNNNNNN",,"full range",,,,,"DISCREPANCY FLAGGED: text infers 'the species flowers in summer when temperatures are generally too hot for much field work to be undertaken. The lack of any records for November, December and January... bears witness to this fact' - but the chart's ONLY 'fully open' bar (vs. 'majority in bud' everywhere else) is in April, not summer"
"Banksia sceptrum","months_flowering_peak","Apr","flowering_time","NNNYNNNNNNNN",,"peak flowering",,,,,"only month with a 'fully open' bar in the chart; all other months show 'majority in bud'"
"Banksia sceptrum","months_fruiting_cones_present","uncertain - not confidently isolated from chart",,,,,,,,,"LOW CONFIDENCE - flag for manual check"
"Banksia seminuda","growth_form","tree","plant_growth_form","tree",,,190,,97,"usually",""
"Banksia seminuda","growth_form","shrub","plant_growth_form","shrub",,,190,,2,"rarely",""
"Banksia seminuda","growth_form","unspecified",,,,,190,,1,"rarely",""
"Banksia seminuda","growth_response","killed, new seedlings; killed, no seedlings","resprouting_capacity","fire_killed",,,10,6,60,,
"Banksia seminuda","growth_response","ground resprout; trunk resprout","resprouting_capacity","resprouts",,,10,4,40,,
"Banksia seminuda","growth_response","killed, new seedlings","post_fire_recruitment","post_fire_recruitment",,,10,3,30,,
"Banksia seminuda","growth_response","killed, no seedlings","post_fire_recruitment","post_fire_recruitment_absent",,,10,3,30,,
"Banksia seminuda","growth_response","ground resprout","bud_bank_location","basal_buds",,,10,1,10,,
"Banksia seminuda","growth_response","trunk resprout","bud_bank_location","epicormic_buds",,,10,3,30,,
"Banksia seminuda","growth_response","unspecified",,,,,22,,55,,""
"Banksia seminuda","flowering_response","occurred after fire",,,,,14,,,,""
"Banksia seminuda","flowering_response","median time to flowering: 24-25 months","fire_time_from_fire_to_flowering","24.5","median",,14,,,,""
"Banksia seminuda","flowering_response","minimum time to flowering: <1 month","fire_time_from_fire_to_flowering","1","minimum",,14,,,,""
"Banksia seminuda","flowering_response","not occurred after fire",,,,,4,,,,""
"Banksia seminuda","flowering_response","median time to no flowering: 13-24 months","fire_time_from_fire_to_no_flowering","18.5","median",,4,,,,""
"Banksia seminuda","flowering_response","maximum time to no flowering: 61-72 months","fire_time_from_fire_to_no_flowering","66","maximum",,4,,,,""
"Banksia seminuda","pollinator_type","no pollinator observed",,,,,63,47,,,""
"Banksia seminuda","pollinator_type","bird","flower_visitor","bird",,,16,15,94,"usually",""
"Banksia seminuda","pollinator_type","flies","flower_visitor","fly",,,16,1,6,"rarely",""
"Banksia seminuda","specific_pollinator","honeyeater (unspecified); New Holland Honeyeater; wattlebird (unspecified)","flower_visitor","honeyeater",,,16,7,44,"commonly",""
"Banksia seminuda","months_flowering_range","Mar-Aug","flowering_time","NNYYYYYYNNNN",,"full range",,,,,"text: 'B. seminuda has a flowering period from March to August'; red style-forms recorded from several scattered south-coast locations"
"Banksia seminuda","months_flowering_peak","Jun","flowering_time","NNNNNYNNNNNN",,"peak flowering",,,,,"tallest 'fully open' bar in chart (~100%)"
"Banksia seminuda","months_fruiting_cones_present","uncertain - not confidently isolated from chart",,,,,,,,,"LOW CONFIDENCE - flag for manual check"
"Banksia serrata","growth_form","tree","plant_growth_form","tree",,,1472,,82,"usually",""
"Banksia serrata","growth_form","shrub","plant_growth_form","shrub",,,1472,,16,"occasionally",""
"Banksia serrata","growth_form","unspecified",,,,,1472,,2,"rarely",""
"Banksia serrata","growth_response","ground resprout and killed, new seedlings; killed, new seedlings; killed, new seedlings and trunk resprout","resprouting_capacity","fire_killed",,,206,15,7,,
"Banksia serrata","growth_response","ground resprout; ground resprout and killed, new seedlings; ground resprout and trunk resprout; killed, new seedlings and trunk resprout; trunk resprout","resprouting_capacity","resprouts",,,206,203,99,,
"Banksia serrata","growth_response","ground resprout and killed, new seedlings; killed, new seedlings; killed, new seedlings and trunk resprout","post_fire_recruitment","post_fire_recruitment",,,206,15,7,,
"Banksia serrata","growth_response","ground resprout; ground resprout and killed, new seedlings; ground resprout and trunk resprout","bud_bank_location","basal_buds",,,206,23,11,,
"Banksia serrata","growth_response","ground resprout and trunk resprout; killed, new seedlings and trunk resprout; trunk resprout","bud_bank_location","epicormic_buds",,,206,194,94,,
"Banksia serrata","growth_response","unspecified",,,,,285,,28,,""
"Banksia serrata","flowering_response","occurred after fire",,,,,215,,,,""
"Banksia serrata","flowering_response","median time to flowering: 13-24 months","fire_time_from_fire_to_flowering","18.5","median",,215,,,,""
"Banksia serrata","flowering_response","minimum time to flowering: <1 month","fire_time_from_fire_to_flowering","1","minimum",,215,,,,""
"Banksia serrata","flowering_response","not occurred after fire",,,,,21,,,,""
"Banksia serrata","flowering_response","median time to no flowering: 25-36 months","fire_time_from_fire_to_no_flowering","30.5","median",,21,,,,""
"Banksia serrata","flowering_response","maximum time to no flowering: 85-96 months","fire_time_from_fire_to_no_flowering","90.5","maximum",,21,,,,""
"Banksia serrata","pollinator_type","no pollinator observed",,,,,1026,954,,,""
"Banksia serrata","pollinator_type","bees, wasps, ants","flower_visitor","bee wasp ant",,,74,21,28,"commonly",""
"Banksia serrata","pollinator_type","bird","flower_visitor","bird",,,74,51,69,"usually",""
"Banksia serrata","pollinator_type","mammals","flower_visitor","mammal",,,74,2,3,"rarely",""
"Banksia serrata","specific_pollinator","ant","flower_visitor","ant",,,74,8,11,"occasionally",""
"Banksia serrata","specific_pollinator","bee (unspecified); native bee","flower_visitor","bee",,,74,12,16,"occasionally",""
"Banksia serrata","specific_pollinator","Drongo; flycatchers and allies (unspecified)","flower_visitor","bird",,,74,2,3,"rarely",""
"Banksia serrata","specific_pollinator","European honey bee","flower_visitor","honeybee",,,74,2,3,"rarely",""
"Banksia serrata","specific_pollinator","honeyeater (unspecified); New Holland Honeyeater; Brown Honeyeater; White-cheeked Honeyeater; White-eared Honeyeater; Tawny-crowned Honeyeater; White-naped Honeyeater; White-plumed Honeyeater; Crescent Honeyeater; Noisy Miner; Yellow-tufted Honeyeater; wattlebird (unspecified); Red Wattlebird; Little Wattlebird; Eastern Spinebill; friarbird (unspecified); Noisy Friarbird","flower_visitor","honeyeater",,,74,69,93,"usually",""
"Banksia serrata","specific_pollinator","cockatoos and parrots (unspecified); Yellow-tailed Black-Cockatoo; Rainbow Lorikeet","flower_visitor","parrot",,,74,4,5,"rarely",""
"Banksia serrata","months_flowering_range","Dec-Apr, plus flowers recorded in Aug and Oct","flowering_time","YYYYNNNYNYNY",,"full range",,,,,"text: 'The main flowering period is conspicuous from December to April, though flowers were also recorded in August and October'"
"Banksia serrata","months_flowering_peak","Feb","flowering_time","NYNNNNNNNNNN",,"peak flowering",,,,,"tallest 'fully open' bar in chart (~65%)"
"Banksia serrata","months_fruiting_cones_present","uncertain - not confidently isolated from chart",,,,,,,,,"LOW CONFIDENCE - flag for manual check"
"Banksia solandri","growth_form","tree","plant_growth_form","tree",,,19,,16,"occasionally",""
"Banksia solandri","growth_form","shrub","plant_growth_form","shrub",,,19,,84,"usually",""
"Banksia solandri","growth_response","killed, new seedlings","resprouting_capacity","fire_killed",,,3,3,100,,
"Banksia solandri","growth_response","killed, new seedlings","post_fire_recruitment","post_fire_recruitment",,,3,3,100,,
"Banksia solandri","growth_response","killed, new seedlings","bud_bank_location","none",,,3,3,100,,
"Banksia solandri","flowering_response","occurred after fire",,,,,1,,,,""
"Banksia solandri","flowering_response","minimum time to flowering: 13-24 months","fire_time_from_fire_to_flowering","18.5","minimum",,1,,,,""
"Banksia solandri","flowering_response","not occurred after fire",,,,,2,,,,""
"Banksia solandri","flowering_response","median time to no flowering: 25-36 months","fire_time_from_fire_to_no_flowering","30.5","median",,2,,,,""
"Banksia solandri","flowering_response","maximum time to no flowering: 25-36 months","fire_time_from_fire_to_no_flowering","30.5","maximum",,2,,,,""
"Banksia solandri","pollinator_type","no pollinator observed",,,,,8,8,,,""
"Banksia solandri","months_flowering_range","Sep-Nov","flowering_time","NNNNNNNNYYYN",,"full range",,,,,"text: 'Flowering is from September to November'"
"Banksia solandri","months_flowering_peak","Sep, Nov (tied)","flowering_time","NNNNNNNNYNYN",,"peak flowering",,,,,"chart shows both Sep and Nov at 100% fully open; THIN SAMPLE (19 total records)"
"Banksia solandri","months_fruiting_cones_present","uncertain - not confidently isolated from chart",,,,,,,,,"LOW CONFIDENCE - flag for manual check"
"Banksia speciosa","growth_form","tree","plant_growth_form","tree",,,216,,41,"commonly",""
"Banksia speciosa","growth_form","shrub","plant_growth_form","shrub",,,216,,55,"usually",""
"Banksia speciosa","growth_form","unspecified",,,,,216,,4,"rarely",""
"Banksia speciosa","growth_response","killed, new seedlings","resprouting_capacity","fire_killed",,,17,17,100,,
"Banksia speciosa","growth_response","killed, new seedlings","post_fire_recruitment","post_fire_recruitment",,,17,17,100,,
"Banksia speciosa","growth_response","killed, new seedlings","bud_bank_location","none",,,17,17,100,,
"Banksia speciosa","growth_response","unspecified",,,,,24,,29,,""
"Banksia speciosa","flowering_response","occurred after fire",,,,,7,,,,""
"Banksia speciosa","flowering_response","median time to flowering: 25-36 months","fire_time_from_fire_to_flowering","30.5","median",,7,,,,""
"Banksia speciosa","flowering_response","minimum time to flowering: 1-12 months","fire_time_from_fire_to_flowering","6.5","minimum",,7,,,,""
"Banksia speciosa","flowering_response","not occurred after fire",,,,,12,,,,""
"Banksia speciosa","flowering_response","median time to no flowering: 13-24 months","fire_time_from_fire_to_no_flowering","18.5","median",,12,,,,""
"Banksia speciosa","flowering_response","maximum time to no flowering: 25-36 months","fire_time_from_fire_to_no_flowering","30.5","maximum",,12,,,,""
"Banksia speciosa","pollinator_type","no pollinator observed",,,,,143,59,,,""
"Banksia speciosa","pollinator_type","bees, wasps, ants","flower_visitor","bee wasp ant",,,83,31,37,"commonly",""
"Banksia speciosa","pollinator_type","beetles","flower_visitor","beetle",,,83,6,7,"rarely",""
"Banksia speciosa","pollinator_type","bird","flower_visitor","bird",,,83,34,41,"commonly",""
"Banksia speciosa","pollinator_type","flies","flower_visitor","fly",,,83,11,13,"occasionally",""
"Banksia speciosa","pollinator_type","butterflies, moths","flower_visitor","lepidoptera",,,83,1,1,"rarely",""
"Banksia speciosa","specific_pollinator","ant","flower_visitor","ant",,,83,22,27,"commonly",""
"Banksia speciosa","specific_pollinator","bee (unspecified)","flower_visitor","bee",,,83,11,13,"occasionally",""
"Banksia speciosa","specific_pollinator","Grey Butcherbird; flycatchers and allies (unspecified); thornbill (unspecified)","flower_visitor","bird",,,83,3,4,"rarely",""
"Banksia speciosa","specific_pollinator","blowfly","flower_visitor","carrion_fly",,,83,1,1,"rarely",""
"Banksia speciosa","specific_pollinator","aphid","flower_visitor","hemiptera",,,83,2,2,"rarely",""
"Banksia speciosa","specific_pollinator","honeyeater (unspecified); New Holland Honeyeater; Fuscous Honeyeater; wattlebird (unspecified); Little Wattlebird; Western Spinebill","flower_visitor","honeyeater",,,83,37,45,"commonly",""
"Banksia speciosa","months_flowering_range","Oct-Apr","flowering_time","YYYYNNNNNYYY",,"full range",,,,,"text: 'The main flowering period is from October to April when the large conspicuous flowers attract many honey-eating birds and insects'; often co-occurs with B. petiolaris and B. pulchella"
"Banksia speciosa","months_flowering_peak","Feb","flowering_time","NYNNNNNNNNNN",,"peak flowering",,,,,"tallest 'fully open' bar in chart (~90%)"
"Banksia speciosa","months_fruiting_cones_present","uncertain - not confidently isolated from chart",,,,,,,,,"LOW CONFIDENCE - flag for manual check"
"Banksia sphaerocarpa","growth_form","tree","plant_growth_form","tree",,,433,,13,"occasionally",""
"Banksia sphaerocarpa","growth_form","shrub","plant_growth_form","shrub",,,433,,87,"usually",""
"Banksia sphaerocarpa","growth_response","ground resprout and killed, new seedlings; killed, new seedlings","resprouting_capacity","fire_killed",,,34,9,26,,
"Banksia sphaerocarpa","growth_response","ground resprout; ground resprout and killed, new seedlings; ground resprout and trunk resprout; trunk resprout","resprouting_capacity","resprouts",,,34,28,82,,
"Banksia sphaerocarpa","growth_response","ground resprout and killed, new seedlings; killed, new seedlings","post_fire_recruitment","post_fire_recruitment",,,34,9,26,,
"Banksia sphaerocarpa","growth_response","ground resprout; ground resprout and killed, new seedlings; ground resprout and trunk resprout","bud_bank_location","basal_buds",,,34,26,76,,
"Banksia sphaerocarpa","growth_response","ground resprout and trunk resprout; trunk resprout","bud_bank_location","epicormic_buds",,,34,4,12,,
"Banksia sphaerocarpa","growth_response","unspecified",,,,,59,,42,,""
"Banksia sphaerocarpa","flowering_response","occurred after fire",,,,,45,,,,""
"Banksia sphaerocarpa","flowering_response","median time to flowering: 13-24 months","fire_time_from_fire_to_flowering","18.5","median",,45,,,,""
"Banksia sphaerocarpa","flowering_response","minimum time to flowering: <1 month","fire_time_from_fire_to_flowering","1","minimum",,45,,,,""
"Banksia sphaerocarpa","flowering_response","not occurred after fire",,,,,9,,,,""
"Banksia sphaerocarpa","flowering_response","median time to no flowering: 1-12 months","fire_time_from_fire_to_no_flowering","6.5","median",,9,,,,""
"Banksia sphaerocarpa","flowering_response","maximum time to no flowering: 25-36 months","fire_time_from_fire_to_no_flowering","30.5","maximum",,9,,,,""
"Banksia sphaerocarpa","pollinator_type","no pollinator observed",,,,,166,121,,,""
"Banksia sphaerocarpa","pollinator_type","bees, wasps, ants","flower_visitor","bee wasp ant",,,46,32,70,"usually",""
"Banksia sphaerocarpa","pollinator_type","beetles","flower_visitor","beetle",,,46,2,4,"rarely",""
"Banksia sphaerocarpa","pollinator_type","bird","flower_visitor","bird",,,46,7,15,"occasionally",""
"Banksia sphaerocarpa","pollinator_type","flies","flower_visitor","fly",,,46,5,11,"occasionally",""
"Banksia sphaerocarpa","specific_pollinator","ant","flower_visitor","ant",,,46,11,24,"occasionally",""
"Banksia sphaerocarpa","specific_pollinator","bee (unspecified)","flower_visitor","bee",,,46,21,46,"commonly",""
"Banksia sphaerocarpa","specific_pollinator","flycatchers and allies (unspecified)","flower_visitor","bird",,,46,1,2,"rarely",""
"Banksia sphaerocarpa","specific_pollinator","European honey bee","flower_visitor","honeybee",,,46,1,2,"rarely",""
"Banksia sphaerocarpa","months_flowering_range","Jan-Aug, plus Dec","flowering_time","YYYYYYYYNNNY",,"full range",,,,,"no single Discussion sentence for the species as a whole - the account focuses on the three recognised varieties (caesia, dolichostyla, sphaerocarpa), each with its own flowering-season statement; about 10% of Atlas records did not specify variety"
"Banksia sphaerocarpa","months_flowering_peak","Apr-May","flowering_time","NNNYYNNNNNNN",,"peak flowering",,,,,"chart shows Apr and May both ~65% fully open, the tallest bars"
"Banksia sphaerocarpa","months_fruiting_cones_present","uncertain - not confidently isolated from chart",,,,,,,,,"LOW CONFIDENCE - flag for manual check"
"Banksia sphaerocarpa var. caesia","growth_form","shrub","plant_growth_form","shrub",,,98,,100,"usually",""
"Banksia sphaerocarpa var. caesia","growth_response","ground resprout","resprouting_capacity","resprouts",,,2,2,100,,
"Banksia sphaerocarpa var. caesia","growth_response","ground resprout","bud_bank_location","basal_buds",,,2,2,100,,
"Banksia sphaerocarpa var. caesia","growth_response","unspecified",,,,,3,,33,,""
"Banksia sphaerocarpa var. caesia","flowering_response","occurred after fire",,,,,3,,,,""
"Banksia sphaerocarpa var. caesia","flowering_response","median time to flowering: 13-24 months","fire_time_from_fire_to_flowering","18.5","median",,3,,,,""
"Banksia sphaerocarpa var. caesia","flowering_response","minimum time to flowering: 1-12 months","fire_time_from_fire_to_flowering","6.5","minimum",,3,,,,""
"Banksia sphaerocarpa var. caesia","flowering_response","not occurred after fire",,,,,0,,,,""
"Banksia sphaerocarpa var. caesia","pollinator_type","no pollinator observed",,,,,31,26,,,""
"Banksia sphaerocarpa var. caesia","pollinator_type","bees, wasps, ants","flower_visitor","bee wasp ant",,,5,4,80,"usually",""
"Banksia sphaerocarpa var. caesia","pollinator_type","bird","flower_visitor","bird",,,5,1,20,"occasionally",""
"Banksia sphaerocarpa var. caesia","specific_pollinator","ant","flower_visitor","ant",,,5,3,60,"usually",""
"Banksia sphaerocarpa var. caesia","specific_pollinator","bee (unspecified)","flower_visitor","bee",,,5,1,20,"occasionally",""
"Banksia sphaerocarpa var. caesia","specific_pollinator","flycatchers and allies (unspecified)","flower_visitor","bird",,,5,1,20,"occasionally",""
"Banksia sphaerocarpa var. caesia","months_flowering_range","Mar-Jun","flowering_time","NNYYYYNNNNNN",,"full range",,,,,"text: 'Atlas records suggest the main flowering period is from March to July which is shorter than the January to July period stated by George (1981)' - chart's fully open bars run Mar-Jun, with Jul at 0%"
"Banksia sphaerocarpa var. caesia","months_flowering_peak","May","flowering_time","NNNNYNNNNNNN",,"peak flowering",,,,,"tallest fully open bar in chart (~100%)"
"Banksia sphaerocarpa var. caesia","months_fruiting_cones_present","uncertain - not confidently isolated from chart",,,,,,,,,"LOW CONFIDENCE - flag for manual check"
"Banksia sphaerocarpa var. dolichostyla","growth_form","tree","plant_growth_form","tree",,,5,,40,"commonly",""
"Banksia sphaerocarpa var. dolichostyla","growth_form","shrub","plant_growth_form","shrub",,,5,,60,"usually",""
"Banksia sphaerocarpa var. dolichostyla","growth_response","no fire-response records",,,,,0,,,,""
"Banksia sphaerocarpa var. dolichostyla","pollinator_type","bees, wasps, ants","flower_visitor","bee wasp ant",,,1,1,100,"usually",""
"Banksia sphaerocarpa var. dolichostyla","specific_pollinator","ant","flower_visitor","ant",,,1,1,100,"usually",""
"Banksia sphaerocarpa var. dolichostyla","months_flowering_range","Apr","flowering_time","NNNYNNNNNNNN",,"full range",,,,,"text: 'It flowers from March to May (George 1981)'; THIN SAMPLE (5 total records: Feb, Apr, Oct, Nov, Dec each =1) - chart's only fully open bar is Apr (Feb shows bud); Oct-Dec show flowers finished/fruiting cones present rather than flowering, consistent with fruiting several months after an April flowering"
"Banksia sphaerocarpa var. dolichostyla","months_flowering_peak","Apr","flowering_time","NNNYNNNNNNNN",,"peak flowering",,,,,"only month with a fully open bar; THIN SAMPLE"
"Banksia sphaerocarpa var. dolichostyla","months_fruiting_cones_present","Oct-Dec","fruiting_time","NNNNNNNNNYYY",,,,,,,"chart shows flowers finished/fruiting cones present pattern at Oct, Nov, Dec (thin sample, 1 record/month)"
"Banksia sphaerocarpa var. sphaerocarpa","growth_form","shrub","plant_growth_form","shrub",,,283,,100,"usually",""
"Banksia sphaerocarpa var. sphaerocarpa","growth_response","ground resprout and killed, new seedlings; killed, new seedlings","resprouting_capacity","fire_killed",,,27,6,22,,
"Banksia sphaerocarpa var. sphaerocarpa","growth_response","ground resprout; ground resprout and killed, new seedlings; ground resprout and trunk resprout; trunk resprout","resprouting_capacity","resprouts",,,27,23,85,,
"Banksia sphaerocarpa var. sphaerocarpa","growth_response","ground resprout and killed, new seedlings; killed, new seedlings","post_fire_recruitment","post_fire_recruitment",,,27,6,22,,
"Banksia sphaerocarpa var. sphaerocarpa","growth_response","ground resprout; ground resprout and killed, new seedlings; ground resprout and trunk resprout","bud_bank_location","basal_buds",,,27,21,78,,
"Banksia sphaerocarpa var. sphaerocarpa","growth_response","ground resprout and trunk resprout; trunk resprout","bud_bank_location","epicormic_buds",,,27,4,15,,
"Banksia sphaerocarpa var. sphaerocarpa","growth_response","unspecified",,,,,48,,44,,""
"Banksia sphaerocarpa var. sphaerocarpa","flowering_response","occurred after fire",,,,,36,,,,""
"Banksia sphaerocarpa var. sphaerocarpa","flowering_response","median time to flowering: 13-24 months","fire_time_from_fire_to_flowering","18.5","median",,36,,,,""
"Banksia sphaerocarpa var. sphaerocarpa","flowering_response","minimum time to flowering: <1 month","fire_time_from_fire_to_flowering","1","minimum",,36,,,,""
"Banksia sphaerocarpa var. sphaerocarpa","flowering_response","not occurred after fire",,,,,8,,,,""
"Banksia sphaerocarpa var. sphaerocarpa","flowering_response","median time to no flowering: 1-12 months","fire_time_from_fire_to_no_flowering","6.5","median",,8,,,,""
"Banksia sphaerocarpa var. sphaerocarpa","flowering_response","maximum time to no flowering: 25-36 months","fire_time_from_fire_to_no_flowering","30.5","maximum",,8,,,,""
"Banksia sphaerocarpa var. sphaerocarpa","pollinator_type","no pollinator observed",,,,,111,85,,,""
"Banksia sphaerocarpa var. sphaerocarpa","pollinator_type","bees, wasps, ants","flower_visitor","bee wasp ant",,,23,17,74,"usually",""
"Banksia sphaerocarpa var. sphaerocarpa","pollinator_type","bird","flower_visitor","bird",,,23,4,17,"occasionally",""
"Banksia sphaerocarpa var. sphaerocarpa","pollinator_type","flies","flower_visitor","fly",,,23,2,9,"rarely",""
"Banksia sphaerocarpa var. sphaerocarpa","specific_pollinator","ant","flower_visitor","ant",,,23,5,22,"occasionally",""
"Banksia sphaerocarpa var. sphaerocarpa","specific_pollinator","bee (unspecified)","flower_visitor","bee",,,23,13,57,"usually",""
"Banksia sphaerocarpa var. sphaerocarpa","specific_pollinator","European honey bee","flower_visitor","honeybee",,,23,1,4,"rarely",""
"Banksia sphaerocarpa var. sphaerocarpa","months_flowering_range","flowers recorded in all months except Sep and Nov; main period Feb-May","flowering_time","YYYYYYYYNYNY",,"full range",,,,,"text: 'flowers have been recorded in all months of the year except September and November though the main flowering period is from February to May. There does not appear to be a dominant season for new shoot growth'"
"Banksia sphaerocarpa var. sphaerocarpa","months_flowering_peak","Apr-May","flowering_time","NNNYYNNNNNNN",,"peak flowering",,,,,"chart shows Apr and May both ~90% fully open, the tallest bars"
"Banksia sphaerocarpa var. sphaerocarpa","months_fruiting_cones_present","uncertain - not confidently isolated from chart",,,,,,,,,"LOW CONFIDENCE - flag for manual check"
"Banksia spinulosa","growth_form","tree","plant_growth_form","tree",,,1386,,9,"rarely",""
"Banksia spinulosa","growth_form","shrub","plant_growth_form","shrub",,,1386,,89,"usually",""
"Banksia spinulosa","growth_form","unspecified",,,,,1386,,2,"rarely",""
"Banksia spinulosa","growth_response","ground resprout and killed, new seedlings; killed, new seedlings; killed, no seedlings","resprouting_capacity","fire_killed",,,161,39,24,,
"Banksia spinulosa","growth_response","ground resprout; ground resprout and killed, new seedlings; trunk resprout","resprouting_capacity","resprouts",,,161,124,77,,
"Banksia spinulosa","growth_response","ground resprout and killed, new seedlings; killed, new seedlings","post_fire_recruitment","post_fire_recruitment",,,161,30,19,,
"Banksia spinulosa","growth_response","killed, no seedlings","post_fire_recruitment","post_fire_recruitment_absent",,,161,9,6,,
"Banksia spinulosa","growth_response","ground resprout; ground resprout and killed, new seedlings","bud_bank_location","basal_buds",,,161,117,73,,
"Banksia spinulosa","growth_response","trunk resprout","bud_bank_location","epicormic_buds",,,161,7,4,,
"Banksia spinulosa","growth_response","unspecified",,,,,235,,31,,""
"Banksia spinulosa","flowering_response","occurred after fire",,,,,125,,,,""
"Banksia spinulosa","flowering_response","median time to flowering: 25-36 months","fire_time_from_fire_to_flowering","30.5","median",,125,,,,""
"Banksia spinulosa","flowering_response","minimum time to flowering: <1 month","fire_time_from_fire_to_flowering","1","minimum",,125,,,,""
"Banksia spinulosa","flowering_response","not occurred after fire",,,,,35,,,,""
"Banksia spinulosa","flowering_response","median time to no flowering: 13-24 months","fire_time_from_fire_to_no_flowering","18.5","median",,35,,,,""
"Banksia spinulosa","flowering_response","maximum time to no flowering: 49-60 months","fire_time_from_fire_to_no_flowering","54.5","maximum",,35,,,,""
"Banksia spinulosa","pollinator_type","no pollinator observed",,,,,859,747,,,""
"Banksia spinulosa","pollinator_type","bees, wasps, ants","flower_visitor","bee wasp ant",,,108,43,40,"commonly",""
"Banksia spinulosa","pollinator_type","bird","flower_visitor","bird",,,108,60,56,"usually",""
"Banksia spinulosa","pollinator_type","flies","flower_visitor","fly",,,108,1,0.9,"rarely",""
"Banksia spinulosa","pollinator_type","mammal","flower_visitor","mammal",,,108,4,4,"rarely",""
"Banksia spinulosa","specific_pollinator","ant","flower_visitor","ant",,,108,15,14,"occasionally",""
"Banksia spinulosa","specific_pollinator","bee (unspecified); native bee","flower_visitor","bee",,,108,21,19,"occasionally",""
"Banksia spinulosa","specific_pollinator","Eastern Yellow Robin","flower_visitor","bird",,,108,1,0.9,"rarely",""
"Banksia spinulosa","specific_pollinator","European honey bee","flower_visitor","honeybee",,,108,9,8,"rarely",""
"Banksia spinulosa","specific_pollinator","honeyeater (unspecified); New Holland Honeyeater; White-eared Honeyeater; Yellow-faced Honeyeater; White-plumed Honeyeater; Lewin's Honeyeater; Crescent Honeyeater; White-cheeked Honeyeater; Brown Honeyeater; Eastern Spinebill; Noisy Miner; wattlebird (unspecified); Red Wattlebird; Noisy Friarbird","flower_visitor","honeyeater",,,108,48,44,"commonly",""
"Banksia spinulosa","specific_pollinator","Brown Antechinus; Pygmy-possum","flower_visitor","marsupial",,,108,5,5,"rarely",""
"Banksia spinulosa","specific_pollinator","European wasp","flower_visitor","wasp",,,108,1,0.9,"rarely",""
"Banksia spinulosa","months_flowering_range","Jan-Oct","flowering_time","YYYYYYYYYYNN",,"full range",,,,,"text: 'Flowering peaks in autumn, but was recorded from January to October.' Four varieties are recognised (cunninghamii, neoanglica, collina, spinulosa) but not given separate data pages in this atlas - volunteers had difficulty distinguishing atypical/intermediate forms"
"Banksia spinulosa","months_flowering_peak","Jun","flowering_time","NNNNNYNNNNNN",,"peak flowering",,,,,"tallest fully open bar in chart (~90%), consistent with the text's peaks in autumn (though Jun is technically early winter)"
"Banksia spinulosa","months_fruiting_cones_present","uncertain - not confidently isolated from chart",,,,,,,,,"LOW CONFIDENCE - flag for manual check"
"Banksia spinulosa var. collina","growth_form","tree","plant_growth_form","tree",,,191,,2,"rarely",""
"Banksia spinulosa var. collina","growth_form","shrub","plant_growth_form","shrub",,,191,,98,"usually",""
"Banksia spinulosa var. collina","growth_response","ground resprout and killed, new seedlings","resprouting_capacity","fire_killed",,,32,1,3,,
"Banksia spinulosa var. collina","growth_response","ground resprout; ground resprout and killed, new seedlings","resprouting_capacity","resprouts",,,32,32,100,,
"Banksia spinulosa var. collina","growth_response","ground resprout and killed, new seedlings","post_fire_recruitment","post_fire_recruitment",,,32,1,3,,
"Banksia spinulosa var. collina","growth_response","ground resprout; ground resprout and killed, new seedlings","bud_bank_location","basal_buds",,,32,32,100,,
"Banksia spinulosa var. collina","growth_response","unspecified",,,,,45,,29,,""
"Banksia spinulosa var. collina","flowering_response","occurred after fire",,,,,23,,,,""
"Banksia spinulosa var. collina","flowering_response","median time to flowering: 13-24 months","fire_time_from_fire_to_flowering","18.5","median",,23,,,,""
"Banksia spinulosa var. collina","flowering_response","minimum time to flowering: <1 month","fire_time_from_fire_to_flowering","1","minimum",,23,,,,""
"Banksia spinulosa var. collina","flowering_response","not occurred after fire",,,,,6,,,,""
"Banksia spinulosa var. collina","flowering_response","median time to no flowering: 12-13 months","fire_time_from_fire_to_no_flowering","12.5","median",,6,,,,""
"Banksia spinulosa var. collina","flowering_response","maximum time to no flowering: 13-24 months","fire_time_from_fire_to_no_flowering","18.5","maximum",,6,,,,""
"Banksia spinulosa var. collina","pollinator_type","no pollinator observed",,,,,87,70,,,""
"Banksia spinulosa var. collina","pollinator_type","bees, wasps, ants","flower_visitor","bee wasp ant",,,17,8,47,"commonly",""
"Banksia spinulosa var. collina","pollinator_type","bird","flower_visitor","bird",,,17,9,53,"usually",""
"Banksia spinulosa var. collina","specific_pollinator","ant","flower_visitor","ant",,,17,2,12,"occasionally",""
"Banksia spinulosa var. collina","specific_pollinator","bee (unspecified)","flower_visitor","bee",,,17,4,24,"occasionally",""
"Banksia spinulosa var. collina","specific_pollinator","European honey bee","flower_visitor","honeybee",,,17,2,12,"occasionally",""
"Banksia spinulosa var. collina","specific_pollinator","Brown Honeyeater; White-cheeked Honeyeater; White-eared Honeyeater; Lewin's Honeyeater; Eastern Spinebill; Noisy Friarbird","flower_visitor","honeyeater",,,17,9,53,"usually",""
"Banksia spinulosa var. collina","months_flowering_range","Feb-Sep","flowering_time","NYYYYYYYYNNN",,"full range",,,,,"text: 'The main flowering period is from late summer to early spring'"
"Banksia spinulosa var. collina","months_flowering_peak","Feb","flowering_time","NYNNNNNNNNNN",,"peak flowering",,,,,"tallest 'fully open' bar in chart (~100%); Jun also high (~90%)"
"Banksia spinulosa var. collina","months_fruiting_cones_present","uncertain - not confidently isolated from chart",,,,,,,,,"LOW CONFIDENCE - flag for manual check"
"Banksia spinulosa var. cunninghamii","growth_form","tree","plant_growth_form","tree",,,331,,27,"commonly",""
"Banksia spinulosa var. cunninghamii","growth_form","shrub","plant_growth_form","shrub",,,331,,70,"usually",""
"Banksia spinulosa var. cunninghamii","growth_form","unspecified",,,,,331,,2,"rarely",""
"Banksia spinulosa var. cunninghamii","growth_response","killed, new seedlings; killed, no seedlings","resprouting_capacity","fire_killed",,,30,29,97,,
"Banksia spinulosa var. cunninghamii","growth_response","ground resprout","resprouting_capacity","resprouts",,,30,1,3,,
"Banksia spinulosa var. cunninghamii","growth_response","killed, new seedlings","post_fire_recruitment","post_fire_recruitment",,,30,21,70,,
"Banksia spinulosa var. cunninghamii","growth_response","killed, no seedlings","post_fire_recruitment","post_fire_recruitment_absent",,,30,8,27,,
"Banksia spinulosa var. cunninghamii","growth_response","ground resprout","bud_bank_location","basal_buds",,,30,1,3,,
"Banksia spinulosa var. cunninghamii","growth_response","unspecified",,,,,50,,40,,""
"Banksia spinulosa var. cunninghamii","flowering_response","occurred after fire",,,,,27,,,,""
"Banksia spinulosa var. cunninghamii","flowering_response","median time to flowering: 13-24 months","fire_time_from_fire_to_flowering","18.5","median",,27,,,,""
"Banksia spinulosa var. cunninghamii","flowering_response","minimum time to flowering: <1 month","fire_time_from_fire_to_flowering","1","minimum",,27,,,,""
"Banksia spinulosa var. cunninghamii","flowering_response","not occurred after fire",,,,,10,,,,""
"Banksia spinulosa var. cunninghamii","flowering_response","median time to no flowering: 13-24 months","fire_time_from_fire_to_no_flowering","18.5","median",,10,,,,""
"Banksia spinulosa var. cunninghamii","flowering_response","maximum time to no flowering: 25-36 months","fire_time_from_fire_to_no_flowering","30.5","maximum",,10,,,,""
"Banksia spinulosa var. cunninghamii","pollinator_type","no pollinator observed",,,,,223,205,,,""
"Banksia spinulosa var. cunninghamii","pollinator_type","bees, wasps, ants","flower_visitor","bee wasp ant",,,15,4,27,"commonly",""
"Banksia spinulosa var. cunninghamii","pollinator_type","bird","flower_visitor","bird",,,15,11,73,"usually",""
"Banksia spinulosa var. cunninghamii","specific_pollinator","ant","flower_visitor","ant",,,15,1,7,"rarely",""
"Banksia spinulosa var. cunninghamii","specific_pollinator","bee (unspecified)","flower_visitor","bee",,,15,2,13,"occasionally",""
"Banksia spinulosa var. cunninghamii","specific_pollinator","European honey bee","flower_visitor","honeybee",,,15,1,7,"rarely",""
"Banksia spinulosa var. cunninghamii","specific_pollinator","honeyeater (unspecified); Crescent Honeyeater; wattlebird (unspecified); Red Wattlebird; Eastern Spinebill","flower_visitor","honeyeater",,,15,17,100,"usually",""
"Banksia spinulosa var. cunninghamii","specific_pollinator","Brown Antechinus","flower_visitor","marsupial",,,15,1,7,"rarely",""
"Banksia spinulosa var. cunninghamii","specific_pollinator","European wasp","flower_visitor","wasp",,,15,1,7,"rarely",""
"Banksia spinulosa var. cunninghamii","months_flowering_range","Apr-Aug","flowering_time","NNNYYYYYNNNN",,"full range",,,,,"text: 'The main flowering period is largely from April to August'; unlike the other varieties, var. cunninghamii is non-lignotuberous, killed by fire and regenerating from seedling regrowth (may take 3+ years, though flowering was recorded just 18 months post-fire at Bastion Point, Victoria)"
"Banksia spinulosa var. cunninghamii","months_flowering_peak","May","flowering_time","NNNNYNNNNNNN",,"peak flowering",,,,,"tallest 'fully open' bar in chart (~100%)"
"Banksia spinulosa var. cunninghamii","months_fruiting_cones_present","uncertain - not confidently isolated from chart",,,,,,,,,"LOW CONFIDENCE - flag for manual check"
"Banksia spinulosa var. neoanglica","growth_form","shrub","plant_growth_form","shrub",,,35,,100,"usually",""
"Banksia spinulosa var. neoanglica","growth_response","killed, new seedlings","resprouting_capacity","fire_killed",,,9,1,11,,
"Banksia spinulosa var. neoanglica","growth_response","ground resprout","resprouting_capacity","resprouts",,,9,8,89,,
"Banksia spinulosa var. neoanglica","growth_response","killed, new seedlings","post_fire_recruitment","post_fire_recruitment",,,9,1,11,,
"Banksia spinulosa var. neoanglica","growth_response","ground resprout","bud_bank_location","basal_buds",,,9,8,89,,
"Banksia spinulosa var. neoanglica","growth_response","unspecified",,,,,14,,36,,""
"Banksia spinulosa var. neoanglica","flowering_response","occurred after fire",,,,,9,,,,""
"Banksia spinulosa var. neoanglica","flowering_response","median time to flowering: 49-60 months","fire_time_from_fire_to_flowering","54.5","median",,9,,,,""
"Banksia spinulosa var. neoanglica","flowering_response","minimum time to flowering: <1 month","fire_time_from_fire_to_flowering","1","minimum",,9,,,,""
"Banksia spinulosa var. neoanglica","flowering_response","not occurred after fire",,,,,1,,,,""
"Banksia spinulosa var. neoanglica","flowering_response","maximum time to no flowering: 49-60 months","fire_time_from_fire_to_no_flowering","54.5","maximum",,1,,,,""
"Banksia spinulosa var. neoanglica","pollinator_type","no pollinator observed",,,,,10,5,,,""
"Banksia spinulosa var. neoanglica","pollinator_type","bees, wasps, ants","flower_visitor","bee wasp ant",,,5,1,20,"occasionally",""
"Banksia spinulosa var. neoanglica","pollinator_type","bird","flower_visitor","bird",,,5,4,80,"usually",""
"Banksia spinulosa var. neoanglica","specific_pollinator","Eastern Spinebill","flower_visitor","honeyeater",,,5,2,40,"commonly",""
"Banksia spinulosa var. neoanglica","months_flowering_range","May, Jul-Aug","flowering_time","NNNNYNYYNNNN",,"full range",,,,,"text: 'the relatively small amount of flowering data available suggests that it flowers from May to August'; a newly recognised variety (George 1987), about one-quarter of records were of plants resprouting from lignotubers post-fire"
"Banksia spinulosa var. neoanglica","months_flowering_peak","Jul-Aug (tied)","flowering_time","NNNNNNYYNNNN",,"peak flowering",,,,,"chart shows both at 100% 'fully open'; a Dec bar (7 records) shows only 'majority in bud', not 'fully open'"
"Banksia spinulosa var. neoanglica","months_fruiting_cones_present","uncertain - not confidently isolated from chart",,,,,,,,,"LOW CONFIDENCE - flag for manual check"
"Banksia spinulosa var. spinulosa","growth_form","tree","plant_growth_form","tree",,,765,,0.1,"rarely",""
"Banksia spinulosa var. spinulosa","growth_form","shrub","plant_growth_form","shrub",,,765,,100,"usually",""
"Banksia spinulosa var. spinulosa","growth_response","ground resprout and killed, new seedlings; killed, new seedlings","resprouting_capacity","fire_killed",,,74,5,7,,
"Banksia spinulosa var. spinulosa","growth_response","ground resprout; ground resprout and killed, new seedlings; ground resprout and trunk resprout; trunk resprout","resprouting_capacity","resprouts",,,74,70,95,,
"Banksia spinulosa var. spinulosa","growth_response","ground resprout and killed, new seedlings; killed, new seedlings","post_fire_recruitment","post_fire_recruitment",,,74,5,7,,
"Banksia spinulosa var. spinulosa","growth_response","ground resprout; ground resprout and killed, new seedlings; ground resprout and trunk resprout","bud_bank_location","basal_buds",,,74,63,85,,
"Banksia spinulosa var. spinulosa","growth_response","ground resprout and trunk resprout; trunk resprout","bud_bank_location","epicormic_buds",,,74,8,11,,
"Banksia spinulosa var. spinulosa","growth_response","unspecified",,,,,103,,28,,""
"Banksia spinulosa var. spinulosa","flowering_response","occurred after fire",,,,,59,,,,""
"Banksia spinulosa var. spinulosa","flowering_response","median time to flowering: 25-36 months","fire_time_from_fire_to_flowering","30.5","median",,59,,,,""
"Banksia spinulosa var. spinulosa","flowering_response","minimum time to flowering: <1 month","fire_time_from_fire_to_flowering","1","minimum",,59,,,,""
"Banksia spinulosa var. spinulosa","flowering_response","not occurred after fire",,,,,13,,,,""
"Banksia spinulosa var. spinulosa","flowering_response","median time to no flowering: 13-24 months","fire_time_from_fire_to_no_flowering","18.5","median",,13,,,,""
"Banksia spinulosa var. spinulosa","flowering_response","maximum time to no flowering: 25-36 months","fire_time_from_fire_to_no_flowering","30.5","maximum",,13,,,,""
"Banksia spinulosa var. spinulosa","pollinator_type","no pollinator observed",,,,,498,443,,,""
"Banksia spinulosa var. spinulosa","pollinator_type","bees, wasps, ants","flower_visitor","bee wasp ant",,,55,25,45,"commonly",""
"Banksia spinulosa var. spinulosa","pollinator_type","bird","flower_visitor","bird",,,55,25,45,"commonly",""
"Banksia spinulosa var. spinulosa","pollinator_type","flies","flower_visitor","fly",,,55,5,9,"rarely",""
"Banksia spinulosa var. spinulosa","specific_pollinator","ant","flower_visitor","ant",,,55,12,22,"occasionally",""
"Banksia spinulosa var. spinulosa","specific_pollinator","bee (unspecified); native bee","flower_visitor","bee",,,55,9,16,"occasionally",""
"Banksia spinulosa var. spinulosa","specific_pollinator","Eastern Yellow Robin","flower_visitor","bird",,,55,1,2,"rarely",""
"Banksia spinulosa var. spinulosa","specific_pollinator","European honey bee","flower_visitor","honeybee",,,55,4,7,"rarely",""
"Banksia spinulosa var. spinulosa","specific_pollinator","honeyeater (unspecified); New Holland Honeyeater; White-eared Honeyeater; White-plumed Honeyeater; Yellow-faced Honeyeater; Crescent Honeyeater; Noisy Miner; wattlebird (unspecified); Red Wattlebird; Eastern Spinebill; Noisy Friarbird","flower_visitor","honeyeater",,,55,32,58,"usually",""
"Banksia spinulosa var. spinulosa","specific_pollinator","Brown Antechinus","flower_visitor","marsupial",,,55,1,2,"rarely",""
"Banksia spinulosa var. spinulosa","months_flowering_range","Mar-Aug","flowering_time","NNYYYYYYNNNN",,"full range",,,,,"text: 'Flowering is from March to July' (chart shows a small residual bar into Aug)"
"Banksia spinulosa var. spinulosa","months_flowering_peak","Jun","flowering_time","NNNNNYNNNNNN",,"peak flowering",,,,,"tallest 'fully open' bar in chart (~100%)"
"Banksia spinulosa var. spinulosa","months_fruiting_cones_present","uncertain - not confidently isolated from chart",,,,,,,,,"LOW CONFIDENCE - flag for manual check"
"Banksia telmatiaea","growth_form","shrub","plant_growth_form","shrub",,,43,,93,"usually",""
"Banksia telmatiaea","growth_form","unspecified",,,,,43,,7,"rarely",""
"Banksia telmatiaea","growth_response","killed, new seedlings; killed, no seedlings","resprouting_capacity","fire_killed",,,3,3,100,,
"Banksia telmatiaea","growth_response","killed, new seedlings","post_fire_recruitment","post_fire_recruitment",,,3,1,33,,
"Banksia telmatiaea","growth_response","killed, no seedlings","post_fire_recruitment","post_fire_recruitment_absent",,,3,2,67,,
"Banksia telmatiaea","growth_response","killed, new seedlings; killed, no seedlings","bud_bank_location","none",,,3,3,100,,
"Banksia telmatiaea","growth_response","unspecified",,,,,4,,25,,""
"Banksia telmatiaea","flowering_response","occurred after fire",,,,,1,,,,""
"Banksia telmatiaea","flowering_response","minimum time to flowering: 13-24 months","fire_time_from_fire_to_flowering","18.5","minimum",,1,,,,""
"Banksia telmatiaea","flowering_response","not occurred after fire",,,,,0,,,,""
"Banksia telmatiaea","pollinator_type","no pollinator observed",,,,,9,7,,,""
"Banksia telmatiaea","pollinator_type","bees, wasps, ants","flower_visitor","bee wasp ant",,,2,1,50,"usually",""
"Banksia telmatiaea","pollinator_type","bird","flower_visitor","bird",,,2,1,50,"usually",""
"Banksia telmatiaea","specific_pollinator","bee (unspecified)","flower_visitor","bee",,,2,1,50,"usually",""
"Banksia telmatiaea","specific_pollinator","Red Wattlebird","flower_visitor","honeyeater",,,2,1,50,"usually",""
"Banksia telmatiaea","months_flowering_range","Apr-Aug, plus a record in Nov","flowering_time","NNNYYYYYNNYN",,"full range",,,,,"text: 'the main flowering period is April to August though flowers have also been recorded in November'"
"Banksia telmatiaea","months_flowering_peak","Jun","flowering_time","NNNNNYNNNNNN",,"peak flowering",,,,,"tallest 'fully open' bar in chart (~100%)"
"Banksia telmatiaea","months_fruiting_cones_present","uncertain - not confidently isolated from chart",,,,,,,,,"LOW CONFIDENCE - flag for manual check"
"Banksia tricuspis","growth_form","tree","plant_growth_form","tree",,,13,,15,"occasionally",""
"Banksia tricuspis","growth_form","shrub","plant_growth_form","shrub",,,13,,85,"usually",""
"Banksia tricuspis","growth_response","killed, new seedlings and trunk resprout","resprouting_capacity","fire_killed",,,4,3,75,,
"Banksia tricuspis","growth_response","killed, new seedlings and trunk resprout; trunk resprout","resprouting_capacity","resprouts",,,4,4,100,,
"Banksia tricuspis","growth_response","killed, new seedlings and trunk resprout","post_fire_recruitment","post_fire_recruitment",,,4,3,75,,
"Banksia tricuspis","growth_response","killed, new seedlings and trunk resprout; trunk resprout","bud_bank_location","epicormic_buds",,,4,4,100,,
"Banksia tricuspis","flowering_response","occurred after fire",,,,,2,,,,""
"Banksia tricuspis","flowering_response","median time to flowering: 36-37 months","fire_time_from_fire_to_flowering","36.5","median",,2,,,,""
"Banksia tricuspis","flowering_response","minimum time to flowering: 1-12 months","fire_time_from_fire_to_flowering","6.5","minimum",,2,,,,""
"Banksia tricuspis","flowering_response","not occurred after fire",,,,,1,,,,""
"Banksia tricuspis","flowering_response","maximum time to no flowering: <1 month","fire_time_from_fire_to_no_flowering","1","maximum",,1,,,,""
"Banksia tricuspis","pollinator_type","no pollinator observed",,,,,7,2,,,""
"Banksia tricuspis","pollinator_type","bees, wasps, ants","flower_visitor","bee wasp ant",,,5,2,40,"commonly",""
"Banksia tricuspis","pollinator_type","bird","flower_visitor","bird",,,5,2,40,"commonly",""
"Banksia tricuspis","pollinator_type","mammal","flower_visitor","mammal",,,5,1,20,"occasionally",""
"Banksia tricuspis","specific_pollinator","European honey bee","flower_visitor","honeybee",,,5,1,20,"occasionally",""
"Banksia tricuspis","specific_pollinator","Brown Honeyeater; Western Spinebill","flower_visitor","honeyeater",,,5,2,40,"commonly",""
"Banksia tricuspis","specific_pollinator","Honey-possum","flower_visitor","marsupial",,,5,1,20,"occasionally",""
"Banksia tricuspis","months_flowering_range","May-Jul","flowering_time","NNNNYYYNNNNN",,"full range",,,,,"text: 'Atlas contributors recorded the flowering period as May-July, though [Van Leeuwen (1985)] defined it as March-August. [Van Leeuwen] stated that the species is probably pollinated by birds, mammals and insects with the Brown Honeyeater and Honey-possum being the most important.' Seedlings are killed by fire and do not tolerate burning until at least 20 years of age (Van Leeuwen 1985)"
"Banksia tricuspis","months_flowering_peak","May-Jun (tied)","flowering_time","NNNNYYNNNNNN",,"peak flowering",,,,,"chart shows both at 100% 'fully open'; THIN SAMPLE (13 total records)"
"Banksia tricuspis","months_fruiting_cones_present","uncertain - not confidently isolated from chart",,,,,,,,,"LOW CONFIDENCE - flag for manual check"
"Banksia verticillata","growth_form","tree","plant_growth_form","tree",,,21,,38,"commonly",""
"Banksia verticillata","growth_form","shrub","plant_growth_form","shrub",,,21,,62,"usually",""
"Banksia verticillata","growth_response","ground resprout and trunk resprout","resprouting_capacity","resprouts",,,1,1,100,,
"Banksia verticillata","growth_response","ground resprout and trunk resprout","bud_bank_location","basal_buds",,,1,1,100,,
"Banksia verticillata","growth_response","ground resprout and trunk resprout","bud_bank_location","epicormic_buds",,,1,1,100,,
"Banksia verticillata","growth_response","unspecified",,,,,3,,67,,""
"Banksia verticillata","flowering_response","occurred after fire",,,,,2,,,,""
"Banksia verticillata","flowering_response","median time to flowering: 12-13 months","fire_time_from_fire_to_flowering","12.5","median",,2,,,,""
"Banksia verticillata","flowering_response","minimum time to flowering: 1-12 months","fire_time_from_fire_to_flowering","6.5","minimum",,2,,,,""
"Banksia verticillata","flowering_response","not occurred after fire",,,,,1,,,,""
"Banksia verticillata","flowering_response","maximum time to no flowering: 25-36 months","fire_time_from_fire_to_no_flowering","30.5","maximum",,1,,,,""
"Banksia verticillata","pollinator_type","no pollinator observed",,,,,3,2,,,""
"Banksia verticillata","pollinator_type","bird","flower_visitor","bird",,,1,1,100,"usually",""
"Banksia verticillata","specific_pollinator","New Holland Honeyeater","flower_visitor","honeyeater",,,1,1,100,"usually",""
"Banksia verticillata","months_flowering_range","Mar-Apr","flowering_time","NNYYNNNNNNNN",,"full range",,,,,"DISCREPANCY FLAGGED: text states 'George (1981) stated the flowering period to be January to April but [there were] no records at all from January and February. Atlas records [show] it flowering in March and April' - chart confirms 'fully open' only Mar (~65%) and Apr (100%), zero in Jan-Feb"
"Banksia verticillata","months_flowering_peak","Apr","flowering_time","NNNYNNNNNNNN",,"peak flowering",,,,,"tallest 'fully open' bar in chart (100%)"
"Banksia verticillata","months_fruiting_cones_present","uncertain - not confidently isolated from chart",,,,,,,,,"LOW CONFIDENCE - flag for manual check"
"Banksia victoriae","growth_form","tree","plant_growth_form","tree",,,23,,4,"rarely",""
"Banksia victoriae","growth_form","shrub","plant_growth_form","shrub",,,23,,91,"usually",""
"Banksia victoriae","growth_form","unspecified",,,,,23,,4,"rarely",""
"Banksia victoriae","growth_response","killed, new seedlings","resprouting_capacity","fire_killed",,,1,1,100,,
"Banksia victoriae","growth_response","killed, new seedlings","post_fire_recruitment","post_fire_recruitment",,,1,1,100,,
"Banksia victoriae","growth_response","killed, new seedlings","bud_bank_location","none",,,1,1,100,,
"Banksia victoriae","pollinator_type","no pollinator observed",,,,,2,2,,,""
"Banksia victoriae","months_flowering_range","Jan","flowering_time","YNNNNNNNNNNN",,"full range",,,,,"text: 'Atlas records show the species to be flowering in January though lack of data from adjoining months prevent an assessment of the entire flowering period. However, George (1981) defined it as January and February.' Chart's only 'fully open' bar (partial, ~15%) is in Jan; Aug and Sep, despite having the most total records (7 and 10), show only 'majority in bud'"
"Banksia victoriae","months_flowering_peak","Jan","flowering_time","YNNNNNNNNNNN",,"peak flowering",,,,,"only month with any 'fully open' signal in the chart"
"Banksia victoriae","months_fruiting_cones_present","not known",,,,,,,,,"only 1 fire-response record; text notes deep yellow sands are strongly preferred, often co-occurring with B. attenuata and B. sceptrum"
"Banksia violacea","growth_form","shrub","plant_growth_form","shrub",,,166,,100,"usually",""
"Banksia violacea","growth_response","killed, new seedlings; killed, no seedlings","resprouting_capacity","fire_killed",,,10,10,100,,
"Banksia violacea","growth_response","killed, new seedlings","post_fire_recruitment","post_fire_recruitment",,,10,7,70,,
"Banksia violacea","growth_response","killed, no seedlings","post_fire_recruitment","post_fire_recruitment_absent",,,10,3,30,,
"Banksia violacea","growth_response","killed, new seedlings; killed, no seedlings","bud_bank_location","none",,,10,10,100,,
"Banksia violacea","growth_response","unspecified",,,,,12,,17,,""
"Banksia violacea","flowering_response","occurred after fire",,,,,4,,,,""
"Banksia violacea","flowering_response","median time to flowering: 49-60 months","fire_time_from_fire_to_flowering","54.5","median",,4,,,,""
"Banksia violacea","flowering_response","minimum time to flowering: 37-48 months","fire_time_from_fire_to_flowering","42.5","minimum",,4,,,,""
"Banksia violacea","flowering_response","not occurred after fire",,,,,4,,,,""
"Banksia violacea","flowering_response","median time to no flowering: 24-25 months","fire_time_from_fire_to_no_flowering","24.5","median",,4,,,,""
"Banksia violacea","flowering_response","maximum time to no flowering: 49-60 months","fire_time_from_fire_to_no_flowering","54.5","maximum",,4,,,,""
"Banksia violacea","pollinator_type","no pollinator observed",,,,,36,31,,,""
"Banksia violacea","pollinator_type","bees, wasps, ants","flower_visitor","bee wasp ant",,,5,4,80,"usually",""
"Banksia violacea","pollinator_type","flies","flower_visitor","fly",,,5,1,20,"occasionally",""
"Banksia violacea","specific_pollinator","ant","flower_visitor","ant",,,5,3,60,"usually",""
"Banksia violacea","months_flowering_range","Nov-Apr","flowering_time","YYYYNNNNNNYY",,"full range",,,,,"text: 'The flowering period appears to be from November to April, but even in the most floriferous month (February) less than 50% of recorded populations were in full flower. In January, not one of the nine records was of plants in full flower.' Chart confirms 'fully open' bars only reach ~35% at their tallest (Feb), consistent with this low-full-flower-rate description; species is generally non-lignotuberous (killed by fire, regenerates from seed) except a lignotuberous population recorded near Woodanilling"
"Banksia violacea","months_flowering_peak","Feb","flowering_time","NYNNNNNNNNNN",,"peak flowering",,,,,"tallest 'fully open' bar in chart (~35%, matching the text's description of low full-flower rates even at peak)"
"Banksia violacea","months_fruiting_cones_present","uncertain - not confidently isolated from chart",,,,,,,,,"LOW CONFIDENCE - flag for manual check; this is the final species account in the Atlas (B genus ends alphabetically at violacea)"
