Plant genus,Plant species,Plant scientific name,Plant family,Animal species binomial name,Animal genus,Animal subgenus,Animal species,Animal family,Animal subfamily,Animal common name,Animal class,Animal order,No. of visitors,Location - State,Nearest named place,Latitude (S),Longitude (E),Date,Month,Year,Reference,Dataset_ID,source_id,"Observation type (Observational (O), Survey (S), Experimental (E ), Pollen-grains only (P), DNA (D))","Taxanomic verfication (1, 0)","Physical speciman (1, 0)","Photo (1, 0)","Geographic location (1, 0)","Date of collection (1, 0)","No visitors recorded (0,1)",Comments,Column1
Solanum,cunninghamii,Solanum cunninghamii,Solanaceae,Amegilla (Zonamegilla) aeruginosa,Amegilla,Zonamegilla,aeruginosa,Apidae,Apinae,NA,Insecta,Hymenoptera,2,WA,southeast Broome (site 8),NA,NA,NA,NA,1979 - 1980,"Anderson, G. J., & Symon, D. (1988). Insect foracers on Solanum flowers in Australia. Annual Missouri Botanic Gardens, 75, 84-852.",S04,Anderson_1988,S,1,1,0,1,0,1,NA,NA
Solanum,dioicum,Solanum dioicum,Solanaceae,Amegilla (Zonamegilla) aeruginosa,Amegilla,Zonamegilla,aeruginosa,Apidae,Apinae,NA,Insecta,Hymenoptera,1,WA,between Derby and Kalumburu (site 18),NA,NA,NA,NA,1979 - 1980,"Anderson, G. J., & Symon, D. (1988). Insect foracers on Solanum flowers in Australia. Annual Missouri Botanic Gardens, 75, 84-852.",S04,Anderson_1988,S,1,1,0,1,0,1,NA,NA
Solanum,eburneum,Solanum eburneum,Solanaceae,Amegilla (Zonamegilla) aeruginosa,Amegilla,Zonamegilla,aeruginosa,Apidae,Apinae,NA,Insecta,Hymenoptera,2,NT,"Northwest NT (site 1,2)",NA,NA,NA,NA,1979 - 1980,"Anderson, G. J., & Symon, D. (1988). Insect foracers on Solanum flowers in Australia. Annual Missouri Botanic Gardens, 75, 84-852.",S04,Anderson_1988,S,1,1,0,1,0,1,NA,NA
Solanum,eburneum,Solanum eburneum,Solanaceae,Amegilla (Zonamegilla) aeruginosa,Amegilla,Zonamegilla,aeruginosa,Apidae,Apinae,NA,Insecta,Hymenoptera,6,NT,Northwest NT (site 30),NA,NA,NA,NA,1979 - 1980,"Anderson, G. J., & Symon, D. (1988). Insect foracers on Solanum flowers in Australia. Annual Missouri Botanic Gardens, 75, 84-852.",S04,Anderson_1988,S,1,1,0,1,0,1,NA,NA
Solanum,diversiflorum,Solanum diversiflorum,Solanaceae,Amegilla (Zonamegilla) pulchra,Amegilla,Zonamegilla,pulchra,Apidae,Apinae,NA,Insecta,Hymenoptera,2,NT,Northwest NT (site 2a),NA,NA,NA,NA,1979 - 1980,"Anderson, G. J., & Symon, D. (1988). Insect foracers on Solanum flowers in Australia. Annual Missouri Botanic Gardens, 75, 84-852.",S04,Anderson_1988,S,1,1,0,1,0,1,NA,NA
Solanum,diversiflorum,Solanum diversiflorum,Solanaceae,Amegilla (Zonamegilla) pulchra,Amegilla,Zonamegilla,pulchra,Apidae,Apinae,NA,Insecta,Hymenoptera,1,WA,northwest Halls Creek (site 3),NA,NA,NA,NA,1979 - 1980,"Anderson, G. J., & Symon, D. (1988). Insect foracers on Solanum flowers in Australia. Annual Missouri Botanic Gardens, 75, 84-852.",S04,Anderson_1988,S,1,1,0,1,0,1,NA,NA
Solanum,ellipticum,Solanum ellipticum,Solanaceae,Amegilla (Zonamegilla) pulchra,Amegilla,Zonamegilla,pulchra,Apidae,Apinae,NA,Insecta,Hymenoptera,2,SA,north Adelaide (site 37),NA,NA,NA,NA,1979 - 1980,"Anderson, G. J., & Symon, D. (1988). Insect foracers on Solanum flowers in Australia. Annual Missouri Botanic Gardens, 75, 84-852.",S04,Anderson_1988,S,1,1,0,1,0,1,NA,NA
Solanum,ellipticum,Solanum ellipticum,Solanaceae,Amegilla (Zonamegilla) pulchra,Amegilla,Zonamegilla,pulchra,Apidae,Apinae,NA,Insecta,Hymenoptera,1,SA,north Adelaide (site 40),NA,NA,NA,NA,1979 - 1980,"Anderson, G. J., & Symon, D. (1988). Insect foracers on Solanum flowers in Australia. Annual Missouri Botanic Gardens, 75, 84-852.",S04,Anderson_1988,S,1,1,0,1,0,1,NA,NA
Solanum,esuriale,Solanum esuriale,Solanaceae,Amegilla (Zonamegilla) pulchra,Amegilla,Zonamegilla,pulchra,Apidae,Apinae,NA,Insecta,Hymenoptera,1,SA,Adelaide (site 41),NA,NA,NA,NA,1979 - 1980,"Anderson, G. J., & Symon, D. (1988). Insect foracers on Solanum flowers in Australia. Annual Missouri Botanic Gardens, 75, 84-852.",S04,Anderson_1988,S,1,1,0,1,0,1,NA,NA
Solanum,hoplopetalum,Solanum hoplopetalum,Solanaceae,Amegilla (Zonamegilla) pulchra,Amegilla,Zonamegilla,pulchra,Apidae,Apinae,NA,Insecta,Hymenoptera,1,WA,east of Perth (site 42),NA,NA,NA,NA,1979 - 1980,"Anderson, G. J., & Symon, D. (1988). Insect foracers on Solanum flowers in Australia. Annual Missouri Botanic Gardens, 75, 84-852.",S04,Anderson_1988,S,1,1,0,1,0,1,NA,NA
Solanum,cultivated],Solanum sp. [cultivated],Solanaceae,Amegilla (Zonamegilla) pulchra,Amegilla,Zonamegilla,pulchra,Apidae,Apinae,NA,Insecta,Hymenoptera,1,SA,Adelaide (site 41),NA,NA,NA,NA,1979 - 1980,"Anderson, G. J., & Symon, D. (1988). Insect foracers on Solanum flowers in Australia. Annual Missouri Botanic Gardens, 75, 84-852.",S04,Anderson_1988,S,1,1,0,1,0,1,NA,NA
Solanum,sturtianum,Solanum sturtianum,Solanaceae,Amegilla (Zonamegilla) pulchra,Amegilla,Zonamegilla,pulchra,Apidae,Apinae,NA,Insecta,Hymenoptera,1,SA,north Adelaide (site 37),NA,NA,NA,NA,1979 - 1980,"Anderson, G. J., & Symon, D. (1988). Insect foracers on Solanum flowers in Australia. Annual Missouri Botanic Gardens, 75, 84-852.",S04,Anderson_1988,S,1,1,0,1,0,1,NA,NA
Solanum,dioicum,Solanum dioicum,Solanaceae,Amegilla sp.,Amegilla,NA,sp.,Apidae,Apinae,NA,Insecta,Hymenoptera,2,WA,NE Derby (site 16),NA,NA,NA,NA,1979 - 1980,"Anderson, G. J., & Symon, D. (1988). Insect foracers on Solanum flowers in Australia. Annual Missouri Botanic Gardens, 75, 84-852.",S04,Anderson_1988,S,1,1,0,1,0,1,NA,NA
Solanum,cunninghamii,Solanum cunninghamii,Solanaceae,Austroplebeia sp. A,Austroplebeia,NA,sp. A,Apidae,Apinae,NA,Insecta,Hymenoptera,4,WA,southeast Broome (site 8),NA,NA,NA,NA,1979 - 1980,"Anderson, G. J., & Symon, D. (1988). Insect foracers on Solanum flowers in Australia. Annual Missouri Botanic Gardens, 75, 84-852.",S04,Anderson_1988,S,1,1,0,1,0,1,NA,NA
Solanum,dioicum,Solanum dioicum,Solanaceae,Austroplebeia sp. A,Austroplebeia,NA,sp. A,Apidae,Apinae,NA,Insecta,Hymenoptera,2,WA,"between Derby, Halls Creek and Kalumburu (site 21)",NA,NA,NA,NA,1979 - 1980,"Anderson, G. J., & Symon, D. (1988). Insect foracers on Solanum flowers in Australia. Annual Missouri Botanic Gardens, 75, 84-852.",S04,Anderson_1988,S,1,1,0,1,0,1,NA,NA
Solanum,diversiflorum,Solanum diversiflorum,Solanaceae,Austroplebeia sp. A,Austroplebeia,NA,sp. A,Apidae,Apinae,NA,Insecta,Hymenoptera,2,NT,Northwest NT (site 2a),NA,NA,NA,NA,1979 - 1980,"Anderson, G. J., & Symon, D. (1988). Insect foracers on Solanum flowers in Australia. Annual Missouri Botanic Gardens, 75, 84-852.",S04,Anderson_1988,S,1,1,0,1,0,1,NA,NA
Solanum,lucani,Solanum lucani,Solanaceae,Austroplebeia sp. A,Austroplebeia,NA,sp. A,Apidae,Apinae,NA,Insecta,Hymenoptera,9,WA,Halls Creek (site 24),NA,NA,NA,NA,1979 - 1980,"Anderson, G. J., & Symon, D. (1988). Insect foracers on Solanum flowers in Australia. Annual Missouri Botanic Gardens, 75, 84-852.",S04,Anderson_1988,S,1,1,0,1,0,1,NA,NA
Solanum,lucani,Solanum lucani,Solanaceae,Austroplebeia sp. A,Austroplebeia,NA,sp. A,Apidae,Apinae,NA,Insecta,Hymenoptera,1,NT,Border WA/NT (site 29),NA,NA,NA,NA,1979 - 1980,"Anderson, G. J., & Symon, D. (1988). Insect foracers on Solanum flowers in Australia. Annual Missouri Botanic Gardens, 75, 84-852.",S04,Anderson_1988,S,1,1,0,1,0,1,NA,NA
Solanum,quadriloculatum,Solanum quadriloculatum,Solanaceae,Austroplebeia sp. A,Austroplebeia,NA,sp. A,Apidae,Apinae,NA,Insecta,Hymenoptera,2,WA,Border WA/NT (site 25),NA,NA,NA,NA,1979 - 1980,"Anderson, G. J., & Symon, D. (1988). Insect foracers on Solanum flowers in Australia. Annual Missouri Botanic Gardens, 75, 84-852.",S04,Anderson_1988,S,1,1,0,1,0,1,NA,NA
Solanum,beaugleholei,Solanum beaugleholei,Solanaceae,Austroplebeia sp. B,Austroplebeia,NA,sp. B,Apidae,Apinae,NA,Insecta,Hymenoptera,7,WA,"between Derby, Halls Creek and Kalumburu (site 20)",NA,NA,NA,NA,1979 - 1980,"Anderson, G. J., & Symon, D. (1988). Insect foracers on Solanum flowers in Australia. Annual Missouri Botanic Gardens, 75, 84-852.",S04,Anderson_1988,S,1,1,0,1,0,1,NA,NA
Solanum,dioicum,Solanum dioicum,Solanaceae,Austroplebeia sp. B,Austroplebeia,NA,sp. B,Apidae,Apinae,NA,Insecta,Hymenoptera,5,WA,"between Derby, Halls Creek and Kalumburu (site 6)",NA,NA,NA,NA,1979 - 1980,"Anderson, G. J., & Symon, D. (1988). Insect foracers on Solanum flowers in Australia. Annual Missouri Botanic Gardens, 75, 84-852.",S04,Anderson_1988,S,1,1,0,1,0,1,NA,NA
Solanum,dioicum,Solanum dioicum,Solanaceae,Austroplebeia sp. B,Austroplebeia,NA,sp. B,Apidae,Apinae,NA,Insecta,Hymenoptera,4,WA,"between Derby, Halls Creek and Kalumburu (site 16)",NA,NA,NA,NA,1979 - 1980,"Anderson, G. J., & Symon, D. (1988). Insect foracers on Solanum flowers in Australia. Annual Missouri Botanic Gardens, 75, 84-852.",S04,Anderson_1988,S,1,1,0,1,0,1,NA,NA
Solanum,dioicum,Solanum dioicum,Solanaceae,Austroplebeia sp. B,Austroplebeia,NA,sp. B,Apidae,Apinae,NA,Insecta,Hymenoptera,1,WA,"between Derby, Halls Creek and Kalumburu (site 17)",NA,NA,NA,NA,1979 - 1980,"Anderson, G. J., & Symon, D. (1988). Insect foracers on Solanum flowers in Australia. Annual Missouri Botanic Gardens, 75, 84-852.",S04,Anderson_1988,S,1,1,0,1,0,1,NA,NA
Solanum,dioicum,Solanum dioicum,Solanaceae,Austroplebeia sp. B,Austroplebeia,NA,sp. B,Apidae,Apinae,NA,Insecta,Hymenoptera,3,WA,"between Derby, Halls Creek and Kalumburu (site 21)",NA,NA,NA,NA,1979 - 1980,"Anderson, G. J., & Symon, D. (1988). Insect foracers on Solanum flowers in Australia. Annual Missouri Botanic Gardens, 75, 84-852.",S04,Anderson_1988,S,1,1,0,1,0,1,NA,NA
Solanum,diversiflorum,Solanum diversiflorum,Solanaceae,Austroplebeia sp. B,Austroplebeia,NA,sp. B,Apidae,Apinae,NA,Insecta,Hymenoptera,5,WA,Halls Creek (site 3),NA,NA,NA,NA,1979 - 1980,"Anderson, G. J., & Symon, D. (1988). Insect foracers on Solanum flowers in Australia. Annual Missouri Botanic Gardens, 75, 84-852.",S04,Anderson_1988,S,1,1,0,1,0,1,NA,NA
Solanum,diversiflorum,Solanum diversiflorum,Solanaceae,Austroplebeia sp. B,Austroplebeia,NA,sp. B,Apidae,Apinae,NA,Insecta,Hymenoptera,2,WA,West Derby (site 5),NA,NA,NA,NA,1979 - 1980,"Anderson, G. J., & Symon, D. (1988). Insect foracers on Solanum flowers in Australia. Annual Missouri Botanic Gardens, 75, 84-852.",S04,Anderson_1988,S,1,1,0,1,0,1,NA,NA
Solanum,diversiflorum,Solanum diversiflorum,Solanaceae,Austroplebeia sp. B,Austroplebeia,NA,sp. B,Apidae,Apinae,NA,Insecta,Hymenoptera,5,NT,Northwest NT (site 2a),NA,NA,NA,NA,1979 - 1980,"Anderson, G. J., & Symon, D. (1988). Insect foracers on Solanum flowers in Australia. Annual Missouri Botanic Gardens, 75, 84-852.",S04,Anderson_1988,S,1,1,0,1,0,1,NA,NA
Solanum,eburneum,Solanum eburneum,Solanaceae,Austroplebeia sp. B,Austroplebeia,NA,sp. B,Apidae,Apinae,NA,Insecta,Hymenoptera,1,NT,NT/WA border (site 2),NA,NA,NA,NA,1979 - 1980,"Anderson, G. J., & Symon, D. (1988). Insect foracers on Solanum flowers in Australia. Annual Missouri Botanic Gardens, 75, 84-852.",S04,Anderson_1988,S,1,1,0,1,0,1,NA,NA
Solanum,eburneum,Solanum eburneum,Solanaceae,Austroplebeia sp. B,Austroplebeia,NA,sp. B,Apidae,Apinae,NA,Insecta,Hymenoptera,2,NT,NT/WA border (site 29),NA,NA,NA,NA,1979 - 1980,"Anderson, G. J., & Symon, D. (1988). Insect foracers on Solanum flowers in Australia. Annual Missouri Botanic Gardens, 75, 84-852.",S04,Anderson_1988,S,1,1,0,1,0,1,NA,NA
Solanum,eburneum,Solanum eburneum,Solanaceae,Austroplebeia sp. B,Austroplebeia,NA,sp. B,Apidae,Apinae,NA,Insecta,Hymenoptera,1,NT,NT/WA border (site 30),NA,NA,NA,NA,1979 - 1980,"Anderson, G. J., & Symon, D. (1988). Insect foracers on Solanum flowers in Australia. Annual Missouri Botanic Gardens, 75, 84-852.",S04,Anderson_1988,S,1,1,0,1,0,1,NA,NA
Solanum,lucani,Solanum lucani,Solanaceae,Austroplebeia sp. B,Austroplebeia,NA,sp. B,Apidae,Apinae,NA,Insecta,Hymenoptera,1,WA,S Derby (site 9),NA,NA,NA,NA,1979 - 1980,"Anderson, G. J., & Symon, D. (1988). Insect foracers on Solanum flowers in Australia. Annual Missouri Botanic Gardens, 75, 84-852.",S04,Anderson_1988,S,1,1,0,1,0,1,NA,NA
Solanum,lucani,Solanum lucani,Solanaceae,Austroplebeia sp. B,Austroplebeia,NA,sp. B,Apidae,Apinae,NA,Insecta,Hymenoptera,1,NT,S Darwin (site 32),NA,NA,NA,NA,1979 - 1980,"Anderson, G. J., & Symon, D. (1988). Insect foracers on Solanum flowers in Australia. Annual Missouri Botanic Gardens, 75, 84-852.",S04,Anderson_1988,S,1,1,0,1,0,1,NA,NA
Solanum,lucani,Solanum lucani,Solanaceae,Austroplebeia sp. B,Austroplebeia,NA,sp. B,Apidae,Apinae,NA,Insecta,Hymenoptera,3,NT,S Darwin (site 33),NA,NA,NA,NA,1979 - 1980,"Anderson, G. J., & Symon, D. (1988). Insect foracers on Solanum flowers in Australia. Annual Missouri Botanic Gardens, 75, 84-852.",S04,Anderson_1988,S,1,1,0,1,0,1,NA,NA
Solanum,dioicum,Solanum dioicum,Solanaceae,Braunsapis sp.,Braunsapis,NA,sp.,Apidae,Xylocopinae,NA,Insecta,Hymenoptera,1,WA,E Derby (site 14),NA,NA,NA,NA,1979 - 1980,"Anderson, G. J., & Symon, D. (1988). Insect foracers on Solanum flowers in Australia. Annual Missouri Botanic Gardens, 75, 84-852.",S04,Anderson_1988,S,1,1,0,1,0,1,NA,NA
Solanum,eburneum,Solanum eburneum,Solanaceae,Braunsapis sp.,Braunsapis,NA,sp.,Apidae,Xylocopinae,NA,Insecta,Hymenoptera,1,NT,Northwest NT (site 31),NA,NA,NA,NA,1979 - 1980,"Anderson, G. J., & Symon, D. (1988). Insect foracers on Solanum flowers in Australia. Annual Missouri Botanic Gardens, 75, 84-852.",S04,Anderson_1988,S,1,1,0,1,0,1,NA,NA
Solanum,cunninghamii,Solanum cunninghamii,Solanaceae,Diptera sp.,NA,NA,sp.,NA,NA,NA,Insecta,Diptera,2,WA,southeast Broome (site 8),NA,NA,NA,NA,1979 - 1980,"Anderson, G. J., & Symon, D. (1988). Insect foracers on Solanum flowers in Australia. Annual Missouri Botanic Gardens, 75, 84-852.",S04,Anderson_1988,S,1,1,0,1,0,1,NA,NA
Solanum,quadriloculatum,Solanum quadriloculatum,Solanaceae,Diptera sp.,NA,NA,sp.,NA,NA,NA,Insecta,Diptera,5,WA,Border WA/NT (site 25),NA,NA,NA,NA,1979 - 1980,"Anderson, G. J., & Symon, D. (1988). Insect foracers on Solanum flowers in Australia. Annual Missouri Botanic Gardens, 75, 84-852.",S04,Anderson_1988,S,1,1,0,1,0,1,NA,NA
Solanum,asymmetriphyllum,Solanum asymmetriphyllum,Solanaceae,Eumenidae sp.,NA,NA,sp.,Eumenidae,NA,NA,Insecta,Hymenoptera,1,NT,E Darwin (site 34),NA,NA,NA,NA,1979 - 1980,"Anderson, G. J., & Symon, D. (1988). Insect foracers on Solanum flowers in Australia. Annual Missouri Botanic Gardens, 75, 84-852.",S04,Anderson_1988,S,1,1,0,1,0,1,NA,NA
Solanum,dioicum,Solanum dioicum,Solanaceae,Formicidae sp.,NA,NA,sp.,Formicidae,NA,NA,Insecta,Hymenoptera,1,WA,"between Derby, Halls Creek and Kalumburu (site 6)",NA,NA,NA,NA,1979 - 1980,"Anderson, G. J., & Symon, D. (1988). Insect foracers on Solanum flowers in Australia. Annual Missouri Botanic Gardens, 75, 84-852.",S04,Anderson_1988,S,1,1,0,1,0,1,NA,NA
Solanum,cunninghamii,Solanum cunninghamii,Solanaceae,Hylaeus (Prosopisteron) sp.1,Hylaeus,Prosopisteron,sp.1,Colletidae,Hylaeinae,NA,Insecta,Hymenoptera,2,WA,southeast Broome (site 8),NA,NA,NA,NA,1979 - 1980,"Anderson, G. J., & Symon, D. (1988). Insect foracers on Solanum flowers in Australia. Annual Missouri Botanic Gardens, 75, 84-852.",S04,Anderson_1988,S,1,1,0,1,0,1,NA,NA
Solanum,cunninghamii,Solanum cunninghamii,Solanaceae,Hylaeus (Rhodohylaeus) sp.2,Hylaeus,Rhodohylaeus,sp.2,Colletidae,Hylaeinae,NA,Insecta,Hymenoptera,1,WA,southeast Broome (site 8),NA,NA,NA,NA,1979 - 1980,"Anderson, G. J., & Symon, D. (1988). Insect foracers on Solanum flowers in Australia. Annual Missouri Botanic Gardens, 75, 84-852.",S04,Anderson_1988,S,1,1,0,1,0,1,NA,NA
Solanum,leupoldense,Solanum leupoldense,Solanaceae,Lasioglossum sp.,Lasioglossum,Lasioglossum,sp.,Halictidae,Halictinae,NA,Insecta,Hymenoptera,1,SA,Adelaide (site 36),NA,NA,NA,NA,1979 - 1980,"Anderson, G. J., & Symon, D. (1988). Insect foracers on Solanum flowers in Australia. Annual Missouri Botanic Gardens, 75, 84-852.",S04,Anderson_1988,S,1,1,0,1,0,1,NA,NA
Solanum,parvifolium,Solanum parvifolium,Solanaceae,Lasioglossum sp.,Lasioglossum,NA,sp.,Halictidae,Halictinae,NA,Insecta,Hymenoptera,1,SA,Adelaide (site 36),NA,NA,NA,NA,1979 - 1980,"Anderson, G. J., & Symon, D. (1988). Insect foracers on Solanum flowers in Australia. Annual Missouri Botanic Gardens, 75, 84-852.",S04,Anderson_1988,S,1,1,0,1,0,1,NA,NA
Solanum,hoplopetalum,Solanum hoplopetalum,Solanaceae,Leioproctus (Leioproctus) sp.,Leioproctus,Leioproctus,sp.,Colletidae,Neopasiphaeinae,NA,Insecta,Hymenoptera,1,WA,east of Perth (site 42),NA,NA,NA,NA,1979 - 1980,"Anderson, G. J., & Symon, D. (1988). Insect foracers on Solanum flowers in Australia. Annual Missouri Botanic Gardens, 75, 84-852.",S04,Anderson_1988,S,1,1,0,1,0,1,NA,NA
Solanum,beaugleholei,Solanum beaugleholei,Solanaceae,Lipotriches (Austronomia) dimissa?,Lipotriches,Austronomia,dimissa?,Halictidae,Nomiinae,NA,Insecta,Hymenoptera,1,WA,"between Derby, Halls Creek and Kalumburu (site 20)",NA,NA,NA,NA,1979 - 1980,"Anderson, G. J., & Symon, D. (1988). Insect foracers on Solanum flowers in Australia. Annual Missouri Botanic Gardens, 75, 84-852.",S04,Anderson_1988,S,1,1,0,1,0,1,NA,NA
Solanum,beaugleholei,Solanum beaugleholei,Solanaceae,Lipotriches (Austronomia) flavoviridis,Lipotriches,Austronomia,flavoviridis,Halictidae,Nomiinae,NA,Insecta,Hymenoptera,2,WA,"between Derby, Halls Creek and Kalumburu (site 20)",NA,NA,NA,NA,1979 - 1980,"Anderson, G. J., & Symon, D. (1988). Insect foracers on Solanum flowers in Australia. Annual Missouri Botanic Gardens, 75, 84-852.",S04,Anderson_1988,S,1,1,0,1,0,1,NA,NA
Solanum,cinereum,Solanum cinereum,Solanaceae,Lipotriches (Austronomia) flavoviridis,Lipotriches,Austronomia,flavoviridis,Halictidae,Nomiinae,NA,Insecta,Hymenoptera,2,SA,Adelaide (site 36),NA,NA,NA,NA,1979 - 1980,"Anderson, G. J., & Symon, D. (1988). Insect foracers on Solanum flowers in Australia. Annual Missouri Botanic Gardens, 75, 84-852.",S04,Anderson_1988,S,1,1,0,1,0,1,NA,NA
Solanum,dioicum,Solanum dioicum,Solanaceae,Lipotriches (Austronomia) flavoviridis,Lipotriches,Austronomia,flavoviridis,Halictidae,Nomiinae,NA,Insecta,Hymenoptera,1,WA,NW Halls Creek (site 4),NA,NA,NA,NA,1979 - 1980,"Anderson, G. J., & Symon, D. (1988). Insect foracers on Solanum flowers in Australia. Annual Missouri Botanic Gardens, 75, 84-852.",S04,Anderson_1988,S,1,1,0,1,0,1,NA,NA
Solanum,dioicum,Solanum dioicum,Solanaceae,Lipotriches (Austronomia) flavoviridis,Lipotriches,Austronomia,flavoviridis,Halictidae,Nomiinae,NA,Insecta,Hymenoptera,2,WA,"between Derby, Halls Creek and Kalumburu (site 6)",NA,NA,NA,NA,1979 - 1980,"Anderson, G. J., & Symon, D. (1988). Insect foracers on Solanum flowers in Australia. Annual Missouri Botanic Gardens, 75, 84-852.",S04,Anderson_1988,S,1,1,0,1,0,1,NA,NA
Solanum,dioicum,Solanum dioicum,Solanaceae,Lipotriches (Austronomia) flavoviridis,Lipotriches,Austronomia,flavoviridis,Halictidae,Nomiinae,NA,Insecta,Hymenoptera,5,WA,"between Derby, Halls Creek and Kalumburu (site 16)",NA,NA,NA,NA,1979 - 1980,"Anderson, G. J., & Symon, D. (1988). Insect foracers on Solanum flowers in Australia. Annual Missouri Botanic Gardens, 75, 84-852.",S04,Anderson_1988,S,1,1,0,1,0,1,NA,NA
Solanum,diversiflorum,Solanum diversiflorum,Solanaceae,Lipotriches (Austronomia) flavoviridis,Lipotriches,Austronomia,flavoviridis,Halictidae,Nomiinae,NA,Insecta,Hymenoptera,6,WA,Between Derby and Halls Creek (site 5),NA,NA,NA,NA,1979 - 1980,"Anderson, G. J., & Symon, D. (1988). Insect foracers on Solanum flowers in Australia. Annual Missouri Botanic Gardens, 75, 84-852.",S04,Anderson_1988,S,1,1,0,1,0,1,NA,NA
Solanum,eburneum,Solanum eburneum,Solanaceae,Lipotriches (Austronomia) flavoviridis,Lipotriches,Austronomia,flavoviridis,Halictidae,Nomiinae,NA,Insecta,Hymenoptera,3,NT,NT/WA border (site 29),NA,NA,NA,NA,1979 - 1980,"Anderson, G. J., & Symon, D. (1988). Insect foracers on Solanum flowers in Australia. Annual Missouri Botanic Gardens, 75, 84-852.",S04,Anderson_1988,S,1,1,0,1,0,1,NA,NA
Solanum,eburneum,Solanum eburneum,Solanaceae,Lipotriches (Austronomia) flavoviridis,Lipotriches,Austronomia,flavoviridis,Halictidae,Nomiinae,NA,Insecta,Hymenoptera,4,NT,S Darwin (site 31),NA,NA,NA,NA,1979 - 1980,"Anderson, G. J., & Symon, D. (1988). Insect foracers on Solanum flowers in Australia. Annual Missouri Botanic Gardens, 75, 84-852.",S04,Anderson_1988,S,1,1,0,1,0,1,NA,NA
Solanum,ellipticum,Solanum ellipticum,Solanaceae,Lipotriches (Austronomia) flavoviridis,Lipotriches,Austronomia,flavoviridis,Halictidae,Nomiinae,NA,Insecta,Hymenoptera,1,SA,north Adelaide (site 37),NA,NA,NA,NA,1979 - 1980,"Anderson, G. J., & Symon, D. (1988). Insect foracers on Solanum flowers in Australia. Annual Missouri Botanic Gardens, 75, 84-852.",S04,Anderson_1988,S,1,1,0,1,0,1,NA,NA
Solanum,esuriole,Solanum esuriole,Solanaceae,Lipotriches (Austronomia) flavoviridis,Lipotriches,Austronomia,flavoviridis,Halictidae,Nomiinae,NA,Insecta,Hymenoptera,1,SA,NE Adelaide (site 35),NA,NA,NA,NA,1979 - 1980,"Anderson, G. J., & Symon, D. (1988). Insect foracers on Solanum flowers in Australia. Annual Missouri Botanic Gardens, 75, 84-852.",S04,Anderson_1988,S,1,1,0,1,0,1,NA,NA
Solanum,lucani,Solanum lucani,Solanaceae,Lipotriches (Austronomia) flavoviridis,Lipotriches,Austronomia,flavoviridis,Halictidae,Nomiinae,NA,Insecta,Hymenoptera,1,WA,Halls Head (site 24),NA,NA,NA,NA,1979 - 1980,"Anderson, G. J., & Symon, D. (1988). Insect foracers on Solanum flowers in Australia. Annual Missouri Botanic Gardens, 75, 84-852.",S04,Anderson_1988,S,1,1,0,1,0,1,NA,NA
Solanum,lucani,Solanum lucani,Solanaceae,Lipotriches (Austronomia) flavoviridis,Lipotriches,Austronomia,flavoviridis,Halictidae,Nomiinae,NA,Insecta,Hymenoptera,1,NT,S Darwin (site 33),NA,NA,NA,NA,1979 - 1980,"Anderson, G. J., & Symon, D. (1988). Insect foracers on Solanum flowers in Australia. Annual Missouri Botanic Gardens, 75, 84-852.",S04,Anderson_1988,S,1,1,0,1,0,1,NA,NA
Solanum,petrophilum,Solanum petrophilum,Solanaceae,Lipotriches (Austronomia) flavoviridis,Lipotriches,Austronomia,flavoviridis,Halictidae,Nomiinae,NA,Insecta,Hymenoptera,1,SA,north Adelaide (site 37),NA,NA,NA,NA,1979 - 1980,"Anderson, G. J., & Symon, D. (1988). Insect foracers on Solanum flowers in Australia. Annual Missouri Botanic Gardens, 75, 84-852.",S04,Anderson_1988,S,1,1,0,1,0,1,NA,NA
Solanum,quadriloculatum,Solanum quadriloculatum,Solanaceae,Lipotriches (Austronomia) flavoviridis,Lipotriches,Austronomia,flavoviridis,Halictidae,Nomiinae,NA,Insecta,Hymenoptera,3,WA,Border WA/NT (site 25),NA,NA,NA,NA,1979 - 1980,"Anderson, G. J., & Symon, D. (1988). Insect foracers on Solanum flowers in Australia. Annual Missouri Botanic Gardens, 75, 84-852.",S04,Anderson_1988,S,1,1,0,1,0,1,NA,NA
Solanum,sturtianum,Solanum sturtianum,Solanaceae,Lipotriches (Austronomia) flavoviridis,Lipotriches,Austronomia,flavoviridis,Halictidae,Nomiinae,NA,Insecta,Hymenoptera,1,SA,north Adelaide (site 40),NA,NA,NA,NA,1979 - 1980,"Anderson, G. J., & Symon, D. (1988). Insect foracers on Solanum flowers in Australia. Annual Missouri Botanic Gardens, 75, 84-852.",S04,Anderson_1988,S,1,1,0,1,0,1,NA,NA
Solanum,tudununggae,Solanum tudununggae,Solanaceae,Lipotriches (Austronomia) flavoviridis,Lipotriches,Austronomia,flavoviridis,Halictidae,Nomiinae,NA,Insecta,Hymenoptera,1,WA,Kalumburu (site 26),NA,NA,NA,NA,1979 - 1980,"Anderson, G. J., & Symon, D. (1988). Insect foracers on Solanum flowers in Australia. Annual Missouri Botanic Gardens, 75, 84-852.",S04,Anderson_1988,S,1,1,0,1,0,1,NA,NA
Solanum,cunninghamii,Solanum cunninghamii,Solanaceae,Nomia (Hoplonomia) rubroviridis,Nomia,Hoplonomia,rubroviridis,Halictidae,Nomiinae,NA,Insecta,Hymenoptera,2,WA,southeast Broome (site 8),NA,NA,NA,NA,1979 - 1980,"Anderson, G. J., & Symon, D. (1988). Insect foracers on Solanum flowers in Australia. Annual Missouri Botanic Gardens, 75, 84-852.",S04,Anderson_1988,S,1,1,0,1,0,1,NA,NA
Solanum,cunninghamii,Solanum cunninghamii,Solanaceae,Nomia (Hoplonomia) rubroviridis,Nomia,Hoplonomia,rubroviridis,Halictidae,Nomiinae,NA,Insecta,Hymenoptera,2,WA,Derby (site 11),NA,NA,NA,NA,1979 - 1980,"Anderson, G. J., & Symon, D. (1988). Insect foracers on Solanum flowers in Australia. Annual Missouri Botanic Gardens, 75, 84-852.",S04,Anderson_1988,S,1,1,0,1,0,1,NA,NA
Solanum,eburneum,Solanum eburneum,Solanaceae,Nomia (Hoplonomia) rubroviridis,Nomia,Hoplonomia,rubroviridis,Halictidae,Nomiinae,NA,Insecta,Hymenoptera,2,NT,Northwest NT (site 1),NA,NA,NA,NA,1979 - 1980,"Anderson, G. J., & Symon, D. (1988). Insect foracers on Solanum flowers in Australia. Annual Missouri Botanic Gardens, 75, 84-852.",S04,Anderson_1988,S,1,1,0,1,0,1,NA,NA
Solanum,lucani,Solanum lucani,Solanaceae,Nomia (Hoplonomia) rubroviridis,Nomia,Hoplonomia,rubroviridis,Halictidae,Nomiinae,NA,Insecta,Hymenoptera,3,WA,Halls Head (site 24),NA,NA,NA,NA,1979 - 1980,"Anderson, G. J., & Symon, D. (1988). Insect foracers on Solanum flowers in Australia. Annual Missouri Botanic Gardens, 75, 84-852.",S04,Anderson_1988,S,1,1,0,1,0,1,NA,NA
Solanum,dioicum,Solanum dioicum,Solanaceae,Nomia sp.,Nomia,NA,sp.,Halictidae,Nomiinae,NA,Insecta,Hymenoptera,4,WA,"between Derby, Halls Creek and Kalumburu (site 22)",NA,NA,NA,NA,1979 - 1980,"Anderson, G. J., & Symon, D. (1988). Insect foracers on Solanum flowers in Australia. Annual Missouri Botanic Gardens, 75, 84-852.",S04,Anderson_1988,S,1,1,0,1,0,1,NA,NA
Solanum,diversiflorum,Solanum diversiflorum,Solanaceae,Nomia sp.,Nomia,NA,sp.,Halictidae,Nomiinae,NA,Insecta,Hymenoptera,1,WA,west Halls Creek (site 3),NA,NA,NA,NA,1979 - 1980,"Anderson, G. J., & Symon, D. (1988). Insect foracers on Solanum flowers in Australia. Annual Missouri Botanic Gardens, 75, 84-852.",S04,Anderson_1988,S,1,1,0,1,0,1,NA,NA
Solanum,eburneum,Solanum eburneum,Solanaceae,Xylocopa (Koptortosoma) aruana,Xylocopa,Koptortosoma,aruana,Apidae,Xylocopinae,NA,Insecta,Hymenoptera,1,NT,Northwest NT (site 31),NA,NA,NA,NA,1979 - 1980,"Anderson, G. J., & Symon, D. (1988). Insect foracers on Solanum flowers in Australia. Annual Missouri Botanic Gardens, 75, 84-852.",S04,Anderson_1988,S,1,1,0,1,0,1,NA,NA
Hibbertia,scandens,Hibbertia scandens,Dilleniaceae,"""Native bees""","""Native",NA,NA,NA,NA,NA,Insecta,Hymenoptera,?,WA,?,?,?,?,?,?,"Armstrong, J. A. (1979). Biotic pollination mechanisms in the Australian flora-a review. New Zealand
Journal of Botany 17,467-508.",S05,Armstrong_1979,O,1,?,0,0,0,0,NA,NA
Hibbertia,scandens,Hibbertia scandens,Dilleniaceae,Diphucephala rugosa,Diphucephala,NA,rugosa,Scarabaeidae,Melolonthinae,NA,Insecta,Coleoptera,?,WA,?,?,?,?,?,?,"Armstrong, J. A. (1979). Biotic pollination mechanisms in the Australian flora-a review. New Zealand
Journal of Botany 17,467-508.",S05,Armstrong_1979,O,1,?,0,0,0,0,NA,NA
Hibbertia,scandens,Hibbertia scandens,Dilleniaceae,Melangyna viridiceps,Melangyna,NA,viridiceps,Syrphidae,Syrphinae,Hoverfly,Insecta,Diptera,?,WA,?,?,?,?,?,?,"Armstrong, J. A. (1979). Biotic pollination mechanisms in the Australian flora-a review. New Zealand
Journal of Botany 17,467-508.",S05,Armstrong_1979,O,1,?,0,0,0,0,NA,NA
Hibbertia,scandens,Hibbertia scandens,Dilleniaceae,Meriphus quitatus,Meriphus,NA,quitatus,Curculionidae,Curculioninae,NA,Insecta,Coleoptera,?,WA,?,?,?,?,?,?,"Armstrong, J. A. (1979). Biotic pollination mechanisms in the Australian flora-a review. New Zealand
Journal of Botany 17,467-508.",S05,Armstrong_1979,O,1,?,0,0,0,0,NA,NA
Eucalyptus,sp.,Eucalyptus sp.,Myrtaceae,Euryglossula aeneoceps,Euryglossula,NA,aeneoceps,Colletidae,Euryglossinae,NA,Insecta,Hymenoptera,13,NT,"Cooper Creek, 19 km E by S of Mt Borradaile",12°6'S,133°4'E,5-6/6/1973,June,1973,"Batley, M. (2016). New Species of Euryglossula Michener (Apoidea: Colletidae). Records of the Australian Museum, 68(6), 245-261.",S07,Batley_2016,S,1,1,0,1,1,1,NA,NA
Eucalyptus,sp.,Eucalyptus sp.,Myrtaceae,Euryglossula aeneoceps,Euryglossula,NA,aeneoceps,Colletidae,Euryglossinae,NA,Insecta,Hymenoptera,25,WA,Napier Range,NA,NA,29/5/1981,May,1981,"Batley, M. (2016). New Species of Euryglossula Michener (Apoidea: Colletidae). Records of the Australian Museum, 68(6), 245-261.",S07,Batley_2016,S,1,1,0,1,1,1,NA,NA
Eucalyptus,sp.,Eucalyptus sp.,Myrtaceae,Euryglossula aeneoceps,Euryglossula,NA,aeneoceps,Colletidae,Euryglossinae,NA,Insecta,Hymenoptera,1,WA,170 km E of Broome,NA,NA,21/5/1981,May,1981,"Batley, M. (2016). New Species of Euryglossula Michener (Apoidea: Colletidae). Records of the Australian Museum, 68(6), 245-261.",S07,Batley_2016,S,1,1,0,1,1,1,NA,NA
Eucalyptus,sp.,Eucalyptus sp.,Myrtaceae,Euryglossula aeneoceps,Euryglossula,NA,aeneoceps,Colletidae,Euryglossinae,NA,Insecta,Hymenoptera,8,WA,King Leopold Ranges,NA,NA,29/5/1981,May,1981,"Batley, M. (2016). New Species of Euryglossula Michener (Apoidea: Colletidae). Records of the Australian Museum, 68(6), 245-261.",S07,Batley_2016,S,1,1,0,1,1,1,NA,NA
Eremophila,deserti,Eremophila deserti,Scrophulariaceae,Euryglossula elizabethae,Euryglossula,NA,elizabethae,Colletidae,Euryglossinae,NA,Insecta,Hymenoptera,3,VIC,5 km W Hattah-Kulkyne NP,34.762°S,42.292°E,5/11/2003,Nov,2003,"Batley, M. (2016). New Species of Euryglossula Michener (Apoidea: Colletidae). Records of the Australian Museum, 68(6), 245-261.",S07,Batley_2016,S,1,1,0,1,1,1,NA,NA
Eremophila,deserti,Eremophila deserti,Scrophulariaceae,Euryglossula elizabethae,Euryglossula,NA,elizabethae,Colletidae,Euryglossinae,NA,Insecta,Hymenoptera,18,VIC,5 km W Hattah-Kulkyne NP,34.762°S,42.292°E,5/11/2003,Nov,2003,"Batley, M. (2016). New Species of Euryglossula Michener (Apoidea: Colletidae). Records of the Australian Museum, 68(6), 245-261.",S07,Batley_2016,S,1,1,0,1,1,1,NA,NA
Eremophila,sp.,Eremophila sp.,Scrophulariaceae,Euryglossula eremophilae,Euryglossula,NA,eremophilae,Colletidae,Euryglossinae,NA,Insecta,Hymenoptera,6,QLD,"‘Thylungra’, 100 km NW Quilpie",NA,NA,23/9/1983,Sept,1983,"Batley, M. (2016). New Species of Euryglossula Michener (Apoidea: Colletidae). Records of the Australian Museum, 68(6), 245-261.",S07,Batley_2016,S,1,1,0,1,1,1,NA,NA
Eremophila,sp.,Eremophila sp.,Scrophulariaceae,Euryglossula eremophilae,Euryglossula,NA,eremophilae,Colletidae,Euryglossinae,NA,Insecta,Hymenoptera,243,QLD,"‘Thylungra’, 100 km NW Quilpie",NA,NA,23/9/1983,Sept,1983,"Batley, M. (2016). New Species of Euryglossula Michener (Apoidea: Colletidae). Records of the Australian Museum, 68(6), 245-261.",S07,Batley_2016,S,1,1,0,1,1,1,NA,NA
Eremophila,sturtii,Eremophila sturtii,Scrophulariaceae,Euryglossula eremophilae,Euryglossula,NA,eremophilae,Colletidae,Euryglossinae,NA,Insecta,Hymenoptera,1,NSW,64 km N Bourke,29.514°S,145.817°E,3/9/2013,Sept,2013,"Batley, M. (2016). New Species of Euryglossula Michener (Apoidea: Colletidae). Records of the Australian Museum, 68(6), 245-261.",S07,Batley_2016,S,1,1,0,1,1,1,NA,NA
Eremophila,sturtii,Eremophila sturtii,Scrophulariaceae,Euryglossula eremophilae,Euryglossula,NA,eremophilae,Colletidae,Euryglossinae,NA,Insecta,Hymenoptera,2,NSW,62 km N Bourke,29.533°S,45.828°E,3/9/2013,Sept,2013,"Batley, M. (2016). New Species of Euryglossula Michener (Apoidea: Colletidae). Records of the Australian Museum, 68(6), 245-261.",S07,Batley_2016,S,1,1,0,1,1,1,NA,NA
Grevillea,sp.,Grevillea sp.,Proteaceae,Euryglossula eremophilae,Euryglossula,NA,eremophilae,Colletidae,Euryglossinae,NA,Insecta,Hymenoptera,1,QLD,10 km E Windorah,NA,NA,23/9/1983,Sept,1983,"Batley, M. (2016). New Species of Euryglossula Michener (Apoidea: Colletidae). Records of the Australian Museum, 68(6), 245-261.",S07,Batley_2016,S,1,1,0,1,1,1,NA,NA
Grevillea,sp.,Grevillea sp.,Proteaceae,Euryglossula eremophilae,Euryglossula,NA,eremophilae,Colletidae,Euryglossinae,NA,Insecta,Hymenoptera,22,QLD,15 km E Windorah,NA,NA,24/9/1983,Sept,1983,"Batley, M. (2016). New Species of Euryglossula Michener (Apoidea: Colletidae). Records of the Australian Museum, 68(6), 245-261.",S07,Batley_2016,S,1,1,0,1,1,1,NA,NA
Eucalyptus,ochrophloia,Eucalyptus ochrophloia,Myrtaceae,Euryglossula incisa,Euryglossula,NA,incisa,Colletidae,Euryglossinae,NA,Insecta,Hymenoptera,4,QLD,5 km W of Cheepie,26°38'S,144°47'E,9/9/1989,Sept,1989,"Batley, M. (2016). New Species of Euryglossula Michener (Apoidea: Colletidae). Records of the Australian Museum, 68(6), 245-261.",S07,Batley_2016,S,1,1,0,1,1,1,NA,NA
Eucalyptus,thozetiana,Eucalyptus thozetiana,Myrtaceae,Euryglossula incisa,Euryglossula,NA,incisa,Colletidae,Euryglossinae,NA,Insecta,Hymenoptera,16,QLD,13 km E of Cheepie,26°38'S,145°8'E,9/9/1989,Sept,1989,"Batley, M. (2016). New Species of Euryglossula Michener (Apoidea: Colletidae). Records of the Australian Museum, 68(6), 245-261.",S07,Batley_2016,S,1,1,0,1,1,1,NA,NA
Melaleuca,sp.,Melaleuca sp.,Myrtaceae,Euryglossula kubinensis,Euryglossula,NA,kubinensis,Colletidae,Euryglossinae,NA,Insecta,Hymenoptera,15,QLD,"5 km WSW of St Pauls, Moa (Banks) Is., Torres Strait",NA,NA,16/7/1977,July,1977,"Batley, M. (2016). New Species of Euryglossula Michener (Apoidea: Colletidae). Records of the Australian Museum, 68(6), 245-261.",S07,Batley_2016,S,1,1,0,1,1,1,NA,NA
Eucalyptus,terminalis,Eucalyptus terminalis,Myrtaceae,Euryglossula laticeps,Euryglossula,NA,laticeps,Colletidae,Euryglossinae,NA,Insecta,Hymenoptera,11,QLD,15 km W of Windorah,NA,NA,24/9/1983,Sept,1983,"Batley, M. (2016). New Species of Euryglossula Michener (Apoidea: Colletidae). Records of the Australian Museum, 68(6), 245-261.",S07,Batley_2016,S,1,1,0,1,1,1,NA,NA
Corymbia,terminalis,Corymbia terminalis,Myrtaceae,Euryglossula pallida,Euryglossula,NA,pallida,Colletidae,Euryglossinae,NA,Insecta,Hymenoptera,17,NT,6 km NE of Barkly Roadhouse,19.6693°S,135.8577°E,7/8/2012,Aug,2012,"Batley, M. (2016). New Species of Euryglossula Michener (Apoidea: Colletidae). Records of the Australian Museum, 68(6), 245-261.",S07,Batley_2016,S,1,1,0,1,1,1,NA,NA
Corymbia,terminalis,Corymbia terminalis,Myrtaceae,Euryglossula pallida,Euryglossula,NA,pallida,Colletidae,Euryglossinae,NA,Insecta,Hymenoptera,4,NT,4 km NE of Barkly Roadhouse,19.681°S,135.849°E,7/5/2008,May,2008,"Batley, M. (2016). New Species of Euryglossula Michener (Apoidea: Colletidae). Records of the Australian Museum, 68(6), 245-261.",S07,Batley_2016,S,1,1,0,1,1,1,NA,NA
Corymbia,terminalis,Corymbia terminalis,Myrtaceae,Euryglossula pallida,Euryglossula,NA,pallida,Colletidae,Euryglossinae,NA,Insecta,Hymenoptera,5,NT,Elliot,17.562°S,133.558°E,13/5/2008,May,2008,"Batley, M. (2016). New Species of Euryglossula Michener (Apoidea: Colletidae). Records of the Australian Museum, 68(6), 245-261.",S07,Batley_2016,S,1,1,0,1,1,1,NA,NA
Corymbia,terminalis,Corymbia terminalis,Myrtaceae,Euryglossula pallida,Euryglossula,NA,pallida,Colletidae,Euryglossinae,NA,Insecta,Hymenoptera,4,NT,7 km NW Barkly Roadhouse,19.670°S,135.768°E,14/5/2008,May,2008,"Batley, M. (2016). New Species of Euryglossula Michener (Apoidea: Colletidae). Records of the Australian Museum, 68(6), 245-261.",S07,Batley_2016,S,1,1,0,1,1,1,NA,NA
Eucalyptus,sp.,Eucalyptus sp.,Myrtaceae,Euryglossula pallida,Euryglossula,NA,pallida,Colletidae,Euryglossinae,NA,Insecta,Hymenoptera,16,QLD,"‘Talawanta’, 80 km SE of Burketown",NA,NA,24/5/1972,May,1972,"Batley, M. (2016). New Species of Euryglossula Michener (Apoidea: Colletidae). Records of the Australian Museum, 68(6), 245-261.",S07,Batley_2016,S,1,1,0,1,1,1,NA,NA
Calytrix,longiflora,Calytrix longiflora,Myrtaceae,Euryglossula pinnulata,Euryglossula,NA,pinnulata,Colletidae,Euryglossinae,NA,Insecta,Hymenoptera,41,QLD,19 km S Charleville,26.565°S,"146.200°E,",6/9/2013,Sept,2013,"Batley, M. (2016). New Species of Euryglossula Michener (Apoidea: Colletidae). Records of the Australian Museum, 68(6), 245-261.",S07,Batley_2016,S,1,1,0,1,1,1,NA,NA
Corymbia,terminalis,Corymbia terminalis,Myrtaceae,Euryglossula purpurea,Euryglossula,NA,purpurea,Colletidae,Euryglossinae,NA,Insecta,Hymenoptera,22,NT,7 km NW Barkly Roadhouse,19.670°S,135.768°E,14/5/2008,May,2008,"Batley, M. (2016). New Species of Euryglossula Michener (Apoidea: Colletidae). Records of the Australian Museum, 68(6), 245-261.",S07,Batley_2016,S,1,1,0,1,1,1,NA,NA
Corymbia,terminalis,Corymbia terminalis,Myrtaceae,Euryglossula purpurea,Euryglossula,NA,purpurea,Colletidae,Euryglossinae,NA,Insecta,Hymenoptera,5,NT,4 km NE of Barkly Roadhouse,19.681°S,135.849°E,7/5/2008,May,2008,"Batley, M. (2016). New Species of Euryglossula Michener (Apoidea: Colletidae). Records of the Australian Museum, 68(6), 245-261.",S07,Batley_2016,S,1,1,0,1,1,1,NA,NA
Corymbia,terminalis,Corymbia terminalis,Myrtaceae,Euryglossula purpurea,Euryglossula,NA,purpurea,Colletidae,Euryglossinae,NA,Insecta,Hymenoptera,9,NT,6 km NE of Barkly Roadhouse,19.6693°S,135.8577°E,7/8/2012,Aug,2012,"Batley, M. (2016). New Species of Euryglossula Michener (Apoidea: Colletidae). Records of the Australian Museum, 68(6), 245-261.",S07,Batley_2016,S,1,1,0,1,1,1,NA,NA
Corymbia,terminalis,Corymbia terminalis,Myrtaceae,Euryglossula purpurea,Euryglossula,NA,purpurea,Colletidae,Euryglossinae,NA,Insecta,Hymenoptera,3,NT,Elliot,17.562°S,133.558°E,13/5/2008,May,2008,"Batley, M. (2016). New Species of Euryglossula Michener (Apoidea: Colletidae). Records of the Australian Museum, 68(6), 245-261.",S07,Batley_2016,S,1,1,0,1,1,1,NA,NA
Corymbia,terminalis,Corymbia terminalis,Myrtaceae,Euryglossula purpurea,Euryglossula,NA,purpurea,Colletidae,Euryglossinae,NA,Insecta,Hymenoptera,1,NT,Avon Downs,20.026°S,137.489°E,7/8/2007,Aug,2007,"Batley, M. (2016). New Species of Euryglossula Michener (Apoidea: Colletidae). Records of the Australian Museum, 68(6), 245-261.",S07,Batley_2016,S,1,1,0,1,1,1,NA,NA
Corymbia,terminalis,Corymbia terminalis,Myrtaceae,Euryglossula purpurea,Euryglossula,NA,purpurea,Colletidae,Euryglossinae,NA,Insecta,Hymenoptera,1,QLD,10 km E Camooweal,19.920°S,138.202°E,20/8/2007,Aug,2007,"Batley, M. (2016). New Species of Euryglossula Michener (Apoidea: Colletidae). Records of the Australian Museum, 68(6), 245-261.",S07,Batley_2016,S,1,1,0,1,1,1,NA,NA
Eucalyptus,sp.,Eucalyptus sp.,Myrtaceae,Euryglossula purpurea,Euryglossula,NA,purpurea,Colletidae,Euryglossinae,NA,Insecta,Hymenoptera,15,WA,Napier Range,NA,NA,29/5/1981,May,1981,"Batley, M. (2016). New Species of Euryglossula Michener (Apoidea: Colletidae). Records of the Australian Museum, 68(6), 245-261.",S07,Batley_2016,S,1,1,0,1,1,1,NA,NA
Eucalyptus,sp.,Eucalyptus sp.,Myrtaceae,Euryglossula purpurea,Euryglossula,NA,purpurea,Colletidae,Euryglossinae,NA,Insecta,Hymenoptera,18,WA,170 km E of Broome,NA,NA,21/5/1981,May,1981,"Batley, M. (2016). New Species of Euryglossula Michener (Apoidea: Colletidae). Records of the Australian Museum, 68(6), 245-261.",S07,Batley_2016,S,1,1,0,1,1,1,NA,NA
Corymbia,terminalis,Corymbia terminalis,Myrtaceae,Euryglossula scalaris,Euryglossula,NA,scalaris,Colletidae,Euryglossinae,NA,Insecta,Hymenoptera,6,NT,6 km NE of Barkly Roadhouse,19.6693°S,135.8577°E,7/8/2012,Aug,2012,"Batley, M. (2016). New Species of Euryglossula Michener (Apoidea: Colletidae). Records of the Australian Museum, 68(6), 245-261.",S07,Batley_2016,S,1,1,0,1,1,1,NA,NA
Corymbia,terminalis,Corymbia terminalis,Myrtaceae,Euryglossula scalaris,Euryglossula,NA,scalaris,Colletidae,Euryglossinae,NA,Insecta,Hymenoptera,10,NT,4 km NE of Barkly Roadhouse,19.681°S,135.849°E,7/5/2008,May,2008,"Batley, M. (2016). New Species of Euryglossula Michener (Apoidea: Colletidae). Records of the Australian Museum, 68(6), 245-261.",S07,Batley_2016,S,1,1,0,1,1,1,NA,NA
Corymbia,terminalis,Corymbia terminalis,Myrtaceae,Euryglossula scalaris,Euryglossula,NA,scalaris,Colletidae,Euryglossinae,NA,Insecta,Hymenoptera,5,NT,Elliot,17.562°S,133.558°E,13/5/2008,May,2008,"Batley, M. (2016). New Species of Euryglossula Michener (Apoidea: Colletidae). Records of the Australian Museum, 68(6), 245-261.",S07,Batley_2016,S,1,1,0,1,1,1,NA,NA
Corymbia,terminalis,Corymbia terminalis,Myrtaceae,Euryglossula scalaris,Euryglossula,NA,scalaris,Colletidae,Euryglossinae,NA,Insecta,Hymenoptera,1,NT,7 km NW Barkly Roadhouse,19.670°S,135.768°E,14/5/2008,May,2008,"Batley, M. (2016). New Species of Euryglossula Michener (Apoidea: Colletidae). Records of the Australian Museum, 68(6), 245-261.",S07,Batley_2016,S,1,1,0,1,1,1,NA,NA
Corymbia,terminalis,Corymbia terminalis,Myrtaceae,Euryglossula scalaris,Euryglossula,NA,scalaris,Colletidae,Euryglossinae,NA,Insecta,Hymenoptera,1,QLD,10 km E Camooweal,19.920°S,138.202°E,20/8/2007,Aug,2007,"Batley, M. (2016). New Species of Euryglossula Michener (Apoidea: Colletidae). Records of the Australian Museum, 68(6), 245-261.",S07,Batley_2016,S,1,1,0,1,1,1,NA,NA
Eucalyptus,sp.,Eucalyptus sp.,Myrtaceae,Euryglossula scalaris,Euryglossula,NA,scalaris,Colletidae,Euryglossinae,NA,Insecta,Hymenoptera,3,WA,170 km E of Broome,NA,NA,21/5/1981,May,1981,"Batley, M. (2016). New Species of Euryglossula Michener (Apoidea: Colletidae). Records of the Australian Museum, 68(6), 245-261.",S07,Batley_2016,S,1,1,0,1,1,1,NA,NA
Syzygium,eucalyptoides,Syzygium eucalyptoides,Myrtaceae,Euryglossula storeyi,Euryglossula,NA,storeyi,Colletidae,Euryglossinae,NA,Insecta,Hymenoptera,4,QLD,"Walsh River, via Chillagoe",NA,NA,28/10/1976,Oct,1976,"Batley, M. (2016). New Species of Euryglossula Michener (Apoidea: Colletidae). Records of the Australian Museum, 68(6), 245-261.",S07,Batley_2016,S,1,1,0,1,1,1,NA,NA
Bauhinia,carronii,Bauhinia carronii,Myrtaceae,Euryglossula variepicta,Euryglossula,NA,variepicta,Colletidae,Euryglossinae,NA,Insecta,Hymenoptera,1,QLD,Blackall,NA,NA,28/10/1968,Oct,1986,"Batley, M. (2016). New Species of Euryglossula Michener (Apoidea: Colletidae). Records of the Australian Museum, 68(6), 245-261.",S07,Batley_2016,S,1,1,0,1,1,1,NA,NA
Bauhinia,cunninghamii,Bauhinia cunninghamii,Myrtaceae,Euryglossula variepicta,Euryglossula,NA,variepicta,Colletidae,Euryglossinae,NA,Insecta,Hymenoptera,2,WA,13 km E of Streely Creek Bridge,20.31°S,119.33°E,24/8/2005,Aug,2005,"Batley, M. (2016). New Species of Euryglossula Michener (Apoidea: Colletidae). Records of the Australian Museum, 68(6), 245-261.",S07,Batley_2016,S,1,1,0,1,1,1,NA,NA
Daviesia,latifolia,Daviesia latifolia,Fabaceae,Trichocolletes aeratus,Trichocolletes,NA,aeratus,Colletidae,Neopasiphaeinae,NA,Insect,Hymenoptera,1,NSW,14 km E Coonabarrabran,(31.2133°S,149.4022°E),8/10/2008,Oct,2008,"Batley, M., & Houston, T. F. (2012). Revision of the Australian bee genus Trichocolletes Cockerell (Hymenoptera: Colletidae: Paracolletini). Records of the Australian Museum, 64, 1-50.",S08,Batley_2012,S,1,1,0,1,1,1,NA,NA
Daviesia,leptophylla,Daviesia leptophylla,Fabaceae,Trichocolletes aeratus,Trichocolletes,NA,aeratus,Colletidae,Neopasiphaeinae,NA,Insect,Hymenoptera,1,NSW,Napoleon Reef,33.4172°S,149.7492°E,7/11/2005,Nov,2005,"Batley, M., & Houston, T. F. (2012). Revision of the Australian bee genus Trichocolletes Cockerell (Hymenoptera: Colletidae: Paracolletini). Records of the Australian Museum, 64, 1-50.",S08,Batley_2012,S,1,1,0,1,1,1,NA,NA
Daviesia,mimosoides,Daviesia mimosoides,Fabaceae,Trichocolletes aeratus,Trichocolletes,NA,aeratus,Colletidae,Neopasiphaeinae,NA,Insect,Hymenoptera,1,NSW,Bilpin,33.4814°S,150.5480°E,21/9/2005,Sept,2005,"Batley, M., & Houston, T. F. (2012). Revision of the Australian bee genus Trichocolletes Cockerell (Hymenoptera: Colletidae: Paracolletini). Records of the Australian Museum, 64, 1-50.",S08,Batley_2012,S,1,1,0,1,1,1,NA,NA
Daviesia,mimosoides,Daviesia mimosoides,Fabaceae,Trichocolletes aeratus,Trichocolletes,NA,aeratus,Colletidae,Neopasiphaeinae,NA,Insect,Hymenoptera,1,ACT,Black Mountain,35.2633°S,149.0875°E,1/10/2006,Oct,2006,"Batley, M., & Houston, T. F. (2012). Revision of the Australian bee genus Trichocolletes Cockerell (Hymenoptera: Colletidae: Paracolletini). Records of the Australian Museum, 64, 1-50.",S08,Batley_2012,S,1,1,0,1,1,1,NA,NA
Daviesia,mimosoides,Daviesia mimosoides,Fabaceae,Trichocolletes aeratus,Trichocolletes,NA,aeratus,Colletidae,Neopasiphaeinae,NA,Insect,Hymenoptera,3,NSW,Bilpin,33.4814°S,150.5480°E,9-21/09/2005,Sept,2005,"Batley, M., & Houston, T. F. (2012). Revision of the Australian bee genus Trichocolletes Cockerell (Hymenoptera: Colletidae: Paracolletini). Records of the Australian Museum, 64, 1-50.",S08,Batley_2012,S,1,1,0,1,1,1,NA,NA
Daviesia,mimosoides,Daviesia mimosoides,Fabaceae,Trichocolletes aeratus,Trichocolletes,NA,aeratus,Colletidae,Neopasiphaeinae,NA,Insect,Hymenoptera,1,NSW,Bilpin,33.4814°S,150.5480°E,12/9/2009,Sept,2009,"Batley, M., & Houston, T. F. (2012). Revision of the Australian bee genus Trichocolletes Cockerell (Hymenoptera: Colletidae: Paracolletini). Records of the Australian Museum, 64, 1-50.",S08,Batley_2012,S,1,1,0,1,1,1,NA,NA
Daviesia,mimosoides,Daviesia mimosoides,Fabaceae,Trichocolletes aeratus,Trichocolletes,NA,aeratus,Colletidae,Neopasiphaeinae,NA,Insect,Hymenoptera,2,NSW,Cunnawarra NP,33.4814°S,150.5480°E,12/9/2009,Sept,2009,"Batley, M., & Houston, T. F. (2012). Revision of the Australian bee genus Trichocolletes Cockerell (Hymenoptera: Colletidae: Paracolletini). Records of the Australian Museum, 64, 1-50.",S08,Batley_2012,S,1,1,0,1,1,1,NA,NA
Daviesia,mimosoides,Daviesia mimosoides,Fabaceae,Trichocolletes aeratus,Trichocolletes,NA,aeratus,Colletidae,Neopasiphaeinae,NA,Insect,Hymenoptera,20,NSW,1.5 km W Mongarlowe,NA,NA,23 Oct & 13 Nov 1993,Oct - Nov,1993,"Batley, M., & Houston, T. F. (2012). Revision of the Australian bee genus Trichocolletes Cockerell (Hymenoptera: Colletidae: Paracolletini). Records of the Australian Museum, 64, 1-50.",S08,Batley_2012,S,1,1,0,1,1,1,NA,NA
Daviesia,sp.,Daviesia sp.,Fabaceae,Trichocolletes aeratus,Trichocolletes,NA,aeratus,Colletidae,Neopasiphaeinae,NA,Insect,Hymenoptera,1,QLD,S of Amiens,NA,NA,27/9/2967,Sept,1967,"Batley, M., & Houston, T. F. (2012). Revision of the Australian bee genus Trichocolletes Cockerell (Hymenoptera: Colletidae: Paracolletini). Records of the Australian Museum, 64, 1-50.",S08,Batley_2012,S,1,1,0,1,1,1,NA,NA
Daviesia,sp.,Daviesia sp.,Fabaceae,Trichocolletes aeratus,Trichocolletes,NA,aeratus,Colletidae,Neopasiphaeinae,NA,Insect,Hymenoptera,1,QLD,S of Eukey,NA,NA,26/9/1967,Sept,1967,"Batley, M., & Houston, T. F. (2012). Revision of the Australian bee genus Trichocolletes Cockerell (Hymenoptera: Colletidae: Paracolletini). Records of the Australian Museum, 64, 1-50.",S08,Batley_2012,S,1,1,0,1,1,1,NA,NA
Daviesia,sp.,Daviesia sp.,Fabaceae,Trichocolletes aeratus,Trichocolletes,NA,aeratus,Colletidae,Neopasiphaeinae,NA,Insect,Hymenoptera,2,QLD,Kelvin Grove,NA,NA,14/9/1912,Sept,1912,"Batley, M., & Houston, T. F. (2012). Revision of the Australian bee genus Trichocolletes Cockerell (Hymenoptera: Colletidae: Paracolletini). Records of the Australian Museum, 64, 1-50.",S08,Batley_2012,S,1,1,0,1,1,1,NA,NA
Dillwynia,sp.,Dillwynia sp.,Fabaceae,Trichocolletes aeratus,Trichocolletes,NA,aeratus,Colletidae,Neopasiphaeinae,NA,Insect,Hymenoptera,1,NSW,Mullion Flora Res.,33.1100°S,149.1700°E,1/10/2005,Oct,2005,"Batley, M., & Houston, T. F. (2012). Revision of the Australian bee genus Trichocolletes Cockerell (Hymenoptera: Colletidae: Paracolletini). Records of the Australian Museum, 64, 1-50.",S08,Batley_2012,S,1,1,0,1,1,1,NA,NA
Hardenbergia,sp.,Hardenbergia sp.,Fabaceae,Trichocolletes aeratus,Trichocolletes,NA,aeratus,Colletidae,Neopasiphaeinae,NA,Insect,Hymenoptera,1,QLD,S of Eukey,NA,NA,26/9/1967,Sept,1967,"Batley, M., & Houston, T. F. (2012). Revision of the Australian bee genus Trichocolletes Cockerell (Hymenoptera: Colletidae: Paracolletini). Records of the Australian Museum, 64, 1-50.",S08,Batley_2012,S,1,1,0,1,1,1,NA,NA
Hardenbergia,violacea,Hardenbergia violacea,Fabaceae,Trichocolletes aeratus,Trichocolletes,NA,aeratus,Colletidae,Neopasiphaeinae,NA,Insect,Hymenoptera,2,ACT,Black Mountain,35.2633°S,149.0875°E,1/10/2006,Oct,2006,"Batley, M., & Houston, T. F. (2012). Revision of the Australian bee genus Trichocolletes Cockerell (Hymenoptera: Colletidae: Paracolletini). Records of the Australian Museum, 64, 1-50.",S08,Batley_2012,S,1,1,0,1,1,1,NA,NA
Hardenbergia,violacea,Hardenbergia violacea,Fabaceae,Trichocolletes aeratus,Trichocolletes,NA,aeratus,Colletidae,Neopasiphaeinae,NA,Insect,Hymenoptera,1,QLD,Mt Marley nr Stanthorpe,NA,NA,22/9/1995,Sept,1995,"Batley, M., & Houston, T. F. (2012). Revision of the Australian bee genus Trichocolletes Cockerell (Hymenoptera: Colletidae: Paracolletini). Records of the Australian Museum, 64, 1-50.",S08,Batley_2012,S,1,1,0,1,1,1,NA,NA
Helipterum,sp.,Helipterum sp.,Asteraceae,Trichocolletes aeratus,Trichocolletes,NA,aeratus,Colletidae,Neopasiphaeinae,NA,Insect,Hymenoptera,1,ACT,Mount Ainslie,35.2633°S,149.0875°E,21/10/1993,Oct,1993,"Batley, M., & Houston, T. F. (2012). Revision of the Australian bee genus Trichocolletes Cockerell (Hymenoptera: Colletidae: Paracolletini). Records of the Australian Museum, 64, 1-50.",S08,Batley_2012,S,1,1,0,1,1,1,NA,NA
Podolobium,ilicifolium,Podolobium ilicifolium,Fabaceae,Trichocolletes aeratus,Trichocolletes,NA,aeratus,Colletidae,Neopasiphaeinae,NA,Insect,Hymenoptera,1,NSW,Cunnawarra NP,33.4814°S,150.5480°E,12/9/2009,Sept,2009,"Batley, M., & Houston, T. F. (2012). Revision of the Australian bee genus Trichocolletes Cockerell (Hymenoptera: Colletidae: Paracolletini). Records of the Australian Museum, 64, 1-50.",S08,Batley_2012,S,1,1,0,1,1,1,NA,NA
Pultenaea,sp.,Pultenaea sp.,Fabaceae,Trichocolletes aeratus,Trichocolletes,NA,aeratus,Colletidae,Neopasiphaeinae,NA,Insect,Hymenoptera,2,NSW,12 km S Mount Canobolas,33.4208°S,148.9156°E,12/10/2008,Oct,2008,"Batley, M., & Houston, T. F. (2012). Revision of the Australian bee genus Trichocolletes Cockerell (Hymenoptera: Colletidae: Paracolletini). Records of the Australian Museum, 64, 1-50.",S08,Batley_2012,S,1,1,0,1,1,1,NA,NA
Daviesia,genistifolia,Daviesia genistifolia,Fabaceae,Trichocolletes albigenae,Trichocolletes,NA,albigenae,Colletidae,Neopasiphaeinae,NA,Insect,Hymenoptera,16,NSW,Doyles Creek,32.5219°S,150.7972°E,"19 - 22/08/2005, 16/08/2006",Aug,2005 & 2006,"Batley, M., & Houston, T. F. (2012). Revision of the Australian bee genus Trichocolletes Cockerell (Hymenoptera: Colletidae: Paracolletini). Records of the Australian Museum, 64, 1-50.",S08,Batley_2012,S,1,1,0,1,1,1,NA,NA
Daviesia,genistifolia,Daviesia genistifolia,Fabaceae,Trichocolletes albigenae,Trichocolletes,NA,albigenae,Colletidae,Neopasiphaeinae,NA,Insect,Hymenoptera,2,NSW,Doyles Creek,32.5219°S,150.7972°E,28/8/2006,Aug,2006,"Batley, M., & Houston, T. F. (2012). Revision of the Australian bee genus Trichocolletes Cockerell (Hymenoptera: Colletidae: Paracolletini). Records of the Australian Museum, 64, 1-50.",S08,Batley_2012,S,1,1,0,1,1,1,NA,NA
Daviesia,genistifolia,Daviesia genistifolia,Fabaceae,Trichocolletes albigenae,Trichocolletes,NA,albigenae,Colletidae,Neopasiphaeinae,NA,Insect,Hymenoptera,1,NSW,Pulletop NR,33.9656°S,146.0842°E,26/9/2010,Sept,2010,"Batley, M., & Houston, T. F. (2012). Revision of the Australian bee genus Trichocolletes Cockerell (Hymenoptera: Colletidae: Paracolletini). Records of the Australian Museum, 64, 1-50.",S08,Batley_2012,S,1,1,0,1,1,1,NA,NA
Daviesia,genistifolia,Daviesia genistifolia,Fabaceae,Trichocolletes albigenae,Trichocolletes,NA,albigenae,Colletidae,Neopasiphaeinae,NA,Insect,Hymenoptera,2,NSW,24 km SE Wollar,32.5547°S,150.0119°E,26/8/2006,Sept,2006,"Batley, M., & Houston, T. F. (2012). Revision of the Australian bee genus Trichocolletes Cockerell (Hymenoptera: Colletidae: Paracolletini). Records of the Australian Museum, 64, 1-50.",S08,Batley_2012,S,1,1,0,1,1,1,NA,NA
Dillwynia,sp.,Dillwynia sp.,Fabaceae,Trichocolletes albigenae,Trichocolletes,NA,albigenae,Colletidae,Neopasiphaeinae,NA,Insect,Hymenoptera,2,SA,Pinnaroo,35.5539°S,140.7614°E,7/10/2003,Oct,2003,"Batley, M., & Houston, T. F. (2012). Revision of the Australian bee genus Trichocolletes Cockerell (Hymenoptera: Colletidae: Paracolletini). Records of the Australian Museum, 64, 1-50.",S08,Batley_2012,S,1,1,0,1,1,1,NA,NA
Templetonia,sulcata,Templetonia sulcata,Fabaceae,Trichocolletes albigenae,Trichocolletes,NA,albigenae,Colletidae,Neopasiphaeinae,NA,Insect,Hymenoptera,2,NSW,Pulletop NR,33.9656°S,146.0842°E,1/9/2009,Sept,2009,"Batley, M., & Houston, T. F. (2012). Revision of the Australian bee genus Trichocolletes Cockerell (Hymenoptera: Colletidae: Paracolletini). Records of the Australian Museum, 64, 1-50.",S08,Batley_2012,S,1,1,0,1,1,1,NA,NA
Baeckea,stowardii,Baeckea stowardii,Myrtaceae,Trichocolletes aureotinctus,Trichocolletes,NA,aureotinctus,Colletidae,Neopasiphaeinae,NA,Insect,Hymenoptera,2,WA,"12.5 km ENE
Anketell",NA,NA,6-7/9/1981,Sept,1981,"Batley, M., & Houston, T. F. (2012). Revision of the Australian bee genus Trichocolletes Cockerell (Hymenoptera: Colletidae: Paracolletini). Records of the Australian Museum, 64, 1-50.",S08,Batley_2012,S,1,1,0,1,1,1,NA,NA
Dampiera,sp.,Dampiera sp.,Goodeniaceae,Trichocolletes aureotinctus,Trichocolletes,NA,aureotinctus,Colletidae,Neopasiphaeinae,NA,Insect,Hymenoptera,1,WA,32 km N Mingenew,NA,NA,14/9/1987,Sept,1987,"Batley, M., & Houston, T. F. (2012). Revision of the Australian bee genus Trichocolletes Cockerell (Hymenoptera: Colletidae: Paracolletini). Records of the Australian Museum, 64, 1-50.",S08,Batley_2012,S,1,1,0,1,1,1,NA,NA
Daviesia,grahami,Daviesia aff. grahami,Fabaceae,Trichocolletes aureotinctus,Trichocolletes,NA,aureotinctus,Colletidae,Neopasiphaeinae,NA,Insect,Hymenoptera,8,WA,37 km NE Laverton,NA,NA,10-12/09/1982,Sept,1982,"Batley, M., & Houston, T. F. (2012). Revision of the Australian bee genus Trichocolletes Cockerell (Hymenoptera: Colletidae: Paracolletini). Records of the Australian Museum, 64, 1-50.",S08,Batley_2012,S,1,1,0,1,1,1,NA,NA
Daviesia,grahami,Daviesia grahami,Fabaceae,Trichocolletes aureotinctus,Trichocolletes,NA,aureotinctus,Colletidae,Neopasiphaeinae,NA,Insect,Hymenoptera,2,WA,30 km W Sandstone,NA,NA,7/9/1981,Sept,1981,"Batley, M., & Houston, T. F. (2012). Revision of the Australian bee genus Trichocolletes Cockerell (Hymenoptera: Colletidae: Paracolletini). Records of the Australian Museum, 64, 1-50.",S08,Batley_2012,S,1,1,0,1,1,1,NA,NA
Kennedia,nematoclada,Kennedia nematoclada,Fabaceae,Trichocolletes aureotinctus,Trichocolletes,NA,aureotinctus,Colletidae,Neopasiphaeinae,NA,Insect,Hymenoptera,7,WA,37 km NE Laverton,NA,NA,10-12/09/1982,Sept,1982,"Batley, M., & Houston, T. F. (2012). Revision of the Australian bee genus Trichocolletes Cockerell (Hymenoptera: Colletidae: Paracolletini). Records of the Australian Museum, 64, 1-50.",S08,Batley_2012,S,1,1,0,1,1,1,NA,NA
Swainsona,sp.,Swainsona sp.,Fabaceae,Trichocolletes aureotinctus,Trichocolletes,NA,aureotinctus,Colletidae,Neopasiphaeinae,NA,Insect,Hymenoptera,1,WA,34 km ENE Cosmo Newberry Mission,NA,NA,12/9/1982,Sept,1982,"Batley, M., & Houston, T. F. (2012). Revision of the Australian bee genus Trichocolletes Cockerell (Hymenoptera: Colletidae: Paracolletini). Records of the Australian Museum, 64, 1-50.",S08,Batley_2012,S,1,1,0,1,1,1,NA,NA
Indigofera,georgei,Indigofera georgei,Fabaceae,Trichocolletes brunilabrum,Trichocolletes,NA,brunilabrum,Colletidae,Neopasiphaeinae,NA,Insect,Hymenoptera,3,WA,30 km NW Lorna Glen HS,NA,NA,10/8/1983,Aug,1983,"Batley, M., & Houston, T. F. (2012). Revision of the Australian bee genus Trichocolletes Cockerell (Hymenoptera: Colletidae: Paracolletini). Records of the Australian Museum, 64, 1-50.",S08,Batley_2012,S,1,1,0,1,1,1,NA,NA
Swainsona,sp.,Swainsona sp.,Fabaceae,Trichocolletes brunilabrum,Trichocolletes,NA,brunilabrum,Colletidae,Neopasiphaeinae,NA,Insect,Hymenoptera,4,WA,7 km N Wongawol HS,NA,NA,29-30/07/1983,July,1987,"Batley, M., & Houston, T. F. (2012). Revision of the Australian bee genus Trichocolletes Cockerell (Hymenoptera: Colletidae: Paracolletini). Records of the Australian Museum, 64, 1-50.",S08,Batley_2012,S,1,1,0,1,1,1,NA,NA
Swainsona,sp.,Swainsona sp.,Fabaceae,Trichocolletes brunilabrum,Trichocolletes,NA,brunilabrum,Colletidae,Neopasiphaeinae,NA,Insect,Hymenoptera,1,WA,"13 km WSW
Hamelin",NA,NA,23/8/1981,Aug,1981,"Batley, M., & Houston, T. F. (2012). Revision of the Australian bee genus Trichocolletes Cockerell (Hymenoptera: Colletidae: Paracolletini). Records of the Australian Museum, 64, 1-50.",S08,Batley_2012,S,1,1,0,1,1,1,NA,NA
Swainsona,sp.,Swainsona sp.,Fabaceae,Trichocolletes brunilabrum,Trichocolletes,NA,brunilabrum,Colletidae,Neopasiphaeinae,NA,Insect,Hymenoptera,3,WA,31 km ESE Minnie Creek HS,NA,NA,2/9/1980,Sept,1980,"Batley, M., & Houston, T. F. (2012). Revision of the Australian bee genus Trichocolletes Cockerell (Hymenoptera: Colletidae: Paracolletini). Records of the Australian Museum, 64, 1-50.",S08,Batley_2012,S,1,1,0,1,1,1,NA,NA
Daviesia,sp.,Daviesia sp.,Fabaceae,Trichocolletes capillosus,Trichocolletes,NA,capillosus,Colletidae,Neopasiphaeinae,NA,Insect,Hymenoptera,1,WA,11 mi N of New Norcia,NA,NA,18/9/1971,Sept,1971,"Batley, M., & Houston, T. F. (2012). Revision of the Australian bee genus Trichocolletes Cockerell (Hymenoptera: Colletidae: Paracolletini). Records of the Australian Museum, 64, 1-50.",S08,Batley_2012,S,1,1,0,1,1,1,NA,NA
Gastrolobium,crassifolium,Gastrolobium crassifolium,Fabaceae,Trichocolletes capillosus,Trichocolletes,NA,capillosus,Colletidae,Neopasiphaeinae,NA,Insect,Hymenoptera,1,WA,14 km NW Narrogin,32.8761°S,17.0425°E,9/10/2009,Oct,2009,"Batley, M., & Houston, T. F. (2012). Revision of the Australian bee genus Trichocolletes Cockerell (Hymenoptera: Colletidae: Paracolletini). Records of the Australian Museum, 64, 1-50.",S08,Batley_2012,S,1,1,0,1,1,1,NA,NA
Gastrolobium,sp.,Gastrolobium sp.,Fabaceae,Trichocolletes capillosus,Trichocolletes,NA,capillosus,Colletidae,Neopasiphaeinae,NA,Insect,Hymenoptera,1,WA,15 km N Westonia,NA,NA,19/9/2004,Sept,2004,"Batley, M., & Houston, T. F. (2012). Revision of the Australian bee genus Trichocolletes Cockerell (Hymenoptera: Colletidae: Paracolletini). Records of the Australian Museum, 64, 1-50.",S08,Batley_2012,S,1,1,0,1,1,1,NA,NA
Pultenaea,sp.,Pultenaea sp.,Fabaceae,Trichocolletes capillosus,Trichocolletes,NA,capillosus,Colletidae,Neopasiphaeinae,NA,Insect,Hymenoptera,1,WA,11 mi N of New Norcia,NA,NA,18/9/1971,Sept,1971,"Batley, M., & Houston, T. F. (2012). Revision of the Australian bee genus Trichocolletes Cockerell (Hymenoptera: Colletidae: Paracolletini). Records of the Australian Museum, 64, 1-50.",S08,Batley_2012,S,1,1,0,1,1,1,NA,NA
Baeckea,stowardii,Baeckea stowardii,Myrtaceae,Trichocolletes centralis,Trichocolletes,NA,centralis,Colletidae,Neopasiphaeinae,NA,Insect,Hymenoptera,1,WA,28 km WSW Lenister,NA,NA,11/8/1983,Aug,1983,"Batley, M., & Houston, T. F. (2012). Revision of the Australian bee genus Trichocolletes Cockerell (Hymenoptera: Colletidae: Paracolletini). Records of the Australian Museum, 64, 1-50.",S08,Batley_2012,S,1,1,0,1,1,1,NA,NA
Crotalaria,sp.,Crotalaria sp.,Fabaceae,Trichocolletes centralis,Trichocolletes,NA,centralis,Colletidae,Neopasiphaeinae,NA,Insect,Hymenoptera,6,SA,Simpson desert,NA,NA,15-18/9/1971,Sept,1971,"Batley, M., & Houston, T. F. (2012). Revision of the Australian bee genus Trichocolletes Cockerell (Hymenoptera: Colletidae: Paracolletini). Records of the Australian Museum, 64, 1-50.",S08,Batley_2012,S,1,1,0,1,1,1,NA,NA
Crotolaria,eremaea,Crotolaria eremaea,Fabaceae,Trichocolletes centralis,Trichocolletes,NA,centralis,Colletidae,Neopasiphaeinae,NA,Insect,Hymenoptera,9,QLD,70 mi NW Quilpie,NA,NA,17/8/1968,Aug,1968,"Batley, M., & Houston, T. F. (2012). Revision of the Australian bee genus Trichocolletes Cockerell (Hymenoptera: Colletidae: Paracolletini). Records of the Australian Museum, 64, 1-50.",S08,Batley_2012,S,1,1,0,1,1,1,NA,NA
Daviesia,grahami,Daviesia grahami,Fabaceae,Trichocolletes centralis,Trichocolletes,NA,centralis,Colletidae,Neopasiphaeinae,NA,Insect,Hymenoptera,1,WA,30 km W Sandstone,27°59'S,119°18'E,17/9/1981,Sept,1981,"Batley, M., & Houston, T. F. (2012). Revision of the Australian bee genus Trichocolletes Cockerell (Hymenoptera: Colletidae: Paracolletini). Records of the Australian Museum, 64, 1-50.",S08,Batley_2012,S,1,1,0,1,1,1,NA,NA
Daviesia,grahami,Daviesia grahami,Fabaceae,Trichocolletes centralis,Trichocolletes,NA,centralis,Colletidae,Neopasiphaeinae,NA,Insect,Hymenoptera,4,WA,30 km W Sandstone,NA,NA,7/9/1981,Sept,1981,"Batley, M., & Houston, T. F. (2012). Revision of the Australian bee genus Trichocolletes Cockerell (Hymenoptera: Colletidae: Paracolletini). Records of the Australian Museum, 64, 1-50.",S08,Batley_2012,S,1,1,0,1,1,1,NA,NA
Dicrastylis,brunnea,Dicrastylis brunnea,Lamiaceae,Trichocolletes centralis,Trichocolletes,NA,centralis,Colletidae,Neopasiphaeinae,NA,Insect,Hymenoptera,1,WA,33 km WSW Lenister,NA,NA,11/8/1983,Aug,1983,"Batley, M., & Houston, T. F. (2012). Revision of the Australian bee genus Trichocolletes Cockerell (Hymenoptera: Colletidae: Paracolletini). Records of the Australian Museum, 64, 1-50.",S08,Batley_2012,S,1,1,0,1,1,1,NA,NA
Dicrastylis,exsuccosa,Dicrastylis exsuccosa,Lamiaceae,Trichocolletes centralis,Trichocolletes,NA,centralis,Colletidae,Neopasiphaeinae,NA,Insect,Hymenoptera,1,WA,28 km N Charlies Knob,NA,NA,6/8/1983,Aug,1983,"Batley, M., & Houston, T. F. (2012). Revision of the Australian bee genus Trichocolletes Cockerell (Hymenoptera: Colletidae: Paracolletini). Records of the Australian Museum, 64, 1-50.",S08,Batley_2012,S,1,1,0,1,1,1,NA,NA
Dicrastylis,exsuccosa,Dicrastylis exsuccosa,Lamiaceae,Trichocolletes centralis,Trichocolletes,NA,centralis,Colletidae,Neopasiphaeinae,NA,Insect,Hymenoptera,2,WA,17km E Mt Nossiter,NA,NA,7/8/1983,Aug,1983,"Batley, M., & Houston, T. F. (2012). Revision of the Australian bee genus Trichocolletes Cockerell (Hymenoptera: Colletidae: Paracolletini). Records of the Australian Museum, 64, 1-50.",S08,Batley_2012,S,1,1,0,1,1,1,NA,NA
Fabaceae,sp.,Fabaceae sp.,Fabaceae,Trichocolletes centralis,Trichocolletes,NA,centralis,Colletidae,Neopasiphaeinae,NA,Insect,Hymenoptera,1,WA,Woomera,NA,NA,15/9/1968,Sept,1986,"Batley, M., & Houston, T. F. (2012). Revision of the Australian bee genus Trichocolletes Cockerell (Hymenoptera: Colletidae: Paracolletini). Records of the Australian Museum, 64, 1-50.",S08,Batley_2012,S,1,1,0,1,1,1,NA,NA
Gompholobium,polyzygum,Gompholobium polyzygum,Fabaceae,Trichocolletes centralis,Trichocolletes,NA,centralis,Colletidae,Neopasiphaeinae,NA,Insect,Hymenoptera,4,WA,Karijini National Park,22.5250°S,118.7833°E,20/8/2001,Aug,2001,"Batley, M., & Houston, T. F. (2012). Revision of the Australian bee genus Trichocolletes Cockerell (Hymenoptera: Colletidae: Paracolletini). Records of the Australian Museum, 64, 1-50.",S08,Batley_2012,S,1,1,0,1,1,1,NA,NA
Goodenia,sp.,Goodenia sp.,Fabaceae,Trichocolletes centralis,Trichocolletes,NA,centralis,Colletidae,Neopasiphaeinae,NA,Insect,Hymenoptera,6,SA,Simpson desert,NA,NA,15-18/9/1971,Sept,1971,"Batley, M., & Houston, T. F. (2012). Revision of the Australian bee genus Trichocolletes Cockerell (Hymenoptera: Colletidae: Paracolletini). Records of the Australian Museum, 64, 1-50.",S08,Batley_2012,S,1,1,0,1,1,1,NA,NA
Helipterum,sp.,Helipterum sp.,Asteraceae,Trichocolletes centralis,Trichocolletes,NA,centralis,Colletidae,Neopasiphaeinae,NA,Insect,Hymenoptera,6,SA,Simpson desert,NA,NA,15-18/9/1971,Sept,1971,"Batley, M., & Houston, T. F. (2012). Revision of the Australian bee genus Trichocolletes Cockerell (Hymenoptera: Colletidae: Paracolletini). Records of the Australian Museum, 64, 1-50.",S08,Batley_2012,S,1,1,0,1,1,1,NA,NA
Kennedia,prorepens,Kennedia prorepens,Fabaceae,Trichocolletes centralis,Trichocolletes,NA,centralis,Colletidae,Neopasiphaeinae,NA,Insect,Hymenoptera,6,QLD,8 mi NE Windorah,NA,NA,16/8/1968,Aug,1968,"Batley, M., & Houston, T. F. (2012). Revision of the Australian bee genus Trichocolletes Cockerell (Hymenoptera: Colletidae: Paracolletini). Records of the Australian Museum, 64, 1-50.",S08,Batley_2012,S,1,1,0,1,1,1,NA,NA
Mirbelia,ramulosa,Mirbelia ramulosa,Fabaceae,Trichocolletes centralis,Trichocolletes,NA,centralis,Colletidae,Neopasiphaeinae,NA,Insect,Hymenoptera,2,WA,8 km NE Tamala HS,26.70°S,113.71°E,21-23/08/1980,Aug,1980,"Batley, M., & Houston, T. F. (2012). Revision of the Australian bee genus Trichocolletes Cockerell (Hymenoptera: Colletidae: Paracolletini). Records of the Australian Museum, 64, 1-50.",S08,Batley_2012,S,1,1,0,1,1,1,NA,NA
Ptilotus,obovatus,Ptilotus obovatus,Amaranthaceae,Trichocolletes centralis,Trichocolletes,NA,centralis,Colletidae,Neopasiphaeinae,NA,Insect,Hymenoptera,2,WA,30 km NW Lorna Glen HS,NA,NA,10/8/1983,Aug,1983,"Batley, M., & Houston, T. F. (2012). Revision of the Australian bee genus Trichocolletes Cockerell (Hymenoptera: Colletidae: Paracolletini). Records of the Australian Museum, 64, 1-50.",S08,Batley_2012,S,1,1,0,1,1,1,NA,NA
Scaevola,spinescens,Scaevola spinescens,Goodeniaceae,Trichocolletes centralis,Trichocolletes,NA,centralis,Colletidae,Neopasiphaeinae,NA,Insect,Hymenoptera,5,WA,24–25 km ENE Beyondie,NA,NA,17-20/8/1984,Aug,1984,"Batley, M., & Houston, T. F. (2012). Revision of the Australian bee genus Trichocolletes Cockerell (Hymenoptera: Colletidae: Paracolletini). Records of the Australian Museum, 64, 1-50.",S08,Batley_2012,S,1,1,0,1,1,1,NA,NA
Swainsona,sp.,Swainsona sp.,Fabaceae,Trichocolletes centralis,Trichocolletes,NA,centralis,Colletidae,Neopasiphaeinae,NA,Insect,Hymenoptera,6,SA,Simpson desert,NA,NA,15-18/9/1971,Sept,1971,"Batley, M., & Houston, T. F. (2012). Revision of the Australian bee genus Trichocolletes Cockerell (Hymenoptera: Colletidae: Paracolletini). Records of the Australian Museum, 64, 1-50.",S08,Batley_2012,S,1,1,0,1,1,1,NA,NA
Swainsona,sp.,Swainsona sp.,Fabaceae,Trichocolletes centralis,Trichocolletes,NA,centralis,Colletidae,Neopasiphaeinae,NA,Insect,Hymenoptera,1,WA,Beyondie Little Sandy Desert,24.5833°S,120.2833°E,18/8/1997,Aug,1997,"Batley, M., & Houston, T. F. (2012). Revision of the Australian bee genus Trichocolletes Cockerell (Hymenoptera: Colletidae: Paracolletini). Records of the Australian Museum, 64, 1-50.",S08,Batley_2012,S,1,1,0,1,1,1,NA,NA
Swainsona,sp.,Swainsona sp.,Fabaceae,Trichocolletes centralis,Trichocolletes,NA,centralis,Colletidae,Neopasiphaeinae,NA,Insect,Hymenoptera,1,WA,36 km N Charlies Knob,NA,NA,1/8/1983,Aug,1983,"Batley, M., & Houston, T. F. (2012). Revision of the Australian bee genus Trichocolletes Cockerell (Hymenoptera: Colletidae: Paracolletini). Records of the Australian Museum, 64, 1-50.",S08,Batley_2012,S,1,1,0,1,1,1,NA,NA
Swainsona,sp.,Swainsona sp.,Fabaceae,Trichocolletes centralis,Trichocolletes,NA,centralis,Colletidae,Neopasiphaeinae,NA,Insect,Hymenoptera,6,WA,37 km SW Glenayle HS,NA,NA,6-9/8/1983,Aug,1983,"Batley, M., & Houston, T. F. (2012). Revision of the Australian bee genus Trichocolletes Cockerell (Hymenoptera: Colletidae: Paracolletini). Records of the Australian Museum, 64, 1-50.",S08,Batley_2012,S,1,1,0,1,1,1,NA,NA
Swainsona,sp.,Swainsona sp.,Fabaceae,Trichocolletes centralis,Trichocolletes,NA,centralis,Colletidae,Neopasiphaeinae,NA,Insect,Hymenoptera,10,WA,15 km N Kumarina Hotel,NA,NA,21/8/1984,Aug,1984,"Batley, M., & Houston, T. F. (2012). Revision of the Australian bee genus Trichocolletes Cockerell (Hymenoptera: Colletidae: Paracolletini). Records of the Australian Museum, 64, 1-50.",S08,Batley_2012,S,1,1,0,1,1,1,NA,NA
Swainsona,sp.,Swainsona sp.,Fabaceae,Trichocolletes centralis,Trichocolletes,NA,centralis,Colletidae,Neopasiphaeinae,NA,Insect,Hymenoptera,10,WA,16 km SW Tangadee HS,NA,NA,22/8/1984,Aug,1984,"Batley, M., & Houston, T. F. (2012). Revision of the Australian bee genus Trichocolletes Cockerell (Hymenoptera: Colletidae: Paracolletini). Records of the Australian Museum, 64, 1-50.",S08,Batley_2012,S,1,1,0,1,1,1,NA,NA
Swainsona,sp.,Swainsona sp.,Fabaceae,Trichocolletes centralis,Trichocolletes,NA,centralis,Colletidae,Neopasiphaeinae,NA,Insect,Hymenoptera,3,WA,25 km SW Tangadee HS,NA,NA,22/8/1984,Aug,1984,"Batley, M., & Houston, T. F. (2012). Revision of the Australian bee genus Trichocolletes Cockerell (Hymenoptera: Colletidae: Paracolletini). Records of the Australian Museum, 64, 1-50.",S08,Batley_2012,S,1,1,0,1,1,1,NA,NA
Thryptomene,maisonneuvei,Thryptomene maisonneuvei,Myrtaceae,Trichocolletes centralis,Trichocolletes,NA,centralis,Colletidae,Neopasiphaeinae,NA,Insect,Hymenoptera,5,WA,24–25 km ENE Beyondie,NA,NA,17-20/8/1984,Aug,1984,"Batley, M., & Houston, T. F. (2012). Revision of the Australian bee genus Trichocolletes Cockerell (Hymenoptera: Colletidae: Paracolletini). Records of the Australian Museum, 64, 1-50.",S08,Batley_2012,S,1,1,0,1,1,1,NA,NA
Thryptomene,maisonneuvei,Thryptomene maisonneuvei,Myrtaceae,Trichocolletes centralis,Trichocolletes,NA,centralis,Colletidae,Neopasiphaeinae,NA,Insect,Hymenoptera,10,WA,15 km N Kumarina Hotel,NA,NA,21/8/1984,Aug,1984,"Batley, M., & Houston, T. F. (2012). Revision of the Australian bee genus Trichocolletes Cockerell (Hymenoptera: Colletidae: Paracolletini). Records of the Australian Museum, 64, 1-50.",S08,Batley_2012,S,1,1,0,1,1,1,NA,NA
Bossaeia,sp.,Bossaeia sp.,Fabaceae,Trichocolletes chrysostomus,Trichocolletes,NA,chrysostomus,Colletidae,Neopasiphaeinae,NA,Insect,Hymenoptera,1,WA,Kenwick,NA,NA,10/9/1980,Sept,1980,"Batley, M., & Houston, T. F. (2012). Revision of the Australian bee genus Trichocolletes Cockerell (Hymenoptera: Colletidae: Paracolletini). Records of the Australian Museum, 64, 1-50.",S08,Batley_2012,S,1,1,0,1,1,1,NA,NA
Daviesia,brevifolia,Daviesia brevifolia,Fabaceae,Trichocolletes chrysostomus,Trichocolletes,NA,chrysostomus,Colletidae,Neopasiphaeinae,NA,Insect,Hymenoptera,6,WA,Watheroo National Park,30.20°S,115.83°E,3-8/10/1980,Oct,1980,"Batley, M., & Houston, T. F. (2012). Revision of the Australian bee genus Trichocolletes Cockerell (Hymenoptera: Colletidae: Paracolletini). Records of the Australian Museum, 64, 1-50.",S08,Batley_2012,S,1,1,0,1,1,1,NA,NA
Daviesia,teres,Daviesia incrassata ssp. teres,Fabaceae,Trichocolletes chrysostomus,Trichocolletes,NA,chrysostomus,Colletidae,Neopasiphaeinae,NA,Insect,Hymenoptera,1,WA,31 km 9km W of N Eneabba,NA,NA,24/8/1999,Aug,1999,"Batley, M., & Houston, T. F. (2012). Revision of the Australian bee genus Trichocolletes Cockerell (Hymenoptera: Colletidae: Paracolletini). Records of the Australian Museum, 64, 1-50.",S08,Batley_2012,S,1,1,0,1,1,1,NA,NA
Daviesia,sp.,Daviesia sp.,Fabaceae,Trichocolletes chrysostomus,Trichocolletes,NA,chrysostomus,Colletidae,Neopasiphaeinae,NA,Insect,Hymenoptera,2,WA,Badgingarra National Park,30.5306°S,115.4306°E,15/9/1995,Sept,1995,"Batley, M., & Houston, T. F. (2012). Revision of the Australian bee genus Trichocolletes Cockerell (Hymenoptera: Colletidae: Paracolletini). Records of the Australian Museum, 64, 1-50.",S08,Batley_2012,S,1,1,0,1,1,1,NA,NA
Dillwynia,uncinata,Dillwynia uncinata,Fabaceae,Trichocolletes chrysostomus,Trichocolletes,NA,chrysostomus,Colletidae,Neopasiphaeinae,NA,Insect,Hymenoptera,6,SA,Hincks Nat. Pk,33.50°S,136.90°E,12/10/1982,Oct,1982,"Batley, M., & Houston, T. F. (2012). Revision of the Australian bee genus Trichocolletes Cockerell (Hymenoptera: Colletidae: Paracolletini). Records of the Australian Museum, 64, 1-50.",S08,Batley_2012,S,1,1,0,1,1,1,NA,NA
Jacksonia,cupulifera,Jacksonia cupulifera,Fabaceae,Trichocolletes chrysostomus,Trichocolletes,NA,chrysostomus,Colletidae,Neopasiphaeinae,NA,Insect,Hymenoptera,1,WA,5 km W Eurardy HS,27.6611°S,114.6944°E,24/8/1999,Aug,1999,"Batley, M., & Houston, T. F. (2012). Revision of the Australian bee genus Trichocolletes Cockerell (Hymenoptera: Colletidae: Paracolletini). Records of the Australian Museum, 64, 1-50.",S08,Batley_2012,S,1,1,0,1,1,1,NA,NA
Jacksonia,sp.,Jacksonia sp.,Fabaceae,Trichocolletes chrysostomus,Trichocolletes,NA,chrysostomus,Colletidae,Neopasiphaeinae,NA,Insect,Hymenoptera,4,WA,Badgingarra National Park,NA,NA,1-3/10/1980,Oct,1980,"Batley, M., & Houston, T. F. (2012). Revision of the Australian bee genus Trichocolletes Cockerell (Hymenoptera: Colletidae: Paracolletini). Records of the Australian Museum, 64, 1-50.",S08,Batley_2012,S,1,1,0,1,1,1,NA,NA
Jacksonia,ulicina,Jacksonia ulicina,Fabaceae,Trichocolletes chrysostomus,Trichocolletes,NA,chrysostomus,Colletidae,Neopasiphaeinae,NA,Insect,Hymenoptera,2,WA,"18 km NW Eneabba,",NA,NA,9-12/09/1987,Sept,1987,"Batley, M., & Houston, T. F. (2012). Revision of the Australian bee genus Trichocolletes Cockerell (Hymenoptera: Colletidae: Paracolletini). Records of the Australian Museum, 64, 1-50.",S08,Batley_2012,S,1,1,0,1,1,1,NA,NA
Daviesia,divaricata,Daviesia divaricata,Fabaceae,Trichocolletes dives,Trichocolletes,NA,dives,Colletidae,Neopasiphaeinae,NA,Insect,Hymenoptera,1,WA,28 km 26° W of N Eneabba,NA,NA,28/8/1999,Aug,1999,"Batley, M., & Houston, T. F. (2012). Revision of the Australian bee genus Trichocolletes Cockerell (Hymenoptera: Colletidae: Paracolletini). Records of the Australian Museum, 64, 1-50.",S08,Batley_2012,S,1,1,0,1,1,1,NA,NA
Daviesia,divaricata,Daviesia divaricata,Fabaceae,Trichocolletes dives,Trichocolletes,NA,dives,Colletidae,Neopasiphaeinae,NA,Insect,Hymenoptera,1,WA,Yanchep-Lancelin Road 10 km ESE Guilderton,NA,NA,28/8/1982,Aug,1982,"Batley, M., & Houston, T. F. (2012). Revision of the Australian bee genus Trichocolletes Cockerell (Hymenoptera: Colletidae: Paracolletini). Records of the Australian Museum, 64, 1-50.",S08,Batley_2012,S,1,1,0,1,1,1,NA,NA
Daviesia,physodes,Daviesia physodes,Fabaceae,Trichocolletes dives,Trichocolletes,NA,dives,Colletidae,Neopasiphaeinae,NA,Insect,Hymenoptera,1,WA,"Barracca Nature Reserve, 8 km NE Muchea",NA,NA,23/7/1999,July,1999,"Batley, M., & Houston, T. F. (2012). Revision of the Australian bee genus Trichocolletes Cockerell (Hymenoptera: Colletidae: Paracolletini). Records of the Australian Museum, 64, 1-50.",S08,Batley_2012,S,1,1,0,1,1,1,NA,NA
Daviesia,physodes,Daviesia physodes,Fabaceae,Trichocolletes dives,Trichocolletes,NA,dives,Colletidae,Neopasiphaeinae,NA,Insect,Hymenoptera,1,WA,"Barracca Nature Reserve, 8 km NE Muchea",NA,NA,13/8/1999,Aug,1999,"Batley, M., & Houston, T. F. (2012). Revision of the Australian bee genus Trichocolletes Cockerell (Hymenoptera: Colletidae: Paracolletini). Records of the Australian Museum, 64, 1-50.",S08,Batley_2012,S,1,1,0,1,1,1,NA,NA
Daviesia,sp.,Daviesia sp.,Fabaceae,Trichocolletes dives,Trichocolletes,NA,dives,Colletidae,Neopasiphaeinae,NA,Insect,Hymenoptera,1,WA,18 km NW Eneabba,NA,NA,9-12/09/1987,Sept,1987,"Batley, M., & Houston, T. F. (2012). Revision of the Australian bee genus Trichocolletes Cockerell (Hymenoptera: Colletidae: Paracolletini). Records of the Australian Museum, 64, 1-50.",S08,Batley_2012,S,1,1,0,1,1,1,NA,NA
Daviesia,sp.,Daviesia sp.,Fabaceae,Trichocolletes dives,Trichocolletes,NA,dives,Colletidae,Neopasiphaeinae,NA,Insect,Hymenoptera,1,WA,1.5 km S Yallingup,NA,NA,12-13/11/1986,Nov,1986,"Batley, M., & Houston, T. F. (2012). Revision of the Australian bee genus Trichocolletes Cockerell (Hymenoptera: Colletidae: Paracolletini). Records of the Australian Museum, 64, 1-50.",S08,Batley_2012,S,1,1,0,1,1,1,NA,NA
Daviesia,trifolia,Daviesia trifolia,Fabaceae,Trichocolletes dives,Trichocolletes,NA,dives,Colletidae,Neopasiphaeinae,NA,Insect,Hymenoptera,1,WA,16 km NW Eneabba,NA,NA,14/6/1999,June,1999,"Batley, M., & Houston, T. F. (2012). Revision of the Australian bee genus Trichocolletes Cockerell (Hymenoptera: Colletidae: Paracolletini). Records of the Australian Museum, 64, 1-50.",S08,Batley_2012,S,1,1,0,1,1,1,NA,NA
Daviesia,trifolia,Daviesia trifolia,Fabaceae,Trichocolletes dives,Trichocolletes,NA,dives,Colletidae,Neopasiphaeinae,NA,Insect,Hymenoptera,5,WA,31 km 9°W of N Eneabba,NA,NA,23-25/06/1999,June,1999,"Batley, M., & Houston, T. F. (2012). Revision of the Australian bee genus Trichocolletes Cockerell (Hymenoptera: Colletidae: Paracolletini). Records of the Australian Museum, 64, 1-50.",S08,Batley_2012,S,1,1,0,1,1,1,NA,NA
Jacksonia,hakeoides,Jacksonia hakeoides,Fabaceae,Trichocolletes dives,Trichocolletes,NA,dives,Colletidae,Neopasiphaeinae,NA,Insect,Hymenoptera,2,WA,25 km 15°W of N Eneabba,NA,NA,28/8/1999,Aug,1999,"Batley, M., & Houston, T. F. (2012). Revision of the Australian bee genus Trichocolletes Cockerell (Hymenoptera: Colletidae: Paracolletini). Records of the Australian Museum, 64, 1-50.",S08,Batley_2012,S,1,1,0,1,1,1,NA,NA
Daviesia,croniniana,Daviesia croniniana,Fabaceae,Trichocolletes dowerinensis,Trichocolletes,NA,dowerinensis,Colletidae,Neopasiphaeinae,NA,Insect,Hymenoptera,3,WA,Boorabbin Rock,NA,NA,4-9/10/1981,Oct,1981,"Batley, M., & Houston, T. F. (2012). Revision of the Australian bee genus Trichocolletes Cockerell (Hymenoptera: Colletidae: Paracolletini). Records of the Australian Museum, 64, 1-50.",S08,Batley_2012,S,1,1,0,1,1,1,NA,NA
Daviesia,teres,Daviesia incrassata ssp. teres,Fabaceae,Trichocolletes dowerinensis,Trichocolletes,NA,dowerinensis,Colletidae,Neopasiphaeinae,NA,Insect,Hymenoptera,6,WA,31 km 9° W of N Eneabba,NA,NA,28/8/1999,Aug,1999,"Batley, M., & Houston, T. F. (2012). Revision of the Australian bee genus Trichocolletes Cockerell (Hymenoptera: Colletidae: Paracolletini). Records of the Australian Museum, 64, 1-50.",S08,Batley_2012,S,1,1,0,1,1,1,NA,NA
Daviesia,sp.,Daviesia sp.,Fabaceae,Trichocolletes dowerinensis,Trichocolletes,NA,dowerinensis,Colletidae,Neopasiphaeinae,NA,Insect,Hymenoptera,1,WA,Eneabba,NA,NA,13/9/1996,Sept,1996,"Batley, M., & Houston, T. F. (2012). Revision of the Australian bee genus Trichocolletes Cockerell (Hymenoptera: Colletidae: Paracolletini). Records of the Australian Museum, 64, 1-50.",S08,Batley_2012,S,1,1,0,1,1,1,NA,NA
Daviesia,sp.,Daviesia sp.,Fabaceae,Trichocolletes dowerinensis,Trichocolletes,NA,dowerinensis,Colletidae,Neopasiphaeinae,NA,Insect,Hymenoptera,1,WA,60 km N Esperance,33.3611°S,121.6992°E,29/9/2004,Sept,2004,"Batley, M., & Houston, T. F. (2012). Revision of the Australian bee genus Trichocolletes Cockerell (Hymenoptera: Colletidae: Paracolletini). Records of the Australian Museum, 64, 1-50.",S08,Batley_2012,S,1,1,0,1,1,1,NA,NA
Jacksonia,sp.,Jacksonia sp.,Fabaceae,Trichocolletes dowerinensis,Trichocolletes,NA,dowerinensis,Colletidae,Neopasiphaeinae,NA,Insect,Hymenoptera,3,WA,Boorabbin Rock,NA,NA,4-9/10/1981,Oct,1981,"Batley, M., & Houston, T. F. (2012). Revision of the Australian bee genus Trichocolletes Cockerell (Hymenoptera: Colletidae: Paracolletini). Records of the Australian Museum, 64, 1-50.",S08,Batley_2012,S,1,1,0,1,1,1,NA,NA
Jacksonia,ulicina,Jacksonia ulicina,Fabaceae,Trichocolletes dowerinensis,Trichocolletes,NA,dowerinensis,Colletidae,Neopasiphaeinae,NA,Insect,Hymenoptera,1,WA,Eneabba,NA,NA,6/9/1996,Sept,1996,"Batley, M., & Houston, T. F. (2012). Revision of the Australian bee genus Trichocolletes Cockerell (Hymenoptera: Colletidae: Paracolletini). Records of the Australian Museum, 64, 1-50.",S08,Batley_2012,S,1,1,0,1,1,1,NA,NA
Jacksonia,velutina,Jacksonia velutina,Fabaceae,Trichocolletes dowerinensis,Trichocolletes,NA,dowerinensis,Colletidae,Neopasiphaeinae,NA,Insect,Hymenoptera,4,WA,13 km 35°S of W Eurardy HS,NA,NA,25-26/08/1999,Aug,1999,"Batley, M., & Houston, T. F. (2012). Revision of the Australian bee genus Trichocolletes Cockerell (Hymenoptera: Colletidae: Paracolletini). Records of the Australian Museum, 64, 1-50.",S08,Batley_2012,S,1,1,0,1,1,1,NA,NA
Mirbelia,trichocalyx,Mirbelia trichocalyx,Fabaceae,Trichocolletes dowerinensis,Trichocolletes,NA,dowerinensis,Colletidae,Neopasiphaeinae,NA,Insect,Hymenoptera,4,WA,13 km 35°S of W Eurardy HS,NA,NA,25-26/08/1999,Aug,1999,"Batley, M., & Houston, T. F. (2012). Revision of the Australian bee genus Trichocolletes Cockerell (Hymenoptera: Colletidae: Paracolletini). Records of the Australian Museum, 64, 1-50.",S08,Batley_2012,S,1,1,0,1,1,1,NA,NA
Swainsona,microphylla,Swainsona microphylla,Fabaceae,Trichocolletes dowerinensis,Trichocolletes,NA,dowerinensis,Colletidae,Neopasiphaeinae,NA,Insect,Hymenoptera,1,WA,22 km N Bullfinch,NA,NA,7/9/1979,Sept,1979,"Batley, M., & Houston, T. F. (2012). Revision of the Australian bee genus Trichocolletes Cockerell (Hymenoptera: Colletidae: Paracolletini). Records of the Australian Museum, 64, 1-50.",S08,Batley_2012,S,1,1,0,1,1,1,NA,NA
Bossiaea,eriocarpa,Bossiaea eriocarpa,Fabaceae,Trichocolletes sericeus?,Trichocolletes,NA,sericeus?,Colletidae,Neopasiphaeinae,NA,Insecta,Hymenoptera,1,WA,Alison Baird Reserve,-32.018478,115.9805241,16/9/2017,Sep,2017,"Prendergast, K. 2017. Alison Baird native bee surveys, conducted for the Kwongan Foundation",S101,Prendergast_2017,S,1,1,0,1,1,1,Specimens ID'd by Dr Kit Prendergast. Deposited at WAM. Report not publically available [26/11/23].,NA
Eucalyptus,marginata,Eucalyptus marginata,Myrtaceae,Amegilla (Notomegilla) chlorocyanea,Amegilla,Notomegilla,chlorocyanea,Apidae,Apinae,NA,Insecta,Hymenoptera,1,WA,Lake Claremont,-31.975178,115.779525,11/12/2019,Dec,2019,"Prendergast, K. S. (2020). Native Bee Survey of Lake Claremont Nov 2019-Feb 2020. Retrieved from Lake Claremont, Western Australia: https://friendsoflakeclaremont.org/?p=4771",S103,Prendergast_2020_1,S,1,1,0,1,1,1,Specimens ID'd by Dr Kit Prendergast. Deposited at WAM.,NA
Hemiandra,pungens,Hemiandra pungens,Lamiaceae,Amegilla (Notomegilla) chlorocyanea,Amegilla,Notomegilla,chlorocyanea,Apidae,Apinae,NA,Insecta,Hymenoptera,1,WA,Lake Claremont,-31.975178,115.779525,19/1/2020,Jan,2020,"Prendergast, K. S. (2020). Native Bee Survey of Lake Claremont Nov 2019-Feb 2020. Retrieved from Lake Claremont, Western Australia: https://friendsoflakeclaremont.org/?p=4771",S103,Prendergast_2020_1,S,1,1,0,1,1,1,Specimens ID'd by Dr Kit Prendergast. Deposited at WAM.,NA
Hemiandra,pungens,Hemiandra pungens,Lamiaceae,Amegilla (Notomegilla) chlorocyanea,Amegilla,Notomegilla,chlorocyanea,Apidae,Apinae,NA,Insecta,Hymenoptera,1,WA,Lake Claremont,-31.975178,115.779525,28/1/2020,Jan,2020,"Prendergast, K. S. (2020). Native Bee Survey of Lake Claremont Nov 2019-Feb 2020. Retrieved from Lake Claremont, Western Australia: https://friendsoflakeclaremont.org/?p=4771",S103,Prendergast_2020_1,S,1,1,0,1,1,1,Specimens ID'd by Dr Kit Prendergast. Deposited at WAM.,NA
Hemiandra,pungens,Hemiandra pungens,Lamiaceae,Amegilla (Notomegilla) chlorocyanea,Amegilla,Notomegilla,chlorocyanea,Apidae,Apinae,NA,Insecta,Hymenoptera,1,WA,Lake Claremont,-31.975178,115.779525,24/1/2020,Jan,2020,"Prendergast, K. S. (2020). Native Bee Survey of Lake Claremont Nov 2019-Feb 2020. Retrieved from Lake Claremont, Western Australia: https://friendsoflakeclaremont.org/?p=4771",S103,Prendergast_2020_1,S,1,1,0,1,1,1,Specimens ID'd by Dr Kit Prendergast. Deposited at WAM.,NA
Hemiandra,pungens,Hemiandra pungens,Lamiaceae,Amegilla (Notomegilla) chlorocyanea,Amegilla,Notomegilla,chlorocyanea,Apidae,Apinae,NA,Insecta,Hymenoptera,3,WA,Lake Claremont,-31.975178,115.779525,24/1/2020,Jan,2020,"Prendergast, K. S. (2020). Native Bee Survey of Lake Claremont Nov 2019-Feb 2020. Retrieved from Lake Claremont, Western Australia: https://friendsoflakeclaremont.org/?p=4771",S103,Prendergast_2020_1,S,1,1,0,1,1,1,Specimens ID'd by Dr Kit Prendergast. Deposited at WAM.,NA
Jacksonia,furcellata,Jacksonia furcellata,Fabaceae,Coelioxys (Coelioxys) froggatti,Coelioxys,NA,froggatti,Megachilidae,Megachilinae,NA,Insecta,Hymenoptera,3,WA,Lake Claremont,-31.975178,115.779525,23/11/2019,Nov,2019,"Prendergast, K. S. (2020). Native Bee Survey of Lake Claremont Nov 2019-Feb 2020. Retrieved from Lake Claremont, Western Australia: https://friendsoflakeclaremont.org/?p=4771",S103,Prendergast_2020_1,S,1,1,0,1,1,1,Specimens ID'd by Dr Kit Prendergast. Deposited at WAM.,NA
Eucalyptus,patens,Eucalyptus patens,Myrtaceae,Euryglossina (Euryglossina) cockerelli,Euryglossina,Euryglossina,cockerelli,Colletidae,Euryglossinae,NA,Insecta,Hymenoptera,1,WA,Lake Claremont,-31.975178,115.779525,28/12/2019,Dec,2019,"Prendergast, K. S. (2020). Native Bee Survey of Lake Claremont Nov 2019-Feb 2020. Retrieved from Lake Claremont, Western Australia: https://friendsoflakeclaremont.org/?p=4771",S103,Prendergast_2020_1,S,1,1,0,1,1,1,Specimens ID'd by Dr Kit Prendergast. Deposited at WAM.,NA
Eucalyptus,sp.,Eucalyptus sp.,Myrtaceae,Euryglossina (Euryglossina) hypochroma,Euryglossina,Euryglossina,hypochroma,Colletidae,Euryglossinae,NA,Insecta,Hymenoptera,1,WA,Lake Claremont,-31.975178,115.779525,26/11/2019,Nov,2019,"Prendergast, K. S. (2020). Native Bee Survey of Lake Claremont Nov 2019-Feb 2020. Retrieved from Lake Claremont, Western Australia: https://friendsoflakeclaremont.org/?p=4771",S103,Prendergast_2020_1,S,1,1,0,1,1,1,Specimens ID'd by Dr Kit Prendergast. Deposited at WAM.,NA
Melaleuca,teretifolia,Melaleuca teretifolia,Myrtaceae,Euryglossina (Euryglossina) hypochroma,Euryglossina,Euryglossina,hypochroma,Colletidae,Euryglossinae,NA,Insecta,Hymenoptera,3,WA,Lake Claremont,-31.975178,115.779525,15/11/2019,Nov,2019,"Prendergast, K. S. (2020). Native Bee Survey of Lake Claremont Nov 2019-Feb 2020. Retrieved from Lake Claremont, Western Australia: https://friendsoflakeclaremont.org/?p=4771",S103,Prendergast_2020_1,S,1,1,0,1,1,1,Specimens ID'd by Dr Kit Prendergast. Deposited at WAM.,NA
Eucalyptus,marginata,Eucalyptus marginata,Myrtaceae,Euryglossina (Euryglossina) narifera,Euryglossina,Euryglossina,narifera,Colletidae,Euryglossinae,NA,Insecta,Hymenoptera,2,WA,Lake Claremont,-31.975178,115.779525,31/12/2019,Dec,2019,"Prendergast, K. S. (2020). Native Bee Survey of Lake Claremont Nov 2019-Feb 2020. Retrieved from Lake Claremont, Western Australia: https://friendsoflakeclaremont.org/?p=4771",S103,Prendergast_2020_1,S,1,1,0,1,1,1,Specimens ID'd by Dr Kit Prendergast. Deposited at WAM.,NA
Eucalyptus,marginata,Eucalyptus marginata,Myrtaceae,Euryglossina (Euryglossina) perpusilla,Euryglossina,Euryglossina,perpusilla,Colletidae,Euryglossinae,NA,Insecta,Hymenoptera,4,WA,Lake Claremont,-31.975178,115.779525,31/12/2019,Dec,2019,"Prendergast, K. S. (2020). Native Bee Survey of Lake Claremont Nov 2019-Feb 2020. Retrieved from Lake Claremont, Western Australia: https://friendsoflakeclaremont.org/?p=4771",S103,Prendergast_2020_1,S,1,1,0,1,1,1,Specimens ID'd by Dr Kit Prendergast. Deposited at WAM.,NA
Eucalyptus,patens,Eucalyptus patens,Myrtaceae,Euryglossina (Euryglossina) perpusilla,Euryglossina,Euryglossina,perpusilla,Colletidae,Euryglossinae,NA,Insecta,Hymenoptera,7,WA,Lake Claremont,-31.975178,115.779525,28/12/2019,Dec,2019,"Prendergast, K. S. (2020). Native Bee Survey of Lake Claremont Nov 2019-Feb 2020. Retrieved from Lake Claremont, Western Australia: https://friendsoflakeclaremont.org/?p=4771",S103,Prendergast_2020_1,S,1,1,0,1,1,1,Specimens ID'd by Dr Kit Prendergast. Deposited at WAM.,NA
Eucalyptus,sp.,Eucalyptus sp.,Myrtaceae,Euryglossina (Euryglossina) perpusilla,Euryglossina,Euryglossina,perpusilla,Colletidae,Euryglossinae,NA,Insecta,Hymenoptera,4,WA,Lake Claremont,-31.975178,115.779525,26/11/2019,Nov,2019,"Prendergast, K. S. (2020). Native Bee Survey of Lake Claremont Nov 2019-Feb 2020. Retrieved from Lake Claremont, Western Australia: https://friendsoflakeclaremont.org/?p=4771",S103,Prendergast_2020_1,S,1,1,0,1,1,1,Specimens ID'd by Dr Kit Prendergast. Deposited at WAM.,NA
Melaleuca,quinquenervia,Melaleuca quinquenervia,Myrtaceae,Euryglossina (Euryglossina) perpusilla,Euryglossina,Euryglossina,perpusilla,Colletidae,Euryglossinae,NA,Insecta,Hymenoptera,1,WA,Lake Claremont,-31.975178,115.779525,28/1/2020,Jan,2020,"Prendergast, K. S. (2020). Native Bee Survey of Lake Claremont Nov 2019-Feb 2020. Retrieved from Lake Claremont, Western Australia: https://friendsoflakeclaremont.org/?p=4771",S103,Prendergast_2020_1,S,1,1,0,1,1,1,Specimens ID'd by Dr Kit Prendergast. Deposited at WAM.,NA
Eucalyptus,marginata,Eucalyptus marginata,Myrtaceae,Euryglossina (Microdontura) mellea,Euryglossina,Microdontura,mellea,Colletidae,Euryglossinae,NA,Insecta,Hymenoptera,1,WA,Lake Claremont,-31.975178,115.779525,15/11/2019,Nov,2019,"Prendergast, K. S. (2020). Native Bee Survey of Lake Claremont Nov 2019-Feb 2020. Retrieved from Lake Claremont, Western Australia: https://friendsoflakeclaremont.org/?p=4771",S103,Prendergast_2020_1,S,1,1,0,1,1,1,Specimens ID'd by Dr Kit Prendergast. Deposited at WAM.,NA
Eucalyptus,marginata,Eucalyptus marginata,Myrtaceae,Euryglossina (Microdontura) mellea,Euryglossina,Microdontura,mellea,Colletidae,Euryglossinae,NA,Insecta,Hymenoptera,6,WA,Lake Claremont,-31.975178,115.779525,31/12/2019,Dec,2019,"Prendergast, K. S. (2020). Native Bee Survey of Lake Claremont Nov 2019-Feb 2020. Retrieved from Lake Claremont, Western Australia: https://friendsoflakeclaremont.org/?p=4771",S103,Prendergast_2020_1,S,1,1,0,1,1,1,Specimens ID'd by Dr Kit Prendergast. Deposited at WAM.,NA
Eucalyptus,patens,Eucalyptus patens,Myrtaceae,Euryglossina (Microdontura) mellea,Euryglossina,Microdontura,mellea,Colletidae,Euryglossinae,NA,Insecta,Hymenoptera,1,WA,Lake Claremont,-31.975178,115.779525,28/12/2019,Dec,2019,"Prendergast, K. S. (2020). Native Bee Survey of Lake Claremont Nov 2019-Feb 2020. Retrieved from Lake Claremont, Western Australia: https://friendsoflakeclaremont.org/?p=4771",S103,Prendergast_2020_1,S,1,1,0,1,1,1,Specimens ID'd by Dr Kit Prendergast. Deposited at WAM.,NA
Eucalyptus,sp.,Eucalyptus sp.,Myrtaceae,Euryglossina (Microdontura) mellea,Euryglossina,Microdontura,mellea,Colletidae,Euryglossinae,NA,Insecta,Hymenoptera,2,WA,Lake Claremont,-31.975178,115.779525,26/11/2019,Nov,2019,"Prendergast, K. S. (2020). Native Bee Survey of Lake Claremont Nov 2019-Feb 2020. Retrieved from Lake Claremont, Western Australia: https://friendsoflakeclaremont.org/?p=4771",S103,Prendergast_2020_1,S,1,1,0,1,1,1,Specimens ID'd by Dr Kit Prendergast. Deposited at WAM.,NA
Melaleuca,huegelii,Melaleuca huegelii,Myrtaceae,Euryglossina (Microdontura) mellea,Euryglossina,Microdontura,mellea,Colletidae,Euryglossinae,NA,Insecta,Hymenoptera,1,WA,Lake Claremont,-31.975178,115.779525,19/1/2020,Jan,2020,"Prendergast, K. S. (2020). Native Bee Survey of Lake Claremont Nov 2019-Feb 2020. Retrieved from Lake Claremont, Western Australia: https://friendsoflakeclaremont.org/?p=4771",S103,Prendergast_2020_1,S,1,1,0,1,1,1,Specimens ID'd by Dr Kit Prendergast. Deposited at WAM.,NA
Melaleuca,huegelii,Melaleuca huegelii,Myrtaceae,Euryglossina (Microdontura) mellea,Euryglossina,Microdontura,mellea,Colletidae,Euryglossinae,NA,Insecta,Hymenoptera,1,WA,Lake Claremont,-31.975178,115.779525,28/1/2020,Jan,2020,"Prendergast, K. S. (2020). Native Bee Survey of Lake Claremont Nov 2019-Feb 2020. Retrieved from Lake Claremont, Western Australia: https://friendsoflakeclaremont.org/?p=4771",S103,Prendergast_2020_1,S,1,1,0,1,1,1,Specimens ID'd by Dr Kit Prendergast. Deposited at WAM.,NA
Melaleuca,quinquenervia,Melaleuca quinquenervia,Myrtaceae,Euryglossina (Microdontura) mellea,Euryglossina,Microdontura,mellea,Colletidae,Euryglossinae,NA,Insecta,Hymenoptera,10,WA,Lake Claremont,-31.975178,115.779525,24/1/2020,Jan,2020,"Prendergast, K. S. (2020). Native Bee Survey of Lake Claremont Nov 2019-Feb 2020. Retrieved from Lake Claremont, Western Australia: https://friendsoflakeclaremont.org/?p=4771",S103,Prendergast_2020_1,S,1,1,0,1,1,1,Specimens ID'd by Dr Kit Prendergast. Deposited at WAM.,NA
Melaleuca,quinquenervia,Melaleuca quinquenervia,Myrtaceae,Euryglossina (Microdontura) mellea,Euryglossina,Microdontura,mellea,Colletidae,Euryglossinae,NA,Insecta,Hymenoptera,4,WA,Lake Claremont,-31.975178,115.779525,28/1/2020,Jan,2020,"Prendergast, K. S. (2020). Native Bee Survey of Lake Claremont Nov 2019-Feb 2020. Retrieved from Lake Claremont, Western Australia: https://friendsoflakeclaremont.org/?p=4771",S103,Prendergast_2020_1,S,1,1,0,1,1,1,Specimens ID'd by Dr Kit Prendergast. Deposited at WAM.,NA
Eucalyptus,sp.,Eucalyptus sp.,Myrtaceae,Euryglossina (Turnerella) argocephala,Euryglossina,Turnerella,argocephala,Colletidae,Euryglossinae,NA,Insecta,Hymenoptera,1,WA,Lake Claremont,-31.975178,115.779525,26/11/2019,Nov,2019,"Prendergast, K. S. (2020). Native Bee Survey of Lake Claremont Nov 2019-Feb 2020. Retrieved from Lake Claremont, Western Australia: https://friendsoflakeclaremont.org/?p=4771",S103,Prendergast_2020_1,S,1,1,0,1,1,1,Specimens ID'd by Dr Kit Prendergast. Deposited at WAM.,NA
Melaleuca,teretifolia,Melaleuca teretifolia,Myrtaceae,Euryglossina (Turnerella) atomaria,Euryglossina,Turnerella,atomaria,Colletidae,Euryglossinae,NA,Insecta,Hymenoptera,1,WA,Lake Claremont,-31.975178,115.779525,15/11/2019,Nov,2019,"Prendergast, K. S. (2020). Native Bee Survey of Lake Claremont Nov 2019-Feb 2020. Retrieved from Lake Claremont, Western Australia: https://friendsoflakeclaremont.org/?p=4771",S103,Prendergast_2020_1,S,1,1,0,1,1,1,Specimens ID'd by Dr Kit Prendergast. Deposited at WAM.,NA
Corymbia,calophylla,Corymbia calophylla,Myrtaceae,Euryglossina (Euryglossina) perpusilla,Euryglossina,Euryglossina,perpusilla,Colletidae,Euryglossinae,NA,Insecta,Hymenoptera,1,WA,Lake Claremont,-31.975178,115.779525,31/12/2019,Dec,2019,"Prendergast, K. S. (2020). Native Bee Survey of Lake Claremont Nov 2019-Feb 2020. Retrieved from Lake Claremont, Western Australia: https://friendsoflakeclaremont.org/?p=4771",S103,Prendergast_2020_1,S,1,1,0,1,1,1,Specimens ID'd by Dr Kit Prendergast. Deposited at WAM.,NA
Eucalyptus,marginata,Eucalyptus marginata,Myrtaceae,Euryglossina (Euryglossina) perpusilla,Euryglossina,Euryglossina,perpusilla,Colletidae,Euryglossinae,NA,Insecta,Hymenoptera,5,WA,Lake Claremont,-31.975178,115.779525,31/12/2019,Dec,2019,"Prendergast, K. S. (2020). Native Bee Survey of Lake Claremont Nov 2019-Feb 2020. Retrieved from Lake Claremont, Western Australia: https://friendsoflakeclaremont.org/?p=4771",S103,Prendergast_2020_1,S,1,1,0,1,1,1,Specimens ID'd by Dr Kit Prendergast. Deposited at WAM.,NA
Eucalyptus,sp.,Eucalyptus sp.,Myrtaceae,"Euryglossinae ""LkCl1 Euhesma""",Euhesma,NA,LkCl1 Euhes,Colletidae,Euryglossinae,NA,Insecta,Hymenoptera,1,WA,Lake Claremont,-31.975178,115.779525,26/11/2019,Nov,2019,"Prendergast, K. S. (2020). Native Bee Survey of Lake Claremont Nov 2019-Feb 2020. Retrieved from Lake Claremont, Western Australia: https://friendsoflakeclaremont.org/?p=4771",S103,Prendergast_2020_1,S,1,1,0,1,1,1,Specimens ID'd by Dr Kit Prendergast. Deposited at WAM.,NA
Eucalyptus,marginata,Eucalyptus marginata,Myrtaceae,Euryglossula fultoni,Euryglossula,NA,fultoni,Colletidae,Euryglossinae,NA,Insecta,Hymenoptera,2,WA,Lake Claremont,-31.975178,115.779525,31/12/2019,Dec,2019,"Prendergast, K. S. (2020). Native Bee Survey of Lake Claremont Nov 2019-Feb 2020. Retrieved from Lake Claremont, Western Australia: https://friendsoflakeclaremont.org/?p=4771",S103,Prendergast_2020_1,S,1,1,0,1,1,1,Specimens ID'd by Dr Kit Prendergast. Deposited at WAM.,NA
Melaleuca,huegelii,Melaleuca huegelii,Myrtaceae,"Exoneura ""Exoneura sp 9""",Exoneura,NA,"""sp 9""",Apidae,Xylocopinae,NA,Insecta,Hymenoptera,1,WA,Lake Claremont,-31.975178,115.779525,24/1/2020,Jan,2020,"Prendergast, K. S. (2020). Native Bee Survey of Lake Claremont Nov 2019-Feb 2020. Retrieved from Lake Claremont, Western Australia: https://friendsoflakeclaremont.org/?p=4771",S103,Prendergast_2020_1,S,1,1,0,1,1,1,Specimens ID'd by Dr Kit Prendergast. Deposited at WAM.,NA
Rhagodia,baccata,Rhagodia baccata,Chenopodiaceae,"Exoneura ""Exoneura sp 9""",Exoneura,NA,"""sp 9""",Apidae,Xylocopinae,NA,Insecta,Hymenoptera,1,WA,Lake Claremont,-31.975178,115.779525,24/1/2020,Jan,2020,"Prendergast, K. S. (2020). Native Bee Survey of Lake Claremont Nov 2019-Feb 2020. Retrieved from Lake Claremont, Western Australia: https://friendsoflakeclaremont.org/?p=4771",S103,Prendergast_2020_1,S,1,1,0,1,1,1,Specimens ID'd by Dr Kit Prendergast. Deposited at WAM.,NA
Melaleuca,teretifolia,Melaleuca teretifolia,Myrtaceae,Exoneura (Exoneura) ?pictifrons,Exoneura,Exoneura,?pictifrons,Apidae,Xylocopinae,NA,Insecta,Hymenoptera,4,WA,Lake Claremont,-31.975178,115.779525,15/11/2019,Nov,2019,"Prendergast, K. S. (2020). Native Bee Survey of Lake Claremont Nov 2019-Feb 2020. Retrieved from Lake Claremont, Western Australia: https://friendsoflakeclaremont.org/?p=4771",S103,Prendergast_2020_1,S,1,1,0,1,1,1,Specimens ID'd by Dr Kit Prendergast. Deposited at WAM.,NA
Corymbia,calophylla,Corymbia calophylla,Myrtaceae,Exoneura (Exoneura) ?pictifrons,Exoneura,Exoneura,?pictifrons,Apidae,Xylocopinae,NA,Insecta,Hymenoptera,1,WA,Lake Claremont,-31.975178,115.779525,28/12/2019,Dec,2019,"Prendergast, K. S. (2020). Native Bee Survey of Lake Claremont Nov 2019-Feb 2020. Retrieved from Lake Claremont, Western Australia: https://friendsoflakeclaremont.org/?p=4771",S103,Prendergast_2020_1,S,1,1,0,1,1,1,Specimens ID'd by Dr Kit Prendergast. Deposited at WAM.,NA
Corymbia,ficifolia,Corymbia ficifolia,Myrtaceae,Exoneura (Exoneura) ?pictifrons,Exoneura,Exoneura,?pictifrons,Apidae,Xylocopinae,NA,Insecta,Hymenoptera,3,WA,Lake Claremont,-31.975178,115.779525,11/11/2019,Nov,2019,"Prendergast, K. S. (2020). Native Bee Survey of Lake Claremont Nov 2019-Feb 2020. Retrieved from Lake Claremont, Western Australia: https://friendsoflakeclaremont.org/?p=4771",S103,Prendergast_2020_1,S,1,1,0,1,1,1,Specimens ID'd by Dr Kit Prendergast. Deposited at WAM.,NA
Corymbia,ficifolia,Corymbia ficifolia,Myrtaceae,Exoneura (Exoneura) ?pictifrons,Exoneura,Exoneura,?pictifrons,Apidae,Xylocopinae,NA,Insecta,Hymenoptera,1,WA,Lake Claremont,-31.975178,115.779525,19/1/2020,Jan,2020,"Prendergast, K. S. (2020). Native Bee Survey of Lake Claremont Nov 2019-Feb 2020. Retrieved from Lake Claremont, Western Australia: https://friendsoflakeclaremont.org/?p=4771",S103,Prendergast_2020_1,S,1,1,0,1,1,1,Specimens ID'd by Dr Kit Prendergast. Deposited at WAM.,NA
Eucalyptus,erythrocorys,Eucalyptus erythrocorys,Myrtaceae,Exoneura (Exoneura) ?pictifrons,Exoneura,Exoneura,?pictifrons,Apidae,Xylocopinae,NA,Insecta,Hymenoptera,2,WA,Lake Claremont,-31.975178,115.779525,19/1/2020,Jan,2020,"Prendergast, K. S. (2020). Native Bee Survey of Lake Claremont Nov 2019-Feb 2020. Retrieved from Lake Claremont, Western Australia: https://friendsoflakeclaremont.org/?p=4771",S103,Prendergast_2020_1,S,1,1,0,1,1,1,Specimens ID'd by Dr Kit Prendergast. Deposited at WAM.,NA
Eucalyptus,marginata,Eucalyptus marginata,Myrtaceae,Exoneura (Exoneura) ?pictifrons,Exoneura,Exoneura,?pictifrons,Apidae,Xylocopinae,NA,Insecta,Hymenoptera,2,WA,Lake Claremont,-31.975178,115.779525,11/12/2019,Dec,2019,"Prendergast, K. S. (2020). Native Bee Survey of Lake Claremont Nov 2019-Feb 2020. Retrieved from Lake Claremont, Western Australia: https://friendsoflakeclaremont.org/?p=4771",S103,Prendergast_2020_1,S,1,1,0,1,1,1,Specimens ID'd by Dr Kit Prendergast. Deposited at WAM.,NA
Eucalyptus,marginata,Eucalyptus marginata,Myrtaceae,Exoneura (Exoneura) ?pictifrons,Exoneura,Exoneura,?pictifrons,Apidae,Xylocopinae,NA,Insecta,Hymenoptera,2,WA,Lake Claremont,-31.975178,115.779525,31/12/2019,Dec,2019,"Prendergast, K. S. (2020). Native Bee Survey of Lake Claremont Nov 2019-Feb 2020. Retrieved from Lake Claremont, Western Australia: https://friendsoflakeclaremont.org/?p=4771",S103,Prendergast_2020_1,S,1,1,0,1,1,1,Specimens ID'd by Dr Kit Prendergast. Deposited at WAM.,NA
Eucalyptus,patens,Eucalyptus patens,Myrtaceae,Exoneura (Exoneura) ?pictifrons,Exoneura,Exoneura,?pictifrons,Apidae,Xylocopinae,NA,Insecta,Hymenoptera,1,WA,Lake Claremont,-31.975178,115.779525,11/12/2019,Dec,2019,"Prendergast, K. S. (2020). Native Bee Survey of Lake Claremont Nov 2019-Feb 2020. Retrieved from Lake Claremont, Western Australia: https://friendsoflakeclaremont.org/?p=4771",S103,Prendergast_2020_1,S,1,1,0,1,1,1,Specimens ID'd by Dr Kit Prendergast. Deposited at WAM.,NA
Eucalyptus,patens,Eucalyptus patens,Myrtaceae,Exoneura (Exoneura) ?pictifrons,Exoneura,Exoneura,?pictifrons,Apidae,Xylocopinae,NA,Insecta,Hymenoptera,2,WA,Lake Claremont,-31.975178,115.779525,31/12/2019,Dec,2019,"Prendergast, K. S. (2020). Native Bee Survey of Lake Claremont Nov 2019-Feb 2020. Retrieved from Lake Claremont, Western Australia: https://friendsoflakeclaremont.org/?p=4771",S103,Prendergast_2020_1,S,1,1,0,1,1,1,Specimens ID'd by Dr Kit Prendergast. Deposited at WAM.,NA
Eucalyptus,sp.,Eucalyptus sp.,Myrtaceae,Exoneura (Exoneura) ?pictifrons,Exoneura,Exoneura,?pictifrons,Apidae,Xylocopinae,NA,Insecta,Hymenoptera,1,WA,Lake Claremont,-31.975178,115.779525,23/11/2019,Nov,2019,"Prendergast, K. S. (2020). Native Bee Survey of Lake Claremont Nov 2019-Feb 2020. Retrieved from Lake Claremont, Western Australia: https://friendsoflakeclaremont.org/?p=4771",S103,Prendergast_2020_1,S,1,1,0,1,1,1,Specimens ID'd by Dr Kit Prendergast. Deposited at WAM.,NA
Hemiandra,pungens,Hemiandra pungens,Lamiaceae,Exoneura (Exoneura) ?pictifrons,Exoneura,Exoneura,?pictifrons,Apidae,Xylocopinae,NA,Insecta,Hymenoptera,2,WA,Lake Claremont,-31.975178,115.779525,24/1/2020,Jan,2020,"Prendergast, K. S. (2020). Native Bee Survey of Lake Claremont Nov 2019-Feb 2020. Retrieved from Lake Claremont, Western Australia: https://friendsoflakeclaremont.org/?p=4771",S103,Prendergast_2020_1,S,1,1,0,1,1,1,Specimens ID'd by Dr Kit Prendergast. Deposited at WAM. Genus requires taxonomic revision [26/11/23],NA
Hemiandra,pungens,Hemiandra pungens,Lamiaceae,Exoneura (Exoneura) ?pictifrons,Exoneura,Exoneura,?pictifrons,Apidae,Xylocopinae,NA,Insecta,Hymenoptera,2,WA,Lake Claremont,-31.975178,115.779525,NA,Jan,2020,"Prendergast, K. S. (2020). Native Bee Survey of Lake Claremont Nov 2019-Feb 2020. Retrieved from Lake Claremont, Western Australia: https://friendsoflakeclaremont.org/?p=4771",S103,Prendergast_2020_1,S,1,1,0,1,1,1,Specimens ID'd by Dr Kit Prendergast. Deposited at WAM. Genus requires taxonomic revision [26/11/23],NA
Jacksonia,sternbergiana,Jacksonia sternbergiana,Fabaceae,Exoneura (Exoneura) ?pictifrons,Exoneura,Exoneura,?pictifrons,Apidae,Xylocopinae,NA,Insecta,Hymenoptera,1,WA,Lake Claremont,-31.975178,115.779525,15/11/2019,Nov,2019,"Prendergast, K. S. (2020). Native Bee Survey of Lake Claremont Nov 2019-Feb 2020. Retrieved from Lake Claremont, Western Australia: https://friendsoflakeclaremont.org/?p=4771",S103,Prendergast_2020_1,S,1,1,0,1,1,1,Specimens ID'd by Dr Kit Prendergast. Deposited at WAM.,NA
Melaleuca,huegelii,Melaleuca huegelii,Myrtaceae,Exoneura (Exoneura) ?pictifrons,Exoneura,Exoneura,?pictifrons,Apidae,Xylocopinae,NA,Insecta,Hymenoptera,1,WA,Lake Claremont,-31.975178,115.779525,15/11/2019,Nov,2019,"Prendergast, K. S. (2020). Native Bee Survey of Lake Claremont Nov 2019-Feb 2020. Retrieved from Lake Claremont, Western Australia: https://friendsoflakeclaremont.org/?p=4771",S103,Prendergast_2020_1,S,1,1,0,1,1,1,Specimens ID'd by Dr Kit Prendergast. Deposited at WAM.,NA
Melaleuca,huegelii,Melaleuca huegelii,Myrtaceae,Exoneura (Exoneura) ?pictifrons,Exoneura,Exoneura,?pictifrons,Apidae,Xylocopinae,NA,Insecta,Hymenoptera,1,WA,Lake Claremont,-31.975178,115.779525,19/1/2020,Jan,2020,"Prendergast, K. S. (2020). Native Bee Survey of Lake Claremont Nov 2019-Feb 2020. Retrieved from Lake Claremont, Western Australia: https://friendsoflakeclaremont.org/?p=4771",S103,Prendergast_2020_1,S,1,1,0,1,1,1,Specimens ID'd by Dr Kit Prendergast. Deposited at WAM.,NA
Melaleuca,huegelii,Melaleuca huegelii,Myrtaceae,Exoneura (Exoneura) ?pictifrons,Exoneura,Exoneura,?pictifrons,Apidae,Xylocopinae,NA,Insecta,Hymenoptera,1,WA,Lake Claremont,-31.975178,115.779525,26/11/2019,Nov,2019,"Prendergast, K. S. (2020). Native Bee Survey of Lake Claremont Nov 2019-Feb 2020. Retrieved from Lake Claremont, Western Australia: https://friendsoflakeclaremont.org/?p=4771",S103,Prendergast_2020_1,S,1,1,0,1,1,1,Specimens ID'd by Dr Kit Prendergast. Deposited at WAM.,NA
Melaleuca,huegelii,Melaleuca huegelii,Myrtaceae,Exoneura (Exoneura) ?pictifrons,Exoneura,Exoneura,?pictifrons,Apidae,Xylocopinae,NA,Insecta,Hymenoptera,1,WA,Lake Claremont,-31.975178,115.779525,28/1/2020,Jan,2020,"Prendergast, K. S. (2020). Native Bee Survey of Lake Claremont Nov 2019-Feb 2020. Retrieved from Lake Claremont, Western Australia: https://friendsoflakeclaremont.org/?p=4771",S103,Prendergast_2020_1,S,1,1,0,1,1,1,Specimens ID'd by Dr Kit Prendergast. Deposited at WAM.,NA
Melaleuca,preissiana,Melaleuca preissiana,Myrtaceae,Exoneura (Exoneura) ?pictifrons,Exoneura,Exoneura,?pictifrons,Apidae,Xylocopinae,NA,Insecta,Hymenoptera,2,WA,Lake Claremont,-31.975178,115.779525,28/1/2020,Jan,2020,"Prendergast, K. S. (2020). Native Bee Survey of Lake Claremont Nov 2019-Feb 2020. Retrieved from Lake Claremont, Western Australia: https://friendsoflakeclaremont.org/?p=4771",S103,Prendergast_2020_1,S,1,1,0,1,1,1,Specimens ID'd by Dr Kit Prendergast. Deposited at WAM.,NA
Melaleuca,systena,Melaleuca systena,Myrtaceae,Exoneura (Exoneura) ?pictifrons,Exoneura,Exoneura,?pictifrons,Apidae,Xylocopinae,NA,Insecta,Hymenoptera,1,WA,Lake Claremont,-31.975178,115.779525,15/11/2019,Nov,2019,"Prendergast, K. S. (2020). Native Bee Survey of Lake Claremont Nov 2019-Feb 2020. Retrieved from Lake Claremont, Western Australia: https://friendsoflakeclaremont.org/?p=4771",S103,Prendergast_2020_1,S,1,1,0,1,1,1,Specimens ID'd by Dr Kit Prendergast. Deposited at WAM.,NA
Rhagodia,baccata,Rhagodia baccata,Chenopodiaceae,Exoneura (Exoneura) ?pictifrons,Exoneura,Exoneura,?pictifrons,Apidae,Xylocopinae,NA,Insecta,Hymenoptera,4,WA,Lake Claremont,-31.975178,115.779525,24/1/2020,Jan,2020,"Prendergast, K. S. (2020). Native Bee Survey of Lake Claremont Nov 2019-Feb 2020. Retrieved from Lake Claremont, Western Australia: https://friendsoflakeclaremont.org/?p=4771",S103,Prendergast_2020_1,S,1,1,0,1,1,1,Specimens ID'd by Dr Kit Prendergast. Deposited at WAM.,NA
Rhagodia,baccata,Rhagodia baccata,Chenopodiaceae,Exoneura (Exoneura) ?pictifrons,Exoneura,Exoneura,?pictifrons,Apidae,Xylocopinae,NA,Insecta,Hymenoptera,2,WA,Lake Claremont,-31.975178,115.779525,28/1/2020,Jan,2020,"Prendergast, K. S. (2020). Native Bee Survey of Lake Claremont Nov 2019-Feb 2020. Retrieved from Lake Claremont, Western Australia: https://friendsoflakeclaremont.org/?p=4771",S103,Prendergast_2020_1,S,1,1,0,1,1,1,Specimens ID'd by Dr Kit Prendergast. Deposited at WAM.,NA
Melaleuca,teretifolia,Melaleuca teretifolia,Myrtaceae,"Hylaeus ""66 F Hylaeus (Prosopisteron) sp.""",Hylaeus,Prosopisteron,66 F Hylaeus (Prosopisteron) sp.,Colletidae,Hylaeinae,NA,Insecta,Hymenoptera,3,WA,Lake Claremont,-31.975178,115.779525,15/11/2019,Nov,2019,"Prendergast, K. S. (2020). Native Bee Survey of Lake Claremont Nov 2019-Feb 2020. Retrieved from Lake Claremont, Western Australia: https://friendsoflakeclaremont.org/?p=4771",S103,Prendergast_2020_1,S,1,1,0,1,1,1,Specimens ID'd by Dr Kit Prendergast. Deposited at WAM.,NA
Melaleuca,huegelii,Melaleuca huegelii,Myrtaceae,Hylaeus (Euprosopis) honestus,Hylaeus,Euprosopis,honestus,Colletidae,Hylaeinae,NA,Insecta,Hymenoptera,1,WA,Lake Claremont,-31.975178,115.779525,28/1/2020,Jan,2020,"Prendergast, K. S. (2020). Native Bee Survey of Lake Claremont Nov 2019-Feb 2020. Retrieved from Lake Claremont, Western Australia: https://friendsoflakeclaremont.org/?p=4771",S103,Prendergast_2020_1,S,1,1,0,1,1,1,Specimens ID'd by Dr Kit Prendergast. Deposited at WAM.,NA
Melaleuca,huegelii,Melaleuca huegelii,Myrtaceae,Hylaeus (Euprosopis) violaceus,Hylaeus,Euprosopis,violaceus,Colletidae,Hylaeinae,NA,Insecta,Hymenoptera,1,WA,Lake Claremont,-31.975178,115.779525,15/11/2019,Nov,2019,"Prendergast, K. S. (2020). Native Bee Survey of Lake Claremont Nov 2019-Feb 2020. Retrieved from Lake Claremont, Western Australia: https://friendsoflakeclaremont.org/?p=4771",S103,Prendergast_2020_1,S,1,1,0,1,1,1,Specimens ID'd by Dr Kit Prendergast. Deposited at WAM.,NA
Melaleuca,teretifolia,Melaleuca teretifolia,Myrtaceae,Hylaeus (Euprosopis) violaceus,Hylaeus,Euprosopis,violaceus,Colletidae,Hylaeinae,NA,Insecta,Hymenoptera,1,WA,Lake Claremont,-31.975178,115.779525,15/11/2019,Nov,2019,"Prendergast, K. S. (2020). Native Bee Survey of Lake Claremont Nov 2019-Feb 2020. Retrieved from Lake Claremont, Western Australia: https://friendsoflakeclaremont.org/?p=4771",S103,Prendergast_2020_1,S,1,1,0,1,1,1,Specimens ID'd by Dr Kit Prendergast. Deposited at WAM.,NA
Corymbia,calophylla,Corymbia calophylla,Myrtaceae,Hylaeus (Euprosopoides) obtusatus,Hylaeus,Euprosopoides,obtusatus,Colletidae,Hylaeinae,NA,Insecta,Hymenoptera,2,WA,Lake Claremont,-31.975178,115.779525,28/12/2019,Dec,2019,"Prendergast, K. S. (2020). Native Bee Survey of Lake Claremont Nov 2019-Feb 2020. Retrieved from Lake Claremont, Western Australia: https://friendsoflakeclaremont.org/?p=4771",S103,Prendergast_2020_1,S,1,1,0,1,1,1,Specimens ID'd by Dr Kit Prendergast. Deposited at WAM.,NA
Eucalyptus,marginata,Eucalyptus marginata,Myrtaceae,Hylaeus (Euprosopoides) obtusatus,Hylaeus,Euprosopoides,obtusatus,Colletidae,Hylaeinae,NA,Insecta,Hymenoptera,1,WA,Lake Claremont,-31.975178,115.779525,11/12/2019,Dec,2019,"Prendergast, K. S. (2020). Native Bee Survey of Lake Claremont Nov 2019-Feb 2020. Retrieved from Lake Claremont, Western Australia: https://friendsoflakeclaremont.org/?p=4771",S103,Prendergast_2020_1,S,1,1,0,1,1,1,Specimens ID'd by Dr Kit Prendergast. Deposited at WAM.,NA
Eucalyptus,marginata,Eucalyptus marginata,Myrtaceae,Hylaeus (Euprosopoides) obtusatus,Hylaeus,Euprosopoides,obtusatus,Colletidae,Hylaeinae,NA,Insecta,Hymenoptera,1,WA,Lake Claremont,-31.975178,115.779525,31/12/2019,Dec,2019,"Prendergast, K. S. (2020). Native Bee Survey of Lake Claremont Nov 2019-Feb 2020. Retrieved from Lake Claremont, Western Australia: https://friendsoflakeclaremont.org/?p=4771",S103,Prendergast_2020_1,S,1,1,0,1,1,1,Specimens ID'd by Dr Kit Prendergast. Deposited at WAM.,NA
Melaleuca,huegelii,Melaleuca huegelii,Myrtaceae,Hylaeus (Euprosopoides) obtusatus,Hylaeus,Euprosopoides,obtusatus,Colletidae,Hylaeinae,NA,Insecta,Hymenoptera,8,WA,Lake Claremont,-31.975178,115.779525,15/11/2019,Nov,2019,"Prendergast, K. S. (2020). Native Bee Survey of Lake Claremont Nov 2019-Feb 2020. Retrieved from Lake Claremont, Western Australia: https://friendsoflakeclaremont.org/?p=4771",S103,Prendergast_2020_1,S,1,1,0,1,1,1,Specimens ID'd by Dr Kit Prendergast. Deposited at WAM.,NA
Melaleuca,huegelii,Melaleuca huegelii,Myrtaceae,Hylaeus (Euprosopoides) obtusatus,Hylaeus,Euprosopoides,obtusatus,Colletidae,Hylaeinae,NA,Insecta,Hymenoptera,1,WA,Lake Claremont,-31.975178,115.779525,19/1/2020,Jan,2020,"Prendergast, K. S. (2020). Native Bee Survey of Lake Claremont Nov 2019-Feb 2020. Retrieved from Lake Claremont, Western Australia: https://friendsoflakeclaremont.org/?p=4771",S103,Prendergast_2020_1,S,1,1,0,1,1,1,Specimens ID'd by Dr Kit Prendergast. Deposited at WAM.,NA
Melaleuca,huegelii,Melaleuca huegelii,Myrtaceae,Hylaeus (Euprosopoides) obtusatus,Hylaeus,Euprosopoides,obtusatus,Colletidae,Hylaeinae,NA,Insecta,Hymenoptera,8,WA,Lake Claremont,-31.975178,115.779525,26/11/2019,Nov,2019,"Prendergast, K. S. (2020). Native Bee Survey of Lake Claremont Nov 2019-Feb 2020. Retrieved from Lake Claremont, Western Australia: https://friendsoflakeclaremont.org/?p=4771",S103,Prendergast_2020_1,S,1,1,0,1,1,1,Specimens ID'd by Dr Kit Prendergast. Deposited at WAM.,NA
Melaleuca,teretifolia,Melaleuca teretifolia,Myrtaceae,Hylaeus (Euprosopoides) obtusatus,Hylaeus,Euprosopoides,obtusatus,Colletidae,Hylaeinae,NA,Insecta,Hymenoptera,1,WA,Lake Claremont,-31.975178,115.779525,15/11/2019,Nov,2019,"Prendergast, K. S. (2020). Native Bee Survey of Lake Claremont Nov 2019-Feb 2020. Retrieved from Lake Claremont, Western Australia: https://friendsoflakeclaremont.org/?p=4771",S103,Prendergast_2020_1,S,1,1,0,1,1,1,Specimens ID'd by Dr Kit Prendergast. Deposited at WAM.,NA
Corymbia,calophylla,Corymbia calophylla,Myrtaceae,Hylaeus (Euprosopoides) ruficeps kalamundae,Hylaeus,Euprosopoides,ruficeps kalamundae,Colletidae,Hylaeinae,NA,Insecta,Hymenoptera,1,WA,Lake Claremont,-31.975178,115.779525,28/12/2019,Dec,2019,"Prendergast, K. S. (2020). Native Bee Survey of Lake Claremont Nov 2019-Feb 2020. Retrieved from Lake Claremont, Western Australia: https://friendsoflakeclaremont.org/?p=4771",S103,Prendergast_2020_1,S,1,1,0,1,1,1,Specimens ID'd by Dr Kit Prendergast. Deposited at WAM.,NA
Eucalyptus,marginata,Eucalyptus marginata,Myrtaceae,Hylaeus (Euprosopoides) ruficeps kalamundae,Hylaeus,Euprosopoides,ruficeps kalamundae,Colletidae,Hylaeinae,NA,Insecta,Hymenoptera,3,WA,Lake Claremont,-31.975178,115.779525,31/12/2019,Dec,2019,"Prendergast, K. S. (2020). Native Bee Survey of Lake Claremont Nov 2019-Feb 2020. Retrieved from Lake Claremont, Western Australia: https://friendsoflakeclaremont.org/?p=4771",S103,Prendergast_2020_1,S,1,1,0,1,1,1,Specimens ID'd by Dr Kit Prendergast. Deposited at WAM.,NA
Eucalyptus,patens,Eucalyptus patens,Myrtaceae,Hylaeus (Euprosopoides) ruficeps kalamundae,Hylaeus,Euprosopoides,ruficeps kalamundae,Colletidae,Hylaeinae,NA,Insecta,Hymenoptera,1,WA,Lake Claremont,-31.975178,115.779525,28/12/2019,Dec,2019,"Prendergast, K. S. (2020). Native Bee Survey of Lake Claremont Nov 2019-Feb 2020. Retrieved from Lake Claremont, Western Australia: https://friendsoflakeclaremont.org/?p=4771",S103,Prendergast_2020_1,S,1,1,0,1,1,1,Specimens ID'd by Dr Kit Prendergast. Deposited at WAM.,NA
Melaleuca,huegelii,Melaleuca huegelii,Myrtaceae,Hylaeus (Euprosopoides) ruficeps kalamundae,Hylaeus,Euprosopoides,ruficeps kalamundae,Colletidae,Hylaeinae,NA,Insecta,Hymenoptera,1,WA,Lake Claremont,-31.975178,115.779525,11/12/2019,Dec,2019,"Prendergast, K. S. (2020). Native Bee Survey of Lake Claremont Nov 2019-Feb 2020. Retrieved from Lake Claremont, Western Australia: https://friendsoflakeclaremont.org/?p=4771",S103,Prendergast_2020_1,S,1,1,0,1,1,1,Specimens ID'd by Dr Kit Prendergast. Deposited at WAM.,NA
Melaleuca,huegelii,Melaleuca huegelii,Myrtaceae,Hylaeus (Euprosopoides) ruficeps kalamundae,Hylaeus,Euprosopoides,ruficeps kalamundae,Colletidae,Hylaeinae,NA,Insecta,Hymenoptera,1,WA,Lake Claremont,-31.975178,115.779525,24/1/2020,Jan,2020,"Prendergast, K. S. (2020). Native Bee Survey of Lake Claremont Nov 2019-Feb 2020. Retrieved from Lake Claremont, Western Australia: https://friendsoflakeclaremont.org/?p=4771",S103,Prendergast_2020_1,S,1,1,0,1,1,1,Specimens ID'd by Dr Kit Prendergast. Deposited at WAM.,NA
Melaleuca,huegelii,Melaleuca huegelii,Myrtaceae,Hylaeus (Euprosopoides) ruficeps kalamundae,Hylaeus,Euprosopoides,ruficeps kalamundae,Colletidae,Hylaeinae,NA,Insecta,Hymenoptera,2,WA,Lake Claremont,-31.975178,115.779525,28/1/2020,Jan,2020,"Prendergast, K. S. (2020). Native Bee Survey of Lake Claremont Nov 2019-Feb 2020. Retrieved from Lake Claremont, Western Australia: https://friendsoflakeclaremont.org/?p=4771",S103,Prendergast_2020_1,S,1,1,0,1,1,1,Specimens ID'd by Dr Kit Prendergast. Deposited at WAM.,NA
Melaleuca,preissiana,Melaleuca preissiana,Myrtaceae,Hylaeus (Euprosopoides) ruficeps kalamundae,Hylaeus,Euprosopoides,ruficeps kalamundae,Colletidae,Hylaeinae,NA,Insecta,Hymenoptera,1,WA,Lake Claremont,-31.975178,115.779525,28/1/2020,Jan,2020,"Prendergast, K. S. (2020). Native Bee Survey of Lake Claremont Nov 2019-Feb 2020. Retrieved from Lake Claremont, Western Australia: https://friendsoflakeclaremont.org/?p=4771",S103,Prendergast_2020_1,S,1,1,0,1,1,1,Specimens ID'd by Dr Kit Prendergast. Deposited at WAM.,NA
Melaleuca,huegelii,Melaleuca huegelii,Myrtaceae,Hylaeus (Gnathoprosopis) amiculus,Hylaeus,Gnathoprosopis,amiculus,Colletidae,Hylaeinae,NA,Insecta,Hymenoptera,3,WA,Lake Claremont,-31.975178,115.779525,15/11/2019,Nov,2019,"Prendergast, K. S. (2020). Native Bee Survey of Lake Claremont Nov 2019-Feb 2020. Retrieved from Lake Claremont, Western Australia: https://friendsoflakeclaremont.org/?p=4771",S103,Prendergast_2020_1,S,1,1,0,1,1,1,Specimens ID'd by Dr Kit Prendergast. Deposited at WAM.,NA
Eucalyptus,marginata,Eucalyptus marginata,Myrtaceae,Hylaeus (Gnathoprosopis) euxanthus,Hylaeus,Gnathoprosopis,euxanthus,Colletidae,Hylaeinae,NA,Insecta,Hymenoptera,1,WA,Lake Claremont,-31.975178,115.779525,31/12/2019,Dec,2019,"Prendergast, K. S. (2020). Native Bee Survey of Lake Claremont Nov 2019-Feb 2020. Retrieved from Lake Claremont, Western Australia: https://friendsoflakeclaremont.org/?p=4771",S103,Prendergast_2020_1,S,1,1,0,1,1,1,Specimens ID'd by Dr Kit Prendergast. Deposited at WAM.,NA
Eucalyptus,patens,Eucalyptus patens,Myrtaceae,Hylaeus (Gnathoprosopis) euxanthus,Hylaeus,Gnathoprosopis,euxanthus,Colletidae,Hylaeinae,NA,Insecta,Hymenoptera,1,WA,Lake Claremont,-31.975178,115.779525,31/12/2019,Dec,2019,"Prendergast, K. S. (2020). Native Bee Survey of Lake Claremont Nov 2019-Feb 2020. Retrieved from Lake Claremont, Western Australia: https://friendsoflakeclaremont.org/?p=4771",S103,Prendergast_2020_1,S,1,1,0,1,1,1,Specimens ID'd by Dr Kit Prendergast. Deposited at WAM.,NA
Melaleuca,huegelii,Melaleuca huegelii,Myrtaceae,Hylaeus (Gnathoprosopis) euxanthus,Hylaeus,Gnathoprosopis,euxanthus,Colletidae,Hylaeinae,NA,Insecta,Hymenoptera,7,WA,Lake Claremont,-31.975178,115.779525,15/11/2019,Nov,2019,"Prendergast, K. S. (2020). Native Bee Survey of Lake Claremont Nov 2019-Feb 2020. Retrieved from Lake Claremont, Western Australia: https://friendsoflakeclaremont.org/?p=4771",S103,Prendergast_2020_1,S,1,1,0,1,1,1,Specimens ID'd by Dr Kit Prendergast. Deposited at WAM.,NA
Melaleuca,huegelii,Melaleuca huegelii,Myrtaceae,Hylaeus (Gnathoprosopis) euxanthus,Hylaeus,Gnathoprosopis,euxanthus,Colletidae,Hylaeinae,NA,Insecta,Hymenoptera,17,WA,Lake Claremont,-31.975178,115.779525,19/1/2020,Jan,2020,"Prendergast, K. S. (2020). Native Bee Survey of Lake Claremont Nov 2019-Feb 2020. Retrieved from Lake Claremont, Western Australia: https://friendsoflakeclaremont.org/?p=4771",S103,Prendergast_2020_1,S,1,1,0,1,1,1,Specimens ID'd by Dr Kit Prendergast. Deposited at WAM.,NA
Melaleuca,teretifolia,Melaleuca teretifolia,Myrtaceae,Hylaeus (Gnathoprosopis) euxanthus,Hylaeus,Gnathoprosopis,euxanthus,Colletidae,Hylaeinae,NA,Insecta,Hymenoptera,4,WA,Lake Claremont,-31.975178,115.779525,15/11/2019,Nov,2019,"Prendergast, K. S. (2020). Native Bee Survey of Lake Claremont Nov 2019-Feb 2020. Retrieved from Lake Claremont, Western Australia: https://friendsoflakeclaremont.org/?p=4771",S103,Prendergast_2020_1,S,1,1,0,1,1,1,Specimens ID'd by Dr Kit Prendergast. Deposited at WAM.,NA
Rhagodia,baccata,Rhagodia baccata,Chenopodiaceae,Hylaeus (Gnathoprosopis) euxanthus,Hylaeus,Gnathoprosopis,euxanthus,Colletidae,Hylaeinae,NA,Insecta,Hymenoptera,1,WA,Lake Claremont,-31.975178,115.779525,24/1/2020,Jan,2020,"Prendergast, K. S. (2020). Native Bee Survey of Lake Claremont Nov 2019-Feb 2020. Retrieved from Lake Claremont, Western Australia: https://friendsoflakeclaremont.org/?p=4771",S103,Prendergast_2020_1,S,1,1,0,1,1,1,Specimens ID'd by Dr Kit Prendergast. Deposited at WAM.,NA
Eucalyptus,marginata,Eucalyptus marginata,Myrtaceae,Hylaeus (Hylaeorhiza) nubilosus,Hylaeus,Hylaeorhiza,nubilosus,Colletidae,Hylaeinae,NA,Insecta,Hymenoptera,6,WA,Lake Claremont,-31.975178,115.779525,31/12/2019,Dec,2019,"Prendergast, K. S. (2020). Native Bee Survey of Lake Claremont Nov 2019-Feb 2020. Retrieved from Lake Claremont, Western Australia: https://friendsoflakeclaremont.org/?p=4771",S103,Prendergast_2020_1,S,1,1,0,1,1,1,Specimens ID'd by Dr Kit Prendergast. Deposited at WAM.,NA
Eucalyptus,patens,Eucalyptus patens,Myrtaceae,Hylaeus (Hylaeorhiza) nubilosus,Hylaeus,Hylaeorhiza,nubilosus,Colletidae,Hylaeinae,NA,Insecta,Hymenoptera,1,WA,Lake Claremont,-31.975178,115.779525,28/12/2019,Dec,2019,"Prendergast, K. S. (2020). Native Bee Survey of Lake Claremont Nov 2019-Feb 2020. Retrieved from Lake Claremont, Western Australia: https://friendsoflakeclaremont.org/?p=4771",S103,Prendergast_2020_1,S,1,1,0,1,1,1,Specimens ID'd by Dr Kit Prendergast. Deposited at WAM.,NA
Banksia,prionotes,Banksia prionotes,Proteaceae,Hylaeus (Macrohylaeus) alcyoneus,Hylaeus,Macrohylaeus,alcyoneus,Colletidae,Hylaeinae,NA,Insecta,Hymenoptera,2,WA,Lake Claremont,-31.975178,115.779525,28/1/2020,Jan,2020,"Prendergast, K. S. (2020). Native Bee Survey of Lake Claremont Nov 2019-Feb 2020. Retrieved from Lake Claremont, Western Australia: https://friendsoflakeclaremont.org/?p=4771",S103,Prendergast_2020_1,S,1,1,0,1,1,1,Specimens ID'd by Dr Kit Prendergast. Deposited at WAM.,NA
Eucalyptus,sp.,Eucalyptus sp.,Myrtaceae,"Hylaeus (Prosopisteron) ""bicurvatus""",Hylaeus,Prosopisteron,"""bicurvatus""",Colletidae,Hylaeinae,NA,Insecta,Hymenoptera,1,WA,Lake Claremont,-31.975178,115.779525,26/11/2019,Nov,2019,"Prendergast, K. S. (2020). Native Bee Survey of Lake Claremont Nov 2019-Feb 2020. Retrieved from Lake Claremont, Western Australia: https://friendsoflakeclaremont.org/?p=4771",S103,Prendergast_2020_1,S,1,1,0,1,1,1,Specimens ID'd by Dr Kit Prendergast. Deposited at WAM.,NA
Corymbia,calophylla,Corymbia calophylla,Myrtaceae,"Hylaeus (Prosopisteron) ""breviscapatus""",Hylaeus,Prosopisteron,"""breviscapatus""",Colletidae,Hylaeinae,NA,Insecta,Hymenoptera,1,WA,Lake Claremont,-31.975178,115.779525,31/12/2019,Dec,2019,"Prendergast, K. S. (2020). Native Bee Survey of Lake Claremont Nov 2019-Feb 2020. Retrieved from Lake Claremont, Western Australia: https://friendsoflakeclaremont.org/?p=4771",S103,Prendergast_2020_1,S,1,1,0,1,1,1,Specimens ID'd by Dr Kit Prendergast. Deposited at WAM.,NA
Eucalyptus,erythrocorys,Eucalyptus erythrocorys,Myrtaceae,"Hylaeus (Prosopisteron) ""breviscapatus""",Hylaeus,Prosopisteron,"""breviscapatus""",Colletidae,Hylaeinae,NA,Insecta,Hymenoptera,1,WA,Lake Claremont,-31.975178,115.779525,19/1/2020,Jan,2020,"Prendergast, K. S. (2020). Native Bee Survey of Lake Claremont Nov 2019-Feb 2020. Retrieved from Lake Claremont, Western Australia: https://friendsoflakeclaremont.org/?p=4771",S103,Prendergast_2020_1,S,1,1,0,1,1,1,Specimens ID'd by Dr Kit Prendergast. Deposited at WAM.,NA
Eucalyptus,marginata,Eucalyptus marginata,Myrtaceae,"Hylaeus (Prosopisteron) ""breviscapatus""",Hylaeus,Prosopisteron,"""breviscapatus""",Colletidae,Hylaeinae,NA,Insecta,Hymenoptera,2,WA,Lake Claremont,-31.975178,115.779525,11/12/2019,Dec,2019,"Prendergast, K. S. (2020). Native Bee Survey of Lake Claremont Nov 2019-Feb 2020. Retrieved from Lake Claremont, Western Australia: https://friendsoflakeclaremont.org/?p=4771",S103,Prendergast_2020_1,S,1,1,0,1,1,1,Specimens ID'd by Dr Kit Prendergast. Deposited at WAM.,NA
Eucalyptus,patens,Eucalyptus patens,Myrtaceae,"Hylaeus (Prosopisteron) ""breviscapatus""",Hylaeus,Prosopisteron,"""breviscapatus""",Colletidae,Hylaeinae,NA,Insecta,Hymenoptera,1,WA,Lake Claremont,-31.975178,115.779525,28/12/2019,Dec,2019,"Prendergast, K. S. (2020). Native Bee Survey of Lake Claremont Nov 2019-Feb 2020. Retrieved from Lake Claremont, Western Australia: https://friendsoflakeclaremont.org/?p=4771",S103,Prendergast_2020_1,S,1,1,0,1,1,1,Specimens ID'd by Dr Kit Prendergast. Deposited at WAM.,NA
Eucalyptus,sp.,Eucalyptus sp.,Myrtaceae,"Hylaeus (Prosopisteron) ""breviscapatus""",Hylaeus,Prosopisteron,"""breviscapatus""",Colletidae,Hylaeinae,NA,Insecta,Hymenoptera,1,WA,Lake Claremont,-31.975178,115.779525,26/11/2019,Nov,2019,"Prendergast, K. S. (2020). Native Bee Survey of Lake Claremont Nov 2019-Feb 2020. Retrieved from Lake Claremont, Western Australia: https://friendsoflakeclaremont.org/?p=4771",S103,Prendergast_2020_1,S,1,1,0,1,1,1,Specimens ID'd by Dr Kit Prendergast. Deposited at WAM.,NA
Melaleuca,preissiana,Melaleuca preissiana,Myrtaceae,"Hylaeus (Prosopisteron) ""breviscapatus""",Hylaeus,Prosopisteron,"""breviscapatus""",Colletidae,Hylaeinae,NA,Insecta,Hymenoptera,1,WA,Lake Claremont,-31.975178,115.779525,28/1/2020,Jan,2020,"Prendergast, K. S. (2020). Native Bee Survey of Lake Claremont Nov 2019-Feb 2020. Retrieved from Lake Claremont, Western Australia: https://friendsoflakeclaremont.org/?p=4771",S103,Prendergast_2020_1,S,1,1,0,1,1,1,Specimens ID'd by Dr Kit Prendergast. Deposited at WAM.,NA
Corymbia,ficifolia,Corymbia ficifolia,Myrtaceae,"Hylaeus (Prosopisteron) ""latifacies""",Hylaeus,Prosopisteron,"""latifacies""",Colletidae,Hylaeinae,NA,Insecta,Hymenoptera,8,WA,Lake Claremont,-31.975178,115.779525,11/11/2019,Nov,2019,"Prendergast, K. S. (2020). Native Bee Survey of Lake Claremont Nov 2019-Feb 2020. Retrieved from Lake Claremont, Western Australia: https://friendsoflakeclaremont.org/?p=4771",S103,Prendergast_2020_1,S,1,1,0,1,1,1,Specimens ID'd by Dr Kit Prendergast. Deposited at WAM.,NA
Eucalyptus,erythrocorys,Eucalyptus erythrocorys,Myrtaceae,"Hylaeus (Prosopisteron) ""latifacies""",Hylaeus,Prosopisteron,"""latifacies""",Colletidae,Hylaeinae,NA,Insecta,Hymenoptera,1,WA,Lake Claremont,-31.975178,115.779525,28/1/2020,Jan,2020,"Prendergast, K. S. (2020). Native Bee Survey of Lake Claremont Nov 2019-Feb 2020. Retrieved from Lake Claremont, Western Australia: https://friendsoflakeclaremont.org/?p=4771",S103,Prendergast_2020_1,S,1,1,0,1,1,1,Specimens ID'd by Dr Kit Prendergast. Deposited at WAM.,NA
Eucalyptus,marginata,Eucalyptus marginata,Myrtaceae,"Hylaeus (Prosopisteron) ""latifacies""",Hylaeus,Prosopisteron,"""latifacies""",Colletidae,Hylaeinae,NA,Insecta,Hymenoptera,3,WA,Lake Claremont,-31.975178,115.779525,11/12/2019,Dec,2019,"Prendergast, K. S. (2020). Native Bee Survey of Lake Claremont Nov 2019-Feb 2020. Retrieved from Lake Claremont, Western Australia: https://friendsoflakeclaremont.org/?p=4771",S103,Prendergast_2020_1,S,1,1,0,1,1,1,Specimens ID'd by Dr Kit Prendergast. Deposited at WAM.,NA
Eucalyptus,patens,Eucalyptus patens,Myrtaceae,"Hylaeus (Prosopisteron) ""latifacies""",Hylaeus,Prosopisteron,"""latifacies""",Colletidae,Hylaeinae,NA,Insecta,Hymenoptera,3,WA,Lake Claremont,-31.975178,115.779525,31/12/2019,Dec,2019,"Prendergast, K. S. (2020). Native Bee Survey of Lake Claremont Nov 2019-Feb 2020. Retrieved from Lake Claremont, Western Australia: https://friendsoflakeclaremont.org/?p=4771",S103,Prendergast_2020_1,S,1,1,0,1,1,1,Specimens ID'd by Dr Kit Prendergast. Deposited at WAM.,NA
Melaleuca,huegelii,Melaleuca huegelii,Myrtaceae,"Hylaeus (Prosopisteron) ""latifacies""",Hylaeus,Prosopisteron,"""latifacies""",Colletidae,Hylaeinae,NA,Insecta,Hymenoptera,1,WA,Lake Claremont,-31.975178,115.779525,15/11/2019,Nov,2019,"Prendergast, K. S. (2020). Native Bee Survey of Lake Claremont Nov 2019-Feb 2020. Retrieved from Lake Claremont, Western Australia: https://friendsoflakeclaremont.org/?p=4771",S103,Prendergast_2020_1,S,1,1,0,1,1,1,Specimens ID'd by Dr Kit Prendergast. Deposited at WAM.,NA
Melaleuca,huegelii,Melaleuca huegelii,Myrtaceae,"Hylaeus (Prosopisteron) ""latifacies""",Hylaeus,Prosopisteron,"""latifacies""",Colletidae,Hylaeinae,NA,Insecta,Hymenoptera,1,WA,Lake Claremont,-31.975178,115.779525,26/11/2019,Nov,2019,"Prendergast, K. S. (2020). Native Bee Survey of Lake Claremont Nov 2019-Feb 2020. Retrieved from Lake Claremont, Western Australia: https://friendsoflakeclaremont.org/?p=4771",S103,Prendergast_2020_1,S,1,1,0,1,1,1,Specimens ID'd by Dr Kit Prendergast. Deposited at WAM.,NA
Melaleuca,teretifolia,Melaleuca teretifolia,Myrtaceae,"Hylaeus (Prosopisteron) ""latifacies""",Hylaeus,Prosopisteron,"""latifacies""",Colletidae,Hylaeinae,NA,Insecta,Hymenoptera,3,WA,Lake Claremont,-31.975178,115.779525,15/11/2019,Nov,2019,"Prendergast, K. S. (2020). Native Bee Survey of Lake Claremont Nov 2019-Feb 2020. Retrieved from Lake Claremont, Western Australia: https://friendsoflakeclaremont.org/?p=4771",S103,Prendergast_2020_1,S,1,1,0,1,1,1,Specimens ID'd by Dr Kit Prendergast. Deposited at WAM.,NA
Melaleuca,teretifolia,Melaleuca teretifolia,Myrtaceae,"Hylaeus (Prosopisteron) ""latifacies""",Hylaeus,Prosopisteron,"""latifacies""",Colletidae,Hylaeinae,NA,Insecta,Hymenoptera,2,WA,Lake Claremont,-31.975178,115.779525,23/11/2019,Nov,2019,"Prendergast, K. S. (2020). Native Bee Survey of Lake Claremont Nov 2019-Feb 2020. Retrieved from Lake Claremont, Western Australia: https://friendsoflakeclaremont.org/?p=4771",S103,Prendergast_2020_1,S,1,1,0,1,1,1,Specimens ID'd by Dr Kit Prendergast. Deposited at WAM.,NA
Eucalyptus,marginata,Eucalyptus marginata,Myrtaceae,Hylaeus (Prosopisteron) aralis,Hylaeus,Prosopisteron,aralis,Colletidae,Hylaeinae,NA,Insecta,Hymenoptera,12,WA,Lake Claremont,-31.975178,115.779525,11/12/2019,Dec,2019,"Prendergast, K. S. (2020). Native Bee Survey of Lake Claremont Nov 2019-Feb 2020. Retrieved from Lake Claremont, Western Australia: https://friendsoflakeclaremont.org/?p=4771",S103,Prendergast_2020_1,S,1,1,0,1,1,1,Specimens ID'd by Dr Kit Prendergast. Deposited at WAM.,NA
Eucalyptus,patens,Eucalyptus patens,Myrtaceae,Hylaeus (Prosopisteron) aralis,Hylaeus,Prosopisteron,aralis,Colletidae,Hylaeinae,NA,Insecta,Hymenoptera,3,WA,Lake Claremont,-31.975178,115.779525,28/12/2019,Dec,2019,"Prendergast, K. S. (2020). Native Bee Survey of Lake Claremont Nov 2019-Feb 2020. Retrieved from Lake Claremont, Western Australia: https://friendsoflakeclaremont.org/?p=4771",S103,Prendergast_2020_1,S,1,1,0,1,1,1,Specimens ID'd by Dr Kit Prendergast. Deposited at WAM.,NA
Eucalyptus,sp.,Eucalyptus sp.,Myrtaceae,Hylaeus (Prosopisteron) aralis,Hylaeus,Prosopisteron,aralis,Colletidae,Hylaeinae,NA,Insecta,Hymenoptera,8,WA,Lake Claremont,-31.975178,115.779525,26/11/2019,Nov,2019,"Prendergast, K. S. (2020). Native Bee Survey of Lake Claremont Nov 2019-Feb 2020. Retrieved from Lake Claremont, Western Australia: https://friendsoflakeclaremont.org/?p=4771",S103,Prendergast_2020_1,S,1,1,0,1,1,1,Specimens ID'd by Dr Kit Prendergast. Deposited at WAM.,NA
Melaleuca,quinquenervia,Melaleuca quinquenervia,Myrtaceae,Hylaeus (Prosopisteron) aralis,Hylaeus,Prosopisteron,aralis,Colletidae,Hylaeinae,NA,Insecta,Hymenoptera,1,WA,Lake Claremont,-31.975178,115.779525,24/1/2020,Jan,2020,"Prendergast, K. S. (2020). Native Bee Survey of Lake Claremont Nov 2019-Feb 2020. Retrieved from Lake Claremont, Western Australia: https://friendsoflakeclaremont.org/?p=4771",S103,Prendergast_2020_1,S,1,1,0,1,1,1,Specimens ID'd by Dr Kit Prendergast. Deposited at WAM.,NA
Melaleuca,teretifolia,Melaleuca teretifolia,Myrtaceae,Hylaeus (Rhodohylaeus) proximus,Hylaeus,Rhodohylaeus,proximus,Colletidae,Hylaeinae,NA,Insecta,Hymenoptera,1,WA,Lake Claremont,-31.975178,115.779525,15/11/2019,Nov,2019,"Prendergast, K. S. (2020). Native Bee Survey of Lake Claremont Nov 2019-Feb 2020. Retrieved from Lake Claremont, Western Australia: https://friendsoflakeclaremont.org/?p=4771",S103,Prendergast_2020_1,S,1,1,0,1,1,1,Specimens ID'd by Dr Kit Prendergast. Deposited at WAM.,NA
Eucalyptus,marginata,Eucalyptus marginata,Myrtaceae,Hyleoides zonalis,Hyleoides,NA,zonalis,Colletidae,Hylaeinae,NA,Insecta,Hymenoptera,1,WA,Lake Claremont,-31.975178,115.779525,31/12/2019,Dec,2019,"Prendergast, K. S. (2020). Native Bee Survey of Lake Claremont Nov 2019-Feb 2020. Retrieved from Lake Claremont, Western Australia: https://friendsoflakeclaremont.org/?p=4771",S103,Prendergast_2020_1,S,1,1,0,1,1,1,Specimens ID'd by Dr Kit Prendergast. Deposited at WAM.,NA
Corymbia,ficifolia,Corymbia ficifolia,Myrtaceae,Lasioglossum (Chilalictus) castor,Lasioglossum,Chilalictus,castor,Halictidae,Halictinae,NA,Insecta,Hymenoptera,1,WA,Lake Claremont,-31.975178,115.779525,11/11/2019,Nov,2019,"Prendergast, K. S. (2020). Native Bee Survey of Lake Claremont Nov 2019-Feb 2020. Retrieved from Lake Claremont, Western Australia: https://friendsoflakeclaremont.org/?p=4771",S103,Prendergast_2020_1,S,1,1,0,1,1,1,Specimens ID'd by Dr Kit Prendergast. Deposited at WAM.,NA
Rhagodia,baccata,Rhagodia baccata,Chenopodiaceae,Lasioglossum (Chilalictus) castor,Lasioglossum,Chilalictus,castor,Halictidae,Halictinae,NA,Insecta,Hymenoptera,1,WA,Lake Claremont,-31.975178,115.779525,26/11/2019,Nov,2019,"Prendergast, K. S. (2020). Native Bee Survey of Lake Claremont Nov 2019-Feb 2020. Retrieved from Lake Claremont, Western Australia: https://friendsoflakeclaremont.org/?p=4771",S103,Prendergast_2020_1,S,1,1,0,1,1,1,Specimens ID'd by Dr Kit Prendergast. Deposited at WAM.,NA
Scaevola,crassifolia,Scaevola crassifolia,Goodeniaceae,Lasioglossum (Chilalictus) castor,Lasioglossum,Chilalictus,castor,Halictidae,Halictinae,NA,Insecta,Hymenoptera,5,WA,Lake Claremont,-31.975178,115.779525,23/11/2019,Nov,2019,"Prendergast, K. S. (2020). Native Bee Survey of Lake Claremont Nov 2019-Feb 2020. Retrieved from Lake Claremont, Western Australia: https://friendsoflakeclaremont.org/?p=4771",S103,Prendergast_2020_1,S,1,1,0,1,1,1,Specimens ID'd by Dr Kit Prendergast. Deposited at WAM.,NA
Melaleuca,huegelii,Melaleuca huegelii,Myrtaceae,Lasioglossum (Chilalictus) hemichalceum,Lasioglossum,Chilalictus,hemichalceum,Halictidae,Halictinae,NA,Insecta,Hymenoptera,1,WA,Lake Claremont,-31.975178,115.779525,19/1/2020,Jan,2020,"Prendergast, K. S. (2020). Native Bee Survey of Lake Claremont Nov 2019-Feb 2020. Retrieved from Lake Claremont, Western Australia: https://friendsoflakeclaremont.org/?p=4771",S103,Prendergast_2020_1,S,1,1,0,1,1,1,Specimens ID'd by Dr Kit Prendergast. Deposited at WAM.,NA
Eucalyptus,marginata,Eucalyptus marginata,Myrtaceae,"Lasioglossum (Homalictus) ""Homalictus sp.6""",Lasioglossum,Chilalictus,"""Homalictus sp.6""",Halictidae,Halictinae,NA,Insecta,Hymenoptera,3,WA,Lake Claremont,-31.975178,115.779525,31/12/2019,Dec,2019,"Prendergast, K. S. (2020). Native Bee Survey of Lake Claremont Nov 2019-Feb 2020. Retrieved from Lake Claremont, Western Australia: https://friendsoflakeclaremont.org/?p=4771",S103,Prendergast_2020_1,S,1,1,0,1,1,1,Specimens ID'd by Dr Kit Prendergast. Deposited at WAM.,NA
Eucalyptus,marginata,Eucalyptus marginata,Myrtaceae,Lasioglossum (Homalictus) dotatum,Lasioglossum,Homalictus,dotatum,Halictidae,Halictinae,NA,Insecta,Hymenoptera,2,WA,Lake Claremont,-31.975178,115.779525,31/12/2019,Dec,2019,"Prendergast, K. S. (2020). Native Bee Survey of Lake Claremont Nov 2019-Feb 2020. Retrieved from Lake Claremont, Western Australia: https://friendsoflakeclaremont.org/?p=4771",S103,Prendergast_2020_1,S,1,1,0,1,1,1,Specimens ID'd by Dr Kit Prendergast. Deposited at WAM.,NA
Eucalyptus,patens,Eucalyptus patens,Myrtaceae,Lasioglossum (Homalictus) dotatum,Lasioglossum,Homalictus,dotatum,Halictidae,Halictinae,NA,Insecta,Hymenoptera,2,WA,Lake Claremont,-31.975178,115.779525,28/12/2019,Dec,2019,"Prendergast, K. S. (2020). Native Bee Survey of Lake Claremont Nov 2019-Feb 2020. Retrieved from Lake Claremont, Western Australia: https://friendsoflakeclaremont.org/?p=4771",S103,Prendergast_2020_1,S,1,1,0,1,1,1,Specimens ID'd by Dr Kit Prendergast. Deposited at WAM.,NA
Eucalyptus,patens,Eucalyptus patens,Myrtaceae,Lasioglossum (Homalictus) dotatum,Lasioglossum,Homalictus,dotatum,Halictidae,Halictinae,NA,Insecta,Hymenoptera,2,WA,Lake Claremont,-31.975178,115.779525,31/12/2019,Dec,2019,"Prendergast, K. S. (2020). Native Bee Survey of Lake Claremont Nov 2019-Feb 2020. Retrieved from Lake Claremont, Western Australia: https://friendsoflakeclaremont.org/?p=4771",S103,Prendergast_2020_1,S,1,1,0,1,1,1,Specimens ID'd by Dr Kit Prendergast. Deposited at WAM.,NA
Eucalyptus,sp.,Eucalyptus sp.,Myrtaceae,Lasioglossum (Homalictus) dotatum,Lasioglossum,Homalictus,dotatum,Halictidae,Halictinae,NA,Insecta,Hymenoptera,1,WA,Lake Claremont,-31.975178,115.779525,26/11/2019,Nov,2019,"Prendergast, K. S. (2020). Native Bee Survey of Lake Claremont Nov 2019-Feb 2020. Retrieved from Lake Claremont, Western Australia: https://friendsoflakeclaremont.org/?p=4771",S103,Prendergast_2020_1,S,1,1,0,1,1,1,Specimens ID'd by Dr Kit Prendergast. Deposited at WAM.,NA
Melaleuca,teretifolia,Melaleuca teretifolia,Myrtaceae,Lipotriches (Austronomia) flavoviridis,Lipotriches,Austronomia,flavoviridis species-group,Halictidae,Nomiinae,NA,Insecta,Hymenoptera,2,WA,Lake Claremont,-31.975178,115.779525,15/11/2019,Nov,2019,"Prendergast, K. S. (2020). Native Bee Survey of Lake Claremont Nov 2019-Feb 2020. Retrieved from Lake Claremont, Western Australia: https://friendsoflakeclaremont.org/?p=4771",S103,Prendergast_2020_1,S,1,1,0,1,1,1,Specimens ID'd by Dr Kit Prendergast. Deposited at WAM.,NA
Rhagodia,baccata,Rhagodia baccata,Chenopodiaceae,Lipotriches (Austronomia) flavoviridis,Lipotriches,Austronomia,flavoviridis species-group,Halictidae,Nomiinae,NA,Insecta,Hymenoptera,1,WA,Lake Claremont,-31.975178,115.779525,24/1/2020,Jan,2020,"Prendergast, K. S. (2020). Native Bee Survey of Lake Claremont Nov 2019-Feb 2020. Retrieved from Lake Claremont, Western Australia: https://friendsoflakeclaremont.org/?p=4771",S103,Prendergast_2020_1,S,1,1,0,1,1,1,Specimens ID'd by Dr Kit Prendergast. Deposited at WAM.,NA
Eucalyptus,marginata,Eucalyptus marginata,Myrtaceae,Lipotriches (Austronomia) flavoviridis spp-group,Lipotriches,Austronomia,flavoviridis species-group,Halictidae,Nomiinae,NA,Insecta,Hymenoptera,3,WA,Lake Claremont,-31.975178,115.779525,31/12/2019,Dec,2019,"Prendergast, K. S. (2020). Native Bee Survey of Lake Claremont Nov 2019-Feb 2020. Retrieved from Lake Claremont, Western Australia: https://friendsoflakeclaremont.org/?p=4771",S103,Prendergast_2020_1,S,1,1,0,1,1,1,Specimens ID'd by Dr Kit Prendergast. Deposited at WAM.,NA
Melaleuca,huegelii,Melaleuca huegelii,Myrtaceae,Lipotriches (Austronomia) flavoviridis spp-group,Lipotriches,Austronomia,flavoviridis species-group,Halictidae,Nomiinae,NA,Insecta,Hymenoptera,8,WA,Lake Claremont,-31.975178,115.779525,19/1/2020,Jan,2020,"Prendergast, K. S. (2020). Native Bee Survey of Lake Claremont Nov 2019-Feb 2020. Retrieved from Lake Claremont, Western Australia: https://friendsoflakeclaremont.org/?p=4771",S103,Prendergast_2020_1,S,1,1,0,1,1,1,Specimens ID'd by Dr Kit Prendergast. Deposited at WAM.,NA
Melaleuca,teretifolia,Melaleuca teretifolia,Myrtaceae,"Megachile ""houstoni""",Megachile,NA,"houstoni""",Megachilidae,Megachilinae,NA,Insecta,Hymenoptera,1,WA,Lake Claremont,-31.975178,115.779525,15/11/2019,Nov,2019,"Prendergast, K. S. (2020). Native Bee Survey of Lake Claremont Nov 2019-Feb 2020. Retrieved from Lake Claremont, Western Australia: https://friendsoflakeclaremont.org/?p=4771",S103,Prendergast_2020_1,S,1,1,0,1,1,1,Specimens ID'd by Dr Kit Prendergast. Deposited at WAM.,NA
Scaevola,crassifolia,Scaevola crassifolia,Goodeniaceae,"Megachile ""houstoni""",Megachile,NA,"houstoni""",Megachilidae,Megachilinae,NA,Insecta,Hymenoptera,2,WA,Lake Claremont,-31.975178,115.779525,15/11/2019,Nov,2019,"Prendergast, K. S. (2020). Native Bee Survey of Lake Claremont Nov 2019-Feb 2020. Retrieved from Lake Claremont, Western Australia: https://friendsoflakeclaremont.org/?p=4771",S103,Prendergast_2020_1,S,1,1,0,1,1,1,Specimens ID'd by Dr Kit Prendergast. Deposited at WAM.,NA
Jacksonia,furcellata,Jacksonia furcellata,Fabaceae,"Megachile (Austrochile) ""Perth Resin-pot Bee KSP33""",Megachile,Austrochile,"""Perth Resin-pot Bee KSP33""",Megachilidae,Megachilinae,NA,Insecta,Hymenoptera,2,WA,Lake Claremont,-31.975178,115.779525,19/1/2020,Jan,2020,"Prendergast, K. S. (2020). Native Bee Survey of Lake Claremont Nov 2019-Feb 2020. Retrieved from Lake Claremont, Western Australia: https://friendsoflakeclaremont.org/?p=4771",S103,Prendergast_2020_1,S,1,1,0,1,1,1,Specimens ID'd by Dr Kit Prendergast. Deposited at WAM.,NA
Jacksonia,furcellata,Jacksonia furcellata,Fabaceae,"Megachile (Austrochile) ""Perth Resin-pot Bee KSP33""",Megachile,Austrochile,"""Perth Resin-pot Bee KSP33""",Megachilidae,Megachilinae,NA,Insecta,Hymenoptera,2,WA,Lake Claremont,-31.975178,115.779525,23/11/2019,Nov,2019,"Prendergast, K. S. (2020). Native Bee Survey of Lake Claremont Nov 2019-Feb 2020. Retrieved from Lake Claremont, Western Australia: https://friendsoflakeclaremont.org/?p=4771",S103,Prendergast_2020_1,S,1,1,0,1,1,1,Specimens ID'd by Dr Kit Prendergast. Deposited at WAM.,NA
Jacksonia,furcellata,Jacksonia furcellata,Fabaceae,"Megachile (Austrochile) ""Perth Resin-pot Bee KSP33""",Megachile,Austrochile,"""Perth Resin-pot Bee KSP33""",Megachilidae,Megachilinae,NA,Insecta,Hymenoptera,3,WA,Lake Claremont,-31.975178,115.779525,24/1/2020,Jan,2020,"Prendergast, K. S. (2020). Native Bee Survey of Lake Claremont Nov 2019-Feb 2020. Retrieved from Lake Claremont, Western Australia: https://friendsoflakeclaremont.org/?p=4771",S103,Prendergast_2020_1,S,1,1,0,1,1,1,Specimens ID'd by Dr Kit Prendergast. Deposited at WAM.,NA
Jacksonia,furcellata,Jacksonia furcellata,Fabaceae,"Megachile (Austrochile) ""Perth Resin-pot Bee KSP33""",Megachile,Austrochile,"""Perth Resin-pot Bee KSP33""",Megachilidae,Megachilinae,NA,Insecta,Hymenoptera,5,WA,Lake Claremont,-31.975178,115.779525,26/11/2019,Nov,2019,"Prendergast, K. S. (2020). Native Bee Survey of Lake Claremont Nov 2019-Feb 2020. Retrieved from Lake Claremont, Western Australia: https://friendsoflakeclaremont.org/?p=4771",S103,Prendergast_2020_1,S,1,1,0,1,1,1,Specimens ID'd by Dr Kit Prendergast. Deposited at WAM.,NA
Jacksonia,furcellata,Jacksonia furcellata,Fabaceae,"Megachile (Austrochile) ""Perth Resin-pot Bee KSP33""",Megachile,Austrochile,"""Perth Resin-pot Bee KSP33""",Megachilidae,Megachilinae,NA,Insecta,Hymenoptera,1,WA,Lake Claremont,-31.975178,115.779525,28/1/2020,Jan,2020,"Prendergast, K. S. (2020). Native Bee Survey of Lake Claremont Nov 2019-Feb 2020. Retrieved from Lake Claremont, Western Australia: https://friendsoflakeclaremont.org/?p=4771",S103,Prendergast_2020_1,S,1,1,0,1,1,1,Specimens ID'd by Dr Kit Prendergast. Deposited at WAM.,NA
Jacksonia,sternbergiana,Jacksonia sternbergiana,Fabaceae,"Megachile (Austrochile) ""Perth Resin-pot Bee KSP33""",Megachile,Austrochile,"""Perth Resin-pot Bee KSP33""",Megachilidae,Megachilinae,NA,Insecta,Hymenoptera,2,WA,Lake Claremont,-31.975178,115.779525,26/11/2019,Nov,2019,"Prendergast, K. S. (2020). Native Bee Survey of Lake Claremont Nov 2019-Feb 2020. Retrieved from Lake Claremont, Western Australia: https://friendsoflakeclaremont.org/?p=4771",S103,Prendergast_2020_1,S,1,1,0,1,1,1,Specimens ID'd by Dr Kit Prendergast. Deposited at WAM.,NA
Jacksonia,furcellata,Jacksonia furcellata,Fabaceae,Megachile (Austrochile) resinifera,Megachile,Austrochile,resinifera,Megachilidae,Megachilinae,NA,Insecta,Hymenoptera,2,WA,Lake Claremont,-31.975178,115.779525,23/11/2019,Nov,2019,"Prendergast, K. S. (2020). Native Bee Survey of Lake Claremont Nov 2019-Feb 2020. Retrieved from Lake Claremont, Western Australia: https://friendsoflakeclaremont.org/?p=4771",S103,Prendergast_2020_1,S,1,1,0,1,1,1,Specimens ID'd by Dr Kit Prendergast. Deposited at WAM.,NA
Jacksonia,furcellata,Jacksonia furcellata,Fabaceae,Megachile (Eutricharaea) chrysopyga,Megachile,Eutricharaea,chrysopyga,Megachilidae,Megachilinae,NA,Insecta,Hymenoptera,2,WA,Lake Claremont,-31.975178,115.779525,23/11/2019,Nov,2019,"Prendergast, K. S. (2020). Native Bee Survey of Lake Claremont Nov 2019-Feb 2020. Retrieved from Lake Claremont, Western Australia: https://friendsoflakeclaremont.org/?p=4771",S103,Prendergast_2020_1,S,1,1,0,1,1,1,Specimens ID'd by Dr Kit Prendergast. Deposited at WAM.,NA
Jacksonia,furcellata,Jacksonia furcellata,Fabaceae,Megachile (Eutricharaea) chrysopyga,Megachile,Eutricharaea,chrysopyga,Megachilidae,Megachilinae,NA,Insecta,Hymenoptera,7,WA,Lake Claremont,-31.975178,115.779525,26/11/2019,Nov,2019,"Prendergast, K. S. (2020). Native Bee Survey of Lake Claremont Nov 2019-Feb 2020. Retrieved from Lake Claremont, Western Australia: https://friendsoflakeclaremont.org/?p=4771",S103,Prendergast_2020_1,S,1,1,0,1,1,1,Specimens ID'd by Dr Kit Prendergast. Deposited at WAM.,NA
Jacksonia,sternbergiana,Jacksonia sternbergiana,Fabaceae,Megachile (Eutricharaea) chrysopyga,Megachile,Eutricharaea,chrysopyga,Megachilidae,Megachilinae,NA,Insecta,Hymenoptera,3,WA,Lake Claremont,-31.975178,115.779525,23/11/2019,Nov,2019,"Prendergast, K. S. (2020). Native Bee Survey of Lake Claremont Nov 2019-Feb 2020. Retrieved from Lake Claremont, Western Australia: https://friendsoflakeclaremont.org/?p=4771",S103,Prendergast_2020_1,S,1,1,0,1,1,1,Specimens ID'd by Dr Kit Prendergast. Deposited at WAM.,NA
Melaleuca,huegelii,Melaleuca huegelii,Myrtaceae,Megachile (Eutricharaea) chrysopyga,Megachile,Eutricharaea,chrysopyga,Megachilidae,Megachilinae,NA,Insecta,Hymenoptera,1,WA,Lake Claremont,-31.975178,115.779525,15/11/2019,Nov,2019,"Prendergast, K. S. (2020). Native Bee Survey of Lake Claremont Nov 2019-Feb 2020. Retrieved from Lake Claremont, Western Australia: https://friendsoflakeclaremont.org/?p=4771",S103,Prendergast_2020_1,S,1,1,0,1,1,1,Specimens ID'd by Dr Kit Prendergast. Deposited at WAM.,NA
Melaleuca,huegelii,Melaleuca huegelii,Myrtaceae,Megachile (Eutricharaea) chrysopyga,Megachile,Eutricharaea,chrysopyga,Megachilidae,Megachilinae,NA,Insecta,Hymenoptera,2,WA,Lake Claremont,-31.975178,115.779525,19/1/2020,Jan,2020,"Prendergast, K. S. (2020). Native Bee Survey of Lake Claremont Nov 2019-Feb 2020. Retrieved from Lake Claremont, Western Australia: https://friendsoflakeclaremont.org/?p=4771",S103,Prendergast_2020_1,S,1,1,0,1,1,1,Specimens ID'd by Dr Kit Prendergast. Deposited at WAM.,NA
Jacksonia,sternbergiana,Jacksonia sternbergiana,Fabaceae,Megachile (Eutricharaea) obtusa,Megachile,Eutricharaea,obtusa,Megachilidae,Megachilinae,NA,Insecta,Hymenoptera,1,WA,Lake Claremont,-31.975178,115.779525,15/11/2019,Nov,2019,"Prendergast, K. S. (2020). Native Bee Survey of Lake Claremont Nov 2019-Feb 2020. Retrieved from Lake Claremont, Western Australia: https://friendsoflakeclaremont.org/?p=4771",S103,Prendergast_2020_1,S,1,1,0,1,1,1,Specimens ID'd by Dr Kit Prendergast. Deposited at WAM.,NA
Jacksonia,sternbergiana,Jacksonia sternbergiana,Fabaceae,Megachile (Eutricharaea) obtusa,Megachile,Eutricharaea,obtusa,Megachilidae,Megachilinae,NA,Insecta,Hymenoptera,1,WA,Lake Claremont,-31.975178,115.779525,23/11/2019,Nov,2019,"Prendergast, K. S. (2020). Native Bee Survey of Lake Claremont Nov 2019-Feb 2020. Retrieved from Lake Claremont, Western Australia: https://friendsoflakeclaremont.org/?p=4771",S103,Prendergast_2020_1,S,1,1,0,1,1,1,Specimens ID'd by Dr Kit Prendergast. Deposited at WAM.,NA
Scaevola,crassifolia,Scaevola crassifolia,Goodeniaceae,Megachile (Eutricharaea) simplex,Megachile,Eutricharaea,simplex,Megachilidae,Megachilinae,NA,Insecta,Hymenoptera,1,WA,Lake Claremont,-31.975178,115.779525,23/11/2019,Nov,2019,"Prendergast, K. S. (2020). Native Bee Survey of Lake Claremont Nov 2019-Feb 2020. Retrieved from Lake Claremont, Western Australia: https://friendsoflakeclaremont.org/?p=4771",S103,Prendergast_2020_1,S,1,1,0,1,1,1,Specimens ID'd by Dr Kit Prendergast. Deposited at WAM.,NA
Scaevola,crassifolia,Scaevola crassifolia,Goodeniaceae,Megachile (Hackeriapis) apicata,Megachile,Hackeriapis,apicata,Megachilidae,Megachilinae,NA,Insecta,Hymenoptera,2,WA,Lake Claremont,-31.975178,115.779525,23/11/2019,Nov,2019,"Prendergast, K. S. (2020). Native Bee Survey of Lake Claremont Nov 2019-Feb 2020. Retrieved from Lake Claremont, Western Australia: https://friendsoflakeclaremont.org/?p=4771",S103,Prendergast_2020_1,S,1,1,0,1,1,1,Specimens ID'd by Dr Kit Prendergast. Deposited at WAM.,NA
Melaleuca,huegelii,Melaleuca huegelii,Myrtaceae,Megachile (Hackeriapis) oblonga,Megachile,Hackeriapis,oblonga,Megachilidae,Megachilinae,NA,Insecta,Hymenoptera,1,WA,Lake Claremont,-31.975178,115.779525,15/11/2019,Nov,2019,"Prendergast, K. S. (2020). Native Bee Survey of Lake Claremont Nov 2019-Feb 2020. Retrieved from Lake Claremont, Western Australia: https://friendsoflakeclaremont.org/?p=4771",S103,Prendergast_2020_1,S,1,1,0,1,1,1,Specimens ID'd by Dr Kit Prendergast. Deposited at WAM.,NA
Jacksonia,furcellata,Jacksonia furcellata,Fabaceae,Megachile (Hackeriapis) speluncarum,Megachile,Hackeriapis,speluncarum,Megachilidae,Megachilinae,NA,Insecta,Hymenoptera,3,WA,Lake Claremont,-31.975178,115.779525,23/11/2019,Nov,2019,"Prendergast, K. S. (2020). Native Bee Survey of Lake Claremont Nov 2019-Feb 2020. Retrieved from Lake Claremont, Western Australia: https://friendsoflakeclaremont.org/?p=4771",S103,Prendergast_2020_1,S,1,1,0,1,1,1,Specimens ID'd by Dr Kit Prendergast. Deposited at WAM.,NA
Jacksonia,sternbergiana,Jacksonia sternbergiana,Fabaceae,Megachile (Hackeriapis) speluncarum,Megachile,Hackeriapis,speluncarum,Megachilidae,Megachilinae,NA,Insecta,Hymenoptera,2,WA,Lake Claremont,-31.975178,115.779525,15/11/2019,Nov,2019,"Prendergast, K. S. (2020). Native Bee Survey of Lake Claremont Nov 2019-Feb 2020. Retrieved from Lake Claremont, Western Australia: https://friendsoflakeclaremont.org/?p=4771",S103,Prendergast_2020_1,S,1,1,0,1,1,1,Specimens ID'd by Dr Kit Prendergast. Deposited at WAM.,NA
Jacksonia,sternbergiana,Jacksonia sternbergiana,Fabaceae,Megachile (Hackeriapis) speluncarum,Megachile,Hackeriapis,speluncarum,Megachilidae,Megachilinae,NA,Insecta,Hymenoptera,5,WA,Lake Claremont,-31.975178,115.779525,23/11/2019,Nov,2019,"Prendergast, K. S. (2020). Native Bee Survey of Lake Claremont Nov 2019-Feb 2020. Retrieved from Lake Claremont, Western Australia: https://friendsoflakeclaremont.org/?p=4771",S103,Prendergast_2020_1,S,1,1,0,1,1,1,Specimens ID'd by Dr Kit Prendergast. Deposited at WAM.,NA
Scaevola,crassifolia,Scaevola crassifolia,Goodeniaceae,Megachile callura,Megachile,NA,callura,Megachilidae,Megachilinae,NA,Insecta,Hymenoptera,1,WA,Lake Claremont,-31.975178,115.779525,23/11/2019,Nov,2019,"Prendergast, K. S. (2020). Native Bee Survey of Lake Claremont Nov 2019-Feb 2020. Retrieved from Lake Claremont, Western Australia: https://friendsoflakeclaremont.org/?p=4771",S103,Prendergast_2020_1,S,1,1,0,1,1,1,Specimens ID'd by Dr Kit Prendergast. Deposited at WAM.,NA
Jacksonia,sternbergiana,Jacksonia sternbergiana,Fabaceae,Megachile cf. ferox,Megachile,NA,ferox,Megachilidae,Megachilinae,NA,Insecta,Hymenoptera,1,WA,Lake Claremont,-31.975178,115.779525,26/11/2019,Nov,2019,"Prendergast, K. S. (2020). Native Bee Survey of Lake Claremont Nov 2019-Feb 2020. Retrieved from Lake Claremont, Western Australia: https://friendsoflakeclaremont.org/?p=4771",S103,Prendergast_2020_1,S,1,1,0,1,1,1,Specimens ID'd by Dr Kit Prendergast. Deposited at WAM.,NA
Eucalyptus,sp.,Eucalyptus sp.,Myrtaceae,Megachile fultoni,Megachile,NA,fultoni,Megachilidae,Megachilinae,NA,Insecta,Hymenoptera,1,WA,Lake Claremont,-31.975178,115.779525,26/11/2019,Nov,2019,"Prendergast, K. S. (2020). Native Bee Survey of Lake Claremont Nov 2019-Feb 2020. Retrieved from Lake Claremont, Western Australia: https://friendsoflakeclaremont.org/?p=4771",S103,Prendergast_2020_1,S,1,1,0,1,1,1,Specimens ID'd by Dr Kit Prendergast. Deposited at WAM.,NA
Hemiandra,pungens,Hemiandra pungens,Lamiaceae,Megachile fultoni,Megachile,NA,fultoni,Megachilidae,Megachilinae,NA,Insecta,Hymenoptera,1,WA,Lake Claremont,-31.975178,115.779525,24/1/2020,Jan,2020,"Prendergast, K. S. (2020). Native Bee Survey of Lake Claremont Nov 2019-Feb 2020. Retrieved from Lake Claremont, Western Australia: https://friendsoflakeclaremont.org/?p=4771",S103,Prendergast_2020_1,S,1,1,0,1,1,1,Specimens ID'd by Dr Kit Prendergast. Deposited at WAM.,NA
Hemiandra,pungens,Hemiandra pungens,Lamiaceae,Megachile fultoni,Megachile,NA,fultoni,Megachilidae,Megachilinae,NA,Insecta,Hymenoptera,1,WA,Lake Claremont,-31.975178,115.779525,NA,Jan,2020,"Prendergast, K. S. (2020). Native Bee Survey of Lake Claremont Nov 2019-Feb 2020. Retrieved from Lake Claremont, Western Australia: https://friendsoflakeclaremont.org/?p=4771",S103,Prendergast_2020_1,S,1,1,0,1,1,1,Specimens ID'd by Dr Kit Prendergast. Deposited at WAM. Genus requires taxonomic revision [26/11/23],NA
Eucalyptus,patens,Eucalyptus patens,Myrtaceae,Pachyprosopis (Pachyprosopula) purnongensis,Pachyprosopis,NA,purnongensis,Colletidae,Euryglossinae,NA,Insecta,Hymenoptera,1,WA,Lake Claremont,-31.975178,115.779525,28/12/2019,Dec,2019,"Prendergast, K. S. (2020). Native Bee Survey of Lake Claremont Nov 2019-Feb 2020. Retrieved from Lake Claremont, Western Australia: https://friendsoflakeclaremont.org/?p=4771",S103,Prendergast_2020_1,S,1,1,0,1,1,1,Specimens ID'd by Dr Kit Prendergast. Deposited at WAM.,NA
Melaleuca,huegelii,Melaleuca huegelii,Myrtaceae,Pachyprosopis (Pachyprosopula) purnongensis,Pachyprosopis,NA,purnongensis,Colletidae,Euryglossinae,NA,Insecta,Hymenoptera,1,WA,Lake Claremont,-31.975178,115.779525,19/1/2020,Jan,2020,"Prendergast, K. S. (2020). Native Bee Survey of Lake Claremont Nov 2019-Feb 2020. Retrieved from Lake Claremont, Western Australia: https://friendsoflakeclaremont.org/?p=4771",S103,Prendergast_2020_1,S,1,1,0,1,1,1,Specimens ID'd by Dr Kit Prendergast. Deposited at WAM.,NA
Jacksonia,sternbergiana,Jacksonia sternbergiana,Fabaceae,Rozenapis ignita,Rozenapis,NA,ignita,Megachilidae,Megachilinae,NA,Insecta,Hymenoptera,1,WA,Lake Claremont,-31.975178,115.779525,15/11/2019,Nov,2019,"Prendergast, K. S. (2020). Native Bee Survey of Lake Claremont Nov 2019-Feb 2020. Retrieved from Lake Claremont, Western Australia: https://friendsoflakeclaremont.org/?p=4771",S103,Prendergast_2020_1,S,1,1,0,1,1,1,Specimens ID'd by Dr Kit Prendergast. Deposited at WAM.,NA
Regelia,ciliata,Regelia ciliata,Myrtaceae,Amegilla (Notomegila) chlorocyanea,Amegilla,Notomegilla,chlorocyanea,Apidae,Apinae,NA,Insecta,Hymenoptera,6,WA,"Maniana reserve, Queens Park",-32.0028489,115.9565061,1/12/2023,Nov,2023,"Prendergast, K. S. (2020). Urban native bee assemblages and the impact of the introduced European honeybee on plant-pollinator networks in the southwest Australian biodiversity hotspot. (PhD). Curtin University of Technology, Retrieved from https://espace.curtin.edu.au/handle/20.500.11937/84948",S104,Prendergast_2020_2,O,1,0,0,1,1,1,NA,NA
Gompholobium,tomentosum,Gompholobium tomentosum,Fabaceae,Amegilla (Notomegilla) chlorocyanea,Amegilla,Notomegilla,chlorocyanea,Apidae,Apinae,NA,Insecta,Hymenoptera,1,WA,Kings Park,-31.9653442,115.828254,NA,Nov,2017,"Prendergast, K. S. (2020). Urban native bee assemblages and the impact of the introduced European honeybee on plant-pollinator networks in the southwest Australian biodiversity hotspot. (PhD). Curtin University of Technology, Retrieved from https://espace.curtin.edu.au/handle/20.500.11937/84947",S104,Prendergast_2020_2,S,1,1,0,1,1,1,Specimens ID'd by Dr Kit Prendergast. Deposited at WAM. Host plant however not recorded on WAM label.,NA
Hemiandra,pungens,Hemiandra pungens,Lamiaceae,Amegilla (Notomegilla) chlorocyanea,Amegilla,Notomegilla,chlorocyanea,Apidae,Apinae,NA,Insecta,Hymenoptera,2,WA,"Piney Lakes, Winthrop",-32.048163,115.836028,NA,Feb,2018,"Prendergast, K. S. (2020). Urban native bee assemblages and the impact of the introduced European honeybee on plant-pollinator networks in the southwest Australian biodiversity hotspot. (PhD). Curtin University of Technology, Retrieved from https://espace.curtin.edu.au/handle/20.500.11937/84947",S104,Prendergast_2020_2,S,1,1,0,1,1,1,"Specimens ID'd by Dr Kit Prendergast. Deposited at WAM, but label without host",NA
Hemiandra,pungens,Hemiandra pungens,Lamiaceae,Amegilla (Notomegilla) chlorocyanea,Amegilla,Notomegilla,chlorocyanea,Apidae,Apinae,NA,Insecta,Hymenoptera,1,WA,"Piney Lakes, Winthrop",-32.048163,115.836028,NA,March,2018,"Prendergast, K. S. (2020). Urban native bee assemblages and the impact of the introduced European honeybee on plant-pollinator networks in the southwest Australian biodiversity hotspot. (PhD). Curtin University of Technology, Retrieved from https://espace.curtin.edu.au/handle/20.500.11937/84947",S104,Prendergast_2020_2,S,1,1,0,1,1,1,"Specimens ID'd by Dr Kit Prendergast. Deposited at WAM, but label without host",NA
Hibbertia,cuneiforms,Hibbertia cuneiforms,Dilleniaceae,Amegilla (Notomegilla) chlorocyanea,Amegilla,Notomegilla,chlorocyanea,Apidae,Apinae,NA,Insecta,Hymenoptera,1,WA,"Piney Lakes, Winthrop",-32.048163,115.836028,NA,Nov,2016,"Prendergast, K. S. (2020). Urban native bee assemblages and the impact of the introduced European honeybee on plant-pollinator networks in the southwest Australian biodiversity hotspot. (PhD). Curtin University of Technology, Retrieved from https://espace.curtin.edu.au/handle/20.500.11937/84947",S104,Prendergast_2020_2,S,1,1,1,1,1,1,Specimens ID'd by Dr Kit Prendergast. Deposited at WAM. Host plant however not recorded on WAM label.,NA
Hibbertia,scandens,Hibbertia scandens,Dilleniaceae,Amegilla (Notomegilla) chlorocyanea,Amegilla,Notomegilla,chlorocyanea,Apidae,Apinae,NA,Insecta,Hymenoptera,2,WA,Gosnells,32.075489°S,116.004589°E,NA,Nov,2016,"Prendergast, K. S. (2020). Urban native bee assemblages and the impact of the introduced European honeybee on plant-pollinator networks in the southwest Australian biodiversity hotspot. (PhD). Curtin University of Technology, Retrieved from https://espace.curtin.edu.au/handle/20.500.11937/84947",S104,Prendergast_2020_2,S,1,1,1,1,1,1,Video: https://drive.google.com/file/d/10TCzBt9BDxd3QFBWBO0cW7ZXNP9G339O/view?usp=sharing .Specimens ID'd by Dr Kit Prendergast. Deposited at WAM. Host plant however not recorded on WAM label.,NA
Hibbertia,scandens,Hibbertia scandens,Dilleniaceae,Amegilla (Notomegilla) chlorocyanea,Amegilla,Notomegilla,chlorocyanea,Apidae,Apinae,NA,Insecta,Hymenoptera,8,WA,Gosnells,32.075489°S,116.004589°E,NA,Nov,2017,"Prendergast, K. S. (2020). Urban native bee assemblages and the impact of the introduced European honeybee on plant-pollinator networks in the southwest Australian biodiversity hotspot. (PhD). Curtin University of Technology, Retrieved from https://espace.curtin.edu.au/handle/20.500.11937/84947",S104,Prendergast_2020_2,S,1,1,0,1,1,1,Specimens ID'd by Dr Kit Prendergast. Deposited at WAM. Host plant however not recorded on WAM label.,NA
Hibbertia,scandens,Hibbertia scandens,Dilleniaceae,Amegilla (Notomegilla) chlorocyanea,Amegilla,Notomegilla,chlorocyanea,Apidae,Apinae,NA,Insecta,Hymenoptera,14,WA,Gosnells,32.075489°S,116.004589°E,NA,Dec,2017,"Prendergast, K. S. (2020). Urban native bee assemblages and the impact of the introduced European honeybee on plant-pollinator networks in the southwest Australian biodiversity hotspot. (PhD). Curtin University of Technology, Retrieved from https://espace.curtin.edu.au/handle/20.500.11937/84947",S104,Prendergast_2020_2,S,1,1,0,1,1,1,Specimens ID'd by Dr Kit Prendergast. Deposited at WAM. Host plant however not recorded on WAM label.,NA
Hibbertia,scandens,Hibbertia scandens,Dilleniaceae,Amegilla (Notomegilla) chlorocyanea,Amegilla,Notomegilla,chlorocyanea,Apidae,Apinae,NA,Insecta,Hymenoptera,15,WA,Gosnells,32.075489°S,116.004589°E,NA,Dec,2016,"Prendergast, K. S. (2020). Urban native bee assemblages and the impact of the introduced European honeybee on plant-pollinator networks in the southwest Australian biodiversity hotspot. (PhD). Curtin University of Technology, Retrieved from https://espace.curtin.edu.au/handle/20.500.11937/84947",S104,Prendergast_2020_2,S,1,1,0,1,1,1,Specimens ID'd by Dr Kit Prendergast. Deposited at WAM. Host plant however not recorded on WAM label.,NA
Hibbertia,scandens,Hibbertia scandens,Dilleniaceae,Amegilla (Notomegilla) chlorocyanea,Amegilla,Notomegilla,chlorocyanea,Apidae,Apinae,NA,Insecta,Hymenoptera,4,WA,Gosnells,32.075489°S,116.004589°E,NA,Jan,2017,"Prendergast, K. S. (2020). Urban native bee assemblages and the impact of the introduced European honeybee on plant-pollinator networks in the southwest Australian biodiversity hotspot. (PhD). Curtin University of Technology, Retrieved from https://espace.curtin.edu.au/handle/20.500.11937/84947",S104,Prendergast_2020_2,S,1,1,0,1,1,1,Specimens ID'd by Dr Kit Prendergast. Deposited at WAM. Host plant however not recorded on WAM label.,NA
Hibbertia,scandens,Hibbertia scandens,Dilleniaceae,Amegilla (Notomegilla) chlorocyanea,Amegilla,Notomegilla,chlorocyanea,Apidae,Apinae,NA,Insecta,Hymenoptera,1,WA,Nedlands,32.021461°S,115.924081°E,NA,Nov,2017,"Prendergast, K. S. (2020). Urban native bee assemblages and the impact of the introduced European honeybee on plant-pollinator networks in the southwest Australian biodiversity hotspot. (PhD). Curtin University of Technology, Retrieved from https://espace.curtin.edu.au/handle/20.500.11937/84947",S104,Prendergast_2020_2,S,1,0,0,1,1,1,Specimens ID'd by Dr Kit Prendergast. Deposited at WAM. Host plant however not recorded on WAM label.,NA
Hibbertia,scandens,Hibbertia scandens,Dilleniaceae,Amegilla (Notomegilla) chlorocyanea,Amegilla,Notomegilla,chlorocyanea,Apidae,Apinae,NA,Insecta,Hymenoptera,1,WA,Nedlands,32.021461°S,115.924081°E,NA,Dec,2016,"Prendergast, K. S. (2020). Urban native bee assemblages and the impact of the introduced European honeybee on plant-pollinator networks in the southwest Australian biodiversity hotspot. (PhD). Curtin University of Technology, Retrieved from https://espace.curtin.edu.au/handle/20.500.11937/84947",S104,Prendergast_2020_2,S,1,0,0,1,1,1,Specimens ID'd by Dr Kit Prendergast. Deposited at WAM. Host plant however not recorded on WAM label.,NA
Hibbertia,scandens,Hibbertia scandens,Dilleniaceae,Amegilla (Notomegilla) chlorocyanea,Amegilla,Notomegilla,chlorocyanea,Apidae,Apinae,NA,Insecta,Hymenoptera,1,WA,Jandakot,32.098467°S,115.860237°E,NA,March,2018,"Prendergast, K. S. (2020). Urban native bee assemblages and the impact of the introduced European honeybee on plant-pollinator networks in the southwest Australian biodiversity hotspot. (PhD). Curtin University of Technology, Retrieved from https://espace.curtin.edu.au/handle/20.500.11937/84948",S104,Prendergast_2020_2,S,1,0,0,1,1,1,Specimens ID'd by Dr Kit Prendergast. Deposited at WAM. Host plant however not recorded on WAM label.,NA
Hibbertia,scandens,Hibbertia scandens,Dilleniaceae,Amegilla (Notomegilla) chlorocyanea,Amegilla,Notomegilla,chlorocyanea,Apidae,Apinae,NA,Insecta,Hymenoptera,3,WA,Jandakot,32.098467°S,115.860237°E,NA,Dec,2016,"Prendergast, K. S. (2020). Urban native bee assemblages and the impact of the introduced European honeybee on plant-pollinator networks in the southwest Australian biodiversity hotspot. (PhD). Curtin University of Technology, Retrieved from https://espace.curtin.edu.au/handle/20.500.11937/84948",S104,Prendergast_2020_2,S,1,0,0,1,1,1,Specimens ID'd by Dr Kit Prendergast. Deposited at WAM. Host plant however not recorded on WAM label.,NA
Conostylis,candicans,Conostylis candicans,Haemodoraceae,Apis mellifera,Apis,NA,mellifera,Apidae,Apinae,European honey bee,Insecta,Hymenoptera,3,WA,Nedlands,-31.987193,115.803525,NA,Oct,2017,"Prendergast, K. S. (2020). Urban native bee assemblages and the impact of the introduced European honeybee on plant-pollinator networks in the southwest Australian biodiversity hotspot. (PhD). Curtin University of Technology, Retrieved from https://espace.curtin.edu.au/handle/20.500.11937/84947",S104,Prendergast_2020_2,S,1,1,0,1,1,1,Specimens ID'd by Dr Kit Prendergast. Deposited at WAM. Host plant however not recorded on WAM label.,NA
Conostylis,candicans,Conostylis candicans,Haemodoraceae,Apis mellifera,Apis,NA,mellifera,Apidae,Apinae,European honey bee,Insecta,Hymenoptera,13,WA,Bold Park,-31.956153,115.771194,NA,Oct,2017,"Prendergast, K. S. (2020). Urban native bee assemblages and the impact of the introduced European honeybee on plant-pollinator networks in the southwest Australian biodiversity hotspot. (PhD). Curtin University of Technology, Retrieved from https://espace.curtin.edu.au/handle/20.500.11937/84947",S104,Prendergast_2020_2,S,1,1,0,1,1,1,Specimens ID'd by Dr Kit Prendergast. Deposited at WAM. Host plant however not recorded on WAM label.,NA
Hemiandra,pungens,Hemiandra pungens,Lamiaceae,Apis mellifera,Apis,NA,mellifera,Apidae,Apinae,European honey bee,Insecta,Hymenoptera,NA,WA,"Piney Lakes, Winthrop",-32.048163,115.836028,NA,NA,NA,"Prendergast, K. S. (2020). Urban native bee assemblages and the impact of the introduced European honeybee on plant-pollinator networks in the southwest Australian biodiversity hotspot. (PhD). Curtin University of Technology, Retrieved from https://espace.curtin.edu.au/handle/20.500.11937/84947",S104,Prendergast_2020_2,S,1,0,0,1,1,1,NA,NA
Hemiandra,pungens,Hemiandra pungens,Lamiaceae,Apis mellifera,Apis,NA,mellifera,Apidae,Apinae,European honey bee,Insecta,Hymenoptera,2,WA,Shenton Park Bushland,-31.948431,115.794516,14/12/2016,Dec,2016,"Prendergast, K. S. (2020). Urban native bee assemblages and the impact of the introduced European honeybee on plant-pollinator networks in the southwest Australian biodiversity hotspot. (PhD). Curtin University of Technology, Retrieved from https://espace.curtin.edu.au/handle/20.500.11937/84947",S104,Prendergast_2020_2,S,1,0,0,1,1,1,"Specimens ID'd by Dr Kit Prendergast. Deposited at WAM, but label without host",NA
Hemiandra,pungens,Hemiandra pungens,Lamiaceae,Apis mellifera,Apis,NA,mellifera,Apidae,Apinae,European honey bee,Insecta,Hymenoptera,2,WA,Shenton Park Bushland,-31.948431,115.794516,2/11/2017,Nov,2017,"Prendergast, K. S. (2020). Urban native bee assemblages and the impact of the introduced European honeybee on plant-pollinator networks in the southwest Australian biodiversity hotspot. (PhD). Curtin University of Technology, Retrieved from https://espace.curtin.edu.au/handle/20.500.11937/84947",S104,Prendergast_2020_2,S,1,0,0,1,1,1,"Specimens ID'd by Dr Kit Prendergast. Deposited at WAM, but label without host",NA
Hibbertia,scandens,Hibbertia scandens,Dilleniaceae,Apis mellifera,Apis,NA,mellifera,Apidae,Apinae,European honey bee,Insecta,Hymenoptera,2,WA,Gosnells,32.075489°S,116.004589°E,NA,Nov,2016,"Prendergast, K. S. (2020). Urban native bee assemblages and the impact of the introduced European honeybee on plant-pollinator networks in the southwest Australian biodiversity hotspot. (PhD). Curtin University of Technology, Retrieved from https://espace.curtin.edu.au/handle/20.500.11937/84948",S104,Prendergast_2020_2,S,1,0,0,1,1,1,Non-pollinating,NA
Hibbertia,scandens,Hibbertia scandens,Dilleniaceae,Apis mellifera,Apis,NA,mellifera,Apidae,Apinae,European honey bee,Insecta,Hymenoptera,2,WA,Gosnells,32.075489°S,116.004589°E,NA,Dec,2016,"Prendergast, K. S. (2020). Urban native bee assemblages and the impact of the introduced European honeybee on plant-pollinator networks in the southwest Australian biodiversity hotspot. (PhD). Curtin University of Technology, Retrieved from https://espace.curtin.edu.au/handle/20.500.11937/84948",S104,Prendergast_2020_2,S,1,0,0,1,1,1,Non-pollinating,NA
Hibbertia,scandens,Hibbertia scandens,Dilleniaceae,Apis mellifera,Apis,NA,mellifera,Apidae,Apinae,European honey bee,Insecta,Hymenoptera,2,WA,Jandakot,32.098467°S,115.860237°E,NA,Feb,2018,"Prendergast, K. S. (2020). Urban native bee assemblages and the impact of the introduced European honeybee on plant-pollinator networks in the southwest Australian biodiversity hotspot. (PhD). Curtin University of Technology, Retrieved from https://espace.curtin.edu.au/handle/20.500.11937/84948",S104,Prendergast_2020_2,S,1,0,0,1,1,1,Non-pollinating,NA
Hibbertia,scandens,Hibbertia scandens,Dilleniaceae,Apis mellifera,Apis,NA,mellifera,Apidae,Apinae,European honey bee,Insecta,Hymenoptera,4,WA,Jandakot,32.098467°S,115.860237°E,NA,March,2018,"Prendergast, K. S. (2020). Urban native bee assemblages and the impact of the introduced European honeybee on plant-pollinator networks in the southwest Australian biodiversity hotspot. (PhD). Curtin University of Technology, Retrieved from https://espace.curtin.edu.au/handle/20.500.11937/84948",S104,Prendergast_2020_2,S,1,0,0,1,1,1,Non-pollinating,NA
Hibbertia,scandens,Hibbertia scandens,Dilleniaceae,Apis mellifera,Apis,NA,mellifera,Apidae,Apinae,European honey bee,Insecta,Hymenoptera,7,WA,Jandakot,32.098467°S,115.860237°E,NA,Dec,2016,"Prendergast, K. S. (2020). Urban native bee assemblages and the impact of the introduced European honeybee on plant-pollinator networks in the southwest Australian biodiversity hotspot. (PhD). Curtin University of Technology, Retrieved from https://espace.curtin.edu.au/handle/20.500.11937/84948",S104,Prendergast_2020_2,S,1,0,0,1,1,1,Non-pollinating,NA
Regelia,ciliata,Regelia ciliata,Myrtaceae,Apis mellifera,Apis,NA,mellifera,Apidae,Apinae,European honey bee,Insecta,Hymenoptera,149,WA,"Maniana reserve, Queens Park",-32.0028489,115.9565061,NA,April,2018,"Prendergast, K. S. (2020). Urban native bee assemblages and the impact of the introduced European honeybee on plant-pollinator networks in the southwest Australian biodiversity hotspot. (PhD). Curtin University of Technology, Retrieved from https://espace.curtin.edu.au/handle/20.500.11937/84948",S104,Prendergast_2020_2,S,1,0,0,1,1,1,NA,NA
Regelia,ciliata,Regelia ciliata,Myrtaceae,Apis mellifera,Apis,NA,mellifera,Apidae,Apinae,European honey bee,Insecta,Hymenoptera,6,WA,"Maniana reserve, Queens Park",-32.0028489,115.9565061,1/12/2023,Nov,2023,"Prendergast, K. S. (2020). Urban native bee assemblages and the impact of the introduced European honeybee on plant-pollinator networks in the southwest Australian biodiversity hotspot. (PhD). Curtin University of Technology, Retrieved from https://espace.curtin.edu.au/handle/20.500.11937/84948",S104,Prendergast_2020_2,O,1,0,0,1,1,1,NA,NA
Hibbertia,scandens,Hibbertia scandens,Dilleniaceae,Exoneura (Exoneura) ?pictifrons,Exoneura,Exoneura,?pictifrons,Apidae,Xylocopinae,NA,Insecta,Hymenoptera,1,WA,Gosnells,32.075489°S,116.004589°E,NA,Oct,2017,"Prendergast, K. S. (2020). Urban native bee assemblages and the impact of the introduced European honeybee on plant-pollinator networks in the southwest Australian biodiversity hotspot. (PhD). Curtin University of Technology, Retrieved from https://espace.curtin.edu.au/handle/20.500.11937/84947",S104,Prendergast_2020_2,S,1,1,0,1,1,1,Specimens ID'd by Dr Kit Prendergast. Deposited at WAM. Host plant however not recorded on WAM label.,NA
Hibbertia,scandens,Hibbertia scandens,Dilleniaceae,Exoneura (Exoneura) ?pictifrons,Exoneura,Exoneura,?pictifrons,Apidae,Xylocopinae,NA,Insecta,Hymenoptera,3,WA,Nedlands,32.021461°S,115.924081°E,NA,Nov,2017,"Prendergast, K. S. (2020). Urban native bee assemblages and the impact of the introduced European honeybee on plant-pollinator networks in the southwest Australian biodiversity hotspot. (PhD). Curtin University of Technology, Retrieved from https://espace.curtin.edu.au/handle/20.500.11937/84947",S104,Prendergast_2020_2,S,1,0,0,1,1,1,Specimens ID'd by Dr Kit Prendergast. Deposited at WAM. Host plant however not recorded on WAM label.,NA
Hibbertia,scandens,Hibbertia scandens,Dilleniaceae,Hylaeus sp.,Hylaeus,NA,"""sp.""",Colletidae,Hylaeinae,NA,Insecta,Hymenoptera,1,WA,Jandakot,32.098467°S,115.860237°E,NA,Dec,2016,"Prendergast, K. S. (2020). Urban native bee assemblages and the impact of the introduced European honeybee on plant-pollinator networks in the southwest Australian biodiversity hotspot. (PhD). Curtin University of Technology, Retrieved from https://espace.curtin.edu.au/handle/20.500.11937/84948",S104,Prendergast_2020_2,S,1,0,0,1,1,1,Specimens ID'd by Dr Kit Prendergast. Deposited at WAM. Host plant however not recorded on WAM label.,NA
Hemiandra,pungens,Hemiandra pungens,Lamiaceae,Lasioglossum (Chilalictus) castor,Lasioglossum,Chilalictus,castor,Halictidae,Halictinae,NA,Insecta,Hymenoptera,1,WA,"Piney Lakes, Winthrop",-32.048163,115.836028,NA,Nov,2017,"Prendergast, K. S. (2020). Urban native bee assemblages and the impact of the introduced European honeybee on plant-pollinator networks in the southwest Australian biodiversity hotspot. (PhD). Curtin University of Technology, Retrieved from https://espace.curtin.edu.au/handle/20.500.11937/84947",S104,Prendergast_2020_2,S,1,1,0,1,1,1,"Specimens ID'd by Dr Kit Prendergast. Deposited at WAM, but label without host",NA
Hibbertia,cuneiforms,Hibbertia cuneiforms,Dilleniaceae,Lasioglossum (Chilalictus) castor,Lasioglossum,Chilalictus,castor,Halictidae,Halictinae,NA,Insecta,Hymenoptera,2,WA,"Piney Lakes, Winthrop",-32.048163,115.836028,NA,Dec,2016,"Prendergast, K. S. (2020). Urban native bee assemblages and the impact of the introduced European honeybee on plant-pollinator networks in the southwest Australian biodiversity hotspot. (PhD). Curtin University of Technology, Retrieved from https://espace.curtin.edu.au/handle/20.500.11937/84947",S104,Prendergast_2020_2,S,1,1,1,1,1,1,Specimens ID'd by Dr Kit Prendergast. Deposited at WAM. Host plant however not recorded on WAM label.,NA
Hibbertia,cuneiforms,Hibbertia cuneiforms,Dilleniaceae,Lasioglossum (Chilalictus) castor,Lasioglossum,Chilalictus,castor,Halictidae,Halictinae,NA,Insecta,Hymenoptera,2,WA,"Piney Lakes, Winthrop",-32.048163,115.836028,NA,Nov,2017,"Prendergast, K. S. (2020). Urban native bee assemblages and the impact of the introduced European honeybee on plant-pollinator networks in the southwest Australian biodiversity hotspot. (PhD). Curtin University of Technology, Retrieved from https://espace.curtin.edu.au/handle/20.500.11937/84947",S104,Prendergast_2020_2,S,1,1,1,1,1,1,Specimens ID'd by Dr Kit Prendergast. Deposited at WAM. Host plant however not recorded on WAM label.,NA
Hibbertia,scandens,Hibbertia scandens,Dilleniaceae,Lasioglossum (Chilalictus) castor,Lasioglossum,Chilalictus,castor,Halictidae,Halictinae,NA,Insecta,Hymenoptera,14,WA,Gosnells,32.075489°S,116.004589°E,NA,Nov,2016,"Prendergast, K. S. (2020). Urban native bee assemblages and the impact of the introduced European honeybee on plant-pollinator networks in the southwest Australian biodiversity hotspot. (PhD). Curtin University of Technology, Retrieved from https://espace.curtin.edu.au/handle/20.500.11937/84947",S104,Prendergast_2020_2,S,1,1,0,1,1,1,Specimens ID'd by Dr Kit Prendergast. Deposited at WAM. Host plant however not recorded on WAM label.,NA
Hibbertia,scandens,Hibbertia scandens,Dilleniaceae,Lasioglossum (Chilalictus) castor,Lasioglossum,Chilalictus,castor,Halictidae,Halictinae,NA,Insecta,Hymenoptera,1,WA,Gosnells,32.075489°S,116.004589°E,NA,Oct,2017,"Prendergast, K. S. (2020). Urban native bee assemblages and the impact of the introduced European honeybee on plant-pollinator networks in the southwest Australian biodiversity hotspot. (PhD). Curtin University of Technology, Retrieved from https://espace.curtin.edu.au/handle/20.500.11937/84947",S104,Prendergast_2020_2,S,1,1,0,1,1,1,Specimens ID'd by Dr Kit Prendergast. Deposited at WAM. Host plant however not recorded on WAM label.,NA
Hibbertia,scandens,Hibbertia scandens,Dilleniaceae,Lasioglossum (Chilalictus) castor,Lasioglossum,Chilalictus,castor,Halictidae,Halictinae,NA,Insecta,Hymenoptera,2,WA,Gosnells,32.075489°S,116.004589°E,NA,Nov,2017,"Prendergast, K. S. (2020). Urban native bee assemblages and the impact of the introduced European honeybee on plant-pollinator networks in the southwest Australian biodiversity hotspot. (PhD). Curtin University of Technology, Retrieved from https://espace.curtin.edu.au/handle/20.500.11937/84947",S104,Prendergast_2020_2,S,1,1,0,1,1,1,Specimens ID'd by Dr Kit Prendergast. Deposited at WAM. Host plant however not recorded on WAM label.,NA
Hibbertia,scandens,Hibbertia scandens,Dilleniaceae,Lasioglossum (Chilalictus) castor,Lasioglossum,Chilalictus,castor,Halictidae,Halictinae,NA,Insecta,Hymenoptera,1,WA,Jandakot,32.098467°S,115.860237°E,NA,Nov,2017,"Prendergast, K. S. (2020). Urban native bee assemblages and the impact of the introduced European honeybee on plant-pollinator networks in the southwest Australian biodiversity hotspot. (PhD). Curtin University of Technology, Retrieved from https://espace.curtin.edu.au/handle/20.500.11937/84947",S104,Prendergast_2020_2,S,1,0,0,1,1,1,Specimens ID'd by Dr Kit Prendergast. Deposited at WAM. Host plant however not recorded on WAM label.,NA
Conostylis,candicans,Conostylis candicans,Haemodoraceae,Lasioglossum (Homalictus) urbanum,Lasioglossum,Homalictus,urbanum,Halictidae,Halictinae,NA,Insecta,Hymenoptera,1,WA,"Piney Lakes, Winthrop",-32.048163,115.836028,NA,Nov,2016,"Prendergast, K. S. (2020). Urban native bee assemblages and the impact of the introduced European honeybee on plant-pollinator networks in the southwest Australian biodiversity hotspot. (PhD). Curtin University of Technology, Retrieved from https://espace.curtin.edu.au/handle/20.500.11937/84947",S104,Prendergast_2020_2,S,1,1,0,1,1,1,Specimens ID'd by Dr Kit Prendergast. Deposited at WAM. Host plant however not recorded on WAM label.,NA
Conostylis,candicans,Conostylis candicans,Haemodoraceae,Lasioglossum (Homalictus) urbanum,Lasioglossum,Homalictus,urbanum,Halictidae,Halictinae,NA,Insecta,Hymenoptera,1,WA,"Piney Lakes, Winthrop",-32.048163,115.836028,NA,Oct,2017,"Prendergast, K. S. (2020). Urban native bee assemblages and the impact of the introduced European honeybee on plant-pollinator networks in the southwest Australian biodiversity hotspot. (PhD). Curtin University of Technology, Retrieved from https://espace.curtin.edu.au/handle/20.500.11937/84947",S104,Prendergast_2020_2,S,1,1,0,1,1,1,Specimens ID'd by Dr Kit Prendergast. Deposited at WAM. Host plant however not recorded on WAM label.,NA
Hibbertia,cuneiforms,Hibbertia cuneiforms,Dilleniaceae,Lasioglossum (Homalictus) urbanum,Lasioglossum,Homalictus,urbanum,Halictidae,Halictinae,NA,Insecta,Hymenoptera,5,WA,"Piney Lakes, Winthrop",-32.048163,115.836028,NA,Nov,2016,"Prendergast, K. S. (2020). Urban native bee assemblages and the impact of the introduced European honeybee on plant-pollinator networks in the southwest Australian biodiversity hotspot. (PhD). Curtin University of Technology, Retrieved from https://espace.curtin.edu.au/handle/20.500.11937/84947",S104,Prendergast_2020_2,S,1,1,1,1,1,1,Specimens ID'd by Dr Kit Prendergast. Deposited at WAM. Host plant however not recorded on WAM label.,NA
Conostylis,candicans,Conostylis candicans,Haemodoraceae,Leioproctus sp.,Leioproctus,NA,"""sp.""",Colletidae,Neopasiphaeinae,NA,Insecta,Hymenoptera,2,WA,"Piney Lakes, Winthrop",-32.048163,115.836028,NA,Oct,2017,"Prendergast, K. S. (2020). Urban native bee assemblages and the impact of the introduced European honeybee on plant-pollinator networks in the southwest Australian biodiversity hotspot. (PhD). Curtin University of Technology, Retrieved from https://espace.curtin.edu.au/handle/20.500.11937/84947",S104,Prendergast_2020_2,S,1,1,0,1,1,1,Specimens ID'd by Dr Kit Prendergast. Deposited at WAM. Host plant however not recorded on WAM label.,NA
Dampiera,linearis,Dampiera linearis,Goodeniaceae,Lipotriches (Austronomia) flavoviridis species-group,Lipotriches,Austronomia,flavoviridis species-group,Halictidae,Nomiinae,NA,Insecta,Hymenoptera,2,WA,"Maniana reserve, Queens Park",-32.0028489,115.9565061,1/12/2023,Nov,2023,"Prendergast, K. S. (2020). Urban native bee assemblages and the impact of the introduced European honeybee on plant-pollinator networks in the southwest Australian biodiversity hotspot. (PhD). Curtin University of Technology, Retrieved from https://espace.curtin.edu.au/handle/20.500.11937/84948",S104,Prendergast_2020_2,O,1,0,0,1,1,1,Specimens ID'd by Dr Kit Prendergast. Deposited at WAM. Host plant however not recorded on WAM label.,NA
Gompholobium,aristatum,Gompholobium aristatum,Fabaceae,Lipotriches (Austronomia) flavoviridis species-group,Lipotriches,Austronomia,flavoviridis species-group,Halictidae,Nomiinae,NA,Insecta,Hymenoptera,8,WA,Bibra Lake,32.090789°S,115.811681°E,4/11/2016,Nov,2016,"Prendergast, K. S. (2020). Urban native bee assemblages and the impact of the introduced European honeybee on plant-pollinator networks in the southwest Australian biodiversity hotspot. (PhD). Curtin University of Technology, Retrieved from https://espace.curtin.edu.au/handle/20.500.11937/84947",S104,Prendergast_2020_2,S,1,1,0,1,1,1,Specimens ID'd by Dr Kit Prendergast. Deposited at WAM. Host plant however not recorded on WAM label.,NA
Gompholobium,aristatum,Gompholobium aristatum,Fabaceae,Lipotriches (Austronomia) flavoviridis species-group,Lipotriches,Austronomia,flavoviridis species-group,Halictidae,Nomiinae,NA,Insecta,Hymenoptera,13,WA,Bibra Lake,32.090789°S,115.811681°E,20/10/2017,Oct,2017,"Prendergast, K. S. (2020). Urban native bee assemblages and the impact of the introduced European honeybee on plant-pollinator networks in the southwest Australian biodiversity hotspot. (PhD). Curtin University of Technology, Retrieved from https://espace.curtin.edu.au/handle/20.500.11937/84948",S104,Prendergast_2020_2,S,1,1,0,1,1,1,Specimens ID'd by Dr Kit Prendergast. Deposited at WAM. Host plant however not recorded on WAM label. Species syn. Megachile ignita,NA
Hemiandra,pungens,Hemiandra pungens,Lamiaceae,Lipotriches (Austronomia) flavoviridis species-group,Lipotriches,Austronomia,flavoviridis species-group,Halictidae,Nomiinae,NA,Insecta,Hymenoptera,1,WA,"Piney Lakes, Winthrop",-32.048163,115.836028,NA,Feb,2018,"Prendergast, K. S. (2020). Urban native bee assemblages and the impact of the introduced European honeybee on plant-pollinator networks in the southwest Australian biodiversity hotspot. (PhD). Curtin University of Technology, Retrieved from https://espace.curtin.edu.au/handle/20.500.11937/84947",S104,Prendergast_2020_2,S,1,1,0,1,1,1,"Specimens ID'd by Dr Kit Prendergast. Deposited at WAM, but label without host",NA
Hibbertia,cuneiforms,Hibbertia cuneiforms,Dilleniaceae,Lipotriches (Austronomia) flavoviridis species-group,Lipotriches,Austronomia,flavoviridis species-group,Halictidae,Nomiinae,NA,Insecta,Hymenoptera,1,WA,"Piney Lakes, Winthrop",-32.048163,115.836028,NA,Dec,2016,"Prendergast, K. S. (2020). Urban native bee assemblages and the impact of the introduced European honeybee on plant-pollinator networks in the southwest Australian biodiversity hotspot. (PhD). Curtin University of Technology, Retrieved from https://espace.curtin.edu.au/handle/20.500.11937/84947",S104,Prendergast_2020_2,S,1,1,1,1,1,1,Specimens ID'd by Dr Kit Prendergast. Deposited at WAM. Host plant however not recorded on WAM label.,NA
Hibbertia,cuneiforms,Hibbertia cuneiforms,Dilleniaceae,Lipotriches (Austronomia) flavoviridis species-group,Lipotriches,Austronomia,flavoviridis species-group,Halictidae,Nomiinae,NA,Insecta,Hymenoptera,1,WA,"Piney Lakes, Winthrop",-32.048163,115.836028,NA,Oct,2017,"Prendergast, K. S. (2020). Urban native bee assemblages and the impact of the introduced European honeybee on plant-pollinator networks in the southwest Australian biodiversity hotspot. (PhD). Curtin University of Technology, Retrieved from https://espace.curtin.edu.au/handle/20.500.11937/84947",S104,Prendergast_2020_2,S,1,1,1,1,1,1,Specimens ID'd by Dr Kit Prendergast. Deposited at WAM. Host plant however not recorded on WAM label.,NA
Hibbertia,cuneiforms,Hibbertia cuneiforms,Dilleniaceae,Lipotriches (Austronomia) flavoviridis species-group,Lipotriches,Austronomia,flavoviridis species-group,Halictidae,Nomiinae,NA,Insecta,Hymenoptera,1,WA,"Piney Lakes, Winthrop",-32.048163,115.836028,NA,Nov,2017,"Prendergast, K. S. (2020). Urban native bee assemblages and the impact of the introduced European honeybee on plant-pollinator networks in the southwest Australian biodiversity hotspot. (PhD). Curtin University of Technology, Retrieved from https://espace.curtin.edu.au/handle/20.500.11937/84947",S104,Prendergast_2020_2,S,1,1,1,1,1,1,Specimens ID'd by Dr Kit Prendergast. Deposited at WAM. Host plant however not recorded on WAM label.,NA
Hibbertia,hypericoides,Hibbertia hypericoides,Dilleniaceae,Lipotriches (Austronomia) flavoviridis species-group,Lipotriches,Austronomia,flavoviridis species-group,Halictidae,Nomiinae,NA,Insecta,Hymenoptera,2,WA,Shenton Park Bushland,-31.948431,115.794516,2/11/2017,Nov,2017,"Prendergast, K. S. (2020). Urban native bee assemblages and the impact of the introduced European honeybee on plant-pollinator networks in the southwest Australian biodiversity hotspot. (PhD). Curtin University of Technology, Retrieved from https://espace.curtin.edu.au/handle/20.500.11937/84947",S104,Prendergast_2020_2,S,1,1,0,1,1,1,"Specimens ID'd by Dr Kit Prendergast. Deposited at WAM, but label without host",NA
Hibbertia,scandens,Hibbertia scandens,Dilleniaceae,Lipotriches (Austronomia) flavoviridis species-group,Lipotriches,Austronomia,flavoviridis species-group,Halictidae,Nomiinae,NA,Insecta,Hymenoptera,1,WA,Jandakot,32.098467°S,115.860237°E,NA,Nov,2016,"Prendergast, K. S. (2020). Urban native bee assemblages and the impact of the introduced European honeybee on plant-pollinator networks in the southwest Australian biodiversity hotspot. (PhD). Curtin University of Technology, Retrieved from https://espace.curtin.edu.au/handle/20.500.11937/84947",S104,Prendergast_2020_2,S,1,0,0,1,1,1,Link to photo. Specimens ID'd by Dr Kit Prendergast. Deposited at WAM. Host plant however not recorded on WAM label.,NA
Regelia,ciliata,Regelia ciliata,Myrtaceae,Lipotriches (Austronomia) flavoviridis species-group,Lipotriches,Austronomia,flavoviridis species-group,Halictidae,Nomiinae,NA,Insecta,Hymenoptera,69,WA,"Maniana reserve, Queens Park",-32.0028489,115.9565061,NA,March,2017,"Prendergast, K. S. (2020). Urban native bee assemblages and the impact of the introduced European honeybee on plant-pollinator networks in the southwest Australian biodiversity hotspot. (PhD). Curtin University of Technology, Retrieved from https://espace.curtin.edu.au/handle/20.500.11937/84947",S104,Prendergast_2020_2,S,1,1,0,1,1,1,Specimens ID'd by Dr Kit Prendergast. Deposited at WAM. Host plant however not recorded on WAM label.,NA
Hibbertia,cuneiforms,Hibbertia cuneiforms,Dilleniaceae,Lipotriches (Austronomia) moerens,Lipotriches,Austronomia,moerens,Halictidae,Nomiinae,NA,Insecta,Hymenoptera,1,WA,"Piney Lakes, Winthrop",-32.048163,115.836028,NA,Nov,2016,"Prendergast, K. S. (2020). Urban native bee assemblages and the impact of the introduced European honeybee on plant-pollinator networks in the southwest Australian biodiversity hotspot. (PhD). Curtin University of Technology, Retrieved from https://espace.curtin.edu.au/handle/20.500.11937/84947",S104,Prendergast_2020_2,S,1,1,1,1,1,1,Specimens ID'd by Dr Kit Prendergast. Deposited at WAM. Host plant however not recorded on WAM label.,NA
Gompholobium,aristatum,Gompholobium aristatum,Fabaceae,"Megachile ""sp.29M KSP""",Megachile,NA,sp.29M KSP,Megachilidae,Megachilinae,NA,Insecta,Hymenoptera,1,WA,Bibra Lake,32.090789°S,115.811681°E,20/10/2017,Oct,2017,"Prendergast, K. S. (2020). Urban native bee assemblages and the impact of the introduced European honeybee on plant-pollinator networks in the southwest Australian biodiversity hotspot. (PhD). Curtin University of Technology, Retrieved from https://espace.curtin.edu.au/handle/20.500.11937/84947",S104,Prendergast_2020_2,S,1,1,0,1,1,1,Specimens ID'd by Dr Kit Prendergast. Deposited at WAM. Host plant however not recorded on WAM label. Species syn. Megachile ignita,NA
Gompholobium,aristatum,Gompholobium aristatum,Fabaceae,Megachile (Eutricharaea) chrysopyga,Megachile,Eutricharaea,chrysopyga,Megachilidae,Megachilinae,NA,Insecta,Hymenoptera,9,WA,Bibra Lake,32.090789°S,115.811681°E,4/11/2016,Nov,2016,"Prendergast, K. S. (2020). Urban native bee assemblages and the impact of the introduced European honeybee on plant-pollinator networks in the southwest Australian biodiversity hotspot. (PhD). Curtin University of Technology, Retrieved from https://espace.curtin.edu.au/handle/20.500.11937/84947",S104,Prendergast_2020_2,S,1,1,0,1,1,1,Specimens ID'd by Dr Kit Prendergast. Deposited at WAM. Host plant however not recorded on WAM label.,NA
Gompholobium,tomentosum,Gompholobium tomentosum,Fabaceae,Megachile (Eutricharaea) chrysopyga,Megachile,Eutricharaea,chrysopyga,Megachilidae,Megachilinae,NA,Insecta,Hymenoptera,1,WA,"Maniana reserve, Queens Park",-32.0028489,115.9565061,NA,Feb,2017,"Prendergast, K. S. (2020). Urban native bee assemblages and the impact of the introduced European honeybee on plant-pollinator networks in the southwest Australian biodiversity hotspot. (PhD). Curtin University of Technology, Retrieved from https://espace.curtin.edu.au/handle/20.500.11937/84947",S104,Prendergast_2020_2,NA,NA,NA,NA,NA,NA,NA,NA,NA
Regelia,ciliata,Regelia ciliata,Myrtaceae,Megachile (Eutricharaea) serricauda,Megachile,Eutricharaea,serricauda,Megachilidae,Megachilinae,NA,Insecta,Hymenoptera,4,WA,"Maniana reserve, Queens Park",-32.0028489,115.9565061,1/12/2023,Nov,2023,"Prendergast, K. S. (2020). Urban native bee assemblages and the impact of the introduced European honeybee on plant-pollinator networks in the southwest Australian biodiversity hotspot. (PhD). Curtin University of Technology, Retrieved from https://espace.curtin.edu.au/handle/20.500.11937/84948",S104,Prendergast_2020_2,O,1,0,0,1,1,1,NA,NA
Hemiandra,pungens,Hemiandra pungens,Lamiaceae,Megachile “houstoni”,Megachile,NA,"""houstoni""",Megachilidae,Megachilinae,NA,Insecta,Hymenoptera,2,WA,"Piney Lakes, Winthrop",-32.048163,115.836028,NA,Nov,2017,"Prendergast, K. S. (2020). Urban native bee assemblages and the impact of the introduced European honeybee on plant-pollinator networks in the southwest Australian biodiversity hotspot. (PhD). Curtin University of Technology, Retrieved from https://espace.curtin.edu.au/handle/20.500.11937/84947",S104,Prendergast_2020_2,S,1,1,0,1,1,1,"Specimens ID'd by Dr Kit Prendergast. Deposited at WAM, but label without host",NA
Hemiandra,pungens,Hemiandra pungens,Lamiaceae,Megachile “houstoni”,Megachile,NA,"""houstoni""",Megachilidae,Megachilinae,NA,Insecta,Hymenoptera,1,WA,"Piney Lakes, Winthrop",-32.048163,115.836028,NA,Feb,2018,"Prendergast, K. S. (2020). Urban native bee assemblages and the impact of the introduced European honeybee on plant-pollinator networks in the southwest Australian biodiversity hotspot. (PhD). Curtin University of Technology, Retrieved from https://espace.curtin.edu.au/handle/20.500.11937/84947",S104,Prendergast_2020_2,S,1,1,0,1,1,1,"Specimens ID'd by Dr Kit Prendergast. Deposited at WAM, but label without host",NA
Hemiandra,pungens,Hemiandra pungens,Lamiaceae,Megachile “houstoni”,Megachile,NA,"""houstoni""",Megachilidae,Megachilinae,NA,Insecta,Hymenoptera,3,WA,"Piney Lakes, Winthrop",-32.048163,115.836028,NA,March,2018,"Prendergast, K. S. (2020). Urban native bee assemblages and the impact of the introduced European honeybee on plant-pollinator networks in the southwest Australian biodiversity hotspot. (PhD). Curtin University of Technology, Retrieved from https://espace.curtin.edu.au/handle/20.500.11937/84947",S104,Prendergast_2020_2,S,1,1,0,1,1,1,"Specimens ID'd by Dr Kit Prendergast. Deposited at WAM, but label without host",NA
Hemiandra,pungens,Hemiandra pungens,Lamiaceae,Megachile “houstoni”,Megachile,NA,"""houstoni""",Megachilidae,Megachilinae,NA,Insecta,Hymenoptera,2,WA,Shenton Park Bushland,-31.948431,115.794516,14/12/2016,Dec,2016,"Prendergast, K. S. (2020). Urban native bee assemblages and the impact of the introduced European honeybee on plant-pollinator networks in the southwest Australian biodiversity hotspot. (PhD). Curtin University of Technology, Retrieved from https://espace.curtin.edu.au/handle/20.500.11937/84947",S104,Prendergast_2020_2,S,1,1,0,1,1,1,"Specimens ID'd by Dr Kit Prendergast. Deposited at WAM, but label without host",NA
Gompholobium,aristatum,Gompholobium aristatum,Fabaceae,Megachile aurifrons,Megachile,NA,aurifrons,Megachilidae,Megachilinae,NA,Insecta,Hymenoptera,2,WA,Bibra Lake,32.090789°S,115.811681°E,4/11/2016,Nov,2016,"Prendergast, K. S. (2020). Urban native bee assemblages and the impact of the introduced European honeybee on plant-pollinator networks in the southwest Australian biodiversity hotspot. (PhD). Curtin University of Technology, Retrieved from https://espace.curtin.edu.au/handle/20.500.11937/84947",S104,Prendergast_2020_2,S,1,1,0,1,1,1,Specimens ID'd by Dr Kit Prendergast. Deposited at WAM. Host plant however not recorded on WAM label.,NA
Gompholobium,aristatum,Gompholobium aristatum,Fabaceae,Megachile aurifrons,Megachile,NA,aurifrons,Megachilidae,Megachilinae,NA,Insecta,Hymenoptera,1,WA,Bibra Lake,32.090789°S,115.811681°E,20/10/2017,Oct,2017,"Prendergast, K. S. (2020). Urban native bee assemblages and the impact of the introduced European honeybee on plant-pollinator networks in the southwest Australian biodiversity hotspot. (PhD). Curtin University of Technology, Retrieved from https://espace.curtin.edu.au/handle/20.500.11937/84950",S104,Prendergast_2020_2,S,1,1,0,1,1,1,Specimens ID'd by Dr Kit Prendergast. Deposited at WAM. Host plant however not recorded on WAM label. Species syn. Megachile ignita,NA
Gompholobium,aristatum,Gompholobium aristatum,Fabaceae,Megachile canifrons,Megachile,NA,canifrons,Megachilidae,Megachilinae,NA,Insecta,Hymenoptera,2,WA,Bibra Lake,32.090789°S,115.811681°E,20/10/2017,Oct,2017,"Prendergast, K. S. (2020). Urban native bee assemblages and the impact of the introduced European honeybee on plant-pollinator networks in the southwest Australian biodiversity hotspot. (PhD). Curtin University of Technology, Retrieved from https://espace.curtin.edu.au/handle/20.500.11937/84947",S104,Prendergast_2020_2,S,1,1,0,1,1,1,Specimens ID'd by Dr Kit Prendergast. Deposited at WAM. Host plant however not recorded on WAM label. Species syn. Megachile ignita,NA
Gompholobium,aristatum,Gompholobium aristatum,Fabaceae,Megachile remotula,Megachile,NA,remotula,Megachilidae,Megachilinae,NA,Insecta,Hymenoptera,1,WA,Bibra Lake,32.090789°S,115.811681°E,20/10/2017,Oct,2017,"Prendergast, K. S. (2020). Urban native bee assemblages and the impact of the introduced European honeybee on plant-pollinator networks in the southwest Australian biodiversity hotspot. (PhD). Curtin University of Technology, Retrieved from https://espace.curtin.edu.au/handle/20.500.11937/84951",S104,Prendergast_2020_2,S,1,1,0,1,1,1,Specimens ID'd by Dr Kit Prendergast. Deposited at WAM. Host plant however not recorded on WAM label. Species syn. Megachile ignita,NA
Gompholobium,aristatum,Gompholobium aristatum,Fabaceae,Megachile speluncarum,Megachile,NA,speluncarum,Megachilidae,Megachilinae,NA,Insecta,Hymenoptera,6,WA,Bibra Lake,32.090789°S,115.811681°E,4/11/2016,Nov,2016,"Prendergast, K. S. (2020). Urban native bee assemblages and the impact of the introduced European honeybee on plant-pollinator networks in the southwest Australian biodiversity hotspot. (PhD). Curtin University of Technology, Retrieved from https://espace.curtin.edu.au/handle/20.500.11937/84947",S104,Prendergast_2020_2,S,1,1,0,1,1,1,Specimens ID'd by Dr Kit Prendergast. Deposited at WAM. Host plant however not recorded on WAM label.,NA
Gompholobium,aristatum,Gompholobium aristatum,Fabaceae,Megachile speluncarum,Megachile,NA,speluncarum,Megachilidae,Megachilinae,NA,Insecta,Hymenoptera,8,WA,Bibra Lake,32.090789°S,115.811681°E,20/10/2017,Oct,2017,"Prendergast, K. S. (2020). Urban native bee assemblages and the impact of the introduced European honeybee on plant-pollinator networks in the southwest Australian biodiversity hotspot. (PhD). Curtin University of Technology, Retrieved from https://espace.curtin.edu.au/handle/20.500.11937/84949",S104,Prendergast_2020_2,S,1,1,0,1,1,1,Specimens ID'd by Dr Kit Prendergast. Deposited at WAM. Host plant however not recorded on WAM label. Species syn. Megachile ignita,NA
Gompholobium,aristatum,Gompholobium aristatum,Fabaceae,Rozenapis ignita,Rozenapis,NA,ignita,Megachilidae,Megachilinae,NA,Insecta,Hymenoptera,1,WA,Bibra Lake,32.090789°S,115.811681°E,4/12/2016,Dec,2016,"Prendergast, K. S. (2020). Urban native bee assemblages and the impact of the introduced European honeybee on plant-pollinator networks in the southwest Australian biodiversity hotspot. (PhD). Curtin University of Technology, Retrieved from https://espace.curtin.edu.au/handle/20.500.11937/84947",S104,Prendergast_2020_2,S,1,1,0,1,1,1,Specimens ID'd by Dr Kit Prendergast. Deposited at WAM. Host plant however not recorded on WAM label. Species syn. Megachile ignita,NA
Gompholobium,aristatum,Gompholobium aristatum,Fabaceae,Rozenapis ignita,Rozenapis,NA,ignita,Megachilidae,Megachilinae,NA,Insecta,Hymenoptera,3,WA,Bibra Lake,32.090789°S,115.811681°E,20/10/2017,Oct,2017,"Prendergast, K. S. (2020). Urban native bee assemblages and the impact of the introduced European honeybee on plant-pollinator networks in the southwest Australian biodiversity hotspot. (PhD). Curtin University of Technology, Retrieved from https://espace.curtin.edu.au/handle/20.500.11937/84952",S104,Prendergast_2020_2,S,1,1,0,1,1,1,Specimens ID'd by Dr Kit Prendergast. Deposited at WAM. Host plant however not recorded on WAM label. Species syn. Megachile ignita,NA
Regelia,ciliata,Regelia ciliata,Myrtaceae,Apis mellifera,Apis,NA,mellifera,Apidae,Apinae,European honey bee,Insecta,Hymenoptera,1,WA,"Queens Park Rd, Wilson",-32.0212155,115.9208823,13/2/2017,Feb,2017,"Prendergast, K. S. (2020). Urban native bee assemblages and the impact of the introduced European honeybee on plant-pollinator networks in the southwest Australian biodiversity hotspot. (PhD). Curtin University of Technology, Retrieved from https://espace.curtin.edu.au/handle/20.500.11937/84947",S104,Prendergast_2020_2,S,1,0,0,NA,1?,NA,NA,NA
Regelia,ciliata,Regelia ciliata,Myrtaceae,Megachile (Eutricharea) obtusa,Megachile,Eutricharea,obtusa,Megachilidae,Megachilinae,NA,Insecta,Hymenoptera,2,WA,"Queens Park Rd, Wilson",-32.0212155,115.9208823,13/2/2017,Feb,2017,"Prendergast, K. S. (2020). Urban native bee assemblages and the impact of the introduced European honeybee on plant-pollinator networks in the southwest Australian biodiversity hotspot. (PhD). Curtin University of Technology, Retrieved from https://espace.curtin.edu.au/handle/20.500.11937/84952",S104,Prendergast_2020_2,S,1,1,0,NA,1?,NA,NA,NA
Eucalyptus,pruinosa,Eucalyptus pruinosa,Myrtaceae,Amegilla (Notomegilla) aeruginosa,Amegilla,Notomegilla,aeruginosa,Apidae,Anthophorinae,NA,Insecta,Hymenoptera,2,WA,Purnululu World Heritage Park,-17.5289333,128.3048791,28/6/2022,June,2022,"Prendergast, K., & Jackson, F. (2022). Preliminary Native bee diversity surveys in the Purnululu National Park: June 2022. Produced by Dr Kit Prendergast & Freya Jackson on behalf of Department of Biodiversity, Conservation and Attractions, Kununurra, Western Australia. DBCA, Kununurra, Western Australia.",S106,Prendergast_2022_1,S,1,1,0,1,1,1,Identified by K.S.Prendergast. Deposited at WAM.,NA
Eucalyptus,sp.,Eucalyptus sp.,Myrtaceae,Apis mellifera,Apis,NA,mellifera,Apidae,Apinae,European honey bee,Insecta,Hymenoptera,1,WA,Purnululu World Heritage Park,-17.5289333,128.3048791,29/6/2022,June,2022,"Prendergast, K., & Jackson, F. (2022). Preliminary Native bee diversity surveys in the Purnululu National Park: June 2022. Produced by Dr Kit Prendergast & Freya Jackson on behalf of Department of Biodiversity, Conservation and Attractions, Kununurra, Western Australia. DBCA, Kununurra, Western Australia.",S106,Prendergast_2022_1,S,1,1,0,1,1,1,Identified by K.S.Prendergast. Deposited at WAM.,NA
Eucalyptus,sp.,Eucalyptus sp.,Myrtaceae,Austroplebeia australis–Central Colour Morph?1,Austroplebeia,NA,australis–Central Colour Morph?1,Apidae,Apinae,Sugarbag bee,Insecta,Hymenoptera,1,WA,Purnululu World Heritage Park,-17.5289333,128.3048791,28/6/2022,June,2022,"Prendergast, K., & Jackson, F. (2022). Preliminary Native bee diversity surveys in the Purnululu National Park: June 2022. Produced by Dr Kit Prendergast & Freya Jackson on behalf of Department of Biodiversity, Conservation and Attractions, Kununurra, Western Australia. DBCA, Kununurra, Western Australia.",S106,Prendergast_2022_1,S,1,1,0,1,1,1,Identified by K.S.Prendergast. Deposited at WAM.,NA
Corymbia,"""pink&white""",Corymbia opaca,Myrtaceae,Austroplebeia australis–Central Colour Morph?2,Austroplebeia,NA,ustralis–Central Colour Morph?2,Apidae,Apinae,Sugarbag bee,Insecta,Hymenoptera,4,WA,Purnululu World Heritage Park,-17.5289333,128.3048791,28/6/2022,June,2022,"Prendergast, K., & Jackson, F. (2022). Preliminary Native bee diversity surveys in the Purnululu National Park: June 2022. Produced by Dr Kit Prendergast & Freya Jackson on behalf of Department of Biodiversity, Conservation and Attractions, Kununurra, Western Australia. DBCA, Kununurra, Western Australia.",S106,Prendergast_2022_1,S,1,1,0,1,1,1,Identified by K.S.Prendergast. Deposited at WAM.,NA
Eucalyptus,sp.,Eucalyptus sp.,Myrtaceae,Austroplebeia australis–Central Colour Morph?2,Austroplebeia,NA,ustralis–Central Colour Morph?2,Apidae,Apinae,Sugarbag bee,Insecta,Hymenoptera,2,WA,Purnululu World Heritage Park,-17.5289333,128.3048791,28/6/2022,June,2022,"Prendergast, K., & Jackson, F. (2022). Preliminary Native bee diversity surveys in the Purnululu National Park: June 2022. Produced by Dr Kit Prendergast & Freya Jackson on behalf of Department of Biodiversity, Conservation and Attractions, Kununurra, Western Australia. DBCA, Kununurra, Western Australia.",S106,Prendergast_2022_1,S,1,1,0,1,1,1,Identified by K.S.Prendergast. Deposited at WAM.,NA
Eucalyptus,sp.,Eucalyptus sp.,Myrtaceae,Austroplebeia essingtoni,Austroplebeia,NA,essingtoni,Apidae,Apinae,Sugarbag bee,Insecta,Hymenoptera,1,WA,Purnululu World Heritage Park,-17.5289333,128.3048791,28/6/2022,June,2022,"Prendergast, K., & Jackson, F. (2022). Preliminary Native bee diversity surveys in the Purnululu National Park: June 2022. Produced by Dr Kit Prendergast & Freya Jackson on behalf of Department of Biodiversity, Conservation and Attractions, Kununurra, Western Australia. DBCA, Kununurra, Western Australia.",S106,Prendergast_2022_1,S,1,1,0,1,1,1,Identified by K.S.Prendergast. Deposited at WAM.,NA
Corymbia,"""pink&white""",Corymbia opaca,Myrtaceae,Austroplebeia essingtoni,Austroplebeia,NA,essingtoni,Apidae,Apinae,Sugarbag bee,Insecta,Hymenoptera,1,WA,Purnululu World Heritage Park,-17.5289333,128.3048791,28/6/2022,June,2022,"Prendergast, K., & Jackson, F. (2022). Preliminary Native bee diversity surveys in the Purnululu National Park: June 2022. Produced by Dr Kit Prendergast & Freya Jackson on behalf of Department of Biodiversity, Conservation and Attractions, Kununurra, Western Australia. DBCA, Kununurra, Western Australia.",S106,Prendergast_2022_1,S,1,1,0,1,1,1,Identified by K.S.Prendergast. Deposited at WAM.,NA
Corymbia,"""pink&white""",Corymbia opaca,Myrtaceae,Austroplebeia essingtoni,Austroplebeia,NA,essingtoni,Apidae,Apinae,Sugarbag bee,Insecta,Hymenoptera,4,WA,Purnululu World Heritage Park,-17.5289333,128.3048791,29/6/2022,June,2022,"Prendergast, K., & Jackson, F. (2022). Preliminary Native bee diversity surveys in the Purnululu National Park: June 2022. Produced by Dr Kit Prendergast & Freya Jackson on behalf of Department of Biodiversity, Conservation and Attractions, Kununurra, Western Australia. DBCA, Kununurra, Western Australia.",S106,Prendergast_2022_1,S,1,1,0,1,1,1,Identified by K.S.Prendergast. Deposited at WAM.,NA
Eucalyptus,sp.,Eucalyptus sp.,Myrtaceae,Austroplebeia essingtoni,Austroplebeia,NA,essingtoni,Apidae,Apinae,Sugarbag bee,Insecta,Hymenoptera,6,WA,Purnululu World Heritage Park,-17.5289333,128.3048791,29/6/2022,June,2022,"Prendergast, K., & Jackson, F. (2022). Preliminary Native bee diversity surveys in the Purnululu National Park: June 2022. Produced by Dr Kit Prendergast & Freya Jackson on behalf of Department of Biodiversity, Conservation and Attractions, Kununurra, Western Australia. DBCA, Kununurra, Western Australia.",S106,Prendergast_2022_1,S,1,1,0,1,1,1,Identified by K.S.Prendergast. Deposited at WAM.,NA
Corymbia,"""pink&white""",Corymbia opaca,Myrtaceae,"Austroplebeia essingtoni?""cream T5""",Austroplebeia,NA,"essingtoni?""cream T5""",Apidae,Apinae,Sugarbag bee,Insecta,Hymenoptera,3,WA,Purnululu World Heritage Park,-17.5289333,128.3048791,28/6/2022,June,2022,"Prendergast, K., & Jackson, F. (2022). Preliminary Native bee diversity surveys in the Purnululu National Park: June 2022. Produced by Dr Kit Prendergast & Freya Jackson on behalf of Department of Biodiversity, Conservation and Attractions, Kununurra, Western Australia. DBCA, Kununurra, Western Australia.",S106,Prendergast_2022_1,S,1,1,0,1,1,1,Identified by K.S.Prendergast. Deposited at WAM.,NA
Eucalyptus,pruinosa,Eucalyptus pruinosa,Myrtaceae,"Austroplebeia essingtoni?""cream T5""",Austroplebeia,NA,"essingtoni?""cream T5""",Apidae,Apinae,Sugarbag bee,Insecta,Hymenoptera,1,WA,Purnululu World Heritage Park,-17.5289333,128.3048791,28/6/2022,June,2022,"Prendergast, K., & Jackson, F. (2022). Preliminary Native bee diversity surveys in the Purnululu National Park: June 2022. Produced by Dr Kit Prendergast & Freya Jackson on behalf of Department of Biodiversity, Conservation and Attractions, Kununurra, Western Australia. DBCA, Kununurra, Western Australia.",S106,Prendergast_2022_1,S,1,1,0,1,1,1,Identified by K.S.Prendergast. Deposited at WAM.,NA
Eucalyptus,sp.,Eucalyptus sp.,Myrtaceae,"Austroplebeia essingtoni?""cream T5""",Austroplebeia,NA,"essingtoni?""cream T5""",Apidae,Apinae,Sugarbag bee,Insecta,Hymenoptera,1,WA,Purnululu World Heritage Park,-17.5289333,128.3048791,28/6/2022,June,2022,"Prendergast, K., & Jackson, F. (2022). Preliminary Native bee diversity surveys in the Purnululu National Park: June 2022. Produced by Dr Kit Prendergast & Freya Jackson on behalf of Department of Biodiversity, Conservation and Attractions, Kununurra, Western Australia. DBCA, Kununurra, Western Australia.",S106,Prendergast_2022_1,S,1,1,0,1,1,1,Identified by K.S.Prendergast. Deposited at WAM.,NA
Corymbia,"""pink&white""",Corymbia opaca,Myrtaceae,"Austroplebeia essingtoni?""cream T5""",Austroplebeia,NA,"essingtoni?""cream T5""",Apidae,Apinae,Sugarbag bee,Insecta,Hymenoptera,4,WA,Purnululu World Heritage Park,-17.5289333,128.3048791,29/6/2022,June,2022,"Prendergast, K., & Jackson, F. (2022). Preliminary Native bee diversity surveys in the Purnululu National Park: June 2022. Produced by Dr Kit Prendergast & Freya Jackson on behalf of Department of Biodiversity, Conservation and Attractions, Kununurra, Western Australia. DBCA, Kununurra, Western Australia.",S106,Prendergast_2022_1,S,1,1,0,1,1,1,Identified by K.S.Prendergast. Deposited at WAM.,NA
Eucalyptus,sp.,Eucalyptus sp.,Myrtaceae,"Austroplebeia essingtoni?""cream T5""",Austroplebeia,NA,"essingtoni?""cream T5""",Apidae,Apinae,NA,Insecta,Hymenoptera,3,WA,Purnululu World Heritage Park,-17.5289333,128.3048791,29/6/2022,June,2022,"Prendergast, K., & Jackson, F. (2022). Preliminary Native bee diversity surveys in the Purnululu National Park: June 2022. Produced by Dr Kit Prendergast & Freya Jackson on behalf of Department of Biodiversity, Conservation and Attractions, Kununurra, Western Australia. DBCA, Kununurra, Western Australia.",S106,Prendergast_2022_1,S,1,1,0,1,1,1,Identified by K.S.Prendergast. Deposited at WAM.,NA
Eucalyptus,sp.,Eucalyptus sp.,Myrtaceae,Braunsapis falcata,Braunsapis,NA,falcata,Apidae,Xylocopinae,NA,Insecta,Hymenoptera,1,WA,Purnululu World Heritage Park,-17.5289333,128.3048791,28/6/2022,June,2022,"Prendergast, K., & Jackson, F. (2022). Preliminary Native bee diversity surveys in the Purnululu National Park: June 2022. Produced by Dr Kit Prendergast & Freya Jackson on behalf of Department of Biodiversity, Conservation and Attractions, Kununurra, Western Australia. DBCA, Kununurra, Western Australia.",S106,Prendergast_2022_1,S,1,1,0,1,1,1,Identified by K.S.Prendergast. Deposited at WAM.,NA
Eucalyptus,pruinosa,Eucalyptus pruinosa,Myrtaceae,"Callohesma ""Purnululu1""",Callohesma,NA,"""Purnululu1""",Colletidae,Euryglossinae,NA,Insecta,Hymenoptera,2,WA,Purnululu World Heritage Park,-17.5289333,128.3048791,28/6/2022,June,2022,"Prendergast, K., & Jackson, F. (2022). Preliminary Native bee diversity surveys in the Purnululu National Park: June 2022. Produced by Dr Kit Prendergast & Freya Jackson on behalf of Department of Biodiversity, Conservation and Attractions, Kununurra, Western Australia. DBCA, Kununurra, Western Australia.",S106,Prendergast_2022_1,S,1,1,0,1,1,1,Identified by K.S.Prendergast. Deposited at WAM.,NA
Corymbia,"""pink&white""",Corymbia opaca,Myrtaceae,Callohesma flavopicta,Callohesma,NA,flavopicta,Colletidae,Euryglossinae,NA,Insecta,Hymenoptera,1,WA,Purnululu World Heritage Park,-17.5289333,128.3048791,28/6/2022,June,2022,"Prendergast, K., & Jackson, F. (2022). Preliminary Native bee diversity surveys in the Purnululu National Park: June 2022. Produced by Dr Kit Prendergast & Freya Jackson on behalf of Department of Biodiversity, Conservation and Attractions, Kununurra, Western Australia. DBCA, Kununurra, Western Australia.",S106,Prendergast_2022_1,S,1,1,0,1,1,1,Identified by K.S.Prendergast. Deposited at WAM.,NA
Eucalyptus,sp.,Eucalyptus sp.,Myrtaceae,Crabronidae sp.,NA,NA,sp.,Crabronidae,NA,NA,Insecta,Hymenoptera,1,WA,Purnululu World Heritage Park,-17.5289333,128.3048791,28/6/2022,June,2022,"Prendergast, K., & Jackson, F. (2022). Preliminary Native bee diversity surveys in the Purnululu National Park: June 2022. Produced by Dr Kit Prendergast & Freya Jackson on behalf of Department of Biodiversity, Conservation and Attractions, Kununurra, Western Australia. DBCA, Kununurra, Western Australia.",S106,Prendergast_2022_1,S,1,1,0,1,1,1,Identified by K.S.Prendergast. Deposited at WAM.,NA
Corymbia,"""pink&white""",Corymbia opaca,Myrtaceae,"Euhesma ""Purnulu1""",Euhesma,NA,"""Purnulu1""",Colletidae,Euryglossinae,NA,Insecta,Hymenoptera,1,WA,Purnululu World Heritage Park,-17.5289333,128.3048791,29/6/2022,June,2022,"Prendergast, K., & Jackson, F. (2022). Preliminary Native bee diversity surveys in the Purnululu National Park: June 2022. Produced by Dr Kit Prendergast & Freya Jackson on behalf of Department of Biodiversity, Conservation and Attractions, Kununurra, Western Australia. DBCA, Kununurra, Western Australia.",S106,Prendergast_2022_1,S,1,1,0,1,1,1,Identified by K.S.Prendergast. Deposited at WAM.,NA
Eucalyptus,sp.,Eucalyptus sp.,Myrtaceae,"Euryglossina ""CopperM_Purnululu""",Euryglossina,NA,"""CopperM_Purnululu""",Colletidae,Euryglossinae,NA,Insecta,Hymenoptera,1,WA,Purnululu World Heritage Park,-17.5289333,128.3048791,29/6/2022,June,2022,"Prendergast, K., & Jackson, F. (2022). Preliminary Native bee diversity surveys in the Purnululu National Park: June 2022. Produced by Dr Kit Prendergast & Freya Jackson on behalf of Department of Biodiversity, Conservation and Attractions, Kununurra, Western Australia. DBCA, Kununurra, Western Australia.",S106,Prendergast_2022_1,S,1,1,0,1,1,1,Identified by K.S.Prendergast. Deposited at WAM.,NA
Eucalyptus,sp.,Eucalyptus sp.,Myrtaceae,"Euryglossina ""Purnululu1""",Euryglossina,NA,"""Purnulu1""",Colletidae,Euryglossinae,NA,Insecta,Hymenoptera,2,WA,Purnululu World Heritage Park,-17.5289333,128.3048791,29/6/2022,June,2022,"Prendergast, K., & Jackson, F. (2022). Preliminary Native bee diversity surveys in the Purnululu National Park: June 2022. Produced by Dr Kit Prendergast & Freya Jackson on behalf of Department of Biodiversity, Conservation and Attractions, Kununurra, Western Australia. DBCA, Kununurra, Western Australia.",S106,Prendergast_2022_1,S,1,1,0,1,1,1,Identified by K.S.Prendergast. Deposited at WAM.,NA
Eucalyptus,sp.,Eucalyptus sp.,Myrtaceae,Euryglossula flava,Euryglossula,NA,flava,Colletidae,Euryglossinae,NA,Insecta,Hymenoptera,1,WA,Purnululu World Heritage Park,-17.5289333,128.3048791,29/6/2022,June,2022,"Prendergast, K., & Jackson, F. (2022). Preliminary Native bee diversity surveys in the Purnululu National Park: June 2022. Produced by Dr Kit Prendergast & Freya Jackson on behalf of Department of Biodiversity, Conservation and Attractions, Kununurra, Western Australia. DBCA, Kununurra, Western Australia.",S106,Prendergast_2022_1,S,1,1,0,1,1,1,Identified by K.S.Prendergast. Deposited at WAM.,NA
Eucalyptus,sp.,Eucalyptus sp.,Myrtaceae,Gasteruptiidae sp.,NA,NA,sp.,Gasteruptiidae,NA,NA,Insecta,Hymenoptera,1,WA,Purnululu World Heritage Park,-17.5289333,128.3048791,28/6/2022,June,2022,"Prendergast, K., & Jackson, F. (2022). Preliminary Native bee diversity surveys in the Purnululu National Park: June 2022. Produced by Dr Kit Prendergast & Freya Jackson on behalf of Department of Biodiversity, Conservation and Attractions, Kununurra, Western Australia. DBCA, Kununurra, Western Australia.",S106,Prendergast_2022_1,S,1,1,0,1,1,1,Identified by K.S.Prendergast. Deposited at WAM.,NA
Corymbia,"""pink&white""",Corymbia opaca,Myrtaceae,Hylaeus (Euprosopis) elegans,Hylaeus,Euprosopis,elegans,Colletidae,Hylaeinae,NA,Insecta,Hymenoptera,1,WA,Purnululu World Heritage Park,-17.5289333,128.3048791,28/6/2022,June,2022,"Prendergast, K., & Jackson, F. (2022). Preliminary Native bee diversity surveys in the Purnululu National Park: June 2022. Produced by Dr Kit Prendergast & Freya Jackson on behalf of Department of Biodiversity, Conservation and Attractions, Kununurra, Western Australia. DBCA, Kununurra, Western Australia.",S106,Prendergast_2022_1,S,1,1,0,1,1,1,Identified by K.S.Prendergast. Deposited at WAM.,NA
Eucalyptus,sp.,Eucalyptus sp.,Myrtaceae,Hylaeus (Euprosopis) husela,Hylaeus,Euprosopis,husela,Colletidae,Hylaeinae,NA,Insecta,Hymenoptera,3,WA,Purnululu World Heritage Park,-17.5289333,128.3048791,29/6/2022,June,2022,"Prendergast, K., & Jackson, F. (2022). Preliminary Native bee diversity surveys in the Purnululu National Park: June 2022. Produced by Dr Kit Prendergast & Freya Jackson on behalf of Department of Biodiversity, Conservation and Attractions, Kununurra, Western Australia. DBCA, Kununurra, Western Australia.",S106,Prendergast_2022_1,S,1,1,0,1,1,1,Identified by K.S.Prendergast. Deposited at WAM.,NA
Corymbia,"""pink&white""",Corymbia opaca,Myrtaceae,Hylaeus (Prosopisteron) baudinensis,Hylaeus,Prosopisteron,baudinensis,Colletidae,Hylaeinae,NA,Insecta,Hymenoptera,6,WA,Purnululu World Heritage Park,-17.5289333,128.3048791,28/6/2022,June,2022,"Prendergast, K., & Jackson, F. (2022). Preliminary Native bee diversity surveys in the Purnululu National Park: June 2022. Produced by Dr Kit Prendergast & Freya Jackson on behalf of Department of Biodiversity, Conservation and Attractions, Kununurra, Western Australia. DBCA, Kununurra, Western Australia.",S106,Prendergast_2022_1,S,1,1,0,1,1,1,Identified by K.S.Prendergast. Deposited at WAM.,NA
Eucalyptus,pruinosa,Eucalyptus pruinosa,Myrtaceae,Hylaeus (Prosopisteron) baudinensis,Hylaeus,Prosopisteron,baudinensis,Colletidae,Hylaeinae,NA,Insecta,Hymenoptera,3,WA,Purnululu World Heritage Park,-17.5289333,128.3048791,28/6/2022,June,2022,"Prendergast, K., & Jackson, F. (2022). Preliminary Native bee diversity surveys in the Purnululu National Park: June 2022. Produced by Dr Kit Prendergast & Freya Jackson on behalf of Department of Biodiversity, Conservation and Attractions, Kununurra, Western Australia. DBCA, Kununurra, Western Australia.",S106,Prendergast_2022_1,S,1,1,0,1,1,1,Identified by K.S.Prendergast. Deposited at WAM.,NA
Eucalyptus,sp.,Eucalyptus sp.,Myrtaceae,Hylaeus (Prosopisteron) baudinensis,Hylaeus,Prosopisteron,baudinensis,Colletidae,Hylaeinae,NA,Insecta,Hymenoptera,18,WA,Purnululu World Heritage Park,-17.5289333,128.3048791,28/6/2022,June,2022,"Prendergast, K., & Jackson, F. (2022). Preliminary Native bee diversity surveys in the Purnululu National Park: June 2022. Produced by Dr Kit Prendergast & Freya Jackson on behalf of Department of Biodiversity, Conservation and Attractions, Kununurra, Western Australia. DBCA, Kununurra, Western Australia.",S106,Prendergast_2022_1,S,1,1,0,1,1,1,Identified by K.S.Prendergast. Deposited at WAM.,NA
Corymbia,"""pink&white""",Corymbia opaca,Myrtaceae,Hylaeus (Prosopisteron) baudinensis,Hylaeus,Prosopisteron,baudinensis,Colletidae,Hylaeinae,NA,Insecta,Hymenoptera,3,WA,Purnululu World Heritage Park,-17.5289333,128.3048791,29/6/2022,June,2022,"Prendergast, K., & Jackson, F. (2022). Preliminary Native bee diversity surveys in the Purnululu National Park: June 2022. Produced by Dr Kit Prendergast & Freya Jackson on behalf of Department of Biodiversity, Conservation and Attractions, Kununurra, Western Australia. DBCA, Kununurra, Western Australia.",S106,Prendergast_2022_1,S,1,1,0,1,1,1,Identified by K.S.Prendergast. Deposited at WAM.,NA
Eucalyptus,sp.,Eucalyptus sp.,Myrtaceae,Hylaeus (Prosopisteron) baudinensis,Hylaeus,Prosopisteron,baudinensis,Colletidae,Hylaeinae,NA,Insecta,Hymenoptera,39,WA,Purnululu World Heritage Park,-17.5289333,128.3048791,29/6/2022,June,2022,"Prendergast, K., & Jackson, F. (2022). Preliminary Native bee diversity surveys in the Purnululu National Park: June 2022. Produced by Dr Kit Prendergast & Freya Jackson on behalf of Department of Biodiversity, Conservation and Attractions, Kununurra, Western Australia. DBCA, Kununurra, Western Australia.",S106,Prendergast_2022_1,S,1,1,0,1,1,1,Identified by K.S.Prendergast. Deposited at WAM.,NA
Eucalyptus,sp.,Eucalyptus sp.,Myrtaceae,Hylaeus (Prosopisteron) chlorosomus,Hylaeus,Prosopisteron,chlorosomus,Colletidae,Hylaeinae,NA,Insecta,Hymenoptera,6,WA,Purnululu World Heritage Park,-17.5289333,128.3048791,28/6/2022,June,2022,"Prendergast, K., & Jackson, F. (2022). Preliminary Native bee diversity surveys in the Purnululu National Park: June 2022. Produced by Dr Kit Prendergast & Freya Jackson on behalf of Department of Biodiversity, Conservation and Attractions, Kununurra, Western Australia. DBCA, Kununurra, Western Australia.",S106,Prendergast_2022_1,S,1,1,0,1,1,1,Identified by K.S.Prendergast. Deposited at WAM.,NA
Eucalyptus,sp.,Eucalyptus sp.,Myrtaceae,Hylaeus (Prosopisteron) chlorosomus,Hylaeus,Prosopisteron,chlorosomus,Colletidae,Hylaeinae,NA,Insecta,Hymenoptera,3,WA,Purnululu World Heritage Park,-17.5289333,128.3048791,29/6/2022,June,2022,"Prendergast, K., & Jackson, F. (2022). Preliminary Native bee diversity surveys in the Purnululu National Park: June 2022. Produced by Dr Kit Prendergast & Freya Jackson on behalf of Department of Biodiversity, Conservation and Attractions, Kununurra, Western Australia. DBCA, Kununurra, Western Australia.",S106,Prendergast_2022_1,S,1,1,0,1,1,1,Identified by K.S.Prendergast. Deposited at WAM.,NA
Eucalyptus,sp.,Eucalyptus sp.,Myrtaceae,Hylaeus (Prosopisteron) chlorosomus,Hylaeus,Prosopisteron,chlorosomus,Colletidae,Hylaeinae,NA,Insecta,Hymenoptera,51,WA,Purnululu World Heritage Park,-17.5289333,128.3048791,29/6/2022,June,2022,"Prendergast, K., & Jackson, F. (2022). Preliminary Native bee diversity surveys in the Purnululu National Park: June 2022. Produced by Dr Kit Prendergast & Freya Jackson on behalf of Department of Biodiversity, Conservation and Attractions, Kununurra, Western Australia. DBCA, Kununurra, Western Australia.",S106,Prendergast_2022_1,S,1,1,0,1,1,1,Identified by K.S.Prendergast. Deposited at WAM.,NA
Corymbia,"""pink&white""",Corymbia opaca,Myrtaceae,Hylaeus (Prosopisteron) chlorosomus,Hylaeus,Prosopisteron,chlorosomus,Colletidae,Hylaeinae,NA,Insecta,Hymenoptera,9,WA,Purnululu World Heritage Park,-17.5289333,128.3048791,29/6/2022,June,2022,"Prendergast, K., & Jackson, F. (2022). Preliminary Native bee diversity surveys in the Purnululu National Park: June 2022. Produced by Dr Kit Prendergast & Freya Jackson on behalf of Department of Biodiversity, Conservation and Attractions, Kununurra, Western Australia. DBCA, Kununurra, Western Australia.",S106,Prendergast_2022_1,S,1,1,0,1,1,1,Identified by K.S.Prendergast. Deposited at WAM.,NA
Eucalyptus,sp.,Eucalyptus sp.,Myrtaceae,Hylaeus (Prosopisteron) trimerops,Hylaeus,Prosopisteron,trimerops,Colletidae,Hylaeinae,NA,Insecta,Hymenoptera,4,WA,Purnululu World Heritage Park,-17.5289333,128.3048791,28/6/2022,June,2022,"Prendergast, K., & Jackson, F. (2022). Preliminary Native bee diversity surveys in the Purnululu National Park: June 2022. Produced by Dr Kit Prendergast & Freya Jackson on behalf of Department of Biodiversity, Conservation and Attractions, Kununurra, Western Australia. DBCA, Kununurra, Western Australia.",S106,Prendergast_2022_1,S,1,1,0,1,1,1,Identified by K.S.Prendergast. Deposited at WAM.,NA
Eucalyptus,sp.,Eucalyptus sp.,Myrtaceae,Hylaeus (Prosopisteron) trimerops,Hylaeus,Prosopisteron,trimerops,Colletidae,Hylaeinae,NA,Insecta,Hymenoptera,1,WA,Purnululu World Heritage Park,-17.5289333,128.3048791,29/6/2022,June,2022,"Prendergast, K., & Jackson, F. (2022). Preliminary Native bee diversity surveys in the Purnululu National Park: June 2022. Produced by Dr Kit Prendergast & Freya Jackson on behalf of Department of Biodiversity, Conservation and Attractions, Kununurra, Western Australia. DBCA, Kununurra, Western Australia.",S106,Prendergast_2022_1,S,1,1,0,1,1,1,Identified by K.S.Prendergast. Deposited at WAM.,NA
Eucalyptus,sp.,Eucalyptus sp.,Myrtaceae,"Hylaeus (Rhodohylaeus) sp.""Purnululu1""",Hylaeus,Rhodohylaeus,"sp.""Purnululu1""",Colletidae,Hylaeinae,NA,Insecta,Hymenoptera,5,WA,Purnululu World Heritage Park,-17.5289333,128.3048791,28/6/2022,June,2022,"Prendergast, K., & Jackson, F. (2022). Preliminary Native bee diversity surveys in the Purnululu National Park: June 2022. Produced by Dr Kit Prendergast & Freya Jackson on behalf of Department of Biodiversity, Conservation and Attractions, Kununurra, Western Australia. DBCA, Kununurra, Western Australia.",S106,Prendergast_2022_1,S,1,1,0,1,1,1,Identified by K.S.Prendergast. Deposited at WAM.,NA
Corymbia,"""pink&white""",Corymbia opaca,Myrtaceae,Lasioglossum (Chilalictus) appositum,Lasioglossum,Chilalictus,appositum,Halictidae,Halictinae,NA,Insecta,Hymenoptera,1,WA,Purnululu World Heritage Park,-17.5289333,128.3048791,28/6/2022,June,2022,"Prendergast, K., & Jackson, F. (2022). Preliminary Native bee diversity surveys in the Purnululu National Park: June 2022. Produced by Dr Kit Prendergast & Freya Jackson on behalf of Department of Biodiversity, Conservation and Attractions, Kununurra, Western Australia. DBCA, Kununurra, Western Australia.",S106,Prendergast_2022_1,S,1,1,0,1,1,1,Identified by K.S.Prendergast. Deposited at WAM.,NA
Eucalyptus,pruinosa,Eucalyptus pruinosa,Myrtaceae,Lasioglossum (Chilalictus) appositum,Lasioglossum,Chilalictus,appositum,Halictidae,Halictinae,NA,Insecta,Hymenoptera,1,WA,Purnululu World Heritage Park,-17.5289333,128.3048791,28/6/2022,June,2022,"Prendergast, K., & Jackson, F. (2022). Preliminary Native bee diversity surveys in the Purnululu National Park: June 2022. Produced by Dr Kit Prendergast & Freya Jackson on behalf of Department of Biodiversity, Conservation and Attractions, Kununurra, Western Australia. DBCA, Kununurra, Western Australia.",S106,Prendergast_2022_1,S,1,1,0,1,1,1,Identified by K.S.Prendergast. Deposited at WAM.,NA
Eucalyptus,NA,Eucalyptus sp.,Myrtaceae,Lasioglossum (Chilalictus) appositum,Lasioglossum,Chilalictus,appositum,Halictidae,Halictinae,NA,Insecta,Hymenoptera,1,WA,Purnululu World Heritage Park,-17.5289333,128.3048791,29/6/2022,June,2022,"Prendergast, K., & Jackson, F. (2022). Preliminary Native bee diversity surveys in the Purnululu National Park: June 2022. Produced by Dr Kit Prendergast & Freya Jackson on behalf of Department of Biodiversity, Conservation and Attractions, Kununurra, Western Australia. DBCA, Kununurra, Western Australia.",S106,Prendergast_2022_1,S,1,1,0,1,1,1,Identified by K.S.Prendergast. Deposited at WAM.,NA
Eucalyptus,sp.,Eucalyptus sp.,Myrtaceae,Lasioglossum (Homalictus) dotatum,Lasioglossum,Homalictus,dotatum,Halictidae,Halictinae,NA,Insecta,Hymenoptera,9,WA,Purnululu World Heritage Park,-17.5289333,128.3048791,29/6/2022,June,2022,"Prendergast, K., & Jackson, F. (2022). Preliminary Native bee diversity surveys in the Purnululu National Park: June 2022. Produced by Dr Kit Prendergast & Freya Jackson on behalf of Department of Biodiversity, Conservation and Attractions, Kununurra, Western Australia. DBCA, Kununurra, Western Australia.",S106,Prendergast_2022_1,S,1,1,0,1,1,1,Identified by K.S.Prendergast. Deposited at WAM.,NA
Eucalyptus,sp.,Eucalyptus sp.,Myrtaceae,Mantisipidae sp.,NA,NA,sp.,Mantisipidae,NA,NA,Insecta,Neuroptera,1,WA,Purnululu World Heritage Park,-17.5289333,128.3048791,28/6/2022,June,2022,"Prendergast, K., & Jackson, F. (2022). Preliminary Native bee diversity surveys in the Purnululu National Park: June 2022. Produced by Dr Kit Prendergast & Freya Jackson on behalf of Department of Biodiversity, Conservation and Attractions, Kununurra, Western Australia. DBCA, Kununurra, Western Australia.",S106,Prendergast_2022_1,S,1,1,0,1,1,1,Identified by K.S.Prendergast. Deposited at WAM.,NA
Eucalyptus,sp.,Eucalyptus sp.,Myrtaceae,"Megachile ""Purnululu1""",Megachile,NA,"""Purnululu1""",Megachilidae,Megachilinae,NA,Insecta,Hymenoptera,1,WA,Purnululu World Heritage Park,-17.5289333,128.3048791,28/6/2022,June,2022,"Prendergast, K., & Jackson, F. (2022). Preliminary Native bee diversity surveys in the Purnululu National Park: June 2022. Produced by Dr Kit Prendergast & Freya Jackson on behalf of Department of Biodiversity, Conservation and Attractions, Kununurra, Western Australia. DBCA, Kununurra, Western Australia.",S106,Prendergast_2022_1,S,1,1,0,1,1,1,Identified by K.S.Prendergast. Deposited at WAM.,NA
Eucalyptus,pruinosa,Eucalyptus pruinosa,Myrtaceae,Megachile (Eutricharaea) macularis,Megachile,Eutricharaea,macularis,Megachilidae,Megachilinae,NA,Insecta,Hymenoptera,1,WA,Purnululu World Heritage Park,-17.5289333,128.3048791,28/6/2022,June,2022,"Prendergast, K., & Jackson, F. (2022). Preliminary Native bee diversity surveys in the Purnululu National Park: June 2022. Produced by Dr Kit Prendergast & Freya Jackson on behalf of Department of Biodiversity, Conservation and Attractions, Kununurra, Western Australia. DBCA, Kununurra, Western Australia.",S106,Prendergast_2022_1,S,1,1,0,1,1,1,Identified by K.S.Prendergast. Deposited at WAM.,NA
Eucalyptus,sp.,Eucalyptus sp.,Myrtaceae,Megachile (Hackeriapis) semicandens,Megachile,Hackeriapis,semicandens,Megachilidae,Megachilinae,NA,Insecta,Hymenoptera,1,WA,Purnululu World Heritage Park,-17.5289333,128.3048791,28/6/2022,June,2022,"Prendergast, K., & Jackson, F. (2022). Preliminary Native bee diversity surveys in the Purnululu National Park: June 2022. Produced by Dr Kit Prendergast & Freya Jackson on behalf of Department of Biodiversity, Conservation and Attractions, Kununurra, Western Australia. DBCA, Kununurra, Western Australia.",S106,Prendergast_2022_1,S,1,1,0,1,1,1,Identified by K.S.Prendergast. Deposited at WAM.,NA
Eucalyptus,pruinosa,Eucalyptus pruinosa,Myrtaceae,"Meroglossa ""Purnululu1""",Meroglossa,NA,"""Purnululu1""",Megachilidae,Megachilinae,NA,Insecta,Hymenoptera,1,WA,Purnululu World Heritage Park,-17.5289333,128.3048791,28/6/2022,June,2022,"Prendergast, K., & Jackson, F. (2022). Preliminary Native bee diversity surveys in the Purnululu National Park: June 2022. Produced by Dr Kit Prendergast & Freya Jackson on behalf of Department of Biodiversity, Conservation and Attractions, Kununurra, Western Australia. DBCA, Kununurra, Western Australia.",S106,Prendergast_2022_1,S,1,1,0,1,1,1,Identified by K.S.Prendergast. Deposited at WAM.,NA
Eucalyptus,sp.,Eucalyptus sp.,Myrtaceae,Neuroptera sp.,NA,NA,sp.,Megachilidae,Megachilinae,Lacewings,Insecta,Neuroptera,1,WA,Purnululu World Heritage Park,-17.5289333,128.3048791,28/6/2022,June,2022,"Prendergast, K., & Jackson, F. (2022). Preliminary Native bee diversity surveys in the Purnululu National Park: June 2022. Produced by Dr Kit Prendergast & Freya Jackson on behalf of Department of Biodiversity, Conservation and Attractions, Kununurra, Western Australia. DBCA, Kununurra, Western Australia.",S106,Prendergast_2022_1,S,1,1,0,1,1,1,Identified by K.S.Prendergast. Deposited at WAM.,NA
Grevillea,miniata,Grevillea miniata,Proteaceae,"Tetragonula carbonaria-group ""blue-tint""",Tetragonula,NA,"carbonaria-group ""blue-tint""",Apidae,Apinae,Sugarbag bee,Insecta,Hymenoptera,1,WA,Purnululu World Heritage Park,-17.5289333,128.3048791,27/6/2022,June,2022,"Prendergast, K., & Jackson, F. (2022). Preliminary Native bee diversity surveys in the Purnululu National Park: June 2022. Produced by Dr Kit Prendergast & Freya Jackson on behalf of Department of Biodiversity, Conservation and Attractions, Kununurra, Western Australia. DBCA, Kununurra, Western Australia.",S106,Prendergast_2022_1,S,1,1,0,1,1,1,Identified by K.S.Prendergast. Deposited at WAM.,NA
Eucalyptus,sp.,Eucalyptus sp.,Myrtaceae,"Tetragonula carbonaria-group ""blue-tint""",Tetragonula,NA,"carbonaria-group ""blue-tint""",Apidae,Apinae,Sugarbag bee,Insecta,Hymenoptera,3,WA,Purnululu World Heritage Park,-17.5289333,128.3048791,28/6/2022,June,2022,"Prendergast, K., & Jackson, F. (2022). Preliminary Native bee diversity surveys in the Purnululu National Park: June 2022. Produced by Dr Kit Prendergast & Freya Jackson on behalf of Department of Biodiversity, Conservation and Attractions, Kununurra, Western Australia. DBCA, Kununurra, Western Australia.",S106,Prendergast_2022_1,S,1,1,0,1,1,1,Identified by K.S.Prendergast. Deposited at WAM.,NA
Corymbia,"""pink&white""",Corymbia opaca,Myrtaceae,Tetragonula mellipes,Tetragonula,NA,mellipes,Apidae,Apinae,Sugarbag bee,Insecta,Hymenoptera,1,WA,Purnululu World Heritage Park,-17.5289333,128.3048791,28/6/2022,June,2022,"Prendergast, K., & Jackson, F. (2022). Preliminary Native bee diversity surveys in the Purnululu National Park: June 2022. Produced by Dr Kit Prendergast & Freya Jackson on behalf of Department of Biodiversity, Conservation and Attractions, Kununurra, Western Australia. DBCA, Kununurra, Western Australia.",S106,Prendergast_2022_1,S,1,1,0,1,1,1,Identified by K.S.Prendergast. Deposited at WAM.,NA
Eucalyptus,sp.,Eucalyptus sp.,Myrtaceae,Tetragonula mellipes,Tetragonula,NA,mellipes,Apidae,Apinae,Sugarbag bee,Insecta,Hymenoptera,2,WA,Purnululu World Heritage Park,-17.5289333,128.3048791,28/6/2022,June,2022,"Prendergast, K., & Jackson, F. (2022). Preliminary Native bee diversity surveys in the Purnululu National Park: June 2022. Produced by Dr Kit Prendergast & Freya Jackson on behalf of Department of Biodiversity, Conservation and Attractions, Kununurra, Western Australia. DBCA, Kununurra, Western Australia.",S106,Prendergast_2022_1,S,1,1,0,1,1,1,Identified by K.S.Prendergast. Deposited at WAM.,NA
Hibbertia,hypericoides,Hibbertia hypericoides,Dilleniaceae,Apis mellifera,Apis,NA,mellifera,Apidae,Apinae,NA,Insecta,Hymenoptera,13,WA,Wellington State Forest,-33.4164032,115.9627744,NA,Nov,2021,"Prendergast, K., & Wilson, R. (2022). Bee hotels to boost bees after bushfires Final Report. BRCG000116 Bushfire Recovery for Wildlife & Habitat Community Grants Program. Available: https://espace.library.uq.edu.au/view/UQ:587ee7f/BRCG000116-FinalReport.pdf",S107,Prendergast_2022_2,S,1,0,0,1,1,1,NA,NA
Hibbertia,hypericoides,Hibbertia hypericoides,Dilleniaceae,Leioproctus sp.,Leioproctus,NA,"""sp.""",Colletidae,Neopasiphaeinae,NA,Insecta,Hymenoptera,7,WA,Wellington State Forest,-33.4164032,115.9627744,NA,Nov,2021,"Prendergast, K., & Wilson, R. (2022). Bee hotels to boost bees after bushfires Final Report. BRCG000116 Bushfire Recovery for Wildlife & Habitat Community Grants Program. Available: https://espace.library.uq.edu.au/view/UQ:587ee7f/BRCG000116-FinalReport.pdf",S107,Prendergast_2022_2,S,1,0,0,1,1,1,NA,NA
Hibbertia,hypericoides,Hibbertia hypericoides,Dilleniaceae,Lipotriches (Austronomia) flavoviridis species-group,Lipotriches,Austronomia,flavoviridis species-group,Halictidae,Nomiinae,NA,Insecta,Hymenoptera,2,WA,Wellington State Forest,-33.4164032,115.9627744,NA,Nov,2021,"Prendergast, K., & Wilson, R. (2022). Bee hotels to boost bees after bushfires Final Report. BRCG000116 Bushfire Recovery for Wildlife & Habitat Community Grants Program. Available: https://espace.library.uq.edu.au/view/UQ:587ee7f/BRCG000116-FinalReport.pdf",S107,Prendergast_2022_2,S,1,0,0,1,1,1,NA,NA
Regelia,ciliata,Regelia ciliata,Myrtaceae,Apis mellifera,Apis,NA,mellifera,Apidae,Apinae,European honey bee,Insecta,Hymenoptera,14,WA,Harris River NP,Lat: -33.151141,Lon: 116.189276,NA,Nov,2021,"Prendergast, K., & Wilson, R. (2022). Bee hotels to boost bees after bushfires Final Report. BRCG000116 Bushfire Recovery for Wildlife & Habitat Community Grants Program. Retrieved from https://espace.library.uq.edu.au/view/UQ:587ee7f/BRCG000116-FinalReport.pdf",S107,Prendergast_2022_2,NA,NA,NA,NA,NA,NA,NA,NA,NA
Bossiaea,eriocarpa,Bossiaea eriocarpa,Fabaceae,Apis mellifera,Apis,NA,mellifera,Apidae,Apinae,European honey bee,Insecta,Hymenoptera,182,WA,Koondoola Bushland,"31°50'12.7"" S","115°52'02.8"" E",13/9/2016,Sep,2016,"Scaccabarozzi, D., Dixon, K. W., Tomlinson, S., Milne, L., Bohman, B., Phillips, R. D., & Cozzolino, S. (2020). Pronounced differences in visitation by potential pollinators to co-occurring species of Fabaceae in the Southwest Australian biodiversity hotspot. Botanical Journal of the Linnean Society, 194(3), 308-325. doi:10.1093/botlinnean/boaa054",S115,Scaccabarozzi_2020,S,1,1,0,1,1,1,Specimens ID'd by Dr Terry Houston.,NA
Bossiaea,eriocarpa,Bossiaea eriocarpa,Fabaceae,Apis mellifera,Apis,NA,mellifera,Apidae,Apinae,European honey bee,Insecta,Hymenoptera,?,WA,Koondoola Bushland,"31°50'12.7"" S","115°52'02.8"" E",3/10/2017,Oct,2017,"Scaccabarozzi, D., Dixon, K. W., Tomlinson, S., Milne, L., Bohman, B., Phillips, R. D., & Cozzolino, S. (2020). Pronounced differences in visitation by potential pollinators to co-occurring species of Fabaceae in the Southwest Australian biodiversity hotspot. Botanical Journal of the Linnean Society, 194(3), 308-325. doi:10.1093/botlinnean/boaa054",S115,Scaccabarozzi_2020,S,1,1,0,1,1,1,Specimens ID'd by Dr Terry Houston.,NA
Bossiaea,eriocarpa,Bossiaea eriocarpa,Fabaceae,Leioproctus (Leioproctus) WAM code F177 [undescribed sp],Leioproctus,Leioproctus,"""WAM code F177 [undescribed sp]""",Colletidae,Neopasiphaeinae,NA,Insecta,Hymenoptera,2,WA,Koondoola Bushland,"31°50'12.7"" S","115°52'02.8"" E",13/9/2016,Sep,2016,"Scaccabarozzi, D., Dixon, K. W., Tomlinson, S., Milne, L., Bohman, B., Phillips, R. D., & Cozzolino, S. (2020). Pronounced differences in visitation by potential pollinators to co-occurring species of Fabaceae in the Southwest Australian biodiversity hotspot. Botanical Journal of the Linnean Society, 194(3), 308-325. doi:10.1093/botlinnean/boaa053",S115,Scaccabarozzi_2020,S,1,1,0,1,1,1,Specimens ID'd by Dr Terry Houston.,NA
Bossiaea,eriocarpa,Bossiaea eriocarpa,Fabaceae,Megachile (Hackeriapis) sp. 1,Megachile,Hackeriapis,"""sp. 1""",Megachilidae,Megachilinae,NA,Insecta,Hymenoptera,?,WA,Koondoola Bushland,"31°50'12.7"" S","115°52'02.8"" E",13/9/2016,Sep,2016,"Scaccabarozzi, D., Dixon, K. W., Tomlinson, S., Milne, L., Bohman, B., Phillips, R. D., & Cozzolino, S. (2020). Pronounced differences in visitation by potential pollinators to co-occurring species of Fabaceae in the Southwest Australian biodiversity hotspot. Botanical Journal of the Linnean Society, 194(3), 308-325. doi:10.1093/botlinnean/boaa053",S115,Scaccabarozzi_2020,S,1,1,0,1,1,1,Specimens ID'd by Dr Terry Houston.,NA
Bossiaea,eriocarpa,Bossiaea eriocarpa,Fabaceae,Neophyllotocus spp.,Neophyllotocus,NA,spp.,Scarabaeidae,Melolonthinae,NA,Insecta,Coleoptera,10,WA,Koondoola Bushland,"31°50'12.7"" S","115°52'02.8"" E",13/9/2016,Sep,2016,"Scaccabarozzi, D., Dixon, K. W., Tomlinson, S., Milne, L., Bohman, B., Phillips, R. D., & Cozzolino, S. (2020). Pronounced differences in visitation by potential pollinators to co-occurring species of Fabaceae in the Southwest Australian biodiversity hotspot. Botanical Journal of the Linnean Society, 194(3), 308-325. doi:10.1093/botlinnean/boaa055",S115,Scaccabarozzi_2020,S,1,1,0,1,1,1,Specimens ID'd by Dr Terry Houston.,NA
Bossiaea,eriocarpa,Bossiaea eriocarpa,Fabaceae,Pollanisus sp.,Pollanisus,NA,"""sp.""",Zygainidae,Procridinae,NA,Insecta,Hymenoptera,?,WA,Koondoola Bushland,"31°50'12.7"" S","115°52'02.8"" E",?,Sep,2016,"Scaccabarozzi, D., Dixon, K. W., Tomlinson, S., Milne, L., Bohman, B., Phillips, R. D., & Cozzolino, S. (2020). Pronounced differences in visitation by potential pollinators to co-occurring species of Fabaceae in the Southwest Australian biodiversity hotspot. Botanical Journal of the Linnean Society, 194(3), 308-325. doi:10.1093/botlinnean/boaa056",S115,Scaccabarozzi_2020,S,1,1,0,1,1,0,Not observed contacting reproductive structures. Specimens ID'd by Dr Terry Houston.,NA
Bossiaea,eriocarpa,Bossiaea eriocarpa,Fabaceae,Trichocolletes gelasinus,Trichocolletes,NA,gelasinus,Colletidae,Neopasiphaeinae,NA,Insecta,Hymenoptera,12,WA,Koondoola Bushland,"31°50'12.7"" S","115°52'02.8"" E",20/9/2016,Sep,2016,"Scaccabarozzi, D., Dixon, K. W., Tomlinson, S., Milne, L., Bohman, B., Phillips, R. D., & Cozzolino, S. (2020). Pronounced differences in visitation by potential pollinators to co-occurring species of Fabaceae in the Southwest Australian biodiversity hotspot. Botanical Journal of the Linnean Society, 194(3), 308-325. doi:10.1093/botlinnean/boaa053",S115,Scaccabarozzi_2020,S,1,1,0,1,1,1,Specimens ID'd by Dr Terry Houston.,NA
Bossiaea,eriocarpa,Bossiaea eriocarpa,Fabaceae,Exoneura (Exoneura) ?pictifrons,Exoneura,Exoneura,?pictifrons,Apidae,Xylocopinae,NA,Insecta,Hymenoptera,?,?,?,?,?,?,?,?,"Walker, K. (2010). Available: https://www.discoverlife.org/siad/data/source/Walker,_Ken/interactions.txt",S128,Walker_2010,?,1,?,?,?,?,?,Exoneura require a taxonomic revision.,NA
Hibbertia,hypericoides,Hibbertia hypericoides,Dilleniaceae,Pollanisus cuprea,Pollanisus,NA,cuprea,Zygainidae,Procridinae,NA,Insecta,Lepidoptera,401,WA,"Various  sites on the Swan Coastal Plain, esp Koondoola",NA,NA,NA,Sept - Nov,2003-2005,"Williams, M. R. (2009). Butterflies and day-flying moths in a fragmented urban landscape, south-west Western Australia: patterns of species richness. Pacific Conservation Biology, 15(1), 32-46. 

patterns of species richness",S133,Williams_2009,S,1,0,0,1?,1?,1,NA,NA
Hakea,trifurcata,Hakea trifurcata,Proteaceae,"""Native bees""","""Native",NA,NA,NA,NA,Native bees,Insecta,Hymenoptera,NA,WA,Southern Beekeeper's Nature Reserve,-30.4146352,115.1057123,"""winter""","""winter""",1987,"Wills, R., Lyons, M., & Bell, D. (1990). The European honey bee in Western Australian Kwongan: foraging preferences and some implications for management [Apis mellifera; shrublands].[Symposium paper]. Paper presented at the Proceedings of the Ecological Society of Australia (Australia).",S134,Wills_1990,O,1,0,0,1,1?,0,“12 species of native bees” (exact species unclear - not provided in reference),NA
Hakea,trifurcata,Hakea trifurcata,Proteaceae,Apis mellifera,Apis,NA,mellifera,Apidae,Apinae,European honey bee,Insecta,Hymenoptera,NA,WA,Southern Beekeeper's Nature Reserve,-30.4146352,115.1057123,"""winter""","""winter""",1987,"Wills, R., Lyons, M., & Bell, D. (1990). The European honey bee in Western Australian Kwongan: foraging preferences and some implications for management [Apis mellifera; shrublands].[Symposium paper]. Paper presented at the Proceedings of the Ecological Society of Australia (Australia).",S134,Wills_1990,?,0,0,0,1,1?,0,NA,NA
Conostylis,candicans,Conostylis candicans,Haemodoraceae,Leioproctus sp.,Leioproctus,NA,"""sp.""",Colletidae,Neopasiphaeinae,NA,Insecta,Hymenoptera,>1,WA,Kings Park,-31.9653442,115.828254,29/9/2016,Sep,2017,"Prendergast, K.S. (2018) Proven bee-friendly flowers for native bees [pamphet]",S136,Prendergast_2018,O,1,0,1,1,1,0,https://www.facebook.com/abcperth/photos/when-curtin-university-native-bee-researcher-kit-prendergast-saw-an-infographic-/2209679639064984/?paipv=0&eav=AfbwjdAzjQCQ6eFZzc8EpZDIfV-WG5nBxIWU_6irU4OrXzQBsQmj9-drXy2ne6Jjeg8&_rdr,NA
Gompholobium,aristatum,Gompholobium aristatum,Fabaceae,Megachile remotula,Megachile,NA,remotula,Megachilidae,Megachilinae,NA,Insecta,Hymenoptera,?,?,?,?,?,?,?,?,"Cockerell (1910a) in Supp Info from Dorey, J. B., Rebola, C. M., Davies, O. K., Prendergast, K. S., Parslow, B. A., Hogendoorn, K., . . . Caddy-Retalic, S. (2021). Continental risk assessment for understudied taxa post-catastrophic wildfire indicates severe impacts on the Australian bee fauna. Global Change Biology, 27(24), 6551-6567. doi:https://doi.org/10.1111/gcb.15879",S19,Cockerell_1910,?,1,?,0,?,?,?,NA,NA
Gompholobium,shuttleworthii,Gompholobium shuttleworthii,Fabaceae,Megachile remotula,Megachile,NA,remotula,Megachilidae,Megachilinae,NA,Insecta,Hymenoptera,?,?,?,?,?,?,?,?,"Cockerell (1910a) in Supp Info from Dorey, J. B., Rebola, C. M., Davies, O. K., Prendergast, K. S., Parslow, B. A., Hogendoorn, K., . . . Caddy-Retalic, S. (2021). Continental risk assessment for understudied taxa post-catastrophic wildfire indicates severe impacts on the Australian bee fauna. Global Change Biology, 27(24), 6551-6567. doi:https://doi.org/10.1111/gcb.15879",S19,Cockerell_1910,?,1,1,0,?,?,?,NA,NA
Gompholobium,shuttleworthii,Gompholobium shuttleworthii,Fabaceae,Megachile subferox,Megachile,NA,subferox,Megachilidae,Megachilinae,NA,Insecta,Hymenoptera,?,?,?,?,?,?,?,?,"Cockerell (1930b) in Supp Info from Dorey, J. B., Rebola, C. M., Davies, O. K., Prendergast, K. S., Parslow, B. A., Hogendoorn, K., . . . Caddy-Retalic, S. (2021). Continental risk assessment for understudied taxa post-catastrophic wildfire indicates severe impacts on the Australian bee fauna. Global Change Biology, 27(24), 6551-6567. doi:https://doi.org/10.1111/gcb.15879",S20,Cockerell_1930,?,1,1,0,?,?,?,NA,NA
Hemiandra,pungens,Hemiandra pungens,Lamiaceae,Apis mellifera,Apis,NA,mellifera,Apidae,Apinae,European honey bee,Insecta,Hymenoptera,42,WA,"Classon Park Leeming (32°04’56.69” S, 115°51’34.22”E), and Wireless Hill (32°1’46.99”S, 115°49’45.99”E)","Classon Park Leeming (32°04’56.69” S, 115°51’34.22”E), and Wireless Hill (32°1’46.99”S, 115°49’45.99”E)","Classon Park Leeming (32°04’56.69” S, 115°51’34.22”E), and Wireless Hill (32°1’46.99”S, 115°49’45.99”E)",?,Sept-Dec,2017,"Eakin-Busher, E. L. (2021). Flowers and bees in the city: The impact of urbanisation on native plants and their insect pollinators. Murdoch University",S25,Eakin-Busher_2021,O,1,0,0,1?,0,1,NA,NA
Hakea,trifurcata,Hakea trifurcata,Proteaceae,"""Bees""","""Bees",NA,NA,NA,NA,Bee,Insecta,Hymenoptera,NA,WA,NA,NA,NA,NA,NA,NA,http://www.flora.sa.gov.au/efsa/lucid/Hakea/key/Australian%20Hakea%20species/Media/Html/Hakea_trifurcata.htm,S27g,GreyLit_deadlink1,?,0,0,0,0,0,0,NA,NA
Hakea,trifurcata,Hakea trifurcata,Proteaceae,"""Blowflies""","""Blowflies",NA,NA,NA,NA,Blowfly,Insecta,Diptera,NA,WA,NA,NA,NA,NA,NA,NA,http://www.flora.sa.gov.au/efsa/lucid/Hakea/key/Australian%20Hakea%20species/Media/Html/Hakea_trifurcata.htm,S27g,GreyLit_deadlink1,?,0,0,0,0,0,0,NA,NA
Conostylis,candicans,Conostylis candicans,Haemodoraceae,Coleoptera,Coleoptera,NA,Coleoptera,NA,NA,Beetles,Insecta,Hymenoptera,>1,WA,Warick Bushland,-31.8415306,115.8183837,?,?,?,https://friendsofwarwickbushland.com/portfolio-item/wildflowers/,S27f,GreyLit_blog,O,0,0,1,1,0,0,NA,NA
Verticordia,plumosa,Verticordia plumosa,Myrtaceae,Exoneura (Exoneura) ?pictifrons,Exoneura,Exoneura,?pictifrons,Apidae,Xylocopinae,NA,Insecta,Hymenoptera,?,WA,?,?,?,?,"""spring""",2019,https://wildpollinatorcount.com/spring-2019-photos/,S27j,GreyLit_Dropbox,O,0,0,1,0,0,0,NA,NA
Hibbertia,hypericoides,Hibbertia hypericoides,Dilleniaceae,Lasioglossum (Chilalictus) castor,Lasioglossum,Chilalictus,castor,Halictidae,Halictinae,NA,Insecta,Hymenoptera,>1,WA,Kings Park,-31.9653442,115.828254,9/11/2018,Nov,2018,https://www.dropbox.com/scl/fi/ria3uukjl6jgtt1ezziw5/P9110042.JPG?rlkey=ehqf9eyqsmfmwyjtk78gnt8nn&dl=0,S27j,GreyLit_Dropbox,O,1,0,1,1,1,0,Photo: https://www.dropbox.com/scl/fi/ria3uukjl6jgtt1ezziw5/P9110042.JPG?rlkey=ehqf9eyqsmfmwyjtk78gnt8nn&dl=0,NA
Gompholobium,aristatum,Gompholobium aristatum,Fabaceae,Glossurocolletes bilobatus,Glossurocolletes,NA,bilobatus,Colletidae,Neopasiphaeinae,NA,Insecta,Hymenoptera,?,WA,Mt Cooke,?,?,30/10/2019,Oct,2019,https://www.flickr.com/photos/jean_hort/48994958931/in/photostream/,S27d,GreyLit_flickr,?,0,?,1,?,?,?,Priority 2 listed under WA Threatened species state legislation,NA
Verticordia,plumosa,Verticordia plumosa,Myrtaceae,Paracolletes nigrocinctus,Paracolletes,NA,nigrocinctus,Colletidae,Neopasiphaeinae,NA,Insecta,Hymenoptera,?,WA,"Warrigal Rd, Wandoo NP",?,?,25/10/2018,Oct,2018,https://www.flickr.com/photos/jean_hort/53308612975/,S27d,GreyLit_flickr,O,1,0,1,1?,1,0,NA,NA
Conostylis,aculeata,Conostylis aculeata,Haemodoraceae,Neophyllotocus spp.,Neophyllotocus,NA,spp.,Scarabaeidae,Melolonthinae,NA,Insecta,Coleoptera,?,WA,Jandakot and Beeliar Regional Parks area,?,?,14/9/2015,Sep,2015,https://www.flickr.com/photos/rhizanthella/21472083032/,S27d,GreyLit_flickr,O,0,0,1,0,NA,0,Location provided as “4 year Banksia restoration”,NA
Regelia,ciliata,Regelia ciliata,Myrtaceae,Thyreus waroonensis,Thyreus,NA,waroonensis,Apidae,Apinae,NA,Insecta,Hymenoptera,2,WA,"Maniana reserve, Queens Park",-32.0028489,115.9565061,NA,Feb,2020,Pers. obs.,S27a,Prendergast_pers_obs,O,1,0,0,1,1?,1,NA,NA
Conostylis,candicans,Conostylis candicans,Haemodoraceae,Coleoptera,Coleoptera,NA,Coleoptera,NA,NA,Beetles,Insecta,Hymenoptera,>1,WA,Kings Park,-31.9653442,115.828254,NA,Oct,2018,"Predergast, K. pers. obs.",S27a,Prendergast_pers_obs,O,0,0,0,1,0,0,NA,NA
Scaevola,spinescens,Scaevola spinescens,Goodeniaceae,Amegilla (Asaropoda) dawsoni,Amegilla,Asaropoda,dawsoni,Apidae,Apinae,Dawson's Burrowing Bee,Insecta,Hymenoptera,2,WA,"Carnarvon, Pistol Range",-24.915561°S,113.726319°E,29/7/2019,July,2019,"Prendergast, K. (2020) Abuzz About Dawson's Burrowing Bee. Self-published. Available: https://m.facebook.com/AbuzzAboutDawsonsBurrowingBeee/",S27b,GreyLit_Facebook,S,1,1,1,1,1,1,Identified by K.S.Prendergast. Deposited at WAM.,NA
Scaevola,spinescens,Scaevola spinescens,Goodeniaceae,Amegilla (Asaropoda) dawsoni,Amegilla,Asaropoda,dawsoni,Apidae,Apinae,Dawson's Burrowing Bee,Insecta,Hymenoptera,1,WA,"Carnarvon, Pistol Range",-24.915561°S,113.726319°E,28/7/2019,July,2019,"Prendergast, K. (2020) Abuzz About Dawson's Burrowing Bee. Self-published. Available: https://m.facebook.com/AbuzzAboutDawsonsBurrowingBeee/",S27b,GreyLit_Facebook,S,1,1,1,1,1,1,Identified by K.S.Prendergast. Deposited at WAM.,NA
Scaevola,spinescens,Scaevola spinescens,Goodeniaceae,Amegilla (Asaropoda) dawsoni,Amegilla,Asaropoda,dawsoni,Apidae,Apinae,Dawson's Burrowing Bee,Insecta,Hymenoptera,1,WA,"Carnarvon, Pistol Range",-24.915561°S,113.726319°E,30/7/2019,July,2019,"Prendergast, K. (2020) Abuzz About Dawson's Burrowing Bee. Self-published. Available: https://m.facebook.com/AbuzzAboutDawsonsBurrowingBeee/",S27b,GreyLit_Facebook,S,1,1,1,1,1,1,Identified by K.S.Prendergast. Deposited at WAM.,NA
Trichodesma,zeylanicum,Trichodesma zeylanicum,Boroganiaceae,Amegilla (Zonamegilla) asserta,Amegilla,Zonamegilla,asserta,Apidae,Apinae,NA,Insecta,Hymenoptera,1,WA,"Carnarvon, Babbage Is. Rd.",-24.874754°S,113.647182°E,1/8/2019,Aug,2019,"Prendergast, K. (2020) Abuzz About Dawson's Burrowing Bee. Self-published. Available: https://m.facebook.com/AbuzzAboutDawsonsBurrowingBeee/",S27b,GreyLit_Facebook,S,1,1,0,1,1,1,Identified by K.S.Prendergast. Deposited at WAM.,NA
Scaevola,spinescens,Scaevola spinescens,Goodeniaceae,Braunsapis falcata,Braunsapis,NA,falcata,Apidae,Xylocopinae,NA,Insecta,Hymenoptera,1,WA,"Carnarvon, Babbage Is. Rd.",-24.874754°S,113.647182°E,29/7/2019,July,2019,"Prendergast, K. (2020) Abuzz About Dawson's Burrowing Bee. Self-published. Available: https://m.facebook.com/AbuzzAboutDawsonsBurrowingBeee/",S27b,GreyLit_Facebook,S,1,1,0,1,1,1,Identified by K.S.Prendergast. Deposited at WAM.,NA
Scaevola,spinescens,Scaevola spinescens,Goodeniaceae,Braunsapis occidentalis,Braunsapis,NA,occidentalis,Apidae,Xylocopinae,NA,Insecta,Hymenoptera,2,WA,"Carnarvon, Babbage Is. Rd.",-24.874754°S,113.647182°E,31/7/2019,July,2019,"Prendergast, K. (2020) Abuzz About Dawson's Burrowing Bee. Self-published. Available: https://m.facebook.com/AbuzzAboutDawsonsBurrowingBeee/",S27b,GreyLit_Facebook,S,1,1,0,1,1,1,Identified by K.S.Prendergast. Deposited at WAM.,NA
Scaevola,spinescens,Scaevola spinescens,Goodeniaceae,Braunsapis occidentalis,Braunsapis,NA,occidentalis,Apidae,Xylocopinae,NA,Insecta,Hymenoptera,1,WA,"Carnarvon, Pistol Range",-24.915561°S,113.726319°E,31/7/2019,July,2019,"Prendergast, K. (2020) Abuzz About Dawson's Burrowing Bee. Self-published. Available: https://m.facebook.com/AbuzzAboutDawsonsBurrowingBeee/",S27b,GreyLit_Facebook,S,1,1,0,1,1,1,Identified by K.S.Prendergast. Deposited at WAM.,NA
Trichodesma,zeylanicum,Trichodesma zeylanicum,Boroganiaceae,Braunsapis occidentalis,Braunsapis,NA,occidentalis,Apidae,Xylocopinae,NA,Insecta,Hymenoptera,1,WA,"Carnarvon, off Babbage Is Rd near Water treatment plant",-24.872476°S,113.650147°E,2/8/2019,Aug,2019,"Prendergast, K. (2020) Abuzz About Dawson's Burrowing Bee. Self-published. Available: https://m.facebook.com/AbuzzAboutDawsonsBurrowingBeee/",S27b,GreyLit_Facebook,S,1,1,0,1,1,1,Identified by K.S.Prendergast. Deposited at WAM.,NA
Asteraceae,sp.,Asteraceae sp.,Asteraceae,Crabronidae sp.,Crabronidae,NA,sp.,Crabronidae,NA,NA,Insecta,Hymenoptera,1,WA,S of Carnarvon,-24.951306°S,113.725193°E,27/7/2019,July,2019,"Prendergast, K. (2020) Abuzz About Dawson's Burrowing Bee. Self-published. Available: https://m.facebook.com/AbuzzAboutDawsonsBurrowingBeee/",S27b,GreyLit_Facebook,S,1,1,0,1,1,1,Identified by K.S.Prendergast. Deposited at WAM.,NA
Gompholobium,knightianum,Gompholobium knightianum,Fabaceae,"Euhesma ""KSP sp.54""",Euhesma,NA,"""KSP sp.54""",Colletidae,Euryglossinae,NA,Insecta,Hymenoptera,2,WA,"towards Carnarvon, Indian Ocean Dr",-24.985980°S,113.765527°E,3/8/2019,Aug,2019,"Prendergast, K. (2020) Abuzz About Dawson's Burrowing Bee. Self-published. Available: https://m.facebook.com/AbuzzAboutDawsonsBurrowingBeee/",S27b,GreyLit_Facebook,S,1,1,0,1,1,1,Identified by K.S.Prendergast. Deposited at WAM.,NA
Gompholobium,knightianum,Gompholobium knightianum,Fabaceae,"Euhesma ""KSP sp.55""",Euhesma,NA,"""KSP sp.55""",Colletidae,Euryglossinae,NA,Insecta,Hymenoptera,3,WA,"towards Carnarvon, Indian Ocean Dr",-24.985980°S,113.765527°E,3/8/2019,Aug,2019,"Prendergast, K. (2020) Abuzz About Dawson's Burrowing Bee. Self-published. Available: https://m.facebook.com/AbuzzAboutDawsonsBurrowingBeee/",S27b,GreyLit_Facebook,S,1,1,0,1,1,1,Identified by K.S.Prendergast. Deposited at WAM.,NA
Scaevola,spinescens,Scaevola spinescens,Goodeniaceae,"Euhesma (Euhesma) cf. balladonia ""KSP. Sp.54""",Euhesma,Euhesma,"cf. balladonia ""KSP. Sp.54""",Colletidae,Euryglossinae,NA,Insecta,Hymenoptera,1,WA,"Carnarvon, Pistol Range",-24.915561°S,113.726319°E,29/7/2019,July,2019,"Prendergast, K. (2020) Abuzz About Dawson's Burrowing Bee. Self-published. Available: https://m.facebook.com/AbuzzAboutDawsonsBurrowingBeee/",S27b,GreyLit_Facebook,S,1,1,0,1,1,1,Identified by K.S.Prendergast. Deposited at WAM.,NA
Swainsona,pterostylis,Swainsona pterostylis,Fabaceae,"Euhesma (Euhesma) cf. balladonia ""KSP. Sp.54""",Euhesma,Euhesma,"cf. balladonia ""KSP. Sp.54""",Colletidae,Euryglossinae,NA,Insecta,Hymenoptera,1,WA,"Carnarvon, Whitlock Creek Rd.",-24.875818°S,113.643032°E,1/8/2019,Aug,2019,"Prendergast, K. (2020) Abuzz About Dawson's Burrowing Bee. Self-published. Available: https://m.facebook.com/AbuzzAboutDawsonsBurrowingBeee/",S27b,GreyLit_Facebook,S,1,1,0,1,1,1,Identified by K.S.Prendergast. Deposited at WAM.,NA
Carpobrotus,rossii,Carpobrotus rossii,Aizoaceae,Euhesma cf. balladonia,Euhesma,NA,cf. balladonia,Colletidae,Euryglossinae,NA,Insecta,Hymenoptera,2,WA,"Carnarvon, Babbage Is. Rd.",-24.874754°S,113.647182°E,1/8/2019,Aug,2019,"Prendergast, K. (2020) Abuzz About Dawson's Burrowing Bee. Self-published. Available: https://m.facebook.com/AbuzzAboutDawsonsBurrowingBeee/",S27b,GreyLit_Facebook,S,1,1,0,1,1,1,Identified by K.S.Prendergast. Deposited at WAM.,NA
Gompholobium,knightianum,Gompholobium knightianum,Fabaceae,Euhesma cf. balladonia,Euhesma,NA,cf. balladonia,Colletidae,Euryglossinae,NA,Insecta,Hymenoptera,4,WA,"Carnarvon, HMAS Sydney II Memorial Ave/NW Coastal Hwy",-24.898387°S,113.709527°E,1/8/2019,Aug,2019,"Prendergast, K. (2020) Abuzz About Dawson's Burrowing Bee. Self-published. Available: https://m.facebook.com/AbuzzAboutDawsonsBurrowingBeee/",S27b,GreyLit_Facebook,S,1,1,0,1,1,1,Identified by K.S.Prendergast. Deposited at WAM.,NA
Tephrosia,gardneri,Tephrosia gardneri,Fabaceae,Euhesma cf. balladonia,Euhesma,NA,cf. balladonia,Colletidae,Euryglossinae,NA,Insecta,Hymenoptera,1,WA,"Carnarvon, Babbage Is. Rd.",-24.874416°S,113.652727°E,29/7/2019,July,2019,"Prendergast, K. (2020) Abuzz About Dawson's Burrowing Bee. Self-published. Available: https://m.facebook.com/AbuzzAboutDawsonsBurrowingBeee/",S27b,GreyLit_Facebook,S,1,1,1,1,1,1,Identified by K.S.Prendergast. Deposited at WAM.,NA
NA,NA,"""White onion""",Amaryllidaceae,"Homalictus ""KSP sp.6""",Lasioglossum,Homalictus,KSP sp.6,Halictidae,Halictinae,NA,Insecta,Hymenoptera,1,WA,"NW Coastal Hwy near Meadow, S of Shark Bay turnoff",-26.796343°S,114.611323°E,3/8/2019,Aug,2019,"Prendergast, K. (2020) Abuzz About Dawson's Burrowing Bee. Self-published. Available: https://m.facebook.com/AbuzzAboutDawsonsBurrowingBeee/",S27b,GreyLit_Facebook,S,1,1,0,1,1,1,Identified by K.S.Prendergast. Deposited at WAM.,NA
Melaleuca,systena,Melaleuca systena,Myrtaceae,"Hylaeus ""KSP sp.2 TFH A216/B200""",Hylaeus,NA,"""KSP sp.2 TFH A216/B200""",Colletidae,Hylaeinae,NA,Insecta,Hymenoptera,1,WA,"near Nilgen, Indiana Ocean Dr -24.874416°S, 113.652727°E",-24.874416°S,113.652727°E,4/8/2019,Aug,2019,"Prendergast, K. (2020) Abuzz About Dawson's Burrowing Bee. Self-published. Available: https://m.facebook.com/AbuzzAboutDawsonsBurrowingBeee/",S27b,GreyLit_Facebook,S,1,1,0,1,1,1,Identified by K.S.Prendergast. Deposited at WAM.,NA
Oxalis,sp.,Oxalis sp.,Oxalidaceae,"Hylaeus (Prosopisteron) ""sp.37""",Hylaeus,Prosopisteron,"""sp.37""",Colletidae,Hylaeinae,NA,Insecta,Hymenoptera,1,WA,"Carnarvon, off Babbage Is Rd near Water treatment plant",-24.872476°S,113.650147°E,2/8/2019,Aug,2019,"Prendergast, K. (2020) Abuzz About Dawson's Burrowing Bee. Self-published. Available: https://m.facebook.com/AbuzzAboutDawsonsBurrowingBeee/",S27b,GreyLit_Facebook,S,1,1,0,1,1,1,Identified by K.S.Prendergast. Deposited at WAM.,NA
Ptilotus,obovatus,Ptilotus obovatus,Amaranthaceae,"Hylaeus (Pseudhylaeus) ""sp.36""",Hylaeus,Pseudhylaeus,"""sp.36""",Colletidae,Hylaeinae,NA,Insecta,Hymenoptera,1,WA,"NW Coastal Hwy near Meadow, S of Shark Bay turnoff",-26.796343°S,114.611323°E,3/8/2019,Aug,2019,"Prendergast, K. (2020) Abuzz About Dawson's Burrowing Bee. Self-published. Available: https://m.facebook.com/AbuzzAboutDawsonsBurrowingBeee/",S27b,GreyLit_Facebook,S,1,1,0,1,1,1,Identified by K.S.Prendergast. Deposited at WAM.,NA
Scaevola,spinescens,Scaevola spinescens,Goodeniaceae,"Hylaeus (Pseudhylaeus) ""sp.36""",Hylaeus,Pseudhylaeus,"""sp.36""",Colletidae,Hylaeinae,NA,Insecta,Hymenoptera,3,WA,"Carnarvon, Babbage Is. Rd.",-24.874416°S,113.652727°E,29/7/2019,July,2019,"Prendergast, K. (2020) Abuzz About Dawson's Burrowing Bee. Self-published. Available: https://m.facebook.com/AbuzzAboutDawsonsBurrowingBeee/",S27b,GreyLit_Facebook,S,1,1,1,1,1,1,Identified by K.S.Prendergast. Deposited at WAM.,NA
Scaevola,spinescens,Scaevola spinescens,Goodeniaceae,"Hylaeus (Pseudhylaeus) ""sp.36""",Hylaeus,Pseudhylaeus,"""sp.36""",Colletidae,Hylaeinae,NA,Insecta,Hymenoptera,1,WA,"Carnarvon, Babbage Is. Rd.",-24.874416°S,113.652727°E,30/7/2019,July,2019,"Prendergast, K. (2020) Abuzz About Dawson's Burrowing Bee. Self-published. Available: https://m.facebook.com/AbuzzAboutDawsonsBurrowingBeee/",S27b,GreyLit_Facebook,S,1,1,1,1,1,1,Identified by K.S.Prendergast. Deposited at WAM.,NA
Scaevola,spinescens,Scaevola spinescens,Goodeniaceae,"Hylaeus (Pseudhylaeus) ""sp.36""",Hylaeus,Pseudhylaeus,"""sp.36""",Colletidae,Hylaeinae,NA,Insecta,Hymenoptera,1,WA,"Carnarvon, Babbage Is. Rd.",-24.874416°S,113.652727°E,29/7/2019,July,2019,"Prendergast, K. (2020) Abuzz About Dawson's Burrowing Bee. Self-published. Available: https://m.facebook.com/AbuzzAboutDawsonsBurrowingBeee/",S27b,GreyLit_Facebook,S,1,1,1,1,1,1,Identified by K.S.Prendergast. Deposited at WAM.,NA
Scaevola,spinescens,Scaevola spinescens,Goodeniaceae,"Hylaeus (Pseudhylaeus) ""sp.36""",Hylaeus,Pseudhylaeus,"""sp.36""",Colletidae,Hylaeinae,NA,Insecta,Hymenoptera,1,WA,"Carnarvon, Pistol Range",-24.915561°S,113.726319°E,31/7/2019,July,2019,"Prendergast, K. (2020) Abuzz About Dawson's Burrowing Bee. Self-published. Available: https://m.facebook.com/AbuzzAboutDawsonsBurrowingBeee/",S27b,GreyLit_Facebook,S,1,1,0,1,1,1,Identified by K.S.Prendergast. Deposited at WAM.,NA
Carpobrotus,rossii,Carpobrotus rossii,Aizoaceae,Lasioglossum (Chilalictus) ?bucculum,Lasioglossum,Chilalictus,?bucculum,Halictidae,Halictinae,NA,Insecta,Hymenoptera,3,WA,"Carnarvon, Babbage Is. Rd.",-24.874754°S,113.647182°E,1/8/2019,Aug,2019,"Prendergast, K. (2020) Abuzz About Dawson's Burrowing Bee. Self-published. Available: https://m.facebook.com/AbuzzAboutDawsonsBurrowingBeee/",S27b,GreyLit_Facebook,S,1,1,1,1,1,1,Identified by K.S.Prendergast. Deposited at WAM.,NA
NA,NA,"""Yellow weed""",Asteraceae,Lasioglossum (Chilalictus) castor,Lasioglossum,Chilalictus,castor,Halictidae,Halictinae,NA,Insecta,Hymenoptera,1,WA,S of Carnarvon,-24.951306°S,113.725193°E,27/7/2019,July,2019,"Prendergast, K. (2020) Abuzz About Dawson's Burrowing Bee. Self-published. Available: https://m.facebook.com/AbuzzAboutDawsonsBurrowingBeee/",S27b,GreyLit_Facebook,S,1,1,0,1,1,1,Identified by K.S.Prendergast. Deposited at WAM.,NA
Cephalipterum,drummondii,Cephalipterum drummondii,Asteraceae,Lasioglossum (Chilalictus) castor,Lasioglossum,Chilalictus,castor,Halictidae,Halictinae,NA,Insecta,Hymenoptera,1,WA,S of Carnarvon,-24.951306°S,113.725193°E,27/7/2019,July,2019,"Prendergast, K. (2020) Abuzz About Dawson's Burrowing Bee. Self-published. Available: https://m.facebook.com/AbuzzAboutDawsonsBurrowingBeee/",S27b,GreyLit_Facebook,S,1,1,0,1,1,1,Identified by K.S.Prendergast. Deposited at WAM.,NA
Trichodesma,zeylanicum,Trichodesma zeylanicum,Boroganiaceae,Lasioglossum (Chilalictus) ebeneum,Lasioglossum,Chilalictus,ebeneum,Halictidae,Halictinae,NA,Insecta,Hymenoptera,1,WA,"Carnarvon, off Babbage Is Rd near Water treatment plant",-24.872476°S,113.650147°E,1/8/2019,Aug,2019,"Prendergast, K. (2020) Abuzz About Dawson's Burrowing Bee. Self-published. Available: https://m.facebook.com/AbuzzAboutDawsonsBurrowingBeee/",S27b,GreyLit_Facebook,S,1,1,0,1,1,1,Identified by K.S.Prendergast. Deposited at WAM.,NA
Helipterum,craspedioides,Helipterum craspedioides,Asteraceae,Lasioglossum (Chilalictus) plebeium?,Lasioglossum,Chilalictus,plebeium?,Halictidae,Halictinae,NA,Insecta,Hymenoptera,1,WA,"NW Coastal Hwy near Meadow, S of Shark Bay turnoff",-26.796343°S,114.611323°E,3/8/2019,Aug,2019,"Prendergast, K. (2020) Abuzz About Dawson's Burrowing Bee. Self-published. Available: https://m.facebook.com/AbuzzAboutDawsonsBurrowingBeee/",S27b,GreyLit_Facebook,S,1,1,0,1,1,1,Identified by K.S.Prendergast. Deposited at WAM.,NA
Ptilotus,obovatus,Ptilotus obovatus,Amaranthaceae,"Lasioglossum (Parasphecodes) ""KSP sp.35""",Lasioglossum,Parasphecodes,"""KSP sp.35""",Halictidae,Halictinae,NA,Insecta,Hymenoptera,1,WA,"NW Coastal Hwy near Meadow, S of Shark Bay turnoff",-26.796343°S,114.611323°E,3/8/2019,Aug,2019,"Prendergast, K. (2020) Abuzz About Dawson's Burrowing Bee. Self-published. Available: https://m.facebook.com/AbuzzAboutDawsonsBurrowingBeee/",S27b,GreyLit_Facebook,S,1,1,0,1,1,1,Identified by K.S.Prendergast. Deposited at WAM.,NA
Melaleuca,systena,Melaleuca systena,Myrtaceae,"Leioproctus ""KSP sp.25""",Leioproctus,NA,"sp.25""",Colletidae,Neopasiphaeinae,NA,Insecta,Hymenoptera,1,WA,"near Nilgen, Indiana Ocean Dr -24.874416°S, 113.652727°E",-24.874416°S,113.652727°E,4/8/2019,Aug,2019,"Prendergast, K. (2020) Abuzz About Dawson's Burrowing Bee. Self-published. Available: https://m.facebook.com/AbuzzAboutDawsonsBurrowingBeee/",S27b,GreyLit_Facebook,S,1,1,0,1,1,1,Identified by K.S.Prendergast. Deposited at WAM.,NA
Brachyscome,sp.,Brachyscome sp.,Asteraceae,"Leioproctus ""KSP sp.29""",Leioproctus,NA,"""sp.29""",Colletidae,Neopasiphaeinae,NA,Insecta,Hymenoptera,1,WA,"Inggarda, One Tree Point Nature Reserve",-24.848342°S,113.649294°,2/8/2019,Aug,2019,"Prendergast, K. (2020) Abuzz About Dawson's Burrowing Bee. Self-published. Available: https://m.facebook.com/AbuzzAboutDawsonsBurrowingBeee/",S27b,GreyLit_Facebook,S,1,1,1,1,1,1,Identified by K.S.Prendergast. Deposited at WAM.,NA
NA,NA,"""White onion""",Amaryllidaceae,"Leioproctus ""sp.23""",Leioproctus,NA,"""sp.23""",Colletidae,Neopasiphaeinae,NA,Insecta,Hymenoptera,2,WA,adjacent to Shark Bay turnoff,-26.409640°S,114.463753°E,3/8/2019,Aug,2019,"Prendergast, K. (2020) Abuzz About Dawson's Burrowing Bee. Self-published. Available: https://m.facebook.com/AbuzzAboutDawsonsBurrowingBeee/",S27b,GreyLit_Facebook,S,1,1,1,1,1,1,Identified by K.S.Prendergast. Deposited at WAM.,NA
Carpobrotus,rossii,Carpobrotus rossii,Aizoaceae,"Leioproctus ""sp.23""",Leioproctus,NA,"""sp.23""",Colletidae,Neopasiphaeinae,NA,Insecta,Hymenoptera,2,WA,"Carnarvon, Babbage Is. Rd.",-24.874754°S,113.647182°E,1/8/2019,Aug,2019,"Prendergast, K. (2020) Abuzz About Dawson's Burrowing Bee. Self-published. Available: https://m.facebook.com/AbuzzAboutDawsonsBurrowingBeee/",S27b,GreyLit_Facebook,S,1,1,1,1,1,1,Identified by K.S.Prendergast. Deposited at WAM.,NA
Carpobrotus,rossii,Carpobrotus rossii,Aizoaceae,"Leioproctus ""sp.23""",Leioproctus,NA,"""sp.23""",Colletidae,Neopasiphaeinae,NA,Insecta,Hymenoptera,3,WA,"Carnarvon, Babbage Is. Rd.",-24.874754°S,113.647182°E,31/7/2019,July,2019,"Prendergast, K. (2020) Abuzz About Dawson's Burrowing Bee. Self-published. Available: https://m.facebook.com/AbuzzAboutDawsonsBurrowingBeee/",S27b,GreyLit_Facebook,S,1,1,1,1,1,1,Identified by K.S.Prendergast. Deposited at WAM.,NA
Scaevola,spinescens,Scaevola spinescens,Goodeniaceae,"Leioproctus ""sp.23""",Leioproctus,NA,"""sp.23""",Colletidae,Neopasiphaeinae,NA,Insecta,Hymenoptera,4,WA,"Carnarvon, Pistol Range",-24.915561°S,113.726319°E,28/7/2019,July,2019,"Prendergast, K. (2020) Abuzz About Dawson's Burrowing Bee. Self-published. Available: https://m.facebook.com/AbuzzAboutDawsonsBurrowingBeee/",S27b,GreyLit_Facebook,S,1,1,0,1,1,1,Identified by K.S.Prendergast. Deposited at WAM.,NA
Trichodesma,zeylanicum,Trichodesma zeylanicum,Boroganiaceae,"Leioproctus ""sp.23""",Leioproctus,NA,"""sp.23""",Colletidae,Neopasiphaeinae,NA,Insecta,Hymenoptera,1,WA,"Carnarvon, Babbage Is. Rd.",-24.874416°S,113.652727°E,31/7/2019,July,2019,"Prendergast, K. (2020) Abuzz About Dawson's Burrowing Bee. Self-published. Available: https://m.facebook.com/AbuzzAboutDawsonsBurrowingBeee/",S27b,GreyLit_Facebook,S,1,1,1,1,1,1,Identified by K.S.Prendergast. Deposited at WAM.,NA
Trichodesma,zeylanicum,Trichodesma zeylanicum,Boroganiaceae,"Leioproctus ""sp.23""",Leioproctus,NA,"""sp.23""",Colletidae,Neopasiphaeinae,NA,Insecta,Hymenoptera,1,WA,"Carnarvon, off Babbage Is Rd near Water treatment plant",-24.872476°S,113.650147°E,2/8/2019,Aug,2019,"Prendergast, K. (2020) Abuzz About Dawson's Burrowing Bee. Self-published. Available: https://m.facebook.com/AbuzzAboutDawsonsBurrowingBeee/",S27b,GreyLit_Facebook,S,1,1,0,1,1,1,Identified by K.S.Prendergast. Deposited at WAM.,NA
Ptilotus,obovatus,Ptilotus obovatus,Amaranthaceae,"Leioproctus ""sp.27""",Leioproctus,NA,"""sp.27""",Colletidae,Neopasiphaeinae,NA,Insecta,Hymenoptera,1,WA,adjacent to Shark Bay turnoff,-26.409640°S,114.463753°E,3/8/2019,Aug,2019,"Prendergast, K. (2020) Abuzz About Dawson's Burrowing Bee. Self-published. Available: https://m.facebook.com/AbuzzAboutDawsonsBurrowingBeee/",S27b,GreyLit_Facebook,S,1,1,1,1,1,1,Identified by K.S.Prendergast. Deposited at WAM.,NA
Scaevola,spinescens,Scaevola spinescens,Goodeniaceae,"Leioproctus ""sp.31""",Leioproctus,NA,"""sp.31""",Colletidae,Neopasiphaeinae,NA,Insecta,Hymenoptera,5,WA,"Carnarvon, Pistol Range",-24.915561°S,113.726319°E,29/7/2019,July,2019,"Prendergast, K. (2020) Abuzz About Dawson's Burrowing Bee. Self-published. Available: https://m.facebook.com/AbuzzAboutDawsonsBurrowingBeee/",S27b,GreyLit_Facebook,S,1,1,0,1,1,1,Identified by K.S.Prendergast. Deposited at WAM.,NA
Scaevola,spinescens,Scaevola spinescens,Goodeniaceae,"Leioproctus ""sp.31""",Leioproctus,NA,"""sp.31""",Colletidae,Neopasiphaeinae,NA,Insecta,Hymenoptera,1,WA,"Carnarvon, Pistol Range",-24.915561°S,113.726319°E,30/7/2019,July,2019,"Prendergast, K. (2020) Abuzz About Dawson's Burrowing Bee. Self-published. Available: https://m.facebook.com/AbuzzAboutDawsonsBurrowingBeee/",S27b,GreyLit_Facebook,S,1,1,1,1,1,1,Identified by K.S.Prendergast. Deposited at WAM.,NA
Scaevola,spinescens,Scaevola spinescens,Goodeniaceae,"Leioproctus ""sp.31""",Leioproctus,NA,"""sp.31""",Colletidae,Neopasiphaeinae,NA,Insecta,Hymenoptera,2,WA,"towards Carnarvon, Indian Ocean Dr",-24.985980°S,113.765527°E,3/8/2019,Aug,2019,"Prendergast, K. (2020) Abuzz About Dawson's Burrowing Bee. Self-published. Available: https://m.facebook.com/AbuzzAboutDawsonsBurrowingBeee/",S27b,GreyLit_Facebook,S,1,1,0,1,1,1,Identified by K.S.Prendergast. Deposited at WAM.,NA
Leptospermum,laevigatum,Leptospermum laevigatum,Myrtaceae,Leioproctus (Cladocerapis) ignicolor,Leioproctus,Cladocerapis,ignicolor,Colletidae,Neopasiphaeinae,NA,Insecta,Hymenoptera,2,WA,near Lancelin,-24.915561°S,115.388583°E,25/7/2019,July,2019,"Prendergast, K. (2020) Abuzz About Dawson's Burrowing Bee. Self-published. Available: https://m.facebook.com/AbuzzAboutDawsonsBurrowingBeee/",S27b,GreyLit_Facebook,S,1,1,1,1,1,1,Identified by K.S.Prendergast. Deposited at WAM.,NA
NA,NA,"""White onion""",Amaryllidaceae,Leioproctus (Colletelus) cf. pilotapilus,Leioproctus,Colletelus,cf. pilotapilus,Colletidae,Neopasiphaeinae,NA,Insecta,Hymenoptera,2,WA,"Binnu, near petrol station",-28.041725°S,114.673661°E,3/8/2019,Aug,2019,"Prendergast, K. (2020) Abuzz About Dawson's Burrowing Bee. Self-published. Available: https://m.facebook.com/AbuzzAboutDawsonsBurrowingBeee/",S27b,GreyLit_Facebook,S,1,1,0,1,1,1,Identified by K.S.Prendergast. Deposited at WAM.,NA
Ptilotus,obovatus,Ptilotus obovatus,Amaranthaceae,"Leioproctus (Euryglossidia) ""sp.26""",Leioproctus,Euryglossidia,"""sp.26""",Colletidae,Neopasiphaeinae,NA,Insecta,Hymenoptera,1,WA,adjacent to Shark Bay turnoff,-26.409640°S,114.463753°E,3/8/2019,Aug,2019,"Prendergast, K. (2020) Abuzz About Dawson's Burrowing Bee. Self-published. Available: https://m.facebook.com/AbuzzAboutDawsonsBurrowingBeee/",S27b,GreyLit_Facebook,S,1,1,0,1,1,1,Identified by K.S.Prendergast. Deposited at WAM.,NA
Ptilotus,obovatus,Ptilotus obovatus,Amaranthaceae,Leioproctus (Leioproctus) excubitor,Leioproctus,Leioproctus,excubitor,Colletidae,Neopasiphaeinae,NA,Insecta,Hymenoptera,2,WA,"NW Coastal Hwy near Meadow, S of Shark Bay turnoff",-26.796343°S,114.611323°E,3/8/2019,Aug,2019,"Prendergast, K. (2020) Abuzz About Dawson's Burrowing Bee. Self-published. Available: https://m.facebook.com/AbuzzAboutDawsonsBurrowingBeee/",S27b,GreyLit_Facebook,S,1,1,0,1,1,1,Identified by K.S.Prendergast. Deposited at WAM.,NA
Trichodesma,zeylanicum,Trichodesma zeylanicum,Boroganiaceae,Lipotriches (Austronomia) hippophila,Lipotriches,Austronomia,hippophila,Halictidae,Nomiinae,NA,Insecta,Hymenoptera,2,WA,"Carnarvon, off Babbage Is Rd near Water treatment plant",-24.872476°S,113.650147°E,2/8/2019,Aug,2019,"Prendergast, K. (2020) Abuzz About Dawson's Burrowing Bee. Self-published. Available: https://m.facebook.com/AbuzzAboutDawsonsBurrowingBeee/",S27b,GreyLit_Facebook,S,1,1,0,1,1,1,Identified by K.S.Prendergast. Deposited at WAM.,NA
Goodenia,berardiana,Goodenia cf. berardiana,Goodeniaceae,"Megachile ""KSP sp.63"" (close to nigrovittata and monkmani)",Megachile,NA,KSP sp.63 (close to nigrovittata and monkmani),Megachilidae,Megachilinae,NA,Insecta,Hymenoptera,1,WA,"NW Coastal Hwy near Meadow, S of Shark Bay turnoff",-26.796343°S,114.611323°E,3/8/2019,Aug,2019,"Prendergast, K. (2020) Abuzz About Dawson's Burrowing Bee. Self-published. Available: https://m.facebook.com/AbuzzAboutDawsonsBurrowingBeee/",S27b,GreyLit_Facebook,S,1,1,0,1,1,1,Identified by K.S.Prendergast. Deposited at WAM.,NA
Oxalis,sp.,Oxalis sp.,Oxalidaceae,"Megachile ""sp.64""",Megachile,NA,"""sp.64""",Megachilidae,Megachilinae,NA,Insecta,Hymenoptera,1,WA,"Carnarvon, off Babbage Is Rd near Water treatment plant",-24.872476°S,113.650147°E,2/8/2019,Aug,2019,"Prendergast, K. (2020) Abuzz About Dawson's Burrowing Bee. Self-published. Available: https://m.facebook.com/AbuzzAboutDawsonsBurrowingBeee/",S27b,GreyLit_Facebook,S,1,1,0,1,1,1,Identified by K.S.Prendergast. Deposited at WAM.,NA
Scaevola,spinescens,Scaevola spinescens,Goodeniaceae,"Megachile (Mitchellapis) ""KSP sp.62""",Megachile,Mitchellapis,"""KSP sp.62""",Megachilidae,Megachilinae,NA,Insecta,Hymenoptera,9,WA,"Carnarvon, Pistol Range",-24.915561°S,113.726319°E,29/7/2019,July,2019,"Prendergast, K. (2020) Abuzz About Dawson's Burrowing Bee. Self-published. Available: https://m.facebook.com/AbuzzAboutDawsonsBurrowingBeee/",S27b,GreyLit_Facebook,S,1,1,1,1,1,1,Identified by K.S.Prendergast. Deposited at WAM.,NA
Scaevola,spinescens,Scaevola spinescens,Goodeniaceae,"Megachile (Mitchellapis) ""KSP sp.62""",Megachile,Mitchellapis,"""KSP sp.62""",Megachilidae,Megachilinae,NA,Insecta,Hymenoptera,1,WA,"Carnarvon, Pistol Range",-24.915561°S,113.726319°E,30/7/2019,July,2019,"Prendergast, K. (2020) Abuzz About Dawson's Burrowing Bee. Self-published. Available: https://m.facebook.com/AbuzzAboutDawsonsBurrowingBeee/",S27b,GreyLit_Facebook,S,1,1,0,1,1,1,Identified by K.S.Prendergast. Deposited at WAM.,NA
Trichodesma,zeylanicum,Trichodesma zeylanicum,Boroganiaceae,"Megachile (Mitchellapis) ""sp.62""",Megachile,Mitchellapis,"""sp.62""",Megachilidae,Megachilinae,NA,Insecta,Hymenoptera,2,WA,"Carnarvon, off Babbage Is Rd near Water treatment plant",-24.872476°S,113.650147°E,1/8/2019,Aug,2019,"Prendergast, K. (2020) Abuzz About Dawson's Burrowing Bee. Self-published. Available: https://m.facebook.com/AbuzzAboutDawsonsBurrowingBeee/",S27b,GreyLit_Facebook,S,1,1,0,1,1,1,Identified by K.S.Prendergast. Deposited at WAM.,NA
Gompholobium,knightianum,Gompholobium knightianum,Fabaceae,Megachile apicata,Megachile,NA,apicata,Megachilidae,Megachilinae,NA,Insecta,Hymenoptera,1,WA,"Carnarvon, HMAS Sydney II Memorial Ave/NW Coastal Hwy",-24.898387°S,113.709527°E,1/8/2019,Aug,2019,"Prendergast, K. (2020) Abuzz About Dawson's Burrowing Bee. Self-published. Available: https://m.facebook.com/AbuzzAboutDawsonsBurrowingBeee/",S27b,GreyLit_Facebook,S,1,1,0,1,1,1,Identified by K.S.Prendergast. Deposited at WAM.,NA
Helipterum,craspedioides,Helipterum craspedioides,Asteraceae,Neopasiphae mirabilis,Neopasiphae,NA,mirabilis,Colletidae,Neopasiphaeinae,NA,Insecta,Hymenoptera,2,WA,"NW Coastal Hwy near Meadow, S of Shark Bay turnoff",-26.796343°S,114.611323°E,3/8/2019,Aug,2019,"Prendergast, K. (2020) Abuzz About Dawson's Burrowing Bee. Self-published. Available: https://m.facebook.com/AbuzzAboutDawsonsBurrowingBeee/",S27b,GreyLit_Facebook,S,1,1,1,1,1,1,Identified by K.S.Prendergast. Deposited at WAM.,NA
Scaevola,spinescens,Scaevola spinescens,Goodeniaceae,Neopasiphae mirabilis,Neopasiphae,NA,mirabilis,Colletidae,Neopasiphaeinae,NA,Insecta,Hymenoptera,1,WA,"Carnarvon, Pistol Range",-24.915561°S,113.726319°E,29/7/2019,July,2019,"Prendergast, K. (2020) Abuzz About Dawson's Burrowing Bee. Self-published. Available: https://m.facebook.com/AbuzzAboutDawsonsBurrowingBeee/",S27b,GreyLit_Facebook,S,1,1,0,1,1,1,Identified by K.S.Prendergast. Deposited at WAM.,NA
Gompholobium,knightianum,Gompholobium knightianum,Fabaceae,Pseudofoenus sp.,Pseudofoenus,NA,"""sp.""",Gasteruptiidae,Hyptiogastrinae,Gasteruptiid wasp,Insecta,Hymenoptera,1,WA,"Carnarvon, HMAS Sydney II Memorial Ave/NW Coastal Hwy",-24.898387°S,113.709527°E,1/8/2019,Aug,2019,"Prendergast, K. (2020) Abuzz About Dawson's Burrowing Bee. Self-published. Available: https://m.facebook.com/AbuzzAboutDawsonsBurrowingBeee/",S27b,GreyLit_Facebook,S,1,1,1,1,1,1,Identified by K.S.Prendergast. Deposited at WAM.,NA
Ptilotus,obovatus,Ptilotus obovatus,Amaranthaceae,"Stenotritis ""TFHouston code SF8""",Stenotritis,NA,"""TFHouston code SF8""",Stenotritidae,NA,NA,Insecta,Hymenoptera,1,WA,"NW Coastal Hwy near Meadow, S of Shark Bay turnoff",-26.796343°S,114.611323°E,3/8/2019,Aug,2019,"Prendergast, K. (2020) Abuzz About Dawson's Burrowing Bee. Self-published. Available: https://m.facebook.com/AbuzzAboutDawsonsBurrowingBeee/",S27b,GreyLit_Facebook,S,1,1,1,1,1,1,Identified by K.S.Prendergast. Deposited at WAM.,NA
Chamaelaucium,uncinatum,Chamaelaucium uncinatum,Myrtaceae,Thynnus ventralis,Thynnus,NA,ventralis,Tiphiidae,Thynninae,NA,Insecta,Hymenoptera,1,WA,"Carnarvon, Police Stn Robinson St",-24.876905°S,113.661888°E,31/7/2019,July,2019,"Prendergast, K. (2020) Abuzz About Dawson's Burrowing Bee. Self-published. Available: https://m.facebook.com/AbuzzAboutDawsonsBurrowingBeee/",S27b,GreyLit_Facebook,S,1,1,0,1,1,1,Identified by K.S.Prendergast. Deposited at WAM.,NA
Swainsona,pterostylis,Swainsona pterostylis,Fabaceae,Trichocolletes brunilabrum,Trichocolletes,NA,brunilabrum,Colletidae,Neopasiphaeinae,NA,Insecta,Hymenoptera,3,WA,"Carnarvon, Whitlock Creek Rd.",-24.875818°S,113.643032°E,1/8/2019,Aug,2019,"Prendergast, K. (2020) Abuzz About Dawson's Burrowing Bee. Self-published. Available: https://m.facebook.com/AbuzzAboutDawsonsBurrowingBeee/",S27b,GreyLit_Facebook,S,1,1,0,1,1,1,Identified by K.S.Prendergast. Deposited at WAM.,NA
Swainsona,pterostylis,Swainsona pterostylis,Fabaceae,Trichocolletes brunilabrum,Trichocolletes,NA,brunilabrum,Colletidae,Neopasiphaeinae,NA,Insecta,Hymenoptera,2,WA,S of Carnarvon,-24.951306°S,113.725193°E,27/7/2019,July,2019,"Prendergast, K. (2020) Abuzz About Dawson's Burrowing Bee. Self-published. Available: https://m.facebook.com/AbuzzAboutDawsonsBurrowingBeee/",S27b,GreyLit_Facebook,S,1,1,0,1,1,1,Identified by K.S.Prendergast. Deposited at WAM.,NA
Tephrosia,gardneri,Tephrosia gardneri,Fabaceae,Trichocolletes brunilabrum,Trichocolletes,NA,brunilabrum,Colletidae,Neopasiphaeinae,NA,Insecta,Hymenoptera,1,WA,"Carnarvon, Babbage Is. Rd.",-24.874416°S,113.652727°E,29/7/2019,July,2019,"Prendergast, K. (2020) Abuzz About Dawson's Burrowing Bee. Self-published. Available: https://m.facebook.com/AbuzzAboutDawsonsBurrowingBeee/",S27b,GreyLit_Facebook,S,1,1,1,1,1,1,Identified by K.S.Prendergast. Deposited at WAM.,NA
Gompholobium,knightianum,Gompholobium knightianum,Fabaceae,Trichocolletes lacaris,Trichocolletes,NA,lacaris,Colletidae,Neopasiphaeinae,NA,Insecta,Hymenoptera,2,WA,"Carnarvon, HMAS Sydney II Memorial Ave/NW Coastal Hwy",-24.898387°S,113.709527°E,1/8/2019,Aug,2019,"Prendergast, K. (2020) Abuzz About Dawson's Burrowing Bee. Self-published. Available: https://m.facebook.com/AbuzzAboutDawsonsBurrowingBeee/",S27b,GreyLit_Facebook,S,1,1,0,1,1,1,Identified by K.S.Prendergast. Deposited at WAM.,NA
Scaevola,spinescens,Scaevola spinescens,Goodeniaceae,Wasp sp.,NA,NA,"""sp.""",NA,NA,NA,Insecta,Hymenoptera,1,WA,"Carnarvon, Pistol Range",-24.915561°S,113.726319°E,30/7/2019,July,2019,"Prendergast, K. (2020) Abuzz About Dawson's Burrowing Bee. Self-published. Available: https://m.facebook.com/AbuzzAboutDawsonsBurrowingBeee/",S27b,GreyLit_Facebook,S,1,1,0,1,1,1,Identified by K.S.Prendergast. Deposited at WAM.,NA
Verticordia,plumosa,Verticordia plumosa,Myrtaceae,Leioproctus velutinellus,Leioproctus,NA,velutinellus,Colletidae,Neopasiphaeinae,NA,Insecta,Hymenoptera,?,WA,Swan Coastal Plain,?,?,?,?,?,"Groom, P. K., & Lamont, B. (2015). Plant life of
southwestern Australia: adaptations for survival. De
Gruyter Open Ltd, Warsaw/Berlin",S35,Groom_2015,O,1,?,0,0,0,0,NA,NA
Verticordia,plumosa,Verticordia plumosa,Myrtaceae,Paracolletes nigrocinctus,Paracolletes,NA,nigrocinctus,Colletidae,Neopasiphaeinae,NA,Insecta,Hymenoptera,?,WA,Swan Coastal Plain,?,?,?,?,?,"Groom, P. K., & Lamont, B. (2015). Plant life of
southwestern Australia: adaptations for survival. De
Gruyter Open Ltd, Warsaw/Berlin",S35,Groom_2015,O,1,?,0,0,0,0,NA,NA
Verticordia,plumosa,Verticordia plumosa,Myrtaceae,Thyreus waroonensis,Thyreus,NA,waroonensis,Apidae,Apinae,NA,Insecta,Hymenoptera,?,WA,Swan Coastal Plain,?,?,?,?,?,"Groom, P. K., & Lamont, B. (2015). Plant life of
southwestern Australia: adaptations for survival. De
Gruyter Open Ltd, Warsaw/Berlin",S35,Groom_2015,O,1,?,0,0,0,0,NA,NA
Conostylis,aculeata,Conostylis aculeata,Haemodoraceae,Apis mellifera,Apis,NA,mellifera,Apidae,Apinae,European honey bee,Insecta,Hymenoptera,?,WA,Dawesville,?,?,?,?,?,"Hopper, S. D. (1977). Variation and natural hybridization in the Conostylis aculeata R. Br. species group near Dawesville, Western Australia. Australian Journal of Botany, 25(4), 395-411.",S46,Hopper_1977,S,0,0,1,0,0,0,"Noted in Hopper (1977) that Apis mellifera were visitors, but not only did they forage indiscriminately between sympatic Conostylis spp., they also adopted a position when probing for nectar which made it unlikely the contacted the plant’s reproductive parts and therefore were unlikely to be effective pollinators.",NA
Conostylis,aculeata,Conostylis aculeata,Haemodoraceae,Lasioglossum (Homalictus)?,Lasioglossum,Homalictus,"""sp""",Halictidae,Halictinae,NA,Insecta,Hymenoptera,?,WA,Dawesville,?,?,?,?,?,"Hopper, S. D. (1977). Variation and natural hybridization in the Conostylis aculeata R. Br. species group near Dawesville, Western Australia. Australian Journal of Botany, 25(4), 395-411.",S46,Hopper_1977,S,0,0,1,0,0,0,"Recorded as “a fast-flying  species of black  native bee (Helictus sp.)” (Hopper, 1977) – presumably Homalictus, which is now a subgenus of Lasioglossum",NA
Hemiandra,pungens,Hemiandra pungens,Lamiaceae,Lasioglossum (Chilalictus) sp.,Lasioglossum,Chilalictus,sp.,Halictidae,Halictinae,NA,Insecta,Hymenoptera,?,WA,?,?,?,?,?,?,"Houston, T. (2014). 7C. POLLINATION VECTORS: INVERTEBRATES. Plant Life on the Sandplains in Southwest Australia: A Global Biodiversity Hotspot, 195.",S47,Houston_2014,O,1,0,1,0,0,0,Photo by Bryony Fremlin.,NA
Hemiandra,pungens,Hemiandra pungens,Lamiaceae,Taractrocera papyri,Taractrocera,NA,papyri,Hesperiidae,Hesperiinae,Western Grassdart,Insecta,Lepidoptera,?,WA,?,?,?,?,?,?,"Houston, T. (2014). 7C. POLLINATION VECTORS: INVERTEBRATES. Plant Life on the Sandplains in Southwest Australia: A Global Biodiversity Hotspot, 195.",S47,Houston_2014,O,1,0,1,0,0,0,Photo by Bryony Fremlin.,NA
Hibbertia,hypericoides,Hibbertia hypericoides,Dilleniaceae,Apis mellifera,Apis,NA,mellifera,Apidae,Apinae,European honey bee,Insecta,Hymenoptera,>1,WA,Perth Metropolitan,?,?,?,?,?,"Keighery, G. J. (1975). Pollination of Hibbertia hypericoides (Dilleniaceae) and its evolutionary
significance. Journal of Natural History 9,681-684.",S57,Keighery_1975,S,1,?,0,0,0,0,NA,NA
Hibbertia,major,Hibbertia montana var. major,Dilleniaceae,Chrysomelidae spp.,Chrysomelidae,NA,spp.,Chrysomelidae,NA,Chrysomelid beetles,Insecta,Coleoptera,>1,WA,"Darlington, Perth",?,?,?,?,?,"Keighery, G. J. (1975). Pollination of Hibbertia hypericoides (Dilleniaceae) and its evolutionary
significance. Journal of Natural History 9,681-684.",S57,Keighery_1975,S,1,?,0,0,0,0,NA,NA
Hibbertia,hypericoides,Hibbertia hypericoides,Dilleniaceae,Diphucephala affinis,Diphucephala,NA,affinis,Scarabaeidae,Melolonthinae,NA,Insecta,Coleoptera,>1,WA,"Trigg Island, Perth",?,?,?,?,?,"Keighery, G. J. (1975). Pollination of Hibbertia hypericoides (Dilleniaceae) and its evolutionary
significance. Journal of Natural History 9,681-684.",S57,Keighery_1975,S,1,?,0,0,0,0,NA,NA
Hibbertia,lasiopus,Hibbertia lasiopus,Dilleniaceae,Exoneura,Exoneura,NA,Exoneura,Apidae,Xylocopinae,NA,Insecta,Hymenoptera,?,WA,Perth,31.57,115.52,?,?,?,"Keighery, G. J. (1975). Pollination of Hibbertia hypericoides (Dilleniaceae) and its evolutionary
significance. Journal of Natural History 9,681-684.",S57,Keighery_1975,S,0,?,0,0,0,0,NA,NA
Hibbertia,major,Hibbertia montana var. major,Dilleniaceae,Exoneura,Exoneura,NA,Exoneura,Apidae,Xylocopinae,NA,Insecta,Hymenoptera,?,WA,"Darlington, Perth",31.57,115.52,?,?,?,"Keighery, G. J. (1975). Pollination of Hibbertia hypericoides (Dilleniaceae) and its evolutionary
significance. Journal of Natural History 9,681-684.",S57,Keighery_1975,S,0,?,0,0,0,0,NA,NA
Hibbertia,volubilis,Hibbertia volubilis,Dilleniaceae,Exoneura,Exoneura,NA,Exoneura,Apidae,Xylocopinae,NA,Insecta,Hymenoptera,?,WA,?,?,?,?,?,?,"Keighery, G. J. (1975). Pollination of Hibbertia hypericoides (Dilleniaceae) and its evolutionary
significance. Journal of Natural History 9,681-684.",S57,Keighery_1975,S,0,?,0,0,0,0,NA,NA
Hibbertia,lasiopus,Hibbertia lasiopus,Dilleniaceae,Homalictus (?) [recorded as Halictus],Lasioglossum,Homalictus,NA,Halictidae,Halictinae,NA,Insecta,Hymenoptera,?,WA,Perth,31.57,115.52,?,?,?,"Keighery, G. J. (1975). Pollination of Hibbertia hypericoides (Dilleniaceae) and its evolutionary
significance. Journal of Natural History 9,681-684.",S57,Keighery_1975,S,0,?,0,0,0,0,NA,NA
Hibbertia,major,Hibbertia montana var. major,Dilleniaceae,Homalictus (?) [recorded as Halictus],Lasioglossum,Homalictus,NA,Halictidae,Halictinae,NA,Insecta,Hymenoptera,?,WA,Perth,31.57,115.52,?,?,?,"Keighery, G. J. (1975). Pollination of Hibbertia hypericoides (Dilleniaceae) and its evolutionary
significance. Journal of Natural History 9,681-684.",S57,Keighery_1975,S,0,?,0,0,0,0,NA,NA
Hibbertia,volubilis,Hibbertia volubilis,Dilleniaceae,Homalictus (?) [recorded as Halictus],Lasioglossum,Homalictus,NA,Halictidae,Halictinae,NA,Insecta,Hymenoptera,?,WA,?,?,?,?,?,?,"Keighery, G. J. (1975). Pollination of Hibbertia hypericoides (Dilleniaceae) and its evolutionary
significance. Journal of Natural History 9,681-684.",S57,Keighery_1975,S,0,?,0,0,0,0,NA,NA
Hibbertia,aurea,Hibbertia aurea,Dilleniaceae,Idiocephala sp.,Aporocera,NA,"""sp.""",Chrysomelidae,Cryptocephalinae,Chrysomelid beetle,Insecta,Coleoptera,>1,WA,Jurien Bay,?,?,?,?,?,"Keighery, G. J. (1975). Pollination of Hibbertia hypericoides (Dilleniaceae) and its evolutionary
significance. Journal of Natural History 9,681-684.",S57,Keighery_1975,S,1,?,0,0,0,0,NA,NA
Hibbertia,hypericoides,Hibbertia hypericoides,Dilleniaceae,Idiocephala sp.,Aporocera,NA,"""sp.""",Chrysomelidae,Cryptocephalinae,Chrysomelid beetle,Insecta,Coleoptera,>1,WA,"Trigg Island, Perth",?,?,?,?,?,"Keighery, G. J. (1975). Pollination of Hibbertia hypericoides (Dilleniaceae) and its evolutionary
significance. Journal of Natural History 9,681-684.",S57,Keighery_1975,S,1,?,0,0,0,0,NA,NA
Hibbertia,quadricolor,Hibbertia quadricolor,Dilleniaceae,Idiocephala sp.,Aporocera,NA,"""sp.""",Chrysomelidae,Cryptocephalinae,Chrysomelid beetle,Insecta,Coleoptera,>1,WA,Calingiri,31.05,116.26,?,?,?,"Keighery, G. J. (1975). Pollination of Hibbertia hypericoides (Dilleniaceae) and its evolutionary
significance. Journal of Natural History 9,681-684.",S57,Keighery_1975,S,1,?,0,0,0,0,NA,NA
Hibbertia,teretifolia,Hibbertia sp. aft. teretifolia,Dilleniaceae,Idiocephala sp.,Aporocera,NA,"""sp.""",Chrysomelidae,Cryptocephalinae,Chrysomelid beetle,Insecta,Coleoptera,>1,WA,Jurien Bay,?,?,?,?,?,"Keighery, G. J. (1975). Pollination of Hibbertia hypericoides (Dilleniaceae) and its evolutionary
significance. Journal of Natural History 9,681-684.",S57,Keighery_1975,S,1,?,0,0,0,0,NA,NA
Gompholobium,tomentosum,Gompholobium tomentosum,Fabaceae,Megachile latericauda,Megachile,NA,latericauda,Megachilidae,Megachilinae,NA,Insecta,Hymenoptera,?,?,?,?,?,?,?,?,"King, J. (1986). The systematics of some Australian Megachilidae (Hymenoptera: Apoidea). (PhD). The University of Queensland, Brisbane, QLD. in Supp Info from Dorey, J. B., Rebola, C. M., Davies, O. K., Prendergast, K. S., Parslow, B. A., Hogendoorn, K., . . . Caddy-Retalic, S. (2021). Continental risk assessment for understudied taxa post-catastrophic wildfire indicates severe impacts on the Australian bee fauna. Global Change Biology, 27(24), 6551-6567. doi:https://doi.org/10.1111/gcb.15879",S59,King_1986,1,1,1,0,?,?,?,NA,NA
Regelia,ciliata,Regelia ciliata,Myrtaceae,Apis mellifera,Apis,NA,mellifera,Apidae,Apinae,European honey bee,Insecta,Hymenoptera,?,NA,"Garden Street Extension, Gosnells",-32.0837984,115.9513073,15th-17th March 2017.,March,2017,"Knowles, D. (2017). Native Bee Survey of proposed Garden Street Extension, Southern River, Perth Western Australia March 2017 prepared for The City of Gosnells conducted by Spineless Wonders Terrestrial Invertebrate Surveys and Education. Available: https://www.epa.wa.gov.au/sites/default/files/Referral_Documentation/Garden%20Street%20Extension%20Referral%20Supporting%20Document%20October%202022.pdf",S64,Knowles_2017,S,1,0,1?,1?,1?,0,Photo not of bee on flower though,NA
Regelia,ciliata,Regelia ciliata,Myrtaceae,Hylaeus (Rhodohylaeus) sp.,Hylaeus,Rhodohylaeus,"""sp.""",Colletidae,Hylaeinae,NA,Insecta,Hymenoptera,?,NA,"Garden Street Extension, Gosnells",-32.0837984,115.9513073,15th-17th March 2017.,March,2017,"Knowles, D. (2017). Native Bee Survey of proposed Garden Street Extension, Southern River, Perth Western Australia March 2017 prepared for The City of Gosnells conducted by Spineless Wonders Terrestrial Invertebrate Surveys and Education. Available: https://www.epa.wa.gov.au/sites/default/files/Referral_Documentation/Garden%20Street%20Extension%20Referral%20Supporting%20Document%20October%202022.pdf",S64,Knowles_2017,S,1,0,1?,1?,1?,0,Photo not of bee on flower though,NA
Regelia,ciliata,Regelia ciliata,Myrtaceae,"Megachile ""sp.4""",Megachile,NA,"""sp.4""",Megachilidae,Megachilinae,NA,Insecta,Hymenoptera,?,NA,"Garden Street Extension, Gosnells",-32.0837984,115.9513073,15th-17th March 2017.,March,2017,"Knowles, D. (2017). Native Bee Survey of proposed Garden Street Extension, Southern River, Perth Western Australia March 2017 prepared for The City of Gosnells conducted by Spineless Wonders Terrestrial Invertebrate Surveys and Education. Available: https://www.epa.wa.gov.au/sites/default/files/Referral_Documentation/Garden%20Street%20Extension%20Referral%20Supporting%20Document%20October%202022.pdf",S64,Knowles_2017,S,1,0,1?,1?,1?,0,Photo not of bee on flower though,NA
Regelia,ciliata,Regelia ciliata,Myrtaceae,Megachile (Eutricharaea) chrysopyga,Megachile,Eutricharaea,chrysopyga,Megachilidae,Megachilinae,NA,Insecta,Hymenoptera,?,NA,"Garden Street Extension, Gosnells",-32.0837984,115.9513073,15th-17th March 2017.,March,2017,"Knowles, D. (2017). Native Bee Survey of proposed Garden Street Extension, Southern River, Perth Western Australia March 2017 prepared for The City of Gosnells conducted by Spineless Wonders Terrestrial Invertebrate Surveys and Education. Available: https://www.epa.wa.gov.au/sites/default/files/Referral_Documentation/Garden%20Street%20Extension%20Referral%20Supporting%20Document%20October%202022.pdf",S64,Knowles_2017,S,1,0,1,1?,1?,0,Photo not of bee on flower though,NA
Regelia,ciliata,Regelia ciliata,Myrtaceae,Megachile apicata,Megachile,NA,apicata,Megachilidae,Megachilinae,NA,Insecta,Hymenoptera,?,NA,"Garden Street Extension, Gosnells",-32.0837984,115.9513073,15th-17th March 2017.,March,2017,"Knowles, D. (2017). Native Bee Survey of proposed Garden Street Extension, Southern River, Perth Western Australia March 2017 prepared for The City of Gosnells conducted by Spineless Wonders Terrestrial Invertebrate Surveys and Education. Available: https://www.epa.wa.gov.au/sites/default/files/Referral_Documentation/Garden%20Street%20Extension%20Referral%20Supporting%20Document%20October%202022.pdf",S64,Knowles_2017,S,1,0,1?,1?,1?,0,Photo not of bee on flower though,NA
Regelia,ciliata,Regelia ciliata,Myrtaceae,Megachile aurifrons,Megachile,NA,aurifrons,Megachilidae,Megachilinae,NA,Insecta,Hymenoptera,?,NA,"Garden Street Extension, Gosnells",-32.0837984,115.9513073,15th-17th March 2017.,March,2017,"Knowles, D. (2017). Native Bee Survey of proposed Garden Street Extension, Southern River, Perth Western Australia March 2017 prepared for The City of Gosnells conducted by Spineless Wonders Terrestrial Invertebrate Surveys and Education. Available: https://www.epa.wa.gov.au/sites/default/files/Referral_Documentation/Garden%20Street%20Extension%20Referral%20Supporting%20Document%20October%202022.pdf",S64,Knowles_2017,S,1,0,1?,1?,1?,0,Incorrectly ID'd subgenus,NA
Regelia,ciliata,Regelia ciliata,Myrtaceae,Megachile nr.carnaua,Megachile,NA,carnaua,Megachilidae,Megachilinae,NA,Insecta,Hymenoptera,?,NA,"Garden Street Extension, Gosnells",-32.0837984,115.9513073,15th-17th March 2017.,March,2017,"Knowles, D. (2017). Native Bee Survey of proposed Garden Street Extension, Southern River, Perth Western Australia March 2017 prepared for The City of Gosnells conducted by Spineless Wonders Terrestrial Invertebrate Surveys and Education. Available: https://www.epa.wa.gov.au/sites/default/files/Referral_Documentation/Garden%20Street%20Extension%20Referral%20Supporting%20Document%20October%202022.pdf",S64,Knowles_2017,S,1,0,1?,1?,1?,0,Photo not of bee on flower though,NA
Senna,chatelainiana,Senna glutinosa subsp. chatelainiana,Fabaceae,Trichocolletes luteorufus,Trichocolletes,NA,luteorufus,Colletidae,Neopasiphaeinae,NA,Insecta,Hymenoptera,3,WA,Credo Station,29.92833S,120.55209E,31/8/2011,Aug,2011,"Leijs, R., & Hogendoorn, K. (2016). New species of Goniocolletes and Trichocolletes (Hymenoptera, Colletidae) from southern Australia. ZooKeys(598), 99.",S65,Leijs_2016,S,1,1,0,1,1,1,Specimens ID's by Dr Remko Leijs. Deposted SAM.,NA
Gompholobium,aristatum,Gompholobium aristatum,Fabaceae,Glossurocolletes bilobatus,Glossurocolletes,NA,bilobatus,Colletidae,Neopasiphaeinae,NA,Insecta,Hymenoptera,?,WA,?,?,?,?,?,?,"Michener (1965) in in Supp Info from Dorey, J. B., Rebola, C. M., Davies, O. K., Prendergast, K. S., Parslow, B. A., Hogendoorn, K., . . . Caddy-Retalic, S. (2021). Continental risk assessment for understudied taxa post-catastrophic wildfire indicates severe impacts on the Australian bee fauna. Global Change Biology, 27(24), 6551-6567. doi:https://doi.org/10.1111/gcb.15879",S72,Michener_1965,?,1,?,0,?,?,?,Priority 2 listed under WA Threatened species state legislation,NA
Senna,didymobotrya,Senna didymobotrya,Fabaceae,Lasioglossum (Chilalictus) calophyllae,Lasioglossum,Chilalictus,calophyllae,Halictidae,Halictinae,NA,Insecta,Hymenoptera,1,QLD,Bauple,-25.790333,152.607684,30/9/2022,Sep,2022,National Geographic Buzz Bus - Mario Vallejo-Marin & David Field,S75,unknown_S75,S,1,1,0,1,1,1,Specimens ID'd by Dr Kit Prendergast. Deposited in the QLD Museum. Uncatalogued. Dataset not publically available [26/11/23],NA
Senna,didymobotrya,Senna didymobotrya,Fabaceae,Lipotriches (Austronomia) ?davide,Lipotriches,Austronomia,?davide,Halictidae,Nomiinae,NA,Insecta,Hymenoptera,2,QLD,Bauple,-25.790333,152.607684,30/9/2022,Sep,2022,National Geographic Buzz Bus - Mario Vallejo-Marin & David Field,S75,unknown_S75,S,1,1,0,1,1,1,Specimens ID'd by Dr Kit Prendergast. Deposited in the QLD Museum. Uncatalogued. Dataset not publically available [26/11/23],NA
Senna,didymobotrya,Senna didymobotrya,Fabaceae,Lipotriches (Austronomia) ?gracilipes,Lipotriches,Austronomia,?gracilipes,Halictidae,Nomiinae,NA,Insecta,Hymenoptera,2,QLD,Bauple,-25.790333,152.607684,30/9/2022,Sep,2022,National Geographic Buzz Bus - Mario Vallejo-Marin & David Field,S75,unknown_S75,S,1,1,0,1,1,1,Specimens ID'd by Dr Kit Prendergast. Deposited in the QLD Museum. Uncatalogued. Dataset not publically available [26/11/23],NA
Senna,didymobotrya,Senna didymobotrya,Fabaceae,Lipotriches (Austronomia) australica,Lipotriches,Austronomia,australica,Halictidae,Nomiinae,NA,Insecta,Hymenoptera,2,QLD,Bauple,-25.790333,152.607684,30/9/2022,Sep,2022,National Geographic Buzz Bus - Mario Vallejo-Marin & David Field,S75,unknown_S75,S,1,1,0,1,1,1,Specimens ID'd by Dr Kit Prendergast. Deposited in the QLD Museum. Uncatalogued. Dataset not publically available [26/11/23],NA
Senna,didymobotrya,Senna didymobotrya,Fabaceae,Tetragonula carbonaria,Tetragonula,NA,carbonaria,Apidae,Apinae,NA,Insecta,Hymenoptera,1,QLD,Bauple,-25.790333,152.607684,30/9/2022,Sep,2022,National Geographic Buzz Bus - Mario Vallejo-Marin & David Field,S75,unknown_S75,S,1,1,0,1,1,1,Specimens ID'd by Dr Kit Prendergast. Deposited in the QLD Museum. Uncatalogued. Dataset not publically available [26/11/23],NA
Senna,didymobotrya,Senna didymobotrya,Fabaceae,Xylocopa (Koptortosoma) aruana/lieftincki,Xylocopa,Koptortosoma,aruana/lieftincki,Apidae,Xylocopinae,NA,Insecta,Hymenoptera,3,QLD,Bauple,-25.790333,152.607684,30/9/2022,Sep,2022,National Geographic Buzz Bus - Mario Vallejo-Marin & David Field,S75,unknown_S75,S,1,1,0,1,1,1,Specimens ID'd by Dr Kit Prendergast. Deposited in the QLD Museum. Uncatalogued. Dataset not publically available [26/11/23],NA
Senna,didymobotrya,Senna didymobotrya,Fabaceae,Xylocopa (Lestis) bombylans,Xylocopa,Lestis,bombylans,Apidae,Xylocopinae,NA,Insecta,Hymenoptera,3,QLD,Bauple,-25.790333,152.607684,30/9/2022,Sep,2022,National Geographic Buzz Bus - Mario Vallejo-Marin & David Field,S75,unknown_S75,S,1,1,0,1,1,1,Specimens ID'd by Dr Kit Prendergast. Deposited in the QLD Museum. Uncatalogued. Dataset not publically available [26/11/23],NA
NA,NA,"""Tiny pink herb""",NA,Lipotriches (Austronomia) flavoviridis species-group,Lipotriches,Austronomia,flavoviridis species-group,Halictidae,Halictinae,NA,Insecta,Hymenoptera,1,WA,Chandler,-32.2726541,116.1472841,22/11/2020,Nov,2020,"Prendergast K (2021) DBCA Perth Hills Native Bee Report: Chandler Forest Block, South of Wungong Dam post-mining rehabilitation areas. Report produced by Dr Kit Prendergast for the Western Australian Government’s Department of Biodiversity, Conservation and Attractions (DBCA). DBCA Perth Hills Native Bee Report. Western Australian Government’s Department of Biodiversity, Conservation and Attractions (DBCA),",S84,Prendergast_2021_2,S,1,1,0,1,1,1,Specimens deposited in WAM,NA
NA,NA,"""Yellow herb""",NA,Lasioglossum (Chilalictus) castor,Lasioglossum,Chilalictus,castor,Halictidae,Halictinae,NA,Insecta,Hymenoptera,1,WA,Chandler,-32.2726541,116.1472841,24/10/2020,Oct,2020,"Prendergast K (2021) DBCA Perth Hills Native Bee Report: Chandler Forest Block, South of Wungong Dam post-mining rehabilitation areas. Report produced by Dr Kit Prendergast for the Western Australian Government’s Department of Biodiversity, Conservation and Attractions (DBCA). DBCA Perth Hills Native Bee Report. Western Australian Government’s Department of Biodiversity, Conservation and Attractions (DBCA),",S84,Prendergast_2021_2,S,1,1,0,1,1,1,Specimens deposited in WAM,NA
Babingtonia,camphorosmae,Babingtonia camphorosmae,Myrtaceae,Megachile aurifrons,Megachile,NA,aurifrons,Megachilidae,Megachilinae,NA,Insecta,Hymenoptera,6,WA,Chandler,-32.2726541,116.1472841,23/1/2021,Jan,2021,"Prendergast K (2021) DBCA Perth Hills Native Bee Report: Chandler Forest Block, South of Wungong Dam post-mining rehabilitation areas. Report produced by Dr Kit Prendergast for the Western Australian Government’s Department of Biodiversity, Conservation and Attractions (DBCA). DBCA Perth Hills Native Bee Report. Western Australian Government’s Department of Biodiversity, Conservation and Attractions (DBCA),",S84,Prendergast_2021_2,S,1,1,0,1,1,1,Specimens deposited in WAM,NA
Babingtonia,camphorosmae,Babingtonia camphorosmae,Myrtaceae,Megachile (Hackeriapis) tosticauda species-group,Megachile,Hackeriapis,tosticauda,Megachilidae,Megachilinae,NA,Insecta,Hymenoptera,3,WA,Chandler,-32.2726541,116.1472841,23/1/2021,Jan,2021,"Prendergast K (2021) DBCA Perth Hills Native Bee Report: Chandler Forest Block, South of Wungong Dam post-mining rehabilitation areas. Report produced by Dr Kit Prendergast for the Western Australian Government’s Department of Biodiversity, Conservation and Attractions (DBCA). DBCA Perth Hills Native Bee Report. Western Australian Government’s Department of Biodiversity, Conservation and Attractions (DBCA),",S84,Prendergast_2021_2,S,1,1,0,1,1,1,Specimens deposited in WAM,NA
Babingtonia,camphorosmae,Babingtonia camphorosmae,Myrtaceae,Megachile (Hackeriapis) tosticauda species-group,Megachile,Hackeriapis,tosticauda,Megachilidae,Megachilinae,NA,Insecta,Hymenoptera,1,WA,Chandler,-32.2726541,116.1472841,28/12/2020,Dec,2020,"Prendergast K (2021) DBCA Perth Hills Native Bee Report: Chandler Forest Block, South of Wungong Dam post-mining rehabilitation areas. Report produced by Dr Kit Prendergast for the Western Australian Government’s Department of Biodiversity, Conservation and Attractions (DBCA). DBCA Perth Hills Native Bee Report. Western Australian Government’s Department of Biodiversity, Conservation and Attractions (DBCA),",S84,Prendergast_2021_2,S,1,1,0,1,1,1,Specimens deposited in WAM,NA
Babingtonia,camphorosmae,Babingtonia camphorosmae,Myrtaceae,Megachile (Eutricharaea) chrysopyga,Megachile,Eutricharaea,chrysopyga,Megachilidae,Megachilinae,NA,Insecta,Hymenoptera,3,WA,Chandler,-32.2726541,116.1472841,28/12/2020,Dec,2020,"Prendergast K (2021) DBCA Perth Hills Native Bee Report: Chandler Forest Block, South of Wungong Dam post-mining rehabilitation areas. Report produced by Dr Kit Prendergast for the Western Australian Government’s Department of Biodiversity, Conservation and Attractions (DBCA). DBCA Perth Hills Native Bee Report. Western Australian Government’s Department of Biodiversity, Conservation and Attractions (DBCA),",S84,Prendergast_2021_2,S,1,1,0,1,1,1,Specimens deposited in WAM,NA
Babingtonia,camphorosmae,Babingtonia camphorosmae,Myrtaceae,Megachile (Eutricharaea) chrysopyga,Megachile,Eutricharaea,chrysopyga,Megachilidae,Megachilinae,NA,Insecta,Hymenoptera,1,WA,Chandler,-32.2726541,116.1472841,23/1/2021,Jan,2021,"Prendergast K (2021) DBCA Perth Hills Native Bee Report: Chandler Forest Block, South of Wungong Dam post-mining rehabilitation areas. Report produced by Dr Kit Prendergast for the Western Australian Government’s Department of Biodiversity, Conservation and Attractions (DBCA). DBCA Perth Hills Native Bee Report. Western Australian Government’s Department of Biodiversity, Conservation and Attractions (DBCA),",S84,Prendergast_2021_2,S,1,1,0,1,1,1,Specimens deposited in WAM,NA
Babingtonia,camphorosmae,Babingtonia camphorosmae,Myrtaceae,"Exoneurella ""DBCAPerthHills_3""",Exoneurella,NA,"""DBCAPerthHills_3""",Apidae,Xylocopinae,NA,Insecta,Hymenoptera,1,WA,Chandler,-32.2726541,116.1472841,23/1/2021,Jan,2021,"Prendergast K (2021) DBCA Perth Hills Native Bee Report: Chandler Forest Block, South of Wungong Dam post-mining rehabilitation areas. Report produced by Dr Kit Prendergast for the Western Australian Government’s Department of Biodiversity, Conservation and Attractions (DBCA). DBCA Perth Hills Native Bee Report. Western Australian Government’s Department of Biodiversity, Conservation and Attractions (DBCA),",S84,Prendergast_2021_2,S,1,1,0,1,1,1,Specimens deposited in WAM,NA
Babingtonia,camphorosmae,Babingtonia camphorosmae,Myrtaceae,"Exoneurella ""DBCAPerthHills_2""",Exoneurella,NA,"""DBCAPerthHills_2""",Apidae,Xylocopinae,NA,Insecta,Hymenoptera,2,WA,Chandler,-32.2726541,116.1472841,23/1/2021,Jan,2021,"Prendergast K (2021) DBCA Perth Hills Native Bee Report: Chandler Forest Block, South of Wungong Dam post-mining rehabilitation areas. Report produced by Dr Kit Prendergast for the Western Australian Government’s Department of Biodiversity, Conservation and Attractions (DBCA). DBCA Perth Hills Native Bee Report. Western Australian Government’s Department of Biodiversity, Conservation and Attractions (DBCA),",S84,Prendergast_2021_2,S,1,1,0,1,1,1,Specimens deposited in WAM,NA
Babingtonia,camphorosmae,Babingtonia camphorosmae,Myrtaceae,Exoneura laeta?,Exoneura,NA,laeta?,Apidae,Xylocopinae,NA,Insecta,Hymenoptera,1,WA,Chandler,-32.2726541,116.1472841,23/1/2021,Jan,2021,"Prendergast K (2021) DBCA Perth Hills Native Bee Report: Chandler Forest Block, South of Wungong Dam post-mining rehabilitation areas. Report produced by Dr Kit Prendergast for the Western Australian Government’s Department of Biodiversity, Conservation and Attractions (DBCA). DBCA Perth Hills Native Bee Report. Western Australian Government’s Department of Biodiversity, Conservation and Attractions (DBCA),",S84,Prendergast_2021_2,S,1,1,0,1,1,1,Specimens deposited in WAM,NA
Babingtonia,camphorosmae,Babingtonia camphorosmae,Myrtaceae,Exoneura (Exoneura) laeta?,Exoneura,Exoneura,laeta?,Apidae,Xylocopinae,NA,Insecta,Hymenoptera,4,WA,Chandler,-32.2726541,116.1472841,28/12/2020,Dec,2020,"Prendergast K (2021) DBCA Perth Hills Native Bee Report: Chandler Forest Block, South of Wungong Dam post-mining rehabilitation areas. Report produced by Dr Kit Prendergast for the Western Australian Government’s Department of Biodiversity, Conservation and Attractions (DBCA). DBCA Perth Hills Native Bee Report. Western Australian Government’s Department of Biodiversity, Conservation and Attractions (DBCA),",S84,Prendergast_2021_2,S,1,1,0,1,1,1,Specimens deposited in WAM,NA
Baekea,sp.,Baekea sp.,Myrtaceae,Exoneura (Exoneura) pictifrons?,Exoneura,Exoneura,pictifrons?,Apidae,Xylocopinae,NA,Insecta,Hymenoptera,3,WA,Chandler,-32.2726541,116.1472841,22/11/2020,Nov,2020,"Prendergast K (2021) DBCA Perth Hills Native Bee Report: Chandler Forest Block, South of Wungong Dam post-mining rehabilitation areas. Report produced by Dr Kit Prendergast for the Western Australian Government’s Department of Biodiversity, Conservation and Attractions (DBCA). DBCA Perth Hills Native Bee Report. Western Australian Government’s Department of Biodiversity, Conservation and Attractions (DBCA),",S84,Prendergast_2021_2,S,1,1,0,1,1,1,Specimens deposited in WAM,NA
Baekea,sp.,Baekea sp.,Myrtaceae,Megachile (Schizomegachile) monstrosa,Megachile,Schizomegachile,monstrosa,Megachilidae,Megachilinae,NA,Insecta,Hymenoptera,1,WA,Chandler,-32.2726541,116.1472841,28/12/2020,Dec,2020,"Prendergast K (2021) DBCA Perth Hills Native Bee Report: Chandler Forest Block, South of Wungong Dam post-mining rehabilitation areas. Report produced by Dr Kit Prendergast for the Western Australian Government’s Department of Biodiversity, Conservation and Attractions (DBCA). DBCA Perth Hills Native Bee Report. Western Australian Government’s Department of Biodiversity, Conservation and Attractions (DBCA),",S84,Prendergast_2021_2,S,1,1,0,1,1,1,Specimens deposited in WAM,NA
Baekea,sp.,Baekea sp.,Myrtaceae,Megachile (Hackeriapis) tosticauda species-group,Megachile,Hackeriapis,tosticauda,Megachilidae,Megachilinae,NA,Insecta,Hymenoptera,2,WA,Chandler,-32.2726541,116.1472841,23/1/2021,Jan,2021,"Prendergast K (2021) DBCA Perth Hills Native Bee Report: Chandler Forest Block, South of Wungong Dam post-mining rehabilitation areas. Report produced by Dr Kit Prendergast for the Western Australian Government’s Department of Biodiversity, Conservation and Attractions (DBCA). DBCA Perth Hills Native Bee Report. Western Australian Government’s Department of Biodiversity, Conservation and Attractions (DBCA),",S84,Prendergast_2021_2,S,1,1,0,1,1,1,Specimens deposited in WAM,NA
Baekea,sp.,Baekea sp.,Myrtaceae,Megachile (Hackeriapis) tosticauda species-group,Megachile,Hackeriapis,tosticauda,Megachilidae,Megachilinae,NA,Insecta,Hymenoptera,3,WA,Chandler,-32.2726541,116.1472841,28/12/2020,Dec,2020,"Prendergast K (2021) DBCA Perth Hills Native Bee Report: Chandler Forest Block, South of Wungong Dam post-mining rehabilitation areas. Report produced by Dr Kit Prendergast for the Western Australian Government’s Department of Biodiversity, Conservation and Attractions (DBCA). DBCA Perth Hills Native Bee Report. Western Australian Government’s Department of Biodiversity, Conservation and Attractions (DBCA),",S84,Prendergast_2021_2,S,1,1,0,1,1,1,Specimens deposited in WAM,NA
Baekea,sp.,Baekea sp.,Myrtaceae,Megachile (Hackeriapis) oblonga,Megachile,Hackeriapis,oblonga,Megachilidae,Megachilinae,NA,Insecta,Hymenoptera,1,WA,Chandler,-32.2726541,116.1472841,28/12/2020,Dec,2020,"Prendergast K (2021) DBCA Perth Hills Native Bee Report: Chandler Forest Block, South of Wungong Dam post-mining rehabilitation areas. Report produced by Dr Kit Prendergast for the Western Australian Government’s Department of Biodiversity, Conservation and Attractions (DBCA). DBCA Perth Hills Native Bee Report. Western Australian Government’s Department of Biodiversity, Conservation and Attractions (DBCA),",S84,Prendergast_2021_2,S,1,1,0,1,1,1,Specimens deposited in WAM,NA
Baekea,sp.,Baekea sp.,Myrtaceae,Megachile (Eutricharaea) sp. DBCAPerthHills_1,Megachile,Eutricharaea,"sp.""DBCAPerthHills_1""",Megachilidae,Megachilinae,NA,Insecta,Hymenoptera,1,WA,Chandler,-32.2726541,116.1472841,28/12/2020,Dec,2020,"Prendergast K (2021) DBCA Perth Hills Native Bee Report: Chandler Forest Block, South of Wungong Dam post-mining rehabilitation areas. Report produced by Dr Kit Prendergast for the Western Australian Government’s Department of Biodiversity, Conservation and Attractions (DBCA). DBCA Perth Hills Native Bee Report. Western Australian Government’s Department of Biodiversity, Conservation and Attractions (DBCA),",S84,Prendergast_2021_2,S,1,1,0,1,1,1,Specimens deposited in WAM,NA
Baekea,sp.,Baekea sp.,Myrtaceae,Pseudofoenus sp.,Pseudofoenus,NA,sp.,Gasteruptiidae,Hyptiogastrinae,NA,Insecta,Hymenoptera,1,WA,Chandler,-32.2726541,116.1472841,22/11/2020,Nov,2020,"Prendergast K (2021) DBCA Perth Hills Native Bee Report: Chandler Forest Block, South of Wungong Dam post-mining rehabilitation areas. Report produced by Dr Kit Prendergast for the Western Australian Government’s Department of Biodiversity, Conservation and Attractions (DBCA). DBCA Perth Hills Native Bee Report. Western Australian Government’s Department of Biodiversity, Conservation and Attractions (DBCA),",S84,Prendergast_2021_2,S,1,1,0,1,1,1,Specimens deposited in WAM,NA
Baekea,sp.,Baekea sp.,Myrtaceae,"Leioproctus ""DBCAPerthHills_7""",Leioproctus,NA,"""DBCAPerthHills_7""",Colletidae,Neopasiphaeinae,NA,Insecta,Hymenoptera,3,WA,Chandler,-32.2726541,116.1472841,22/11/2020,Nov,2020,"Prendergast K (2021) DBCA Perth Hills Native Bee Report: Chandler Forest Block, South of Wungong Dam post-mining rehabilitation areas. Report produced by Dr Kit Prendergast for the Western Australian Government’s Department of Biodiversity, Conservation and Attractions (DBCA). DBCA Perth Hills Native Bee Report. Western Australian Government’s Department of Biodiversity, Conservation and Attractions (DBCA),",S84,Prendergast_2021_2,S,1,1,0,1,1,1,Specimens deposited in WAM,NA
Baekea,sp.,Baekea sp.,Myrtaceae,Hyphesma atromicans,Hyphesma,NA,atromicans,Colletidae,Euryglossinae,NA,Insecta,Hymenoptera,2,WA,Chandler,-32.2726541,116.1472841,22/11/2020,Nov,2020,"Prendergast K (2021) DBCA Perth Hills Native Bee Report: Chandler Forest Block, South of Wungong Dam post-mining rehabilitation areas. Report produced by Dr Kit Prendergast for the Western Australian Government’s Department of Biodiversity, Conservation and Attractions (DBCA). DBCA Perth Hills Native Bee Report. Western Australian Government’s Department of Biodiversity, Conservation and Attractions (DBCA),",S84,Prendergast_2021_2,S,1,1,0,1,1,1,Specimens deposited in WAM,NA
Baekea,sp.,Baekea sp.,Myrtaceae,"Hylaeus ""DBCAPerthHills_1""",Hylaeus,NA,"""DBCAPerthHills_4""",Colletidae,Hylaeinae,NA,Insecta,Hymenoptera,1,WA,Chandler,-32.2726541,116.1472841,28/12/2020,Dec,2020,"Prendergast K (2021) DBCA Perth Hills Native Bee Report: Chandler Forest Block, South of Wungong Dam post-mining rehabilitation areas. Report produced by Dr Kit Prendergast for the Western Australian Government’s Department of Biodiversity, Conservation and Attractions (DBCA). DBCA Perth Hills Native Bee Report. Western Australian Government’s Department of Biodiversity, Conservation and Attractions (DBCA),",S84,Prendergast_2021_2,S,1,1,0,1,1,1,Specimens deposited in WAM,NA
Baekea,sp.,Baekea sp.,Myrtaceae,Hylaeus (Euprosopoides) violaceus,Hylaeus,Euprosopoides,violaceus,Colletidae,Hylaeinae,NA,Insecta,Hymenoptera,1,WA,Chandler,-32.2726541,116.1472841,28/12/2020,Dec,2020,"Prendergast K (2021) DBCA Perth Hills Native Bee Report: Chandler Forest Block, South of Wungong Dam post-mining rehabilitation areas. Report produced by Dr Kit Prendergast for the Western Australian Government’s Department of Biodiversity, Conservation and Attractions (DBCA). DBCA Perth Hills Native Bee Report. Western Australian Government’s Department of Biodiversity, Conservation and Attractions (DBCA),",S84,Prendergast_2021_2,S,1,1,0,1,1,1,Specimens deposited in WAM,NA
Baekea,sp.,Baekea sp.,Myrtaceae,Hylaeus (Euprosopoides) ruficeps kalamundae,Hylaeus,Euprosopoides,ruficeps,Colletidae,Hylaeinae,NA,Insecta,Hymenoptera,11,WA,Chandler,-32.2726541,116.1472841,28/12/2020,Dec,2020,"Prendergast K (2021) DBCA Perth Hills Native Bee Report: Chandler Forest Block, South of Wungong Dam post-mining rehabilitation areas. Report produced by Dr Kit Prendergast for the Western Australian Government’s Department of Biodiversity, Conservation and Attractions (DBCA). DBCA Perth Hills Native Bee Report. Western Australian Government’s Department of Biodiversity, Conservation and Attractions (DBCA),",S84,Prendergast_2021_2,S,1,1,0,1,1,1,Specimens deposited in WAM,NA
Baekea,sp.,Baekea sp.,Myrtaceae,Hylaeus (Euprosopis) violaceus,Hylaeus,Euprosopis,violaceus,Colletidae,Hylaeinae,NA,Insecta,Hymenoptera,1,WA,Chandler,-32.2726541,116.1472841,28/12/2020,Dec,2020,"Prendergast K (2021) DBCA Perth Hills Native Bee Report: Chandler Forest Block, South of Wungong Dam post-mining rehabilitation areas. Report produced by Dr Kit Prendergast for the Western Australian Government’s Department of Biodiversity, Conservation and Attractions (DBCA). DBCA Perth Hills Native Bee Report. Western Australian Government’s Department of Biodiversity, Conservation and Attractions (DBCA),",S84,Prendergast_2021_2,S,1,1,0,1,1,1,Specimens deposited in WAM,NA
Baekea,sp.,Baekea sp.,Myrtaceae,"Exoneura ""DBCAPerthHills_1""",Exoneura,NA,"""DBCAPerthHills_1""",Apidae,Xylocopinae,NA,Insecta,Hymenoptera,1,WA,Chandler,-32.2726541,116.1472841,22/11/2020,Nov,2020,"Prendergast K (2021) DBCA Perth Hills Native Bee Report: Chandler Forest Block, South of Wungong Dam post-mining rehabilitation areas. Report produced by Dr Kit Prendergast for the Western Australian Government’s Department of Biodiversity, Conservation and Attractions (DBCA). DBCA Perth Hills Native Bee Report. Western Australian Government’s Department of Biodiversity, Conservation and Attractions (DBCA),",S84,Prendergast_2021_2,S,1,1,0,1,1,1,Specimens deposited in WAM,NA
Baekea,sp.,Baekea sp.,Myrtaceae,Lipotriches (Austronomia) australica,Lipotriches,Austronomia,australica,Halictidae,Halictinae,NA,Insecta,Hymenoptera,1,WA,Chandler,-32.2726541,116.1472841,22/11/2020,Nov,2020,"Prendergast K (2021) DBCA Perth Hills Native Bee Report: Chandler Forest Block, South of Wungong Dam post-mining rehabilitation areas. Report produced by Dr Kit Prendergast for the Western Australian Government’s Department of Biodiversity, Conservation and Attractions (DBCA). DBCA Perth Hills Native Bee Report. Western Australian Government’s Department of Biodiversity, Conservation and Attractions (DBCA),",S84,Prendergast_2021_2,S,1,1,0,1,1,1,Specimens deposited in WAM,NA
Banksia,grandis,Banksia grandis,Proteaceae,Lipotriches (Austronomia) australica,Lipotriches,Austronomia,australica,Halictidae,Halictinae,NA,Insecta,Hymenoptera,1,WA,Chandler,-32.2726541,116.1472841,22/11/2020,Nov,2020,"Prendergast K (2021) DBCA Perth Hills Native Bee Report: Chandler Forest Block, South of Wungong Dam post-mining rehabilitation areas. Report produced by Dr Kit Prendergast for the Western Australian Government’s Department of Biodiversity, Conservation and Attractions (DBCA). DBCA Perth Hills Native Bee Report. Western Australian Government’s Department of Biodiversity, Conservation and Attractions (DBCA),",S84,Prendergast_2021_2,S,1,1,0,1,1,1,Specimens deposited in WAM,NA
Banksia,grandis,Banksia grandis,Proteaceae,"Hylaeus (Prosopisteron) ""latifacies""",Hylaeus,Prosopisteron,"""latifacies""",Colletidae,Hylaeinae,NA,Insecta,Hymenoptera,5,WA,Chandler,-32.2726541,116.1472841,22/11/2020,Nov,2020,"Prendergast K (2021) DBCA Perth Hills Native Bee Report: Chandler Forest Block, South of Wungong Dam post-mining rehabilitation areas. Report produced by Dr Kit Prendergast for the Western Australian Government’s Department of Biodiversity, Conservation and Attractions (DBCA). DBCA Perth Hills Native Bee Report. Western Australian Government’s Department of Biodiversity, Conservation and Attractions (DBCA),",S84,Prendergast_2021_2,S,1,1,0,1,1,1,Specimens deposited in WAM,NA
Banksia,grandis,Banksia grandis,Proteaceae,"Hylaeus (Prosopisteron) ""latifacies""",Hylaeus,Prosopisteron,"""latifacies""",Colletidae,Hylaeinae,NA,Insecta,Hymenoptera,7,WA,Chandler,-32.2726541,116.1472841,24/10/2020,Oct,2020,"Prendergast K (2021) DBCA Perth Hills Native Bee Report: Chandler Forest Block, South of Wungong Dam post-mining rehabilitation areas. Report produced by Dr Kit Prendergast for the Western Australian Government’s Department of Biodiversity, Conservation and Attractions (DBCA). DBCA Perth Hills Native Bee Report. Western Australian Government’s Department of Biodiversity, Conservation and Attractions (DBCA),",S84,Prendergast_2021_2,S,1,1,0,1,1,1,Specimens deposited in WAM,NA
Banksia,grandis,Banksia grandis,Proteaceae,"Exoneura ""DBCAPerthHills_1""",Exoneura,NA,"""DBCAPerthHills_1""",Apidae,Xylocopinae,NA,Insecta,Hymenoptera,1,WA,Chandler,-32.2726541,116.1472841,24/10/2020,Oct,2020,"Prendergast K (2021) DBCA Perth Hills Native Bee Report: Chandler Forest Block, South of Wungong Dam post-mining rehabilitation areas. Report produced by Dr Kit Prendergast for the Western Australian Government’s Department of Biodiversity, Conservation and Attractions (DBCA). DBCA Perth Hills Native Bee Report. Western Australian Government’s Department of Biodiversity, Conservation and Attractions (DBCA),",S84,Prendergast_2021_2,S,1,1,0,1,1,1,Specimens deposited in WAM,NA
Banksia,grandis,Banksia grandis,Proteaceae,Exoneura (Exoneura) pictifrons?,Exoneura,Exoneura,pictifrons?,Apidae,Xylocopinae,NA,Insecta,Hymenoptera,4,WA,Chandler,-32.2726541,116.1472841,22/11/2020,Nov,2020,"Prendergast K (2021) DBCA Perth Hills Native Bee Report: Chandler Forest Block, South of Wungong Dam post-mining rehabilitation areas. Report produced by Dr Kit Prendergast for the Western Australian Government’s Department of Biodiversity, Conservation and Attractions (DBCA). DBCA Perth Hills Native Bee Report. Western Australian Government’s Department of Biodiversity, Conservation and Attractions (DBCA),",S84,Prendergast_2021_2,S,1,1,0,1,1,1,Specimens deposited in WAM,NA
Banksia,grandis,Banksia grandis,Proteaceae,Exoneura (Exoneura) laeta?,Exoneura,Exoneura,laeta?,Apidae,Xylocopinae,NA,Insecta,Hymenoptera,1,WA,Chandler,-32.2726541,116.1472841,22/11/2020,Nov,2020,"Prendergast K (2021) DBCA Perth Hills Native Bee Report: Chandler Forest Block, South of Wungong Dam post-mining rehabilitation areas. Report produced by Dr Kit Prendergast for the Western Australian Government’s Department of Biodiversity, Conservation and Attractions (DBCA). DBCA Perth Hills Native Bee Report. Western Australian Government’s Department of Biodiversity, Conservation and Attractions (DBCA),",S84,Prendergast_2021_2,S,1,1,0,1,1,1,Specimens deposited in WAM,NA
Billardiera,variifolia,Billardiera variifolia,Pittosporaceae,Megachile (Eutricharaea) chrysopyga,Megachile,Eutricharaea,chrysopyga,Megachilidae,Megachilinae,NA,Insecta,Hymenoptera,1,WA,Chandler,-32.2726541,116.1472841,23/1/2021,Jan,2021,"Prendergast K (2021) DBCA Perth Hills Native Bee Report: Chandler Forest Block, South of Wungong Dam post-mining rehabilitation areas. Report produced by Dr Kit Prendergast for the Western Australian Government’s Department of Biodiversity, Conservation and Attractions (DBCA). DBCA Perth Hills Native Bee Report. Western Australian Government’s Department of Biodiversity, Conservation and Attractions (DBCA),",S84,Prendergast_2021_2,S,1,1,0,1,1,1,Specimens deposited in WAM,NA
Billardiera,variifolia,Billardiera variifolia,Pittosporaceae,Exoneura laeta?,Exoneura,NA,laeta?,Apidae,Xylocopinae,NA,Insecta,Hymenoptera,1,WA,Chandler,-32.2726541,116.1472841,23/1/2021,Jan,2021,"Prendergast K (2021) DBCA Perth Hills Native Bee Report: Chandler Forest Block, South of Wungong Dam post-mining rehabilitation areas. Report produced by Dr Kit Prendergast for the Western Australian Government’s Department of Biodiversity, Conservation and Attractions (DBCA). DBCA Perth Hills Native Bee Report. Western Australian Government’s Department of Biodiversity, Conservation and Attractions (DBCA),",S84,Prendergast_2021_2,S,1,1,0,1,1,1,Specimens deposited in WAM,NA
Boronia,crenulata,Boronia crenulata,Rutaceae,"Leioproctus ""DBCAPerthHills_5""",Leioproctus,NA,"""DBCAPerthHills_1\5""",Colletidae,Neopasiphaeinae,NA,Insecta,Hymenoptera,1,WA,Chandler,-32.2726541,116.1472841,24/10/2020,Oct,2020,"Prendergast K (2021) DBCA Perth Hills Native Bee Report: Chandler Forest Block, South of Wungong Dam post-mining rehabilitation areas. Report produced by Dr Kit Prendergast for the Western Australian Government’s Department of Biodiversity, Conservation and Attractions (DBCA). DBCA Perth Hills Native Bee Report. Western Australian Government’s Department of Biodiversity, Conservation and Attractions (DBCA),",S84,Prendergast_2021_2,S,1,1,0,1,1,1,Specimens deposited in WAM,NA
Boronia,crenulata,Boronia crenulata,Rutaceae,"Leioproctus ""DBCAPerthHills_1""",Leioproctus,NA,"""DBCAPerthHills_1""",Colletidae,Neopasiphaeinae,NA,Insecta,Hymenoptera,2,WA,Chandler,-32.2726541,116.1472841,24/10/2020,Oct,2020,"Prendergast K (2021) DBCA Perth Hills Native Bee Report: Chandler Forest Block, South of Wungong Dam post-mining rehabilitation areas. Report produced by Dr Kit Prendergast for the Western Australian Government’s Department of Biodiversity, Conservation and Attractions (DBCA). DBCA Perth Hills Native Bee Report. Western Australian Government’s Department of Biodiversity, Conservation and Attractions (DBCA),",S84,Prendergast_2021_2,S,1,1,0,1,1,1,Specimens deposited in WAM,NA
Boronia,fastigiata,Boronia fastigiata,Rutaceae,Leioproctus (Leioproctus) lanceolatus?,Leioproctus,Leioproctus,lanceolatus?,Colletidae,Neopasiphaeinae,NA,Insecta,Hymenoptera,4,WA,Chandler,-32.2726541,116.1472841,22/11/2020,Nov,2020,"Prendergast K (2021) DBCA Perth Hills Native Bee Report: Chandler Forest Block, South of Wungong Dam post-mining rehabilitation areas. Report produced by Dr Kit Prendergast for the Western Australian Government’s Department of Biodiversity, Conservation and Attractions (DBCA). DBCA Perth Hills Native Bee Report. Western Australian Government’s Department of Biodiversity, Conservation and Attractions (DBCA),",S84,Prendergast_2021_2,S,1,1,0,1,1,1,Specimens deposited in WAM,NA
Boronia,fastigiata,Boronia fastigiata,Rutaceae,"Exoneurella ""DBCAPerthHills_6""",Exoneura,NA,"""DBCAPerthHills_6""",Apidae,Xylocopinae,NA,Insecta,Hymenoptera,1,WA,Chandler,-32.2726541,116.1472841,22/11/2020,Nov,2020,"Prendergast K (2021) DBCA Perth Hills Native Bee Report: Chandler Forest Block, South of Wungong Dam post-mining rehabilitation areas. Report produced by Dr Kit Prendergast for the Western Australian Government’s Department of Biodiversity, Conservation and Attractions (DBCA). DBCA Perth Hills Native Bee Report. Western Australian Government’s Department of Biodiversity, Conservation and Attractions (DBCA),",S84,Prendergast_2021_2,S,1,1,0,1,1,1,Specimens deposited in WAM,NA
Bossiaea,aquifolium,Bossiaea aquifolium,Fabaceae,Lasioglossum (Chilalictus) occiduum,Lasioglossum,Chilalictus,occiduum,Halictidae,Halictinae,NA,Insecta,Hymenoptera,1,WA,Chandler,-32.2726541,116.1472841,30/9/2020,Sept,2020,"Prendergast K (2021) DBCA Perth Hills Native Bee Report: Chandler Forest Block, South of Wungong Dam post-mining rehabilitation areas. Report produced by Dr Kit Prendergast for the Western Australian Government’s Department of Biodiversity, Conservation and Attractions (DBCA). DBCA Perth Hills Native Bee Report. Western Australian Government’s Department of Biodiversity, Conservation and Attractions (DBCA),",S84,Prendergast_2021_2,S,1,1,0,1,1,1,Specimens deposited in WAM,NA
Bossiaea,aquifolium,Bossiaea aquifolium,Fabaceae,Leioproctus (Leioproctus) rubellus,Leioproctus,Leioproctus,rubellus,Colletidae,Neopasiphaeinae,NA,Insecta,Hymenoptera,3,WA,Chandler,-32.2726541,116.1472841,30/9/2020,Sept,2020,"Prendergast K (2021) DBCA Perth Hills Native Bee Report: Chandler Forest Block, South of Wungong Dam post-mining rehabilitation areas. Report produced by Dr Kit Prendergast for the Western Australian Government’s Department of Biodiversity, Conservation and Attractions (DBCA). DBCA Perth Hills Native Bee Report. Western Australian Government’s Department of Biodiversity, Conservation and Attractions (DBCA),",S84,Prendergast_2021_2,S,1,1,0,1,1,1,Specimens deposited in WAM,NA
Calytrix,depressa,Calytrix depressa,Myrtaceae,"Exoneura ""DBCAPerthHills_4""",Exoneura,NA,"""DBCAPerthHills_4""",Apidae,Xylocopinae,NA,Insecta,Hymenoptera,1,WA,Chandler,-32.2726541,116.1472841,22/11/2020,Nov,2020,"Prendergast K (2021) DBCA Perth Hills Native Bee Report: Chandler Forest Block, South of Wungong Dam post-mining rehabilitation areas. Report produced by Dr Kit Prendergast for the Western Australian Government’s Department of Biodiversity, Conservation and Attractions (DBCA). DBCA Perth Hills Native Bee Report. Western Australian Government’s Department of Biodiversity, Conservation and Attractions (DBCA),",S84,Prendergast_2021_2,S,1,1,0,1,1,1,Specimens deposited in WAM,NA
Calytrix,depressa,Calytrix depressa,Myrtaceae,"Exoneura ""DBCAPerthHills_3""",Exoneura,NA,"""DBCAPerthHills_3""",Apidae,Xylocopinae,NA,Insecta,Hymenoptera,1,WA,Chandler,-32.2726541,116.1472841,22/11/2020,Nov,2020,"Prendergast K (2021) DBCA Perth Hills Native Bee Report: Chandler Forest Block, South of Wungong Dam post-mining rehabilitation areas. Report produced by Dr Kit Prendergast for the Western Australian Government’s Department of Biodiversity, Conservation and Attractions (DBCA). DBCA Perth Hills Native Bee Report. Western Australian Government’s Department of Biodiversity, Conservation and Attractions (DBCA),",S84,Prendergast_2021_2,S,1,1,0,1,1,1,Specimens deposited in WAM,NA
Gastrolobium,sp.,Gastrolobium sp.,Fabaceae,Exoneura (Exoneura) pictifrons?,Exoneura,Exoneura,pictifrons?,Apidae,Xylocopinae,NA,Insecta,Hymenoptera,2,WA,Chandler,-32.2726541,116.1472841,22/11/2020,Nov,2020,"Prendergast K (2021) DBCA Perth Hills Native Bee Report: Chandler Forest Block, South of Wungong Dam post-mining rehabilitation areas. Report produced by Dr Kit Prendergast for the Western Australian Government’s Department of Biodiversity, Conservation and Attractions (DBCA). DBCA Perth Hills Native Bee Report. Western Australian Government’s Department of Biodiversity, Conservation and Attractions (DBCA),",S84,Prendergast_2021_2,S,1,1,0,1,1,1,Specimens deposited in WAM,NA
Kunzea,recurva,Kunzea recurva,Myrtaceae,Lasioglossum (Homalictus) urbanum,Lasioglossum,Homalictus,urbanum,Halictidae,Halictinae,NA,Insecta,Hymenoptera,2,WA,Chandler,-32.2726541,116.1472841,24/10/2020,Oct,2020,"Prendergast K (2021) DBCA Perth Hills Native Bee Report: Chandler Forest Block, South of Wungong Dam post-mining rehabilitation areas. Report produced by Dr Kit Prendergast for the Western Australian Government’s Department of Biodiversity, Conservation and Attractions (DBCA). DBCA Perth Hills Native Bee Report. Western Australian Government’s Department of Biodiversity, Conservation and Attractions (DBCA),",S84,Prendergast_2021_2,S,1,1,0,1,1,1,Specimens deposited in WAM,NA
Kunzea,recurva,Kunzea recurva,Myrtaceae,"Exoneura ""DBCAPerthHills_5""",Exoneura,NA,"""DBCAPerthHills_5""",Apidae,Xylocopinae,NA,Insecta,Hymenoptera,1,WA,Chandler,-32.2726541,116.1472841,24/10/2020,Oct,2020,"Prendergast K (2021) DBCA Perth Hills Native Bee Report: Chandler Forest Block, South of Wungong Dam post-mining rehabilitation areas. Report produced by Dr Kit Prendergast for the Western Australian Government’s Department of Biodiversity, Conservation and Attractions (DBCA). DBCA Perth Hills Native Bee Report. Western Australian Government’s Department of Biodiversity, Conservation and Attractions (DBCA),",S84,Prendergast_2021_2,S,1,1,0,1,1,1,Specimens deposited in WAM,NA
Kunzea,recurva,Kunzea recurva,Myrtaceae,"Exoneura ""DBCAPerthHills_3""",Exoneura,NA,"""DBCAPerthHills_3""",Apidae,Xylocopinae,NA,Insecta,Hymenoptera,1,WA,Chandler,-32.2726541,116.1472841,24/10/2020,Oct,2020,"Prendergast K (2021) DBCA Perth Hills Native Bee Report: Chandler Forest Block, South of Wungong Dam post-mining rehabilitation areas. Report produced by Dr Kit Prendergast for the Western Australian Government’s Department of Biodiversity, Conservation and Attractions (DBCA). DBCA Perth Hills Native Bee Report. Western Australian Government’s Department of Biodiversity, Conservation and Attractions (DBCA),",S84,Prendergast_2021_2,S,1,1,0,1,1,1,Specimens deposited in WAM,NA
Kunzea,recurva,Kunzea recurva,Myrtaceae,"Exoneura ""DBCAPerthHills_2""",Exoneura,NA,"""DBCAPerthHills_2""",Apidae,Xylocopinae,NA,Insecta,Hymenoptera,1,WA,Chandler,-32.2726541,116.1472841,24/10/2020,Oct,2020,"Prendergast K (2021) DBCA Perth Hills Native Bee Report: Chandler Forest Block, South of Wungong Dam post-mining rehabilitation areas. Report produced by Dr Kit Prendergast for the Western Australian Government’s Department of Biodiversity, Conservation and Attractions (DBCA). DBCA Perth Hills Native Bee Report. Western Australian Government’s Department of Biodiversity, Conservation and Attractions (DBCA),",S84,Prendergast_2021_2,S,1,1,0,1,1,1,Specimens deposited in WAM,NA
Kunzea,recurva,Kunzea recurva,Myrtaceae,"Exoneura ""DBCAPerthHills_1""",Exoneura,NA,"""DBCAPerthHills_1""",Apidae,Xylocopinae,NA,Insecta,Hymenoptera,1,WA,Chandler,-32.2726541,116.1472841,24/10/2020,Oct,2020,"Prendergast K (2021) DBCA Perth Hills Native Bee Report: Chandler Forest Block, South of Wungong Dam post-mining rehabilitation areas. Report produced by Dr Kit Prendergast for the Western Australian Government’s Department of Biodiversity, Conservation and Attractions (DBCA). DBCA Perth Hills Native Bee Report. Western Australian Government’s Department of Biodiversity, Conservation and Attractions (DBCA),",S84,Prendergast_2021_2,S,1,1,0,1,1,1,Specimens deposited in WAM,NA
Kunzea,recurva,Kunzea recurva,Myrtaceae,Exoneura laeta?,Exoneura,NA,laeta?,Apidae,Xylocopinae,NA,Insecta,Hymenoptera,2,WA,Chandler,-32.2726541,116.1472841,24/10/2020,Oct,2020,"Prendergast K (2021) DBCA Perth Hills Native Bee Report: Chandler Forest Block, South of Wungong Dam post-mining rehabilitation areas. Report produced by Dr Kit Prendergast for the Western Australian Government’s Department of Biodiversity, Conservation and Attractions (DBCA). DBCA Perth Hills Native Bee Report. Western Australian Government’s Department of Biodiversity, Conservation and Attractions (DBCA),",S84,Prendergast_2021_2,S,1,1,0,1,1,1,Specimens deposited in WAM,NA
Kunzea,recurva,Kunzea recurva,Myrtaceae,Exoneura (Exoneura) pictifrons?,Exoneura,Exoneura,pictifrons?,Apidae,Xylocopinae,NA,Insecta,Hymenoptera,2,WA,Chandler,-32.2726541,116.1472841,24/10/2020,Oct,2020,"Prendergast K (2021) DBCA Perth Hills Native Bee Report: Chandler Forest Block, South of Wungong Dam post-mining rehabilitation areas. Report produced by Dr Kit Prendergast for the Western Australian Government’s Department of Biodiversity, Conservation and Attractions (DBCA). DBCA Perth Hills Native Bee Report. Western Australian Government’s Department of Biodiversity, Conservation and Attractions (DBCA),",S84,Prendergast_2021_2,S,1,1,0,1,1,1,Specimens deposited in WAM,NA
Kunzea,recurva,Kunzea recurva,Myrtaceae,Exoneura (Exoneura) laeta?,Exoneura,Exoneura,laeta?,Apidae,Xylocopinae,NA,Insecta,Hymenoptera,4,WA,Chandler,-32.2726541,116.1472841,22/11/2020,Nov,2020,"Prendergast K (2021) DBCA Perth Hills Native Bee Report: Chandler Forest Block, South of Wungong Dam post-mining rehabilitation areas. Report produced by Dr Kit Prendergast for the Western Australian Government’s Department of Biodiversity, Conservation and Attractions (DBCA). DBCA Perth Hills Native Bee Report. Western Australian Government’s Department of Biodiversity, Conservation and Attractions (DBCA),",S84,Prendergast_2021_2,S,1,1,0,1,1,1,Specimens deposited in WAM,NA
Melaleuca,subtrigona,Melaleuca subtrigona,Myrtaceae,"Hylaeus (Prosopisteron) ""latifacies""",Hylaeus,Prosopisteron,"""latifacies""",Colletidae,Hylaeinae,NA,Insecta,Hymenoptera,3,WA,Chandler,-32.2726541,116.1472841,24/10/2020,Oct,2020,"Prendergast K (2021) DBCA Perth Hills Native Bee Report: Chandler Forest Block, South of Wungong Dam post-mining rehabilitation areas. Report produced by Dr Kit Prendergast for the Western Australian Government’s Department of Biodiversity, Conservation and Attractions (DBCA). DBCA Perth Hills Native Bee Report. Western Australian Government’s Department of Biodiversity, Conservation and Attractions (DBCA),",S84,Prendergast_2021_2,S,1,1,0,1,1,1,Specimens deposited in WAM,NA
Melaleuca,subtrigona,Melaleuca subtrigona,Myrtaceae,"Exoneura ""DBCAPerthHills_1""",Exoneura,NA,"""DBCAPerthHills_1""",Apidae,Xylocopinae,NA,Insecta,Hymenoptera,1,WA,Chandler,-32.2726541,116.1472841,24/10/2020,Oct,2020,"Prendergast K (2021) DBCA Perth Hills Native Bee Report: Chandler Forest Block, South of Wungong Dam post-mining rehabilitation areas. Report produced by Dr Kit Prendergast for the Western Australian Government’s Department of Biodiversity, Conservation and Attractions (DBCA). DBCA Perth Hills Native Bee Report. Western Australian Government’s Department of Biodiversity, Conservation and Attractions (DBCA),",S84,Prendergast_2021_2,S,1,1,0,1,1,1,Specimens deposited in WAM,NA
Melaleuca,subtrigona,Melaleuca subtrigona,Myrtaceae,Exoneura (Exoneura) laeta?,Exoneura,Exoneura,laeta?,Apidae,Xylocopinae,NA,Insecta,Hymenoptera,1,WA,Chandler,-32.2726541,116.1472841,24/10/2020,Oct,2020,"Prendergast K (2021) DBCA Perth Hills Native Bee Report: Chandler Forest Block, South of Wungong Dam post-mining rehabilitation areas. Report produced by Dr Kit Prendergast for the Western Australian Government’s Department of Biodiversity, Conservation and Attractions (DBCA). DBCA Perth Hills Native Bee Report. Western Australian Government’s Department of Biodiversity, Conservation and Attractions (DBCA),",S84,Prendergast_2021_2,S,1,1,0,1,1,1,Specimens deposited in WAM,NA
Mirbelia,dilatata,Mirbelia dilatata,Fabaceae,Trichocolletes gelasinus,Trichocolletes,NA,gelasinus,Colletidae,Neopasiphaeinae,NA,Insecta,Hymenoptera,1,WA,Chandler,-32.2726541,116.1472841,22/11/2020,Nov,2020,"Prendergast K (2021) DBCA Perth Hills Native Bee Report: Chandler Forest Block, South of Wungong Dam post-mining rehabilitation areas. Report produced by Dr Kit Prendergast for the Western Australian Government’s Department of Biodiversity, Conservation and Attractions (DBCA). DBCA Perth Hills Native Bee Report. Western Australian Government’s Department of Biodiversity, Conservation and Attractions (DBCA),",S84,Prendergast_2021_2,S,1,1,0,1,1,1,Specimens deposited in WAM,NA
Mirbelia,dilatata,Mirbelia dilatata,Fabaceae,Exoneura (Exoneura) pictifrons?,Exoneura,Exoneura,pictifrons?,Apidae,Xylocopinae,NA,Insecta,Hymenoptera,2,WA,Chandler,-32.2726541,116.1472841,22/11/2020,Nov,2020,"Prendergast K (2021) DBCA Perth Hills Native Bee Report: Chandler Forest Block, South of Wungong Dam post-mining rehabilitation areas. Report produced by Dr Kit Prendergast for the Western Australian Government’s Department of Biodiversity, Conservation and Attractions (DBCA). DBCA Perth Hills Native Bee Report. Western Australian Government’s Department of Biodiversity, Conservation and Attractions (DBCA),",S84,Prendergast_2021_2,S,1,1,0,1,1,1,Specimens deposited in WAM,NA
Verticordia,plumosa,Verticordia plumosa,Myrtaceae,Megachile (Hackeriapis) canifrons,Megachile,Hackeriapis,canifrons,Megachilidae,Megachilinae,NA,Insecta,Hymenoptera,1,WA,Chandler,-32.2726541,116.1472841,24/10/2020,Oct,2020,"Prendergast K (2021) DBCA Perth Hills Native Bee Report: Chandler Forest Block, South of Wungong Dam post-mining rehabilitation areas. Report produced by Dr Kit Prendergast for the Western Australian Government’s Department of Biodiversity, Conservation and Attractions (DBCA). DBCA Perth Hills Native Bee Report. Western Australian Government’s Department of Biodiversity, Conservation and Attractions (DBCA),",S84,Prendergast_2021_2,S,1,1,0,1,1,1,Specimens deposited in WAM,NA
Verticordia,plumosa,Verticordia plumosa,Myrtaceae,Megachile (Eutricharaea) chrysopyga,Megachile,Eutricharaea,chrysopyga,Megachilidae,Megachilinae,NA,Insecta,Hymenoptera,1,WA,Chandler,-32.2726541,116.1472841,22/11/2020,Nov,2020,"Prendergast K (2021) DBCA Perth Hills Native Bee Report: Chandler Forest Block, South of Wungong Dam post-mining rehabilitation areas. Report produced by Dr Kit Prendergast for the Western Australian Government’s Department of Biodiversity, Conservation and Attractions (DBCA). DBCA Perth Hills Native Bee Report. Western Australian Government’s Department of Biodiversity, Conservation and Attractions (DBCA),",S84,Prendergast_2021_2,S,1,1,0,1,1,1,Specimens deposited in WAM,NA
Verticordia,plumosa,Verticordia plumosa,Myrtaceae,Lipotriches (Austronomia) australica,Lipotriches,Austronomia,australica,Halictidae,Halictinae,NA,Insecta,Hymenoptera,3,WA,Chandler,-32.2726541,116.1472841,24/10/2020,Oct,2020,"Prendergast K (2021) DBCA Perth Hills Native Bee Report: Chandler Forest Block, South of Wungong Dam post-mining rehabilitation areas. Report produced by Dr Kit Prendergast for the Western Australian Government’s Department of Biodiversity, Conservation and Attractions (DBCA). DBCA Perth Hills Native Bee Report. Western Australian Government’s Department of Biodiversity, Conservation and Attractions (DBCA),",S84,Prendergast_2021_2,S,1,1,0,1,1,1,Specimens deposited in WAM,NA
Verticordia,plumosa,Verticordia plumosa,Myrtaceae,Lasioglossum (Chilalictus) castor,Lasioglossum,Chilalictus,castor,Halictidae,Halictinae,NA,Insecta,Hymenoptera,4,WA,Chandler,-32.2726541,116.1472841,24/10/2020,Oct,2020,"Prendergast K (2021) DBCA Perth Hills Native Bee Report: Chandler Forest Block, South of Wungong Dam post-mining rehabilitation areas. Report produced by Dr Kit Prendergast for the Western Australian Government’s Department of Biodiversity, Conservation and Attractions (DBCA). DBCA Perth Hills Native Bee Report. Western Australian Government’s Department of Biodiversity, Conservation and Attractions (DBCA),",S84,Prendergast_2021_2,S,1,1,0,1,1,1,Specimens deposited in WAM,NA
Verticordia,plumosa,Verticordia plumosa,Myrtaceae,Hyphesma atromicans,Hyphesma,NA,atromicans,Colletidae,Euryglossinae,NA,Insecta,Hymenoptera,1,WA,Chandler,-32.2726541,116.1472841,22/11/2020,Nov,2020,"Prendergast K (2021) DBCA Perth Hills Native Bee Report: Chandler Forest Block, South of Wungong Dam post-mining rehabilitation areas. Report produced by Dr Kit Prendergast for the Western Australian Government’s Department of Biodiversity, Conservation and Attractions (DBCA). DBCA Perth Hills Native Bee Report. Western Australian Government’s Department of Biodiversity, Conservation and Attractions (DBCA),",S84,Prendergast_2021_2,S,1,1,0,1,1,1,Specimens deposited in WAM,NA
Verticordia,plumosa,Verticordia plumosa,Myrtaceae,"Hylaeus (Prosopisteron) ""latifacies""",Hylaeus,Prosopisteron,"""latifacies""",Colletidae,Hylaeinae,NA,Insecta,Hymenoptera,1,WA,Chandler,-32.2726541,116.1472841,22/11/2020,Nov,2020,"Prendergast K (2021) DBCA Perth Hills Native Bee Report: Chandler Forest Block, South of Wungong Dam post-mining rehabilitation areas. Report produced by Dr Kit Prendergast for the Western Australian Government’s Department of Biodiversity, Conservation and Attractions (DBCA). DBCA Perth Hills Native Bee Report. Western Australian Government’s Department of Biodiversity, Conservation and Attractions (DBCA),",S84,Prendergast_2021_2,S,1,1,0,1,1,1,Specimens deposited in WAM,NA
Verticordia,plumosa,Verticordia plumosa,Myrtaceae,"Euhesma ""DBCAPerthHills_2""",Euhesma,Euhesma,DBCAPerthHills_2,Colletidae,Euryglossinae,NA,Insecta,Hymenoptera,1,WA,Chandler,-32.2726541,116.1472841,22/11/2020,Nov,2020,"Prendergast K (2021) DBCA Perth Hills Native Bee Report: Chandler Forest Block, South of Wungong Dam post-mining rehabilitation areas. Report produced by Dr Kit Prendergast for the Western Australian Government’s Department of Biodiversity, Conservation and Attractions (DBCA). DBCA Perth Hills Native Bee Report. Western Australian Government’s Department of Biodiversity, Conservation and Attractions (DBCA),",S84,Prendergast_2021_2,S,1,1,0,1,1,1,Specimens deposited in WAM,NA
Verticordia,plumosa,Verticordia plumosa,Myrtaceae,"Exoneura ""DBCAPerthHills_6""",Exoneura,NA,"""DBCAPerthHills_6""",Apidae,Xylocopinae,NA,Insecta,Hymenoptera,1,WA,Chandler,-32.2726541,116.1472841,22/11/2020,Nov,2020,"Prendergast K (2021) DBCA Perth Hills Native Bee Report: Chandler Forest Block, South of Wungong Dam post-mining rehabilitation areas. Report produced by Dr Kit Prendergast for the Western Australian Government’s Department of Biodiversity, Conservation and Attractions (DBCA). DBCA Perth Hills Native Bee Report. Western Australian Government’s Department of Biodiversity, Conservation and Attractions (DBCA),",S84,Prendergast_2021_2,S,1,1,0,1,1,1,Specimens deposited in WAM,NA
Verticordia,plumosa,Verticordia plumosa,Myrtaceae,Exoneura laeta?,Exoneura,NA,laeta?,Apidae,Xylocopinae,NA,Insecta,Hymenoptera,2,WA,Chandler,-32.2726541,116.1472841,24/10/2020,Oct,2020,"Prendergast K (2021) DBCA Perth Hills Native Bee Report: Chandler Forest Block, South of Wungong Dam post-mining rehabilitation areas. Report produced by Dr Kit Prendergast for the Western Australian Government’s Department of Biodiversity, Conservation and Attractions (DBCA). DBCA Perth Hills Native Bee Report. Western Australian Government’s Department of Biodiversity, Conservation and Attractions (DBCA),",S84,Prendergast_2021_2,S,1,1,0,1,1,1,Specimens deposited in WAM,NA
Verticordia,plumosa,Verticordia plumosa,Myrtaceae,"Exoneura ""DBCAPerthHills_1""",Exoneura,NA,"""DBCAPerthHills_1""",Apidae,Xylocopinae,NA,Insecta,Hymenoptera,1,WA,Chandler,-32.2726541,116.1472841,24/10/2020,Oct,2020,"Prendergast K (2021) DBCA Perth Hills Native Bee Report: Chandler Forest Block, South of Wungong Dam post-mining rehabilitation areas. Report produced by Dr Kit Prendergast for the Western Australian Government’s Department of Biodiversity, Conservation and Attractions (DBCA). DBCA Perth Hills Native Bee Report. Western Australian Government’s Department of Biodiversity, Conservation and Attractions (DBCA),",S84,Prendergast_2021_2,S,1,1,0,1,1,1,Specimens deposited in WAM,NA
Verticordia,plumosa,Verticordia plumosa,Myrtaceae,"Exoneura ""DBCAPerthHills_1""",Exoneura,NA,"""DBCAPerthHills_1""",Apidae,Xylocopinae,NA,Insecta,Hymenoptera,1,WA,Chandler,-32.2726541,116.1472841,22/11/2020,Nov,2020,"Prendergast K (2021) DBCA Perth Hills Native Bee Report: Chandler Forest Block, South of Wungong Dam post-mining rehabilitation areas. Report produced by Dr Kit Prendergast for the Western Australian Government’s Department of Biodiversity, Conservation and Attractions (DBCA). DBCA Perth Hills Native Bee Report. Western Australian Government’s Department of Biodiversity, Conservation and Attractions (DBCA),",S84,Prendergast_2021_2,S,1,1,0,1,1,1,Specimens deposited in WAM,NA
Verticordia,plumosa,Verticordia plumosa,Myrtaceae,Exoneura (Exoneura) pictifrons?,Exoneura,Exoneura,pictifrons?,Apidae,Xylocopinae,NA,Insecta,Hymenoptera,7,WA,Chandler,-32.2726541,116.1472841,24/10/2020,Oct,2020,"Prendergast K (2021) DBCA Perth Hills Native Bee Report: Chandler Forest Block, South of Wungong Dam post-mining rehabilitation areas. Report produced by Dr Kit Prendergast for the Western Australian Government’s Department of Biodiversity, Conservation and Attractions (DBCA). DBCA Perth Hills Native Bee Report. Western Australian Government’s Department of Biodiversity, Conservation and Attractions (DBCA),",S84,Prendergast_2021_2,S,1,1,0,1,1,1,Specimens deposited in WAM,NA
Verticordia,plumosa,Verticordia plumosa,Myrtaceae,Exoneura (Exoneura) pictifrons?,Exoneura,Exoneura,pictifrons?,Apidae,Xylocopinae,NA,Insecta,Hymenoptera,1,WA,Chandler,-32.2726541,116.1472841,22/11/2020,Nov,2020,"Prendergast K (2021) DBCA Perth Hills Native Bee Report: Chandler Forest Block, South of Wungong Dam post-mining rehabilitation areas. Report produced by Dr Kit Prendergast for the Western Australian Government’s Department of Biodiversity, Conservation and Attractions (DBCA). DBCA Perth Hills Native Bee Report. Western Australian Government’s Department of Biodiversity, Conservation and Attractions (DBCA),",S84,Prendergast_2021_2,S,1,1,0,1,1,1,Specimens deposited in WAM,NA
Verticordia,plumosa,Verticordia plumosa,Myrtaceae,Exoneura (Exoneura) laeta?,Exoneura,Exoneura,laeta?,Apidae,Xylocopinae,NA,Insecta,Hymenoptera,6,WA,Chandler,-32.2726541,116.1472841,22/11/2020,Nov,2020,"Prendergast K (2021) DBCA Perth Hills Native Bee Report: Chandler Forest Block, South of Wungong Dam post-mining rehabilitation areas. Report produced by Dr Kit Prendergast for the Western Australian Government’s Department of Biodiversity, Conservation and Attractions (DBCA). DBCA Perth Hills Native Bee Report. Western Australian Government’s Department of Biodiversity, Conservation and Attractions (DBCA),",S84,Prendergast_2021_2,S,1,1,0,1,1,1,Specimens deposited in WAM,NA
Verticordia,plumosa,Verticordia plumosa,Myrtaceae,Exoneura (Exoneura) laeta?,Exoneura,Exoneura,laeta?,Apidae,Xylocopinae,NA,Insecta,Hymenoptera,3,WA,Chandler,-32.2726541,116.1472841,24/10/2020,Oct,2020,"Prendergast K (2021) DBCA Perth Hills Native Bee Report: Chandler Forest Block, South of Wungong Dam post-mining rehabilitation areas. Report produced by Dr Kit Prendergast for the Western Australian Government’s Department of Biodiversity, Conservation and Attractions (DBCA). DBCA Perth Hills Native Bee Report. Western Australian Government’s Department of Biodiversity, Conservation and Attractions (DBCA),",S84,Prendergast_2021_2,S,1,1,0,1,1,1,Specimens deposited in WAM,NA
Verticordia,plumosus,Verticordia plumosus,Myrtaceae,Megachile (Eutricharaea) sp. DBCAPerthHills_1,Megachile,Eutricharaea,"sp.""DBCAPerthHills_1""",Megachilidae,Megachilinae,NA,Insecta,Hymenoptera,1,WA,Chandler,-32.2726541,116.1472841,28/12/2020,Dec,2020,"Prendergast K (2021) DBCA Perth Hills Native Bee Report: Chandler Forest Block, South of Wungong Dam post-mining rehabilitation areas. Report produced by Dr Kit Prendergast for the Western Australian Government’s Department of Biodiversity, Conservation and Attractions (DBCA). DBCA Perth Hills Native Bee Report. Western Australian Government’s Department of Biodiversity, Conservation and Attractions (DBCA),",S84,Prendergast_2021_2,S,1,1,0,1,1,1,Specimens deposited in WAM,NA
Astartea,scoparia,Astartea scoparia,Myrtaceae,Megachile sp. KSP29,Megachile,NA,sp. KSP29,Megachilidae,Megachilinae,NA,Insecta,Hymenoptera,1,WA,"Serpentine, Karnet",-32.3993335,116.0139516,29/12/2020,Dec,2020,"Prendergast K (2021) DBCA Perth Hills Native Bee Report: Karnet Nature Reserve. Report produced by Dr Kit Prendergast for the Western Australian Government’s Department of Biodiversity, Conservation and Attractions (DBCA).  DBCA Perth Hills Native Bee Report. Western Australian Government’s Department of Biodiversity, Conservation and Attractions (DBCA).",S84,Prendergast_2021_2,S,1,1,0,1,1,1,Specimens deposited in WAM,NA
Astartea,scoparia,Astartea scoparia,Myrtaceae,Megachile (Hackeriapis) oblonga,Megachile,Hackeriapis,oblonga,Megachilidae,Megachilinae,NA,Insecta,Hymenoptera,3,WA,"Serpentine, Karnet",-32.3993335,116.0139516,29/12/2020,Dec,2020,"Prendergast K (2021) DBCA Perth Hills Native Bee Report: Karnet Nature Reserve. Report produced by Dr Kit Prendergast for the Western Australian Government’s Department of Biodiversity, Conservation and Attractions (DBCA).  DBCA Perth Hills Native Bee Report. Western Australian Government’s Department of Biodiversity, Conservation and Attractions (DBCA).",S84,Prendergast_2021_2,S,1,1,0,1,1,1,Specimens deposited in WAM,NA
Astartea,scoparia,Astartea scoparia,Myrtaceae,Lipotriches (Austronomia) flavoviridis species-group,Lipotriches,Austronomia,flavoviridis species-group,Halictidae,Halictinae,NA,Insecta,Hymenoptera,1,WA,"Serpentine, Karnet",-32.3993335,116.0139516,29/12/2020,Dec,2020,"Prendergast K (2021) DBCA Perth Hills Native Bee Report: Karnet Nature Reserve. Report produced by Dr Kit Prendergast for the Western Australian Government’s Department of Biodiversity, Conservation and Attractions (DBCA).  DBCA Perth Hills Native Bee Report. Western Australian Government’s Department of Biodiversity, Conservation and Attractions (DBCA).",S84,Prendergast_2021_2,S,1,1,0,1,1,1,Specimens deposited in WAM,NA
Astartea,scoparia,Astartea scoparia,Myrtaceae,Gasteruption simillimum,Gasteruption,NA,simillimum,Gasteruptiidae,Gasteruptiinae,NA,Insecta,Hymenoptera,1,WA,"Serpentine, Karnet",-32.3993335,116.0139516,29/12/2020,Dec,2020,"Prendergast K (2021) DBCA Perth Hills Native Bee Report: Karnet Nature Reserve. Report produced by Dr Kit Prendergast for the Western Australian Government’s Department of Biodiversity, Conservation and Attractions (DBCA).  DBCA Perth Hills Native Bee Report. Western Australian Government’s Department of Biodiversity, Conservation and Attractions (DBCA).",S84,Prendergast_2021_2,S,1,1,0,1,1,1,Specimens deposited in WAM,NA
Astartea,scoparia,Astartea scoparia,Myrtaceae,Bembecinus sp.,Bembicinus,NA,sp.,Crabronidae,Bembecinae,NA,Insecta,Hymenoptera,1,WA,"Serpentine, Karnet",-32.3993335,116.0139516,29/12/2020,Dec,2020,"Prendergast K (2021) DBCA Perth Hills Native Bee Report: Karnet Nature Reserve. Report produced by Dr Kit Prendergast for the Western Australian Government’s Department of Biodiversity, Conservation and Attractions (DBCA).  DBCA Perth Hills Native Bee Report. Western Australian Government’s Department of Biodiversity, Conservation and Attractions (DBCA).",S84,Prendergast_2021_2,S,1,1,0,1,1,1,Specimens deposited in WAM,NA
Astartea,scoparia,Astartea scoparia,Myrtaceae,Castiarina sanguinolenta,Castiarina,NA,sanguinolenta,Buprestidae,Buprestinae,NA,Insecta,Coleoptera,1,WA,"Serpentine, Karnet",-32.3993335,116.0139516,29/12/2020,Dec,2020,"Prendergast K (2021) DBCA Perth Hills Native Bee Report: Karnet Nature Reserve. Report produced by Dr Kit Prendergast for the Western Australian Government’s Department of Biodiversity, Conservation and Attractions (DBCA).  DBCA Perth Hills Native Bee Report. Western Australian Government’s Department of Biodiversity, Conservation and Attractions (DBCA).",S84,Prendergast_2021_2,S,1,1,0,1,1,1,Specimens deposited in WAM,NA
Babingtonia,camphorosmae,Babingtonia camphorosmae,Myrtaceae,Megachile sp. KSP29,Megachile,NA,sp. KSP29,Megachilidae,Megachilinae,NA,Insecta,Hymenoptera,1,WA,"Serpentine, Karnet",-32.3993335,116.0139516,29/12/2020,Dec,2020,"Prendergast K (2021) DBCA Perth Hills Native Bee Report: Karnet Nature Reserve. Report produced by Dr Kit Prendergast for the Western Australian Government’s Department of Biodiversity, Conservation and Attractions (DBCA).  DBCA Perth Hills Native Bee Report. Western Australian Government’s Department of Biodiversity, Conservation and Attractions (DBCA).",S84,Prendergast_2021_2,S,1,1,0,1,1,1,Specimens deposited in WAM,NA
Babingtonia,camphorosmae,Babingtonia camphorosmae,Myrtaceae,Megachile aurifrons,Megachile,NA,aurifrons,Megachilidae,Megachilinae,NA,Insecta,Hymenoptera,1,WA,"Serpentine, Karnet",-32.3993335,116.0139516,16/1/2021,Jan,2021,"Prendergast K (2021) DBCA Perth Hills Native Bee Report: Karnet Nature Reserve. Report produced by Dr Kit Prendergast for the Western Australian Government’s Department of Biodiversity, Conservation and Attractions (DBCA).  DBCA Perth Hills Native Bee Report. Western Australian Government’s Department of Biodiversity, Conservation and Attractions (DBCA).",S84,Prendergast_2021_2,S,1,1,0,1,1,1,Specimens deposited in WAM,NA
Babingtonia,camphorosmae,Babingtonia camphorosmae,Myrtaceae,Megachile (Hackeriapis) tosticauda species-group,Megachile,Hackeriapis,tosticauda,Megachilidae,Megachilinae,NA,Insecta,Hymenoptera,3,WA,"Serpentine, Karnet",-32.3993335,116.0139516,16/1/2021,Jan,2021,"Prendergast K (2021) DBCA Perth Hills Native Bee Report: Karnet Nature Reserve. Report produced by Dr Kit Prendergast for the Western Australian Government’s Department of Biodiversity, Conservation and Attractions (DBCA).  DBCA Perth Hills Native Bee Report. Western Australian Government’s Department of Biodiversity, Conservation and Attractions (DBCA).",S84,Prendergast_2021_2,S,1,1,0,1,1,1,Specimens deposited in WAM,NA
Babingtonia,camphorosmae,Babingtonia camphorosmae,Myrtaceae,Megachile (Hackeriapis) oblonga,Megachile,Hackeriapis,oblonga,Megachilidae,Megachilinae,NA,Insecta,Hymenoptera,3,WA,"Serpentine, Karnet",-32.3993335,116.0139516,16/1/2021,Jan,2021,"Prendergast K (2021) DBCA Perth Hills Native Bee Report: Karnet Nature Reserve. Report produced by Dr Kit Prendergast for the Western Australian Government’s Department of Biodiversity, Conservation and Attractions (DBCA).  DBCA Perth Hills Native Bee Report. Western Australian Government’s Department of Biodiversity, Conservation and Attractions (DBCA).",S84,Prendergast_2021_2,S,1,1,0,1,1,1,Specimens deposited in WAM,NA
Babingtonia,camphorosmae,Babingtonia camphorosmae,Myrtaceae,Megachile (Eutricharaea) chrysopyga,Megachile,Eutricharaea,chrysopyga,Megachilidae,Megachilinae,NA,Insecta,Hymenoptera,4,WA,"Serpentine, Karnet",-32.3993335,116.0139516,29/12/2020,Dec,2020,"Prendergast K (2021) DBCA Perth Hills Native Bee Report: Karnet Nature Reserve. Report produced by Dr Kit Prendergast for the Western Australian Government’s Department of Biodiversity, Conservation and Attractions (DBCA).  DBCA Perth Hills Native Bee Report. Western Australian Government’s Department of Biodiversity, Conservation and Attractions (DBCA).",S84,Prendergast_2021_2,S,1,1,0,1,1,1,Specimens deposited in WAM,NA
Babingtonia,camphorosmae,Babingtonia camphorosmae,Myrtaceae,Megachile (Eutricharaea) chrysopyga,Megachile,Eutricharaea,chrysopyga,Megachilidae,Megachilinae,NA,Insecta,Hymenoptera,4,WA,"Serpentine, Karnet",-32.3993335,116.0139516,16/1/2021,Jan,2021,"Prendergast K (2021) DBCA Perth Hills Native Bee Report: Karnet Nature Reserve. Report produced by Dr Kit Prendergast for the Western Australian Government’s Department of Biodiversity, Conservation and Attractions (DBCA).  DBCA Perth Hills Native Bee Report. Western Australian Government’s Department of Biodiversity, Conservation and Attractions (DBCA).",S84,Prendergast_2021_2,S,1,1,0,1,1,1,Specimens deposited in WAM,NA
Babingtonia,camphorosmae,Babingtonia camphorosmae,Myrtaceae,Lipotriches (Austronomia) flavoviridis species-group,Lipotriches,Austronomia,flavoviridis species-group,Halictidae,Halictinae,NA,Insecta,Hymenoptera,2,WA,"Serpentine, Karnet",-32.3993335,116.0139516,16/1/2021,Jan,2021,"Prendergast K (2021) DBCA Perth Hills Native Bee Report: Karnet Nature Reserve. Report produced by Dr Kit Prendergast for the Western Australian Government’s Department of Biodiversity, Conservation and Attractions (DBCA).  DBCA Perth Hills Native Bee Report. Western Australian Government’s Department of Biodiversity, Conservation and Attractions (DBCA).",S84,Prendergast_2021_2,S,1,1,0,1,1,1,Specimens deposited in WAM,NA
Babingtonia,camphorosmae,Babingtonia camphorosmae,Myrtaceae,Exoneura (Exoneura) pictifrons?,Exoneura,Exoneura,pictifrons?,Apidae,Xylocopinae,NA,Insecta,Hymenoptera,1,WA,"Serpentine, Karnet",-32.3993335,116.0139516,29/12/2020,Dec,2020,"Prendergast K (2021) DBCA Perth Hills Native Bee Report: Karnet Nature Reserve. Report produced by Dr Kit Prendergast for the Western Australian Government’s Department of Biodiversity, Conservation and Attractions (DBCA).  DBCA Perth Hills Native Bee Report. Western Australian Government’s Department of Biodiversity, Conservation and Attractions (DBCA).",S84,Prendergast_2021_2,S,1,1,0,1,1,1,Specimens deposited in WAM,NA
Babingtonia,camphorosmae,Babingtonia camphorosmae,Myrtaceae,Exoneura (Exoneura) pictifrons?,Exoneura,Exoneura,pictifrons?,Apidae,Xylocopinae,NA,Insecta,Hymenoptera,1,WA,"Serpentine, Karnet",-32.3993335,116.0139516,16/1/2021,Jan,2021,"Prendergast K (2021) DBCA Perth Hills Native Bee Report: Karnet Nature Reserve. Report produced by Dr Kit Prendergast for the Western Australian Government’s Department of Biodiversity, Conservation and Attractions (DBCA).  DBCA Perth Hills Native Bee Report. Western Australian Government’s Department of Biodiversity, Conservation and Attractions (DBCA).",S84,Prendergast_2021_2,S,1,1,0,1,1,1,Specimens deposited in WAM,NA
Babingtonia,camphorosmae,Babingtonia camphorosmae,Myrtaceae,Exoneura (Exoneura) laeta?,Exoneura,Exoneura,laeta?,Apidae,Xylocopinae,NA,Insecta,Hymenoptera,1,WA,"Serpentine, Karnet",-32.3993335,116.0139516,16/1/2021,Jan,2021,"Prendergast K (2021) DBCA Perth Hills Native Bee Report: Karnet Nature Reserve. Report produced by Dr Kit Prendergast for the Western Australian Government’s Department of Biodiversity, Conservation and Attractions (DBCA).  DBCA Perth Hills Native Bee Report. Western Australian Government’s Department of Biodiversity, Conservation and Attractions (DBCA).",S84,Prendergast_2021_2,S,1,1,0,1,1,1,Specimens deposited in WAM,NA
Billardiera,fraseri,Billardiera fraseri,Pittosporaceae,"Exoneurella ""DBCAPerthHills_2""",Exoneurella,NA,"""DBCAPerthHills_2""",Apidae,Xylocopinae,NA,Insecta,Hymenoptera,1,WA,"Serpentine, Karnet",-32.3993335,116.0139516,16/1/2021,Jan,2021,"Prendergast K (2021) DBCA Perth Hills Native Bee Report: Karnet Nature Reserve. Report produced by Dr Kit Prendergast for the Western Australian Government’s Department of Biodiversity, Conservation and Attractions (DBCA).  DBCA Perth Hills Native Bee Report. Western Australian Government’s Department of Biodiversity, Conservation and Attractions (DBCA).",S84,Prendergast_2021_2,S,1,1,0,1,1,1,Specimens deposited in WAM,NA
Billardiera,variifolia,Billardiera variifolia,Pittosporaceae,Megachile speluncarum,Megachile,NA,speluncarum,Megachilidae,Megachilinae,NA,Insecta,Hymenoptera,1,WA,"Serpentine, Karnet",-32.3993335,116.0139516,29/12/2020,Dec,2020,"Prendergast K (2021) DBCA Perth Hills Native Bee Report: Karnet Nature Reserve. Report produced by Dr Kit Prendergast for the Western Australian Government’s Department of Biodiversity, Conservation and Attractions (DBCA).  DBCA Perth Hills Native Bee Report. Western Australian Government’s Department of Biodiversity, Conservation and Attractions (DBCA).",S84,Prendergast_2021_2,S,1,1,0,1,1,1,Specimens deposited in WAM,NA
Billardiera,variifolia,Billardiera variifolia,Pittosporaceae,Megachile (Hackeriapis) tosticauda species-group,Megachile,Hackeriapis,tosticauda,Megachilidae,Megachilinae,NA,Insecta,Hymenoptera,1,WA,"Serpentine, Karnet",-32.3993335,116.0139516,29/12/2020,Dec,2020,"Prendergast K (2021) DBCA Perth Hills Native Bee Report: Karnet Nature Reserve. Report produced by Dr Kit Prendergast for the Western Australian Government’s Department of Biodiversity, Conservation and Attractions (DBCA).  DBCA Perth Hills Native Bee Report. Western Australian Government’s Department of Biodiversity, Conservation and Attractions (DBCA).",S84,Prendergast_2021_2,S,1,1,0,1,1,1,Specimens deposited in WAM,NA
Billardiera,variifolia,Billardiera variifolia,Pittosporaceae,Megachile (Eutricharaea) macularis,Megachile,Eutricharaea,macularis,Megachilidae,Megachilinae,NA,Insecta,Hymenoptera,1,WA,"Serpentine, Karnet",-32.3993335,116.0139516,29/12/2020,Dec,2020,"Prendergast K (2021) DBCA Perth Hills Native Bee Report: Karnet Nature Reserve. Report produced by Dr Kit Prendergast for the Western Australian Government’s Department of Biodiversity, Conservation and Attractions (DBCA).  DBCA Perth Hills Native Bee Report. Western Australian Government’s Department of Biodiversity, Conservation and Attractions (DBCA).",S84,Prendergast_2021_2,S,1,1,0,1,1,1,Specimens deposited in WAM,NA
Boronia,crenulata,Boronia crenulata,Rutaceae,Lasioglossum (Chilalictus) melanopterum,Lasioglossum,Chilalictus,melanopterum,Halictidae,Halictinae,NA,Insecta,Hymenoptera,1,WA,"Serpentine, Karnet",-32.3993335,116.0139516,25/10/2020,Oct,2020,"Prendergast K (2021) DBCA Perth Hills Native Bee Report: Karnet Nature Reserve. Report produced by Dr Kit Prendergast for the Western Australian Government’s Department of Biodiversity, Conservation and Attractions (DBCA).  DBCA Perth Hills Native Bee Report. Western Australian Government’s Department of Biodiversity, Conservation and Attractions (DBCA).",S84,Prendergast_2021_2,S,1,1,0,1,1,1,Specimens deposited in WAM,NA
Boronia,crenulata,Boronia crenulata,Rutaceae,Lasioglossum (Chilalictus) ebeneum,Lasioglossum,Chilalictus,ebeneum,Halictidae,Halictinae,NA,Insecta,Hymenoptera,3,WA,"Serpentine, Karnet",-32.3993335,116.0139516,25/10/2020,Oct,2020,"Prendergast K (2021) DBCA Perth Hills Native Bee Report: Karnet Nature Reserve. Report produced by Dr Kit Prendergast for the Western Australian Government’s Department of Biodiversity, Conservation and Attractions (DBCA).  DBCA Perth Hills Native Bee Report. Western Australian Government’s Department of Biodiversity, Conservation and Attractions (DBCA).",S84,Prendergast_2021_2,S,1,1,0,1,1,1,Specimens deposited in WAM,NA
Boronia,crenulata,Boronia crenulata,Rutaceae,"Leioproctus ""DBCAPerthHills_1""",Leioproctus,NA,"""DBCAPerthHills_1""",Colletidae,Neopasiphaeinae,NA,Insecta,Hymenoptera,1,WA,"Serpentine, Karnet",-32.3993335,116.0139516,25/10/2020,Oct,2020,"Prendergast K (2021) DBCA Perth Hills Native Bee Report: Karnet Nature Reserve. Report produced by Dr Kit Prendergast for the Western Australian Government’s Department of Biodiversity, Conservation and Attractions (DBCA).  DBCA Perth Hills Native Bee Report. Western Australian Government’s Department of Biodiversity, Conservation and Attractions (DBCA).",S84,Prendergast_2021_2,S,1,1,0,1,1,1,Specimens deposited in WAM,NA
Boronia,crenulata,Boronia crenulata,Rutaceae,"Exoneura ""DBCAPerthHills_4""",Exoneura,NA,"""DBCAPerthHills_4""",Apidae,Xylocopinae,NA,Insecta,Hymenoptera,2,WA,"Serpentine, Karnet",-32.3993335,116.0139516,25/10/2020,Oct,2020,"Prendergast K (2021) DBCA Perth Hills Native Bee Report: Karnet Nature Reserve. Report produced by Dr Kit Prendergast for the Western Australian Government’s Department of Biodiversity, Conservation and Attractions (DBCA).  DBCA Perth Hills Native Bee Report. Western Australian Government’s Department of Biodiversity, Conservation and Attractions (DBCA).",S84,Prendergast_2021_2,S,1,1,0,1,1,1,Specimens deposited in WAM,NA
Boronia,crenulata,Boronia crenulata,Rutaceae,Exoneura (Exoneura) pictifrons?,Exoneura,Exoneura,pictifrons?,Apidae,Xylocopinae,NA,Insecta,Hymenoptera,1,WA,"Serpentine, Karnet",-32.3993335,116.0139516,25/10/2020,Oct,2020,"Prendergast K (2021) DBCA Perth Hills Native Bee Report: Karnet Nature Reserve. Report produced by Dr Kit Prendergast for the Western Australian Government’s Department of Biodiversity, Conservation and Attractions (DBCA).  DBCA Perth Hills Native Bee Report. Western Australian Government’s Department of Biodiversity, Conservation and Attractions (DBCA).",S84,Prendergast_2021_2,S,1,1,0,1,1,1,Specimens deposited in WAM,NA
Calothamnus,quadrifidus,Calothamnus quadrifidus,Myrtaceae,Lasioglossum (Chilalictus) hemichalceum,Lasioglossum,Chilalictus,hemichalceum,Halictidae,Halictinae,NA,Insecta,Hymenoptera,1,WA,"Serpentine, Karnet",-32.3993335,116.0139516,25/10/2020,Oct,2020,"Prendergast K (2021) DBCA Perth Hills Native Bee Report: Karnet Nature Reserve. Report produced by Dr Kit Prendergast for the Western Australian Government’s Department of Biodiversity, Conservation and Attractions (DBCA).  DBCA Perth Hills Native Bee Report. Western Australian Government’s Department of Biodiversity, Conservation and Attractions (DBCA).",S84,Prendergast_2021_2,S,1,1,0,1,1,1,Specimens deposited in WAM,NA
Calothamnus,quadrifidus,Calothamnus quadrifidus,Myrtaceae,"Hylaeus (Prosopisteron) ""latifacies""",Hylaeus,Prosopisteron,"""latifacies""",Colletidae,Hylaeinae,NA,Insecta,Hymenoptera,1,WA,"Serpentine, Karnet",-32.3993335,116.0139516,25/10/2020,Oct,2020,"Prendergast K (2021) DBCA Perth Hills Native Bee Report: Karnet Nature Reserve. Report produced by Dr Kit Prendergast for the Western Australian Government’s Department of Biodiversity, Conservation and Attractions (DBCA).  DBCA Perth Hills Native Bee Report. Western Australian Government’s Department of Biodiversity, Conservation and Attractions (DBCA).",S84,Prendergast_2021_2,S,1,1,0,1,1,1,Specimens deposited in WAM,NA
Calothamnus,quadrifidus,Calothamnus quadrifidus,Myrtaceae,"Exoneura ""DBCAPerthHills_4""",Exoneura,NA,"""DBCAPerthHills_4""",Apidae,Xylocopinae,NA,Insecta,Hymenoptera,2,WA,"Serpentine, Karnet",-32.3993335,116.0139516,25/10/2020,Oct,2020,"Prendergast K (2021) DBCA Perth Hills Native Bee Report: Karnet Nature Reserve. Report produced by Dr Kit Prendergast for the Western Australian Government’s Department of Biodiversity, Conservation and Attractions (DBCA).  DBCA Perth Hills Native Bee Report. Western Australian Government’s Department of Biodiversity, Conservation and Attractions (DBCA).",S84,Prendergast_2021_2,S,1,1,0,1,1,1,Specimens deposited in WAM,NA
Calothamnus,quadrifidus,Calothamnus quadrifidus,Myrtaceae,Exoneura (Exoneura) pictifrons?,Exoneura,Exoneura,pictifrons?,Apidae,Xylocopinae,NA,Insecta,Hymenoptera,3,WA,"Serpentine, Karnet",-32.3993335,116.0139516,25/10/2020,Oct,2020,"Prendergast K (2021) DBCA Perth Hills Native Bee Report: Karnet Nature Reserve. Report produced by Dr Kit Prendergast for the Western Australian Government’s Department of Biodiversity, Conservation and Attractions (DBCA).  DBCA Perth Hills Native Bee Report. Western Australian Government’s Department of Biodiversity, Conservation and Attractions (DBCA).",S84,Prendergast_2021_2,S,1,1,0,1,1,1,Specimens deposited in WAM,NA
Calytrix,depressa,Calytrix depressa,Myrtaceae,Exoneura (Exoneura) pictifrons?,Exoneura,Exoneura,pictifrons?,Apidae,Xylocopinae,NA,Insecta,Hymenoptera,9,WA,"Serpentine, Karnet",-32.3993335,116.0139516,25/10/2020,Oct,2020,"Prendergast K (2021) DBCA Perth Hills Native Bee Report: Karnet Nature Reserve. Report produced by Dr Kit Prendergast for the Western Australian Government’s Department of Biodiversity, Conservation and Attractions (DBCA).  DBCA Perth Hills Native Bee Report. Western Australian Government’s Department of Biodiversity, Conservation and Attractions (DBCA).",S84,Prendergast_2021_2,S,1,1,0,1,1,1,Specimens deposited in WAM,NA
Dampiera,alata,Dampiera alata,Goodenaceae,Lasioglossum (Chilalictus) castor,Lasioglossum,Chilalictus,castor,Halictidae,Halictinae,NA,Insecta,Hymenoptera,4,WA,"Serpentine, Karnet",-32.3993335,116.0139516,25/10/2020,Oct,2020,"Prendergast K (2021) DBCA Perth Hills Native Bee Report: Karnet Nature Reserve. Report produced by Dr Kit Prendergast for the Western Australian Government’s Department of Biodiversity, Conservation and Attractions (DBCA).  DBCA Perth Hills Native Bee Report. Western Australian Government’s Department of Biodiversity, Conservation and Attractions (DBCA).",S84,Prendergast_2021_2,S,1,1,0,1,1,1,Specimens deposited in WAM,NA
Dampiera,diversifolia,Dampiera diversifolia,Goodenaceae,Megachile (Eutricharaea) chrysopyga,Megachile,Eutricharaea,chrysopyga,Megachilidae,Megachilinae,NA,Insecta,Hymenoptera,1,WA,"Serpentine, Karnet",-32.3993335,116.0139516,20/11/2020,Nov,2020,"Prendergast K (2021) DBCA Perth Hills Native Bee Report: Karnet Nature Reserve. Report produced by Dr Kit Prendergast for the Western Australian Government’s Department of Biodiversity, Conservation and Attractions (DBCA).  DBCA Perth Hills Native Bee Report. Western Australian Government’s Department of Biodiversity, Conservation and Attractions (DBCA).",S84,Prendergast_2021_2,S,1,1,0,1,1,1,Specimens deposited in WAM,NA
Lechenaultia,biloba,Lechenaultia biloba,Goodenaceae,Megachile (Eutricharaea) chrysopyga,Megachile,Eutricharaea,chrysopyga,Megachilidae,Megachilinae,NA,Insecta,Hymenoptera,1,WA,"Serpentine, Karnet",-32.3993335,116.0139516,25/10/2020,Oct,2020,"Prendergast K (2021) DBCA Perth Hills Native Bee Report: Karnet Nature Reserve. Report produced by Dr Kit Prendergast for the Western Australian Government’s Department of Biodiversity, Conservation and Attractions (DBCA).  DBCA Perth Hills Native Bee Report. Western Australian Government’s Department of Biodiversity, Conservation and Attractions (DBCA).",S84,Prendergast_2021_2,S,1,1,0,1,1,1,Specimens deposited in WAM,NA
Leucopogon,tenuis,Leucopogon tenuis,Ericeae,Lasioglossum (Chilalictus) hemichalceum,Lasioglossum,Chilalictus,hemichalceum,Halictidae,Halictinae,NA,Insecta,Hymenoptera,1,WA,"Serpentine, Karnet",-32.3993335,116.0139516,6/10/2020,Oct,2020,"Prendergast K (2021) DBCA Perth Hills Native Bee Report: Karnet Nature Reserve. Report produced by Dr Kit Prendergast for the Western Australian Government’s Department of Biodiversity, Conservation and Attractions (DBCA).  DBCA Perth Hills Native Bee Report. Western Australian Government’s Department of Biodiversity, Conservation and Attractions (DBCA).",S84,Prendergast_2021_2,S,1,1,0,1,1,1,Specimens deposited in WAM,NA
Leucopogon,tenuis,Leucopogon tenuis,Ericeae,Exoneura (Exoneura) pictifrons?,Exoneura,Exoneura,pictifrons?,Apidae,Xylocopinae,NA,Insecta,Hymenoptera,6,WA,"Serpentine, Karnet",-32.3993335,116.0139516,6/10/2020,Oct,2020,"Prendergast K (2021) DBCA Perth Hills Native Bee Report: Karnet Nature Reserve. Report produced by Dr Kit Prendergast for the Western Australian Government’s Department of Biodiversity, Conservation and Attractions (DBCA).  DBCA Perth Hills Native Bee Report. Western Australian Government’s Department of Biodiversity, Conservation and Attractions (DBCA).",S84,Prendergast_2021_2,S,1,1,0,1,1,1,Specimens deposited in WAM,NA
Leucopogon,tenuis,Leucopogon tenuis,Ericeae,Exoneura (Exoneura) obscura,Exoneura,Exoneura,obscura,Apidae,Xylocopinae,NA,Insecta,Hymenoptera,1,WA,"Serpentine, Karnet",-32.3993335,116.0139516,6/10/2020,Oct,2020,"Prendergast K (2021) DBCA Perth Hills Native Bee Report: Karnet Nature Reserve. Report produced by Dr Kit Prendergast for the Western Australian Government’s Department of Biodiversity, Conservation and Attractions (DBCA).  DBCA Perth Hills Native Bee Report. Western Australian Government’s Department of Biodiversity, Conservation and Attractions (DBCA).",S84,Prendergast_2021_2,S,1,1,0,1,1,1,Specimens deposited in WAM,NA
Melaleuca,quinquenervia,Melaleuca quinquenervia,Myrtaceae,Euryglossina (Microdontura) mellea,Euryglossina,Microdontura,mellea,Colletidae,Euryglossinae,NA,Insecta,Hymenoptera,29,WA,"Serpentine, Karnet",-32.3993335,116.0139516,29/12/2020,Dec,2020,"Prendergast K (2021) DBCA Perth Hills Native Bee Report: Karnet Nature Reserve. Report produced by Dr Kit Prendergast for the Western Australian Government’s Department of Biodiversity, Conservation and Attractions (DBCA).  DBCA Perth Hills Native Bee Report. Western Australian Government’s Department of Biodiversity, Conservation and Attractions (DBCA).",S84,Prendergast_2021_2,S,1,1,0,1,1,1,Specimens deposited in WAM,NA
Melaleuca,quinquenervia,Melaleuca quinquenervia,Myrtaceae,Euryglossina (Euryglossina) perpusilla,Euryglossina,Euryglossina,perpusilla,Colletidae,Euryglossinae,NA,Insecta,Hymenoptera,2,WA,"Serpentine, Karnet",-32.3993335,116.0139516,29/12/2020,Dec,2020,"Prendergast K (2021) DBCA Perth Hills Native Bee Report: Karnet Nature Reserve. Report produced by Dr Kit Prendergast for the Western Australian Government’s Department of Biodiversity, Conservation and Attractions (DBCA).  DBCA Perth Hills Native Bee Report. Western Australian Government’s Department of Biodiversity, Conservation and Attractions (DBCA).",S84,Prendergast_2021_2,S,1,1,0,1,1,1,Specimens deposited in WAM,NA
Melaleuca,quinquenervia,Melaleuca quinquenervia,Myrtaceae,Euryglossina (Euryglossina) atra,Euryglossina,Euryglossina,atra,Colletidae,Euryglossinae,NA,Insecta,Hymenoptera,1,WA,"Serpentine, Karnet",-32.3993335,116.0139516,29/12/2020,Dec,2020,"Prendergast K (2021) DBCA Perth Hills Native Bee Report: Karnet Nature Reserve. Report produced by Dr Kit Prendergast for the Western Australian Government’s Department of Biodiversity, Conservation and Attractions (DBCA).  DBCA Perth Hills Native Bee Report. Western Australian Government’s Department of Biodiversity, Conservation and Attractions (DBCA).",S84,Prendergast_2021_2,S,1,1,0,1,1,1,Specimens deposited in WAM,NA
Melaleuca,quinquenervia,Melaleuca quinquenervia,Myrtaceae,Exoneura (Exoneura) pictifrons?,Exoneura,Exoneura,pictifrons?,Apidae,Xylocopinae,NA,Insecta,Hymenoptera,1,WA,"Serpentine, Karnet",-32.3993335,116.0139516,29/12/2020,Dec,2020,"Prendergast K (2021) DBCA Perth Hills Native Bee Report: Karnet Nature Reserve. Report produced by Dr Kit Prendergast for the Western Australian Government’s Department of Biodiversity, Conservation and Attractions (DBCA).  DBCA Perth Hills Native Bee Report. Western Australian Government’s Department of Biodiversity, Conservation and Attractions (DBCA).",S84,Prendergast_2021_2,S,1,1,0,1,1,1,Specimens deposited in WAM,NA
Melaleuca,subtrigona,Melaleuca subtrigona,Myrtaceae,"Hylaeus (Prosopisteron) ""latifacies""",Hylaeus,Prosopisteron,"""latifacies""",Colletidae,Hylaeinae,NA,Insecta,Hymenoptera,2,WA,"Serpentine, Karnet",-32.3993335,116.0139516,20/11/2020,Nov,2020,"Prendergast K (2021) DBCA Perth Hills Native Bee Report: Karnet Nature Reserve. Report produced by Dr Kit Prendergast for the Western Australian Government’s Department of Biodiversity, Conservation and Attractions (DBCA).  DBCA Perth Hills Native Bee Report. Western Australian Government’s Department of Biodiversity, Conservation and Attractions (DBCA).",S84,Prendergast_2021_2,S,1,1,0,1,1,1,Specimens deposited in WAM,NA
Melaleuca,subtrigona,Melaleuca subtrigona,Myrtaceae,"Exoneura ""DBCAPerthHills_4""",Exoneura,NA,"""DBCAPerthHills_4""",Apidae,Xylocopinae,NA,Insecta,Hymenoptera,1,WA,"Serpentine, Karnet",-32.3993335,116.0139516,25/10/2020,Oct,2020,"Prendergast K (2021) DBCA Perth Hills Native Bee Report: Karnet Nature Reserve. Report produced by Dr Kit Prendergast for the Western Australian Government’s Department of Biodiversity, Conservation and Attractions (DBCA).  DBCA Perth Hills Native Bee Report. Western Australian Government’s Department of Biodiversity, Conservation and Attractions (DBCA).",S84,Prendergast_2021_2,S,1,1,0,1,1,1,Specimens deposited in WAM,NA
Melaleuca,subtrigona,Melaleuca subtrigona,Myrtaceae,"Exoneura ""DBCAPerthHills_1""",Exoneura,NA,"""DBCAPerthHills_1""",Apidae,Xylocopinae,NA,Insecta,Hymenoptera,1,WA,"Serpentine, Karnet",-32.3993335,116.0139516,25/10/2020,Oct,2020,"Prendergast K (2021) DBCA Perth Hills Native Bee Report: Karnet Nature Reserve. Report produced by Dr Kit Prendergast for the Western Australian Government’s Department of Biodiversity, Conservation and Attractions (DBCA).  DBCA Perth Hills Native Bee Report. Western Australian Government’s Department of Biodiversity, Conservation and Attractions (DBCA).",S84,Prendergast_2021_2,S,1,1,0,1,1,1,Specimens deposited in WAM,NA
Melaleuca,subtrigona,Melaleuca subtrigona,Myrtaceae,Exoneura (Exoneura) pictifrons?,Exoneura,Exoneura,pictifrons?,Apidae,Xylocopinae,NA,Insecta,Hymenoptera,1,WA,"Serpentine, Karnet",-32.3993335,116.0139516,20/11/2020,Nov,2020,"Prendergast K (2021) DBCA Perth Hills Native Bee Report: Karnet Nature Reserve. Report produced by Dr Kit Prendergast for the Western Australian Government’s Department of Biodiversity, Conservation and Attractions (DBCA).  DBCA Perth Hills Native Bee Report. Western Australian Government’s Department of Biodiversity, Conservation and Attractions (DBCA).",S84,Prendergast_2021_2,S,1,1,0,1,1,1,Specimens deposited in WAM,NA
Melaleuca,subtrigona,Melaleuca subtrigona,Myrtaceae,Exoneura (Exoneura) pictifrons?,Exoneura,Exoneura,pictifrons?,Apidae,Xylocopinae,NA,Insecta,Hymenoptera,1,WA,"Serpentine, Karnet",-32.3993335,116.0139516,20/11/2020,Nov,2020,"Prendergast K (2021) DBCA Perth Hills Native Bee Report: Karnet Nature Reserve. Report produced by Dr Kit Prendergast for the Western Australian Government’s Department of Biodiversity, Conservation and Attractions (DBCA).  DBCA Perth Hills Native Bee Report. Western Australian Government’s Department of Biodiversity, Conservation and Attractions (DBCA).",S84,Prendergast_2021_2,S,1,1,0,1,1,1,Specimens deposited in WAM,NA
Mirbelia,dilatata,Mirbelia dilatata,Fabaceae,Megachile speluncarum,Megachile,NA,speluncarum,Megachilidae,Megachilinae,NA,Insecta,Hymenoptera,2,WA,"Serpentine, Karnet",-32.3993335,116.0139516,20/11/2020,Nov,2020,"Prendergast K (2021) DBCA Perth Hills Native Bee Report: Karnet Nature Reserve. Report produced by Dr Kit Prendergast for the Western Australian Government’s Department of Biodiversity, Conservation and Attractions (DBCA).  DBCA Perth Hills Native Bee Report. Western Australian Government’s Department of Biodiversity, Conservation and Attractions (DBCA).",S84,Prendergast_2021_2,S,1,1,0,1,1,1,Specimens deposited in WAM,NA
Mirbelia,dilatata,Mirbelia dilatata,Fabaceae,Megachile (Rozenapis) ignita,Megachile,Rozenapis,ignita,Megachilidae,Megachilinae,NA,Insecta,Hymenoptera,2,WA,"Serpentine, Karnet",-32.3993335,116.0139516,20/11/2020,Nov,2020,"Prendergast K (2021) DBCA Perth Hills Native Bee Report: Karnet Nature Reserve. Report produced by Dr Kit Prendergast for the Western Australian Government’s Department of Biodiversity, Conservation and Attractions (DBCA).  DBCA Perth Hills Native Bee Report. Western Australian Government’s Department of Biodiversity, Conservation and Attractions (DBCA).",S84,Prendergast_2021_2,S,1,1,0,1,1,1,Specimens deposited in WAM,NA
Mirbelia,dilatata,Mirbelia dilatata,Fabaceae,Megachile (Eutricharaea) sp. DBCAPerthHills_1,Megachile,Eutricharaea,"sp.""DBCAPerthHills_1""",Megachilidae,Megachilinae,NA,Insecta,Hymenoptera,2,WA,"Serpentine, Karnet",-32.3993335,116.0139516,20/11/2020,Nov,2020,"Prendergast K (2021) DBCA Perth Hills Native Bee Report: Karnet Nature Reserve. Report produced by Dr Kit Prendergast for the Western Australian Government’s Department of Biodiversity, Conservation and Attractions (DBCA).  DBCA Perth Hills Native Bee Report. Western Australian Government’s Department of Biodiversity, Conservation and Attractions (DBCA).",S84,Prendergast_2021_2,S,1,1,0,1,1,1,Specimens deposited in WAM,NA
Mirbelia,dilatata,Mirbelia dilatata,Fabaceae,Megachile (Eutricharaea) chrysopyga,Megachile,Eutricharaea,chrysopyga,Megachilidae,Megachilinae,NA,Insecta,Hymenoptera,1,WA,"Serpentine, Karnet",-32.3993335,116.0139516,20/11/2020,Nov,2020,"Prendergast K (2021) DBCA Perth Hills Native Bee Report: Karnet Nature Reserve. Report produced by Dr Kit Prendergast for the Western Australian Government’s Department of Biodiversity, Conservation and Attractions (DBCA).  DBCA Perth Hills Native Bee Report. Western Australian Government’s Department of Biodiversity, Conservation and Attractions (DBCA).",S84,Prendergast_2021_2,S,1,1,0,1,1,1,Specimens deposited in WAM,NA
Mirbelia,dilatata,Mirbelia dilatata,Fabaceae,Trichocolletes gelasinus,Trichocolletes,NA,gelasinus,Colletidae,Neopasiphaeinae,NA,Insecta,Hymenoptera,2,WA,"Serpentine, Karnet",-32.3993335,116.0139516,20/11/2020,Nov,2020,"Prendergast K (2021) DBCA Perth Hills Native Bee Report: Karnet Nature Reserve. Report produced by Dr Kit Prendergast for the Western Australian Government’s Department of Biodiversity, Conservation and Attractions (DBCA).  DBCA Perth Hills Native Bee Report. Western Australian Government’s Department of Biodiversity, Conservation and Attractions (DBCA).",S84,Prendergast_2021_2,S,1,1,0,1,1,1,Specimens deposited in WAM,NA
Mirbelia,dilatata,Mirbelia dilatata,Fabaceae,Leioproctus (Ceratocolletes) antennatus,Leioproctus,Ceratocolletes,antennatus,Colletidae,Neopasiphaeinae,NA,Insecta,Hymenoptera,3,WA,"Serpentine, Karnet",-32.3993335,116.0139516,20/11/2020,Nov,2020,"Prendergast K (2021) DBCA Perth Hills Native Bee Report: Karnet Nature Reserve. Report produced by Dr Kit Prendergast for the Western Australian Government’s Department of Biodiversity, Conservation and Attractions (DBCA).  DBCA Perth Hills Native Bee Report. Western Australian Government’s Department of Biodiversity, Conservation and Attractions (DBCA).",S84,Prendergast_2021_2,S,1,1,0,1,1,1,Specimens deposited in WAM,NA
Mirbelia,dilatata,Mirbelia dilatata,Fabaceae,Exoneura (Exoneura) pictifrons?,Exoneura,Exoneura,pictifrons?,Apidae,Xylocopinae,NA,Insecta,Hymenoptera,4,WA,"Serpentine, Karnet",-32.3993335,116.0139516,20/11/2020,Nov,2020,"Prendergast K (2021) DBCA Perth Hills Native Bee Report: Karnet Nature Reserve. Report produced by Dr Kit Prendergast for the Western Australian Government’s Department of Biodiversity, Conservation and Attractions (DBCA).  DBCA Perth Hills Native Bee Report. Western Australian Government’s Department of Biodiversity, Conservation and Attractions (DBCA).",S84,Prendergast_2021_2,S,1,1,0,1,1,1,Specimens deposited in WAM,NA
Philotheca,spicata,Philotheca spicata,Rutaceae,Lasioglossum (Chilalictus) oblitum,Lasioglossum,Chilalictus,oblitum,Halictidae,Halictinae,NA,Insecta,Hymenoptera,1,WA,"Serpentine, Karnet",-32.3993335,116.0139516,6/10/2020,Oct,2020,"Prendergast K (2021) DBCA Perth Hills Native Bee Report: Karnet Nature Reserve. Report produced by Dr Kit Prendergast for the Western Australian Government’s Department of Biodiversity, Conservation and Attractions (DBCA).  DBCA Perth Hills Native Bee Report. Western Australian Government’s Department of Biodiversity, Conservation and Attractions (DBCA).",S84,Prendergast_2021_2,S,1,1,0,1,1,1,Specimens deposited in WAM,NA
Philotheca,spicata,Philotheca spicata,Rutaceae,"Leioproctus (Zosterocolletes?) ""DBCAPerthHills_2""",Leioproctus,Zosterocolletes?,"""DBCAPerthHills_2""",Colletidae,Neopasiphaeinae,NA,Insecta,Hymenoptera,1,WA,"Serpentine, Karnet",-32.3993335,116.0139516,6/10/2020,Oct,2020,"Prendergast K (2021) DBCA Perth Hills Native Bee Report: Karnet Nature Reserve. Report produced by Dr Kit Prendergast for the Western Australian Government’s Department of Biodiversity, Conservation and Attractions (DBCA).  DBCA Perth Hills Native Bee Report. Western Australian Government’s Department of Biodiversity, Conservation and Attractions (DBCA).",S84,Prendergast_2021_2,S,1,1,0,1,1,1,Specimens deposited in WAM,NA
Philotheca,spicata,Philotheca spicata,Rutaceae,"Leioproctus (Leioproctus) ""DBCAPerthHills_3""",Leioproctus,Leioproctus,"""DBCAPerthHills_3""",Colletidae,Neopasiphaeinae,NA,Insecta,Hymenoptera,1,WA,"Serpentine, Karnet",-32.3993335,116.0139516,6/10/2020,Oct,2020,"Prendergast K (2021) DBCA Perth Hills Native Bee Report: Karnet Nature Reserve. Report produced by Dr Kit Prendergast for the Western Australian Government’s Department of Biodiversity, Conservation and Attractions (DBCA).  DBCA Perth Hills Native Bee Report. Western Australian Government’s Department of Biodiversity, Conservation and Attractions (DBCA).",S84,Prendergast_2021_2,S,1,1,0,1,1,1,Specimens deposited in WAM,NA
Philotheca,spicata,Philotheca spicata,Rutaceae,"Leioproctus (Leioproctus) ""DBCAPerthHills_2""",Leioproctus,Leioproctus,"""DBCAPerthHills_2""",Colletidae,Neopasiphaeinae,NA,Insecta,Hymenoptera,1,WA,"Serpentine, Karnet",-32.3993335,116.0139516,6/10/2020,Oct,2020,"Prendergast K (2021) DBCA Perth Hills Native Bee Report: Karnet Nature Reserve. Report produced by Dr Kit Prendergast for the Western Australian Government’s Department of Biodiversity, Conservation and Attractions (DBCA).  DBCA Perth Hills Native Bee Report. Western Australian Government’s Department of Biodiversity, Conservation and Attractions (DBCA).",S84,Prendergast_2021_2,S,1,1,0,1,1,1,Specimens deposited in WAM,NA
Philotheca,spicata,Philotheca spicata,Rutaceae,Exoneura (Exoneura) pictifrons?,Exoneura,Exoneura,pictifrons?,Apidae,Xylocopinae,NA,Insecta,Hymenoptera,1,WA,"Serpentine, Karnet",-32.3993335,116.0139516,6/10/2020,Oct,2020,"Prendergast K (2021) DBCA Perth Hills Native Bee Report: Karnet Nature Reserve. Report produced by Dr Kit Prendergast for the Western Australian Government’s Department of Biodiversity, Conservation and Attractions (DBCA).  DBCA Perth Hills Native Bee Report. Western Australian Government’s Department of Biodiversity, Conservation and Attractions (DBCA).",S84,Prendergast_2021_2,S,1,1,0,1,1,1,Specimens deposited in WAM,NA
Stylidium,brunonianum,Stylidium brunonianum,Stylidiaceae,Megachile (Hackeriapis) oblonga,Megachile,Hackeriapis,oblonga,Megachilidae,Megachilinae,NA,Insecta,Hymenoptera,1,WA,"Serpentine, Karnet",-32.3993335,116.0139516,25/10/2020,Oct,2020,"Prendergast K (2021) DBCA Perth Hills Native Bee Report: Karnet Nature Reserve. Report produced by Dr Kit Prendergast for the Western Australian Government’s Department of Biodiversity, Conservation and Attractions (DBCA).  DBCA Perth Hills Native Bee Report. Western Australian Government’s Department of Biodiversity, Conservation and Attractions (DBCA).",S84,Prendergast_2021_2,S,1,1,0,1,1,1,Specimens deposited in WAM,NA
Stylidium,bulbiferum,Stylidium bulbiferum,Stylidiaceae,Lasioglossum (Chilalictus) castor,Lasioglossum,Chilalictus,castor,Halictidae,Halictinae,NA,Insecta,Hymenoptera,6,WA,"Serpentine, Karnet",-32.3993335,116.0139516,25/10/2020,Oct,2020,"Prendergast K (2021) DBCA Perth Hills Native Bee Report: Karnet Nature Reserve. Report produced by Dr Kit Prendergast for the Western Australian Government’s Department of Biodiversity, Conservation and Attractions (DBCA).  DBCA Perth Hills Native Bee Report. Western Australian Government’s Department of Biodiversity, Conservation and Attractions (DBCA).",S84,Prendergast_2021_2,S,1,1,0,1,1,1,Specimens deposited in WAM,NA
Stylidium,bulbiferum,Stylidium bulbiferum,Stylidiaceae,Leioproctus (Leioproctus) crinitus,Leioproctus,Leioproctus,crinitus,Colletidae,Neopasiphaeinae,NA,Insecta,Hymenoptera,1,WA,"Serpentine, Karnet",-32.3993335,116.0139516,6/10/2020,Oct,2020,"Prendergast K (2021) DBCA Perth Hills Native Bee Report: Karnet Nature Reserve. Report produced by Dr Kit Prendergast for the Western Australian Government’s Department of Biodiversity, Conservation and Attractions (DBCA).  DBCA Perth Hills Native Bee Report. Western Australian Government’s Department of Biodiversity, Conservation and Attractions (DBCA).",S84,Prendergast_2021_2,S,1,1,0,1,1,1,Specimens deposited in WAM,NA
Stylidium,bulbiferum,Stylidium bulbiferum,Stylidiaceae,Leioproctus (Colletellus) velutinellus,Leioproctus,Colletellus,velutinellus,Colletidae,Neopasiphaeinae,NA,Insecta,Hymenoptera,3,WA,"Serpentine, Karnet",-32.3993335,116.0139516,6/10/2020,Oct,2020,"Prendergast K (2021) DBCA Perth Hills Native Bee Report: Karnet Nature Reserve. Report produced by Dr Kit Prendergast for the Western Australian Government’s Department of Biodiversity, Conservation and Attractions (DBCA).  DBCA Perth Hills Native Bee Report. Western Australian Government’s Department of Biodiversity, Conservation and Attractions (DBCA).",S84,Prendergast_2021_2,S,1,1,0,1,1,1,Specimens deposited in WAM,NA
Stylidium,bulbiferum,Stylidium bulbiferum,Stylidiaceae,Leioproctus (Colletellus) velutinellus,Leioproctus,Colletellus,velutinellus,Colletidae,Neopasiphaeinae,NA,Insecta,Hymenoptera,2,WA,"Serpentine, Karnet",-32.3993335,116.0139516,25/10/2020,Oct,2020,"Prendergast K (2021) DBCA Perth Hills Native Bee Report: Karnet Nature Reserve. Report produced by Dr Kit Prendergast for the Western Australian Government’s Department of Biodiversity, Conservation and Attractions (DBCA).  DBCA Perth Hills Native Bee Report. Western Australian Government’s Department of Biodiversity, Conservation and Attractions (DBCA).",S84,Prendergast_2021_2,S,1,1,0,1,1,1,Specimens deposited in WAM,NA
Stylidium,bulbiferum,Stylidium bulbiferum,Stylidiaceae,Euhesma (Euhesma) atra,Euhesma,Euhesma,atra,Colletidae,Euryglossinae,NA,Insecta,Hymenoptera,1,WA,"Serpentine, Karnet",-32.3993335,116.0139516,25/10/2020,Oct,2020,"Prendergast K (2021) DBCA Perth Hills Native Bee Report: Karnet Nature Reserve. Report produced by Dr Kit Prendergast for the Western Australian Government’s Department of Biodiversity, Conservation and Attractions (DBCA).  DBCA Perth Hills Native Bee Report. Western Australian Government’s Department of Biodiversity, Conservation and Attractions (DBCA).",S84,Prendergast_2021_2,S,1,1,0,1,1,1,Specimens deposited in WAM,NA
Stylidium,neurophyllum,Stylidium neurophyllum,Stylidiaceae,"Exoneurella ""DBCAPerthHills_1""",Exoneurella,NA,"""DBCAPerthHills_1""",Apidae,Xylocopinae,NA,Insecta,Hymenoptera,1,WA,"Serpentine, Karnet",-32.3993335,116.0139516,20/11/2020,Nov,2020,"Prendergast K (2021) DBCA Perth Hills Native Bee Report: Karnet Nature Reserve. Report produced by Dr Kit Prendergast for the Western Australian Government’s Department of Biodiversity, Conservation and Attractions (DBCA).  DBCA Perth Hills Native Bee Report. Western Australian Government’s Department of Biodiversity, Conservation and Attractions (DBCA).",S84,Prendergast_2021_2,S,1,1,0,1,1,1,Specimens deposited in WAM,NA
Stylidium,piliferum,Stylidium piliferum,Stylidiaceae,Leioproctus (Colletellus) velutinellus,Leioproctus,Colletellus,velutinellus,Colletidae,Neopasiphaeinae,NA,Insecta,Hymenoptera,1,WA,"Serpentine, Karnet",-32.3993335,116.0139516,29/9/2020,Sept,2020,"Prendergast K (2021) DBCA Perth Hills Native Bee Report: Karnet Nature Reserve. Report produced by Dr Kit Prendergast for the Western Australian Government’s Department of Biodiversity, Conservation and Attractions (DBCA).  DBCA Perth Hills Native Bee Report. Western Australian Government’s Department of Biodiversity, Conservation and Attractions (DBCA).",S84,Prendergast_2021_2,S,1,1,0,1,1,1,Specimens deposited in WAM,NA
Stylidium,piliferum,Stylidium piliferum,Stylidiaceae,Leioproctus (Colletellus) velutinellus,Leioproctus,Colletellus,velutinellus,Colletidae,Neopasiphaeinae,NA,Insecta,Hymenoptera,3,WA,"Serpentine, Karnet",-32.3993335,116.0139516,6/10/2020,Oct,2020,"Prendergast K (2021) DBCA Perth Hills Native Bee Report: Karnet Nature Reserve. Report produced by Dr Kit Prendergast for the Western Australian Government’s Department of Biodiversity, Conservation and Attractions (DBCA).  DBCA Perth Hills Native Bee Report. Western Australian Government’s Department of Biodiversity, Conservation and Attractions (DBCA).",S84,Prendergast_2021_2,S,1,1,0,1,1,1,Specimens deposited in WAM,NA
Thelymitra,crinita,Thelymitra crinita,Orchidaceae,Exoneura (Exoneura) robusta,Exoneura,Exoneura,robusta,Apidae,Xylocopinae,NA,Insecta,Hymenoptera,1,WA,"Serpentine, Karnet",-32.3993335,116.0139516,6/10/2020,Oct,2020,"Prendergast K (2021) DBCA Perth Hills Native Bee Report: Karnet Nature Reserve. Report produced by Dr Kit Prendergast for the Western Australian Government’s Department of Biodiversity, Conservation and Attractions (DBCA).  DBCA Perth Hills Native Bee Report. Western Australian Government’s Department of Biodiversity, Conservation and Attractions (DBCA).",S84,Prendergast_2021_2,S,1,1,0,1,1,1,Specimens deposited in WAM,NA
Thysanotus,manglesianus,Thysanotus manglesianus,Asparagaceae,"Leioproctus (Leioproctus) ""DBCAPerthHills_3""",Leioproctus,Leioproctus,"""DBCAPerthHills_3""",Colletidae,Neopasiphaeinae,NA,Insecta,Hymenoptera,1,WA,"Serpentine, Karnet",-32.3993335,116.0139516,6/10/2020,Oct,2020,"Prendergast K (2021) DBCA Perth Hills Native Bee Report: Karnet Nature Reserve. Report produced by Dr Kit Prendergast for the Western Australian Government’s Department of Biodiversity, Conservation and Attractions (DBCA).  DBCA Perth Hills Native Bee Report. Western Australian Government’s Department of Biodiversity, Conservation and Attractions (DBCA).",S84,Prendergast_2021_2,S,1,1,0,1,1,1,Specimens deposited in WAM,NA
Viminaria,juncea,Viminaria juncea,Fabaceae,Megachile remotula,Megachile,NA,remotula,Megachilidae,Megachilinae,NA,Insecta,Hymenoptera,1,WA,"Serpentine, Karnet",-32.3993335,116.0139516,29/12/2020,Dec,2020,"Prendergast K (2021) DBCA Perth Hills Native Bee Report: Karnet Nature Reserve. Report produced by Dr Kit Prendergast for the Western Australian Government’s Department of Biodiversity, Conservation and Attractions (DBCA).  DBCA Perth Hills Native Bee Report. Western Australian Government’s Department of Biodiversity, Conservation and Attractions (DBCA).",S84,Prendergast_2021_2,S,1,1,0,1,1,1,Specimens deposited in WAM,NA
Viminaria,juncea,Viminaria juncea,Fabaceae,Exoneura (Exoneura) obscura,Exoneura,Exoneura,obscura,Apidae,Xylocopinae,NA,Insecta,Hymenoptera,3,WA,"Serpentine, Karnet",-32.3993335,116.0139516,29/12/2020,Dec,2020,"Prendergast K (2021) DBCA Perth Hills Native Bee Report: Karnet Nature Reserve. Report produced by Dr Kit Prendergast for the Western Australian Government’s Department of Biodiversity, Conservation and Attractions (DBCA).  DBCA Perth Hills Native Bee Report. Western Australian Government’s Department of Biodiversity, Conservation and Attractions (DBCA).",S84,Prendergast_2021_2,S,1,1,0,1,1,1,Specimens deposited in WAM,NA
Babingtonia,camphorosmae,Babingtonia camphorosmae,Myrtaceae,Megachile aurifrons,Megachile,NA,aurifrons,Megachilidae,Megachilinae,NA,Insecta,Hymenoptera,1,WA,Marrarup,-32.79,115.955,30/12/2020,Dec,2020,"Prendergast K (2021) DBCA Perth Hills Native Bee Report: Marrarup Nature Reserve. Report produced by Dr Kit Prendergast for the Western Australian Government’s Department of Biodiversity, Conservation and Attractions (DBCA).  DBCA Perth Hills Native Bee Report. Western Australian Government’s Department of Biodiversity, Conservation and Attractions (DBCA).",S84,Prendergast_2021_2,S,1,1,0,1,1,1,Specimens deposited in WAM,NA
Babingtonia,camphorosmae,Babingtonia camphorosmae,Myrtaceae,Megachile (Schizomegachile) monstrosa,Megachile,Schizomegachile,monstrosa,Megachilidae,Megachilinae,NA,Insecta,Hymenoptera,3,WA,Marrarup,-32.79,115.955,30/12/2020,Dec,2020,"Prendergast K (2021) DBCA Perth Hills Native Bee Report: Marrarup Nature Reserve. Report produced by Dr Kit Prendergast for the Western Australian Government’s Department of Biodiversity, Conservation and Attractions (DBCA).  DBCA Perth Hills Native Bee Report. Western Australian Government’s Department of Biodiversity, Conservation and Attractions (DBCA).",S84,Prendergast_2021_2,S,1,1,0,1,1,1,Specimens deposited in WAM,NA
Babingtonia,camphorosmae,Babingtonia camphorosmae,Myrtaceae,Megachile (Hackeriapis) tosticauda species-group,Megachile,Hackeriapis,tosticauda,Megachilidae,Megachilinae,NA,Insecta,Hymenoptera,3,WA,Marrarup,-32.79,115.955,15/1/2021,Jan,2021,"Prendergast K (2021) DBCA Perth Hills Native Bee Report: Marrarup Nature Reserve. Report produced by Dr Kit Prendergast for the Western Australian Government’s Department of Biodiversity, Conservation and Attractions (DBCA).  DBCA Perth Hills Native Bee Report. Western Australian Government’s Department of Biodiversity, Conservation and Attractions (DBCA).",S84,Prendergast_2021_2,S,1,1,0,1,1,1,Specimens deposited in WAM,NA
Babingtonia,camphorosmae,Babingtonia camphorosmae,Myrtaceae,Megachile (Hackeriapis) tosticauda species-group,Megachile,Hackeriapis,tosticauda,Megachilidae,Megachilinae,NA,Insecta,Hymenoptera,2,WA,Marrarup,-32.79,115.955,30/12/2020,Dec,2020,"Prendergast K (2021) DBCA Perth Hills Native Bee Report: Marrarup Nature Reserve. Report produced by Dr Kit Prendergast for the Western Australian Government’s Department of Biodiversity, Conservation and Attractions (DBCA).  DBCA Perth Hills Native Bee Report. Western Australian Government’s Department of Biodiversity, Conservation and Attractions (DBCA).",S84,Prendergast_2021_2,S,1,1,0,1,1,1,Specimens deposited in WAM,NA
Babingtonia,camphorosmae,Babingtonia camphorosmae,Myrtaceae,Megachile (Hackeriapis) oblonga,Megachile,Hackeriapis,oblonga,Megachilidae,Megachilinae,NA,Insecta,Hymenoptera,4,WA,Marrarup,-32.79,115.955,15/1/2021,Jan,2021,"Prendergast K (2021) DBCA Perth Hills Native Bee Report: Marrarup Nature Reserve. Report produced by Dr Kit Prendergast for the Western Australian Government’s Department of Biodiversity, Conservation and Attractions (DBCA).  DBCA Perth Hills Native Bee Report. Western Australian Government’s Department of Biodiversity, Conservation and Attractions (DBCA).",S84,Prendergast_2021_2,S,1,1,0,1,1,1,Specimens deposited in WAM,NA
Babingtonia,camphorosmae,Babingtonia camphorosmae,Myrtaceae,Megachile (Hackeriapis) oblonga,Megachile,Hackeriapis,oblonga,Megachilidae,Megachilinae,NA,Insecta,Hymenoptera,2,WA,Marrarup,-32.79,115.955,30/12/2020,Dec,2020,"Prendergast K (2021) DBCA Perth Hills Native Bee Report: Marrarup Nature Reserve. Report produced by Dr Kit Prendergast for the Western Australian Government’s Department of Biodiversity, Conservation and Attractions (DBCA).  DBCA Perth Hills Native Bee Report. Western Australian Government’s Department of Biodiversity, Conservation and Attractions (DBCA).",S84,Prendergast_2021_2,S,1,1,0,1,1,1,Specimens deposited in WAM,NA
Babingtonia,camphorosmae,Babingtonia camphorosmae,Myrtaceae,Megachile (Eutricharaea) chrysopyga,Megachile,Eutricharaea,chrysopyga,Megachilidae,Megachilinae,NA,Insecta,Hymenoptera,4,WA,Marrarup,-32.79,115.955,15/1/2021,Jan,2021,"Prendergast K (2021) DBCA Perth Hills Native Bee Report: Marrarup Nature Reserve. Report produced by Dr Kit Prendergast for the Western Australian Government’s Department of Biodiversity, Conservation and Attractions (DBCA).  DBCA Perth Hills Native Bee Report. Western Australian Government’s Department of Biodiversity, Conservation and Attractions (DBCA).",S84,Prendergast_2021_2,S,1,1,0,1,1,1,Specimens deposited in WAM,NA
Babingtonia,camphorosmae,Babingtonia camphorosmae,Myrtaceae,Lipotriches (Austronomia) flavoviridis species-group,Lipotriches,Austronomia,flavoviridis species-group,Halictidae,Halictinae,NA,Insecta,Hymenoptera,3,WA,Marrarup,-32.79,115.955,30/12/2020,Dec,2020,"Prendergast K (2021) DBCA Perth Hills Native Bee Report: Marrarup Nature Reserve. Report produced by Dr Kit Prendergast for the Western Australian Government’s Department of Biodiversity, Conservation and Attractions (DBCA).  DBCA Perth Hills Native Bee Report. Western Australian Government’s Department of Biodiversity, Conservation and Attractions (DBCA).",S84,Prendergast_2021_2,S,1,1,0,1,1,1,Specimens deposited in WAM,NA
Banksia,grandis,Banksia grandis,Proteaceae,"Leioproctus (Exleycolletes?) ""DBCAPerthHills_4""",Leioproctus,Exleycolletes?,"""DBCAPerthHills_4""",Colletidae,Neopasiphaeinae,NA,Insecta,Hymenoptera,1,WA,Marrarup,-32.79,115.955,23/10/2020,Oct,2020,"Prendergast K (2021) DBCA Perth Hills Native Bee Report: Marrarup Nature Reserve. Report produced by Dr Kit Prendergast for the Western Australian Government’s Department of Biodiversity, Conservation and Attractions (DBCA).  DBCA Perth Hills Native Bee Report. Western Australian Government’s Department of Biodiversity, Conservation and Attractions (DBCA).",S84,Prendergast_2021_2,S,1,1,0,1,1,1,Specimens deposited in WAM,NA
Banksia,grandis,Banksia grandis,Proteaceae,"Hylaeus (Prosopisteron) ""latifacies""",Hylaeus,Prosopisteron,"""latifacies""",Colletidae,Hylaeinae,NA,Insecta,Hymenoptera,10,WA,Marrarup,-32.79,115.955,23/10/2020,Oct,2020,"Prendergast K (2021) DBCA Perth Hills Native Bee Report: Marrarup Nature Reserve. Report produced by Dr Kit Prendergast for the Western Australian Government’s Department of Biodiversity, Conservation and Attractions (DBCA).  DBCA Perth Hills Native Bee Report. Western Australian Government’s Department of Biodiversity, Conservation and Attractions (DBCA).",S84,Prendergast_2021_2,S,1,1,0,1,1,1,Specimens deposited in WAM,NA
Banksia,grandis,Banksia grandis,Proteaceae,Hylaeus (Macrohylaeus) alcyoneus,Hylaeus,Macrohylaeus,alcyoneus,Colletidae,Hylaeinae,NA,Insecta,Hymenoptera,1,WA,Marrarup,-32.79,115.955,23/10/2020,Oct,2020,"Prendergast K (2021) DBCA Perth Hills Native Bee Report: Marrarup Nature Reserve. Report produced by Dr Kit Prendergast for the Western Australian Government’s Department of Biodiversity, Conservation and Attractions (DBCA).  DBCA Perth Hills Native Bee Report. Western Australian Government’s Department of Biodiversity, Conservation and Attractions (DBCA).",S84,Prendergast_2021_2,S,1,1,0,1,1,1,Specimens deposited in WAM,NA
Banksia,grandis,Banksia grandis,Proteaceae,Exoneura (Exoneura) pictifrons?,Exoneura,Exoneura,pictifrons?,Apidae,Xylocopinae,NA,Insecta,Hymenoptera,4,WA,Marrarup,-32.79,115.955,23/10/2020,Oct,2020,"Prendergast K (2021) DBCA Perth Hills Native Bee Report: Marrarup Nature Reserve. Report produced by Dr Kit Prendergast for the Western Australian Government’s Department of Biodiversity, Conservation and Attractions (DBCA).  DBCA Perth Hills Native Bee Report. Western Australian Government’s Department of Biodiversity, Conservation and Attractions (DBCA).",S84,Prendergast_2021_2,S,1,1,0,1,1,1,Specimens deposited in WAM,NA
Banksia,grandis,Banksia grandis,Proteaceae,Exoneura (Exoneura) pictifrons?,Exoneura,Exoneura,pictifrons?,Apidae,Xylocopinae,NA,Insecta,Hymenoptera,1,WA,Marrarup,-32.79,115.955,30/11/2020,Nov,2020,"Prendergast K (2021) DBCA Perth Hills Native Bee Report: Marrarup Nature Reserve. Report produced by Dr Kit Prendergast for the Western Australian Government’s Department of Biodiversity, Conservation and Attractions (DBCA).  DBCA Perth Hills Native Bee Report. Western Australian Government’s Department of Biodiversity, Conservation and Attractions (DBCA).",S84,Prendergast_2021_2,S,1,1,0,1,1,1,Specimens deposited in WAM,NA
Boronia,fastigiata,Boronia fastigiata,Rutaceae,"Leioproctus ""DBCAPerthHills_1""",Leioproctus,NA,"""DBCAPerthHills_1""",Colletidae,Neopasiphaeinae,NA,Insecta,Hymenoptera,3,WA,Marrarup,-32.79,115.955,25/9/2020,Sept,2020,"Prendergast K (2021) DBCA Perth Hills Native Bee Report: Marrarup Nature Reserve. Report produced by Dr Kit Prendergast for the Western Australian Government’s Department of Biodiversity, Conservation and Attractions (DBCA).  DBCA Perth Hills Native Bee Report. Western Australian Government’s Department of Biodiversity, Conservation and Attractions (DBCA).",S84,Prendergast_2021_2,S,1,1,0,1,1,1,Specimens deposited in WAM,NA
Boronia,spathulata,Boronia spathulata,Rutaceae,Euhesma (Euhesma) balladonia,Euhesma,Euhesma,balladonia,Colletidae,Euryglossinae,NA,Insecta,Hymenoptera,2,WA,Marrarup,-32.79,115.955,25/9/2020,Sept,2020,"Prendergast K (2021) DBCA Perth Hills Native Bee Report: Marrarup Nature Reserve. Report produced by Dr Kit Prendergast for the Western Australian Government’s Department of Biodiversity, Conservation and Attractions (DBCA).  DBCA Perth Hills Native Bee Report. Western Australian Government’s Department of Biodiversity, Conservation and Attractions (DBCA).",S84,Prendergast_2021_2,S,1,1,0,1,1,1,Specimens deposited in WAM,NA
Bossiaea,aquifolium,Bossiaea aquifolium,Fabaceae,Leioproctus (Leioproctus) rubellus,Leioproctus,Leioproctus,rubellus,Colletidae,Neopasiphaeinae,NA,Insecta,Hymenoptera,2,WA,Marrarup,-32.79,115.955,25/9/2020,Sept,2020,"Prendergast K (2021) DBCA Perth Hills Native Bee Report: Marrarup Nature Reserve. Report produced by Dr Kit Prendergast for the Western Australian Government’s Department of Biodiversity, Conservation and Attractions (DBCA).  DBCA Perth Hills Native Bee Report. Western Australian Government’s Department of Biodiversity, Conservation and Attractions (DBCA).",S84,Prendergast_2021_2,S,1,1,0,1,1,1,Specimens deposited in WAM,NA
Cassytha,racemosa,Cassytha racemosa,Lauraceae,Megachile (Hackeriapis) tosticauda species-group,Megachile,Hackeriapis,tosticauda,Megachilidae,Megachilinae,NA,Insecta,Hymenoptera,1,WA,Marrarup,-32.79,115.955,15/1/2021,Jan,2021,"Prendergast K (2021) DBCA Perth Hills Native Bee Report: Marrarup Nature Reserve. Report produced by Dr Kit Prendergast for the Western Australian Government’s Department of Biodiversity, Conservation and Attractions (DBCA).  DBCA Perth Hills Native Bee Report. Western Australian Government’s Department of Biodiversity, Conservation and Attractions (DBCA).",S84,Prendergast_2021_2,S,1,1,0,1,1,1,Specimens deposited in WAM,NA
Cassytha,racemosa,Cassytha racemosa,Lauraceae,Megachile (Hackeriapis) oblonga,Megachile,Hackeriapis,oblonga,Megachilidae,Megachilinae,NA,Insecta,Hymenoptera,3,WA,Marrarup,-32.79,115.955,15/1/2021,Jan,2021,"Prendergast K (2021) DBCA Perth Hills Native Bee Report: Marrarup Nature Reserve. Report produced by Dr Kit Prendergast for the Western Australian Government’s Department of Biodiversity, Conservation and Attractions (DBCA).  DBCA Perth Hills Native Bee Report. Western Australian Government’s Department of Biodiversity, Conservation and Attractions (DBCA).",S84,Prendergast_2021_2,S,1,1,0,1,1,1,Specimens deposited in WAM,NA
Cassytha,racemosa,Cassytha racemosa,Lauraceae,Lasioglossum (Chilalictus) castor,Lasioglossum,Chilalictus,castor,Halictidae,Halictinae,NA,Insecta,Hymenoptera,1,WA,Marrarup,-32.79,115.955,30/12/2020,Dec,2020,"Prendergast K (2021) DBCA Perth Hills Native Bee Report: Marrarup Nature Reserve. Report produced by Dr Kit Prendergast for the Western Australian Government’s Department of Biodiversity, Conservation and Attractions (DBCA).  DBCA Perth Hills Native Bee Report. Western Australian Government’s Department of Biodiversity, Conservation and Attractions (DBCA).",S84,Prendergast_2021_2,S,1,1,0,1,1,1,Specimens deposited in WAM,NA
Hypocalymma,angustifolium,Hypocalymma angustifolium,Myrtaceae,"Leioproctus (Zosterocolletes?) ""DBCAPerthHills_2""",Leioproctus,Zosterocolletes?,"""DBCAPerthHills_2""",Colletidae,Neopasiphaeinae,NA,Insecta,Hymenoptera,9,WA,Marrarup,-32.79,115.955,25/9/2020,Sept,2020,"Prendergast K (2021) DBCA Perth Hills Native Bee Report: Marrarup Nature Reserve. Report produced by Dr Kit Prendergast for the Western Australian Government’s Department of Biodiversity, Conservation and Attractions (DBCA).  DBCA Perth Hills Native Bee Report. Western Australian Government’s Department of Biodiversity, Conservation and Attractions (DBCA).",S84,Prendergast_2021_2,S,1,1,0,1,1,1,Specimens deposited in WAM,NA
Hypocalymma,angustifolium,Hypocalymma angustifolium,Myrtaceae,Leioproctus (Colletellus) submetallicus,Leioproctus,Colletellus,submetallicus,Colletidae,Neopasiphaeinae,NA,Insecta,Hymenoptera,3,WA,Marrarup,-32.79,115.955,25/9/2020,Sept,2020,"Prendergast K (2021) DBCA Perth Hills Native Bee Report: Marrarup Nature Reserve. Report produced by Dr Kit Prendergast for the Western Australian Government’s Department of Biodiversity, Conservation and Attractions (DBCA).  DBCA Perth Hills Native Bee Report. Western Australian Government’s Department of Biodiversity, Conservation and Attractions (DBCA).",S84,Prendergast_2021_2,S,1,1,0,1,1,1,Specimens deposited in WAM,NA
Lobelia,tenuior,Lobelia tenuior,Campanulaceae,Megachile remotula,Megachile,NA,remotula,Megachilidae,Megachilinae,NA,Insecta,Hymenoptera,1,WA,Marrarup,-32.79,115.955,23/10/2020,Oct,2020,"Prendergast K (2021) DBCA Perth Hills Native Bee Report: Marrarup Nature Reserve. Report produced by Dr Kit Prendergast for the Western Australian Government’s Department of Biodiversity, Conservation and Attractions (DBCA).  DBCA Perth Hills Native Bee Report. Western Australian Government’s Department of Biodiversity, Conservation and Attractions (DBCA).",S84,Prendergast_2021_2,S,1,1,0,1,1,1,Specimens deposited in WAM,NA
Melaleuca,quinquenervia,Melaleuca quinquenervia,Myrtaceae,Euryglossina (Microdontura) mellea,Euryglossina,Microdontura,mellea,Colletidae,Euryglossinae,NA,Insecta,Hymenoptera,1,WA,Marrarup,-32.79,115.955,30/12/2020,Dec,2020,"Prendergast K (2021) DBCA Perth Hills Native Bee Report: Marrarup Nature Reserve. Report produced by Dr Kit Prendergast for the Western Australian Government’s Department of Biodiversity, Conservation and Attractions (DBCA).  DBCA Perth Hills Native Bee Report. Western Australian Government’s Department of Biodiversity, Conservation and Attractions (DBCA).",S84,Prendergast_2021_2,S,1,1,0,1,1,1,Specimens deposited in WAM,NA
Melaleuca,subtrigona,Melaleuca subtrigona,Myrtaceae,"Leioproctus (Leioproctus) ""DBCAPerthHills_3""",Leioproctus,Leioproctus,"""DBCAPerthHills_3""",Colletidae,Neopasiphaeinae,NA,Insecta,Hymenoptera,1,WA,Marrarup,-32.79,115.955,23/10/2020,Oct,2020,"Prendergast K (2021) DBCA Perth Hills Native Bee Report: Marrarup Nature Reserve. Report produced by Dr Kit Prendergast for the Western Australian Government’s Department of Biodiversity, Conservation and Attractions (DBCA).  DBCA Perth Hills Native Bee Report. Western Australian Government’s Department of Biodiversity, Conservation and Attractions (DBCA).",S84,Prendergast_2021_2,S,1,1,0,1,1,1,Specimens deposited in WAM,NA
Mentha,pulegium,Mentha pulegium,Lamiaceae,Megachile (Hackeriapis) oblonga,Megachile,Hackeriapis,oblonga,Megachilidae,Megachilinae,NA,Insecta,Hymenoptera,1,WA,Marrarup,-32.79,115.955,30/12/2020,Dec,2020,"Prendergast K (2021) DBCA Perth Hills Native Bee Report: Marrarup Nature Reserve. Report produced by Dr Kit Prendergast for the Western Australian Government’s Department of Biodiversity, Conservation and Attractions (DBCA).  DBCA Perth Hills Native Bee Report. Western Australian Government’s Department of Biodiversity, Conservation and Attractions (DBCA).",S84,Prendergast_2021_2,S,1,1,0,1,1,1,Specimens deposited in WAM,NA
Mentha,pulegium,Mentha pulegium,Lamiaceae,Lasioglossum (Chilalictus) cognatum,Lasioglossum,Chilalictus,cognatum,Halictidae,Halictinae,NA,Insecta,Hymenoptera,3,WA,Marrarup,-32.79,115.955,30/12/2020,Dec,2020,"Prendergast K (2021) DBCA Perth Hills Native Bee Report: Marrarup Nature Reserve. Report produced by Dr Kit Prendergast for the Western Australian Government’s Department of Biodiversity, Conservation and Attractions (DBCA).  DBCA Perth Hills Native Bee Report. Western Australian Government’s Department of Biodiversity, Conservation and Attractions (DBCA).",S84,Prendergast_2021_2,S,1,1,0,1,1,1,Specimens deposited in WAM,NA
Mirbelia,dilatata,Mirbelia dilatata,Fabaceae,Megachile (Eutricharaea) chrysopyga,Megachile,Eutricharaea,chrysopyga,Megachilidae,Megachilinae,NA,Insecta,Hymenoptera,4,WA,Marrarup,-32.79,115.955,30/11/2020,Nov,2020,"Prendergast K (2021) DBCA Perth Hills Native Bee Report: Marrarup Nature Reserve. Report produced by Dr Kit Prendergast for the Western Australian Government’s Department of Biodiversity, Conservation and Attractions (DBCA).  DBCA Perth Hills Native Bee Report. Western Australian Government’s Department of Biodiversity, Conservation and Attractions (DBCA).",S84,Prendergast_2021_2,S,1,1,0,1,1,1,Specimens deposited in WAM,NA
Mirbelia,dilatata,Mirbelia dilatata,Fabaceae,Megachile (Austrochile) resinifera,Megachile,Austrochile,resinifera,Megachilidae,Megachilinae,NA,Insecta,Hymenoptera,7,WA,Marrarup,-32.79,115.955,30/11/2020,Nov,2020,"Prendergast K (2021) DBCA Perth Hills Native Bee Report: Marrarup Nature Reserve. Report produced by Dr Kit Prendergast for the Western Australian Government’s Department of Biodiversity, Conservation and Attractions (DBCA).  DBCA Perth Hills Native Bee Report. Western Australian Government’s Department of Biodiversity, Conservation and Attractions (DBCA).",S84,Prendergast_2021_2,S,1,1,0,1,1,1,Specimens deposited in WAM,NA
Mirbelia,dilatata,Mirbelia dilatata,Fabaceae,"Hylaeus (Prosopisteron) ""latifacies""",Hylaeus,Prosopisteron,"""latifacies""",Colletidae,Hylaeinae,NA,Insecta,Hymenoptera,1,WA,Marrarup,-32.79,115.955,30/11/2020,Nov,2020,"Prendergast K (2021) DBCA Perth Hills Native Bee Report: Marrarup Nature Reserve. Report produced by Dr Kit Prendergast for the Western Australian Government’s Department of Biodiversity, Conservation and Attractions (DBCA).  DBCA Perth Hills Native Bee Report. Western Australian Government’s Department of Biodiversity, Conservation and Attractions (DBCA).",S84,Prendergast_2021_2,S,1,1,0,1,1,1,Specimens deposited in WAM,NA
Stylidium,brunonianum,Stylidium brunonianum,Stylidiaceae,Leioproctus (Colletellus) velutinellus,Leioproctus,Colletellus,velutinellus,Colletidae,Neopasiphaeinae,NA,Insecta,Hymenoptera,7,WA,Marrarup,-32.79,115.955,23/10/2020,Oct,2020,"Prendergast K (2021) DBCA Perth Hills Native Bee Report: Marrarup Nature Reserve. Report produced by Dr Kit Prendergast for the Western Australian Government’s Department of Biodiversity, Conservation and Attractions (DBCA).  DBCA Perth Hills Native Bee Report. Western Australian Government’s Department of Biodiversity, Conservation and Attractions (DBCA).",S84,Prendergast_2021_2,S,1,1,0,1,1,1,Specimens deposited in WAM,NA
Thysanotus,patersonii,Thysanotus patersonii,Asparagaceae,Lasioglossum (Chilalictus) ebeneum,Lasioglossum,Chilalictus,ebeneum,Halictidae,Halictinae,NA,Insecta,Hymenoptera,2,WA,Marrarup,-32.79,115.955,23/10/2020,Oct,2020,"Prendergast K (2021) DBCA Perth Hills Native Bee Report: Marrarup Nature Reserve. Report produced by Dr Kit Prendergast for the Western Australian Government’s Department of Biodiversity, Conservation and Attractions (DBCA).  DBCA Perth Hills Native Bee Report. Western Australian Government’s Department of Biodiversity, Conservation and Attractions (DBCA).",S84,Prendergast_2021_2,S,1,1,0,1,1,1,Specimens deposited in WAM,NA
Verticordia,plumosus,Verticordia plumosus,Myrtaceae,Lipotriches (Austronomia) australica,Lipotriches,Austronomia,australica,Halictidae,Halictinae,NA,Insecta,Hymenoptera,2,WA,Marrarup,-32.79,115.955,23/10/2020,Oct,2020,"Prendergast K (2021) DBCA Perth Hills Native Bee Report: Marrarup Nature Reserve. Report produced by Dr Kit Prendergast for the Western Australian Government’s Department of Biodiversity, Conservation and Attractions (DBCA).  DBCA Perth Hills Native Bee Report. Western Australian Government’s Department of Biodiversity, Conservation and Attractions (DBCA).",S84,Prendergast_2021_2,S,1,1,0,1,1,1,Specimens deposited in WAM,NA
Verticordia,plumosus,Verticordia plumosus,Myrtaceae,"Leioproctus (Zosterocolletes?) ""DBCAPerthHills_2""",Leioproctus,Zosterocolletes?,"""DBCAPerthHills_2""",Colletidae,Neopasiphaeinae,NA,Insecta,Hymenoptera,5,WA,Marrarup,-32.79,115.955,23/10/2020,Oct,2020,"Prendergast K (2021) DBCA Perth Hills Native Bee Report: Marrarup Nature Reserve. Report produced by Dr Kit Prendergast for the Western Australian Government’s Department of Biodiversity, Conservation and Attractions (DBCA).  DBCA Perth Hills Native Bee Report. Western Australian Government’s Department of Biodiversity, Conservation and Attractions (DBCA).",S84,Prendergast_2021_2,S,1,1,0,1,1,1,Specimens deposited in WAM,NA
Verticordia,plumosus,Verticordia plumosus,Myrtaceae,Leioproctus (Colletellus) velutinellus,Leioproctus,Colletellus,velutinellus,Colletidae,Neopasiphaeinae,NA,Insecta,Hymenoptera,1,WA,Marrarup,-32.79,115.955,23/10/2020,Oct,2020,"Prendergast K (2021) DBCA Perth Hills Native Bee Report: Marrarup Nature Reserve. Report produced by Dr Kit Prendergast for the Western Australian Government’s Department of Biodiversity, Conservation and Attractions (DBCA).  DBCA Perth Hills Native Bee Report. Western Australian Government’s Department of Biodiversity, Conservation and Attractions (DBCA).",S84,Prendergast_2021_2,S,1,1,0,1,1,1,Specimens deposited in WAM,NA
Xanthorrea,preissii,Xanthorrea preissii,Xanthorreaceae,Stigmodera gratiosa,Stigmodera,NA,gratiosa,Buprestidae,Buprestinae,NA,Insecta,Coleoptera,1,WA,Marrarup,-32.79,115.955,23/10/2020,Oct,2020,"Prendergast K (2021) DBCA Perth Hills Native Bee Report: Marrarup Nature Reserve. Report produced by Dr Kit Prendergast for the Western Australian Government’s Department of Biodiversity, Conservation and Attractions (DBCA).  DBCA Perth Hills Native Bee Report. Western Australian Government’s Department of Biodiversity, Conservation and Attractions (DBCA).",S84,Prendergast_2021_2,S,1,1,0,1,1,1,Specimens deposited in WAM,NA
Astartea,sp.,Astartea sp.,Myrtaceae,Lasioglossum (Chilalictus) hemichalceum,Lasioglossum,Chilalictus,hemichalceum,Halictidae,Halictinae,NA,Insecta,Hymenoptera,10,WA,"Howse Drive, Wurmaring",-32.931353,116.220352,4/1/2022,Jan,2022,"Prendergast K (2022) DBCA Jarrah Forest Native Bee Report: Howse. Report produced by Dr Kit Prendergast for the Western Australian Government’s Department of Biodiversity, Conservation and Attractions (DBCA).  DBCA Jarrah Forest Native Bee Report. Western Australian Government’s Department of Biodiversity, Conservation and Attractions (DBCA).",S85A,Prendergast_2022_3,S,1,1,0,1,1,1,Specimens deposited in WAM,NA
Astartea,sp.,Astartea sp.,Myrtaceae,Lasioglossum (Chilalictus) sp.1,Lasioglossum,Chilalictus,sp.1,Halictidae,Halictinae,NA,Insecta,Hymenoptera,1,WA,"Howse Drive, Wurmaring",-32.931353,116.220352,4/1/2022,Jan,2022,"Prendergast K (2022) DBCA Jarrah Forest Native Bee Report: Howse. Report produced by Dr Kit Prendergast for the Western Australian Government’s Department of Biodiversity, Conservation and Attractions (DBCA).  DBCA Jarrah Forest Native Bee Report. Western Australian Government’s Department of Biodiversity, Conservation and Attractions (DBCA).",S85A,Prendergast_2022_3,S,1,1,0,1,1,1,Specimens deposited in WAM,NA
Astartea,sp.,Astartea sp.,Myrtaceae,Lasioglossum (Homalictus) urbanum,Lasioglossum,Homalictus,urbanum,Halictidae,Halictinae,NA,Insecta,Hymenoptera,1,WA,"Howse Drive, Wurmaring",-32.931353,116.220352,4/1/2022,Jan,2022,"Prendergast K (2022) DBCA Jarrah Forest Native Bee Report: Howse. Report produced by Dr Kit Prendergast for the Western Australian Government’s Department of Biodiversity, Conservation and Attractions (DBCA).  DBCA Jarrah Forest Native Bee Report. Western Australian Government’s Department of Biodiversity, Conservation and Attractions (DBCA).",S85A,Prendergast_2022_3,S,1,1,0,1,1,1,Specimens deposited in WAM,NA
Astartea,sp.,Astartea sp.,Myrtaceae,Leioproctus (Leioproctus) ?rubellus,Leioproctus,Leioproctus,?rubellus,Colletidae,Neopasiphaeinae,NA,Insecta,Hymenoptera,1,WA,"Howse Drive, Wurmaring",-32.931353,116.220352,4/1/2022,Jan,2022,"Prendergast K (2022) DBCA Jarrah Forest Native Bee Report: Howse. Report produced by Dr Kit Prendergast for the Western Australian Government’s Department of Biodiversity, Conservation and Attractions (DBCA).  DBCA Jarrah Forest Native Bee Report. Western Australian Government’s Department of Biodiversity, Conservation and Attractions (DBCA).",S85A,Prendergast_2022_3,S,1,1,0,1,1,1,Specimens deposited in WAM,NA
Boronia,coerulescens,Boronia coerulescens,Rutaceae,Exoneura (Exoneura) pictifrons?,Exoneura,Exoneura,pictifrons?,Apidae,Xylocopinae,NA,Insecta,Hymenoptera,1,WA,"Howse Drive, Wurmaring",-32.931353,116.220352,22/10/2021,Oct,2021,"Prendergast K (2022) DBCA Jarrah Forest Native Bee Report: Howse. Report produced by Dr Kit Prendergast for the Western Australian Government’s Department of Biodiversity, Conservation and Attractions (DBCA).  DBCA Jarrah Forest Native Bee Report. Western Australian Government’s Department of Biodiversity, Conservation and Attractions (DBCA).",S85A,Prendergast_2022_3,S,1,1,0,1,1,1,Specimens deposited in WAM,NA
Boronia,coerulescens,Boronia coerulescens,Rutaceae,Lasioglossum (Homalictus) urbanum,Lasioglossum,Homalictus,urbanum,Halictidae,Halictinae,NA,Insecta,Hymenoptera,1,WA,"Howse Drive, Wurmaring",-32.931353,116.220352,22/10/2021,Oct,2021,"Prendergast K (2022) DBCA Jarrah Forest Native Bee Report: Howse. Report produced by Dr Kit Prendergast for the Western Australian Government’s Department of Biodiversity, Conservation and Attractions (DBCA).  DBCA Jarrah Forest Native Bee Report. Western Australian Government’s Department of Biodiversity, Conservation and Attractions (DBCA).",S85A,Prendergast_2022_3,S,1,1,0,1,1,1,Specimens deposited in WAM,NA
Boronia,coerulescens,Boronia coerulescens,Rutaceae,Leioproctus DBCAPerthHills_1F?,Leioproctus,NA,"""DBCAPerthHills_1""",Colletidae,Neopasiphaeinae,NA,Insecta,Hymenoptera,3,WA,"Howse Drive, Wurmaring",-32.931353,116.220352,22/10/2021,Oct,2021,"Prendergast K (2022) DBCA Jarrah Forest Native Bee Report: Howse. Report produced by Dr Kit Prendergast for the Western Australian Government’s Department of Biodiversity, Conservation and Attractions (DBCA).  DBCA Jarrah Forest Native Bee Report. Western Australian Government’s Department of Biodiversity, Conservation and Attractions (DBCA).",S85A,Prendergast_2022_3,S,1,1,0,1,1,1,Specimens deposited in WAM,NA
Bossiaea,pulchlla,Bossiaea pulchlla,Fabaceae,Leioproctus (Leioproctus) platycephalus species-group,Leioproctus,Leioproctus,platycephalus species-group,Colletidae,Neopasiphaeinae,NA,Insecta,Hymenoptera,2,WA,"Howse Drive, Wurmaring",-32.931353,116.220352,30/9/2021,Sept,2021,"Prendergast K (2022) DBCA Jarrah Forest Native Bee Report: Howse. Report produced by Dr Kit Prendergast for the Western Australian Government’s Department of Biodiversity, Conservation and Attractions (DBCA).  DBCA Jarrah Forest Native Bee Report. Western Australian Government’s Department of Biodiversity, Conservation and Attractions (DBCA).",S85A,Prendergast_2022_3,S,1,1,0,1,1,1,Specimens deposited in WAM,NA
Corymbia,calophylla,Corymbia calophylla,Myrtaceae,Amegilla (Asaropoda) preissi,Amegilla,Asaropoda,preissi,Apidae,Apinae,NA,Insecta,Hymenoptera,1,WA,"Howse Drive, Wurmaring",-32.931353,116.220352,2/3/2022,March,2022,"Prendergast K (2022) DBCA Jarrah Forest Native Bee Report: Howse. Report produced by Dr Kit Prendergast for the Western Australian Government’s Department of Biodiversity, Conservation and Attractions (DBCA).  DBCA Jarrah Forest Native Bee Report. Western Australian Government’s Department of Biodiversity, Conservation and Attractions (DBCA).",S85A,Prendergast_2022_3,S,1,1,0,1,1,1,Specimens deposited in WAM,NA
Corymbia,calophylla,Corymbia calophylla,Myrtaceae,Coelyoxis froggatti,Coelyoxis,NA,froggatti,Megachilidae,Megachilinae,NA,Insecta,Hymenoptera,1,WA,"Howse Drive, Wurmaring",-32.931353,116.220352,2/3/2022,March,2022,"Prendergast K (2022) DBCA Jarrah Forest Native Bee Report: Howse. Report produced by Dr Kit Prendergast for the Western Australian Government’s Department of Biodiversity, Conservation and Attractions (DBCA).  DBCA Jarrah Forest Native Bee Report. Western Australian Government’s Department of Biodiversity, Conservation and Attractions (DBCA).",S85A,Prendergast_2022_3,S,1,1,0,1,1,1,Specimens deposited in WAM,NA
Corymbia,calophylla,Corymbia calophylla,Myrtaceae,Hyphesma atromicans,Hyphesma,NA,atromicans,Colletidae,Euryglossinae,NA,Insecta,Hymenoptera,1,WA,"Howse Drive, Wurmaring",-32.931353,116.220352,2/3/2022,March,2022,"Prendergast K (2022) DBCA Jarrah Forest Native Bee Report: Howse. Report produced by Dr Kit Prendergast for the Western Australian Government’s Department of Biodiversity, Conservation and Attractions (DBCA).  DBCA Jarrah Forest Native Bee Report. Western Australian Government’s Department of Biodiversity, Conservation and Attractions (DBCA).",S85A,Prendergast_2022_3,S,1,1,0,1,1,1,Specimens deposited in WAM,NA
Corymbia,calophylla,Corymbia calophylla,Myrtaceae,Lasioglossum (Chilalictus) ?melanopterum,Lasioglossum,Chilalictus,melanopterum?,Halictidae,Halictinae,NA,Insecta,Hymenoptera,2,WA,"Howse Drive, Wurmaring",-32.931353,116.220352,2/3/2022,March,2022,"Prendergast K (2022) DBCA Jarrah Forest Native Bee Report: Howse. Report produced by Dr Kit Prendergast for the Western Australian Government’s Department of Biodiversity, Conservation and Attractions (DBCA).  DBCA Jarrah Forest Native Bee Report. Western Australian Government’s Department of Biodiversity, Conservation and Attractions (DBCA).",S85A,Prendergast_2022_3,S,1,1,0,1,1,1,Specimens deposited in WAM,NA
Corymbia,calophylla,Corymbia calophylla,Myrtaceae,"Lasioglossum (Parasphecodes) sp. ""PX1""",Lasioglossum,Parasphecodes,"""px1""",Halictidae,Halictinae,NA,Insecta,Hymenoptera,1,WA,"Howse Drive, Wurmaring",-32.931353,116.220352,2/3/2022,March,2022,"Prendergast K (2022) DBCA Jarrah Forest Native Bee Report: Howse. Report produced by Dr Kit Prendergast for the Western Australian Government’s Department of Biodiversity, Conservation and Attractions (DBCA).  DBCA Jarrah Forest Native Bee Report. Western Australian Government’s Department of Biodiversity, Conservation and Attractions (DBCA).",S85A,Prendergast_2022_3,S,1,1,0,1,1,1,Specimens deposited in WAM,NA
Corymbia,calophylla,Corymbia calophylla,Myrtaceae,"Leioproctus sp.""Howse"" F K.S. Prendergast 2022",Leioproctus,NA,"sp.""howse""",Colletidae,Neopasiphaeinae,NA,Insecta,Hymenoptera,1,WA,"Howse Drive, Wurmaring",-32.931353,116.220352,2/3/2022,March,2022,"Prendergast K (2022) DBCA Jarrah Forest Native Bee Report: Howse. Report produced by Dr Kit Prendergast for the Western Australian Government’s Department of Biodiversity, Conservation and Attractions (DBCA).  DBCA Jarrah Forest Native Bee Report. Western Australian Government’s Department of Biodiversity, Conservation and Attractions (DBCA).",S85A,Prendergast_2022_3,S,1,1,0,1,1,1,Specimens deposited in WAM,NA
Corymbia,calophylla,Corymbia calophylla,Myrtaceae,Megachile (Eutricharaea) chrysopyga,Megachile,Eutricharaea,chrysopyga,Megachilidae,Megachilinae,NA,Insecta,Hymenoptera,1,WA,"Howse Drive, Wurmaring",-32.931353,116.220352,2/3/2022,March,2022,"Prendergast K (2022) DBCA Jarrah Forest Native Bee Report: Howse. Report produced by Dr Kit Prendergast for the Western Australian Government’s Department of Biodiversity, Conservation and Attractions (DBCA).  DBCA Jarrah Forest Native Bee Report. Western Australian Government’s Department of Biodiversity, Conservation and Attractions (DBCA).",S85A,Prendergast_2022_3,S,1,1,0,1,1,1,Specimens deposited in WAM,NA
Corymbia,calophylla,Corymbia calophylla,Myrtaceae,Megachile (Hackeriapis) oblonga,Megachile,Hackeriapia,oblonga,Megachilidae,Megachilinae,NA,Insecta,Hymenoptera,1,WA,"Howse Drive, Wurmaring",-32.931353,116.220352,2/3/2022,March,2022,"Prendergast K (2022) DBCA Jarrah Forest Native Bee Report: Howse. Report produced by Dr Kit Prendergast for the Western Australian Government’s Department of Biodiversity, Conservation and Attractions (DBCA).  DBCA Jarrah Forest Native Bee Report. Western Australian Government’s Department of Biodiversity, Conservation and Attractions (DBCA).",S85A,Prendergast_2022_3,S,1,1,0,1,1,1,Specimens deposited in WAM,NA
Eucalyptus,sp.,Eucalyptus sp.,Myrtaceae,Amegilla (Notomegilla) chlorocyanea,Amegilla,Notomegilla,chlorocyanea,Apidae,Apinae,NA,Insecta,Hymenoptera,4,WA,"Howse Drive, Wurmaring",-32.931353,116.220352,4/1/2022,Jan,2022,"Prendergast K (2022) DBCA Jarrah Forest Native Bee Report: Howse. Report produced by Dr Kit Prendergast for the Western Australian Government’s Department of Biodiversity, Conservation and Attractions (DBCA).  DBCA Jarrah Forest Native Bee Report. Western Australian Government’s Department of Biodiversity, Conservation and Attractions (DBCA).",S85A,Prendergast_2022_3,S,1,1,0,1,1,1,Specimens deposited in WAM,NA
Eucalyptus,sp.,Eucalyptus sp.,Myrtaceae,Euryglossina (Microdontura) mellea,Euryglossina,Microdontura,mellea,Colletidae,Euryglossinae,NA,Insecta,Hymenoptera,1,WA,"Howse Drive, Wurmaring",-32.931353,116.220352,4/1/2022,Jan,2022,"Prendergast K (2022) DBCA Jarrah Forest Native Bee Report: Howse. Report produced by Dr Kit Prendergast for the Western Australian Government’s Department of Biodiversity, Conservation and Attractions (DBCA).  DBCA Jarrah Forest Native Bee Report. Western Australian Government’s Department of Biodiversity, Conservation and Attractions (DBCA).",S85A,Prendergast_2022_3,S,1,1,0,1,1,1,Specimens deposited in WAM,NA
Eucalyptus,sp.,Eucalyptus sp.,Myrtaceae,Exoneura (Exoneura) pictifrons?,Exoneura,Exoneura,pictifrons?,Apidae,Xylocopinae,NA,Insecta,Hymenoptera,2,WA,"Howse Drive, Wurmaring",-32.931353,116.220352,4/1/2022,Jan,2022,"Prendergast K (2022) DBCA Jarrah Forest Native Bee Report: Howse. Report produced by Dr Kit Prendergast for the Western Australian Government’s Department of Biodiversity, Conservation and Attractions (DBCA).  DBCA Jarrah Forest Native Bee Report. Western Australian Government’s Department of Biodiversity, Conservation and Attractions (DBCA).",S85A,Prendergast_2022_3,S,1,1,0,1,1,1,Specimens deposited in WAM,NA
Eucalyptus,sp.,Eucalyptus sp.,Myrtaceae,Hylaeus (Euprosopis) elegans,Hylaeus,Euprosopis,elegans,Colletidae,Hylaeinae,NA,Insecta,Hymenoptera,2,WA,"Howse Drive, Wurmaring",-32.931353,116.220352,4/1/2022,Jan,2022,"Prendergast K (2022) DBCA Jarrah Forest Native Bee Report: Howse. Report produced by Dr Kit Prendergast for the Western Australian Government’s Department of Biodiversity, Conservation and Attractions (DBCA).  DBCA Jarrah Forest Native Bee Report. Western Australian Government’s Department of Biodiversity, Conservation and Attractions (DBCA).",S85A,Prendergast_2022_3,S,1,1,0,1,1,1,Specimens deposited in WAM,NA
Eucalyptus,sp.,Eucalyptus sp.,Myrtaceae,Hylaeus (Rhodohylaeus) lateralis,Hylaeus,Rhodohylaeus,lateralis,Colletidae,Hylaeinae,NA,Insecta,Hymenoptera,9,WA,"Howse Drive, Wurmaring",-32.931353,116.220352,4/1/2022,Jan,2022,"Prendergast K (2022) DBCA Jarrah Forest Native Bee Report: Howse. Report produced by Dr Kit Prendergast for the Western Australian Government’s Department of Biodiversity, Conservation and Attractions (DBCA).  DBCA Jarrah Forest Native Bee Report. Western Australian Government’s Department of Biodiversity, Conservation and Attractions (DBCA).",S85A,Prendergast_2022_3,S,1,1,0,1,1,1,Specimens deposited in WAM,NA
Eucalyptus,sp.,Eucalyptus sp.,Myrtaceae,"Hylaues (Prosopisteron) ""latifacies""",Hylaeus,Prosopisteron,"""latifacies""",Colletidae,Hylaeinae,NA,Insecta,Hymenoptera,1,WA,"Howse Drive, Wurmaring",-32.931353,116.220352,4/1/2022,Jan,2022,"Prendergast K (2022) DBCA Jarrah Forest Native Bee Report: Howse. Report produced by Dr Kit Prendergast for the Western Australian Government’s Department of Biodiversity, Conservation and Attractions (DBCA).  DBCA Jarrah Forest Native Bee Report. Western Australian Government’s Department of Biodiversity, Conservation and Attractions (DBCA).",S85A,Prendergast_2022_3,S,1,1,0,1,1,1,Specimens deposited in WAM,NA
Eucalyptus,sp.,Eucalyptus sp.,Myrtaceae,Hyphesma atromicans,Hyphesma,NA,atromicans,Colletidae,Euryglossinae,NA,Insecta,Hymenoptera,1,WA,"Howse Drive, Wurmaring",-32.931353,116.220352,4/1/2022,Jan,2022,"Prendergast K (2022) DBCA Jarrah Forest Native Bee Report: Howse. Report produced by Dr Kit Prendergast for the Western Australian Government’s Department of Biodiversity, Conservation and Attractions (DBCA).  DBCA Jarrah Forest Native Bee Report. Western Australian Government’s Department of Biodiversity, Conservation and Attractions (DBCA).",S85A,Prendergast_2022_3,S,1,1,0,1,1,1,Specimens deposited in WAM,NA
Eucalyptus,sp.,Eucalyptus sp.,Myrtaceae,Lasioglossum (Chilalictus) hemichalceum,Lasioglossum,Chilalictus,hemichalceum,Halictidae,Halictinae,NA,Insecta,Hymenoptera,3,WA,"Howse Drive, Wurmaring",-32.931353,116.220352,4/1/2022,Jan,2022,"Prendergast K (2022) DBCA Jarrah Forest Native Bee Report: Howse. Report produced by Dr Kit Prendergast for the Western Australian Government’s Department of Biodiversity, Conservation and Attractions (DBCA).  DBCA Jarrah Forest Native Bee Report. Western Australian Government’s Department of Biodiversity, Conservation and Attractions (DBCA).",S85A,Prendergast_2022_3,S,1,1,0,1,1,1,Specimens deposited in WAM,NA
Eucalyptus,sp.,Eucalyptus sp.,Myrtaceae,Megachile (Eutricharaea) chrysopyga,Megachile,Eutricharaea,chrysopyga,Megachilidae,Megachilinae,NA,Insecta,Hymenoptera,6,WA,"Howse Drive, Wurmaring",-32.931353,116.220352,4/1/2022,Jan,2022,"Prendergast K (2022) DBCA Jarrah Forest Native Bee Report: Howse. Report produced by Dr Kit Prendergast for the Western Australian Government’s Department of Biodiversity, Conservation and Attractions (DBCA).  DBCA Jarrah Forest Native Bee Report. Western Australian Government’s Department of Biodiversity, Conservation and Attractions (DBCA).",S85A,Prendergast_2022_3,S,1,1,0,1,1,1,Specimens deposited in WAM,NA
Hypocalymma,angstifolium,Hypocalymma angstifolium,Myrtaceae,Exoneura (Exoneura) laeta?,Exoneura,Exoneura,laeta?,Apidae,Xylocopinae,NA,Insecta,Hymenoptera,1,WA,"Howse Drive, Wurmaring",-32.931353,116.220352,22/10/2021,Oct,2021,"Prendergast K (2022) DBCA Jarrah Forest Native Bee Report: Howse. Report produced by Dr Kit Prendergast for the Western Australian Government’s Department of Biodiversity, Conservation and Attractions (DBCA).  DBCA Jarrah Forest Native Bee Report. Western Australian Government’s Department of Biodiversity, Conservation and Attractions (DBCA).",S85A,Prendergast_2022_3,S,1,1,0,1,1,1,Specimens deposited in WAM,NA
Hypocalymma,angstifolium,Hypocalymma angstifolium,Myrtaceae,Exoneura (Exoneura) pictifrons?,Exoneura,Exoneura,pictifrons?,Apidae,Xylocopinae,NA,Insecta,Hymenoptera,2,WA,"Howse Drive, Wurmaring",-32.931353,116.220352,22/10/2021,Oct,2021,"Prendergast K (2022) DBCA Jarrah Forest Native Bee Report: Howse. Report produced by Dr Kit Prendergast for the Western Australian Government’s Department of Biodiversity, Conservation and Attractions (DBCA).  DBCA Jarrah Forest Native Bee Report. Western Australian Government’s Department of Biodiversity, Conservation and Attractions (DBCA).",S85A,Prendergast_2022_3,S,1,1,0,1,1,1,Specimens deposited in WAM,NA
Lobelia,tenuior,Lobelia tenuior,Campanulaceae,Amegilla (Notomegilla) chlorocyanea,Amegilla,Notomegilla,chlorocyanea,Apidae,Apinae,NA,Insecta,Hymenoptera,1,WA,"Howse Drive, Wurmaring",-32.931353,116.220352,26/11/2021,Nov,2021,"Prendergast K (2022) DBCA Jarrah Forest Native Bee Report: Howse. Report produced by Dr Kit Prendergast for the Western Australian Government’s Department of Biodiversity, Conservation and Attractions (DBCA).  DBCA Jarrah Forest Native Bee Report. Western Australian Government’s Department of Biodiversity, Conservation and Attractions (DBCA).",S85A,Prendergast_2022_3,S,1,1,0,1,1,1,Specimens deposited in WAM,NA
Mirbelia,dilata,Mirbelia dilata,Fabaceae,Megachile preissi,Megachile,NA,preissi,Megachilidae,Megachilinae,NA,Insecta,Hymenoptera,1,WA,"Howse Drive, Wurmaring",-32.931353,116.220352,26/11/2021,Nov,2021,"Prendergast K (2022) DBCA Jarrah Forest Native Bee Report: Howse. Report produced by Dr Kit Prendergast for the Western Australian Government’s Department of Biodiversity, Conservation and Attractions (DBCA).  DBCA Jarrah Forest Native Bee Report. Western Australian Government’s Department of Biodiversity, Conservation and Attractions (DBCA).",S85A,Prendergast_2022_3,S,1,1,0,1,1,1,Specimens deposited in WAM,NA
Mirbelia,dilata,Mirbelia dilata,Fabaceae,Trichocolletes gelasinus,Trichocolletes,NA,gelasinus,Colletidae,Neopasiphaeinae,NA,Insecta,Hymenoptera,1,WA,"Howse Drive, Wurmaring",-32.931353,116.220352,26/11/2021,Nov,2021,"Prendergast K (2022) DBCA Jarrah Forest Native Bee Report: Howse. Report produced by Dr Kit Prendergast for the Western Australian Government’s Department of Biodiversity, Conservation and Attractions (DBCA).  DBCA Jarrah Forest Native Bee Report. Western Australian Government’s Department of Biodiversity, Conservation and Attractions (DBCA).",S85A,Prendergast_2022_3,S,1,1,0,1,1,1,Specimens deposited in WAM,NA
Mirbelia,dilatata,Mirbelia dilatata,Fabaceae,Exoneura (Exoneura) pictifrons?,Exoneura,Exoneura,pictifrons?,Apidae,Xylocopinae,NA,Insecta,Hymenoptera,1,WA,"Howse Drive, Wurmaring",-32.931353,116.220352,7/12/2021,Dec,2021,"Prendergast K (2022) DBCA Jarrah Forest Native Bee Report: Howse. Report produced by Dr Kit Prendergast for the Western Australian Government’s Department of Biodiversity, Conservation and Attractions (DBCA).  DBCA Jarrah Forest Native Bee Report. Western Australian Government’s Department of Biodiversity, Conservation and Attractions (DBCA).",S85A,Prendergast_2022_3,S,1,1,0,1,1,1,Specimens deposited in WAM,NA
Podolepis,graciis,Podolepis graciis,Asteraceae,Exoneurella setosa,Exoneurella,Exoneurella,setosa,Apidae,Xylocopinae,NA,Insecta,Hymenoptera,2,WA,"Howse Drive, Wurmaring",-32.931353,116.220352,26/11/2021,Nov,2021,"Prendergast K (2022) DBCA Jarrah Forest Native Bee Report: Howse. Report produced by Dr Kit Prendergast for the Western Australian Government’s Department of Biodiversity, Conservation and Attractions (DBCA).  DBCA Jarrah Forest Native Bee Report. Western Australian Government’s Department of Biodiversity, Conservation and Attractions (DBCA).",S85A,Prendergast_2022_3,S,1,1,0,1,1,1,Specimens deposited in WAM,NA
Xanthorrea,preisii,Xanthorrea preisii,Xanthorreaceae,Exoneura (Exoneura) pictifrons?,Exoneura,Exoneura,pictifrons?,Apidae,Xylocopinae,NA,Insecta,Hymenoptera,1,WA,"Howse Drive, Wurmaring",-32.931353,116.220352,26/11/2021,Nov,2021,"Prendergast K (2022) DBCA Jarrah Forest Native Bee Report: Howse. Report produced by Dr Kit Prendergast for the Western Australian Government’s Department of Biodiversity, Conservation and Attractions (DBCA).  DBCA Jarrah Forest Native Bee Report. Western Australian Government’s Department of Biodiversity, Conservation and Attractions (DBCA).",S85A,Prendergast_2022_3,S,1,1,0,1,1,1,Specimens deposited in WAM,NA
Boronia,ovata,Boronia ovata,Rutaceae,Leioproctus (Leioproctus ) cf. lanceolatus,Leioproctus,Leioproctus,lanceolatus,Colletidae,Neopasiphaeinae,NA,Insecta,Hymenoptera,2,WA,"Deer Rd, Marrinup Forest",-32.670894,116.0020988,4/11/2021,Nov,2021,"Prendergast K (2022) DBCA Jarrah Forest Native Bee Report: Marrinup. Report produced by Dr Kit Prendergast for the Western Australian Government’s Department of Biodiversity, Conservation and Attractions (DBCA).  DBCA Jarrah Forest Native Bee Report. Western Australian Government’s Department of Biodiversity, Conservation and Attractions (DBCA).",S85A,Prendergast_2022_3,S,1,1,0,1,1,1,Specimens deposited in WAM,NA
Bossiaea,erioarpa,Bossiaea erioarpa,Fabaceae,Leioproctus (Leioproctus) platycephalus species-group,Leioproctus,Leioproctus,platycephalus species-group,Colletidae,Neopasiphaeinae,NA,Insecta,Hymenoptera,2,WA,"Deer Rd, Marrinup Forest",-32.670894,116.0020988,25/9/2021,Sept,2021,"Prendergast K (2022) DBCA Jarrah Forest Native Bee Report: Marrinup. Report produced by Dr Kit Prendergast for the Western Australian Government’s Department of Biodiversity, Conservation and Attractions (DBCA).  DBCA Jarrah Forest Native Bee Report. Western Australian Government’s Department of Biodiversity, Conservation and Attractions (DBCA).",S85A,Prendergast_2022_3,S,1,1,0,1,1,1,Specimens deposited in WAM,NA
Bossiaea,erioarpa,Bossiaea erioarpa,Fabaceae,Trichocolletes tenuiculus,Trichocolletes,NA,tenuiculus,Colletidae,Neopasiphaeinae,NA,Insecta,Hymenoptera,1,WA,"Deer Rd, Marrinup Forest",-32.670894,116.0020988,25/9/2021,Sept,2021,"Prendergast K (2022) DBCA Jarrah Forest Native Bee Report: Marrinup. Report produced by Dr Kit Prendergast for the Western Australian Government’s Department of Biodiversity, Conservation and Attractions (DBCA).  DBCA Jarrah Forest Native Bee Report. Western Australian Government’s Department of Biodiversity, Conservation and Attractions (DBCA).",S85A,Prendergast_2022_3,S,1,1,0,1,1,1,Specimens deposited in WAM,NA
Corymbia,callophyla,Corymbia callophyla,Myrtaceae,Hylaeus sp.,Hylaeus,NA,sp.,Colletidae,Hylaeinae,NA,Insecta,Hymenoptera,1,WA,"Deer Rd, Marrinup Forest",-32.670894,116.0020988,6/3/2022,March,2022,"Prendergast K (2022) DBCA Jarrah Forest Native Bee Report: Marrinup. Report produced by Dr Kit Prendergast for the Western Australian Government’s Department of Biodiversity, Conservation and Attractions (DBCA).  DBCA Jarrah Forest Native Bee Report. Western Australian Government’s Department of Biodiversity, Conservation and Attractions (DBCA).",S85A,Prendergast_2022_3,S,1,1,0,1,1,1,Specimens deposited in WAM,NA
Corymbia,callophyla,Corymbia callophyla,Myrtaceae,Xanthesma sp.,Xanthesma,NA,sp.,Colletidae,Euryglossinae,NA,Insecta,Hymenoptera,1,WA,"Deer Rd, Marrinup Forest",-32.670894,116.0020988,6/3/2022,March,2022,"Prendergast K (2022) DBCA Jarrah Forest Native Bee Report: Marrinup. Report produced by Dr Kit Prendergast for the Western Australian Government’s Department of Biodiversity, Conservation and Attractions (DBCA).  DBCA Jarrah Forest Native Bee Report. Western Australian Government’s Department of Biodiversity, Conservation and Attractions (DBCA).",S85A,Prendergast_2022_3,S,1,1,0,1,1,1,Specimens deposited in WAM,NA
Kingia,australis,Kingia australis,Xanthorreaceae,Lasioglossum (Chilalictus) ebeneum,Lasioglossum,Chilalictus,ebeneum,Halictidae,Halictinae,NA,Insecta,Hymenoptera,1,WA,"Deer Rd, Marrinup Forest",-32.670894,116.0020988,1/12/2021,Dec,2021,"Prendergast K (2022) DBCA Jarrah Forest Native Bee Report: Marrinup. Report produced by Dr Kit Prendergast for the Western Australian Government’s Department of Biodiversity, Conservation and Attractions (DBCA).  DBCA Jarrah Forest Native Bee Report. Western Australian Government’s Department of Biodiversity, Conservation and Attractions (DBCA).",S85A,Prendergast_2022_3,S,1,1,0,1,1,1,Specimens deposited in WAM,NA
Mirbelia,dilata,Mirbelia dilata,Fabaceae,"Megachile ""houstoni""?",Megachile,NA,"""houstoni""?",Megachilidae,Megachilinae,NA,Insecta,Hymenoptera,1,WA,"Deer Rd, Marrinup Forest",-32.670894,116.0020988,1/12/2021,Dec,2021,"Prendergast K (2022) DBCA Jarrah Forest Native Bee Report: Marrinup. Report produced by Dr Kit Prendergast for the Western Australian Government’s Department of Biodiversity, Conservation and Attractions (DBCA).  DBCA Jarrah Forest Native Bee Report. Western Australian Government’s Department of Biodiversity, Conservation and Attractions (DBCA).",S85A,Prendergast_2022_3,S,1,1,0,1,1,1,Specimens deposited in WAM,NA
Stylidium,brunnianum,Stylidium ?brunnianum,Stylidiaceae,Amegilla (Notomegilla) chlorocyanea,Amegilla,Notomegilla,chlorocyanea,Apidae,Apinae,NA,Insecta,Hymenoptera,1,WA,"Deer Rd, Marrinup Forest",-32.670894,116.0020988,4/11/2021,Nov,2021,"Prendergast K (2022) DBCA Jarrah Forest Native Bee Report: Marrinup. Report produced by Dr Kit Prendergast for the Western Australian Government’s Department of Biodiversity, Conservation and Attractions (DBCA).  DBCA Jarrah Forest Native Bee Report. Western Australian Government’s Department of Biodiversity, Conservation and Attractions (DBCA).",S85A,Prendergast_2022_3,S,1,1,0,1,1,1,Specimens deposited in WAM,NA
Stylidium,pilierum,Stylidium ?pilierum,Stylidiaceae,Exoneura sp. DBCAPerthHills_7,Exoneura,NA,"""DBCAPerthHills_7""",Apidae,Xylocopinae,NA,Insecta,Hymenoptera,1,WA,"Deer Rd, Marrinup Forest",-32.670894,116.0020988,4/11/2021,Nov,2021,"Prendergast K (2022) DBCA Jarrah Forest Native Bee Report: Marrinup. Report produced by Dr Kit Prendergast for the Western Australian Government’s Department of Biodiversity, Conservation and Attractions (DBCA).  DBCA Jarrah Forest Native Bee Report. Western Australian Government’s Department of Biodiversity, Conservation and Attractions (DBCA).",S85A,Prendergast_2022_3,S,1,1,0,1,1,1,Specimens deposited in WAM,NA
Stylidium,pilierum,Stylidium ?pilierum,Stylidiaceae,Lasioglossum (Chilalictus) seminitens,Lasioglossum,Chilalictus,seminitens,Halictidae,Halictinae,NA,Insecta,Hymenoptera,1,WA,"Deer Rd, Marrinup Forest",-32.670894,116.0020988,4/11/2021,Nov,2021,"Prendergast K (2022) DBCA Jarrah Forest Native Bee Report: Marrinup. Report produced by Dr Kit Prendergast for the Western Australian Government’s Department of Biodiversity, Conservation and Attractions (DBCA).  DBCA Jarrah Forest Native Bee Report. Western Australian Government’s Department of Biodiversity, Conservation and Attractions (DBCA).",S85A,Prendergast_2022_3,S,1,1,0,1,1,1,Specimens deposited in WAM,NA
Banksia,grandis,Banksia grandis,Proteaceae,"Euryglossina ""KSP sp.10""",Euryglossina,NA,"""KSP sp.10""",Colletidae,Euryglossinae,NA,Insecta,Hymenoptera,1,WA,"Pindalup, Coach Rd, Wurmaring",-32.7574573,116.2781616,31/12/2021,Dec,2021,"Prendergast K (2022) DBCA Jarrah Forest Native Bee Report: Pindalup. Report produced by Dr Kit Prendergast for the Western Australian Government’s Department of Biodiversity, Conservation and Attractions (DBCA).  DBCA Jarrah Forest Native Bee Report. Western Australian Government’s Department of Biodiversity, Conservation and Attractions (DBCA).",S85A,Prendergast_2022_3,S,1,1,0,1,1,1,Specimens deposited in WAM,NA
Banksia,grandis,Banksia grandis,Proteaceae,Exoneura (Exoneura) ?pictifrons,Exoneura,Exoneura,pictifrons?,Apidae,Xylocopinae,NA,Insecta,Hymenoptera,1,WA,"Pindalup, Coach Rd, Wurmaring",-32.7574573,116.2781616,24/3/2022,March,2022,"Prendergast K (2022) DBCA Jarrah Forest Native Bee Report: Pindalup. Report produced by Dr Kit Prendergast for the Western Australian Government’s Department of Biodiversity, Conservation and Attractions (DBCA).  DBCA Jarrah Forest Native Bee Report. Western Australian Government’s Department of Biodiversity, Conservation and Attractions (DBCA).",S85A,Prendergast_2022_3,S,1,1,0,1,1,1,Specimens deposited in WAM,NA
Banksia,grandis,Banksia grandis,Proteaceae,Exoneura (Exoneura) pictifrons?,Exoneura,Exoneura,pictifrons?,Apidae,Xylocopinae,NA,Insecta,Hymenoptera,3,WA,"Pindalup, Coach Rd, Wurmaring",-32.7574573,116.2781616,31/12/2021,Dec,2021,"Prendergast K (2022) DBCA Jarrah Forest Native Bee Report: Pindalup. Report produced by Dr Kit Prendergast for the Western Australian Government’s Department of Biodiversity, Conservation and Attractions (DBCA).  DBCA Jarrah Forest Native Bee Report. Western Australian Government’s Department of Biodiversity, Conservation and Attractions (DBCA).",S85A,Prendergast_2022_3,S,1,1,0,1,1,1,Specimens deposited in WAM,NA
Banksia,grandis,Banksia grandis,Proteaceae,Hylaeus (Macrohylaeus) alcyoneus,Hylaeus,Macrohylaeus,alcyoneus,Colletidae,Hylaeinae,NA,Insecta,Hymenoptera,1,WA,"Pindalup, Coach Rd, Wurmaring",-32.7574573,116.2781616,31/12/2021,Dec,2021,"Prendergast K (2022) DBCA Jarrah Forest Native Bee Report: Pindalup. Report produced by Dr Kit Prendergast for the Western Australian Government’s Department of Biodiversity, Conservation and Attractions (DBCA).  DBCA Jarrah Forest Native Bee Report. Western Australian Government’s Department of Biodiversity, Conservation and Attractions (DBCA).",S85A,Prendergast_2022_3,S,1,1,0,1,1,1,Specimens deposited in WAM,NA
Banksia,grandis,Banksia grandis,Proteaceae,Hylaeus (Macrohylaeus) alcyoneus,Hylaeus,Macrohylaeus,alcyoneus,Colletidae,Hylaeinae,NA,Insecta,Hymenoptera,1,WA,"Pindalup, Coach Rd, Wurmaring",-32.7574573,116.2781616,24/3/2022,March,2022,"Prendergast K (2022) DBCA Jarrah Forest Native Bee Report: Pindalup. Report produced by Dr Kit Prendergast for the Western Australian Government’s Department of Biodiversity, Conservation and Attractions (DBCA).  DBCA Jarrah Forest Native Bee Report. Western Australian Government’s Department of Biodiversity, Conservation and Attractions (DBCA).",S85A,Prendergast_2022_3,S,1,1,0,1,1,1,Specimens deposited in WAM,NA
Banksia,grandis,Banksia grandis,Proteaceae,"Hylaeus (Prosopisteron) ""latifacies""",Hylaeus,Prosopisteron,"""latifacies""",Colletidae,Hylaeinae,NA,Insecta,Hymenoptera,1,WA,"Pindalup, Coach Rd, Wurmaring",-32.7574573,116.2781616,24/3/2022,March,2022,"Prendergast K (2022) DBCA Jarrah Forest Native Bee Report: Pindalup. Report produced by Dr Kit Prendergast for the Western Australian Government’s Department of Biodiversity, Conservation and Attractions (DBCA).  DBCA Jarrah Forest Native Bee Report. Western Australian Government’s Department of Biodiversity, Conservation and Attractions (DBCA).",S85A,Prendergast_2022_3,S,1,1,0,1,1,1,Specimens deposited in WAM,NA
Banksia,grandis,Banksia grandis,Proteaceae,Hylaeus (Prosopisteron) quadratus,Hylaeus,Prosopisteron,quadratus,Colletidae,Hylaeinae,NA,Insecta,Hymenoptera,1,WA,"Pindalup, Coach Rd, Wurmaring",-32.7574573,116.2781616,24/3/2022,March,2022,"Prendergast K (2022) DBCA Jarrah Forest Native Bee Report: Pindalup. Report produced by Dr Kit Prendergast for the Western Australian Government’s Department of Biodiversity, Conservation and Attractions (DBCA).  DBCA Jarrah Forest Native Bee Report. Western Australian Government’s Department of Biodiversity, Conservation and Attractions (DBCA).",S85A,Prendergast_2022_3,S,1,1,0,1,1,1,Specimens deposited in WAM,NA
Banksia,grandis,Banksia grandis,Proteaceae,Lasioglossum (Parasphecodes) ?lichatum F Det. K.S. Prendergast 2024,Lasioglossum,Parasphecodes,lichatum?,Halictidae,Halictinae,NA,Insecta,Hymenoptera,3,WA,"Pindalup, Coach Rd, Wurmaring",-32.7574573,116.2781616,24/3/2022,March,2022,"Prendergast K (2022) DBCA Jarrah Forest Native Bee Report: Pindalup. Report produced by Dr Kit Prendergast for the Western Australian Government’s Department of Biodiversity, Conservation and Attractions (DBCA).  DBCA Jarrah Forest Native Bee Report. Western Australian Government’s Department of Biodiversity, Conservation and Attractions (DBCA).",S85A,Prendergast_2022_3,S,1,1,0,1,1,1,Specimens deposited in WAM,NA
Banksia,grandis,Banksia grandis,Proteaceae,Pachyprosopis (Pachyprosopis) cornuta?,Pachyprosopis,Pachyprosopis,cornuta?,Colletidae,Euryglossinae,NA,Insecta,Hymenoptera,1,WA,"Pindalup, Coach Rd, Wurmaring",-32.7574573,116.2781616,31/12/2021,Dec,2021,"Prendergast K (2022) DBCA Jarrah Forest Native Bee Report: Pindalup. Report produced by Dr Kit Prendergast for the Western Australian Government’s Department of Biodiversity, Conservation and Attractions (DBCA).  DBCA Jarrah Forest Native Bee Report. Western Australian Government’s Department of Biodiversity, Conservation and Attractions (DBCA).",S85A,Prendergast_2022_3,S,1,1,0,1,1,1,Specimens deposited in WAM,NA
Boronia,ovata,Boronia ovata,Rutaceae,Amegilla (Notomegilla) chlorocyanea,Amegilla,Notomegilla,chlorocyanea,Apidae,Apinae,NA,Insecta,Hymenoptera,1,WA,"Pindalup, Coach Rd, Wurmaring",-32.7574573,116.2781616,30/11/2021,Nov,2021,"Prendergast K (2022) DBCA Jarrah Forest Native Bee Report: Pindalup. Report produced by Dr Kit Prendergast for the Western Australian Government’s Department of Biodiversity, Conservation and Attractions (DBCA).  DBCA Jarrah Forest Native Bee Report. Western Australian Government’s Department of Biodiversity, Conservation and Attractions (DBCA).",S85A,Prendergast_2022_3,S,1,1,0,1,1,1,Specimens deposited in WAM,NA
Boronia,ovata,Boronia ovata,Rutaceae,Exoneura (Exoneura) pictifrons?,Exoneura,Exoneura,pictifrons?,Apidae,Xylocopinae,NA,Insecta,Hymenoptera,3,WA,"Pindalup, Coach Rd, Wurmaring",-32.7574573,116.2781616,29/10/2021,Oct,2021,"Prendergast K (2022) DBCA Jarrah Forest Native Bee Report: Pindalup. Report produced by Dr Kit Prendergast for the Western Australian Government’s Department of Biodiversity, Conservation and Attractions (DBCA).  DBCA Jarrah Forest Native Bee Report. Western Australian Government’s Department of Biodiversity, Conservation and Attractions (DBCA).",S85A,Prendergast_2022_3,S,1,1,0,1,1,1,Specimens deposited in WAM,NA
Boronia,ovata,Boronia ovata,Rutaceae,Lasioglossum (Chilalictus) castor,Lasioglossum,Chilalictus,castor,Halictidae,Halictinae,NA,Insecta,Hymenoptera,1,WA,"Pindalup, Coach Rd, Wurmaring",-32.7574573,116.2781616,29/10/2021,Oct,2021,"Prendergast K (2022) DBCA Jarrah Forest Native Bee Report: Pindalup. Report produced by Dr Kit Prendergast for the Western Australian Government’s Department of Biodiversity, Conservation and Attractions (DBCA).  DBCA Jarrah Forest Native Bee Report. Western Australian Government’s Department of Biodiversity, Conservation and Attractions (DBCA).",S85A,Prendergast_2022_3,S,1,1,0,1,1,1,Specimens deposited in WAM,NA
Boronia,ovata,Boronia ovata,Rutaceae,Lasioglossum (Chilalictus) hemichalceum,Lasioglossum,Chilalictus,hemichalceum,Halictidae,Halictinae,NA,Insecta,Hymenoptera,1,WA,"Pindalup, Coach Rd, Wurmaring",-32.7574573,116.2781616,29/10/2021,Oct,2021,"Prendergast K (2022) DBCA Jarrah Forest Native Bee Report: Pindalup. Report produced by Dr Kit Prendergast for the Western Australian Government’s Department of Biodiversity, Conservation and Attractions (DBCA).  DBCA Jarrah Forest Native Bee Report. Western Australian Government’s Department of Biodiversity, Conservation and Attractions (DBCA).",S85A,Prendergast_2022_3,S,1,1,0,1,1,1,Specimens deposited in WAM,NA
Boronia,ovata,Boronia ovata,Rutaceae,Lasioglossum (Homalictus) urbanum,Lasioglossum,Homalictus,urbanum,Halictidae,Halictinae,NA,Insecta,Hymenoptera,6,WA,"Pindalup, Coach Rd, Wurmaring",-32.7574573,116.2781616,29/10/2021,Oct,2021,"Prendergast K (2022) DBCA Jarrah Forest Native Bee Report: Pindalup. Report produced by Dr Kit Prendergast for the Western Australian Government’s Department of Biodiversity, Conservation and Attractions (DBCA).  DBCA Jarrah Forest Native Bee Report. Western Australian Government’s Department of Biodiversity, Conservation and Attractions (DBCA).",S85A,Prendergast_2022_3,S,1,1,0,1,1,1,Specimens deposited in WAM,NA
Boronia,ovata,Boronia ovata,Rutaceae,"Leioproctus ""Pindalup1""",Leioproctus,Leioproctus,"""pindalup1""",Colletidae,Neopasiphaeinae,NA,Insecta,Hymenoptera,1,WA,"Pindalup, Coach Rd, Wurmaring",-32.7574573,116.2781616,30/11/2021,Nov,2021,"Prendergast K (2022) DBCA Jarrah Forest Native Bee Report: Pindalup. Report produced by Dr Kit Prendergast for the Western Australian Government’s Department of Biodiversity, Conservation and Attractions (DBCA).  DBCA Jarrah Forest Native Bee Report. Western Australian Government’s Department of Biodiversity, Conservation and Attractions (DBCA).",S85A,Prendergast_2022_3,S,1,1,0,1,1,1,Specimens deposited in WAM,NA
Boronia,ovata,Boronia ovata,Rutaceae,"Leioproctus (Leioproctus) sp.""Dwellingup1""",Leioproctus,Leioproctus,"sp.""dwellingup1""",Colletidae,Neopasiphaeinae,NA,Insecta,Hymenoptera,1,WA,"Pindalup, Coach Rd, Wurmaring",-32.7574573,116.2781616,29/10/2021,Oct,2021,"Prendergast K (2022) DBCA Jarrah Forest Native Bee Report: Pindalup. Report produced by Dr Kit Prendergast for the Western Australian Government’s Department of Biodiversity, Conservation and Attractions (DBCA).  DBCA Jarrah Forest Native Bee Report. Western Australian Government’s Department of Biodiversity, Conservation and Attractions (DBCA).",S85A,Prendergast_2022_3,S,1,1,0,1,1,1,Specimens deposited in WAM,NA
Boronia,ovata,Boronia ovata,Rutaceae,Leioproctus (Protomorpha) ?minutus,Leioproctus,Protomorpha,?minutus,Colletidae,Neopasiphaeinae,NA,Insecta,Hymenoptera,4,WA,"Pindalup, Coach Rd, Wurmaring",-32.7574573,116.2781616,30/11/2021,Nov,2021,"Prendergast K (2022) DBCA Jarrah Forest Native Bee Report: Pindalup. Report produced by Dr Kit Prendergast for the Western Australian Government’s Department of Biodiversity, Conservation and Attractions (DBCA).  DBCA Jarrah Forest Native Bee Report. Western Australian Government’s Department of Biodiversity, Conservation and Attractions (DBCA).",S85A,Prendergast_2022_3,S,1,1,0,1,1,1,Specimens deposited in WAM,NA
Centaurium,tenuflorum,Centaurium tenuflorum,Gentianaceae,"Megachile ""houstoni""?",Megachile,NA,"""houstoni""?",Megachilidae,Megachilinae,NA,Insecta,Hymenoptera,1,WA,"Pindalup, Coach Rd, Wurmaring",-32.7574573,116.2781616,31/12/2021,Dec,2021,"Prendergast K (2022) DBCA Jarrah Forest Native Bee Report: Pindalup. Report produced by Dr Kit Prendergast for the Western Australian Government’s Department of Biodiversity, Conservation and Attractions (DBCA).  DBCA Jarrah Forest Native Bee Report. Western Australian Government’s Department of Biodiversity, Conservation and Attractions (DBCA).",S85A,Prendergast_2022_3,S,1,1,0,1,1,1,Specimens deposited in WAM,NA
Corymbia,calophylla,Corymbia calophylla,Myrtaceae,Amegilla (Notomegilla) chlorocyanea,Amegilla,Notomegilla,chlorocyanea,Apidae,Apinae,NA,Insecta,Hymenoptera,5,WA,"Pindalup, Coach Rd, Wurmaring",-32.7574573,116.2781616,29/1/2022,Jan,2022,"Prendergast K (2022) DBCA Jarrah Forest Native Bee Report: Pindalup. Report produced by Dr Kit Prendergast for the Western Australian Government’s Department of Biodiversity, Conservation and Attractions (DBCA).  DBCA Jarrah Forest Native Bee Report. Western Australian Government’s Department of Biodiversity, Conservation and Attractions (DBCA).",S85A,Prendergast_2022_3,S,1,1,0,1,1,1,Specimens deposited in WAM,NA
Corymbia,calophylla,Corymbia calophylla,Myrtaceae,Amegilla (Notomegilla) chlorocyanea,Amegilla,Notomegilla,chlorocyanea,Apidae,Apinae,NA,Insecta,Hymenoptera,1,WA,"Pindalup, Coach Rd, Wurmaring",-32.7574573,116.2781616,28/2/2022,Feb,2022,"Prendergast K (2022) DBCA Jarrah Forest Native Bee Report: Pindalup. Report produced by Dr Kit Prendergast for the Western Australian Government’s Department of Biodiversity, Conservation and Attractions (DBCA).  DBCA Jarrah Forest Native Bee Report. Western Australian Government’s Department of Biodiversity, Conservation and Attractions (DBCA).",S85A,Prendergast_2022_3,S,1,1,0,1,1,1,Specimens deposited in WAM,NA
Corymbia,calophylla,Corymbia calophylla,Myrtaceae,"Exoneura (Brevineura) ""latte""",Exoneura,Brevineura,"""latte""",Apidae,Xylocopinae,NA,Insecta,Hymenoptera,1,WA,"Pindalup, Coach Rd, Wurmaring",-32.7574573,116.2781616,29/1/2022,Jan,2022,"Prendergast K (2022) DBCA Jarrah Forest Native Bee Report: Pindalup. Report produced by Dr Kit Prendergast for the Western Australian Government’s Department of Biodiversity, Conservation and Attractions (DBCA).  DBCA Jarrah Forest Native Bee Report. Western Australian Government’s Department of Biodiversity, Conservation and Attractions (DBCA).",S85A,Prendergast_2022_3,S,1,1,0,1,1,1,Specimens deposited in WAM,NA
Corymbia,calophylla,Corymbia calophylla,Myrtaceae,Exoneura (Brevineura) minutissima,Exoneura,Brevineura,minutissima,Apidae,Xylocopinae,NA,Insecta,Hymenoptera,2,WA,"Pindalup, Coach Rd, Wurmaring",-32.7574573,116.2781616,29/1/2022,Jan,2022,"Prendergast K (2022) DBCA Jarrah Forest Native Bee Report: Pindalup. Report produced by Dr Kit Prendergast for the Western Australian Government’s Department of Biodiversity, Conservation and Attractions (DBCA).  DBCA Jarrah Forest Native Bee Report. Western Australian Government’s Department of Biodiversity, Conservation and Attractions (DBCA).",S85A,Prendergast_2022_3,S,1,1,0,1,1,1,Specimens deposited in WAM,NA
Corymbia,calophylla,Corymbia calophylla,Myrtaceae,Exoneura (Exoneura) laeta,Exoneura,Exoneura,laeta,Apidae,Xylocopinae,NA,Insecta,Hymenoptera,1,WA,"Pindalup, Coach Rd, Wurmaring",-32.7574573,116.2781616,29/1/2022,Jan,2022,"Prendergast K (2022) DBCA Jarrah Forest Native Bee Report: Pindalup. Report produced by Dr Kit Prendergast for the Western Australian Government’s Department of Biodiversity, Conservation and Attractions (DBCA).  DBCA Jarrah Forest Native Bee Report. Western Australian Government’s Department of Biodiversity, Conservation and Attractions (DBCA).",S85A,Prendergast_2022_3,S,1,1,0,1,1,1,Specimens deposited in WAM,NA
Corymbia,calophylla,Corymbia calophylla,Myrtaceae,Exoneura ?pictifrons,Exoneura,Exoneura,pictifrons?,Apidae,Xylocopinae,NA,Insecta,Hymenoptera,10,WA,"Pindalup, Coach Rd, Wurmaring",-32.7574573,116.2781616,28/2/2022,Feb,2022,"Prendergast K (2022) DBCA Jarrah Forest Native Bee Report: Pindalup. Report produced by Dr Kit Prendergast for the Western Australian Government’s Department of Biodiversity, Conservation and Attractions (DBCA).  DBCA Jarrah Forest Native Bee Report. Western Australian Government’s Department of Biodiversity, Conservation and Attractions (DBCA).",S85A,Prendergast_2022_3,S,1,1,0,1,1,1,Specimens deposited in WAM,NA
Corymbia,calophylla,Corymbia calophylla,Myrtaceae,Exoneura pictifrons?,Exoneura,Exoneura,pictifrons?,Apidae,Xylocopinae,NA,Insecta,Hymenoptera,6,WA,"Pindalup, Coach Rd, Wurmaring",-32.7574573,116.2781616,29/1/2022,Jan,2022,"Prendergast K (2022) DBCA Jarrah Forest Native Bee Report: Pindalup. Report produced by Dr Kit Prendergast for the Western Australian Government’s Department of Biodiversity, Conservation and Attractions (DBCA).  DBCA Jarrah Forest Native Bee Report. Western Australian Government’s Department of Biodiversity, Conservation and Attractions (DBCA).",S85A,Prendergast_2022_3,S,1,1,0,1,1,1,Specimens deposited in WAM,NA
Corymbia,calophylla,Corymbia calophylla,Myrtaceae,Exoneura sp. DBCAPerthHills_7,Exoneura,NA,"""DBCAPerthHills_7""",Apidae,Xylocopinae,NA,Insecta,Hymenoptera,1,WA,"Pindalup, Coach Rd, Wurmaring",-32.7574573,116.2781616,29/1/2022,Jan,2022,"Prendergast K (2022) DBCA Jarrah Forest Native Bee Report: Pindalup. Report produced by Dr Kit Prendergast for the Western Australian Government’s Department of Biodiversity, Conservation and Attractions (DBCA).  DBCA Jarrah Forest Native Bee Report. Western Australian Government’s Department of Biodiversity, Conservation and Attractions (DBCA).",S85A,Prendergast_2022_3,S,1,1,0,1,1,1,Specimens deposited in WAM,NA
Corymbia,calophylla,Corymbia calophylla,Myrtaceae,Exoneura sp. DBCAPerthHills_7,Exoneura,NA,"""DBCAPerthHills_7""",Apidae,Xylocopinae,NA,Insecta,Hymenoptera,1,WA,"Pindalup, Coach Rd, Wurmaring",-32.7574573,116.2781616,28/2/2022,Feb,2022,"Prendergast K (2022) DBCA Jarrah Forest Native Bee Report: Pindalup. Report produced by Dr Kit Prendergast for the Western Australian Government’s Department of Biodiversity, Conservation and Attractions (DBCA).  DBCA Jarrah Forest Native Bee Report. Western Australian Government’s Department of Biodiversity, Conservation and Attractions (DBCA).",S85A,Prendergast_2022_3,S,1,1,0,1,1,1,Specimens deposited in WAM,NA
Corymbia,calophylla,Corymbia calophylla,Myrtaceae,Gasteruption sp.,Gasteruption,NA,sp.,Gasteruptiidae,Gasteruptiinae,NA,Insecta,Hymenoptera,5,WA,"Pindalup, Coach Rd, Wurmaring",-32.7574573,116.2781616,29/1/2022,Jan,2022,"Prendergast K (2022) DBCA Jarrah Forest Native Bee Report: Pindalup. Report produced by Dr Kit Prendergast for the Western Australian Government’s Department of Biodiversity, Conservation and Attractions (DBCA).  DBCA Jarrah Forest Native Bee Report. Western Australian Government’s Department of Biodiversity, Conservation and Attractions (DBCA).",S85A,Prendergast_2022_3,S,1,1,0,1,1,1,Specimens deposited in WAM,NA
Corymbia,calophylla,Corymbia calophylla,Myrtaceae,Hylaeus (Euprosopoides) ruficeps kalamundae,Hylaeus,Euprosopoides,kalamundae,Colletidae,Hylaeinae,NA,Insecta,Hymenoptera,4,WA,"Pindalup, Coach Rd, Wurmaring",-32.7574573,116.2781616,29/1/2022,Jan,2022,"Prendergast K (2022) DBCA Jarrah Forest Native Bee Report: Pindalup. Report produced by Dr Kit Prendergast for the Western Australian Government’s Department of Biodiversity, Conservation and Attractions (DBCA).  DBCA Jarrah Forest Native Bee Report. Western Australian Government’s Department of Biodiversity, Conservation and Attractions (DBCA).",S85A,Prendergast_2022_3,S,1,1,0,1,1,1,Specimens deposited in WAM,NA
Corymbia,calophylla,Corymbia calophylla,Myrtaceae,Hylaeus (Gnathoprosopis) amiculus,Hylaeus,Gnathoprosopis,amiculus,Colletidae,Hylaeinae,NA,Insecta,Hymenoptera,1,WA,"Pindalup, Coach Rd, Wurmaring",-32.7574573,116.2781616,28/2/2022,Feb,2022,"Prendergast K (2022) DBCA Jarrah Forest Native Bee Report: Pindalup. Report produced by Dr Kit Prendergast for the Western Australian Government’s Department of Biodiversity, Conservation and Attractions (DBCA).  DBCA Jarrah Forest Native Bee Report. Western Australian Government’s Department of Biodiversity, Conservation and Attractions (DBCA).",S85A,Prendergast_2022_3,S,1,1,0,1,1,1,Specimens deposited in WAM,NA
Corymbia,calophylla,Corymbia calophylla,Myrtaceae,Hylaeus (Gnathoprosopis) amiculus F [+ phoretic mites],Hylaeus,Gnathoprosopis,amiculus,Colletidae,Hylaeinae,NA,Insecta,Hymenoptera,2,WA,"Pindalup, Coach Rd, Wurmaring",-32.7574573,116.2781616,29/1/2022,Jan,2022,"Prendergast K (2022) DBCA Jarrah Forest Native Bee Report: Pindalup. Report produced by Dr Kit Prendergast for the Western Australian Government’s Department of Biodiversity, Conservation and Attractions (DBCA).  DBCA Jarrah Forest Native Bee Report. Western Australian Government’s Department of Biodiversity, Conservation and Attractions (DBCA).",S85A,Prendergast_2022_3,S,1,1,0,1,1,1,Specimens deposited in WAM,NA
Corymbia,calophylla,Corymbia calophylla,Myrtaceae,"Hylaeus (Prosopisteron) ""latifacies""",Hylaeus,Prosopisteron,"""latifacies""",Colletidae,Hylaeinae,NA,Insecta,Hymenoptera,9,WA,"Pindalup, Coach Rd, Wurmaring",-32.7574573,116.2781616,29/1/2022,Jan,2022,"Prendergast K (2022) DBCA Jarrah Forest Native Bee Report: Pindalup. Report produced by Dr Kit Prendergast for the Western Australian Government’s Department of Biodiversity, Conservation and Attractions (DBCA).  DBCA Jarrah Forest Native Bee Report. Western Australian Government’s Department of Biodiversity, Conservation and Attractions (DBCA).",S85A,Prendergast_2022_3,S,1,1,0,1,1,1,Specimens deposited in WAM,NA
Corymbia,calophylla,Corymbia calophylla,Myrtaceae,Hylaeus (Prosopisteron) aralis,Hylaeus,Prosopisteron,aralis,Colletidae,Hylaeinae,NA,Insecta,Hymenoptera,2,WA,"Pindalup, Coach Rd, Wurmaring",-32.7574573,116.2781616,29/1/2022,Jan,2022,"Prendergast K (2022) DBCA Jarrah Forest Native Bee Report: Pindalup. Report produced by Dr Kit Prendergast for the Western Australian Government’s Department of Biodiversity, Conservation and Attractions (DBCA).  DBCA Jarrah Forest Native Bee Report. Western Australian Government’s Department of Biodiversity, Conservation and Attractions (DBCA).",S85A,Prendergast_2022_3,S,1,1,0,1,1,1,Specimens deposited in WAM,NA
Corymbia,calophylla,Corymbia calophylla,Myrtaceae,Hylaeus (Prosopisteron) bicurvatus,Hylaeus,Prosopisteron,bicurvatus,Colletidae,Hylaeinae,NA,Insecta,Hymenoptera,1,WA,"Pindalup, Coach Rd, Wurmaring",-32.7574573,116.2781616,28/2/2022,Feb,2022,"Prendergast K (2022) DBCA Jarrah Forest Native Bee Report: Pindalup. Report produced by Dr Kit Prendergast for the Western Australian Government’s Department of Biodiversity, Conservation and Attractions (DBCA).  DBCA Jarrah Forest Native Bee Report. Western Australian Government’s Department of Biodiversity, Conservation and Attractions (DBCA).",S85A,Prendergast_2022_3,S,1,1,0,1,1,1,Specimens deposited in WAM,NA
Corymbia,calophylla,Corymbia calophylla,Myrtaceae,Hylaeus (Rhodohylaeus) lateralis,Hylaeus,Rhodohylaeus,lateralis,Colletidae,Hylaeinae,NA,Insecta,Hymenoptera,6,WA,"Pindalup, Coach Rd, Wurmaring",-32.7574573,116.2781616,29/1/2022,Jan,2022,"Prendergast K (2022) DBCA Jarrah Forest Native Bee Report: Pindalup. Report produced by Dr Kit Prendergast for the Western Australian Government’s Department of Biodiversity, Conservation and Attractions (DBCA).  DBCA Jarrah Forest Native Bee Report. Western Australian Government’s Department of Biodiversity, Conservation and Attractions (DBCA).",S85A,Prendergast_2022_3,S,1,1,0,1,1,1,Specimens deposited in WAM,NA
Corymbia,calophylla,Corymbia calophylla,Myrtaceae,Hylaeus (Rhodohylaeus) proximus,Hylaeus,Rhodohylaeus,proximus,Colletidae,Hylaeinae,NA,Insecta,Hymenoptera,2,WA,"Pindalup, Coach Rd, Wurmaring",-32.7574573,116.2781616,29/1/2022,Jan,2022,"Prendergast K (2022) DBCA Jarrah Forest Native Bee Report: Pindalup. Report produced by Dr Kit Prendergast for the Western Australian Government’s Department of Biodiversity, Conservation and Attractions (DBCA).  DBCA Jarrah Forest Native Bee Report. Western Australian Government’s Department of Biodiversity, Conservation and Attractions (DBCA).",S85A,Prendergast_2022_3,S,1,1,0,1,1,1,Specimens deposited in WAM,NA
Corymbia,calophylla,Corymbia calophylla,Myrtaceae,Hyphesma atromicans,Hyphesma,NA,atromicans,Colletidae,Euryglossinae,NA,Insecta,Hymenoptera,4,WA,"Pindalup, Coach Rd, Wurmaring",-32.7574573,116.2781616,29/1/2022,Jan,2022,"Prendergast K (2022) DBCA Jarrah Forest Native Bee Report: Pindalup. Report produced by Dr Kit Prendergast for the Western Australian Government’s Department of Biodiversity, Conservation and Attractions (DBCA).  DBCA Jarrah Forest Native Bee Report. Western Australian Government’s Department of Biodiversity, Conservation and Attractions (DBCA).",S85A,Prendergast_2022_3,S,1,1,0,1,1,1,Specimens deposited in WAM,NA
Corymbia,calophylla,Corymbia calophylla,Myrtaceae,Lasioglossum (Chilalictus) hemichalceum,Lasioglossum,Chilalictus,hemichalceum,Halictidae,Halictinae,NA,Insecta,Hymenoptera,12,WA,"Pindalup, Coach Rd, Wurmaring",-32.7574573,116.2781616,29/1/2022,Jan,2022,"Prendergast K (2022) DBCA Jarrah Forest Native Bee Report: Pindalup. Report produced by Dr Kit Prendergast for the Western Australian Government’s Department of Biodiversity, Conservation and Attractions (DBCA).  DBCA Jarrah Forest Native Bee Report. Western Australian Government’s Department of Biodiversity, Conservation and Attractions (DBCA).",S85A,Prendergast_2022_3,S,1,1,0,1,1,1,Specimens deposited in WAM,NA
Corymbia,calophylla,Corymbia calophylla,Myrtaceae,Lasioglossum (Chilalictus) hemichalceum,Lasioglossum,Chilalictus,hemichalceum,Halictidae,Halictinae,NA,Insecta,Hymenoptera,1,WA,"Pindalup, Coach Rd, Wurmaring",-32.7574573,116.2781616,28/2/2022,Feb,2022,"Prendergast K (2022) DBCA Jarrah Forest Native Bee Report: Pindalup. Report produced by Dr Kit Prendergast for the Western Australian Government’s Department of Biodiversity, Conservation and Attractions (DBCA).  DBCA Jarrah Forest Native Bee Report. Western Australian Government’s Department of Biodiversity, Conservation and Attractions (DBCA).",S85A,Prendergast_2022_3,S,1,1,0,1,1,1,Specimens deposited in WAM,NA
Corymbia,calophylla,Corymbia calophylla,Myrtaceae,Lasioglossum (Homalictus) urbanum,Lasioglossum,Homalictus,urbanum,Halictidae,Halictinae,NA,Insecta,Hymenoptera,1,WA,"Pindalup, Coach Rd, Wurmaring",-32.7574573,116.2781616,28/2/2022,Feb,2022,"Prendergast K (2022) DBCA Jarrah Forest Native Bee Report: Pindalup. Report produced by Dr Kit Prendergast for the Western Australian Government’s Department of Biodiversity, Conservation and Attractions (DBCA).  DBCA Jarrah Forest Native Bee Report. Western Australian Government’s Department of Biodiversity, Conservation and Attractions (DBCA).",S85A,Prendergast_2022_3,S,1,1,0,1,1,1,Specimens deposited in WAM,NA
Corymbia,calophylla,Corymbia calophylla,Myrtaceae,Lipotriches (Austronomia) flavoviridis spp-group,Lipotriches,Austronomia,spp-group,Halictidae,Halictinae,NA,Insecta,Hymenoptera,1,WA,"Pindalup, Coach Rd, Wurmaring",-32.7574573,116.2781616,29/1/2022,Jan,2022,"Prendergast K (2022) DBCA Jarrah Forest Native Bee Report: Pindalup. Report produced by Dr Kit Prendergast for the Western Australian Government’s Department of Biodiversity, Conservation and Attractions (DBCA).  DBCA Jarrah Forest Native Bee Report. Western Australian Government’s Department of Biodiversity, Conservation and Attractions (DBCA).",S85A,Prendergast_2022_3,S,1,1,0,1,1,1,Specimens deposited in WAM,NA
Corymbia,calophylla,Corymbia calophylla,Myrtaceae,Megachile (Eutricharaea) chrysopyga,Megachile,Eutricharaea,chrysopyga,Megachilidae,Megachilinae,NA,Insecta,Hymenoptera,2,WA,"Pindalup, Coach Rd, Wurmaring",-32.7574573,116.2781616,28/2/2022,Feb,2022,"Prendergast K (2022) DBCA Jarrah Forest Native Bee Report: Pindalup. Report produced by Dr Kit Prendergast for the Western Australian Government’s Department of Biodiversity, Conservation and Attractions (DBCA).  DBCA Jarrah Forest Native Bee Report. Western Australian Government’s Department of Biodiversity, Conservation and Attractions (DBCA).",S85A,Prendergast_2022_3,S,1,1,0,1,1,1,Specimens deposited in WAM,NA
Corymbia,calophylla,Corymbia calophylla,Myrtaceae,Megachile (Eutricharaea) chrysopyga,Megachile,Eutricharaea,chrysopyga,Megachilidae,Megachilinae,NA,Insecta,Hymenoptera,1,WA,"Pindalup, Coach Rd, Wurmaring",-32.7574573,116.2781616,29/1/2022,Jan,2022,"Prendergast K (2022) DBCA Jarrah Forest Native Bee Report: Pindalup. Report produced by Dr Kit Prendergast for the Western Australian Government’s Department of Biodiversity, Conservation and Attractions (DBCA).  DBCA Jarrah Forest Native Bee Report. Western Australian Government’s Department of Biodiversity, Conservation and Attractions (DBCA).",S85A,Prendergast_2022_3,S,1,1,0,1,1,1,Specimens deposited in WAM,NA
Corymbia,calophylla,Corymbia calophylla,Myrtaceae,Megachile (Hackeriapis) oblonga,Megachile,Hackeriapia,oblonga,Megachilidae,Megachilinae,NA,Insecta,Hymenoptera,1,WA,"Pindalup, Coach Rd, Wurmaring",-32.7574573,116.2781616,28/2/2022,Feb,2022,"Prendergast K (2022) DBCA Jarrah Forest Native Bee Report: Pindalup. Report produced by Dr Kit Prendergast for the Western Australian Government’s Department of Biodiversity, Conservation and Attractions (DBCA).  DBCA Jarrah Forest Native Bee Report. Western Australian Government’s Department of Biodiversity, Conservation and Attractions (DBCA).",S85A,Prendergast_2022_3,S,1,1,0,1,1,1,Specimens deposited in WAM,NA
Corymbia,calophylla,Corymbia calophylla,Myrtaceae,Megachile (Hackeriapis) oblonga 2,Megachile,Hackeriapia,oblonga,Megachilidae,Megachilinae,NA,Insecta,Hymenoptera,2,WA,"Pindalup, Coach Rd, Wurmaring",-32.7574573,116.2781616,29/1/2022,Jan,2022,"Prendergast K (2022) DBCA Jarrah Forest Native Bee Report: Pindalup. Report produced by Dr Kit Prendergast for the Western Australian Government’s Department of Biodiversity, Conservation and Attractions (DBCA).  DBCA Jarrah Forest Native Bee Report. Western Australian Government’s Department of Biodiversity, Conservation and Attractions (DBCA).",S85A,Prendergast_2022_3,S,1,1,0,1,1,1,Specimens deposited in WAM,NA
Corymbia,calophylla,Corymbia calophylla,Myrtaceae,Megachile cf. clypeata?,Megachile,NA,clypeata?,Megachilidae,Megachilinae,NA,Insecta,Hymenoptera,1,WA,"Pindalup, Coach Rd, Wurmaring",-32.7574573,116.2781616,29/1/2022,Jan,2022,"Prendergast K (2022) DBCA Jarrah Forest Native Bee Report: Pindalup. Report produced by Dr Kit Prendergast for the Western Australian Government’s Department of Biodiversity, Conservation and Attractions (DBCA).  DBCA Jarrah Forest Native Bee Report. Western Australian Government’s Department of Biodiversity, Conservation and Attractions (DBCA).",S85A,Prendergast_2022_3,S,1,1,0,1,1,1,Specimens deposited in WAM,NA
Kennedia,coccinea,Kennedia coccinea,Proteaceae,Trichocolletes erythrurus,Trichocolletes,NA,erythrurus,Colletidae,Neopasiphaeinae,NA,Insecta,Hymenoptera,6,WA,"Pindalup, Coach Rd, Wurmaring",-32.7574573,116.2781616,27/9/2024,Sept,2021,"Prendergast K (2022) DBCA Jarrah Forest Native Bee Report: Pindalup. Report produced by Dr Kit Prendergast for the Western Australian Government’s Department of Biodiversity, Conservation and Attractions (DBCA).  DBCA Jarrah Forest Native Bee Report. Western Australian Government’s Department of Biodiversity, Conservation and Attractions (DBCA).",S85A,Prendergast_2022_3,S,1,1,0,1,1,1,Specimens deposited in WAM,NA
Ptilotus,manglesii,Ptilotus manglesii,Amaranthoideae,Amegilla (Notomegilla) chlorocyanea,Amegilla,Notomegilla,chlorocyanea,Apidae,Apinae,NA,Insecta,Hymenoptera,1,WA,"Pindalup, Coach Rd, Wurmaring",-32.7574573,116.2781616,31/12/2021,Dec,2021,"Prendergast K (2022) DBCA Jarrah Forest Native Bee Report: Pindalup. Report produced by Dr Kit Prendergast for the Western Australian Government’s Department of Biodiversity, Conservation and Attractions (DBCA).  DBCA Jarrah Forest Native Bee Report. Western Australian Government’s Department of Biodiversity, Conservation and Attractions (DBCA).",S85A,Prendergast_2022_3,S,1,1,0,1,1,1,Specimens deposited in WAM,NA
Banksia,grandis,Banksia grandis,Proteaceae,"Euryglossina ""KSP sp.10""",Euryglossina,NA,"""KSP sp.10""",Colletidae,Euryglossinae,NA,Insecta,Hymenoptera,3,WA,"Urbrae, Torrens Rd, Banksiadale",-32.5812592,116.0579296,8/12/2021,Dec,2021,"Prendergast K (2022) DBCA Jarrah Forest Native Bee Report: Urbrae. Report produced by Dr Kit Prendergast for the Western Australian Government’s Department of Biodiversity, Conservation and Attractions (DBCA).  DBCA Jarrah Forest Native Bee Report. Western Australian Government’s Department of Biodiversity, Conservation and Attractions (DBCA).",S85A,Prendergast_2022_3,S,1,1,0,1,1,1,Specimens deposited in WAM,NA
Banksia,grandis,Banksia grandis,Proteaceae,Exoneura (Exoneura) pictifrons?,Exoneura,Exoneura,pictifrons?,Apidae,Xylocopinae,NA,Insecta,Hymenoptera,15,WA,"Urbrae, Torrens Rd, Banksiadale",-32.5812592,116.0579296,9/11/2021,Nov,2021,"Prendergast K (2022) DBCA Jarrah Forest Native Bee Report: Urbrae. Report produced by Dr Kit Prendergast for the Western Australian Government’s Department of Biodiversity, Conservation and Attractions (DBCA).  DBCA Jarrah Forest Native Bee Report. Western Australian Government’s Department of Biodiversity, Conservation and Attractions (DBCA).",S85A,Prendergast_2022_3,S,1,1,0,1,1,1,Specimens deposited in WAM,NA
Banksia,grandis,Banksia grandis,Proteaceae,Exoneura (Exoneura) pictifrons?,Exoneura,Exoneura,pictifrons?,Apidae,Xylocopinae,NA,Insecta,Hymenoptera,2,WA,"Urbrae, Torrens Rd, Banksiadale",-32.5812592,116.0579296,8/12/2021,Dec,2021,"Prendergast K (2022) DBCA Jarrah Forest Native Bee Report: Urbrae. Report produced by Dr Kit Prendergast for the Western Australian Government’s Department of Biodiversity, Conservation and Attractions (DBCA).  DBCA Jarrah Forest Native Bee Report. Western Australian Government’s Department of Biodiversity, Conservation and Attractions (DBCA).",S85A,Prendergast_2022_3,S,1,1,0,1,1,1,Specimens deposited in WAM,NA
Banksia,grandis,Banksia grandis,Proteaceae,Exoneura sp. DBCAPerthHills_7,Exoneura,NA,"""DBCAPerthHills_7""",Apidae,Xylocopinae,NA,Insecta,Hymenoptera,1,WA,"Urbrae, Torrens Rd, Banksiadale",-32.5812592,116.0579296,9/11/2021,Nov,2021,"Prendergast K (2022) DBCA Jarrah Forest Native Bee Report: Urbrae. Report produced by Dr Kit Prendergast for the Western Australian Government’s Department of Biodiversity, Conservation and Attractions (DBCA).  DBCA Jarrah Forest Native Bee Report. Western Australian Government’s Department of Biodiversity, Conservation and Attractions (DBCA).",S85A,Prendergast_2022_3,S,1,1,0,1,1,1,Specimens deposited in WAM,NA
Banksia,grandis,Banksia grandis,Proteaceae,"Hylaeus (Prosopisteron) ""latifacies""",Hylaeus,Prosopisteron,"""latifacies""",Colletidae,Hylaeinae,NA,Insecta,Hymenoptera,6,WA,"Urbrae, Torrens Rd, Banksiadale",-32.5812592,116.0579296,8/12/2021,Dec,2021,"Prendergast K (2022) DBCA Jarrah Forest Native Bee Report: Urbrae. Report produced by Dr Kit Prendergast for the Western Australian Government’s Department of Biodiversity, Conservation and Attractions (DBCA).  DBCA Jarrah Forest Native Bee Report. Western Australian Government’s Department of Biodiversity, Conservation and Attractions (DBCA).",S85A,Prendergast_2022_3,S,1,1,0,1,1,1,Specimens deposited in WAM,NA
Banksia,grandis,Banksia grandis,Proteaceae,"Hylaeus (Prosopisteron) ""latifacies""",Hylaeus,Prosopisteron,"""latifacies""",Colletidae,Hylaeinae,NA,Insecta,Hymenoptera,4,WA,"Urbrae, Torrens Rd, Banksiadale",-32.5812592,116.0579296,9/11/2021,Nov,2021,"Prendergast K (2022) DBCA Jarrah Forest Native Bee Report: Urbrae. Report produced by Dr Kit Prendergast for the Western Australian Government’s Department of Biodiversity, Conservation and Attractions (DBCA).  DBCA Jarrah Forest Native Bee Report. Western Australian Government’s Department of Biodiversity, Conservation and Attractions (DBCA).",S85A,Prendergast_2022_3,S,1,1,0,1,1,1,Specimens deposited in WAM,NA
Banksia,grandis,Banksia grandis,Proteaceae,Lasioglossum (Chilalictus) hemichalceum,Lasioglossum,Chilalictus,hemichalceum,Halictidae,Halictinae,NA,Insecta,Hymenoptera,1,WA,"Urbrae, Torrens Rd, Banksiadale",-32.5812592,116.0579296,8/12/2021,Dec,2021,"Prendergast K (2022) DBCA Jarrah Forest Native Bee Report: Urbrae. Report produced by Dr Kit Prendergast for the Western Australian Government’s Department of Biodiversity, Conservation and Attractions (DBCA).  DBCA Jarrah Forest Native Bee Report. Western Australian Government’s Department of Biodiversity, Conservation and Attractions (DBCA).",S85A,Prendergast_2022_3,S,1,1,0,1,1,1,Specimens deposited in WAM,NA
Banksia,grandis,Banksia grandis,Proteaceae,Lasioglossum (Homalictus) urbanum,Lasioglossum,Homalictus,urbanum,Halictidae,Halictinae,NA,Insecta,Hymenoptera,1,WA,"Urbrae, Torrens Rd, Banksiadale",-32.5812592,116.0579296,9/11/2021,Nov,2021,"Prendergast K (2022) DBCA Jarrah Forest Native Bee Report: Urbrae. Report produced by Dr Kit Prendergast for the Western Australian Government’s Department of Biodiversity, Conservation and Attractions (DBCA).  DBCA Jarrah Forest Native Bee Report. Western Australian Government’s Department of Biodiversity, Conservation and Attractions (DBCA).",S85A,Prendergast_2022_3,S,1,1,0,1,1,1,Specimens deposited in WAM,NA
Corymbia,calophylla,Corymbia calophylla,Myrtaceae,Amegilla (Asaropoda) preissi,Amegilla,Asaropoda,preissi,Apidae,Apinae,NA,Insecta,Hymenoptera,1,WA,"Urbrae, Torrens Rd, Banksiadale",-32.5812592,116.0579296,24/2/2022,Feb,2022,"Prendergast K (2022) DBCA Jarrah Forest Native Bee Report: Urbrae. Report produced by Dr Kit Prendergast for the Western Australian Government’s Department of Biodiversity, Conservation and Attractions (DBCA).  DBCA Jarrah Forest Native Bee Report. Western Australian Government’s Department of Biodiversity, Conservation and Attractions (DBCA).",S85A,Prendergast_2022_3,S,1,1,0,1,1,1,Specimens deposited in WAM,NA
Corymbia,calophylla,Corymbia calophylla,Myrtaceae,Amegilla (Asaropoda) preissi,Amegilla,Asaropoda,preissi,Apidae,Apinae,NA,Insecta,Hymenoptera,1,WA,"Urbrae, Torrens Rd, Banksiadale",-32.5812592,116.0579296,13/3/2022,March,2022,"Prendergast K (2022) DBCA Jarrah Forest Native Bee Report: Urbrae. Report produced by Dr Kit Prendergast for the Western Australian Government’s Department of Biodiversity, Conservation and Attractions (DBCA).  DBCA Jarrah Forest Native Bee Report. Western Australian Government’s Department of Biodiversity, Conservation and Attractions (DBCA).",S85A,Prendergast_2022_3,S,1,1,0,1,1,1,Specimens deposited in WAM,NA
Corymbia,calophylla,Corymbia calophylla,Myrtaceae,Euryglossa rubricata,Euryglossa,NA,rubricata,Colletidae,Euryglossinae,NA,Insecta,Hymenoptera,1,WA,"Urbrae, Torrens Rd, Banksiadale",-32.5812592,116.0579296,24/2/2022,Feb,2022,"Prendergast K (2022) DBCA Jarrah Forest Native Bee Report: Urbrae. Report produced by Dr Kit Prendergast for the Western Australian Government’s Department of Biodiversity, Conservation and Attractions (DBCA).  DBCA Jarrah Forest Native Bee Report. Western Australian Government’s Department of Biodiversity, Conservation and Attractions (DBCA).",S85A,Prendergast_2022_3,S,1,1,0,1,1,1,Specimens deposited in WAM,NA
Corymbia,calophylla,Corymbia calophylla,Myrtaceae,Euryglossina (Euryglossina) perpusilla,Euryglossina,Euryglossina,perpusilla,Colletidae,Euryglossinae,NA,Insecta,Hymenoptera,1,WA,"Urbrae, Torrens Rd, Banksiadale",-32.5812592,116.0579296,24/2/2022,Feb,2022,"Prendergast K (2022) DBCA Jarrah Forest Native Bee Report: Urbrae. Report produced by Dr Kit Prendergast for the Western Australian Government’s Department of Biodiversity, Conservation and Attractions (DBCA).  DBCA Jarrah Forest Native Bee Report. Western Australian Government’s Department of Biodiversity, Conservation and Attractions (DBCA).",S85A,Prendergast_2022_3,S,1,1,0,1,1,1,Specimens deposited in WAM,NA
Corymbia,calophylla,Corymbia calophylla,Myrtaceae,Exoneura ?pictifrons,Exoneura,Exoneura,pictifrons?,Apidae,Xylocopinae,NA,Insecta,Hymenoptera,3,WA,"Urbrae, Torrens Rd, Banksiadale",-32.5812592,116.0579296,24/2/2022,Feb,2022,"Prendergast K (2022) DBCA Jarrah Forest Native Bee Report: Urbrae. Report produced by Dr Kit Prendergast for the Western Australian Government’s Department of Biodiversity, Conservation and Attractions (DBCA).  DBCA Jarrah Forest Native Bee Report. Western Australian Government’s Department of Biodiversity, Conservation and Attractions (DBCA).",S85A,Prendergast_2022_3,S,1,1,0,1,1,1,Specimens deposited in WAM,NA
Corymbia,calophylla,Corymbia calophylla,Myrtaceae,Gasteruption sp.,Gasteruption,NA,sp.,Gasteruptiidae,Gasteruptiinae,NA,Insecta,Hymenoptera,1,WA,"Urbrae, Torrens Rd, Banksiadale",-32.5812592,116.0579296,13/3/2022,March,2022,"Prendergast K (2022) DBCA Jarrah Forest Native Bee Report: Urbrae. Report produced by Dr Kit Prendergast for the Western Australian Government’s Department of Biodiversity, Conservation and Attractions (DBCA).  DBCA Jarrah Forest Native Bee Report. Western Australian Government’s Department of Biodiversity, Conservation and Attractions (DBCA).",S85A,Prendergast_2022_3,S,1,1,0,1,1,1,Specimens deposited in WAM,NA
Corymbia,calophylla,Corymbia calophylla,Myrtaceae,Hylaeus (Euprosopoides) ruficeps kalamundae,Hylaeus,Euprosopoides,kalamundae,Colletidae,Hylaeinae,NA,Insecta,Hymenoptera,2,WA,"Urbrae, Torrens Rd, Banksiadale",-32.5812592,116.0579296,13/3/2022,March,2022,"Prendergast K (2022) DBCA Jarrah Forest Native Bee Report: Urbrae. Report produced by Dr Kit Prendergast for the Western Australian Government’s Department of Biodiversity, Conservation and Attractions (DBCA).  DBCA Jarrah Forest Native Bee Report. Western Australian Government’s Department of Biodiversity, Conservation and Attractions (DBCA).",S85A,Prendergast_2022_3,S,1,1,0,1,1,1,Specimens deposited in WAM,NA
Corymbia,calophylla,Corymbia calophylla,Myrtaceae,"Hylaeus (Prosopisteron) ""breviscapatus""",Hylaeus,Prosopisteron,"""breviscapatus""",Colletidae,Hylaeinae,NA,Insecta,Hymenoptera,1,WA,"Urbrae, Torrens Rd, Banksiadale",-32.5812592,116.0579296,13/3/2022,March,2022,"Prendergast K (2022) DBCA Jarrah Forest Native Bee Report: Urbrae. Report produced by Dr Kit Prendergast for the Western Australian Government’s Department of Biodiversity, Conservation and Attractions (DBCA).  DBCA Jarrah Forest Native Bee Report. Western Australian Government’s Department of Biodiversity, Conservation and Attractions (DBCA).",S85A,Prendergast_2022_3,S,1,1,0,1,1,1,Specimens deposited in WAM,NA
Corymbia,calophylla,Corymbia calophylla,Myrtaceae,"Hylaeus (Prosopisteron) ""latifacies""",Hylaeus,Prosopisteron,"""latifacies""",Colletidae,Hylaeinae,NA,Insecta,Hymenoptera,1,WA,"Urbrae, Torrens Rd, Banksiadale",-32.5812592,116.0579296,13/3/2022,March,2022,"Prendergast K (2022) DBCA Jarrah Forest Native Bee Report: Urbrae. Report produced by Dr Kit Prendergast for the Western Australian Government’s Department of Biodiversity, Conservation and Attractions (DBCA).  DBCA Jarrah Forest Native Bee Report. Western Australian Government’s Department of Biodiversity, Conservation and Attractions (DBCA).",S85A,Prendergast_2022_3,S,1,1,0,1,1,1,Specimens deposited in WAM,NA
Corymbia,calophylla,Corymbia calophylla,Myrtaceae,Hyphesma atromicans,Hyphesma,NA,atromicans,Colletidae,Euryglossinae,NA,Insecta,Hymenoptera,3,WA,"Urbrae, Torrens Rd, Banksiadale",-32.5812592,116.0579296,24/2/2022,Feb,2022,"Prendergast K (2022) DBCA Jarrah Forest Native Bee Report: Urbrae. Report produced by Dr Kit Prendergast for the Western Australian Government’s Department of Biodiversity, Conservation and Attractions (DBCA).  DBCA Jarrah Forest Native Bee Report. Western Australian Government’s Department of Biodiversity, Conservation and Attractions (DBCA).",S85A,Prendergast_2022_3,S,1,1,0,1,1,1,Specimens deposited in WAM,NA
Corymbia,calophylla,Corymbia calophylla,Myrtaceae,Hyphesma cardaleae,Hyphesma,NA,cardaleae,Colletidae,Euryglossinae,NA,Insecta,Hymenoptera,2,WA,"Urbrae, Torrens Rd, Banksiadale",-32.5812592,116.0579296,13/3/2022,March,2022,"Prendergast K (2022) DBCA Jarrah Forest Native Bee Report: Urbrae. Report produced by Dr Kit Prendergast for the Western Australian Government’s Department of Biodiversity, Conservation and Attractions (DBCA).  DBCA Jarrah Forest Native Bee Report. Western Australian Government’s Department of Biodiversity, Conservation and Attractions (DBCA).",S85A,Prendergast_2022_3,S,1,1,0,1,1,1,Specimens deposited in WAM,NA
Corymbia,calophylla,Corymbia calophylla,Myrtaceae,Lasioglossum (Chilalictus) ?melanopterum,Lasioglossum,Chilalictus,melanopterum?,Halictidae,Halictinae,NA,Insecta,Hymenoptera,2,WA,"Urbrae, Torrens Rd, Banksiadale",-32.5812592,116.0579296,24/2/2022,Feb,2022,"Prendergast K (2022) DBCA Jarrah Forest Native Bee Report: Urbrae. Report produced by Dr Kit Prendergast for the Western Australian Government’s Department of Biodiversity, Conservation and Attractions (DBCA).  DBCA Jarrah Forest Native Bee Report. Western Australian Government’s Department of Biodiversity, Conservation and Attractions (DBCA).",S85A,Prendergast_2022_3,S,1,1,0,1,1,1,Specimens deposited in WAM,NA
Corymbia,calophylla,Corymbia calophylla,Myrtaceae,Lasioglossum (Chilalictus) ebeneum,Lasioglossum,Chilalictus,ebeneum,Halictidae,Halictinae,NA,Insecta,Hymenoptera,9,WA,"Urbrae, Torrens Rd, Banksiadale",-32.5812592,116.0579296,13/3/2022,March,2022,"Prendergast K (2022) DBCA Jarrah Forest Native Bee Report: Urbrae. Report produced by Dr Kit Prendergast for the Western Australian Government’s Department of Biodiversity, Conservation and Attractions (DBCA).  DBCA Jarrah Forest Native Bee Report. Western Australian Government’s Department of Biodiversity, Conservation and Attractions (DBCA).",S85A,Prendergast_2022_3,S,1,1,0,1,1,1,Specimens deposited in WAM,NA
Corymbia,calophylla,Corymbia calophylla,Myrtaceae,Lasioglossum (Chilalictus) ebenum?,Lasioglossum,Chilalictus,ebenum,Halictidae,Halictinae,NA,Insecta,Hymenoptera,2,WA,"Urbrae, Torrens Rd, Banksiadale",-32.5812592,116.0579296,24/2/2022,Feb,2022,"Prendergast K (2022) DBCA Jarrah Forest Native Bee Report: Urbrae. Report produced by Dr Kit Prendergast for the Western Australian Government’s Department of Biodiversity, Conservation and Attractions (DBCA).  DBCA Jarrah Forest Native Bee Report. Western Australian Government’s Department of Biodiversity, Conservation and Attractions (DBCA).",S85A,Prendergast_2022_3,S,1,1,0,1,1,1,Specimens deposited in WAM,NA
Corymbia,calophylla,Corymbia calophylla,Myrtaceae,Lasioglossum (Chilalictus) mirandum,Lasioglossum,Chilalictus,mirandum,Halictidae,Halictinae,NA,Insecta,Hymenoptera,1,WA,"Urbrae, Torrens Rd, Banksiadale",-32.5812592,116.0579296,13/3/2022,March,2022,"Prendergast K (2022) DBCA Jarrah Forest Native Bee Report: Urbrae. Report produced by Dr Kit Prendergast for the Western Australian Government’s Department of Biodiversity, Conservation and Attractions (DBCA).  DBCA Jarrah Forest Native Bee Report. Western Australian Government’s Department of Biodiversity, Conservation and Attractions (DBCA).",S85A,Prendergast_2022_3,S,1,1,0,1,1,1,Specimens deposited in WAM,NA
Corymbia,calophylla,Corymbia calophylla,Myrtaceae,Lasioglossum (Homalictus) urbanum,Lasioglossum,Homalictus,urbanum,Halictidae,Halictinae,NA,Insecta,Hymenoptera,1,WA,"Urbrae, Torrens Rd, Banksiadale",-32.5812592,116.0579296,13/3/2022,March,2022,"Prendergast K (2022) DBCA Jarrah Forest Native Bee Report: Urbrae. Report produced by Dr Kit Prendergast for the Western Australian Government’s Department of Biodiversity, Conservation and Attractions (DBCA).  DBCA Jarrah Forest Native Bee Report. Western Australian Government’s Department of Biodiversity, Conservation and Attractions (DBCA).",S85A,Prendergast_2022_3,S,1,1,0,1,1,1,Specimens deposited in WAM,NA
Corymbia,calophylla,Corymbia calophylla,Myrtaceae,Leioproctus (Leioproctus) clarki,Leioproctus,Leioproctus,clarki,Colletidae,Neopasiphaeinae,NA,Insecta,Hymenoptera,1,WA,"Urbrae, Torrens Rd, Banksiadale",-32.5812592,116.0579296,13/3/2022,March,2022,"Prendergast K (2022) DBCA Jarrah Forest Native Bee Report: Urbrae. Report produced by Dr Kit Prendergast for the Western Australian Government’s Department of Biodiversity, Conservation and Attractions (DBCA).  DBCA Jarrah Forest Native Bee Report. Western Australian Government’s Department of Biodiversity, Conservation and Attractions (DBCA).",S85A,Prendergast_2022_3,S,1,1,0,1,1,1,Specimens deposited in WAM,NA
Corymbia,calophylla,Corymbia calophylla,Myrtaceae,Megachile (Eutricharaea) chrysopyga,Megachile,Eutricharaea,chrysopyga,Megachilidae,Megachilinae,NA,Insecta,Hymenoptera,1,WA,"Urbrae, Torrens Rd, Banksiadale",-32.5812592,116.0579296,24/2/2022,Feb,2022,"Prendergast K (2022) DBCA Jarrah Forest Native Bee Report: Urbrae. Report produced by Dr Kit Prendergast for the Western Australian Government’s Department of Biodiversity, Conservation and Attractions (DBCA).  DBCA Jarrah Forest Native Bee Report. Western Australian Government’s Department of Biodiversity, Conservation and Attractions (DBCA).",S85A,Prendergast_2022_3,S,1,1,0,1,1,1,Specimens deposited in WAM,NA
Corymbia,calophylla,Corymbia calophylla,Myrtaceae,Megachile (Eutricharaea) chrysopyga,Megachile,Eutricharaea,chrysopyga,Megachilidae,Megachilinae,NA,Insecta,Hymenoptera,1,WA,"Urbrae, Torrens Rd, Banksiadale",-32.5812592,116.0579296,13/3/2022,March,2022,"Prendergast K (2022) DBCA Jarrah Forest Native Bee Report: Urbrae. Report produced by Dr Kit Prendergast for the Western Australian Government’s Department of Biodiversity, Conservation and Attractions (DBCA).  DBCA Jarrah Forest Native Bee Report. Western Australian Government’s Department of Biodiversity, Conservation and Attractions (DBCA).",S85A,Prendergast_2022_3,S,1,1,0,1,1,1,Specimens deposited in WAM,NA
Corymbia,calophylla,Corymbia calophylla,Myrtaceae,Megachile (Hackeriapis) oblonga,Megachile,Hackeriapia,oblonga,Megachilidae,Megachilinae,NA,Insecta,Hymenoptera,1,WA,"Urbrae, Torrens Rd, Banksiadale",-32.5812592,116.0579296,24/2/2022,Feb,2022,"Prendergast K (2022) DBCA Jarrah Forest Native Bee Report: Urbrae. Report produced by Dr Kit Prendergast for the Western Australian Government’s Department of Biodiversity, Conservation and Attractions (DBCA).  DBCA Jarrah Forest Native Bee Report. Western Australian Government’s Department of Biodiversity, Conservation and Attractions (DBCA).",S85A,Prendergast_2022_3,S,1,1,0,1,1,1,Specimens deposited in WAM,NA
Hakea,amplexicaulis,Hakea amplexicaulis,Proteaceae,Euryglossinae Euhesma (Euhesma) ?viridescens F [parasite under tergite!],Euhesma,Euhesma,?viridescens,Colletidae,Euryglossinae,NA,Insecta,Hymenoptera,10,WA,"Urbrae, Torrens Rd, Banksiadale",-32.5812592,116.0579296,13/10/2021,Oct,2021,"Prendergast K (2022) DBCA Jarrah Forest Native Bee Report: Urbrae. Report produced by Dr Kit Prendergast for the Western Australian Government’s Department of Biodiversity, Conservation and Attractions (DBCA).  DBCA Jarrah Forest Native Bee Report. Western Australian Government’s Department of Biodiversity, Conservation and Attractions (DBCA).",S85A,Prendergast_2022_3,S,1,1,0,1,1,1,Specimens deposited in WAM,NA
Hakea,amplexicaulis,Hakea amplexicaulis,Proteaceae,"Lasioglossum (Homalictus) ""Urbrae1""",Lasioglossum,Homalictus,"""urbrae1""",Halictidae,Halictinae,NA,Insecta,Hymenoptera,1,WA,"Urbrae, Torrens Rd, Banksiadale",-32.5812592,116.0579296,13/10/2021,Oct,2021,"Prendergast K (2022) DBCA Jarrah Forest Native Bee Report: Urbrae. Report produced by Dr Kit Prendergast for the Western Australian Government’s Department of Biodiversity, Conservation and Attractions (DBCA).  DBCA Jarrah Forest Native Bee Report. Western Australian Government’s Department of Biodiversity, Conservation and Attractions (DBCA).",S85A,Prendergast_2022_3,S,1,1,0,1,1,1,Specimens deposited in WAM,NA
Hakea,amplexicaulis,Hakea amplexicaulis,Proteaceae,Lasioglossum (Chilalictus) hemichalceum,Lasioglossum,Chilalictus,hemichalceum,Halictidae,Halictinae,NA,Insecta,Hymenoptera,3,WA,"Urbrae, Torrens Rd, Banksiadale",-32.5812592,116.0579296,13/10/2021,Oct,2021,"Prendergast K (2022) DBCA Jarrah Forest Native Bee Report: Urbrae. Report produced by Dr Kit Prendergast for the Western Australian Government’s Department of Biodiversity, Conservation and Attractions (DBCA).  DBCA Jarrah Forest Native Bee Report. Western Australian Government’s Department of Biodiversity, Conservation and Attractions (DBCA).",S85A,Prendergast_2022_3,S,1,1,0,1,1,1,Specimens deposited in WAM,NA
Hakea,amplexicaulis,Hakea amplexicaulis,Proteaceae,Lasioglossum (Chilalictus) hemichalceum,Lasioglossum,Chilalictus,hemichalceum,Halictidae,Halictinae,NA,Insecta,Hymenoptera,1,WA,"Urbrae, Torrens Rd, Banksiadale",-32.5812592,116.0579296,28/9/2021,Sept,2021,"Prendergast K (2022) DBCA Jarrah Forest Native Bee Report: Urbrae. Report produced by Dr Kit Prendergast for the Western Australian Government’s Department of Biodiversity, Conservation and Attractions (DBCA).  DBCA Jarrah Forest Native Bee Report. Western Australian Government’s Department of Biodiversity, Conservation and Attractions (DBCA).",S85A,Prendergast_2022_3,S,1,1,0,1,1,1,Specimens deposited in WAM,NA
Hakea,amplexicaulis,Hakea amplexicaulis,Proteaceae,Lasioglossum (Homalictus) ?megastigmus,Lasioglossum,Homalictus,megastigmus?,Halictidae,Halictinae,NA,Insecta,Hymenoptera,1,WA,"Urbrae, Torrens Rd, Banksiadale",-32.5812592,116.0579296,13/10/2021,Oct,2021,"Prendergast K (2022) DBCA Jarrah Forest Native Bee Report: Urbrae. Report produced by Dr Kit Prendergast for the Western Australian Government’s Department of Biodiversity, Conservation and Attractions (DBCA).  DBCA Jarrah Forest Native Bee Report. Western Australian Government’s Department of Biodiversity, Conservation and Attractions (DBCA).",S85A,Prendergast_2022_3,S,1,1,0,1,1,1,Specimens deposited in WAM,NA
Hakea,amplexicaulis,Hakea amplexicaulis,Proteaceae,"Lasioglossum sp.""Hakea""",Lasioglossum,NA,"sp.""hakea""",Halictidae,Halictinae,NA,Insecta,Hymenoptera,1,WA,"Urbrae, Torrens Rd, Banksiadale",-32.5812592,116.0579296,28/9/2021,Sept,2021,"Prendergast K (2022) DBCA Jarrah Forest Native Bee Report: Urbrae. Report produced by Dr Kit Prendergast for the Western Australian Government’s Department of Biodiversity, Conservation and Attractions (DBCA).  DBCA Jarrah Forest Native Bee Report. Western Australian Government’s Department of Biodiversity, Conservation and Attractions (DBCA).",S85A,Prendergast_2022_3,S,1,1,0,1,1,1,Specimens deposited in WAM,NA
Hakea,amplexicaulis,Hakea amplexicaulis,Proteaceae,Leioproctus Urbrae1,Leioproctus,NA,"""urbrae1""",Colletidae,Neopasiphaeinae,NA,Insecta,Hymenoptera,2,WA,"Urbrae, Torrens Rd, Banksiadale",-32.5812592,116.0579296,13/10/2021,Oct,2021,"Prendergast K (2022) DBCA Jarrah Forest Native Bee Report: Urbrae. Report produced by Dr Kit Prendergast for the Western Australian Government’s Department of Biodiversity, Conservation and Attractions (DBCA).  DBCA Jarrah Forest Native Bee Report. Western Australian Government’s Department of Biodiversity, Conservation and Attractions (DBCA).",S85A,Prendergast_2022_3,S,1,1,0,1,1,1,Specimens deposited in WAM,NA
Hakea,amplexicaulis,Hakea amplexicaulis,Proteaceae,"Tumidihesma? ""Hakea""",Tumidihesma,NA,"""hakea""",Colletidae,Euryglossinae,NA,Insecta,Hymenoptera,3,WA,"Urbrae, Torrens Rd, Banksiadale",-32.5812592,116.0579296,28/9/2021,Sept,2021,"Prendergast K (2022) DBCA Jarrah Forest Native Bee Report: Urbrae. Report produced by Dr Kit Prendergast for the Western Australian Government’s Department of Biodiversity, Conservation and Attractions (DBCA).  DBCA Jarrah Forest Native Bee Report. Western Australian Government’s Department of Biodiversity, Conservation and Attractions (DBCA).",S85A,Prendergast_2022_3,S,1,1,0,1,1,1,Specimens deposited in WAM,NA
Hakea,linearis,Hakea linearis,Proteaceae,Exoneura ?pictifrons,Exoneura,Exoneura,pictifrons?,Apidae,Xylocopinae,NA,Insecta,Hymenoptera,1,WA,"Urbrae, Torrens Rd, Banksiadale",-32.5812592,116.0579296,13/3/2022,March,2022,"Prendergast K (2022) DBCA Jarrah Forest Native Bee Report: Urbrae. Report produced by Dr Kit Prendergast for the Western Australian Government’s Department of Biodiversity, Conservation and Attractions (DBCA).  DBCA Jarrah Forest Native Bee Report. Western Australian Government’s Department of Biodiversity, Conservation and Attractions (DBCA).",S85A,Prendergast_2022_3,S,1,1,0,1,1,1,Specimens deposited in WAM,NA
Hakea,linearis,Hakea linearis,Proteaceae,Lasioglossum (Chilalictus) ebeneum,Lasioglossum,Chilalictus,ebeneum,Halictidae,Halictinae,NA,Insecta,Hymenoptera,1,WA,"Urbrae, Torrens Rd, Banksiadale",-32.5812592,116.0579296,13/3/2022,March,2022,"Prendergast K (2022) DBCA Jarrah Forest Native Bee Report: Urbrae. Report produced by Dr Kit Prendergast for the Western Australian Government’s Department of Biodiversity, Conservation and Attractions (DBCA).  DBCA Jarrah Forest Native Bee Report. Western Australian Government’s Department of Biodiversity, Conservation and Attractions (DBCA).",S85A,Prendergast_2022_3,S,1,1,0,1,1,1,Specimens deposited in WAM,NA
Hypocalymma,angustifolium,Hypocalymma angustifolium,Myrtaceae,Exoneura laeta?,Exoneura,Exoneura,laeta?,Apidae,Xylocopinae,NA,Insecta,Hymenoptera,1,WA,"Urbrae, Torrens Rd, Banksiadale",-32.5812592,116.0579296,13/10/2021,Oct,2021,"Prendergast K (2022) DBCA Jarrah Forest Native Bee Report: Urbrae. Report produced by Dr Kit Prendergast for the Western Australian Government’s Department of Biodiversity, Conservation and Attractions (DBCA).  DBCA Jarrah Forest Native Bee Report. Western Australian Government’s Department of Biodiversity, Conservation and Attractions (DBCA).",S85A,Prendergast_2022_3,S,1,1,0,1,1,1,Specimens deposited in WAM,NA
Hypocalymma,angustifolium,Hypocalymma angustifolium,Myrtaceae,"Lasioglossum (Homalictus) ""Urbrae1""",Lasioglossum,Homalictus,"""urbrae1""",Halictidae,Halictinae,NA,Insecta,Hymenoptera,1,WA,"Urbrae, Torrens Rd, Banksiadale",-32.5812592,116.0579296,13/10/2021,Oct,2021,"Prendergast K (2022) DBCA Jarrah Forest Native Bee Report: Urbrae. Report produced by Dr Kit Prendergast for the Western Australian Government’s Department of Biodiversity, Conservation and Attractions (DBCA).  DBCA Jarrah Forest Native Bee Report. Western Australian Government’s Department of Biodiversity, Conservation and Attractions (DBCA).",S85A,Prendergast_2022_3,S,1,1,0,1,1,1,Specimens deposited in WAM,NA
Hypocalymma,angustifolium,Hypocalymma angustifolium,Myrtaceae,"Hylaeus (Prosopisteron) ""latifacies""",Hylaeus,Prosopisteron,"""latifacies""",Colletidae,Hylaeinae,NA,Insecta,Hymenoptera,2,WA,"Urbrae, Torrens Rd, Banksiadale",-32.5812592,116.0579296,13/10/2021,Oct,2021,"Prendergast K (2022) DBCA Jarrah Forest Native Bee Report: Urbrae. Report produced by Dr Kit Prendergast for the Western Australian Government’s Department of Biodiversity, Conservation and Attractions (DBCA).  DBCA Jarrah Forest Native Bee Report. Western Australian Government’s Department of Biodiversity, Conservation and Attractions (DBCA).",S85A,Prendergast_2022_3,S,1,1,0,1,1,1,Specimens deposited in WAM,NA
Hypocalymma,angustifolium,Hypocalymma angustifolium,Myrtaceae,Lasioglossum (Chilalictus) hemichalceum,Lasioglossum,Chilalictus,hemichalceum,Halictidae,Halictinae,NA,Insecta,Hymenoptera,12,WA,"Urbrae, Torrens Rd, Banksiadale",-32.5812592,116.0579296,28/9/2021,Sept,2021,"Prendergast K (2022) DBCA Jarrah Forest Native Bee Report: Urbrae. Report produced by Dr Kit Prendergast for the Western Australian Government’s Department of Biodiversity, Conservation and Attractions (DBCA).  DBCA Jarrah Forest Native Bee Report. Western Australian Government’s Department of Biodiversity, Conservation and Attractions (DBCA).",S85A,Prendergast_2022_3,S,1,1,0,1,1,1,Specimens deposited in WAM,NA
Hypocalymma,angustifolium,Hypocalymma angustifolium,Myrtaceae,Lasioglossum (Chilalictus) hemichalceum,Lasioglossum,Chilalictus,hemichalceum,Halictidae,Halictinae,NA,Insecta,Hymenoptera,1,WA,"Urbrae, Torrens Rd, Banksiadale",-32.5812592,116.0579296,13/10/2021,Oct,2021,"Prendergast K (2022) DBCA Jarrah Forest Native Bee Report: Urbrae. Report produced by Dr Kit Prendergast for the Western Australian Government’s Department of Biodiversity, Conservation and Attractions (DBCA).  DBCA Jarrah Forest Native Bee Report. Western Australian Government’s Department of Biodiversity, Conservation and Attractions (DBCA).",S85A,Prendergast_2022_3,S,1,1,0,1,1,1,Specimens deposited in WAM,NA
Kennedia,concinna,Kennedia concinna,Proteaceae,Trichocolletes erythrurus,Trichocolletes,NA,erythrurus,Colletidae,Neopasiphaeinae,NA,Insecta,Hymenoptera,1,WA,"Urbrae, Torrens Rd, Banksiadale",-32.5812592,116.0579296,28/9/2021,Sept,2021,"Prendergast K (2022) DBCA Jarrah Forest Native Bee Report: Urbrae. Report produced by Dr Kit Prendergast for the Western Australian Government’s Department of Biodiversity, Conservation and Attractions (DBCA).  DBCA Jarrah Forest Native Bee Report. Western Australian Government’s Department of Biodiversity, Conservation and Attractions (DBCA).",S85A,Prendergast_2022_3,S,1,1,0,1,1,1,Specimens deposited in WAM,NA
Melaleuca,alsophila,Melaleuca alsophila,Myrtaceae,Austroplebeia essingtoni,Austroplebeia,NA,essingtoni,Apidae,Apinae,NA,Insecta,Hymenoptera,1,WA,Walyarta,-19.7241E,121.3338S,20/7/2021,July,2021,"Prendergast K. (2021) Native Bees at Walyarta Reserve Surveyed by Dr Kit Prendergast 20th-21st July 2021. Report prepared for DBCA, Broome, WA.",S91B,Prendergast_2022_4,S,1,1,0,1,1,1,Identified by K.S.Prendergast. Deposited at WAM.,NA
Stylobasium,spathulatum,Stylobasium spathulatum,Surianaceae,Austroplebeia essingtoni,Austroplebeia,NA,essingtoni,Apidae,Apinae,NA,Insecta,Hymenoptera,3,WA,Walyarta,-19.7241E,121.3338S,20/7/2021,July,2021,"Prendergast K. (2021) Native Bees at Walyarta Reserve Surveyed by Dr Kit Prendergast 20th-21st July 2021. Report prepared for DBCA, Broome, WA.",S91B,Prendergast_2022_4,S,1,1,0,1,1,1,Identified by K.S.Prendergast. Deposited at WAM.,NA
Senna,sp.,Senna sp.,Fabaceae,Austroplebeia essingtoni,Austroplebeia,NA,essingtoni,Apidae,Apinae,NA,Insecta,Hymenoptera,1,WA,Walyarta,-19.7268E,121.3135S,21/7/2021,July,2021,"Prendergast K. (2021) Native Bees at Walyarta Reserve Surveyed by Dr Kit Prendergast 20th-21st July 2021. Report prepared for DBCA, Broome, WA.",S91B,Prendergast_2022_4,S,1,1,0,1,1,1,Identified by K.S.Prendergast. Deposited at WAM.,NA
Melaleuca,alsophila,Melaleuca alsophila,Myrtaceae,Braunsapis cf. hylina,Braunsapis,NA,cf. hylina,Apidae,Xylocopinae,NA,Insecta,Hymenoptera,1,WA,Walyarta,-19.7241E,121.3338S,21/7/2021,July,2021,"Prendergast K. (2021) Native Bees at Walyarta Reserve Surveyed by Dr Kit Prendergast 20th-21st July 2021. Report prepared for DBCA, Broome, WA.",S91B,Prendergast_2022_4,S,1,1,0,1,1,1,Identified by K.S.Prendergast. Deposited at WAM.,NA
Melaleuca,alsophila,Melaleuca alsophila,Myrtaceae,Ceylalictus perditellus,Ceylalictus,NA,perditellus,Halictidae,Nomiodinae,NA,Insecta,Hymenoptera,6,WA,Walyarta,-19.7175E,121.5312S,20/7/2021,July,2021,"Prendergast K. (2021) Native Bees at Walyarta Reserve Surveyed by Dr Kit Prendergast 20th-21st July 2021. Report prepared for DBCA, Broome, WA.",S91B,Prendergast_2022_4,S,1,1,0,1,1,1,Identified by K.S.Prendergast. Deposited at WAM.,NA
Melaleuca,alsophila,Melaleuca alsophila,Myrtaceae,Ceylalictus perditellus,Ceylalictus,NA,perditellus,Halictidae,Nomiodinae,NA,Insecta,Hymenoptera,2,WA,Walyarta,-19.7241E,121.3338S,20/7/2021,July,2021,"Prendergast K. (2021) Native Bees at Walyarta Reserve Surveyed by Dr Kit Prendergast 20th-21st July 2021. Report prepared for DBCA, Broome, WA.",S91B,Prendergast_2022_4,S,1,1,0,1,1,1,Identified by K.S.Prendergast. Deposited at WAM.,NA
Melaleuca,alsophila,Melaleuca alsophila,Myrtaceae,Ceylalictus perditellus,Ceylalictus,NA,perditellus,Halictidae,Nomiodinae,NA,Insecta,Hymenoptera,4,WA,Walyarta,-19.7241E,121.3338S,21/7/2021,July,2021,"Prendergast K. (2021) Native Bees at Walyarta Reserve Surveyed by Dr Kit Prendergast 20th-21st July 2021. Report prepared for DBCA, Broome, WA.",S91B,Prendergast_2022_4,S,1,1,0,1,1,1,Identified by K.S.Prendergast. Deposited at WAM.,NA
Calandrinia,sp.,Calandrinia sp.,Montiaceae,"Euhesma ""walkeriana-group""",Euhesma,NA,"""walkeriana-group""",Colletidae,Euryglossinae,NA,Insecta,Hymenoptera,1,WA,Walyarta,-19.7170E,121.6084S,20/7/2021,July,2021,"Prendergast K. (2021) Native Bees at Walyarta Reserve Surveyed by Dr Kit Prendergast 20th-21st July 2021. Report prepared for DBCA, Broome, WA.",S91B,Prendergast_2022_4,S,1,1,0,1,1,1,Identified by K.S.Prendergast. Deposited at WAM.,NA
Melaleuca,alsophila,Melaleuca alsophila,Myrtaceae,Euryglossula scalaris,Euryglossula,NA,scalaris,Colletidae,Euryglossinae,NA,Insecta,Hymenoptera,3,WA,Walyarta,-19.7241E,121.3338S,21/7/2021,July,2021,"Prendergast K. (2021) Native Bees at Walyarta Reserve Surveyed by Dr Kit Prendergast 20th-21st July 2021. Report prepared for DBCA, Broome, WA.",S91B,Prendergast_2022_4,S,1,1,0,1,1,1,Identified by K.S.Prendergast. Deposited at WAM.,NA
Halgania,Johnson 5123),Halgania sp. A Kimberley Flora (H.A. Johnson 5123),Boraginaceae,Exoneurella eremophila,Exoneurella,NA,eremophila,Apidae,Xylocopinae,NA,Insecta,Hymenoptera,1,WA,Walyarta,-19.71E,121.61S,20/7/2021,July,2021,"Prendergast K. (2021) Native Bees at Walyarta Reserve Surveyed by Dr Kit Prendergast 20th-21st July 2021. Report prepared for DBCA, Broome, WA.",S91B,Prendergast_2022_4,S,1,1,0,1,1,1,Identified by K.S.Prendergast. Deposited at WAM.,NA
Grevillea,eriostachya,Grevillea eriostachya,Proteaceae,"Hylaeus ""Walyarta sp.1""",Hylaeus,NA,"""Walyarta sp.1""",Colletidae,Hylaeinae,NA,Insecta,Hymenoptera,1,WA,Walyarta,-19.7241E,121.3338S,20/7/2021,July,2021,"Prendergast K. (2021) Native Bees at Walyarta Reserve Surveyed by Dr Kit Prendergast 20th-21st July 2021. Report prepared for DBCA, Broome, WA.",S91B,Prendergast_2022_4,S,1,1,0,1,1,1,Identified by K.S.Prendergast. Deposited at WAM.,NA
Ptilotus,calostachyus,Ptilotus calostachyus,Amaranthaceae,"Hylaeus ""Walyarta sp.2""",Hylaeus,NA,"""Walyarta sp.2""",Colletidae,Hylaeinae,NA,Insecta,Hymenoptera,1,WA,Walyarta,-19.7178E,121.5605S,20/7/2021,July,2021,"Prendergast K. (2021) Native Bees at Walyarta Reserve Surveyed by Dr Kit Prendergast 20th-21st July 2021. Report prepared for DBCA, Broome, WA.",S91B,Prendergast_2022_4,S,1,1,0,1,1,1,Identified by K.S.Prendergast. Deposited at WAM.,NA
Cyanostegia,cyanocalyx,Cyanostegia cyanocalyx,Lamiaceae,Hylaeus (Prosopisteron) falcatus,Hylaeus,Prosopisteron,falcatus,Colletidae,Hylaeinae,NA,Insecta,Hymenoptera,1,WA,Walyarta,-19.7175E,121.5312S,20/7/2021,July,2021,"Prendergast K. (2021) Native Bees at Walyarta Reserve Surveyed by Dr Kit Prendergast 20th-21st July 2021. Report prepared for DBCA, Broome, WA.",S91B,Prendergast_2022_4,S,1,1,0,1,1,1,Identified by K.S.Prendergast. Deposited at WAM.,NA
Ptilotus,calostachyus,Ptilotus calostachyus,Amaranthaceae,Hylaeus (Prosopisteron) falcatus,Hylaeus,Prosopisteron,falcatus,Colletidae,Hylaeinae,NA,Insecta,Hymenoptera,1,WA,Walyarta,-19.7170E,121.6084S,20/7/2021,July,2021,"Prendergast K. (2021) Native Bees at Walyarta Reserve Surveyed by Dr Kit Prendergast 20th-21st July 2021. Report prepared for DBCA, Broome, WA.",S91B,Prendergast_2022_4,S,1,1,0,1,1,1,Identified by K.S.Prendergast. Deposited at WAM.,NA
Grevillea,eriostachya,Grevillea eriostachya,Proteaceae,Hylaeus (Prosopisteron) grevilleophilus,Hylaeus,Prosopisteron,grevilleophilus,Colletidae,Hylaeinae,NA,Insecta,Hymenoptera,1,WA,Walyarta,-19.7241E,121.3338S,20/7/2021,July,2021,"Prendergast K. (2021) Native Bees at Walyarta Reserve Surveyed by Dr Kit Prendergast 20th-21st July 2021. Report prepared for DBCA, Broome, WA.",S91B,Prendergast_2022_4,S,1,1,0,1,1,1,Identified by K.S.Prendergast. Deposited at WAM.,NA
Ptilotus,calostachyus,Ptilotus calostachyus,Amaranthaceae,Lasioglossum (Chilalictus) greavesi,Lasioglossum,Chilalictus,greavesi,Halictidae,Halictinae,NA,Insecta,Hymenoptera,1,WA,Walyarta,-19.7178E,121.5605S,20/7/2021,July,2021,"Prendergast K. (2021) Native Bees at Walyarta Reserve Surveyed by Dr Kit Prendergast 20th-21st July 2021. Report prepared for DBCA, Broome, WA.",S91B,Prendergast_2022_4,S,1,1,0,1,1,1,Identified by K.S.Prendergast. Deposited at WAM.,NA
Ptilotus,calostachyus,Ptilotus calostachyus,Amaranthaceae,Lasioglossum (Chilalictus) greavesi,Lasioglossum,Chilalictus,greavesi,Halictidae,Halictinae,NA,Insecta,Hymenoptera,1,WA,Walyarta,-19.7231E,121.6495S,20/7/2021,July,2021,"Prendergast K. (2021) Native Bees at Walyarta Reserve Surveyed by Dr Kit Prendergast 20th-21st July 2021. Report prepared for DBCA, Broome, WA.",S91B,Prendergast_2022_4,S,1,1,0,1,1,1,Identified by K.S.Prendergast. Deposited at WAM.,NA
Melaleuca,alsophila,Melaleuca alsophila,Myrtaceae,"Lasioglossum (Homalictus) ""Walyarta sp.1""",Lasioglossum,Homalictus,"""Walyarta sp.1""",Halictidae,Halictinae,NA,Insecta,Hymenoptera,1,WA,Walyarta,-19.7175E,121.5312S,20/7/2021,July,2021,"Prendergast K. (2021) Native Bees at Walyarta Reserve Surveyed by Dr Kit Prendergast 20th-21st July 2021. Report prepared for DBCA, Broome, WA.",S91B,Prendergast_2022_4,S,1,1,0,1,1,1,Identified by K.S.Prendergast. Deposited at WAM.,NA
Grevillea,eriostachya,Grevillea eriostachya,Proteaceae,Leioproctus (Exleycolletes)?pusillus,Leioproctus,Exleycolletes,pusillus,Colletidae,Neopasiphaeinae,NA,Insecta,Hymenoptera,5,WA,Walyarta,-19.7241E,121.3338S,20/7/2021,July,2021,"Prendergast K. (2021) Native Bees at Walyarta Reserve Surveyed by Dr Kit Prendergast 20th-21st July 2021. Report prepared for DBCA, Broome, WA.",S91B,Prendergast_2022_4,S,1,1,0,1,1,1,Identified by K.S.Prendergast. Deposited at WAM.,NA
Lysiphyllum,cunninghami,Lysiphyllum cunninghami,Fabaceae,Tiphiidae sp.,NA,NA,sp.,Tiphiidae,Thynninae,NA,Insecta,Hymenoptera,1,WA,Walyarta,-19.7892E,121.3908,21/7/2021,July,2021,"Prendergast K. (2021) Native Bees at Walyarta Reserve Surveyed by Dr Kit Prendergast 20th-21st July 2021. Report prepared for DBCA, Broome, WA.",S91B,Prendergast_2022_4,S,1,1,0,1,1,1,Identified by K.S.Prendergast. Deposited at WAM.,NA
Orianthera,sp.,Orianthera sp.,Loganiaceae,Austroplebeia essingtoni,Austroplebeia,NA,essingtoni,Apidae,Apinae,NA,Insecta,Hymenoptera,3,WA,Walyarta,-19°76.59,121°39.20,19/10/2022,Oct,2022,"Prendergast K. (2022) Native Bees at Walyarta Reserve Surveyed by Dr Kit Prendergast 18th-20th Oct 2022. Report prepared for DBCA, Broome, WA.",S91B,Prendergast_2022_4,S,1,1,0,1,1,1,Identified by K.S.Prendergast. Deposited at WAM.,NA
Melaleuca,glomerata,Melaleuca glomerata,Myrtaceae,Austroplebeia essingtoni,Austroplebeia,NA,essingtoni,Apidae,Apinae,NA,Insecta,Hymenoptera,19,WA,Walyarta,-19°72.31,121°39.64,18/10/2022,Oct,2022,"Prendergast K. (2022) Native Bees at Walyarta Reserve Surveyed by Dr Kit Prendergast 18th-20th Oct 2022. Report prepared for DBCA, Broome, WA.",S91B,Prendergast_2022_4,S,1,1,0,1,1,1,Identified by K.S.Prendergast. Deposited at WAM.,NA
Melaleuca,glomerata,Melaleuca glomerata,Myrtaceae,Bembix sp.,Bembix,NA,sp.,Crabronidae,Bembicinae,NA,Insecta,Hymenoptera,1,WA,Walyarta,-19°72.41,121°37.51,18/10/2022,Oct,2022,"Prendergast K. (2022) Native Bees at Walyarta Reserve Surveyed by Dr Kit Prendergast 18th-20th Oct 2022. Report prepared for DBCA, Broome, WA.",S91B,Prendergast_2022_4,S,1,1,0,1,1,1,Identified by K.S.Prendergast. Deposited at WAM.,NA
Melaleuca,glomerata,Melaleuca glomerata,Myrtaceae,Brachyhesma (Brachyhesma) sulphurella,Brachyhesma,Brachyhesma,sulphurella,Colletidae,Euryglossinae,NA,Insecta,Hymenoptera,1,WA,Walyarta,-19°72.31,121°39.64,18/10/2022,Oct,2022,"Prendergast K. (2022) Native Bees at Walyarta Reserve Surveyed by Dr Kit Prendergast 18th-20th Oct 2022. Report prepared for DBCA, Broome, WA.",S91B,Prendergast_2022_4,S,1,1,0,1,1,1,Identified by K.S.Prendergast. Deposited at WAM.,NA
Melaleuca,glomerata,Melaleuca glomerata,Myrtaceae,Brachyhesma (Brachyhesma) sulphurella,Brachyhesma,Brachyhesma,sulphurella,Colletidae,Euryglossinae,NA,Insecta,Hymenoptera,11,WA,Walyarta,-19°72.41,121°37.51,18/10/2022,Oct,2022,"Prendergast K. (2022) Native Bees at Walyarta Reserve Surveyed by Dr Kit Prendergast 18th-20th Oct 2022. Report prepared for DBCA, Broome, WA.",S91B,Prendergast_2022_4,S,1,1,0,1,1,1,Identified by K.S.Prendergast. Deposited at WAM.,NA
Melaleuca,glomerata,Melaleuca glomerata,Myrtaceae,Brachyhesma (Brachyhesma) sulphurella?,Brachyhesma,Brachyhesma,sulphurella?,Colletidae,Euryglossinae,NA,Insecta,Hymenoptera,4,WA,Walyarta,-19°72.12,121°40.36,18/10/2022,Oct,2022,"Prendergast K. (2022) Native Bees at Walyarta Reserve Surveyed by Dr Kit Prendergast 18th-20th Oct 2022. Report prepared for DBCA, Broome, WA.",S91B,Prendergast_2022_4,S,1,1,0,1,1,1,Identified by K.S.Prendergast. Deposited at WAM.,NA
Heliotropioideae,sp.,Heliotropioideae sp.,Heliotropioideae,Braunsapis simillima,Braunsapis,NA,simillima,Apidae,Xylocopinae,NA,Insecta,Hymenoptera,1,WA,Walyarta,-19°72.62,121°38.22,18/10/2022,Oct,2022,"Prendergast K. (2022) Native Bees at Walyarta Reserve Surveyed by Dr Kit Prendergast 18th-20th Oct 2022. Report prepared for DBCA, Broome, WA.",S91B,Prendergast_2022_4,S,1,1,0,1,1,1,Identified by K.S.Prendergast. Deposited at WAM.,NA
Melaleuca,glomerata,Melaleuca glomerata,Myrtaceae,Braunsapis simillima,Braunsapis,NA,simillima,Apidae,Xylocopinae,NA,Insecta,Hymenoptera,1,WA,Walyarta,-19°72.12,121°40.36,18/10/2022,Oct,2022,"Prendergast K. (2022) Native Bees at Walyarta Reserve Surveyed by Dr Kit Prendergast 18th-20th Oct 2022. Report prepared for DBCA, Broome, WA.",S91B,Prendergast_2022_4,S,1,1,0,1,1,1,Identified by K.S.Prendergast. Deposited at WAM.,NA
Melaleuca,glomerata,Melaleuca glomerata,Myrtaceae,Braunsapis simillima,Braunsapis,NA,simillima,Apidae,Xylocopinae,NA,Insecta,Hymenoptera,1,WA,Walyarta,-19°72.31,121°39.64,18/10/2022,Oct,2022,"Prendergast K. (2022) Native Bees at Walyarta Reserve Surveyed by Dr Kit Prendergast 18th-20th Oct 2022. Report prepared for DBCA, Broome, WA.",S91B,Prendergast_2022_4,S,1,1,0,1,1,1,Identified by K.S.Prendergast. Deposited at WAM.,NA
Orianthera,sp.,Orianthera sp.,Loganiaceae,Braunsapis simillima,Braunsapis,NA,simillima,Apidae,Xylocopinae,NA,Insecta,Hymenoptera,2,WA,Walyarta,-19°76.59,121°39.20,19/10/2022,Oct,2022,"Prendergast K. (2022) Native Bees at Walyarta Reserve Surveyed by Dr Kit Prendergast 18th-20th Oct 2022. Report prepared for DBCA, Broome, WA.",S91B,Prendergast_2022_4,S,1,1,0,1,1,1,Identified by K.S.Prendergast. Deposited at WAM.,NA
Terminalia,sp.,Terminalia sp.,Combretaceae,Braunsapis simillima,Braunsapis,NA,simillima,Apidae,Xylocopinae,NA,Insecta,Hymenoptera,1,WA,Walyarta,-19°78.37,121°33.92,19/10/2022,Oct,2022,"Prendergast K. (2022) Native Bees at Walyarta Reserve Surveyed by Dr Kit Prendergast 18th-20th Oct 2022. Report prepared for DBCA, Broome, WA.",S91B,Prendergast_2022_4,S,1,1,0,1,1,1,Identified by K.S.Prendergast. Deposited at WAM.,NA
Melaleuca,glomerata,Melaleuca glomerata,Myrtaceae,Cerceris sp.,Cerceris,NA,sp.,Crabronidae,"Philanthinae
",NA,Insecta,Hymenoptera,2,WA,Walyarta,-19°72.41,121°37.51,18/10/2022,Oct,2022,"Prendergast K. (2022) Native Bees at Walyarta Reserve Surveyed by Dr Kit Prendergast 18th-20th Oct 2022. Report prepared for DBCA, Broome, WA.",S91B,Prendergast_2022_4,S,1,1,0,1,1,1,Identified by K.S.Prendergast. Deposited at WAM.,NA
Heliotropioideae,sp.,Heliotropioideae sp.,Heliotropioideae,Ceylalictus perditellus,Ceylalictus,NA,perditellus,Halictidae,Nomiodinae,NA,Insecta,Hymenoptera,1,WA,Walyarta,-19°72.62,121°38.22,18/10/2022,Oct,2022,"Prendergast K. (2022) Native Bees at Walyarta Reserve Surveyed by Dr Kit Prendergast 18th-20th Oct 2022. Report prepared for DBCA, Broome, WA.",S91B,Prendergast_2022_4,S,1,1,0,1,1,1,Identified by K.S.Prendergast. Deposited at WAM.,NA
Melaleuca,glomerata,Melaleuca glomerata,Myrtaceae,Ceylalictus perditellus,Ceylalictus,NA,perditellus,Halictidae,Nomiodinae,NA,Insecta,Hymenoptera,23,WA,Walyarta,-19°72.12,121°40.36,18/10/2022,Oct,2022,"Prendergast K. (2022) Native Bees at Walyarta Reserve Surveyed by Dr Kit Prendergast 18th-20th Oct 2022. Report prepared for DBCA, Broome, WA.",S91B,Prendergast_2022_4,S,1,1,0,1,1,1,Identified by K.S.Prendergast. Deposited at WAM.,NA
Melaleuca,glomerata,Melaleuca glomerata,Myrtaceae,Ceylalictus perditellus,Ceylalictus,NA,perditellus,Halictidae,Nomiodinae,NA,Insecta,Hymenoptera,14,WA,Walyarta,-19°72.31,121°39.64,18/10/2022,Oct,2022,"Prendergast K. (2022) Native Bees at Walyarta Reserve Surveyed by Dr Kit Prendergast 18th-20th Oct 2022. Report prepared for DBCA, Broome, WA.",S91B,Prendergast_2022_4,S,1,1,0,1,1,1,Identified by K.S.Prendergast. Deposited at WAM.,NA
Melaleuca,glomerata,Melaleuca glomerata,Myrtaceae,Ceylalictus perditellus,Ceylalictus,NA,perditellus,Halictidae,Nomiodinae,NA,Insecta,Hymenoptera,1,WA,Walyarta,-19°72.35,121°39.4,18/10/2022,Oct,2022,"Prendergast K. (2022) Native Bees at Walyarta Reserve Surveyed by Dr Kit Prendergast 18th-20th Oct 2022. Report prepared for DBCA, Broome, WA.",S91B,Prendergast_2022_4,S,1,1,0,1,1,1,Identified by K.S.Prendergast. Deposited at WAM.,NA
Melaleuca,glomerata,Melaleuca glomerata,Myrtaceae,Ceylalictus perditellus,Ceylalictus,NA,perditellus,Halictidae,Nomiodinae,NA,Insecta,Hymenoptera,21,WA,Walyarta,-19°72.41,121°37.51,18/10/2022,Oct,2022,"Prendergast K. (2022) Native Bees at Walyarta Reserve Surveyed by Dr Kit Prendergast 18th-20th Oct 2022. Report prepared for DBCA, Broome, WA.",S91B,Prendergast_2022_4,S,1,1,0,1,1,1,Identified by K.S.Prendergast. Deposited at WAM.,NA
Melaleuca,glomerata,Melaleuca glomerata,Myrtaceae,Ceylalictus perditellus,Ceylalictus,NA,perditellus,Halictidae,Nomiodinae,NA,Insecta,Hymenoptera,5,WA,Walyarta,-19°72.59,121°37.08,18/10/2022,Oct,2022,"Prendergast K. (2022) Native Bees at Walyarta Reserve Surveyed by Dr Kit Prendergast 18th-20th Oct 2022. Report prepared for DBCA, Broome, WA.",S91B,Prendergast_2022_4,S,1,1,0,1,1,1,Identified by K.S.Prendergast. Deposited at WAM.,NA
Melaleuca,glomerata,Melaleuca glomerata,Myrtaceae,Ceylalictus perditellus,Ceylalictus,NA,perditellus,Halictidae,Nomiodinae,NA,Insecta,Hymenoptera,1,WA,Walyarta,-19°72.62,121°38.22,18/10/2022,Oct,2022,"Prendergast K. (2022) Native Bees at Walyarta Reserve Surveyed by Dr Kit Prendergast 18th-20th Oct 2022. Report prepared for DBCA, Broome, WA.",S91B,Prendergast_2022_4,S,1,1,0,1,1,1,Identified by K.S.Prendergast. Deposited at WAM.,NA
Melaleuca,glomerata,Melaleuca glomerata,Myrtaceae,Ceylalictus perditellus,Ceylalictus,NA,perditellus,Halictidae,Nomiodinae,NA,Insecta,Hymenoptera,1,WA,Walyarta,-19°76.44,120°67.35,20/10/2022,Oct,2022,"Prendergast K. (2022) Native Bees at Walyarta Reserve Surveyed by Dr Kit Prendergast 18th-20th Oct 2022. Report prepared for DBCA, Broome, WA.",S91B,Prendergast_2022_4,S,1,1,0,1,1,1,Identified by K.S.Prendergast. Deposited at WAM.,NA
Terminalia,sp.,Terminalia sp.,Combretaceae,Ceylalictus perditellus,Ceylalictus,NA,perditellus,Halictidae,Nomiodinae,NA,Insecta,Hymenoptera,17,WA,Walyarta,-19°72.41,121°37.51,18/10/2022,Oct,2022,"Prendergast K. (2022) Native Bees at Walyarta Reserve Surveyed by Dr Kit Prendergast 18th-20th Oct 2022. Report prepared for DBCA, Broome, WA.",S91B,Prendergast_2022_4,S,1,1,0,1,1,1,Identified by K.S.Prendergast. Deposited at WAM.,NA
Terminalia,sp.,Terminalia sp.,Combretaceae,Ceylalictus perditellus,Ceylalictus,NA,perditellus,Halictidae,Nomiodinae,NA,Insecta,Hymenoptera,3,WA,Walyarta,-19°78.37,121°33.92,19/10/2022,Oct,2022,"Prendergast K. (2022) Native Bees at Walyarta Reserve Surveyed by Dr Kit Prendergast 18th-20th Oct 2022. Report prepared for DBCA, Broome, WA.",S91B,Prendergast_2022_4,S,1,1,0,1,1,1,Identified by K.S.Prendergast. Deposited at WAM.,NA
Caparis,spinosa,Caparis spinosa,Loganiaceae,Ceylalictus perditellus,Ceylalictus,NA,perditellus,Halictidae,Nomiodinae,NA,Insecta,Hymenoptera,6,WA,Walyarta,-19°77.16,120°67.44,20/10/2022,Oct,2022,"Prendergast K. (2022) Native Bees at Walyarta Reserve Surveyed by Dr Kit Prendergast 18th-20th Oct 2022. Report prepared for DBCA, Broome, WA.",S91B,Prendergast_2022_4,S,1,1,0,1,1,1,Identified by K.S.Prendergast. Deposited at WAM.,NA
Orianthera,sp.,Orianthera sp.,Loganiaceae,Ceylalictus perditellus,Ceylalictus,NA,perditellus,Halictidae,Nomiodinae,NA,Insecta,Hymenoptera,53,WA,Walyarta,-19°76.59,121°39.20,19/10/2022,Oct,2022,"Prendergast K. (2022) Native Bees at Walyarta Reserve Surveyed by Dr Kit Prendergast 18th-20th Oct 2022. Report prepared for DBCA, Broome, WA.",S91B,Prendergast_2022_4,S,1,1,0,1,1,1,Identified by K.S.Prendergast. Deposited at WAM.,NA
Melaleuca,glomerata,Melaleuca glomerata,Myrtaceae,Euryglossina (Euryglossina) cf. douglasi?,Euryglossina,Euryglossina,cf. douglasi?,Colletidae,Euryglossinae,NA,Insecta,Hymenoptera,1,WA,Walyarta,-19°72.31,121°39.64,18/10/2022,Oct,2022,"Prendergast K. (2022) Native Bees at Walyarta Reserve Surveyed by Dr Kit Prendergast 18th-20th Oct 2022. Report prepared for DBCA, Broome, WA.",S91B,Prendergast_2022_4,S,1,1,0,1,1,1,Identified by K.S.Prendergast. Deposited at WAM.,NA
Melaleuca,glomerata,Melaleuca glomerata,Myrtaceae,Euryglossula microdonta,Euryglossula,NA,microdonta,Colletidae,Euryglossinae,NA,Insecta,Hymenoptera,1,WA,Walyarta,-19°72.41,121°37.51,18/10/2022,Oct,2022,"Prendergast K. (2022) Native Bees at Walyarta Reserve Surveyed by Dr Kit Prendergast 18th-20th Oct 2022. Report prepared for DBCA, Broome, WA.",S91B,Prendergast_2022_4,S,1,1,0,1,1,1,Identified by K.S.Prendergast. Deposited at WAM.,NA
Melaleuca,glomerata,Melaleuca glomerata,Myrtaceae,Euryglossula purpurea?,Euryglossula,NA,purpurea?,Colletidae,Euryglossinae,NA,Insecta,Hymenoptera,1,WA,Walyarta,-19°72.41,121°37.51,18/10/2022,Oct,2022,"Prendergast K. (2022) Native Bees at Walyarta Reserve Surveyed by Dr Kit Prendergast 18th-20th Oct 2022. Report prepared for DBCA, Broome, WA.",S91B,Prendergast_2022_4,S,1,1,0,1,1,1,Identified by K.S.Prendergast. Deposited at WAM.,NA
Melaleuca,glomerata,Melaleuca glomerata,Myrtaceae,Euryglossula scalaris,Euryglossula,NA,scalaris,Colletidae,Euryglossinae,NA,Insecta,Hymenoptera,3,WA,Walyarta,-19°72.41,121°37.51,18/10/2022,Oct,2022,"Prendergast K. (2022) Native Bees at Walyarta Reserve Surveyed by Dr Kit Prendergast 18th-20th Oct 2022. Report prepared for DBCA, Broome, WA.",S91B,Prendergast_2022_4,S,1,1,0,1,1,1,Identified by K.S.Prendergast. Deposited at WAM.,NA
Orianthera,sp.,Orianthera sp.,Loganiaceae,Gasteruptiidae sp.,NA,NA,sp.,Gasteruptiidae,NA,NA,Insecta,Hymenoptera,1,WA,Walyarta,-19°76.59,121°39.20,19/10/2022,Oct,2022,"Prendergast K. (2022) Native Bees at Walyarta Reserve Surveyed by Dr Kit Prendergast 18th-20th Oct 2022. Report prepared for DBCA, Broome, WA.",S91B,Prendergast_2022_4,S,1,1,0,1,1,1,Identified by K.S.Prendergast. Deposited at WAM.,NA
Melaleuca,glomerata,Melaleuca glomerata,Myrtaceae,"Hylaeinae ""striped elegans""",Hylaeinae,NA,"""striped elegans""",Colletidae,Hylaeinae,NA,Insecta,Hymenoptera,2,WA,Walyarta,-19°72.12,121°40.36,18/10/2022,Oct,2022,"Prendergast K. (2022) Native Bees at Walyarta Reserve Surveyed by Dr Kit Prendergast 18th-20th Oct 2022. Report prepared for DBCA, Broome, WA.",S91B,Prendergast_2022_4,S,1,1,0,1,1,1,Identified by K.S.Prendergast. Deposited at WAM.,NA
Melaleuca,glomerata,Melaleuca glomerata,Myrtaceae,"Hylaeinae ""striped elegans""",Hylaeinae,NA,"""striped elegans""",Colletidae,Hylaeinae,NA,Insecta,Hymenoptera,1,WA,Walyarta,-19°72.31,121°39.64,18/10/2022,Oct,2022,"Prendergast K. (2022) Native Bees at Walyarta Reserve Surveyed by Dr Kit Prendergast 18th-20th Oct 2022. Report prepared for DBCA, Broome, WA.",S91B,Prendergast_2022_4,S,1,1,0,1,1,1,Identified by K.S.Prendergast. Deposited at WAM.,NA
Melaleuca,glomerata,Melaleuca glomerata,Myrtaceae,"Hylaeinae ""striped elegans""",Hylaeinae,NA,"""striped elegans""",Colletidae,Hylaeinae,NA,Insecta,Hymenoptera,4,WA,Walyarta,-19°72.41,121°37.51,18/10/2022,Oct,2022,"Prendergast K. (2022) Native Bees at Walyarta Reserve Surveyed by Dr Kit Prendergast 18th-20th Oct 2022. Report prepared for DBCA, Broome, WA.",S91B,Prendergast_2022_4,S,1,1,0,1,1,1,Identified by K.S.Prendergast. Deposited at WAM.,NA
Melaleuca,glomerata,Melaleuca glomerata,Myrtaceae,Hylaeus (Gnathoprosopis) euxanthus,Hylaeus,Gnathoprosopis,euxanthus,Colletidae,Hylaeinae,NA,Insecta,Hymenoptera,1,WA,Walyarta,-19°72.12,121°40.36,18/10/2022,Oct,2022,"Prendergast K. (2022) Native Bees at Walyarta Reserve Surveyed by Dr Kit Prendergast 18th-20th Oct 2022. Report prepared for DBCA, Broome, WA.",S91B,Prendergast_2022_4,S,1,1,0,1,1,1,Identified by K.S.Prendergast. Deposited at WAM.,NA
Melaleuca,glomerata,Melaleuca glomerata,Myrtaceae,Hylaeus (Gnathoprosopis) euxanthus,Hylaeus,Gnathoprosopis,euxanthus,Colletidae,Hylaeinae,NA,Insecta,Hymenoptera,1,WA,Walyarta,-19°72.41,121°37.51,18/10/2022,Oct,2022,"Prendergast K. (2022) Native Bees at Walyarta Reserve Surveyed by Dr Kit Prendergast 18th-20th Oct 2022. Report prepared for DBCA, Broome, WA.",S91B,Prendergast_2022_4,S,1,1,0,1,1,1,Identified by K.S.Prendergast. Deposited at WAM.,NA
Melaleuca,glomerata,Melaleuca glomerata,Myrtaceae,Hylaeus (Prosopisteron) baudinensis,Hylaeus,Prosopisteron,baudinensis,Colletidae,Hylaeinae,NA,Insecta,Hymenoptera,2,WA,Walyarta,-19°72.12,121°40.36,18/10/2022,Oct,2022,"Prendergast K. (2022) Native Bees at Walyarta Reserve Surveyed by Dr Kit Prendergast 18th-20th Oct 2022. Report prepared for DBCA, Broome, WA.",S91B,Prendergast_2022_4,S,1,1,0,1,1,1,Identified by K.S.Prendergast. Deposited at WAM.,NA
Melaleuca,glomerata,Melaleuca glomerata,Myrtaceae,Hylaeus (Prosopisteron) baudinensis,Hylaeus,Prosopisteron,baudinensis,Colletidae,Hylaeinae,NA,Insecta,Hymenoptera,3,WA,Walyarta,-19°72.41,121°37.51,18/10/2022,Oct,2022,"Prendergast K. (2022) Native Bees at Walyarta Reserve Surveyed by Dr Kit Prendergast 18th-20th Oct 2022. Report prepared for DBCA, Broome, WA.",S91B,Prendergast_2022_4,S,1,1,0,1,1,1,Identified by K.S.Prendergast. Deposited at WAM.,NA
Melaleuca,glomerata,Melaleuca glomerata,Myrtaceae,"Lasioglossum ""Walyart sp.1""",Lasioglossum,NA,"""sp.1""",Halictidae,Halictinae,NA,Insecta,Hymenoptera,2,WA,Walyarta,-19°72.41,121°37.51,18/10/2022,Oct,2022,"Prendergast K. (2022) Native Bees at Walyarta Reserve Surveyed by Dr Kit Prendergast 18th-20th Oct 2022. Report prepared for DBCA, Broome, WA.",S91B,Prendergast_2022_4,S,1,1,0,1,1,1,Identified by K.S.Prendergast. Deposited at WAM.,NA
Orianthera,sp.,Orianthera sp.,Loganiaceae,"Lasioglossum (Homalictus) ""Walyarta1""",Lasioglossum,Homalictus,"""Walyarta1""",Halictidae,Halictinae,NA,Insecta,Hymenoptera,4,WA,Walyarta,-19°76.59,121°39.20,19/10/2022,Oct,2022,"Prendergast K. (2022) Native Bees at Walyarta Reserve Surveyed by Dr Kit Prendergast 18th-20th Oct 2022. Report prepared for DBCA, Broome, WA.",S91B,Prendergast_2022_4,S,1,1,0,1,1,1,Identified by K.S.Prendergast. Deposited at WAM.,NA
Orianthera,sp.,Orianthera sp.,Loganiaceae,Lasioglossum (Homalictus) urbanus,Lasioglossum,Homalictus,urbanus,Halictidae,Halictinae,NA,Insecta,Hymenoptera,4,WA,Walyarta,-19°76.59,121°39.20,19/10/2022,Oct,2022,"Prendergast K. (2022) Native Bees at Walyarta Reserve Surveyed by Dr Kit Prendergast 18th-20th Oct 2022. Report prepared for DBCA, Broome, WA.",S91B,Prendergast_2022_4,S,1,1,0,1,1,1,Identified by K.S.Prendergast. Deposited at WAM.,NA
Terminalia,sp.,Terminalia sp.,Combretaceae,Lasioglossum (Homalictus) urbanus,Lasioglossum,Homalictus,urbanus,Halictidae,Halictinae,NA,Insecta,Hymenoptera,1,WA,Walyarta,-19°78.37,121°33.92,19/10/2022,Oct,2022,"Prendergast K. (2022) Native Bees at Walyarta Reserve Surveyed by Dr Kit Prendergast 18th-20th Oct 2022. Report prepared for DBCA, Broome, WA.",S91B,Prendergast_2022_4,S,1,1,0,1,1,1,Identified by K.S.Prendergast. Deposited at WAM.,NA
Senna,glutinosa,Senna ?glutinosa,Fabaceae,Lipotriches (Austronomia) flavoviridis species-group,Lipotriches,Austronomia,flavoviridis species-group,Halictidae,Nomiinae,NA,Insecta,Hymenoptera,2,WA,Walyarta,-19°72.35,121°39.48,20/10/2022,Oct,2022,"Prendergast K. (2022) Native Bees at Walyarta Reserve Surveyed by Dr Kit Prendergast 18th-20th Oct 2022. Report prepared for DBCA, Broome, WA.",S91B,Prendergast_2022_4,S,1,1,0,1,1,1,Identified by K.S.Prendergast. Deposited at WAM.,NA
Terminalia,sp.,Terminalia sp.,Combretaceae,Lipotriches (Austronomia) flavovirids spp-group,Lipotriches,Austronomia,flavovirids spp-group,Halictidae,Nomiinae,NA,Insecta,Hymenoptera,2,WA,Walyarta,-19°78.37,121°33.92,19/10/2022,Oct,2022,"Prendergast K. (2022) Native Bees at Walyarta Reserve Surveyed by Dr Kit Prendergast 18th-20th Oct 2022. Report prepared for DBCA, Broome, WA.",S91B,Prendergast_2022_4,S,1,1,0,1,1,1,Identified by K.S.Prendergast. Deposited at WAM.,NA
Tetraena,simplex,Tetraena simplex,Zygophyllaceae,Lipotriches (Austronomia) flavovirids spp-group,Lipotriches,Austronomia,flavovirids spp-group,Halictidae,Nomiinae,NA,Insecta,Hymenoptera,1,WA,Walyarta,-19°78.37,121°33.92,19/10/2022,Oct,2022,"Prendergast K. (2022) Native Bees at Walyarta Reserve Surveyed by Dr Kit Prendergast 18th-20th Oct 2022. Report prepared for DBCA, Broome, WA.",S91B,Prendergast_2022_4,S,1,1,0,1,1,1,Identified by K.S.Prendergast. Deposited at WAM.,NA
Terminalia,sp.,Terminalia sp.,Combretaceae,Megachile apicata,Megachile,NA,apicata,Megachilidae,Megachilinae,NA,Insecta,Hymenoptera,1,WA,Walyarta,-19°78.37,121°33.92,19/10/2022,Oct,2022,"Prendergast K. (2022) Native Bees at Walyarta Reserve Surveyed by Dr Kit Prendergast 18th-20th Oct 2022. Report prepared for DBCA, Broome, WA.",S91B,Prendergast_2022_4,S,1,1,0,1,1,1,Identified by K.S.Prendergast. Deposited at WAM.,NA
Tetraena,simplex,Tetraena simplex,Zygophyllaceae,Megachile apicata,Megachile,NA,apicata,Megachilidae,Megachilinae,NA,Insecta,Hymenoptera,1,WA,Walyarta,-19°72.59,121°37.08,18/10/2022,Oct,2022,"Prendergast K. (2022) Native Bees at Walyarta Reserve Surveyed by Dr Kit Prendergast 18th-20th Oct 2022. Report prepared for DBCA, Broome, WA.",S91B,Prendergast_2022_4,S,1,1,0,1,1,1,Identified by K.S.Prendergast. Deposited at WAM.,NA
Melaleuca,glomerata,Melaleuca glomerata,Myrtaceae,Megachile paracallida,Megachile,NA,paracallida,Megachilidae,Megachilinae,NA,Insecta,Hymenoptera,2,WA,Walyarta,-19°72.12,121°40.36,18/10/2022,Oct,2022,"Prendergast K. (2022) Native Bees at Walyarta Reserve Surveyed by Dr Kit Prendergast 18th-20th Oct 2022. Report prepared for DBCA, Broome, WA.",S91B,Prendergast_2022_4,S,1,1,0,1,1,1,Identified by K.S.Prendergast. Deposited at WAM.,NA
Melaleuca,glomerata,Melaleuca glomerata,Myrtaceae,Megachile paracallida,Megachile,NA,paracallida,Megachilidae,Megachilinae,NA,Insecta,Hymenoptera,3,WA,Walyarta,-19°72.31,121°39.64,18/10/2022,Oct,2022,"Prendergast K. (2022) Native Bees at Walyarta Reserve Surveyed by Dr Kit Prendergast 18th-20th Oct 2022. Report prepared for DBCA, Broome, WA.",S91B,Prendergast_2022_4,S,1,1,0,1,1,1,Identified by K.S.Prendergast. Deposited at WAM.,NA
Melaleuca,glomerata,Melaleuca glomerata,Myrtaceae,Megachile paracallida,Megachile,NA,paracallida,Megachilidae,Megachilinae,NA,Insecta,Hymenoptera,1,WA,Walyarta,-19°72.35,121°39.4,18/10/2022,Oct,2022,"Prendergast K. (2022) Native Bees at Walyarta Reserve Surveyed by Dr Kit Prendergast 18th-20th Oct 2022. Report prepared for DBCA, Broome, WA.",S91B,Prendergast_2022_4,S,1,1,0,1,1,1,Identified by K.S.Prendergast. Deposited at WAM.,NA
Melaleuca,glomerata,Melaleuca glomerata,Myrtaceae,Megachile paracallida,Megachile,NA,paracallida,Megachilidae,Megachilinae,NA,Insecta,Hymenoptera,1,WA,Walyarta,-19°72.59,121°37.08,18/10/2022,Oct,2022,"Prendergast K. (2022) Native Bees at Walyarta Reserve Surveyed by Dr Kit Prendergast 18th-20th Oct 2022. Report prepared for DBCA, Broome, WA.",S91B,Prendergast_2022_4,S,1,1,0,1,1,1,Identified by K.S.Prendergast. Deposited at WAM.,NA
Terminalia,sp.,Terminalia sp.,Combretaceae,Megachile paracallida,Megachile,NA,paracallida,Megachilidae,Megachilinae,NA,Insecta,Hymenoptera,1,WA,Walyarta,-19°78.37,121°33.92,19/10/2022,Oct,2022,"Prendergast K. (2022) Native Bees at Walyarta Reserve Surveyed by Dr Kit Prendergast 18th-20th Oct 2022. Report prepared for DBCA, Broome, WA.",S91B,Prendergast_2022_4,S,1,1,0,1,1,1,Identified by K.S.Prendergast. Deposited at WAM.,NA
Tetraena,simplex,Tetraena simplex,Zygophyllaceae,Megachile paracallida,Megachile,NA,paracallida,Megachilidae,Megachilinae,NA,Insecta,Hymenoptera,1,WA,Walyarta,-19°78.37,121°33.92,19/10/2022,Oct,2022,"Prendergast K. (2022) Native Bees at Walyarta Reserve Surveyed by Dr Kit Prendergast 18th-20th Oct 2022. Report prepared for DBCA, Broome, WA.",S91B,Prendergast_2022_4,S,1,1,0,1,1,1,Identified by K.S.Prendergast. Deposited at WAM.,NA
Thryptomene,baeckeacea,Thryptomene baeckeacea,Myrtaceae,Euryglossina (Euryglossina) argocephala,Euryglossina,Euryglossina,argocephala,Colletidae,Euryglossinae,NA,Insecta,Hymenoptera,1,WA,Lightning Swamp,-31.8696923,115.9068847,23/2/2021,Feb,2021,"Prendergast, K. (2021). City of Bayswater Native Bee Surveys November – February 2020/21. City of Bayswater, WA.",S87,Prendergast_2021_3,S,1,1,0,1,1,1,Specimens ID'd by Dr Kit Prendergast. Deposited at WAM.,NA
Corymbia,calophylla,Corymbia calophylla,Myrtaceae,Euryglossina (Euryglossina) kellyi,Euryglossina,Euryglossina,kellyi,Colletidae,Euryglossinae,NA,Insecta,Hymenoptera,1,WA,Lightning Swamp,-31.8696923,115.9068847,23/2/2021,Feb,2021,"Prendergast, K. (2021). City of Bayswater Native Bee Surveys November – February 2020/21. City of Bayswater, WA.",S87,Prendergast_2021_3,S,1,1,0,1,1,1,Specimens ID'd by Dr Kit Prendergast. Deposited at WAM.,NA
Eucalyptus,erythrocorys,Eucalyptus erythrocorys,Myrtaceae,Euryglossina (Euryglossina) perpusilla,Euryglossina,Euryglossina,perpusilla,Colletidae,Euryglossinae,NA,Insecta,Hymenoptera,1,WA,Baigup Wetlands,-31.935271,115.908083,19/12/2020,Dec,2021,"Prendergast, K. (2021). City of Bayswater Native Bee Surveys November – February 2020/21. City of Bayswater, WA.",S87,Prendergast_2021_3,S,1,1,0,1,1,1,Specimens ID'd by Dr Kit Prendergast. Deposited at WAM.,NA
Eucalyptus,erythrocorys,Eucalyptus erythrocorys,Myrtaceae,Euryglossina (Microdontura) mellea,Euryglossina,Microdontura,mellea,Colletidae,Euryglossinae,NA,Insecta,Hymenoptera,1,WA,Baigup Wetlands,-31.935271,115.908083,19/12/2020,Dec,2021,"Prendergast, K. (2021). City of Bayswater Native Bee Surveys November – February 2020/21. City of Bayswater, WA.",S87,Prendergast_2021_3,S,1,1,0,1,1,1,Specimens ID'd by Dr Kit Prendergast. Deposited at WAM.,NA
Melaleuca,quinquenervia,Melaleuca quinquenervia,Myrtaceae,Euryglossina (Microdontura) mellea,Euryglossina,Microdontura,mellea,Colletidae,Euryglossinae,NA,Insecta,Hymenoptera,2,WA,Lightning Swamp,-31.8696923,115.9068847,19/12/2020,Dec,2020,"Prendergast, K. (2021). City of Bayswater Native Bee Surveys November – February 2020/21. City of Bayswater, WA.",S87,Prendergast_2021_3,S,1,1,0,1,1,1,Specimens ID'd by Dr Kit Prendergast. Deposited at WAM.,NA
Melaleuca,rhaphiophylla,Melaleuca rhaphiophylla,Myrtaceae,Euryglossina (Microdontura) mellea,Euryglossina,Microdontura,mellea,Colletidae,Euryglossinae,NA,Insecta,Hymenoptera,1,WA,Baigup Wetlands,-31.935271,115.908083,23/2/2021,Feb,2021,"Prendergast, K. (2021). City of Bayswater Native Bee Surveys November – February 2020/21. City of Bayswater, WA.",S87,Prendergast_2021_3,S,1,1,0,1,1,1,Specimens ID'd by Dr Kit Prendergast. Deposited at WAM.,NA
Melaleuca,quinquenervia,Melaleuca quinquenervia,Myrtaceae,Hylaeus (Euprosopoides) ruficeps kalamundae,Hylaeus,Euprosopoides,ruficeps kalamundae,Colletidae,Hylaeinae,NA,Insecta,Hymenoptera,4,WA,Lightning Swamp,-31.8696923,115.9068847,19/12/2020,Dec,2020,"Prendergast, K. (2021). City of Bayswater Native Bee Surveys November – February 2020/21. City of Bayswater, WA.",S87,Prendergast_2021_3,S,1,1,0,1,1,1,Specimens ID'd by Dr Kit Prendergast. Deposited at WAM.,NA
Melaleuca,quinquenervia,Melaleuca quinquenervia,Myrtaceae,Hylaeus (Prosopisteron) vittatifrons,Hylaeus,Prosopisteron,vittatifrons,Colletidae,Hylaeinae,NA,Insecta,Hymenoptera,1,WA,Lightning Swamp,-31.8696923,115.9068847,19/12/2020,Dec,2020,"Prendergast, K. (2021). City of Bayswater Native Bee Surveys November – February 2020/21. City of Bayswater, WA.",S87,Prendergast_2021_3,S,1,1,0,1,1,1,Specimens ID'd by Dr Kit Prendergast. Deposited at WAM.,NA
Beaufortia,squarrosa,Beaufortia squarrosa,Myrtaceae,"Hylaeus ""LightningSwampBeaufortia""",Hylaeus,NA,"""LightningSwampBeaufortia""",Colletidae,Hylaeinae,NA,Insecta,Hymenoptera,1,WA,Lightning Swamp,-31.8696923,115.9068847,12/10/2020,Oct,2020,"Prendergast, K. (2021). City of Bayswater Native Bee Surveys November – February 2020/21. City of Bayswater, WA.",S87,Prendergast_2021_3,S,1,1,0,1,1,1,Specimens ID'd by Dr Kit Prendergast. Deposited at WAM.,NA
Calothamnus,quadrifidus,Calothamnus quadrifidus,Myrtaceae,Hyleoides zonalis,Hyleoides,NA,zonalis,Colletidae,Hylaeinae,NA,Insecta,Hymenoptera,1,WA,Baigup Wetlands,-31.935271,115.908083,24/1/2021,Jan,2021,"Prendergast, K. (2021). City of Bayswater Native Bee Surveys November – February 2020/21. City of Bayswater, WA.",S87,Prendergast_2021_3,S,1,1,0,1,1,1,Specimens ID'd by Dr Kit Prendergast. Deposited at WAM.,NA
Hemiandra,pungens,Hemiandra pungens,Lamiaceae,Lasioglossum (Chilalictus) castor,Lasioglossum,Chilalictus,castor,Halictidae,Halictinae,NA,Insecta,Hymenoptera,1,WA,Baigup Wetlands,-31.935271,115.908083,12/10/2020,Oct,2020,"Prendergast, K. (2021). City of Bayswater Native Bee Surveys November – February 2020/21. City of Bayswater, WA.",S87,Prendergast_2021_3,S,1,1,0,1,1,1,Specimens ID'd by Dr Kit Prendergast. Deposited at WAM.,NA
Hemiandra,pungens,Hemiandra pungens,Lamiaceae,Lasioglossum (Chilalictus) castor,Lasioglossum,Chilalictus,castor,Halictidae,Halictinae,NA,Insecta,Hymenoptera,1,WA,Baigup Wetlands,-31.935271,115.908083,NA,Oct,2020,"Prendergast, K. (2021). City of Bayswater Native Bee Surveys November – February 2020/21. City of Bayswater, WA.",S87,Prendergast_2021_3,S,1,1,0,1,1,1,Specimens ID'd by Dr Kit Prendergast. Deposited at WAM.,NA
Jacksonia,furcellata,Jacksonia furcellata,Fabaceae,Lasioglossum (Chilalictus) castor,Lasioglossum,Chilalictus,castor,Halictidae,Halictinae,NA,Insecta,Hymenoptera,1,WA,Lightning Swamp,-31.8696923,115.9068847,24/1/2021,Jan,2021,"Prendergast, K. (2021). City of Bayswater Native Bee Surveys November – February 2020/21. City of Bayswater, WA.",S87,Prendergast_2021_3,S,1,1,0,1,1,1,Specimens ID'd by Dr Kit Prendergast. Deposited at WAM.,NA
Lechenaultia,expansa,Lechenaultia expansa,Goodeniaceae,Leioproctus sp._LightningSwampLechnaultiaLeioproctus,Leioproctus,NA,"""LightningSwampLechnaultiaLeioproctus""",Colletidae,Neopasiphaeinae,NA,Insecta,Hymenoptera,2,WA,Lightning Swamp,-31.8696923,115.9068847,24/1/2021,Jan,2021,"Prendergast, K. (2021). City of Bayswater Native Bee Surveys November – February 2020/21. City of Bayswater, WA.",S87,Prendergast_2021_3,S,1,1,0,1,1,1,Specimens ID'd by Dr Kit Prendergast. Deposited at WAM.,NA
Calytrix,fraseri,Calytrix fraseri,Myrtaceae,Lipotriches (Austronomia) flavoviridis species-group,Lipotriches,Austronomia,flavoviridis species-group,Halictidae,Nomiinae,NA,Insecta,Hymenoptera,1,WA,Lightning Swamp,-31.8696923,115.9068847,24/1/2021,Jan,2021,"Prendergast, K. (2021). City of Bayswater Native Bee Surveys November – February 2020/21. City of Bayswater, WA.",S87,Prendergast_2021_3,S,1,1,0,1,1,1,Specimens ID'd by Dr Kit Prendergast. Deposited at WAM.,NA
Beaufortia,squarrosa,Beaufortia squarrosa,Myrtaceae,Lipotriches (Austronomia) flavovirids species-group,Lipotriches,Austronomia,flavovirids species-group,Halictidae,Nomiinae,NA,Insecta,Hymenoptera,3,WA,Lightning Swamp,-31.8696923,115.9068847,12/10/2020,Oct,2020,"Prendergast, K. (2021). City of Bayswater Native Bee Surveys November – February 2020/21. City of Bayswater, WA.",S87,Prendergast_2021_3,S,1,1,0,1,1,1,Specimens ID'd by Dr Kit Prendergast. Deposited at WAM.,NA
Gompholobium,tomentosum,Gompholobium tomentosum,Fabaceae,Lipotriches (Austronomia) flavovirids species-group,Lipotriches,Austronomia,flavovirids species-group,Halictidae,Nomiinae,NA,Insecta,Hymenoptera,1,WA,Lightning Swamp,-31.8696923,115.9068847,12/10/2020,Oct,2020,"Prendergast, K. (2021). City of Bayswater Native Bee Surveys November – February 2020/21. City of Bayswater, WA.",S87,Prendergast_2021_3,S,1,1,0,1,1,1,Specimens ID'd by Dr Kit Prendergast. Deposited at WAM.,NA
Leiocarpa,sp,Leiocarpa sp,Asteraceae,Lipotriches (Austronomia) flavovirids species-group,Lipotriches,Austronomia,flavovirids species-group,Halictidae,Nomiinae,NA,Insecta,Hymenoptera,1,WA,Lightning Swamp,-31.8696923,115.9068847,12/10/2020,Oct,2020,"Prendergast, K. (2021). City of Bayswater Native Bee Surveys November – February 2020/21. City of Bayswater, WA.",S87,Prendergast_2021_3,S,1,1,0,1,1,1,Specimens ID'd by Dr Kit Prendergast. Deposited at WAM.,NA
Beaufortia,squarrosa,Beaufortia squarrosa,Myrtaceae,Lipotriches (Austronomia) moerens,Lipotriches,Austronomia,moerens,Halictidae,Nomiinae,NA,Insecta,Hymenoptera,2,WA,Lightning Swamp,-31.8696923,115.9068847,12/10/2020,Oct,2020,"Prendergast, K. (2021). City of Bayswater Native Bee Surveys November – February 2020/21. City of Bayswater, WA.",S87,Prendergast_2021_3,S,1,1,0,1,1,1,Specimens ID'd by Dr Kit Prendergast. Deposited at WAM.,NA
Gompholobium,tomenstosum,Gompholobium tomenstosum,Fabaceae,"Megachile ""houstoni""",Megachile,NA,"houstoni""",Megachilidae,Megachilinae,NA,Insecta,Hymenoptera,1,WA,Lightning Swamp,-31.8696923,115.9068847,19/12/2020,Dec,2020,"Prendergast, K. (2021). City of Bayswater Native Bee Surveys November – February 2020/21. City of Bayswater, WA.",S87,Prendergast_2021_3,S,1,1,0,1,1,1,Specimens ID'd by Dr Kit Prendergast. Deposited at WAM.,NA
Goodenia,filiformis,Goodenia filiformis,Goodeniaceae,"Megachile ""houstoni""",Megachile,NA,"houstoni""",Megachilidae,Megachilinae,NA,Insecta,Hymenoptera,2,WA,Lightning Swamp,-31.8696923,115.9068847,19/12/2020,Dec,2020,"Prendergast, K. (2021). City of Bayswater Native Bee Surveys November – February 2020/21. City of Bayswater, WA.",S87,Prendergast_2021_3,S,1,1,0,1,1,1,Specimens ID'd by Dr Kit Prendergast. Deposited at WAM.,NA
Goodenia,filiformis,Goodenia filiformis,Goodeniaceae,"Megachile ""houstoni""",Megachile,NA,"houstoni""",Megachilidae,Megachilinae,NA,Insecta,Hymenoptera,2,WA,Lightning Swamp,-31.8696923,115.9068847,11/11/2020,Nov,2020,"Prendergast, K. (2021). City of Bayswater Native Bee Surveys November – February 2020/21. City of Bayswater, WA.",S87,Prendergast_2021_3,S,1,1,0,1,1,1,Specimens ID'd by Dr Kit Prendergast. Deposited at WAM.,NA
Jacksonia,furcellata,Jacksonia furcellata,Fabaceae,"Megachile ""houstoni""",Megachile,NA,"houstoni""",Megachilidae,Megachilinae,NA,Insecta,Hymenoptera,2,WA,Lightning Swamp,-31.8696923,115.9068847,19/12/2020,Dec,2020,"Prendergast, K. (2021). City of Bayswater Native Bee Surveys November – February 2020/21. City of Bayswater, WA.",S87,Prendergast_2021_3,S,1,1,0,1,1,1,Specimens ID'd by Dr Kit Prendergast. Deposited at WAM.,NA
Gompholobium,tomentosum,Gompholobium tomentosum,Fabaceae,Megachile (Austrochile) remotula,Megachile,Austrochile,remotula,Megachilidae,Megachilinae,NA,Insecta,Hymenoptera,1,WA,Lightning Swamp,-31.8696923,115.9068847,12/10/2020,Oct,2020,"Prendergast, K. (2021). City of Bayswater Native Bee Surveys November – February 2020/21. City of Bayswater, WA.",S87,Prendergast_2021_3,S,1,1,0,1,1,1,Specimens ID'd by Dr Kit Prendergast. Deposited at WAM.,NA
Jacksonia,furcellata,Jacksonia furcellata,Fabaceae,Megachile (Eutricharaea) cf. macularis,Megachile,Eutricharaea,cf. macularis,Megachilidae,Megachilinae,NA,Insecta,Hymenoptera,2,WA,Lightning Swamp,-31.8696923,115.9068847,11/11/2020,Nov,2020,"Prendergast, K. (2021). City of Bayswater Native Bee Surveys November – February 2020/21. City of Bayswater, WA.",S87,Prendergast_2021_3,S,1,1,0,1,1,1,Specimens ID'd by Dr Kit Prendergast. Deposited at WAM.,NA
Hemiandra,pungens,Hemiandra pungens,Lamiaceae,Megachile (Eutricharaea) cf. phenacopa,Megachile,Eutricharaea,cf. phenacopa,Megachilidae,Megachilinae,NA,Insecta,Hymenoptera,1,WA,Baigup Wetlands,-31.935271,115.908083,11/11/2020,Nov,2020,"Prendergast, K. (2021). City of Bayswater Native Bee Surveys November – February 2020/21. City of Bayswater, WA.",S87,Prendergast_2021_3,S,1,1,0,1,1,1,Specimens ID'd by Dr Kit Prendergast. Deposited at WAM.,NA
Hemiandra,pungens,Hemiandra pungens,Lamiaceae,Megachile (Eutricharaea) cf. phenacopa,Megachile,Eutricharaea,cf. phenacopa,Megachilidae,Megachilinae,NA,Insecta,Hymenoptera,1,WA,Baigup Wetlands,-31.935271,115.908083,NA,Nov,2020,"Prendergast, K. (2021). City of Bayswater Native Bee Surveys November – February 2020/21. City of Bayswater, WA.",S87,Prendergast_2021_3,S,1,1,0,1,1,1,Specimens ID'd by Dr Kit Prendergast. Deposited at WAM.,NA
Calothamnus,quadrifidus,Calothamnus quadrifidus,Myrtaceae,Megachile (Eutricharaea) chrysopyga,Megachile,Eutricharaea,chrysopyga,Megachilidae,Megachilinae,NA,Insecta,Hymenoptera,1,WA,Baigup Wetlands,-31.935271,115.908083,24/1/2021,Jan,2021,"Prendergast, K. (2021). City of Bayswater Native Bee Surveys November – February 2020/21. City of Bayswater, WA.",S87,Prendergast_2021_3,S,1,1,0,1,1,1,Specimens ID'd by Dr Kit Prendergast. Deposited at WAM.,NA
Jacksonia,furcellata,Jacksonia furcellata,Fabaceae,Megachile (Eutricharaea) chrysopyga,Megachile,Eutricharaea,chrysopyga,Megachilidae,Megachilinae,NA,Insecta,Hymenoptera,2,WA,Baigup Wetlands,-31.935271,115.908083,19/12/2020,Dec,2021,"Prendergast, K. (2021). City of Bayswater Native Bee Surveys November – February 2020/21. City of Bayswater, WA.",S87,Prendergast_2021_3,S,1,1,0,1,1,1,Specimens ID'd by Dr Kit Prendergast. Deposited at WAM.,NA
Jacksonia,furcellata,Jacksonia furcellata,Fabaceae,Megachile (Eutricharaea) chrysopyga,Megachile,Eutricharaea,chrysopyga,Megachilidae,Megachilinae,NA,Insecta,Hymenoptera,1,WA,Lightning Swamp,-31.8696923,115.9068847,11/11/2020,Nov,2020,"Prendergast, K. (2021). City of Bayswater Native Bee Surveys November – February 2020/21. City of Bayswater, WA.",S87,Prendergast_2021_3,S,1,1,0,1,1,1,Specimens ID'd by Dr Kit Prendergast. Deposited at WAM.,NA
Jacksonia,scoparia,Jacksonia scoparia,Fabaceae,Megachile (Eutricharaea) chrysopyga,Megachile,Eutricharaea,chrysopyga,Megachilidae,Megachilinae,NA,Insecta,Hymenoptera,1,WA,Baigup Wetlands,-31.935271,115.908083,24/1/2021,Jan,2021,"Prendergast, K. (2021). City of Bayswater Native Bee Surveys November – February 2020/21. City of Bayswater, WA.",S87,Prendergast_2021_3,S,1,1,0,1,1,1,Specimens ID'd by Dr Kit Prendergast. Deposited at WAM.,NA
Jacksonia,sericea,Jacksonia sericea,Fabaceae,Megachile (Eutricharaea) chrysopyga,Megachile,Eutricharaea,chrysopyga,Megachilidae,Megachilinae,NA,Insecta,Hymenoptera,2,WA,Baigup Wetlands,-31.935271,115.908083,19/12/2020,Dec,2021,"Prendergast, K. (2021). City of Bayswater Native Bee Surveys November – February 2020/21. City of Bayswater, WA.",S87,Prendergast_2021_3,S,1,1,0,1,1,1,Specimens ID'd by Dr Kit Prendergast. Deposited at WAM.,NA
Jacksonia,sternbergiana,Jacksonia sternbergiana,Fabaceae,Megachile (Eutricharaea) chrysopyga,Megachile,Eutricharaea,chrysopyga,Megachilidae,Megachilinae,NA,Insecta,Hymenoptera,4,WA,Baigup Wetlands,-31.935271,115.908083,24/1/2021,Jan,2021,"Prendergast, K. (2021). City of Bayswater Native Bee Surveys November – February 2020/21. City of Bayswater, WA.",S87,Prendergast_2021_3,S,1,1,0,1,1,1,Specimens ID'd by Dr Kit Prendergast. Deposited at WAM.,NA
Jacksonia,sternbergiana,Jacksonia sternbergiana,Fabaceae,Megachile (Eutricharaea) chrysopyga,Megachile,Eutricharaea,chrysopyga,Megachilidae,Megachilinae,NA,Insecta,Hymenoptera,2,WA,Baigup Wetlands,-31.935271,115.908083,12/10/2020,Oct,2020,"Prendergast, K. (2021). City of Bayswater Native Bee Surveys November – February 2020/21. City of Bayswater, WA.",S87,Prendergast_2021_3,S,1,1,0,1,1,1,Specimens ID'd by Dr Kit Prendergast. Deposited at WAM.,NA
Pimelea,ferruginea,Pimelea ferruginea,Thymelaeaceae,Megachile (Eutricharaea) chrysopyga,Megachile,Eutricharaea,chrysopyga,Megachilidae,Megachilinae,NA,Insecta,Hymenoptera,1,WA,Baigup Wetlands,-31.935271,115.908083,12/10/2020,Oct,2020,"Prendergast, K. (2021). City of Bayswater Native Bee Surveys November – February 2020/21. City of Bayswater, WA.",S87,Prendergast_2021_3,S,1,1,0,1,1,1,Specimens ID'd by Dr Kit Prendergast. Deposited at WAM.,NA
Lotus,subbiflorus,Lotus subbiflorus,Myrtaceae,Megachile (Eutricharaea) macularis,Megachile,Eutricharaea,macularis,Megachilidae,Megachilinae,NA,Insecta,Hymenoptera,1,WA,Baigup Wetlands,-31.935271,115.908083,23/2/2021,Feb,2021,"Prendergast, K. (2021). City of Bayswater Native Bee Surveys November – February 2020/21. City of Bayswater, WA.",S87,Prendergast_2021_3,S,1,1,0,1,1,1,Specimens ID'd by Dr Kit Prendergast. Deposited at WAM.,NA
Hemiandra,pungens,Hemiandra pungens,Lamiaceae,Megachile (Eutricharaea) obtusa,Megachile,Eutricharaea,obtusa,Megachilidae,Megachilinae,NA,Insecta,Hymenoptera,1,WA,Baigup Wetlands,-31.935271,115.908083,11/11/2020,Nov,2020,"Prendergast, K. (2021). City of Bayswater Native Bee Surveys November – February 2020/21. City of Bayswater, WA.",S87,Prendergast_2021_3,S,1,1,0,1,1,1,Specimens ID'd by Dr Kit Prendergast. Deposited at WAM.,NA
Hemiandra,pungens,Hemiandra pungens,Lamiaceae,Megachile (Eutricharaea) obtusa,Megachile,Eutricharaea,obtusa,Megachilidae,Megachilinae,NA,Insecta,Hymenoptera,1,WA,Baigup Wetlands,-31.935271,115.908083,NA,Nov,2020,"Prendergast, K. (2021). City of Bayswater Native Bee Surveys November – February 2020/21. City of Bayswater, WA.",S87,Prendergast_2021_3,S,1,1,0,1,1,1,Specimens ID'd by Dr Kit Prendergast. Deposited at WAM.,NA
Jacksonia,furcellata,Jacksonia furcellata,Fabaceae,Megachile (Eutricharaea) obtusa,Megachile,Eutricharaea,obtusa,Megachilidae,Megachilinae,NA,Insecta,Hymenoptera,1,WA,Lightning Swamp,-31.8696923,115.9068847,24/1/2021,Jan,2021,"Prendergast, K. (2021). City of Bayswater Native Bee Surveys November – February 2020/21. City of Bayswater, WA.",S87,Prendergast_2021_3,S,1,1,0,1,1,1,Specimens ID'd by Dr Kit Prendergast. Deposited at WAM.,NA
Jacksonia,furcellata,Jacksonia furcellata,Fabaceae,Megachile (Eutricharaea) obtusa,Megachile,Eutricharaea,obtusa,Megachilidae,Megachilinae,NA,Insecta,Hymenoptera,1,WA,Lightning Swamp,-31.8696923,115.9068847,11/11/2020,Nov,2020,"Prendergast, K. (2021). City of Bayswater Native Bee Surveys November – February 2020/21. City of Bayswater, WA.",S87,Prendergast_2021_3,S,1,1,0,1,1,1,Specimens ID'd by Dr Kit Prendergast. Deposited at WAM.,NA
Lotus,subbiflorus,Lotus subbiflorus,Myrtaceae,Megachile (Eutricharaea) obtusa,Megachile,Eutricharaea,obtusa,Megachilidae,Megachilinae,NA,Insecta,Hymenoptera,1,WA,Baigup Wetlands,-31.935271,115.908083,23/2/2021,Feb,2021,"Prendergast, K. (2021). City of Bayswater Native Bee Surveys November – February 2020/21. City of Bayswater, WA.",S87,Prendergast_2021_3,S,1,1,0,1,1,1,Specimens ID'd by Dr Kit Prendergast. Deposited at WAM.,NA
Lotus,subbiflorus,Lotus subbiflorus,Myrtaceae,Megachile (Eutricharaea) serricauda,Megachile,Eutricharaea,serricauda,Megachilidae,Megachilinae,NA,Insecta,Hymenoptera,1,WA,Baigup Wetlands,-31.935271,115.908083,23/2/2021,Feb,2021,"Prendergast, K. (2021). City of Bayswater Native Bee Surveys November – February 2020/21. City of Bayswater, WA.",S87,Prendergast_2021_3,S,1,1,0,1,1,1,Specimens ID'd by Dr Kit Prendergast. Deposited at WAM.,NA
Hemiandra,pungens,Hemiandra pungens,Lamiaceae,Megachile (Eutricharaea) simplex,Megachile,Eutricharaea,simplex,Megachilidae,Megachilinae,NA,Insecta,Hymenoptera,1,WA,Baigup Wetlands,-31.935271,115.908083,23/2/2021,Feb,2021,"Prendergast, K. (2021). City of Bayswater Native Bee Surveys November – February 2020/21. City of Bayswater, WA.",S87,Prendergast_2021_3,S,1,1,0,1,1,1,Specimens ID'd by Dr Kit Prendergast. Deposited at WAM.,NA
Hemiandra,pungens,Hemiandra pungens,Lamiaceae,Megachile (Eutricharaea) simplex,Megachile,Eutricharaea,simplex,Megachilidae,Megachilinae,NA,Insecta,Hymenoptera,1,WA,Baigup Wetlands,-31.935271,115.908083,NA,Feb,2021,"Prendergast, K. (2021). City of Bayswater Native Bee Surveys November – February 2020/21. City of Bayswater, WA.",S87,Prendergast_2021_3,S,1,1,0,1,1,1,Specimens ID'd by Dr Kit Prendergast. Deposited at WAM.,NA
Lotus,subbiflorus,Lotus subbiflorus,Myrtaceae,Megachile (Eutricharaea) simplex,Megachile,Eutricharaea,simplex,Megachilidae,Megachilinae,NA,Insecta,Hymenoptera,2,WA,Baigup Wetlands,-31.935271,115.908083,23/2/2021,Feb,2021,"Prendergast, K. (2021). City of Bayswater Native Bee Surveys November – February 2020/21. City of Bayswater, WA.",S87,Prendergast_2021_3,S,1,1,0,1,1,1,Specimens ID'd by Dr Kit Prendergast. Deposited at WAM.,NA
Thryptomene,baeckeacea,Thryptomene baeckeacea,Myrtaceae,Megachile (Hackeriapis) apicata,Megachile,Hackeriapis,apicata,Megachilidae,Megachilinae,NA,Insecta,Hymenoptera,1,WA,Lightning Swamp,-31.8696923,115.9068847,23/2/2021,Feb,2021,"Prendergast, K. (2021). City of Bayswater Native Bee Surveys November – February 2020/21. City of Bayswater, WA.",S87,Prendergast_2021_3,S,1,1,0,1,1,1,Specimens ID'd by Dr Kit Prendergast. Deposited at WAM.,NA
Jacksonia,sternbergiana,Jacksonia sternbergiana,Fabaceae,Megachile (Hackeriapis) canifrons,Megachile,Hackeriapis,canifrons,Megachilidae,Megachilinae,NA,Insecta,Hymenoptera,1,WA,Baigup Wetlands,-31.935271,115.908083,12/10/2020,Oct,2020,"Prendergast, K. (2021). City of Bayswater Native Bee Surveys November – February 2020/21. City of Bayswater, WA.",S87,Prendergast_2021_3,S,1,1,0,1,1,1,Specimens ID'd by Dr Kit Prendergast. Deposited at WAM.,NA
Goodenia,filiformis,Goodenia filiformis,Goodeniaceae,Megachile (Hackeriapis) tosticauda,Megachile,Hackeriapis,tosticauda,Megachilidae,Megachilinae,NA,Insecta,Hymenoptera,3,WA,Lightning Swamp,-31.8696923,115.9068847,11/11/2020,Nov,2020,"Prendergast, K. (2021). City of Bayswater Native Bee Surveys November – February 2020/21. City of Bayswater, WA.",S87,Prendergast_2021_3,S,1,1,0,1,1,1,Specimens ID'd by Dr Kit Prendergast. Deposited at WAM.,NA
Jacksonia,sericea,Jacksonia sericea,Fabaceae,Megachile (Hackeriapis) tosticauda,Megachile,Hackeriapis,tosticauda,Megachilidae,Megachilinae,NA,Insecta,Hymenoptera,1,WA,Baigup Wetlands,-31.935271,115.908083,19/12/2020,Dec,2021,"Prendergast, K. (2021). City of Bayswater Native Bee Surveys November – February 2020/21. City of Bayswater, WA.",S87,Prendergast_2021_3,S,1,1,0,1,1,1,Specimens ID'd by Dr Kit Prendergast. Deposited at WAM.,NA
Hemiandra,pungens,Hemiandra pungens,Lamiaceae,Megachile “houstoni”,Megachile,NA,"""houstoni""",Megachilidae,Megachilinae,NA,Insecta,Hymenoptera,NA,WA,Lightning Swamp,-31.8696923,115.9068847,7/12/2021,Dec,2021,"Prendergast, K. (2021). City of Bayswater Native Bee Surveys November – February 2020/21. City of Bayswater, WA.",S87,Prendergast_2021_3,S,1,1,0,1,1,1,Specimens ID'd by Dr Kit Prendergast. Deposited at WAM.,NA
Hemiandra,pungens,Hemiandra pungens,Lamiaceae,Megachile “houstoni”,Megachile,NA,"""houstoni""",Megachilidae,Megachilinae,NA,Insecta,Hymenoptera,NA,WA,Lightning Swamp,-31.8696923,115.9068847,NA,NA,NA,"Prendergast, K. (2021). City of Bayswater Native Bee Surveys November – February 2020/21. City of Bayswater, WA.",S87,Prendergast_2021_3,S,1,1,0,1,1,1,Specimens ID'd by Dr Kit Prendergast. Deposited at WAM.,NA
Jacksonia,scoparia,Jacksonia scoparia,Fabaceae,Megachile apicata,Megachile,NA,apicata,Megachilidae,Megachilinae,NA,Insecta,Hymenoptera,1,WA,Baigup Wetlands,-31.935271,115.908083,24/1/2021,Jan,2021,"Prendergast, K. (2021). City of Bayswater Native Bee Surveys November – February 2020/21. City of Bayswater, WA.",S87,Prendergast_2021_3,S,1,1,0,1,1,1,Specimens ID'd by Dr Kit Prendergast. Deposited at WAM.,NA
Jacksonia,sericea,Jacksonia sericea,Fabaceae,Megachile apicata,Megachile,NA,apicata,Megachilidae,Megachilinae,NA,Insecta,Hymenoptera,2,WA,Baigup Wetlands,-31.935271,115.908083,19/12/2020,Dec,2021,"Prendergast, K. (2021). City of Bayswater Native Bee Surveys November – February 2020/21. City of Bayswater, WA.",S87,Prendergast_2021_3,S,1,1,0,1,1,1,Specimens ID'd by Dr Kit Prendergast. Deposited at WAM.,NA
Jacksonia,furcellata,Jacksonia furcellata,Fabaceae,Megachile aurifrons,Megachile,NA,aurifrons,Megachilidae,Megachilinae,NA,Insecta,Hymenoptera,1,WA,Lightning Swamp,-31.8696923,115.9068847,11/11/2020,Nov,2020,"Prendergast, K. (2021). City of Bayswater Native Bee Surveys November – February 2020/21. City of Bayswater, WA.",S87,Prendergast_2021_3,S,1,1,0,1,1,1,Specimens ID'd by Dr Kit Prendergast. Deposited at WAM.,NA
Goodenia,filiformis,Goodenia filiformis,Goodeniaceae,Megachile callura?,Megachile,NA,callura?,Megachilidae,Megachilinae,NA,Insecta,Hymenoptera,3,WA,Lightning Swamp,-31.8696923,115.9068847,19/12/2020,Dec,2020,"Prendergast, K. (2021). City of Bayswater Native Bee Surveys November – February 2020/21. City of Bayswater, WA.",S87,Prendergast_2021_3,S,1,1,0,1,1,1,Specimens ID'd by Dr Kit Prendergast. Deposited at WAM.,NA
Jacksonia,floribunda,Jacksonia floribunda,Fabaceae,Megachile leeuwinensis,Megachile,NA,leeuwinensis,Megachilidae,Megachilinae,NA,Insecta,Hymenoptera,2,WA,Lightning Swamp,-31.8696923,115.9068847,19/12/2020,Dec,2020,"Prendergast, K. (2021). City of Bayswater Native Bee Surveys November – February 2020/21. City of Bayswater, WA.",S87,Prendergast_2021_3,S,1,1,0,1,1,1,Specimens ID'd by Dr Kit Prendergast. Deposited at WAM.,NA
Jacksonia,furcellata,Jacksonia furcellata,Fabaceae,Megachile leeuwinensis,Megachile,NA,leeuwinensis,Megachilidae,Megachilinae,NA,Insecta,Hymenoptera,1,WA,Lightning Swamp,-31.8696923,115.9068847,11/11/2020,Nov,2020,"Prendergast, K. (2021). City of Bayswater Native Bee Surveys November – February 2020/21. City of Bayswater, WA.",S87,Prendergast_2021_3,S,1,1,0,1,1,1,Specimens ID'd by Dr Kit Prendergast. Deposited at WAM.,NA
Thryptomene,saxicola,Thryptomene saxicola,Fabaceae,Megachile sp.Bayswater1,Megachile,NA,Bayswater1,Megachilidae,Megachilinae,NA,Insecta,Hymenoptera,1,WA,Lightning Swamp,-31.8696923,115.9068847,11/11/2020,Nov,2020,"Prendergast, K. (2021). City of Bayswater Native Bee Surveys November – February 2020/21. City of Bayswater, WA.",S87,Prendergast_2021_3,S,1,1,0,1,1,1,Specimens ID'd by Dr Kit Prendergast. Deposited at WAM.,NA
Jacksonia,furcellata,Jacksonia furcellata,Fabaceae,Megachile speluncarum,Megachile,NA,speluncarum,Megachilidae,Megachilinae,NA,Insecta,Hymenoptera,3,WA,Baigup Wetlands,-31.935271,115.908083,19/12/2020,Dec,2021,"Prendergast, K. (2021). City of Bayswater Native Bee Surveys November – February 2020/21. City of Bayswater, WA.",S87,Prendergast_2021_3,S,1,1,0,1,1,1,Specimens ID'd by Dr Kit Prendergast. Deposited at WAM.,NA
Jacksonia,sericea,Jacksonia sericea,Fabaceae,Megachile speluncarum,Megachile,NA,speluncarum,Megachilidae,Megachilinae,NA,Insecta,Hymenoptera,4,WA,Baigup Wetlands,-31.935271,115.908083,19/12/2020,Dec,2021,"Prendergast, K. (2021). City of Bayswater Native Bee Surveys November – February 2020/21. City of Bayswater, WA.",S87,Prendergast_2021_3,S,1,1,0,1,1,1,Specimens ID'd by Dr Kit Prendergast. Deposited at WAM.,NA
Jacksonia,sternbergiana,Jacksonia sternbergiana,Fabaceae,Megachile speluncarum,Megachile,NA,speluncarum,Megachilidae,Megachilinae,NA,Insecta,Hymenoptera,2,WA,Baigup Wetlands,-31.935271,115.908083,24/1/2021,Jan,2021,"Prendergast, K. (2021). City of Bayswater Native Bee Surveys November – February 2020/21. City of Bayswater, WA.",S87,Prendergast_2021_3,S,1,1,0,1,1,1,Specimens ID'd by Dr Kit Prendergast. Deposited at WAM.,NA
Jacksonia,sternbergiana,Jacksonia sternbergiana,Fabaceae,Megachile speluncarum,Megachile,NA,speluncarum,Megachilidae,Megachilinae,NA,Insecta,Hymenoptera,1,WA,Baigup Wetlands,-31.935271,115.908083,12/10/2020,Oct,2020,"Prendergast, K. (2021). City of Bayswater Native Bee Surveys November – February 2020/21. City of Bayswater, WA.",S87,Prendergast_2021_3,S,1,1,0,1,1,1,Specimens ID'd by Dr Kit Prendergast. Deposited at WAM.,NA
Melaleuca,quinquenervia,Melaleuca quinquenervia,Myrtaceae,Rozenapis ignita,Rozenapis,NA,ignita,Megachilidae,Megachilinae,NA,Insecta,Hymenoptera,1,WA,Lightning Swamp,-31.8696923,115.9068847,19/12/2020,Dec,2020,"Prendergast, K. (2021). City of Bayswater Native Bee Surveys November – February 2020/21. City of Bayswater, WA.",S87,Prendergast_2021_3,S,1,1,0,1,1,1,Specimens ID'd by Dr Kit Prendergast. Deposited at WAM.,NA
Gompholobium,tomentosum,Gompholobium tomentosum,Fabaceae,Amegilla (Notomegilla) chlorocyanea,Amegilla,Notomegilla,chlorocyanea,Apidae,Apinae,NA,Insecta,Hymenoptera,1,WA,Lightning Swamp,-31.8696923,115.9068847,16/10/2020,Oct,2020,"Prendergast, K. (2021). City of Bayswater Native Bee Surveys November – February 2020/21. City of Bayswater, WA.",S87,Prendergast_2021_3,S,1,1,0,1,1,1,"Specimens ID'd by Dr Kit Prendergast. Deposited at WAM. Part of species-complex, undergoing taxonomic revision [26/11/23]",NA
Gompholobium,tomentosum,Gompholobium tomentosum,Fabaceae,Amegilla (Notomegilla) chlorocyanea,Amegilla,Notomegilla,chlorocyanea,Apidae,Apinae,NA,Insecta,Hymenoptera,1,WA,Lightning Swamp,-31.8696923,115.9068847,16/10/2020,Oct,2020,"Prendergast, K. (2021). City of Bayswater Native Bee Surveys November – February 2020/21. City of Bayswater, WA.",S87,Prendergast_2021_3,S,1,1,0,1,1,1,"Specimens ID'd by Dr Kit Prendergast. Deposited at WAM. Part of species-complex, undergoing taxonomic revision [26/11/23]",NA
Gompholobium,tomentosum,Gompholobium tomentosum,Fabaceae,Lipotriches (Austronomia) flavoviridis species-group,Lipotriches,Austronomia,flavoviridis species-group,Halictidae,Nomiinae,NA,Insecta,Hymenoptera,1,WA,Lightning Swamp,-31.8696923,115.9068847,16/10/2020,Oct,2020,"Prendergast, K. (2021). City of Bayswater Native Bee Surveys November – February 2020/21. City of Bayswater, WA.",S87,Prendergast_2021_3,S,1,1,0,1,1,1,"Specimens ID'd by Dr Kit Prendergast. Deposited at WAM. Part of species-complex, undergoing taxonomic revision [26/11/23]",NA
Gompholobium,tomentosum,Gompholobium tomentosum,Fabaceae,Lipotriches (Austronomia) flavoviridis species-group,Lipotriches,Austronomia,flavoviridis species-group,Halictidae,Nomiinae,NA,Insecta,Hymenoptera,1,WA,Lightning Swamp,-31.8696923,115.9068847,16/10/2020,Oct,2020,"Prendergast, K. (2021). City of Bayswater Native Bee Surveys November – February 2020/21. City of Bayswater, WA.",S87,Prendergast_2021_3,S,1,1,0,1,1,1,"Specimens ID'd by Dr Kit Prendergast. Deposited at WAM. Part of species-complex, undergoing taxonomic revision [26/11/23]",NA
Gompholobium,tomentosum,Gompholobium tomentosum,Fabaceae,Megachile remotula,Megachile,NA,remotula,Megachilidae,Megachilinae,NA,Insecta,Hymenoptera,1,WA,Lightning Swamp,-31.8696923,115.9068847,16/10/2020,Oct,2020,"Prendergast, K. (2021). City of Bayswater Native Bee Surveys November – February 2020/21. City of Bayswater, WA.",S87,Prendergast_2021_3,S,1,1,0,1,1,1,"Specimens ID'd by Dr Kit Prendergast. Deposited at WAM. Part of species-complex, undergoing taxonomic revision [26/11/23]",NA
Gompholobium,tomentosum,Gompholobium tomentosum,Fabaceae,Megachile remotula,Megachile,NA,remotula,Megachilidae,Megachilinae,NA,Insecta,Hymenoptera,1,WA,Lightning Swamp,-31.8696923,115.9068847,16/10/2020,Oct,2020,"Prendergast, K. (2021). City of Bayswater Native Bee Surveys November – February 2020/21. City of Bayswater, WA.",S87,Prendergast_2021_3,S,1,1,0,1,1,1,"Specimens ID'd by Dr Kit Prendergast. Deposited at WAM. Part of species-complex, undergoing taxonomic revision [26/11/23]",NA
Eucalyptus,marginata,Eucalyptus marginata,Myrtaceae,Euryglossina (Euryglossina) argocephala,Euryglossina,Euryglossina,argocephala,Colletidae,Euryglossinae,NA,Insecta,Hymenoptera,2,WA,"Arbor Park, Morley",-31.8792757,115.9283835,24/1/2021,Jan,2021,"Prendergast, K. (2021). City of Bayswater Native Bee Surveys November – February 2020/21. City of Bayswater, WA. Available: https://www.bayswater.wa.gov.au/CityOfBayswater/files/35/3511fbd7-0d69-4cd5-8841-f59888917161.pdf",S87,Prendergast_2021_3,S,1,1,1,1,1,1,Specimens ID'd by Dr Kit Prendergast.,NA
Callistemon,salignus,Callistemon salignus 'Perth Pink',Myrtaceae,Euryglossina (Euryglossina) hypochroma,Euryglossina,Euryglossina,hypochroma,Colletidae,Euryglossinae,NA,Insecta,Hymenoptera,6,WA,"Arbor Park, Morley",-31.8792757,115.9283835,12/10/2020,Oct,2020,"Prendergast, K. (2021). City of Bayswater Native Bee Surveys November – February 2020/21. City of Bayswater, WA. Available: https://www.bayswater.wa.gov.au/CityOfBayswater/files/35/3511fbd7-0d69-4cd5-8841-f59888917161.pdf",S87,Prendergast_2021_3,S,1,1,1,1,1,1,Specimens ID'd by Dr Kit Prendergast.,NA
Corymbia,calophylla,Corymbia calophylla,Myrtaceae,Euryglossina (Euryglossina) lynettae,Euryglossina,Euryglossina,lynettae,Colletidae,Euryglossinae,NA,Insecta,Hymenoptera,2,WA,"Arbor Park, Morley",-31.8792757,115.9283835,23/2/2021,Feb,2021,"Prendergast, K. (2021). City of Bayswater Native Bee Surveys November – February 2020/21. City of Bayswater, WA. Available: https://www.bayswater.wa.gov.au/CityOfBayswater/files/35/3511fbd7-0d69-4cd5-8841-f59888917161.pdf",S87,Prendergast_2021_3,S,1,1,1,1,1,1,Specimens ID'd by Dr Kit Prendergast.,NA
Corymbia,calophylla,Corymbia calophylla,Myrtaceae,Euryglossina (Euryglossina) micheneri,Euryglossina,Euryglossina,micheneri,Colletidae,Euryglossinae,NA,Insecta,Hymenoptera,1,WA,"Arbor Park, Morley",-31.8792757,115.9283835,23/2/2021,Feb,2021,"Prendergast, K. (2021). City of Bayswater Native Bee Surveys November – February 2020/21. City of Bayswater, WA. Available: https://www.bayswater.wa.gov.au/CityOfBayswater/files/35/3511fbd7-0d69-4cd5-8841-f59888917161.pdf",S87,Prendergast_2021_3,S,1,1,1,1,1,1,Specimens ID'd by Dr Kit Prendergast.,NA
Eucalyptus,marginata,Eucalyptus marginata,Myrtaceae,Euryglossina (Euryglossina) philoxantha,Euryglossina,Euryglossina,philoxantha,Colletidae,Euryglossinae,NA,Insecta,Hymenoptera,6,WA,"Arbor Park, Morley",-31.8792757,115.9283835,24/1/2021,Jan,2021,"Prendergast, K. (2021). City of Bayswater Native Bee Surveys November – February 2020/21. City of Bayswater, WA. Available: https://www.bayswater.wa.gov.au/CityOfBayswater/files/35/3511fbd7-0d69-4cd5-8841-f59888917161.pdf",S87,Prendergast_2021_3,S,1,1,1,1,1,1,Specimens ID'd by Dr Kit Prendergast.,NA
Eucalyptus,marginata,Eucalyptus marginata,Myrtaceae,Euryglossina (Euryglossina) pseudoatomaria,Euryglossina,Euryglossina,pseudoatomaria,Colletidae,Euryglossinae,NA,Insecta,Hymenoptera,1,WA,"Arbor Park, Morley",-31.8792757,115.9283835,24/1/2021,Jan,2021,"Prendergast, K. (2021). City of Bayswater Native Bee Surveys November – February 2020/21. City of Bayswater, WA. Available: https://www.bayswater.wa.gov.au/CityOfBayswater/files/35/3511fbd7-0d69-4cd5-8841-f59888917161.pdf",S87,Prendergast_2021_3,S,1,1,1,1,1,1,Specimens ID'd by Dr Kit Prendergast.,NA
Corymbia,calophylla,Corymbia calophylla,Myrtaceae,Hylaeus (Euprosopoides) ruficeps kalamundae,Hylaeus,Euprosopoides,ruficeps kalamundae,Colletidae,Hylaeinae,NA,Insecta,Hymenoptera,2,WA,"Arbor Park, Morley",-31.8792757,115.9283835,23/2/2021,Feb,2021,"Prendergast, K. (2021). City of Bayswater Native Bee Surveys November – February 2020/21. City of Bayswater, WA. Available: https://www.bayswater.wa.gov.au/CityOfBayswater/files/35/3511fbd7-0d69-4cd5-8841-f59888917161.pdf",S87,Prendergast_2021_3,S,1,1,1,1,1,1,Specimens ID'd by Dr Kit Prendergast.,NA
Callistemon,salignus,Callistemon salignus 'Perth Pink',Myrtaceae,"Hylaeus (Prosopisteron) ""breviscapatus""",Hylaeus,Prosopisteron,"""breviscapatus""",Colletidae,Hylaeinae,NA,Insecta,Hymenoptera,1,WA,"Arbor Park, Morley",-31.8792757,115.9283835,12/10/2020,Oct,2020,"Prendergast, K. (2021). City of Bayswater Native Bee Surveys November – February 2020/21. City of Bayswater, WA. Available: https://www.bayswater.wa.gov.au/CityOfBayswater/files/35/3511fbd7-0d69-4cd5-8841-f59888917161.pdf",S87,Prendergast_2021_3,S,1,1,1,1,1,1,Specimens ID'd by Dr Kit Prendergast.,NA
Eucalyptus,marginata,Eucalyptus marginata,Myrtaceae,"Hylaeus (Prosopisteron) ""breviscapatus""",Hylaeus,Prosopisteron,"""breviscapatus""",Colletidae,Hylaeinae,NA,Insecta,Hymenoptera,2,WA,"Arbor Park, Morley",-31.8792757,115.9283835,24/1/2021,Jan,2021,"Prendergast, K. (2021). City of Bayswater Native Bee Surveys November – February 2020/21. City of Bayswater, WA. Available: https://www.bayswater.wa.gov.au/CityOfBayswater/files/35/3511fbd7-0d69-4cd5-8841-f59888917161.pdf",S87,Prendergast_2021_3,S,1,1,1,1,1,1,Specimens ID'd by Dr Kit Prendergast.,NA
Corymbia,calophylla,Corymbia calophylla,Myrtaceae,"Hylaeus (Prosopisteron) ""latifacies""",Hylaeus,Prosopisteron,"""latifacies""",Colletidae,Hylaeinae,NA,Insecta,Hymenoptera,5,WA,"Arbor Park, Morley",-31.8792757,115.9283835,23/2/2021,Feb,2021,"Prendergast, K. (2021). City of Bayswater Native Bee Surveys November – February 2020/21. City of Bayswater, WA. Available: https://www.bayswater.wa.gov.au/CityOfBayswater/files/35/3511fbd7-0d69-4cd5-8841-f59888917161.pdf",S87,Prendergast_2021_3,S,1,1,1,1,1,1,Specimens ID'd by Dr Kit Prendergast.,NA
Corymbia,calophylla,Corymbia calophylla,Myrtaceae,Hylaeus (Prosopisteron) aralis,Hylaeus,Prosopisteron,aralis,Colletidae,Hylaeinae,NA,Insecta,Hymenoptera,5,WA,"Arbor Park, Morley",-31.8792757,115.9283835,23/2/2021,Feb,2021,"Prendergast, K. (2021). City of Bayswater Native Bee Surveys November – February 2020/21. City of Bayswater, WA. Available: https://www.bayswater.wa.gov.au/CityOfBayswater/files/35/3511fbd7-0d69-4cd5-8841-f59888917161.pdf",S87,Prendergast_2021_3,S,1,1,1,1,1,1,Specimens ID'd by Dr Kit Prendergast.,NA
Eucalyptus,marginata,Eucalyptus marginata,Myrtaceae,Hylaeus (Prosopisteron) aralis,Hylaeus,Prosopisteron,aralis,Colletidae,Hylaeinae,NA,Insecta,Hymenoptera,5,WA,"Arbor Park, Morley",-31.8792757,115.9283835,24/1/2021,Jan,2021,"Prendergast, K. (2021). City of Bayswater Native Bee Surveys November – February 2020/21. City of Bayswater, WA. Available: https://www.bayswater.wa.gov.au/CityOfBayswater/files/35/3511fbd7-0d69-4cd5-8841-f59888917161.pdf",S87,Prendergast_2021_3,S,1,1,1,1,1,1,Specimens ID'd by Dr Kit Prendergast.,NA
Eucalyptus,marginata,Eucalyptus marginata,Myrtaceae,Lasioglossum (Homalictus) cf. houstoni,Lasioglossum,Homalictus,cf. houstoni,Halictidae,Halictinae,NA,Insecta,Hymenoptera,2,WA,"Arbor Park, Morley",-31.8792757,115.9283835,24/1/2021,Jan,2021,"Prendergast, K. (2021). City of Bayswater Native Bee Surveys November – February 2020/21. City of Bayswater, WA. Available: https://www.bayswater.wa.gov.au/CityOfBayswater/files/35/3511fbd7-0d69-4cd5-8841-f59888917161.pdf",S87,Prendergast_2021_3,S,1,1,1,1,1,1,Specimens ID'd by Dr Kit Prendergast.,NA
Eucalyptus,marginata,Eucalyptus marginata,Myrtaceae,Lasioglossum (Parasphecodes) hiltacum,Lasioglossum,Parasphecodes,hiltacum,Halictidae,Halictinae,NA,Insecta,Hymenoptera,1,WA,"Arbor Park, Morley",-31.8792757,115.9283835,24/1/2021,Jan,2021,"Prendergast, K. (2021). City of Bayswater Native Bee Surveys November – February 2020/21. City of Bayswater, WA. Available: https://www.bayswater.wa.gov.au/CityOfBayswater/files/35/3511fbd7-0d69-4cd5-8841-f59888917161.pdf",S87,Prendergast_2021_3,S,1,1,1,1,1,1,Specimens ID'd by Dr Kit Prendergast.,NA
Callistemon,Pink',Callistemon salignus 'Perth Pink',Myrtaceae,Leioproctus (Leioproctus) plumosus,Leioproctus,Leioproctus,plumosus,Colletidae,Neopasiphaeinae,NA,Insecta,Hymenoptera,1,WA,"Arbor Park, Morley",-31.8792757,115.9283835,12/10/2020,Oct,2020,"Prendergast, K. (2021). City of Bayswater Native Bee Surveys November – February 2020/21. City of Bayswater, WA. Available: https://www.bayswater.wa.gov.au/CityOfBayswater/files/35/3511fbd7-0d69-4cd5-8841-f59888917161.pdf",S87,Prendergast_2021_3,S,1,1,1,1,1,1,Specimens ID'd by Dr Kit Prendergast.,NA
Jacksonia,furcellata,Jacksonia furcellata,Fabaceae,Megachile (Eutricharaea) cf. macularis,Megachile,Eutricharaea,cf. macularis,Megachilidae,Megachilinae,NA,Insecta,Hymenoptera,1,WA,"Arbor Park, Morley",-31.8792757,115.9283835,11/11/2020,Nov,2020,"Prendergast, K. (2021). City of Bayswater Native Bee Surveys November – February 2020/21. City of Bayswater, WA. Available: https://www.bayswater.wa.gov.au/CityOfBayswater/files/35/3511fbd7-0d69-4cd5-8841-f59888917161.pdf",S87,Prendergast_2021_3,S,1,1,1,1,1,1,Specimens ID'd by Dr Kit Prendergast.,NA
Jacksonia,furcellata,Jacksonia furcellata,Fabaceae,Megachile (Eutricharaea) cf. serricauda,Megachile,Eutricharaea,cf. serricauda,Megachilidae,Megachilinae,NA,Insecta,Hymenoptera,1,WA,"Arbor Park, Morley",-31.8792757,115.9283835,11/11/2020,Nov,2020,"Prendergast, K. (2021). City of Bayswater Native Bee Surveys November – February 2020/21. City of Bayswater, WA. Available: https://www.bayswater.wa.gov.au/CityOfBayswater/files/35/3511fbd7-0d69-4cd5-8841-f59888917161.pdf",S87,Prendergast_2021_3,S,1,1,1,1,1,1,Specimens ID'd by Dr Kit Prendergast.,NA
Jacksonia,furcellata,Jacksonia furcellata,Fabaceae,Megachile (Eutricharaea) chrysopyga,Megachile,Eutricharaea,chrysopyga,Megachilidae,Megachilinae,NA,Insecta,Hymenoptera,5,WA,"Arbor Park, Morley",-31.8792757,115.9283835,19/12/2020,Dec,2020,"Prendergast, K. (2021). City of Bayswater Native Bee Surveys November – February 2020/21. City of Bayswater, WA. Available: https://www.bayswater.wa.gov.au/CityOfBayswater/files/35/3511fbd7-0d69-4cd5-8841-f59888917161.pdf",S87,Prendergast_2021_3,S,1,1,1,1,1,1,Specimens ID'd by Dr Kit Prendergast.,NA
Jacksonia,furcellata,Jacksonia furcellata,Fabaceae,Megachile (Eutricharaea) chrysopyga,Megachile,Eutricharaea,chrysopyga,Megachilidae,Megachilinae,NA,Insecta,Hymenoptera,2,WA,"Arbor Park, Morley",-31.8792757,115.9283835,11/11/2020,Nov,2020,"Prendergast, K. (2021). City of Bayswater Native Bee Surveys November – February 2020/21. City of Bayswater, WA. Available: https://www.bayswater.wa.gov.au/CityOfBayswater/files/35/3511fbd7-0d69-4cd5-8841-f59888917161.pdf",S87,Prendergast_2021_3,S,1,1,1,1,1,1,Specimens ID'd by Dr Kit Prendergast.,NA
Jacksonia,furcellata,Jacksonia furcellata,Fabaceae,Megachile (Eutricharaea) chrysopyga,Megachile,Eutricharaea,chrysopyga,Megachilidae,Megachilinae,NA,Insecta,Hymenoptera,1,WA,"Arbor Park, Morley",-31.8792757,115.9283835,12/10/2020,Oct,2020,"Prendergast, K. (2021). City of Bayswater Native Bee Surveys November – February 2020/21. City of Bayswater, WA. Available: https://www.bayswater.wa.gov.au/CityOfBayswater/files/35/3511fbd7-0d69-4cd5-8841-f59888917161.pdf",S87,Prendergast_2021_3,S,1,1,1,1,1,1,Specimens ID'd by Dr Kit Prendergast.,NA
Jacksonia,furcellata,Jacksonia furcellata,Fabaceae,Megachile (Eutricharaea) obtusa,Megachile,Eutricharaea,obtusa,Megachilidae,Megachilinae,NA,Insecta,Hymenoptera,1,WA,"Arbor Park, Morley",-31.8792757,115.9283835,19/12/2020,Dec,2020,"Prendergast, K. (2021). City of Bayswater Native Bee Surveys November – February 2020/21. City of Bayswater, WA. Available: https://www.bayswater.wa.gov.au/CityOfBayswater/files/35/3511fbd7-0d69-4cd5-8841-f59888917161.pdf",S87,Prendergast_2021_3,S,1,1,1,1,1,1,Specimens ID'd by Dr Kit Prendergast.,NA
Jacksonia,furcellata,Jacksonia furcellata,Fabaceae,Megachile (Eutricharaea) obtusa,Megachile,Eutricharaea,obtusa,Megachilidae,Megachilinae,NA,Insecta,Hymenoptera,1,WA,"Arbor Park, Morley",-31.8792757,115.9283835,11/11/2020,Nov,2020,"Prendergast, K. (2021). City of Bayswater Native Bee Surveys November – February 2020/21. City of Bayswater, WA. Available: https://www.bayswater.wa.gov.au/CityOfBayswater/files/35/3511fbd7-0d69-4cd5-8841-f59888917161.pdf",S87,Prendergast_2021_3,S,1,1,1,1,1,1,Specimens ID'd by Dr Kit Prendergast.,NA
Jacksonia,furcellata,Jacksonia furcellata,Fabaceae,Megachile (Eutricharaea) simplex,Megachile,Eutricharaea,simplex,Megachilidae,Megachilinae,NA,Insecta,Hymenoptera,1,WA,"Arbor Park, Morley",-31.8792757,115.9283835,19/12/2020,Dec,2020,"Prendergast, K. (2021). City of Bayswater Native Bee Surveys November – February 2020/21. City of Bayswater, WA. Available: https://www.bayswater.wa.gov.au/CityOfBayswater/files/35/3511fbd7-0d69-4cd5-8841-f59888917161.pdf",S87,Prendergast_2021_3,S,1,1,1,1,1,1,Specimens ID'd by Dr Kit Prendergast.,NA
Corymbia,calophylla,Corymbia calophylla,Myrtaceae,Megachile (Hackeriapis) tosticauda,Megachile,Hackeriapis,tosticauda,Megachilidae,Megachilinae,NA,Insecta,Hymenoptera,1,WA,"Arbor Park, Morley",-31.8792757,115.9283835,23/2/2021,Feb,2021,"Prendergast, K. (2021). City of Bayswater Native Bee Surveys November – February 2020/21. City of Bayswater, WA. Available: https://www.bayswater.wa.gov.au/CityOfBayswater/files/35/3511fbd7-0d69-4cd5-8841-f59888917161.pdf",S87,Prendergast_2021_3,S,1,1,1,1,1,1,Specimens ID'd by Dr Kit Prendergast.,NA
Jacksonia,furcellata,Jacksonia furcellata,Fabaceae,Megachile speluncarum,Megachile,NA,speluncarum,Megachilidae,Megachilinae,NA,Insecta,Hymenoptera,3,WA,"Arbor Park, Morley",-31.8792757,115.9283835,19/12/2020,Dec,2020,"Prendergast, K. (2021). City of Bayswater Native Bee Surveys November – February 2020/21. City of Bayswater, WA. Available: https://www.bayswater.wa.gov.au/CityOfBayswater/files/35/3511fbd7-0d69-4cd5-8841-f59888917161.pdf",S87,Prendergast_2021_3,S,1,1,1,1,1,1,Specimens ID'd by Dr Kit Prendergast.,NA
Eucalyptus,marginata,Eucalyptus marginata,Myrtaceae,Pachyprosopis (Pachyprosopula) purnongensis,Pachyprosopis,NA,purnongensis,Colletidae,Euryglossinae,NA,Insecta,Hymenoptera,5,WA,"Arbor Park, Morley",-31.8792757,115.9283835,24/1/2021,Jan,2021,"Prendergast, K. (2021). City of Bayswater Native Bee Surveys November – February 2020/21. City of Bayswater, WA. Available: https://www.bayswater.wa.gov.au/CityOfBayswater/files/35/3511fbd7-0d69-4cd5-8841-f59888917161.pdf",S87,Prendergast_2021_3,S,1,1,1,1,1,1,Specimens ID'd by Dr Kit Prendergast.,NA
Jacksonia,furcellata,Jacksonia furcellata,Fabaceae,Rozenapis ignita,Rozenapis,NA,ignita,Megachilidae,Megachilinae,NA,Insecta,Hymenoptera,1,WA,"Arbor Park, Morley",-31.8792757,115.9283835,11/11/2020,Nov,2020,"Prendergast, K. (2021). City of Bayswater Native Bee Surveys November – February 2020/21. City of Bayswater, WA. Available: https://www.bayswater.wa.gov.au/CityOfBayswater/files/35/3511fbd7-0d69-4cd5-8841-f59888917161.pdf",S87,Prendergast_2021_3,S,1,1,1,1,1,1,Specimens ID'd by Dr Kit Prendergast.,NA
Hakea,trifurcata,Hakea trifurcata,Proteaceae,Leioproctus (Colletellus) submetallicus,Leioproctus,Colletellus,submetallicus,Colletidae,Neopasiphaeinae,NA,Insecta,Hymenoptera,1,WA,"Poison Gully, High Wycombe",-31.953895,116.008039,5/9/2020,Sep,2020,"Prendergast, K. (2021). Kalamunda Native Bee Surveys Spring-Summer 2020/21 at Ledger Hill Reserve, Maida Vale Reserve, and Poison Gully Reserve. City of Kalamunda, WA.",S88,Prendergast_2021_4,S,1,1,0,1,1,1,Specimens ID'd by Dr Kit Prendergast. Deposited at WAM. Report not publically available [26/11/23].,NA
Conostylis,juncea,Conostylis juncea,Haemodoraceae,Leioproctus (Leioproctus) cf. nasutus,Leioproctus,Leioproctus,cf. nasutus,Colletidae,Neopasiphaeinae,NA,Insecta,Hymenoptera,1,WA,"Maida Vale, Kalamunda",-31.9479153,116.0244293,9/4/2020,April,2020,"Prendergast, K. (2021). Kalamunda Native Bee Surveys Spring-Summer 2020/21 at Ledger Hill Reserve, Maida Vale Reserve, and Poison Gully Reserve. City of Kalamunda, WA.",S88,Prendergast_2021_4,S,1,1,0,1,1,1,Specimens ID'd by Dr Kit Prendergast. Deposited at WAM. Report not publically available [26/11/23].,NA
Bossiaea,eriocarpa,Bossiaea eriocarpa,Fabaceae,Trichocolletes erythrurus,Trichocolletes,NA,erythrurus,Colletidae,Neopasiphaeinae,NA,Insecta,Hymenoptera,2,WA,"Poison Gully, High Wycombe",-31.953895,116.008039,5/9/2020,Sep,2020,"Prendergast, K. (2021). Kalamunda Native Bee Surveys Spring-Summer 2020/21 at Ledger Hill Reserve, Maida Vale Reserve, and Poison Gully Reserve. City of Kalamunda, WA.",S88,Prendergast_2021_4,S,1,1,0,1,1,1,Specimens ID'd by Dr Kit Prendergast. Deposited at WAM. Report not publically available [26/11/23].,NA
Regelia,inops,Regelia inops,Myrtaceae,Amegilla (Notomegilla) chlorocyanea,Amegilla,Notomegilla,chlorocyanea,Apidae,Apinae,NA,Insecta,Hymenoptera,1,WA,Kooljerrinup Reserve,-32.762984,115.7308914,20/12/2020,Dec,2020,"Prendergast, K. (2021). Kooljerrinup Nature Reserve Native Bee Report. Results of native bee surveys September – January 2020/21 with a focus on the Critically Endangered Neopasiphae simplicior. Report produced by Dr Kit Prendergast for the Western Australian Government’s Department of Biodiversity, Conservation and Attractions (DBCA). DBCA, WA.",S89,Prendergast_2021_5,S,1,1,0,1,1,1,Specimens ID'd by Dr Kit Prendergast. Deposited at WAM. Report not publically available [26/11/23].,NA
Regelia,inops,Regelia inops,Myrtaceae,Megachile fultoni,Megachile,NA,fultoni,Megachilidae,Megachilinae,NA,Insecta,Hymenoptera,1,WA,Kooljerrinup Reserve,-32.762984,115.7308914,28/11/2020,Nov,2020,"Prendergast, K. (2021). Kooljerrinup Nature Reserve Native Bee Report. Results of native bee surveys September – January 2020/21 with a focus on the Critically Endangered Neopasiphae simplicior. Report produced by Dr Kit Prendergast for the Western Australian Government’s Department of Biodiversity, Conservation and Attractions (DBCA). DBCA, WA.",S89,Prendergast_2021_5,S,1,1,0,1,1,1,Specimens ID'd by Dr Kit Prendergast. Deposited at WAM. Report not publically available [26/11/23].,NA
Regelia,inops,Regelia inops,Myrtaceae,Megachile oblonga,Megachile,NA,oblonga,Megachilidae,Megachilinae,NA,Insecta,Hymenoptera,1,WA,Kooljerrinup Reserve,-32.762984,115.7308914,20/1/2021,Jan,2021,"Prendergast, K. (2021). Kooljerrinup Nature Reserve Native Bee Report. Results of native bee surveys September – January 2020/21 with a focus on the Critically Endangered Neopasiphae simplicior. Report produced by Dr Kit Prendergast for the Western Australian Government’s Department of Biodiversity, Conservation and Attractions (DBCA). DBCA, WA.",S89,Prendergast_2021_5,S,1,1,0,1,1,1,Specimens ID'd by Dr Kit Prendergast. Deposited at WAM. Report not publically available [26/11/23].,NA
Regelia,ciliata,Regelia ciliata,Myrtaceae,Amegilla (Notomegila) chlorocyanea,Amegilla,Notomegilla,chlorocyanea,Apidae,Apinae,NA,Insecta,Hymenoptera,2,WA,"Lot 100 Montogomery Ave, Mt Claremont",NA,NA,19/12/2021,Dec,2021,"Prendergast, K. (2021). Lot 100 Montgomery Avenue Native Bee Habitat Report. Prepared for Martina Bovell, Dept of Education.",S90,Prendergast_2021_6,S,1,1,0,1,1,1,Specimens ID'd by Dr Kit Prendergast. Deposited at WAM. Report not publically available [26/11/23].,NA
Regelia,ciliata,Regelia ciliata,Myrtaceae,Megachile (Eutricharaea) macularis,Megachile,Eutricharaea,macularis,Megachilidae,Megachilinae,NA,Insecta,Hymenoptera,1,WA,"Lot 100 Montogomery Ave, Mt Claremont",NA,NA,19/12/2021,Dec,2021,"Prendergast, K. (2021). Lot 100 Montgomery Avenue Native Bee Habitat Report. Prepared for Martina Bovell, Dept of Education.",S90,Prendergast_2021_6,S,1,1,0,1,1,1,Specimens ID'd by Dr Kit Prendergast. Deposited at WAM. Report not publically available [26/11/23].,NA
Regelia,ciliata,Regelia ciliata,Myrtaceae,Megachile (Eutricharaea) serricauda,Megachile,Eutricharaea,serricauda,Megachilidae,Megachilinae,NA,Insecta,Hymenoptera,2,WA,"Lot 100 Montogomery Ave, Mt Claremont",NA,NA,19/12/2021,Dec,2021,"Prendergast, K. (2021). Lot 100 Montgomery Avenue Native Bee Habitat Report. Prepared for Martina Bovell, Dept of Education.",S90,Prendergast_2021_6,S,1,1,0,1,1,1,Specimens ID'd by Dr Kit Prendergast. Deposited at WAM. Report not publically available [26/11/23].,NA
Regelia,ciliata,Regelia ciliata,Myrtaceae,Thyreus waroonensis,Thyreus,NA,waroonensis,Apidae,Apinae,NA,Insecta,Hymenoptera,2,WA,"Lot 100 Montogomery Ave, Mt Claremont",NA,NA,19/12/2021,Dec,2021,"Prendergast, K. (2021). Lot 100 Montgomery Avenue Native Bee Habitat Report. Prepared for Martina Bovell, Dept of Education.",S90,Prendergast_2021_6,S,1,1,0,1,1,1,Specimens ID'd by Dr Kit Prendergast. Deposited at WAM. Report not publically available [26/11/23].,NA
Senna,glutinosa,Senna ?glutinosa,Fabaceae,Lipotriches (Austronomia) flavoviridis species-group,Lipotriches,Austronomia,flavoviridis species-group,Halictidae,Nomiinae,NA,Insecta,Hymenoptera,2,WA,"Eighty-mile beach, south of Broome, northern WA",-19°72.35,121°39.48,20/10/2022,Oct,2022,"Prendergast, K. (2021). Native Bees at Walyarta Reserve Surveyed by Dr Kit Prendergast 20th-21st July 2021. Dept of Biodiversity, Conservation & Attractions, Broome, WA.",S91A,Prendergast_2021_7,S,1,1,0,1,1,1,"Specimens ID'd by Dr Kit Prendergast. Deposited at WAM. Report not publically available [26/11/23]. Lipotriches flaviviridis is part of a species complex, undergoing taxonomic revision [26/11/23]",NA
Dampiera,altissima,Dampiera altissima,Goodeniaceae,Hylaeus (Prosopisteron) ?bracteatus,Hylaeus,Prosopisteron,?bracteatus,Colletidae,Hylaeinae,NA,Insecta,Hymenoptera,2,WA,"Geraldton, Chapman River Park",-32.002416S,115.8876638E,13/8/2021,Aug,2021,"Prendergast, K. (2021). Native Bees of Chapman River NP. Report produced for Friends of Chapman River National Park.",S92,Prendergast_2021_8,S,1,1,0,1,1,1,Specimens ID'd by Dr Kit Prendergast. Deposited at WAM. Report not publically available [26/11/23].,NA
Dampiera,altissima,Dampiera altissima,Goodeniaceae,Lasioglossum (Chilalictus) castor,Lasioglossum,Chilalictus,castor,Halictidae,Halictinae,NA,Insecta,Hymenoptera,1,WA,"Geraldton, Chapman River Park",-32.002416S,115.8876638E,13/8/2021,Aug,2021,"Prendergast, K. (2021). Native Bees of Chapman River NP. Report produced for Friends of Chapman River National Park.",S92,Prendergast_2021_8,S,1,1,0,1,1,1,Specimens ID'd by Dr Kit Prendergast. Deposited at WAM. Report not publically available [26/11/23].,NA
Daviesia,divicarta,Daviesia divicarta,Fabaceae,"Euhesma ""KSPEuryglossinaesp2 Euhesma goodeniae-group""",Euhesma,NA,"""KSPEuryglossinaesp2 Euhesma goodeniae-group""",Colletidae,Euryglossinae,NA,Insecta,Hymenoptera,2,WA,Lightning Swamp,-31.8696923,115.9068847,10/10/2021,Oct,2021,"Prendergast, K. (2022). City of Bayswater Native Bee Surveys October – February 2021/22. City of Bayswater, WA.",S93A,Prendergast_2022_5,S,1,1,0,1,1,1,Specimens ID'd by Dr Kit Prendergast. Deposited at WAM.,NA
Daviesia,divicarta,Daviesia divicarta,Fabaceae,"Euhesma ""KSPEuryglossinaesp2 Euhesma goodeniae-group""",Euhesma,NA,"""KSPEuryglossinaesp2 Euhesma goodeniae-group""",Colletidae,Euryglossinae,NA,Insecta,Hymenoptera,1,WA,"McPherson Park, Noranda",-31.8782382,115.9140168,10/10/2021,Oct,2021,"Prendergast, K. (2022). City of Bayswater Native Bee Surveys October – February 2021/22. City of Bayswater, WA.",S93A,Prendergast_2022_5,S,1,1,0,1,1,1,Specimens ID'd by Dr Kit Prendergast. Deposited at WAM.,NA
Allocasuarina,fraseriana,Allocasuarina fraseriana,Casuarinaceae,"Euhesma walkeriana-species group ""Allocasurina Euhesma""",Euhesma,NA,"walkeriana-species group ""Allocasurina Euhesma""",Colletidae,Euryglossinae,NA,Insecta,Hymenoptera,5,WA,"McPherson Park, Noranda",-31.8782382,115.9140168,10/10/2021,Oct,2021,"Prendergast, K. (2022). City of Bayswater Native Bee Surveys October – February 2021/22. City of Bayswater, WA.",S93A,Prendergast_2022_5,S,1,1,0,1,1,1,Specimens ID'd by Dr Kit Prendergast. Deposited at WAM.,NA
Corymbia,calophylla,Corymbia calophylla,Myrtaceae,Euryglossina (Euryglossina) argocephala,Euryglossina,Euryglossina,argocephala,Colletidae,Euryglossinae,NA,Insecta,Hymenoptera,1,WA,Lightning Swamp,-31.8696923,115.9068847,16/2/2022,Feb,2022,"Prendergast, K. (2022). City of Bayswater Native Bee Surveys October – February 2021/22. City of Bayswater, WA.",S93A,Prendergast_2022_5,S,1,1,0,1,1,1,Specimens ID'd by Dr Kit Prendergast. Deposited at WAM.,NA
Corymbia,calophylla,Corymbia calophylla,Myrtaceae,Euryglossina (Microdontura) mellea,Euryglossina,Microdontura,mellea,Colletidae,Euryglossinae,NA,Insecta,Hymenoptera,5,WA,Lightning Swamp,-31.8696923,115.9068847,16/2/2022,Feb,2022,"Prendergast, K. (2022). City of Bayswater Native Bee Surveys October – February 2021/22. City of Bayswater, WA.",S93A,Prendergast_2022_5,S,1,1,0,1,1,1,Specimens ID'd by Dr Kit Prendergast. Deposited at WAM.,NA
Corymbia,calophylla,Corymbia calophylla,Myrtaceae,Exoneurella setosa,Exoneurella,NA,setosa,Apidae,Xylocopinae,NA,Insecta,Hymenoptera,1,WA,Lightning Swamp,-31.8696923,115.9068847,16/2/2022,Feb,2022,"Prendergast, K. (2022). City of Bayswater Native Bee Surveys October – February 2021/22. City of Bayswater, WA.",S93A,Prendergast_2022_5,S,1,1,0,1,1,1,Specimens ID'd by Dr Kit Prendergast. Deposited at WAM.,NA
Daviesia,divicarta,Daviesia divicarta,Fabaceae,Exoneurella setosa,Exoneurella,NA,setosa,Apidae,Xylocopinae,NA,Insecta,Hymenoptera,1,WA,Lightning Swamp,-31.8696923,115.9068847,19/9/2021,Sep,2021,"Prendergast, K. (2022). City of Bayswater Native Bee Surveys October – February 2021/22. City of Bayswater, WA.",S93A,Prendergast_2022_5,S,1,1,0,1,1,1,Specimens ID'd by Dr Kit Prendergast. Deposited at WAM.,NA
Corymbia,calophylla,Corymbia calophylla,Myrtaceae,Hylaeus (Prosopisteron) bicurvatus,Hylaeus,NA,bicurvatus,Colletidae,Hylaeinae,NA,Insecta,Hymenoptera,2,WA,Lightning Swamp,-31.8696923,115.9068847,16/2/2022,Feb,2022,"Prendergast, K. (2022). City of Bayswater Native Bee Surveys October – February 2021/22. City of Bayswater, WA.",S93A,Prendergast_2022_5,S,1,1,0,1,1,1,Specimens ID'd by Dr Kit Prendergast. Deposited at WAM.,NA
Corymbia,calophylla,Corymbia calophylla,Myrtaceae,Hylaeus (Prosopisteron) trimerops,Hylaeus,Prosopisteron,trimerops,Colletidae,Hylaeinae,NA,Insecta,Hymenoptera,3,WA,Lightning Swamp,-31.8696923,115.9068847,16/2/2022,Feb,2022,"Prendergast, K. (2022). City of Bayswater Native Bee Surveys October – February 2021/22. City of Bayswater, WA.",S93A,Prendergast_2022_5,S,1,1,0,1,1,1,Specimens ID'd by Dr Kit Prendergast. Deposited at WAM.,NA
Corymbia,calophylla,Corymbia calophylla,Myrtaceae,Hylaeus (Rhodohylaeus) lateralis,Hylaeus,Rhodohylaeus,lateralis,Colletidae,Hylaeinae,NA,Insecta,Hymenoptera,1,WA,Lightning Swamp,-31.8696923,115.9068847,16/2/2022,Feb,2022,"Prendergast, K. (2022). City of Bayswater Native Bee Surveys October – February 2021/22. City of Bayswater, WA.",S93A,Prendergast_2022_5,S,1,1,0,1,1,1,Specimens ID'd by Dr Kit Prendergast. Deposited at WAM.,NA
Senecio,jacobaea,Senecio jacobaea,Asteraceae,Leioproctus (Leioproctus) subminutus?,Leioproctus,Leioproctus,subminutus?,Colletidae,Neopasiphaeinae,NA,Insecta,Hymenoptera,3,WA,Lightning Swamp,-31.8696923,115.9068847,19/9/2021,Sep,2021,"Prendergast, K. (2022). City of Bayswater Native Bee Surveys October – February 2021/22. City of Bayswater, WA.",S93A,Prendergast_2022_5,S,1,1,0,1,1,1,Specimens ID'd by Dr Kit Prendergast. Deposited at WAM.,NA
Lechenaultia,expansa,Lechenaultia expansa,Goodeniaceae,Leioproctus sp._LightningSwampLechnaultiaLeioproctus,Leioproctus,NA,"""LightningSwampLechnaultiaLeioproctus""",Colletidae,Neopasiphaeinae,NA,Insecta,Hymenoptera,2,WA,Lightning Swamp,-31.8696923,115.9068847,25/11/2021,Nov,2021,"Prendergast, K. (2022). City of Bayswater Native Bee Surveys October – February 2021/22. City of Bayswater, WA.",S93A,Prendergast_2022_5,S,1,1,0,1,1,1,Specimens ID'd by Dr Kit Prendergast. Deposited at WAM.,NA
Daviesia,divicarta,Daviesia divicarta,Fabaceae,Lipotriches (Austronomia) moerens,Lipotriches,Austronomia,moerens,Halictidae,Nomiinae,NA,Insecta,Hymenoptera,2,WA,Lightning Swamp,-31.8696923,115.9068847,10/10/2021,Oct,2021,"Prendergast, K. (2022). City of Bayswater Native Bee Surveys October – February 2021/22. City of Bayswater, WA.",S93A,Prendergast_2022_5,S,1,1,0,1,1,1,Specimens ID'd by Dr Kit Prendergast. Deposited at WAM.,NA
Goodenia,filiformis,Goodenia filiformis,Goodeniaceae,"Megachile ""goodenia""",Megachile,NA,"goodenia""",Megachilidae,Megachilinae,NA,Insecta,Hymenoptera,2,WA,Lightning Swamp,-31.8696923,115.9068847,6/1/2022,Jan,2021,"Prendergast, K. (2022). City of Bayswater Native Bee Surveys October – February 2021/22. City of Bayswater, WA.",S93A,Prendergast_2022_5,S,1,1,0,1,1,1,Specimens ID'd by Dr Kit Prendergast. Deposited at WAM.,NA
Goodenia,filiformis,Goodenia filiformis,Goodeniaceae,"Megachile ""houstoni""",Megachile,NA,"houstoni""",Megachilidae,Megachilinae,NA,Insecta,Hymenoptera,8,WA,Lightning Swamp,-31.8696923,115.9068847,6/1/2022,Jan,2021,"Prendergast, K. (2022). City of Bayswater Native Bee Surveys October – February 2021/22. City of Bayswater, WA.",S93A,Prendergast_2022_5,S,1,1,0,1,1,1,Specimens ID'd by Dr Kit Prendergast. Deposited at WAM.,NA
Goodenia,filiformis,Goodenia filiformis,Goodeniaceae,"Megachile ""houstoni""",Megachile,NA,"houstoni""",Megachilidae,Megachilinae,NA,Insecta,Hymenoptera,4,WA,Lightning Swamp,-31.8696923,115.9068847,7/12/2021,Dec,2021,"Prendergast, K. (2022). City of Bayswater Native Bee Surveys October – February 2021/22. City of Bayswater, WA.",S93A,Prendergast_2022_5,S,1,1,0,1,1,1,Specimens ID'd by Dr Kit Prendergast. Deposited at WAM.,NA
Lechenaultia,expansa,Lechenaultia expansa,Goodeniaceae,"Megachile ""houstoni""",Megachile,NA,"houstoni""",Megachilidae,Megachilinae,NA,Insecta,Hymenoptera,1,WA,Lightning Swamp,-31.8696923,115.9068847,7/12/2021,Dec,2021,"Prendergast, K. (2022). City of Bayswater Native Bee Surveys October – February 2021/22. City of Bayswater, WA.",S93A,Prendergast_2022_5,S,1,1,0,1,1,1,Specimens ID'd by Dr Kit Prendergast. Deposited at WAM.,NA
Jacksonia,furcellata,Jacksonia furcellata,Fabaceae,Megachile (Austrochile) remotula,Megachile,Austrochile,remotula,Megachilidae,Megachilinae,NA,Insecta,Hymenoptera,1,WA,Lightning Swamp,-31.8696923,115.9068847,6/1/2022,Jan,2021,"Prendergast, K. (2022). City of Bayswater Native Bee Surveys October – February 2021/22. City of Bayswater, WA.",S93A,Prendergast_2022_5,S,1,1,0,1,1,1,Specimens ID'd by Dr Kit Prendergast. Deposited at WAM.,NA
Jacksonia,floribunda,Jacksonia floribunda,Fabaceae,"Megachile (Eutricharaea) ""war-arms""",Megachile,Eutricharaea,"""war-arms""",Megachilidae,Megachilinae,NA,Insecta,Hymenoptera,1,WA,Lightning Swamp,-31.8696923,115.9068847,6/1/2022,Jan,2021,"Prendergast, K. (2022). City of Bayswater Native Bee Surveys October – February 2021/22. City of Bayswater, WA.",S93A,Prendergast_2022_5,S,1,1,0,1,1,1,Specimens ID'd by Dr Kit Prendergast. Deposited at WAM.,NA
Jacksonia,floribunda,Jacksonia floribunda,Fabaceae,Megachile (Eutricharaea) obtusa,Megachile,Eutricharaea,obtusa,Megachilidae,Megachilinae,NA,Insecta,Hymenoptera,3,WA,Lightning Swamp,-31.8696923,115.9068847,6/1/2022,Jan,2021,"Prendergast, K. (2022). City of Bayswater Native Bee Surveys October – February 2021/22. City of Bayswater, WA.",S93A,Prendergast_2022_5,S,1,1,0,1,1,1,Specimens ID'd by Dr Kit Prendergast. Deposited at WAM.,NA
Jacksonia,floribunda,Jacksonia floribunda,Fabaceae,Megachile (Eutricharaea) obtusa,Megachile,Eutricharaea,obtusa,Megachilidae,Megachilinae,NA,Insecta,Hymenoptera,1,WA,"McPherson Park, Noranda",-31.8782382,115.9140168,7/12/2021,Dec,2021,"Prendergast, K. (2022). City of Bayswater Native Bee Surveys October – February 2021/22. City of Bayswater, WA.",S93A,Prendergast_2022_5,S,1,1,0,1,1,1,Specimens ID'd by Dr Kit Prendergast. Deposited at WAM.,NA
Jacksonia,furcellata,Jacksonia furcellata,Fabaceae,Megachile (Eutricharaea) obtusa,Megachile,Eutricharaea,obtusa,Megachilidae,Megachilinae,NA,Insecta,Hymenoptera,1,WA,Lightning Swamp,-31.8696923,115.9068847,16/2/2022,Feb,2022,"Prendergast, K. (2022). City of Bayswater Native Bee Surveys October – February 2021/22. City of Bayswater, WA.",S93A,Prendergast_2022_5,S,1,1,0,1,1,1,Specimens ID'd by Dr Kit Prendergast. Deposited at WAM.,NA
Daviesia,divicarta,Daviesia divicarta,Fabaceae,Megachile (Hackeriapis) canifrons,Megachile,Hackeriapis,canifrons,Megachilidae,Megachilinae,NA,Insecta,Hymenoptera,1,WA,Lightning Swamp,-31.8696923,115.9068847,19/9/2021,Sep,2021,"Prendergast, K. (2022). City of Bayswater Native Bee Surveys October – February 2021/22. City of Bayswater, WA.",S93A,Prendergast_2022_5,S,1,1,0,1,1,1,Specimens ID'd by Dr Kit Prendergast. Deposited at WAM.,NA
Eucalyptus,sp.,Eucalyptus sp.,Myrtaceae,Megachile (Mitchellapis) fabricator,Megachile,Mitchellapis,fabricator,Megachilidae,Megachilinae,NA,Insecta,Hymenoptera,1,WA,"McPherson Park, Noranda",-31.8782382,115.9140168,6/1/2022,Jan,2022,"Prendergast, K. (2022). City of Bayswater Native Bee Surveys October – February 2021/22. City of Bayswater, WA.",S93A,Prendergast_2022_5,S,1,1,0,1,1,1,Specimens ID'd by Dr Kit Prendergast. Deposited at WAM.,NA
Eucalyptus,leucoxylon,Eucalyptus leucoxylon,Myrtaceae,Megachile apicata,Megachile,NA,apicata,Megachilidae,Megachilinae,NA,Insecta,Hymenoptera,1,WA,Lightning Swamp,-31.8696923,115.9068847,16/2/2022,Feb,2022,"Prendergast, K. (2022). City of Bayswater Native Bee Surveys October – February 2021/22. City of Bayswater, WA.",S93A,Prendergast_2022_5,S,1,1,0,1,1,1,Specimens ID'd by Dr Kit Prendergast. Deposited at WAM.,NA
Calothamnus,quadrifidus,Calothamnus quadrifidus,Myrtaceae,Megachile callura?,Megachile,NA,callura?,Megachilidae,Megachilinae,NA,Insecta,Hymenoptera,1,WA,Lightning Swamp,-31.8696923,115.9068847,25/11/2021,Nov,2021,"Prendergast, K. (2022). City of Bayswater Native Bee Surveys October – February 2021/22. City of Bayswater, WA.",S93A,Prendergast_2022_5,S,1,1,0,1,1,1,Specimens ID'd by Dr Kit Prendergast. Deposited at WAM.,NA
Goodenia,filiformis,Goodenia filiformis,Goodeniaceae,Megachile callura?,Megachile,NA,callura?,Megachilidae,Megachilinae,NA,Insecta,Hymenoptera,1,WA,Lightning Swamp,-31.8696923,115.9068847,7/12/2021,Dec,2021,"Prendergast, K. (2022). City of Bayswater Native Bee Surveys October – February 2021/22. City of Bayswater, WA.",S93A,Prendergast_2022_5,S,1,1,0,1,1,1,Specimens ID'd by Dr Kit Prendergast. Deposited at WAM.,NA
Lechenaultia,expansa,Lechenaultia expansa,Goodeniaceae,Megachile callura?,Megachile,NA,callura?,Megachilidae,Megachilinae,NA,Insecta,Hymenoptera,1,WA,Lightning Swamp,-31.8696923,115.9068847,25/11/2021,Nov,2021,"Prendergast, K. (2022). City of Bayswater Native Bee Surveys October – February 2021/22. City of Bayswater, WA.",S93A,Prendergast_2022_5,S,1,1,0,1,1,1,Specimens ID'd by Dr Kit Prendergast. Deposited at WAM.,NA
Lechenaultia,expansa,Lechenaultia expansa,Goodeniaceae,Megachile callura?,Megachile,NA,callura?,Megachilidae,Megachilinae,NA,Insecta,Hymenoptera,1,WA,Lightning Swamp,-31.8696923,115.9068847,7/12/2021,Dec,2021,"Prendergast, K. (2022). City of Bayswater Native Bee Surveys October – February 2021/22. City of Bayswater, WA.",S93A,Prendergast_2022_5,S,1,1,0,1,1,1,Specimens ID'd by Dr Kit Prendergast. Deposited at WAM.,NA
Goodenia,filiformis,Goodenia filiformis,Goodeniaceae,Megachile fultoni,Megachile,NA,fultoni,Megachilidae,Megachilinae,NA,Insecta,Hymenoptera,1,WA,Lightning Swamp,-31.8696923,115.9068847,6/1/2022,Jan,2021,"Prendergast, K. (2022). City of Bayswater Native Bee Surveys October – February 2021/22. City of Bayswater, WA.",S93A,Prendergast_2022_5,S,1,1,0,1,1,1,Specimens ID'd by Dr Kit Prendergast. Deposited at WAM.,NA
Banksia,attenuata,Banksia attenuata,Proteaceae,Megachile speluncarum,Megachile,NA,speluncarum,Megachilidae,Megachilinae,NA,Insecta,Hymenoptera,1,WA,Lightning Swamp,-31.8696923,115.9068847,6/1/2022,Jan,2021,"Prendergast, K. (2022). City of Bayswater Native Bee Surveys October – February 2021/22. City of Bayswater, WA.",S93A,Prendergast_2022_5,S,1,1,0,1,1,1,Specimens ID'd by Dr Kit Prendergast. Deposited at WAM.,NA
Goodenia,filiformis,Goodenia filiformis,Goodeniaceae,Megachile speluncarum,Megachile,NA,speluncarum,Megachilidae,Megachilinae,NA,Insecta,Hymenoptera,1,WA,Lightning Swamp,-31.8696923,115.9068847,25/11/2021,Nov,2021,"Prendergast, K. (2022). City of Bayswater Native Bee Surveys October – February 2021/22. City of Bayswater, WA.",S93A,Prendergast_2022_5,S,1,1,0,1,1,1,Specimens ID'd by Dr Kit Prendergast. Deposited at WAM.,NA
Jacksonia,furcellata,Jacksonia furcellata,Fabaceae,Megachile speluncarum,Megachile,NA,speluncarum,Megachilidae,Megachilinae,NA,Insecta,Hymenoptera,1,WA,Lightning Swamp,-31.8696923,115.9068847,25/11/2021,Nov,2021,"Prendergast, K. (2022). City of Bayswater Native Bee Surveys October – February 2021/22. City of Bayswater, WA.",S93A,Prendergast_2022_5,S,1,1,0,1,1,1,Specimens ID'd by Dr Kit Prendergast. Deposited at WAM.,NA
Jacksonia,furcellata,Jacksonia furcellata,Fabaceae,Megachile speluncarum,Megachile,NA,speluncarum,Megachilidae,Megachilinae,NA,Insecta,Hymenoptera,1,WA,Lightning Swamp,-31.8696923,115.9068847,7/12/2021,Dec,2021,"Prendergast, K. (2022). City of Bayswater Native Bee Surveys October – February 2021/22. City of Bayswater, WA.",S93A,Prendergast_2022_5,S,1,1,0,1,1,1,Specimens ID'd by Dr Kit Prendergast. Deposited at WAM.,NA
Jacksonia,floribunda,Jacksonia floribunda,Fabaceae,Rozenapis ignita,Rozenapis,NA,ignita,Megachilidae,Megachilinae,NA,Insecta,Hymenoptera,1,WA,"McPherson Park, Noranda",-31.8782382,115.9140168,7/12/2021,Dec,2021,"Prendergast, K. (2022). City of Bayswater Native Bee Surveys October – February 2021/22. City of Bayswater, WA.",S93A,Prendergast_2022_5,S,1,1,0,1,1,1,Specimens ID'd by Dr Kit Prendergast. Deposited at WAM.,NA
Jacksonia,furcellata,Jacksonia furcellata,Fabaceae,Rozenapis ignita,Rozenapis,NA,ignita,Megachilidae,Megachilinae,NA,Insecta,Hymenoptera,2,WA,Lightning Swamp,-31.8696923,115.9068847,16/2/2022,Feb,2022,"Prendergast, K. (2022). City of Bayswater Native Bee Surveys October – February 2021/22. City of Bayswater, WA.",S93A,Prendergast_2022_5,S,1,1,0,1,1,1,Specimens ID'd by Dr Kit Prendergast. Deposited at WAM.,NA
Jacksonia,furcellata,Jacksonia furcellata,Fabaceae,Rozenapis ignita,Rozenapis,NA,ignita,Megachilidae,Megachilinae,NA,Insecta,Hymenoptera,1,WA,Lightning Swamp,-31.8696923,115.9068847,7/12/2021,Dec,2021,"Prendergast, K. (2022). City of Bayswater Native Bee Surveys October – February 2021/22. City of Bayswater, WA.",S93A,Prendergast_2022_5,S,1,1,0,1,1,1,Specimens ID'd by Dr Kit Prendergast. Deposited at WAM.,NA
Daviesia,divicarta,Daviesia divicarta,Fabaceae,Trichocolletes marginatus,Trichocolletes,NA,marginatus,Colletidae,Neopasiphaeinae,NA,Insecta,Hymenoptera,1,WA,Lightning Swamp,-31.8696923,115.9068847,10/10/2021,Oct,2021,"Prendergast, K. (2022). City of Bayswater Native Bee Surveys October – February 2021/22. City of Bayswater, WA.",S93A,Prendergast_2022_5,S,1,1,0,1,1,1,Specimens ID'd by Dr Kit Prendergast. Deposited at WAM.,NA
Daviesia,divicarta,Daviesia divicarta,Fabaceae,Trichocolletes marginatus,Trichocolletes,NA,marginatus,Colletidae,Neopasiphaeinae,NA,Insecta,Hymenoptera,3,WA,Lightning Swamp,-31.8696923,115.9068847,19/9/2021,Sep,2021,"Prendergast, K. (2022). City of Bayswater Native Bee Surveys October – February 2021/22. City of Bayswater, WA.",S93A,Prendergast_2022_5,S,1,1,0,1,1,1,Specimens ID'd by Dr Kit Prendergast. Deposited at WAM.,NA
Corymbia,calophylla,Corymbia calophylla,Myrtaceae,Xanthesma (Xenohesma) brachycera,Xanthesma,Xenohesma,brachycera,Colletidae,Euryglossinae,NA,Insecta,Hymenoptera,1,WA,Lightning Swamp,-31.8696923,115.9068847,16/2/2022,Feb,2022,"Prendergast, K. (2022). City of Bayswater Native Bee Surveys October – February 2021/22. City of Bayswater, WA.",S93A,Prendergast_2022_5,S,1,1,0,1,1,1,Specimens ID'd by Dr Kit Prendergast. Deposited at WAM.,NA
Hibbertia,scandens,Hibbertia scandens,Dilleniaceae,Amegilla (Notomegilla) chlorocyanea,Amegilla,Notomegilla,chlorocyanea,Apidae,Apinae,NA,Insecta,Hymenoptera,2,WA,"Maide Vale, Kalamunda",-31.9439484,116.0325386,NA,Nov,2020,"Prendergast, K. (2022). The Influence of Plant Species, Origin and Color of Garden Nursery Flowers on the Number and Composition of Pollinating Insect Visitors. Journal of Agricultural and Urban Entomology, 38(1), 21-40. doi:10.3954/JAUE22-07",S94,Prendergast_2022_6,S,1,0,1,1,1,1,NA,NA
Hibbertia,scandens,Hibbertia scandens,Dilleniaceae,Amegilla (Notomegilla) chlorocyanea,Amegilla,Notomegilla,chlorocyanea,Apidae,Apinae,NA,Insecta,Hymenoptera,1,WA,"Maide Vale, Kalamunda",-31.9439484,116.0325386,2/11/2020,Nov,2020,"Prendergast, K. (2022). The Influence of Plant Species, Origin and Color of Garden Nursery Flowers on the Number and Composition of Pollinating Insect Visitors. Journal of Agricultural and Urban Entomology, 38(1), 21-40. doi:10.3954/JAUE22-07",S94,Prendergast_2022_6,S,1,0,1,1,1,1,"Photo see Fig.2 in Prendergast, K. (2022g). The Influence of Plant Species, Origin and Color of Garden Nursery Flowers on the Number and Composition of Pollinating Insect Visitors. Journal of Agricultural and Urban Entomology, 38(1), 21-40. doi:10.3954/JAUE22-07",NA
Verticordia,plumosa,Verticordia plumosa,Myrtaceae,Apis mellifera,Apis,NA,mellifera,Apidae,Apinae,European honey bee,Insecta,Diptera,7,WA,"Maide Vale, Kalamunda",-31.9439484,116.0325386,NA,Oct,2020,"Prendergast, K. (2022). The Influence of Plant Species, Origin and Color of Garden Nursery Flowers on the Number and Composition of Pollinating Insect Visitors. Journal of Agricultural and Urban Entomology, 38(1), 21-40. doi:10.3954/JAUE22-07",S94,Prendergast_2022_6,S,1,1,1,1,1,1,NA,NA
Hibbertia,scandens,Hibbertia scandens,Dilleniaceae,Lasioglossum (Chilalictus) castor,Lasioglossum,Chilalictus,castor,Halictidae,Halictinae,NA,Insecta,Hymenoptera,2,WA,"Maide Vale, Kalamunda",-31.9439484,116.0325386,2/11/2020,Nov,2020,"Prendergast, K. (2022). The Influence of Plant Species, Origin and Color of Garden Nursery Flowers on the Number and Composition of Pollinating Insect Visitors. Journal of Agricultural and Urban Entomology, 38(1), 21-40. doi:10.3954/JAUE22-07",S94,Prendergast_2022_6,S,1,0,0,1,1,1,NA,NA
Hibbertia,scandens,Hibbertia scandens,Dilleniaceae,Lasioglossum (Homalictus) sp.,Lasioglossum,Homalictus,"""sp.""",Halictidae,Halictinae,NA,Insecta,Hymenoptera,8,WA,"Maide Vale, Kalamunda",-31.9439484,116.0325386,24/1/2021,Jan,2021,"Prendergast, K. (2022). The Influence of Plant Species, Origin and Color of Garden Nursery Flowers on the Number and Composition of Pollinating Insect Visitors. Journal of Agricultural and Urban Entomology, 38(1), 21-40. doi:10.3954/JAUE22-07",S94,Prendergast_2022_6,S,1,0,0,1,1,1,Non-pollinating,NA
Hibbertia,scandens,Hibbertia scandens,Dilleniaceae,Lipotriches (Austronomia) flavoviridis species-group,Lipotriches,Austronomia,flavoviridis species-group,Halictidae,Nomiinae,NA,Insecta,Hymenoptera,1,WA,"Maide Vale, Kalamunda",-31.9439484,116.0325386,2/11/2020,Nov,2020,"Prendergast, K. (2022). The Influence of Plant Species, Origin and Color of Garden Nursery Flowers on the Number and Composition of Pollinating Insect Visitors. Journal of Agricultural and Urban Entomology, 38(1), 21-40. doi:10.3954/JAUE22-07",S94,Prendergast_2022_6,S,1,0,1,1,1,1,"Photo see Fig.2 in Prendergast, K. (2022g). The Influence of Plant Species, Origin and Color of Garden Nursery Flowers on the Number and Composition of Pollinating Insect Visitors. Journal of Agricultural and Urban Entomology, 38(1), 21-40. doi:10.3954/JAUE22-07",NA
Dampiera,diversifolia,Dampiera diversifolia,Goodeniaceae,Syrphidae sp.,Syrphidae,NA,"""sp.""",Syrphidae,NA,Hoverfly,Insecta,Diptera,2,WA,"Maide Vale, Kalamunda",-31.9439484,116.0325386,25/10/2020,Oct,2020,"Prendergast, K. (2022). The Influence of Plant Species, Origin and Color of Garden Nursery Flowers on the Number and Composition of Pollinating Insect Visitors. Journal of Agricultural and Urban Entomology, 38(1), 21-40. doi:10.3954/JAUE22-07",S94,Prendergast_2022_6,S,1,0,0,1,1,1,NA,NA
Hibbertia,scandens,Hibbertia scandens,Dilleniaceae,Syrphidae sp.,Syrphidae,NA,"""sp.""",Syrphidae,NA,Hoverfly,Insecta,Diptera,1,WA,"Maide Vale, Kalamunda",-31.9439484,116.0325386,2/11/2020,Nov,2020,"Prendergast, K. (2022). The Influence of Plant Species, Origin and Color of Garden Nursery Flowers on the Number and Composition of Pollinating Insect Visitors. Journal of Agricultural and Urban Entomology, 38(1), 21-40. doi:10.3954/JAUE22-07",S94,Prendergast_2022_6,S,1,0,0,1,1,1,Non-pollinating,NA
Hibbertia,scandens,Hibbertia scandens,Dilleniaceae,Syrphidae sp.,Syrphidae,NA,"""sp.""",Syrphidae,NA,Hoverfly,Insecta,Diptera,2,WA,"Maide Vale, Kalamunda",-31.9439484,116.0325386,24/1/2021,Jan,2021,"Prendergast, K. (2022). The Influence of Plant Species, Origin and Color of Garden Nursery Flowers on the Number and Composition of Pollinating Insect Visitors. Journal of Agricultural and Urban Entomology, 38(1), 21-40. doi:10.3954/JAUE22-07",S94,Prendergast_2022_6,S,1,0,0,1,1,1,Non-pollinating,NA
Hibbertia,scandens,Hibbertia scandens,Dilleniaceae,Syrphidae sp.,Syrphidae,NA,"""sp.""",Syrphidae,NA,Hoverfly,Insecta,Diptera,8,WA,"Maide Vale, Kalamunda",-31.9439484,116.0325386,25/10/2020,Oct,2020,"Prendergast, K. (2022). The Influence of Plant Species, Origin and Color of Garden Nursery Flowers on the Number and Composition of Pollinating Insect Visitors. Journal of Agricultural and Urban Entomology, 38(1), 21-40. doi:10.3954/JAUE22-07",S94,Prendergast_2022_6,S,1,0,0,1,1,1,Non-pollinating,NA
Verticordia,plumosa,Verticordia plumosa,Myrtaceae,Syrphidae sp.,Syrphidae,NA,"""sp.""",Syrphidae,NA,Hoverfly,Insecta,Diptera,2,WA,"Maide Vale, Kalamunda",-31.9439484,116.0325386,NA,Oct,2020,"Prendergast, K. (2022). The Influence of Plant Species, Origin and Color of Garden Nursery Flowers on the Number and Composition of Pollinating Insect Visitors. Journal of Agricultural and Urban Entomology, 38(1), 21-40. doi:10.3954/JAUE22-07",S94,Prendergast_2022_6,S,1,1,1,1,1,1,NA,NA
Dampiera,linearis,Dampiera linearis,Goodeniaceae,Wasp sp.,NA,NA,"""sp.""",NA,NA,Wasp,Insecta,Hymenoptera,1,WA,"Maide Vale, Kalamunda",-31.9439484,116.0325386,24/2/2021,Feb,2021,"Prendergast, K. (2022). The Influence of Plant Species, Origin and Color of Garden Nursery Flowers on the Number and Composition of Pollinating Insect Visitors. Journal of Agricultural and Urban Entomology, 38(1), 21-40. doi:10.3954/JAUE22-07",S94,Prendergast_2022_6,S,1,0,0,1,1,1,NA,NA
Goodenia,filiformis,Goodenia filiformis,Goodeniaceae,Amegilla (Notomegilla) chlorocyanea,Amegilla,Notomegilla,chlorocyanea,Apidae,Apinae,NA,Insecta,Hymenoptera,1,WA,Lightning Swamp,-31.8696923,115.9068847,12/12/2023,Dec,2023,"Prendergast, K. (2023). City of Bayswater Native Bee Surveys January 2023. City of Bayswater, WA.",S93B,Prendergast_2023_2,S,1,0,0,1,1,1,Specimens ID'd by Dr Kit Prendergast.,NA
Eucalyptus,todtiana,Eucalyptus todtiana,Myrtaceae,Euryglossina (Euryglossina) argocephala,Euryglossina,Euryglossina,argocephala,Colletidae,Euryglossinae,NA,Insecta,Hymenoptera,2,WA,Maxwell Park/Russo Reserve,-31.8735963,115.9052369,12/12/2023,Dec,2023,"Prendergast, K. (2023). City of Bayswater Native Bee Surveys January 2023. City of Bayswater, WA.",S93B,Prendergast_2023_2,S,1,1,0,1,1,1,Specimens ID'd by Dr Kit Prendergast.,NA
Eucalyptus,todtiana,Eucalyptus todtiana,Myrtaceae,Euryglossina (Euryglossina) hypochroma?,Euryglossina,Euryglossina,hypochroma?,Colletidae,Euryglossinae,NA,Insecta,Hymenoptera,1,WA,Maxwell Park/Russo Reserve,-31.8735963,115.9052369,12/12/2023,Dec,2023,"Prendergast, K. (2023). City of Bayswater Native Bee Surveys January 2023. City of Bayswater, WA.",S93B,Prendergast_2023_2,S,1,1,0,1,1,1,Specimens ID'd by Dr Kit Prendergast.,NA
Eucalyptus,todtiana,Eucalyptus todtiana,Myrtaceae,Hylaeus (Euprosopis) violaceus,Hylaeus,Euprosopis,violaceus,Colletidae,Hylaeinae,NA,Insecta,Hymenoptera,1,WA,Maxwell Park/Russo Reserve,-31.8735963,115.9052369,6/1/2022,Jan,2022,"Prendergast, K. (2023). City of Bayswater Native Bee Surveys January 2023. City of Bayswater, WA.",S93B,Prendergast_2023_2,S,1,0,0,1,1,1,Specimens ID'd by Dr Kit Prendergast.,NA
Eucalyptus,todtiana,Eucalyptus todtiana,Myrtaceae,Hylaeus (Euprosopoides) ruficeps kalamundae,Hylaeus,Euprosopoides,ruficeps kalamundae,Colletidae,Hylaeinae,NA,Insecta,Hymenoptera,1,WA,Maxwell Park/Russo Reserve,-31.8735963,115.9052369,12/12/2023,Dec,2023,"Prendergast, K. (2023). City of Bayswater Native Bee Surveys January 2023. City of Bayswater, WA.",S93B,Prendergast_2023_2,S,1,1,0,1,1,1,Specimens ID'd by Dr Kit Prendergast.,NA
Eucalyptus,todtiana,Eucalyptus todtiana,Myrtaceae,Hylaeus (Euprosopoides) ruficeps kalamundae,Hylaeus,Euprosopoides,ruficeps kalamundae,Colletidae,Hylaeinae,NA,Insecta,Hymenoptera,2,WA,Maxwell Park/Russo Reserve,-31.8735963,115.9052369,6/1/2022,Jan,2022,"Prendergast, K. (2023). City of Bayswater Native Bee Surveys January 2023. City of Bayswater, WA.",S93B,Prendergast_2023_2,S,1,0,0,1,1,1,Specimens ID'd by Dr Kit Prendergast.,NA
Eucalyptus,todtiana,Eucalyptus todtiana,Myrtaceae,Hylaeus (Gnathoprosopis) amiculus,Hylaeus,Gnathoprosopis,amiculus,Colletidae,Hylaeinae,NA,Insecta,Hymenoptera,2,WA,Maxwell Park/Russo Reserve,-31.8735963,115.9052369,12/12/2023,Dec,2023,"Prendergast, K. (2023). City of Bayswater Native Bee Surveys January 2023. City of Bayswater, WA.",S93B,Prendergast_2023_2,S,1,1,0,1,1,1,Specimens ID'd by Dr Kit Prendergast.,NA
Eucalyptus,todtiana,Eucalyptus todtiana,Myrtaceae,Hylaeus (Gnathoprosopis) euxanthus,Hylaeus,Gnathoprosopis,euxanthus,Colletidae,Hylaeinae,NA,Insecta,Hymenoptera,1,WA,Maxwell Park/Russo Reserve,-31.8735963,115.9052369,6/1/2022,Jan,2022,"Prendergast, K. (2023). City of Bayswater Native Bee Surveys January 2023. City of Bayswater, WA.",S93B,Prendergast_2023_2,S,1,0,0,1,1,1,Specimens ID'd by Dr Kit Prendergast.,NA
Eucalyptus,todtiana,Eucalyptus todtiana,Myrtaceae,Hylaeus (Prosopisteron) aralis,Hylaeus,Prosopisteron,aralis,Colletidae,Hylaeinae,NA,Insecta,Hymenoptera,2,WA,Maxwell Park/Russo Reserve,-31.8735963,115.9052369,6/1/2022,Jan,2022,"Prendergast, K. (2023). City of Bayswater Native Bee Surveys January 2023. City of Bayswater, WA.",S93B,Prendergast_2023_2,S,1,0,0,1,1,1,Specimens ID'd by Dr Kit Prendergast.,NA
Eucalyptus,todtiana,Eucalyptus todtiana,Myrtaceae,Hylaeus (Prosopisteron) aralis,Hylaeus,Prosopisteron,aralis,Colletidae,Hylaeinae,NA,Insecta,Hymenoptera,3,WA,Maxwell Park/Russo Reserve,-31.8735963,115.9052369,12/12/2023,Dec,2023,"Prendergast, K. (2023). City of Bayswater Native Bee Surveys January 2023. City of Bayswater, WA.",S93B,Prendergast_2023_2,S,1,1,0,1,1,1,Specimens ID'd by Dr Kit Prendergast.,NA
Eucalyptus,todtiana,Eucalyptus todtiana,Myrtaceae,Hylaeus (Rhodohylaeus) proximus,Hylaeus,Rhodohylaeus,proximus,Colletidae,Hylaeinae,NA,Insecta,Hymenoptera,1,WA,Maxwell Park/Russo Reserve,-31.8735963,115.9052369,12/12/2023,Dec,2023,"Prendergast, K. (2023). City of Bayswater Native Bee Surveys January 2023. City of Bayswater, WA.",S93B,Prendergast_2023_2,S,1,1,0,1,1,1,Specimens ID'd by Dr Kit Prendergast.,NA
Eucalyptus,todtiana,Eucalyptus todtiana,Myrtaceae,Hyphesma atromicans,Hyphesma,NA,atromicans,Colletidae,Euryglossinae,NA,Insecta,Hymenoptera,1,WA,Maxwell Park/Russo Reserve,-31.8735963,115.9052369,6/1/2022,Jan,2022,"Prendergast, K. (2023). City of Bayswater Native Bee Surveys January 2023. City of Bayswater, WA.",S93B,Prendergast_2023_2,S,1,0,0,1,1,1,Specimens ID'd by Dr Kit Prendergast.,NA
Nyutsia,floribunda,Nyutsia floribunda,Loranthaceae,Lasioglossum (Chilalictus) castor,Lasioglossum,Chilalictus,castor,Halictidae,Halictinae,NA,Insecta,Hymenoptera,1,WA,Lightning Swamp,-31.8696923,115.9068847,12/12/2023,Dec,2023,"Prendergast, K. (2023). City of Bayswater Native Bee Surveys January 2023. City of Bayswater, WA.",S93B,Prendergast_2023_2,S,1,0,0,1,1,1,Specimens ID'd by Dr Kit Prendergast.,NA
Eucalyptus,todtiana,Eucalyptus todtiana,Myrtaceae,Lasioglossum (Homalictus) dotatum,Lasioglossum,Homalictus,dotatum,Halictidae,Halictinae,NA,Insecta,Hymenoptera,1,WA,Maxwell Park/Russo Reserve,-31.8735963,115.9052369,12/12/2023,Dec,2023,"Prendergast, K. (2023). City of Bayswater Native Bee Surveys January 2023. City of Bayswater, WA.",S93B,Prendergast_2023_2,S,1,1,0,1,1,1,Specimens ID'd by Dr Kit Prendergast.,NA
Calytrix,flavescens,Calytrix flavescens,Myrtaceae,Lipotriches (Austronomia) flavoviridis species-group,Lipotriches,Austronomia,flavoviridis species-group,Halictidae,Nomiinae,NA,Insecta,Hymenoptera,2,WA,"Arbor Park, Morley",-31.8792757,115.9283835,12/12/2023,Dec,2023,"Prendergast, K. (2023). City of Bayswater Native Bee Surveys January 2023. City of Bayswater, WA.",S93B,Prendergast_2023_2,S,1,1,1,1,1,1,Specimens ID'd by Dr Kit Prendergast.,NA
Corynotheca,micrantha,Corynotheca micrantha,Hemerocallidaceae,"Megachile ""houstoni""",Megachile,NA,"houstoni""",Megachilidae,Megachilinae,NA,Insecta,Hymenoptera,4,WA,Maxwell Park/Russo Reserve,-31.8735963,115.9052369,7/12/2021,Dec,2021,"Prendergast, K. (2023). City of Bayswater Native Bee Surveys January 2023. City of Bayswater, WA.",S93B,Prendergast_2023_2,S,1,0,0,1,1,1,Specimens ID'd by Dr Kit Prendergast.,NA
Goodenia,filiformis,Goodenia filiformis,Goodeniaceae,"Megachile ""houstoni""",Megachile,NA,"houstoni""",Megachilidae,Megachilinae,NA,Insecta,Hymenoptera,1,WA,Lightning Swamp,-31.8696923,115.9068847,12/12/2023,Dec,2023,"Prendergast, K. (2023). City of Bayswater Native Bee Surveys January 2023. City of Bayswater, WA.",S93B,Prendergast_2023_2,S,1,1,0,1,1,1,Specimens ID'd by Dr Kit Prendergast.,NA
Goodenia,filiformis,Goodenia filiformis,Goodeniaceae,"Megachile ""houstoni""",Megachile,NA,"houstoni""",Megachilidae,Megachilinae,NA,Insecta,Hymenoptera,30,WA,Lightning Swamp,-31.8696923,115.9068847,12/12/2023,Dec,2023,"Prendergast, K. (2023). City of Bayswater Native Bee Surveys January 2023. City of Bayswater, WA.",S93B,Prendergast_2023_2,S,1,0,0,1,1,1,Specimens ID'd by Dr Kit Prendergast.,NA
Eucalyptus,todtiana,Eucalyptus todtiana,Myrtaceae,Megachile (Eutricharaea) chrysopyga,Megachile,Eutricharaea,chrysopyga,Megachilidae,Megachilinae,NA,Insecta,Hymenoptera,1,WA,Maxwell Park/Russo Reserve,-31.8735963,115.9052369,12/12/2023,Dec,2023,"Prendergast, K. (2023). City of Bayswater Native Bee Surveys January 2023. City of Bayswater, WA.",S93B,Prendergast_2023_2,S,1,0,0,1,1,1,Specimens ID'd by Dr Kit Prendergast.,NA
Jacksonia,furcellata,Jacksonia furcellata,Fabaceae,Megachile (Eutricharaea) chrysopyga,Megachile,Eutricharaea,chrysopyga,Megachilidae,Megachilinae,NA,Insecta,Hymenoptera,2,WA,"Arbor Park, Morley",-31.8792757,115.9283835,12/12/2023,Dec,2023,"Prendergast, K. (2023). City of Bayswater Native Bee Surveys January 2023. City of Bayswater, WA.",S93B,Prendergast_2023_2,S,1,0,0,1,1,1,Specimens ID'd by Dr Kit Prendergast.,NA
Jacksonia,furcellata,Jacksonia furcellata,Fabaceae,Megachile (Eutricharaea) chrysopyga,Megachile,Eutricharaea,chrysopyga,Megachilidae,Megachilinae,NA,Insecta,Hymenoptera,3,WA,Maylands Lakes,-31.946201,115.90474,12/12/2023,Dec,2023,"Prendergast, K. (2023). City of Bayswater Native Bee Surveys January 2023. City of Bayswater, WA.",S93B,Prendergast_2023_2,S,1,0,0,1,1,1,Specimens ID'd by Dr Kit Prendergast.,NA
Jacksonia,floribunda,Jacksonia floribunda,Fabaceae,Megachile (Eutricharaea) obtusa,Megachile,Eutricharaea,obtusa,Megachilidae,Megachilinae,NA,Insecta,Hymenoptera,1,WA,Lightning Swamp,-31.8696923,115.9068847,12/12/2023,Dec,2023,"Prendergast, K. (2023). City of Bayswater Native Bee Surveys January 2023. City of Bayswater, WA.",S93B,Prendergast_2023_2,S,1,1,0,1,1,1,Specimens ID'd by Dr Kit Prendergast.,NA
Jacksonia,floribunda,Jacksonia floribunda,Fabaceae,Megachile (Eutricharaea) obtusa,Megachile,Eutricharaea,obtusa,Megachilidae,Megachilinae,NA,Insecta,Hymenoptera,5,WA,Lightning Swamp,-31.8696923,115.9068847,12/12/2023,Dec,2023,"Prendergast, K. (2023). City of Bayswater Native Bee Surveys January 2023. City of Bayswater, WA.",S93B,Prendergast_2023_2,S,1,0,0,1,1,1,Specimens ID'd by Dr Kit Prendergast.,NA
Hemiandra,pungens,Hemiandra pungens,Lamiaceae,Megachile apicata,Megachile,NA,apicata,Megachilidae,Megachilinae,NA,Insecta,Hymenoptera,2,WA,"Arbor Park, Morley",-31.8792757,115.9283835,12/12/2023,Dec,2023,"Prendergast, K. (2023). City of Bayswater Native Bee Surveys January 2023. City of Bayswater, WA.",S93B,Prendergast_2023_2,S,1,1,1,1,1,1,Specimens ID'd by Dr Kit Prendergast.,NA
Lechenaultia,floribunda,Lechenaultia floribunda,Goodeniaceae,Megachile fultoni,Megachile,NA,fultoni,Megachilidae,Megachilinae,NA,Insecta,Hymenoptera,1,WA,Lightning Swamp,-31.8696923,115.9068847,12/12/2023,Dec,2023,"Prendergast, K. (2023). City of Bayswater Native Bee Surveys January 2023. City of Bayswater, WA.",S93B,Prendergast_2023_2,S,1,1,0,1,1,1,Specimens ID'd by Dr Kit Prendergast.,NA
Jacksonia,furcellata,Jacksonia furcellata,Fabaceae,Megachile leeuwinensis,Megachile,NA,leeuwinensis,Megachilidae,Megachilinae,NA,Insecta,Hymenoptera,2,WA,Maylands Lakes,-31.946201,115.90474,12/12/2023,Dec,2023,"Prendergast, K. (2023). City of Bayswater Native Bee Surveys January 2023. City of Bayswater, WA.",S93B,Prendergast_2023_2,S,1,1,0,1,1,1,Specimens ID'd by Dr Kit Prendergast.,NA
Corymbia,calophylla,Corymbia calophylla,Myrtaceae,Megachile oblonga,Megachile,NA,oblonga,Megachilidae,Megachilinae,NA,Insecta,Hymenoptera,1,WA,Maylands Lakes,-31.946201,115.90474,12/12/2023,Dec,2023,"Prendergast, K. (2023). City of Bayswater Native Bee Surveys January 2023. City of Bayswater, WA.",S93B,Prendergast_2023_2,S,1,1,0,1,1,1,Specimens ID'd by Dr Kit Prendergast.,NA
Jacksonia,furcellata,Jacksonia furcellata,Fabaceae,Rozenapis ignita,Rozenapis,NA,ignita,Megachilidae,Megachilinae,NA,Insecta,Hymenoptera,1,WA,"Arbor Park, Morley",-31.8792757,115.9283835,12/12/2023,Dec,2023,"Prendergast, K. (2023). City of Bayswater Native Bee Surveys January 2023. City of Bayswater, WA.",S93B,Prendergast_2023_2,S,1,1,0,1,1,1,Specimens ID'd by Dr Kit Prendergast.,NA
Daviesia,divicarta,Daviesia divicarta,Fabaceae,Trichocolletes marginatus,Trichocolletes,NA,marginatus,Colletidae,Neopasiphaeinae,NA,Insecta,Hymenoptera,2,WA,Maxwell Park/Russo Reserve,-31.8735963,115.9052369,19/9/2021,Sep,2021,"Prendergast, K. (2023). City of Bayswater Native Bee Surveys January 2023. City of Bayswater, WA.",S93B,Prendergast_2023_2,S,1,0,0,1,1,1,Specimens ID'd by Dr Kit Prendergast.,NA
Actinotus,leucocephalus,Actinotus leucocephalus,Apiaceae,"Exoneura ""reverseT""",Exoneura,NA,"""reverseT""",Apidae,Xylocopinae,NA,Insecta,Hymenoptera,1,WA,"Chandler Block, Ashendon",-32.274659,116.1487363,24/1/2023,Jan,2023,"Prendergast, K. (2023). DBCA Jarrah Forest Native Bee Report: Chandler Forest Block. Report produced by Dr Kit Prendergast for the Western Australian Government’s Department of Biodiversity, Conservation and Attractions (DBCA). DBCA, Kensington, WA.",S85B,Prendergast_2023_1,S,1,1,0,1,1,1,Specimens deposited in WAM,NA
Banksia,grandis,Banksia grandis,Proteaceae,Exoneura cf. laeta,Exoneura,NA,cf. laeta,Apidae,Xylocopinae,NA,Insecta,Hymenoptera,2,WA,"Chandler Block, Ashendon",-32.274659,116.1487363,3/11/2022,Nov,2022,"Prendergast, K. (2023). DBCA Jarrah Forest Native Bee Report: Chandler Forest Block. Report produced by Dr Kit Prendergast for the Western Australian Government’s Department of Biodiversity, Conservation and Attractions (DBCA). DBCA, Kensington, WA.",S85B,Prendergast_2023_1,S,1,1,0,1,1,1,Specimens deposited in WAM,NA
Banksia,grandis,Banksia grandis,Proteaceae,"Exoneura ""DBCA_4""",Exoneura,NA,"""DBCA_4""",Apidae,Xylocopinae,NA,Insecta,Hymenoptera,3,WA,"Chandler Block, Ashendon",-32.274659,116.1487363,3/11/2022,Nov,2022,"Prendergast, K. (2023). DBCA Jarrah Forest Native Bee Report: Chandler Forest Block. Report produced by Dr Kit Prendergast for the Western Australian Government’s Department of Biodiversity, Conservation and Attractions (DBCA). DBCA, Kensington, WA.",S85B,Prendergast_2023_1,S,1,1,0,1,1,1,Specimens deposited in WAM,NA
Banksia,grandis,Banksia grandis,Proteaceae,Exoneura ?pictifrons,Exoneura,NA,?pictifrons,Apidae,Xylocopinae,NA,Insecta,Hymenoptera,2,WA,"Chandler Block, Ashendon",-32.274659,116.1487363,7/12/2022,Dec,2022,"Prendergast, K. (2023). DBCA Jarrah Forest Native Bee Report: Chandler Forest Block. Report produced by Dr Kit Prendergast for the Western Australian Government’s Department of Biodiversity, Conservation and Attractions (DBCA). DBCA, Kensington, WA.",S85B,Prendergast_2023_1,S,1,1,0,1,1,1,Specimens deposited in WAM,NA
Banksia,grandis,Banksia grandis,Proteaceae,"Hylaeus (Prosopisteron) ""latifacies""",Hylaeus,Prosopisteron,"""latifacies""",Colletidae,Hylaeinae,NA,Insecta,Hymenoptera,10,WA,"Chandler Block, Ashendon",-32.274659,116.1487363,3/11/2022,Nov,2022,"Prendergast, K. (2023). DBCA Jarrah Forest Native Bee Report: Chandler Forest Block. Report produced by Dr Kit Prendergast for the Western Australian Government’s Department of Biodiversity, Conservation and Attractions (DBCA). DBCA, Kensington, WA.",S85B,Prendergast_2023_1,S,1,1,0,1,1,1,Specimens deposited in WAM,NA
Banksia,grandis,Banksia grandis,Proteaceae,Hylaeus (Euprosopoides) musgravei,Hylaeus,Euprosopoides,musgravei,Colletidae,Hylaeinae,NA,Insecta,Hymenoptera,1,WA,"Chandler Block, Ashendon",-32.274659,116.1487363,7/12/2022,Dec,2022,"Prendergast, K. (2023). DBCA Jarrah Forest Native Bee Report: Chandler Forest Block. Report produced by Dr Kit Prendergast for the Western Australian Government’s Department of Biodiversity, Conservation and Attractions (DBCA). DBCA, Kensington, WA.",S85B,Prendergast_2023_1,S,1,1,0,1,1,1,Specimens deposited in WAM,NA
Banksia,grandis,Banksia grandis,Proteaceae,Lasioglossum (Chilalictus) hemichalceum,Lasioglossum,Chilalictus,hemichalceum,Halictidae,Halictinae,NA,Insecta,Hymenoptera,3,WA,"Chandler Block, Ashendon",-32.274659,116.1487363,3/11/2022,Nov,2022,"Prendergast, K. (2023). DBCA Jarrah Forest Native Bee Report: Chandler Forest Block. Report produced by Dr Kit Prendergast for the Western Australian Government’s Department of Biodiversity, Conservation and Attractions (DBCA). DBCA, Kensington, WA.",S85B,Prendergast_2023_1,S,1,1,0,1,1,1,Specimens deposited in WAM,NA
Banksia,grandis,Banksia grandis,Proteaceae,Lasioglossum (Homalictus) urbanum,Lasioglossum,Homalictus,urbanum,Halictidae,Halictinae,NA,Insecta,Hymenoptera,1,WA,"Chandler Block, Ashendon",-32.274659,116.1487363,3/11/2022,Nov,2022,"Prendergast, K. (2023). DBCA Jarrah Forest Native Bee Report: Chandler Forest Block. Report produced by Dr Kit Prendergast for the Western Australian Government’s Department of Biodiversity, Conservation and Attractions (DBCA). DBCA, Kensington, WA.",S85B,Prendergast_2023_1,S,1,1,0,1,1,1,Specimens deposited in WAM,NA
Banksia,grandis,Banksia grandis,Proteaceae,Lasioglossum (Homalictus) cf. holochlorus,Lasioglossum,Homalictus,cf. holochlorus,Halictidae,Halictinae,NA,Insecta,Hymenoptera,1,WA,"Chandler Block, Ashendon",-32.274659,116.1487363,7/12/2022,Dec,2022,"Prendergast, K. (2023). DBCA Jarrah Forest Native Bee Report: Chandler Forest Block. Report produced by Dr Kit Prendergast for the Western Australian Government’s Department of Biodiversity, Conservation and Attractions (DBCA). DBCA, Kensington, WA.",S85B,Prendergast_2023_1,S,1,1,0,1,1,1,Specimens deposited in WAM,NA
Boronia,fastigiata,Boronia fastigiata,Rutaceae,Exoneura ?pictifrons,Exoneura,NA,?pictifrons,Apidae,Xylocopinae,NA,Insecta,Hymenoptera,1,WA,"Chandler Block, Ashendon",-32.274659,116.1487363,3/11/2022,Nov,2022,"Prendergast, K. (2023). DBCA Jarrah Forest Native Bee Report: Chandler Forest Block. Report produced by Dr Kit Prendergast for the Western Australian Government’s Department of Biodiversity, Conservation and Attractions (DBCA). DBCA, Kensington, WA.",S85B,Prendergast_2023_1,S,1,1,0,1,1,1,Specimens deposited in WAM,NA
Bossiaea,pulchella,Bossiaea pulchella,Fabaceae,Lasioglossum (Homalictus) urbanum,Lasioglossum,Homalictus,urbanum,Halictidae,Halictinae,NA,Insecta,Hymenoptera,1,WA,"Chandler Block, Ashendon",-32.274659,116.1487363,8/9/2022,Sept,2022,"Prendergast, K. (2023). DBCA Jarrah Forest Native Bee Report: Chandler Forest Block. Report produced by Dr Kit Prendergast for the Western Australian Government’s Department of Biodiversity, Conservation and Attractions (DBCA). DBCA, Kensington, WA.",S85B,Prendergast_2023_1,S,1,1,0,1,1,1,Specimens deposited in WAM,NA
Calytrix,angulata,Calytrix angulata,Myrtaceae,Exoneura cf. laeta,Exoneura,NA,cf. laeta,Apidae,Xylocopinae,NA,Insecta,Hymenoptera,5,WA,"Chandler Block, Ashendon",-32.274659,116.1487363,7/12/2022,Dec,2022,"Prendergast, K. (2023). DBCA Jarrah Forest Native Bee Report: Chandler Forest Block. Report produced by Dr Kit Prendergast for the Western Australian Government’s Department of Biodiversity, Conservation and Attractions (DBCA). DBCA, Kensington, WA.",S85B,Prendergast_2023_1,S,1,1,0,1,1,1,Specimens deposited in WAM,NA
Calytrix,angulata,Calytrix angulata,Myrtaceae,"Exoneura ""DBCA_4""",Exoneura,NA,"""DBCA_4""",Apidae,Xylocopinae,NA,Insecta,Hymenoptera,1,WA,"Chandler Block, Ashendon",-32.274659,116.1487363,7/12/2022,Dec,2022,"Prendergast, K. (2023). DBCA Jarrah Forest Native Bee Report: Chandler Forest Block. Report produced by Dr Kit Prendergast for the Western Australian Government’s Department of Biodiversity, Conservation and Attractions (DBCA). DBCA, Kensington, WA.",S85B,Prendergast_2023_1,S,1,1,0,1,1,1,Specimens deposited in WAM,NA
Calytrix,angulata,Calytrix angulata,Myrtaceae,"Exoneura ""DBCA_6""",Exoneura,NA,"""DBCA_6""",Apidae,Xylocopinae,NA,Insecta,Hymenoptera,1,WA,"Chandler Block, Ashendon",-32.274659,116.1487363,7/12/2022,Dec,2022,"Prendergast, K. (2023). DBCA Jarrah Forest Native Bee Report: Chandler Forest Block. Report produced by Dr Kit Prendergast for the Western Australian Government’s Department of Biodiversity, Conservation and Attractions (DBCA). DBCA, Kensington, WA.",S85B,Prendergast_2023_1,S,1,1,0,1,1,1,Specimens deposited in WAM,NA
Chamelaucium,sp.,Chamelaucium sp.,Myrtaceae,"Exoneura ""reverseT""",Exoneura,NA,"""reverseT""",Apidae,Xylocopinae,NA,Insecta,Hymenoptera,2,WA,"Chandler Block, Ashendon",-32.274659,116.1487363,24/1/2023,Jan,2023,"Prendergast, K. (2023). DBCA Jarrah Forest Native Bee Report: Chandler Forest Block. Report produced by Dr Kit Prendergast for the Western Australian Government’s Department of Biodiversity, Conservation and Attractions (DBCA). DBCA, Kensington, WA.",S85B,Prendergast_2023_1,S,1,1,0,1,1,1,Specimens deposited in WAM,NA
Chamelaucium,sp.,Chamelaucium sp.,Myrtaceae,Exoneura ?pictifrons,Exoneura,NA,?pictifrons,Apidae,Xylocopinae,NA,Insecta,Hymenoptera,1,WA,"Chandler Block, Ashendon",-32.274659,116.1487363,24/1/2023,Jan,2023,"Prendergast, K. (2023). DBCA Jarrah Forest Native Bee Report: Chandler Forest Block. Report produced by Dr Kit Prendergast for the Western Australian Government’s Department of Biodiversity, Conservation and Attractions (DBCA). DBCA, Kensington, WA.",S85B,Prendergast_2023_1,S,1,1,0,1,1,1,Specimens deposited in WAM,NA
Chamelaucium,sp.,Chamelaucium sp.,Myrtaceae,Megachile (Hackeriapis) tosticauda species-group,Megachile,Hackeriapis,tosticauda species-group,Megachilidae,Megachilinae,NA,Insecta,Hymenoptera,1,WA,"Chandler Block, Ashendon",-32.274659,116.1487363,24/1/2023,Jan,2023,"Prendergast, K. (2023). DBCA Jarrah Forest Native Bee Report: Chandler Forest Block. Report produced by Dr Kit Prendergast for the Western Australian Government’s Department of Biodiversity, Conservation and Attractions (DBCA). DBCA, Kensington, WA.",S85B,Prendergast_2023_1,S,1,1,0,1,1,1,Specimens deposited in WAM,NA
Corymbia,calophylla,Corymbia calophylla,Myrtaceae,Euryglossina (Euryglossina) perpusilla,Euryglossina,Euryglossina,perpusilla,Colletidae,Euryglossinae,NA,Insecta,Hymenoptera,2,WA,"Chandler Block, Ashendon",-32.274659,116.1487363,7/2/2023,Feb,2023,"Prendergast, K. (2023). DBCA Jarrah Forest Native Bee Report: Chandler Forest Block. Report produced by Dr Kit Prendergast for the Western Australian Government’s Department of Biodiversity, Conservation and Attractions (DBCA). DBCA, Kensington, WA.",S85B,Prendergast_2023_1,S,1,1,0,1,1,1,Specimens deposited in WAM,NA
Corymbia,calophylla,Corymbia calophylla,Myrtaceae,Lasioglossum (Chilalictus) eurycephalum,Lasioglossum,Chilalictus,eurycephalum,Halictidae,Halictinae,NA,Insecta,Hymenoptera,1,WA,"Chandler Block, Ashendon",-32.274659,116.1487363,7/2/2023,Feb,2023,"Prendergast, K. (2023). DBCA Jarrah Forest Native Bee Report: Chandler Forest Block. Report produced by Dr Kit Prendergast for the Western Australian Government’s Department of Biodiversity, Conservation and Attractions (DBCA). DBCA, Kensington, WA.",S85B,Prendergast_2023_1,S,1,1,0,1,1,1,Specimens deposited in WAM,NA
Corymbia,calophylla,Corymbia calophylla,Myrtaceae,Lasioglossum (Chilalictus) hemichalceum,Lasioglossum,Chilalictus,hemichalceum,Halictidae,Halictinae,NA,Insecta,Hymenoptera,1,WA,"Chandler Block, Ashendon",-32.274659,116.1487363,7/2/2023,Feb,2023,"Prendergast, K. (2023). DBCA Jarrah Forest Native Bee Report: Chandler Forest Block. Report produced by Dr Kit Prendergast for the Western Australian Government’s Department of Biodiversity, Conservation and Attractions (DBCA). DBCA, Kensington, WA.",S85B,Prendergast_2023_1,S,1,1,0,1,1,1,Specimens deposited in WAM,NA
Corymbia,calophylla,Corymbia calophylla,Myrtaceae,Megachile (Hackeriapis) oblonga,Megachile,Hackeriapis,oblonga,Megachilidae,Megachilinae,NA,Insecta,Hymenoptera,1,WA,"Chandler Block, Ashendon",-32.274659,116.1487363,7/2/2023,Feb,2023,"Prendergast, K. (2023). DBCA Jarrah Forest Native Bee Report: Chandler Forest Block. Report produced by Dr Kit Prendergast for the Western Australian Government’s Department of Biodiversity, Conservation and Attractions (DBCA). DBCA, Kensington, WA.",S85B,Prendergast_2023_1,S,1,1,0,1,1,1,Specimens deposited in WAM,NA
Gastrolobium,sp.,Gastrolobium sp.,Fabaceae,"Euhesma ""KSPsp2""",Euhesma,NA,"""KSPsp2""",Colletidae,Euryglossinae,NA,Insecta,Hymenoptera,1,WA,"Chandler Block, Ashendon",-32.274659,116.1487363,3/11/2022,Nov,2022,"Prendergast, K. (2023). DBCA Jarrah Forest Native Bee Report: Chandler Forest Block. Report produced by Dr Kit Prendergast for the Western Australian Government’s Department of Biodiversity, Conservation and Attractions (DBCA). DBCA, Kensington, WA.",S85B,Prendergast_2023_1,S,1,1,0,1,1,1,Specimens deposited in WAM,NA
Gastrolobium,sp.,Gastrolobium sp.,Fabaceae,"Exoneura ""DBCA_4""",Exoneura,NA,"""DBCA_4""",Apidae,Xylocopinae,NA,Insecta,Hymenoptera,3,WA,"Chandler Block, Ashendon",-32.274659,116.1487363,3/11/2022,Nov,2022,"Prendergast, K. (2023). DBCA Jarrah Forest Native Bee Report: Chandler Forest Block. Report produced by Dr Kit Prendergast for the Western Australian Government’s Department of Biodiversity, Conservation and Attractions (DBCA). DBCA, Kensington, WA.",S85B,Prendergast_2023_1,S,1,1,0,1,1,1,Specimens deposited in WAM,NA
Goodenia,paniculata,Goodenia paniculata,Goodeniaceae,"Megachile ""DBCA2""",Megachile,NA,"""DBCA2""",Megachilidae,Megachilinae,NA,Insecta,Hymenoptera,1,WA,"Chandler Block, Ashendon",-32.274659,116.1487363,7/12/2022,Dec,2022,"Prendergast, K. (2023). DBCA Jarrah Forest Native Bee Report: Chandler Forest Block. Report produced by Dr Kit Prendergast for the Western Australian Government’s Department of Biodiversity, Conservation and Attractions (DBCA). DBCA, Kensington, WA.",S85B,Prendergast_2023_1,S,1,1,0,1,1,1,Specimens deposited in WAM,NA
Hibbertia,obtusifolia,Hibbertia obtusifolia,Dilleniaceae,"Exoneura ""DBCA_4""",Exoneura,NA,"""DBCA_4""",Apidae,Xylocopinae,NA,Insecta,Hymenoptera,1,WA,"Chandler Block, Ashendon",-32.274659,116.1487363,3/11/2022,Nov,2022,"Prendergast, K. (2023). DBCA Jarrah Forest Native Bee Report: Chandler Forest Block. Report produced by Dr Kit Prendergast for the Western Australian Government’s Department of Biodiversity, Conservation and Attractions (DBCA). DBCA, Kensington, WA.",S85B,Prendergast_2023_1,S,1,1,0,1,1,1,Specimens deposited in WAM,NA
Hyalosperma,sp.,Hyalosperma sp.,Asteraceae,Exoneura (Brevineura) minutissima,Exoneura,Brevineura,minutissima,Apidae,Xylocopinae,NA,Insecta,Hymenoptera,1,WA,"Chandler Block, Ashendon",-32.274659,116.1487363,3/11/2022,Nov,2022,"Prendergast, K. (2023). DBCA Jarrah Forest Native Bee Report: Chandler Forest Block. Report produced by Dr Kit Prendergast for the Western Australian Government’s Department of Biodiversity, Conservation and Attractions (DBCA). DBCA, Kensington, WA.",S85B,Prendergast_2023_1,S,1,1,0,1,1,1,Specimens deposited in WAM,NA
Hypocalymma,angustifolim,Hypocalymma angustifolim,Myrtaceae,Lasioglossum (Chilalictus) brochum,Lasioglossum,Chilalictus,brochum,Halictidae,Halictinae,NA,Insecta,Hymenoptera,2,WA,"Chandler Block, Ashendon",-32.274659,116.1487363,2/10/2022,Oct,2022,"Prendergast, K. (2023). DBCA Jarrah Forest Native Bee Report: Chandler Forest Block. Report produced by Dr Kit Prendergast for the Western Australian Government’s Department of Biodiversity, Conservation and Attractions (DBCA). DBCA, Kensington, WA.",S85B,Prendergast_2023_1,S,1,1,0,1,1,1,Specimens deposited in WAM,NA
Hypocalymma,angustifolium,Hypocalymma angustifolium,Myrtaceae,Lasioglossum (Homalictus) urbanum,Lasioglossum,Homalictus,urbanum,Halictidae,Halictinae,NA,Insecta,Hymenoptera,4,WA,"Chandler Block, Ashendon",-32.274659,116.1487363,8/9/2022,Sept,2022,"Prendergast, K. (2023). DBCA Jarrah Forest Native Bee Report: Chandler Forest Block. Report produced by Dr Kit Prendergast for the Western Australian Government’s Department of Biodiversity, Conservation and Attractions (DBCA). DBCA, Kensington, WA.",S85B,Prendergast_2023_1,S,1,1,0,1,1,1,Specimens deposited in WAM,NA
Hypocalymma,robustum,Hypocalymma robustum,Myrtaceae,Exoneura cf. laeta,Exoneura,NA,cf. laeta,Apidae,Xylocopinae,NA,Insecta,Hymenoptera,1,WA,"Chandler Block, Ashendon",-32.274659,116.1487363,3/11/2022,Nov,2022,"Prendergast, K. (2023). DBCA Jarrah Forest Native Bee Report: Chandler Forest Block. Report produced by Dr Kit Prendergast for the Western Australian Government’s Department of Biodiversity, Conservation and Attractions (DBCA). DBCA, Kensington, WA.",S85B,Prendergast_2023_1,S,1,1,0,1,1,1,Specimens deposited in WAM,NA
Hypocalymma,robustum,Hypocalymma robustum,Myrtaceae,Lasioglossum (Homalictus) brisbanensis,Lasioglossum,Homalictus,brisbanensis,Halictidae,Halictinae,NA,Insecta,Hymenoptera,1,WA,"Chandler Block, Ashendon",-32.274659,116.1487363,2/10/2022,Oct,2022,"Prendergast, K. (2023). DBCA Jarrah Forest Native Bee Report: Chandler Forest Block. Report produced by Dr Kit Prendergast for the Western Australian Government’s Department of Biodiversity, Conservation and Attractions (DBCA). DBCA, Kensington, WA.",S85B,Prendergast_2023_1,S,1,1,0,1,1,1,Specimens deposited in WAM,NA
Melaleuca,crossota,Melaleuca crossota,Myrtaceae,"Exoneura ""dark""",Exoneura,NA,"""dark""",Apidae,Xylocopinae,NA,Insecta,Hymenoptera,1,WA,"Chandler Block, Ashendon",-32.274659,116.1487363,3/11/2022,Nov,2022,"Prendergast, K. (2023). DBCA Jarrah Forest Native Bee Report: Chandler Forest Block. Report produced by Dr Kit Prendergast for the Western Australian Government’s Department of Biodiversity, Conservation and Attractions (DBCA). DBCA, Kensington, WA.",S85B,Prendergast_2023_1,S,1,1,0,1,1,1,Specimens deposited in WAM,NA
Melaleuca,squarrosa,Melaleuca squarrosa,Myrtaceae,Exoneura ?pictifrons,Exoneura,NA,?pictifrons,Apidae,Xylocopinae,NA,Insecta,Hymenoptera,2,WA,"Chandler Block, Ashendon",-32.274659,116.1487363,3/11/2022,Nov,2022,"Prendergast, K. (2023). DBCA Jarrah Forest Native Bee Report: Chandler Forest Block. Report produced by Dr Kit Prendergast for the Western Australian Government’s Department of Biodiversity, Conservation and Attractions (DBCA). DBCA, Kensington, WA.",S85B,Prendergast_2023_1,S,1,1,0,1,1,1,Specimens deposited in WAM,NA
Melaleuca,squarrosa,Melaleuca squarrosa,Myrtaceae,"Exoneura ""DBCA_4""",Exoneura,NA,"""DBCA_4""",Apidae,Xylocopinae,NA,Insecta,Hymenoptera,2,WA,"Chandler Block, Ashendon",-32.274659,116.1487363,3/11/2022,Nov,2022,"Prendergast, K. (2023). DBCA Jarrah Forest Native Bee Report: Chandler Forest Block. Report produced by Dr Kit Prendergast for the Western Australian Government’s Department of Biodiversity, Conservation and Attractions (DBCA). DBCA, Kensington, WA.",S85B,Prendergast_2023_1,S,1,1,0,1,1,1,Specimens deposited in WAM,NA
Mirebelia,dilatata,Mirebelia dilatata,Fabaceae,Lasioglossum (Chilalictus) teltiri,Lasioglossum,Chilalictus,teltiri,Halictidae,Halictinae,NA,Insecta,Hymenoptera,2,WA,"Chandler Block, Ashendon",-32.274659,116.1487363,7/12/2022,Dec,2022,"Prendergast, K. (2023). DBCA Jarrah Forest Native Bee Report: Chandler Forest Block. Report produced by Dr Kit Prendergast for the Western Australian Government’s Department of Biodiversity, Conservation and Attractions (DBCA). DBCA, Kensington, WA.",S85B,Prendergast_2023_1,S,1,1,0,1,1,1,Specimens deposited in WAM,NA
Mirebelia,dilatata,Mirebelia dilatata,Fabaceae,"Megachile (Eutricharaea) ""DBCAPerthHills_1M""",Megachile,Eutricharaea,"""DBCAPerthHills_1M""",Megachilidae,Megachilinae,NA,Insecta,Hymenoptera,1,WA,"Chandler Block, Ashendon",-32.274659,116.1487363,7/12/2022,Dec,2022,"Prendergast, K. (2023). DBCA Jarrah Forest Native Bee Report: Chandler Forest Block. Report produced by Dr Kit Prendergast for the Western Australian Government’s Department of Biodiversity, Conservation and Attractions (DBCA). DBCA, Kensington, WA.",S85B,Prendergast_2023_1,S,1,1,0,1,1,1,Specimens deposited in WAM,NA
Mirebelia,dilatata,Mirebelia dilatata,Fabaceae,Megachile (Eutricharaea) chrysopyga,Megachile,Eutricharaea,chrysopyga,Megachilidae,Megachilinae,NA,Insecta,Hymenoptera,1,WA,"Chandler Block, Ashendon",-32.274659,116.1487363,7/12/2022,Dec,2022,"Prendergast, K. (2023). DBCA Jarrah Forest Native Bee Report: Chandler Forest Block. Report produced by Dr Kit Prendergast for the Western Australian Government’s Department of Biodiversity, Conservation and Attractions (DBCA). DBCA, Kensington, WA.",S85B,Prendergast_2023_1,S,1,1,0,1,1,1,Specimens deposited in WAM,NA
Mirebelia,dilatata,Mirebelia dilatata,Fabaceae,Trichocolletes marginatus,Trichocolletes,NA,marginatus,Colletidae,Neopasiphaeinae,NA,Insecta,Hymenoptera,2,WA,"Chandler Block, Ashendon",-32.274659,116.1487363,7/12/2022,Dec,2022,"Prendergast, K. (2023). DBCA Jarrah Forest Native Bee Report: Chandler Forest Block. Report produced by Dr Kit Prendergast for the Western Australian Government’s Department of Biodiversity, Conservation and Attractions (DBCA). DBCA, Kensington, WA.",S85B,Prendergast_2023_1,S,1,1,0,1,1,1,Specimens deposited in WAM,NA
Scholtzia,sp.,Scholtzia sp.,Myrtaceae,Amegilla (Notomegilla) chlorocyanea,Amegilla,Notomegilla,chlorocyanea,Apidae,Apinae,NA,Insecta,Hymenoptera,1,WA,"Chandler Block, Ashendon",-32.274659,116.1487363,24/1/2023,Jan,2023,"Prendergast, K. (2023). DBCA Jarrah Forest Native Bee Report: Chandler Forest Block. Report produced by Dr Kit Prendergast for the Western Australian Government’s Department of Biodiversity, Conservation and Attractions (DBCA). DBCA, Kensington, WA.",S85B,Prendergast_2023_1,S,1,1,0,1,1,1,Specimens deposited in WAM,NA
Scholtzia,sp.,Scholtzia sp.,Myrtaceae,Coelioxys froggatti,Coelioxys,NA,froggatti,Megachilidae,Megachilinae,NA,Insecta,Hymenoptera,1,WA,"Chandler Block, Ashendon",-32.274659,116.1487363,7/2/2023,Feb,2023,"Prendergast, K. (2023). DBCA Jarrah Forest Native Bee Report: Chandler Forest Block. Report produced by Dr Kit Prendergast for the Western Australian Government’s Department of Biodiversity, Conservation and Attractions (DBCA). DBCA, Kensington, WA.",S85B,Prendergast_2023_1,S,1,1,0,1,1,1,Specimens deposited in WAM,NA
Scholtzia,sp.,Scholtzia sp.,Myrtaceae,Exoneura ?pictifrons,Exoneura,NA,?pictifrons,Apidae,Xylocopinae,NA,Insecta,Hymenoptera,2,WA,"Chandler Block, Ashendon",-32.274659,116.1487363,24/1/2023,Jan,2023,"Prendergast, K. (2023). DBCA Jarrah Forest Native Bee Report: Chandler Forest Block. Report produced by Dr Kit Prendergast for the Western Australian Government’s Department of Biodiversity, Conservation and Attractions (DBCA). DBCA, Kensington, WA.",S85B,Prendergast_2023_1,S,1,1,0,1,1,1,Specimens deposited in WAM,NA
Scholtzia,sp.,Scholtzia sp.,Myrtaceae,"Megachile ""houstoni""",Megachile,NA,"""houstoni""",Megachilidae,Megachilinae,NA,Insecta,Hymenoptera,1,WA,"Chandler Block, Ashendon",-32.274659,116.1487363,24/1/2023,Jan,2023,"Prendergast, K. (2023). DBCA Jarrah Forest Native Bee Report: Chandler Forest Block. Report produced by Dr Kit Prendergast for the Western Australian Government’s Department of Biodiversity, Conservation and Attractions (DBCA). DBCA, Kensington, WA.",S85B,Prendergast_2023_1,S,1,1,0,1,1,1,Specimens deposited in WAM,NA
Scholtzia,sp.,Scholtzia sp.,Myrtaceae,Megachile (Hackeriapis) tosticauda species-group,Megachile,Hackeriapis,tosticauda species-group,Megachilidae,Megachilinae,NA,Insecta,Hymenoptera,2,WA,"Chandler Block, Ashendon",-32.274659,116.1487363,24/1/2023,Jan,2023,"Prendergast, K. (2023). DBCA Jarrah Forest Native Bee Report: Chandler Forest Block. Report produced by Dr Kit Prendergast for the Western Australian Government’s Department of Biodiversity, Conservation and Attractions (DBCA). DBCA, Kensington, WA.",S85B,Prendergast_2023_1,S,1,1,0,1,1,1,Specimens deposited in WAM,NA
Scholtzia,sp.,Scholtzia sp.,Myrtaceae,Megachile 'Bees in the burbs sp.28',Megachile,NA,'Bees in the burbs sp.28',Megachilidae,Megachilinae,NA,Insecta,Hymenoptera,2,WA,"Chandler Block, Ashendon",-32.274659,116.1487363,24/1/2023,Jan,2023,"Prendergast, K. (2023). DBCA Jarrah Forest Native Bee Report: Chandler Forest Block. Report produced by Dr Kit Prendergast for the Western Australian Government’s Department of Biodiversity, Conservation and Attractions (DBCA). DBCA, Kensington, WA.",S85B,Prendergast_2023_1,S,1,1,0,1,1,1,Specimens deposited in WAM,NA
Scholtzia,sp.,Scholtzia sp.,Myrtaceae,Megachile (Hackeriapis) tosticauda species-group,Megachile,Hackeriapis,tosticauda species-group,Megachilidae,Megachilinae,NA,Insecta,Hymenoptera,1,WA,"Chandler Block, Ashendon",-32.274659,116.1487363,7/2/2023,Feb,2023,"Prendergast, K. (2023). DBCA Jarrah Forest Native Bee Report: Chandler Forest Block. Report produced by Dr Kit Prendergast for the Western Australian Government’s Department of Biodiversity, Conservation and Attractions (DBCA). DBCA, Kensington, WA.",S85B,Prendergast_2023_1,S,1,1,0,1,1,1,Specimens deposited in WAM,NA
Scholtzia,sp.,Scholtzia sp.,Myrtaceae,Megachile (Mitchellapis) vestitor,Megachile,Mitchellapis,vestitor,Megachilidae,Megachilinae,NA,Insecta,Hymenoptera,1,WA,"Chandler Block, Ashendon",-32.274659,116.1487363,7/2/2023,Feb,2023,"Prendergast, K. (2023). DBCA Jarrah Forest Native Bee Report: Chandler Forest Block. Report produced by Dr Kit Prendergast for the Western Australian Government’s Department of Biodiversity, Conservation and Attractions (DBCA). DBCA, Kensington, WA.",S85B,Prendergast_2023_1,S,1,1,0,1,1,1,Specimens deposited in WAM,NA
Stylidium,sp.,Stylidium sp.,Stylidiaceae,Lasioglossum (Chilalictus) teltiri,Lasioglossum,Chilalictus,teltiri,Halictidae,Halictinae,NA,Insecta,Hymenoptera,1,WA,"Chandler Block, Ashendon",-32.274659,116.1487363,2/10/2022,Oct,2022,"Prendergast, K. (2023). DBCA Jarrah Forest Native Bee Report: Chandler Forest Block. Report produced by Dr Kit Prendergast for the Western Australian Government’s Department of Biodiversity, Conservation and Attractions (DBCA). DBCA, Kensington, WA.",S85B,Prendergast_2023_1,S,1,1,0,1,1,1,Specimens deposited in WAM,NA
Verticordia,huegelii,Verticordia huegelii,Myrtaceae,Lipotriches (Austronomia) flavoviridis species-group,Lipotriches,Austronomia,flavoviridis species-group,Halictidae,Halictinae,NA,Insecta,Hymenoptera,3,WA,"Chandler Block, Ashendon",-32.274659,116.1487363,3/11/2022,Nov,2022,"Prendergast, K. (2023). DBCA Jarrah Forest Native Bee Report: Chandler Forest Block. Report produced by Dr Kit Prendergast for the Western Australian Government’s Department of Biodiversity, Conservation and Attractions (DBCA). DBCA, Kensington, WA.",S85B,Prendergast_2023_1,S,1,1,0,1,1,1,Specimens deposited in WAM,NA
Verticordia,insignis,Verticordia insignis,Myrtaceae,Lipotriches (Austronomia) australica,Lipotriches,Austronomia,australica,Halictidae,Halictinae,NA,Insecta,Hymenoptera,1,WA,"Chandler Block, Ashendon",-32.274659,116.1487363,3/11/2022,Nov,2022,"Prendergast, K. (2023). DBCA Jarrah Forest Native Bee Report: Chandler Forest Block. Report produced by Dr Kit Prendergast for the Western Australian Government’s Department of Biodiversity, Conservation and Attractions (DBCA). DBCA, Kensington, WA.",S85B,Prendergast_2023_1,S,1,1,0,1,1,1,Specimens deposited in WAM,NA
Verticordia,plumosa,Verticordia plumosa,Myrtaceae,Euryglossula scalaris,Euryglossula,NA,scalaris,Colletidae,Euryglossinae,NA,Insecta,Hymenoptera,1,WA,"Chandler Block, Ashendon",-32.274659,116.1487363,3/11/2022,Nov,2022,"Prendergast, K. (2023). DBCA Jarrah Forest Native Bee Report: Chandler Forest Block. Report produced by Dr Kit Prendergast for the Western Australian Government’s Department of Biodiversity, Conservation and Attractions (DBCA). DBCA, Kensington, WA.",S85B,Prendergast_2023_1,S,1,1,0,1,1,1,Specimens deposited in WAM,NA
Verticordia,plumosa,Verticordia plumosa,Myrtaceae,"Exoneura ""dark""",Exoneura,NA,"""dark""",Apidae,Xylocopinae,NA,Insecta,Hymenoptera,1,WA,"Chandler Block, Ashendon",-32.274659,116.1487363,3/11/2022,Nov,2022,"Prendergast, K. (2023). DBCA Jarrah Forest Native Bee Report: Chandler Forest Block. Report produced by Dr Kit Prendergast for the Western Australian Government’s Department of Biodiversity, Conservation and Attractions (DBCA). DBCA, Kensington, WA.",S85B,Prendergast_2023_1,S,1,1,0,1,1,1,Specimens deposited in WAM,NA
Verticordia,plumosa,Verticordia plumosa,Myrtaceae,Exoneura cf. laeta,Exoneura,NA,cf. laeta,Apidae,Xylocopinae,NA,Insecta,Hymenoptera,2,WA,"Chandler Block, Ashendon",-32.274659,116.1487363,3/11/2022,Nov,2022,"Prendergast, K. (2023). DBCA Jarrah Forest Native Bee Report: Chandler Forest Block. Report produced by Dr Kit Prendergast for the Western Australian Government’s Department of Biodiversity, Conservation and Attractions (DBCA). DBCA, Kensington, WA.",S85B,Prendergast_2023_1,S,1,1,0,1,1,1,Specimens deposited in WAM,NA
Verticordia,plumosa,Verticordia plumosa,Myrtaceae,Exoneura (Brevineura) minutissima,Exoneura,Brevineura,minutissima,Apidae,Xylocopinae,NA,Insecta,Hymenoptera,1,WA,"Chandler Block, Ashendon",-32.274659,116.1487363,3/11/2022,Nov,2022,"Prendergast, K. (2023). DBCA Jarrah Forest Native Bee Report: Chandler Forest Block. Report produced by Dr Kit Prendergast for the Western Australian Government’s Department of Biodiversity, Conservation and Attractions (DBCA). DBCA, Kensington, WA.",S85B,Prendergast_2023_1,S,1,1,0,1,1,1,Specimens deposited in WAM,NA
Verticordia,plumosa,Verticordia plumosa,Myrtaceae,Exoneura ?pictifrons,Exoneura,NA,?pictifrons,Apidae,Xylocopinae,NA,Insecta,Hymenoptera,6,WA,"Chandler Block, Ashendon",-32.274659,116.1487363,3/11/2022,Nov,2022,"Prendergast, K. (2023). DBCA Jarrah Forest Native Bee Report: Chandler Forest Block. Report produced by Dr Kit Prendergast for the Western Australian Government’s Department of Biodiversity, Conservation and Attractions (DBCA). DBCA, Kensington, WA.",S85B,Prendergast_2023_1,S,1,1,0,1,1,1,Specimens deposited in WAM,NA
Verticordia,plumosa,Verticordia plumosa,Myrtaceae,Exoneura ?pictifrons,Exoneura,NA,?pictifrons,Apidae,Xylocopinae,NA,Insecta,Hymenoptera,5,WA,"Chandler Block, Ashendon",-32.274659,116.1487363,3/11/2022,Nov,2022,"Prendergast, K. (2023). DBCA Jarrah Forest Native Bee Report: Chandler Forest Block. Report produced by Dr Kit Prendergast for the Western Australian Government’s Department of Biodiversity, Conservation and Attractions (DBCA). DBCA, Kensington, WA.",S85B,Prendergast_2023_1,S,1,1,0,1,1,1,Specimens deposited in WAM,NA
Verticordia,plumosa,Verticordia plumosa,Myrtaceae,"Exoneura ""DBCA_4""",Exoneura,NA,"""DBCA_4""",Apidae,Xylocopinae,NA,Insecta,Hymenoptera,13,WA,"Chandler Block, Ashendon",-32.274659,116.1487363,3/11/2022,Nov,2022,"Prendergast, K. (2023). DBCA Jarrah Forest Native Bee Report: Chandler Forest Block. Report produced by Dr Kit Prendergast for the Western Australian Government’s Department of Biodiversity, Conservation and Attractions (DBCA). DBCA, Kensington, WA.",S85B,Prendergast_2023_1,S,1,1,0,1,1,1,Specimens deposited in WAM,NA
Verticordia,plumosa,Verticordia plumosa,Myrtaceae,Exoneura cf. laeta,Exoneura,NA,cf. laeta,Apidae,Xylocopinae,NA,Insecta,Hymenoptera,1,WA,"Chandler Block, Ashendon",-32.274659,116.1487363,3/11/2022,Nov,2022,"Prendergast, K. (2023). DBCA Jarrah Forest Native Bee Report: Chandler Forest Block. Report produced by Dr Kit Prendergast for the Western Australian Government’s Department of Biodiversity, Conservation and Attractions (DBCA). DBCA, Kensington, WA.",S85B,Prendergast_2023_1,S,1,1,0,1,1,1,Specimens deposited in WAM,NA
Verticordia,plumosa,Verticordia plumosa,Myrtaceae,"Exoneura ""DBCA_1""",Exoneura,NA,"""DBCA_1""",Apidae,Xylocopinae,NA,Insecta,Hymenoptera,3,WA,"Chandler Block, Ashendon",-32.274659,116.1487363,3/11/2022,Nov,2022,"Prendergast, K. (2023). DBCA Jarrah Forest Native Bee Report: Chandler Forest Block. Report produced by Dr Kit Prendergast for the Western Australian Government’s Department of Biodiversity, Conservation and Attractions (DBCA). DBCA, Kensington, WA.",S85B,Prendergast_2023_1,S,1,1,0,1,1,1,Specimens deposited in WAM,NA
Verticordia,plumosa,Verticordia plumosa,Myrtaceae,Hylaeus (Prosopisteron) sanguinipictus,Hylaeus,Prosopisteron,sanguinipictus,Colletidae,Hylaeinae,NA,Insecta,Hymenoptera,1,WA,"Chandler Block, Ashendon",-32.274659,116.1487363,3/11/2022,Nov,2022,"Prendergast, K. (2023). DBCA Jarrah Forest Native Bee Report: Chandler Forest Block. Report produced by Dr Kit Prendergast for the Western Australian Government’s Department of Biodiversity, Conservation and Attractions (DBCA). DBCA, Kensington, WA.",S85B,Prendergast_2023_1,S,1,1,0,1,1,1,Specimens deposited in WAM,NA
Verticordia,plumosa,Verticordia plumosa,Myrtaceae,Lipotriches (Austronomia) australica,Lipotriches,Austronomia,australica,Halictidae,Halictinae,NA,Insecta,Hymenoptera,1,WA,"Chandler Block, Ashendon",-32.274659,116.1487363,3/11/2022,Nov,2022,"Prendergast, K. (2023). DBCA Jarrah Forest Native Bee Report: Chandler Forest Block. Report produced by Dr Kit Prendergast for the Western Australian Government’s Department of Biodiversity, Conservation and Attractions (DBCA). DBCA, Kensington, WA.",S85B,Prendergast_2023_1,S,1,1,0,1,1,1,Specimens deposited in WAM,NA
Verticordia,plumosus,Verticordia plumosus,Myrtaceae,"Euhesma ""sp. J1""",Euhesma,NA,"""sp. J1""",Colletidae,Euryglossinae,NA,Insecta,Hymenoptera,1,WA,"Chandler Block, Ashendon",-32.274659,116.1487363,7/12/2022,Dec,2022,"Prendergast, K. (2023). DBCA Jarrah Forest Native Bee Report: Chandler Forest Block. Report produced by Dr Kit Prendergast for the Western Australian Government’s Department of Biodiversity, Conservation and Attractions (DBCA). DBCA, Kensington, WA.",S85B,Prendergast_2023_1,S,1,1,0,1,1,1,Specimens deposited in WAM,NA
Verticordia,plumosus,Verticordia plumosus,Myrtaceae,Exoneura cf. laeta,Exoneura,NA,cf. laeta,Apidae,Xylocopinae,NA,Insecta,Hymenoptera,4,WA,"Chandler Block, Ashendon",-32.274659,116.1487363,7/12/2022,Dec,2022,"Prendergast, K. (2023). DBCA Jarrah Forest Native Bee Report: Chandler Forest Block. Report produced by Dr Kit Prendergast for the Western Australian Government’s Department of Biodiversity, Conservation and Attractions (DBCA). DBCA, Kensington, WA.",S85B,Prendergast_2023_1,S,1,1,0,1,1,1,Specimens deposited in WAM,NA
Verticordia,plumosus,Verticordia plumosus,Myrtaceae,"Exoneura ""DBCA_4""",Exoneura,NA,"""DBCA_4""",Apidae,Xylocopinae,NA,Insecta,Hymenoptera,1,WA,"Chandler Block, Ashendon",-32.274659,116.1487363,7/12/2022,Dec,2022,"Prendergast, K. (2023). DBCA Jarrah Forest Native Bee Report: Chandler Forest Block. Report produced by Dr Kit Prendergast for the Western Australian Government’s Department of Biodiversity, Conservation and Attractions (DBCA). DBCA, Kensington, WA.",S85B,Prendergast_2023_1,S,1,1,0,1,1,1,Specimens deposited in WAM,NA
Verticordia,plumosus,Verticordia plumosus,Myrtaceae,Hylaeus (Gnathoprosopis) amiculus,Hylaeus,Gnathoprosopis,amiculus,Colletidae,Hylaeinae,NA,Insecta,Hymenoptera,1,WA,"Chandler Block, Ashendon",-32.274659,116.1487363,7/12/2022,Dec,2022,"Prendergast, K. (2023). DBCA Jarrah Forest Native Bee Report: Chandler Forest Block. Report produced by Dr Kit Prendergast for the Western Australian Government’s Department of Biodiversity, Conservation and Attractions (DBCA). DBCA, Kensington, WA.",S85B,Prendergast_2023_1,S,1,1,0,1,1,1,Specimens deposited in WAM,NA
Verticordia,plumosus,Verticordia plumosus,Myrtaceae,"Hylaeus (Prosopisteron) ""latifacies""",Hylaeus,Prosopisteron,"""latifacies""",Colletidae,Hylaeinae,NA,Insecta,Hymenoptera,1,WA,"Chandler Block, Ashendon",-32.274659,116.1487363,7/12/2022,Dec,2022,"Prendergast, K. (2023). DBCA Jarrah Forest Native Bee Report: Chandler Forest Block. Report produced by Dr Kit Prendergast for the Western Australian Government’s Department of Biodiversity, Conservation and Attractions (DBCA). DBCA, Kensington, WA.",S85B,Prendergast_2023_1,S,1,1,0,1,1,1,Specimens deposited in WAM,NA
Viminaria,juncea,Viminaria juncea,Fabaceae,"Euhesma ""KSPsp2""",Euhesma,NA,"""KSPsp2""",Colletidae,Euryglossinae,NA,Insecta,Hymenoptera,3,WA,"Chandler Block, Ashendon",-32.274659,116.1487363,7/12/2022,Dec,2022,"Prendergast, K. (2023). DBCA Jarrah Forest Native Bee Report: Chandler Forest Block. Report produced by Dr Kit Prendergast for the Western Australian Government’s Department of Biodiversity, Conservation and Attractions (DBCA). DBCA, Kensington, WA.",S85B,Prendergast_2023_1,S,1,1,0,1,1,1,Specimens deposited in WAM,NA
Viminaria,juncea,Viminaria juncea,Fabaceae,Exoneura cf. laeta,Exoneura,NA,cf. laeta,Apidae,Xylocopinae,NA,Insecta,Hymenoptera,3,WA,"Chandler Block, Ashendon",-32.274659,116.1487363,7/12/2022,Dec,2022,"Prendergast, K. (2023). DBCA Jarrah Forest Native Bee Report: Chandler Forest Block. Report produced by Dr Kit Prendergast for the Western Australian Government’s Department of Biodiversity, Conservation and Attractions (DBCA). DBCA, Kensington, WA.",S85B,Prendergast_2023_1,S,1,1,0,1,1,1,Specimens deposited in WAM,NA
Xanthorrea,preissii,Xanthorrea preissii,Xanthorreaceae,"Exoneura ""DBCA_4""",Exoneura,NA,"""DBCA_4""",Apidae,Xylocopinae,NA,Insecta,Hymenoptera,1,WA,"Chandler Block, Ashendon",-32.274659,116.1487363,24/1/2023,Jan,2023,"Prendergast, K. (2023). DBCA Jarrah Forest Native Bee Report: Chandler Forest Block. Report produced by Dr Kit Prendergast for the Western Australian Government’s Department of Biodiversity, Conservation and Attractions (DBCA). DBCA, Kensington, WA.",S85B,Prendergast_2023_1,S,1,1,0,1,1,1,Specimens deposited in WAM,NA
Xanthorrea,preissii,Xanthorrea preissii,Xanthorreaceae,Lipotriches (Austronomia) flavoviridis species-group,Lipotriches,Austronomia,flavoviridis species-group,Halictidae,Halictinae,NA,Insecta,Hymenoptera,2,WA,"Chandler Block, Ashendon",-32.274659,116.1487363,7/2/2023,Feb,2023,"Prendergast, K. (2023). DBCA Jarrah Forest Native Bee Report: Chandler Forest Block. Report produced by Dr Kit Prendergast for the Western Australian Government’s Department of Biodiversity, Conservation and Attractions (DBCA). DBCA, Kensington, WA.",S85B,Prendergast_2023_1,S,1,1,0,1,1,1,Specimens deposited in WAM,NA
Banksia,grandis,Banksia grandis,Proteaceae,Exoneura ?pictifrons,Exoneura,NA,?pictifrons,Apidae,Xylocopinae,NA,Insecta,Hymenoptera,1,WA,"Cooke, Mt Cooke",-32.3749005,116.3437714,1/11/2022,Nov,2022,"Prendergast, K. (2023). DBCA Jarrah Forest Native Bee Report: Cooke. Report produced by Dr Kit Prendergast for the Western Australian Government’s Department of Biodiversity, Conservation and Attractions (DBCA). DBCA, Kensington, WA.",S85B,Prendergast_2023_1,S,1,1,0,1,1,1,Specimens deposited in WAM,NA
Banksia,grandis,Banksia grandis,Proteaceae,"Hylaeus (Prosopisteron) ""latifacies""",Hylaeus,Prosopisteron,"""latifacies""",Colletidae,Hylaeinae,NA,Insecta,Hymenoptera,1,WA,"Cooke, Mt Cooke",-32.3749005,116.3437714,5/12/2022,Dec,2022,"Prendergast, K. (2023). DBCA Jarrah Forest Native Bee Report: Cooke. Report produced by Dr Kit Prendergast for the Western Australian Government’s Department of Biodiversity, Conservation and Attractions (DBCA). DBCA, Kensington, WA.",S85B,Prendergast_2023_1,S,1,1,0,1,1,1,Specimens deposited in WAM,NA
Banksia,grandis,Banksia grandis,Proteaceae,Hylaeus (Prosopisteron) bicoloratus,Hylaeus,Prosopisteron,bicoloratus,Colletidae,Hylaeinae,NA,Insecta,Hymenoptera,2,WA,"Cooke, Mt Cooke",-32.3749005,116.3437714,5/12/2022,Dec,2022,"Prendergast, K. (2023). DBCA Jarrah Forest Native Bee Report: Cooke. Report produced by Dr Kit Prendergast for the Western Australian Government’s Department of Biodiversity, Conservation and Attractions (DBCA). DBCA, Kensington, WA.",S85B,Prendergast_2023_1,S,1,1,0,1,1,1,Specimens deposited in WAM,NA
Banksia,undata,Banksia undata,Proteaceae,Exoneura ?pictifrons,Exoneura,NA,?pictifrons,Apidae,Xylocopinae,NA,Insecta,Hymenoptera,1,WA,"Cooke, Mt Cooke",-32.3749005,116.3437714,10/9/2022,Sept,2022,"Prendergast, K. (2023). DBCA Jarrah Forest Native Bee Report: Cooke. Report produced by Dr Kit Prendergast for the Western Australian Government’s Department of Biodiversity, Conservation and Attractions (DBCA). DBCA, Kensington, WA.",S85B,Prendergast_2023_1,S,1,1,0,1,1,1,Specimens deposited in WAM,NA
Banksia,undata,Banksia undata,Proteaceae,"Exoneura ""DBCA_4""",Exoneura,NA,"""DBCA_4""",Apidae,Xylocopinae,NA,Insecta,Hymenoptera,1,WA,"Cooke, Mt Cooke",-32.3749005,116.3437714,10/9/2022,Sept,2022,"Prendergast, K. (2023). DBCA Jarrah Forest Native Bee Report: Cooke. Report produced by Dr Kit Prendergast for the Western Australian Government’s Department of Biodiversity, Conservation and Attractions (DBCA). DBCA, Kensington, WA.",S85B,Prendergast_2023_1,S,1,1,0,1,1,1,Specimens deposited in WAM,NA
Banksia,undata,Banksia undata,Proteaceae,Lasioglossum (Chilalictus) mirandum,Lasioglossum,Chilalictus,mirandum F,Halictidae,Halictinae,NA,Insecta,Hymenoptera,1,WA,"Cooke, Mt Cooke",-32.3749005,116.3437714,10/9/2022,Sept,2022,"Prendergast, K. (2023). DBCA Jarrah Forest Native Bee Report: Cooke. Report produced by Dr Kit Prendergast for the Western Australian Government’s Department of Biodiversity, Conservation and Attractions (DBCA). DBCA, Kensington, WA.",S85B,Prendergast_2023_1,S,1,1,0,1,1,1,Specimens deposited in WAM,NA
Banksia,undata,Banksia undata,Proteaceae,Lasioglossum (Chilalictus) mirandum,Lasioglossum,Chilalictus,mirandum F,Halictidae,Halictinae,NA,Insecta,Hymenoptera,1,WA,"Cooke, Mt Cooke",-32.3749005,116.3437714,5/10/2022,Oct,2022,"Prendergast, K. (2023). DBCA Jarrah Forest Native Bee Report: Cooke. Report produced by Dr Kit Prendergast for the Western Australian Government’s Department of Biodiversity, Conservation and Attractions (DBCA). DBCA, Kensington, WA.",S85B,Prendergast_2023_1,S,1,1,0,1,1,1,Specimens deposited in WAM,NA
Banksia,undata,Banksia undata,Proteaceae,"Leioproctus ""DBCA_5""",Leioproctus,NA,"""DBCA_5""",Colletidae,Neopasiphaeinae,NA,Insecta,Hymenoptera,1,WA,"Cooke, Mt Cooke",-32.3749005,116.3437714,10/9/2022,Sept,2022,"Prendergast, K. (2023). DBCA Jarrah Forest Native Bee Report: Cooke. Report produced by Dr Kit Prendergast for the Western Australian Government’s Department of Biodiversity, Conservation and Attractions (DBCA). DBCA, Kensington, WA.",S85B,Prendergast_2023_1,S,1,1,0,1,1,1,Specimens deposited in WAM,NA
Banksia,undata,Banksia undata,Proteaceae,"Leioproctus ""sp. J1""",Leioproctus,NA,"""sp. J1""",Colletidae,Neopasiphaeinae,NA,Insecta,Hymenoptera,1,WA,"Cooke, Mt Cooke",-32.3749005,116.3437714,10/9/2022,Sept,2022,"Prendergast, K. (2023). DBCA Jarrah Forest Native Bee Report: Cooke. Report produced by Dr Kit Prendergast for the Western Australian Government’s Department of Biodiversity, Conservation and Attractions (DBCA). DBCA, Kensington, WA.",S85B,Prendergast_2023_1,S,1,1,0,1,1,1,Specimens deposited in WAM,NA
Chamelaucium,ciliatum,Chamelaucium ciliatum,Myrtaceae,Euryglossina (Euryglossina) perpusilla,Euryglossina,Euryglossina,perpusilla,Colletidae,Euryglossinae,NA,Insecta,Hymenoptera,1,WA,"Cooke, Mt Cooke",-32.3749005,116.3437714,1/11/2022,Nov,2022,"Prendergast, K. (2023). DBCA Jarrah Forest Native Bee Report: Cooke. Report produced by Dr Kit Prendergast for the Western Australian Government’s Department of Biodiversity, Conservation and Attractions (DBCA). DBCA, Kensington, WA.",S85B,Prendergast_2023_1,S,1,1,0,1,1,1,Specimens deposited in WAM,NA
Chamelaucium,ciliatum,Chamelaucium ciliatum,Myrtaceae,Exoneura ?pictifrons,Exoneura,NA,?pictifrons,Apidae,Xylocopinae,NA,Insecta,Hymenoptera,4,WA,"Cooke, Mt Cooke",-32.3749005,116.3437714,1/11/2022,Nov,2022,"Prendergast, K. (2023). DBCA Jarrah Forest Native Bee Report: Cooke. Report produced by Dr Kit Prendergast for the Western Australian Government’s Department of Biodiversity, Conservation and Attractions (DBCA). DBCA, Kensington, WA.",S85B,Prendergast_2023_1,S,1,1,0,1,1,1,Specimens deposited in WAM,NA
Chamelaucium,ciliatum,Chamelaucium ciliatum,Myrtaceae,"Exoneura ""DBCA_4""",Exoneura,NA,"""DBCA_4""",Apidae,Xylocopinae,NA,Insecta,Hymenoptera,3,WA,"Cooke, Mt Cooke",-32.3749005,116.3437714,1/11/2022,Nov,2022,"Prendergast, K. (2023). DBCA Jarrah Forest Native Bee Report: Cooke. Report produced by Dr Kit Prendergast for the Western Australian Government’s Department of Biodiversity, Conservation and Attractions (DBCA). DBCA, Kensington, WA.",S85B,Prendergast_2023_1,S,1,1,0,1,1,1,Specimens deposited in WAM,NA
Chamelaucium,ciliatum,Chamelaucium ciliatum,Myrtaceae,Leioproctus (Leioproctus) rubellus,Leioproctus,Leioproctus,rubellus,Colletidae,Neopasiphaeinae,NA,Insecta,Hymenoptera,2,WA,"Cooke, Mt Cooke",-32.3749005,116.3437714,1/11/2022,Nov,2022,"Prendergast, K. (2023). DBCA Jarrah Forest Native Bee Report: Cooke. Report produced by Dr Kit Prendergast for the Western Australian Government’s Department of Biodiversity, Conservation and Attractions (DBCA). DBCA, Kensington, WA.",S85B,Prendergast_2023_1,S,1,1,0,1,1,1,Specimens deposited in WAM,NA
Chamelaucium,ciliatum,Chamelaucium ciliatum,Myrtaceae,Leioproctus (Protomorpha) minutus?,Leioproctus,Protomorpha,minutus?,Colletidae,Neopasiphaeinae,NA,Insecta,Hymenoptera,1,WA,"Cooke, Mt Cooke",-32.3749005,116.3437714,1/11/2022,Nov,2022,"Prendergast, K. (2023). DBCA Jarrah Forest Native Bee Report: Cooke. Report produced by Dr Kit Prendergast for the Western Australian Government’s Department of Biodiversity, Conservation and Attractions (DBCA). DBCA, Kensington, WA.",S85B,Prendergast_2023_1,S,1,1,0,1,1,1,Specimens deposited in WAM,NA
Corymbia,calophylla,Corymbia calophylla,Myrtaceae,"Exoneura ""DBCA_4""",Exoneura,NA,"""DBCA_4""",Apidae,Xylocopinae,NA,Insecta,Hymenoptera,2,WA,"Cooke, Mt Cooke",-32.3749005,116.3437714,24/3/2023,March,2023,"Prendergast, K. (2023). DBCA Jarrah Forest Native Bee Report: Cooke. Report produced by Dr Kit Prendergast for the Western Australian Government’s Department of Biodiversity, Conservation and Attractions (DBCA). DBCA, Kensington, WA.",S85B,Prendergast_2023_1,S,1,1,0,1,1,1,Specimens deposited in WAM,NA
Daviesia,divaricata,Daviesia divaricata,Fabaceae,Exoneura ?pictifrons,Exoneura,NA,?pictifrons,Apidae,Xylocopinae,NA,Insecta,Hymenoptera,1,WA,"Cooke, Mt Cooke",-32.3749005,116.3437714,10/9/2022,Sept,2022,"Prendergast, K. (2023). DBCA Jarrah Forest Native Bee Report: Cooke. Report produced by Dr Kit Prendergast for the Western Australian Government’s Department of Biodiversity, Conservation and Attractions (DBCA). DBCA, Kensington, WA.",S85B,Prendergast_2023_1,S,1,1,0,1,1,1,Specimens deposited in WAM,NA
Daviesia,divaricata,Daviesia divaricata,Fabaceae,"Exoneura ""DBCA_5""",Exoneura,NA,"""DBCA_5""",Apidae,Xylocopinae,NA,Insecta,Hymenoptera,1,WA,"Cooke, Mt Cooke",-32.3749005,116.3437714,5/10/2022,Oct,2022,"Prendergast, K. (2023). DBCA Jarrah Forest Native Bee Report: Cooke. Report produced by Dr Kit Prendergast for the Western Australian Government’s Department of Biodiversity, Conservation and Attractions (DBCA). DBCA, Kensington, WA.",S85B,Prendergast_2023_1,S,1,1,0,1,1,1,Specimens deposited in WAM,NA
Daviesia,divaricata,Daviesia divaricata,Fabaceae,Lasioglossum (Chilalictus) hemichalceum,Lasioglossum,Chilalictus,hemichalceum,Halictidae,Halictinae,NA,Insecta,Hymenoptera,2,WA,"Cooke, Mt Cooke",-32.3749005,116.3437714,10/9/2022,Sept,2022,"Prendergast, K. (2023). DBCA Jarrah Forest Native Bee Report: Cooke. Report produced by Dr Kit Prendergast for the Western Australian Government’s Department of Biodiversity, Conservation and Attractions (DBCA). DBCA, Kensington, WA.",S85B,Prendergast_2023_1,S,1,1,0,1,1,1,Specimens deposited in WAM,NA
Daviesia,divaricata,Daviesia divaricata,Fabaceae,Lasioglossum (Chilalictus) mirandum,Lasioglossum,Chilalictus,mirandum F,Halictidae,Halictinae,NA,Insecta,Hymenoptera,2,WA,"Cooke, Mt Cooke",-32.3749005,116.3437714,5/10/2022,Oct,2022,"Prendergast, K. (2023). DBCA Jarrah Forest Native Bee Report: Cooke. Report produced by Dr Kit Prendergast for the Western Australian Government’s Department of Biodiversity, Conservation and Attractions (DBCA). DBCA, Kensington, WA.",S85B,Prendergast_2023_1,S,1,1,0,1,1,1,Specimens deposited in WAM,NA
Daviesia,divaricata,Daviesia divaricata,Fabaceae,"Leioproctus ""DBCA_5""",Leioproctus,NA,"""DBCA_5""",Colletidae,Neopasiphaeinae,NA,Insecta,Hymenoptera,1,WA,"Cooke, Mt Cooke",-32.3749005,116.3437714,10/9/2022,Sept,2022,"Prendergast, K. (2023). DBCA Jarrah Forest Native Bee Report: Cooke. Report produced by Dr Kit Prendergast for the Western Australian Government’s Department of Biodiversity, Conservation and Attractions (DBCA). DBCA, Kensington, WA.",S85B,Prendergast_2023_1,S,1,1,0,1,1,1,Specimens deposited in WAM,NA
Daviesia,divaricata,Daviesia divaricata,Fabaceae,"Leioproctus ""DBCA_5""",Leioproctus,NA,"""DBCA_5""",Colletidae,Neopasiphaeinae,NA,Insecta,Hymenoptera,1,WA,"Cooke, Mt Cooke",-32.3749005,116.3437714,5/10/2022,Oct,2022,"Prendergast, K. (2023). DBCA Jarrah Forest Native Bee Report: Cooke. Report produced by Dr Kit Prendergast for the Western Australian Government’s Department of Biodiversity, Conservation and Attractions (DBCA). DBCA, Kensington, WA.",S85B,Prendergast_2023_1,S,1,1,0,1,1,1,Specimens deposited in WAM,NA
Daviesia,divaricata,Daviesia divaricata,Fabaceae,"Leioproctus ""sp. J1""",Leioproctus,NA,"""sp. J1""",Colletidae,Neopasiphaeinae,NA,Insecta,Hymenoptera,1,WA,"Cooke, Mt Cooke",-32.3749005,116.3437714,5/10/2022,Oct,2022,"Prendergast, K. (2023). DBCA Jarrah Forest Native Bee Report: Cooke. Report produced by Dr Kit Prendergast for the Western Australian Government’s Department of Biodiversity, Conservation and Attractions (DBCA). DBCA, Kensington, WA.",S85B,Prendergast_2023_1,S,1,1,0,1,1,1,Specimens deposited in WAM,NA
Daviesia,divaricata,Daviesia divaricata,Fabaceae,Trichocolletes erythrurus,Trichocolletes,NA,erythrurus,Colletidae,Neopasiphaeinae,NA,Insecta,Hymenoptera,1,WA,"Cooke, Mt Cooke",-32.3749005,116.3437714,10/9/2022,Sept,2022,"Prendergast, K. (2023). DBCA Jarrah Forest Native Bee Report: Cooke. Report produced by Dr Kit Prendergast for the Western Australian Government’s Department of Biodiversity, Conservation and Attractions (DBCA). DBCA, Kensington, WA.",S85B,Prendergast_2023_1,S,1,1,0,1,1,1,Specimens deposited in WAM,NA
Hakea,prostrata,Hakea prostrata,Proteaceae,"Euhesma ""sp. J1""",Euhesma,NA,"""sp. J1""",Colletidae,Euryglossinae,NA,Insecta,Hymenoptera,1,WA,"Cooke, Mt Cooke",-32.3749005,116.3437714,10/9/2022,Sept,2022,"Prendergast, K. (2023). DBCA Jarrah Forest Native Bee Report: Cooke. Report produced by Dr Kit Prendergast for the Western Australian Government’s Department of Biodiversity, Conservation and Attractions (DBCA). DBCA, Kensington, WA.",S85B,Prendergast_2023_1,S,1,1,0,1,1,1,Specimens deposited in WAM,NA
Hakea,prostrata,Hakea prostrata,Proteaceae,"Exoneura (Brevineura) ""latte""",Exoneura,Brevineura,"""latte""",Apidae,Xylocopinae,NA,Insecta,Hymenoptera,1,WA,"Cooke, Mt Cooke",-32.3749005,116.3437714,10/9/2022,Sept,2022,"Prendergast, K. (2023). DBCA Jarrah Forest Native Bee Report: Cooke. Report produced by Dr Kit Prendergast for the Western Australian Government’s Department of Biodiversity, Conservation and Attractions (DBCA). DBCA, Kensington, WA.",S85B,Prendergast_2023_1,S,1,1,0,1,1,1,Specimens deposited in WAM,NA
Hakea,ruscifolia,Hakea ruscifolia,Proteaceae,Amegilla (Notomegilla) chlorocyanea,Amegilla,Notomegilla,chlorocyanea,Apidae,Apinae,NA,Insecta,Hymenoptera,1,WA,"Cooke, Mt Cooke",-32.3749005,116.3437714,28/1/2023,Jan,2023,"Prendergast, K. (2023). DBCA Jarrah Forest Native Bee Report: Cooke. Report produced by Dr Kit Prendergast for the Western Australian Government’s Department of Biodiversity, Conservation and Attractions (DBCA). DBCA, Kensington, WA.",S85B,Prendergast_2023_1,S,1,1,0,1,1,1,Specimens deposited in WAM,NA
Hakea,ruscifolia,Hakea ruscifolia,Proteaceae,Euryglossina (Euryglossina) perpusilla,Euryglossina,Euryglossina,perpusilla,Colletidae,Euryglossinae,NA,Insecta,Hymenoptera,1,WA,"Cooke, Mt Cooke",-32.3749005,116.3437714,8/2/2023,Feb,2023,"Prendergast, K. (2023). DBCA Jarrah Forest Native Bee Report: Cooke. Report produced by Dr Kit Prendergast for the Western Australian Government’s Department of Biodiversity, Conservation and Attractions (DBCA). DBCA, Kensington, WA.",S85B,Prendergast_2023_1,S,1,1,0,1,1,1,Specimens deposited in WAM,NA
Hakea,ruscifolia,Hakea ruscifolia,Proteaceae,Hylaeus (Euprosopis) elegans,Hylaeus,Euprosopis,elegans,Colletidae,Hylaeinae,NA,Insecta,Hymenoptera,1,WA,"Cooke, Mt Cooke",-32.3749005,116.3437714,28/1/2023,Jan,2023,"Prendergast, K. (2023). DBCA Jarrah Forest Native Bee Report: Cooke. Report produced by Dr Kit Prendergast for the Western Australian Government’s Department of Biodiversity, Conservation and Attractions (DBCA). DBCA, Kensington, WA.",S85B,Prendergast_2023_1,S,1,1,0,1,1,1,Specimens deposited in WAM,NA
Hakea,ruscifolia,Hakea ruscifolia,Proteaceae,Hylaeus (Euprosopoides) ruficeps kalamundae,Hylaeus,Euprosopoides,ruficeps kalamundae,Colletidae,Hylaeinae,NA,Insecta,Hymenoptera,6,WA,"Cooke, Mt Cooke",-32.3749005,116.3437714,28/1/2023,Jan,2023,"Prendergast, K. (2023). DBCA Jarrah Forest Native Bee Report: Cooke. Report produced by Dr Kit Prendergast for the Western Australian Government’s Department of Biodiversity, Conservation and Attractions (DBCA). DBCA, Kensington, WA.",S85B,Prendergast_2023_1,S,1,1,0,1,1,1,Specimens deposited in WAM,NA
Hakea,ruscifolia,Hakea ruscifolia,Proteaceae,Hylaeus (Rhodohylaeus) lateralis,Hylaeus,Rhodohylaeus,lateralis,Colletidae,Hylaeinae,NA,Insecta,Hymenoptera,1,WA,"Cooke, Mt Cooke",-32.3749005,116.3437714,28/1/2023,Jan,2023,"Prendergast, K. (2023). DBCA Jarrah Forest Native Bee Report: Cooke. Report produced by Dr Kit Prendergast for the Western Australian Government’s Department of Biodiversity, Conservation and Attractions (DBCA). DBCA, Kensington, WA.",S85B,Prendergast_2023_1,S,1,1,0,1,1,1,Specimens deposited in WAM,NA
Hakea,ruscifolia,Hakea ruscifolia,Proteaceae,Hylaeus (Euprosopis) elegans,Hylaeus,Euprosopis,elegans,Colletidae,Hylaeinae,NA,Insecta,Hymenoptera,1,WA,"Cooke, Mt Cooke",-32.3749005,116.3437714,8/2/2023,Feb,2023,"Prendergast, K. (2023). DBCA Jarrah Forest Native Bee Report: Cooke. Report produced by Dr Kit Prendergast for the Western Australian Government’s Department of Biodiversity, Conservation and Attractions (DBCA). DBCA, Kensington, WA.",S85B,Prendergast_2023_1,S,1,1,0,1,1,1,Specimens deposited in WAM,NA
Hakea,ruscifolia,Hakea ruscifolia,Proteaceae,Hylaeus (Euprosopoides) ruficeps kalamundae,Hylaeus,Euprosopoides,ruficeps kalamundae,Colletidae,Hylaeinae,NA,Insecta,Hymenoptera,8,WA,"Cooke, Mt Cooke",-32.3749005,116.3437714,8/2/2023,Feb,2023,"Prendergast, K. (2023). DBCA Jarrah Forest Native Bee Report: Cooke. Report produced by Dr Kit Prendergast for the Western Australian Government’s Department of Biodiversity, Conservation and Attractions (DBCA). DBCA, Kensington, WA.",S85B,Prendergast_2023_1,S,1,1,0,1,1,1,Specimens deposited in WAM,NA
Hakea,ruscifolia,Hakea ruscifolia,Proteaceae,Hylaeus (Rhodohylaeus) proximus,Hylaeus,Rhodohylaeus,proximus,Colletidae,Hylaeinae,NA,Insecta,Hymenoptera,3,WA,"Cooke, Mt Cooke",-32.3749005,116.3437714,8/2/2023,Feb,2023,"Prendergast, K. (2023). DBCA Jarrah Forest Native Bee Report: Cooke. Report produced by Dr Kit Prendergast for the Western Australian Government’s Department of Biodiversity, Conservation and Attractions (DBCA). DBCA, Kensington, WA.",S85B,Prendergast_2023_1,S,1,1,0,1,1,1,Specimens deposited in WAM,NA
Hakea,ruscifolia,Hakea ruscifolia,Proteaceae,Lipotriches (Austronomia) flavoviridis species-group,Lipotriches,Austronomia,flavoviridis species-group,Halictidae,Halictinae,NA,Insecta,Hymenoptera,1,WA,"Cooke, Mt Cooke",-32.3749005,116.3437714,8/2/2023,Feb,2023,"Prendergast, K. (2023). DBCA Jarrah Forest Native Bee Report: Cooke. Report produced by Dr Kit Prendergast for the Western Australian Government’s Department of Biodiversity, Conservation and Attractions (DBCA). DBCA, Kensington, WA.",S85B,Prendergast_2023_1,S,1,1,0,1,1,1,Specimens deposited in WAM,NA
Hakea,ruscifolia,Hakea ruscifolia,Proteaceae,Megachile (Hackeriapis) tosticauda species-group,Megachile,Hackeriapis,tosticauda species-group,Megachilidae,Megachilinae,NA,Insecta,Hymenoptera,2,WA,"Cooke, Mt Cooke",-32.3749005,116.3437714,28/1/2023,Jan,2023,"Prendergast, K. (2023). DBCA Jarrah Forest Native Bee Report: Cooke. Report produced by Dr Kit Prendergast for the Western Australian Government’s Department of Biodiversity, Conservation and Attractions (DBCA). DBCA, Kensington, WA.",S85B,Prendergast_2023_1,S,1,1,0,1,1,1,Specimens deposited in WAM,NA
Hakea,ruscifolia,Hakea ruscifolia,Proteaceae,Megachile (Mitchellapis) fabricator,Megachile,Mitchellapis,fabricator,Megachilidae,Megachilinae,NA,Insecta,Hymenoptera,1,WA,"Cooke, Mt Cooke",-32.3749005,116.3437714,28/1/2023,Jan,2023,"Prendergast, K. (2023). DBCA Jarrah Forest Native Bee Report: Cooke. Report produced by Dr Kit Prendergast for the Western Australian Government’s Department of Biodiversity, Conservation and Attractions (DBCA). DBCA, Kensington, WA.",S85B,Prendergast_2023_1,S,1,1,0,1,1,1,Specimens deposited in WAM,NA
Hakea,ruscifolia,Hakea ruscifolia,Proteaceae,Megachile (Schizomegachile) monstrosa,Megachile,Schizomegachile,monstrosa,Megachilidae,Megachilinae,NA,Insecta,Hymenoptera,2,WA,"Cooke, Mt Cooke",-32.3749005,116.3437714,28/1/2023,Jan,2023,"Prendergast, K. (2023). DBCA Jarrah Forest Native Bee Report: Cooke. Report produced by Dr Kit Prendergast for the Western Australian Government’s Department of Biodiversity, Conservation and Attractions (DBCA). DBCA, Kensington, WA.",S85B,Prendergast_2023_1,S,1,1,0,1,1,1,Specimens deposited in WAM,NA
Hakea,ruscifolia,Hakea ruscifolia,Proteaceae,Megachile (Hackeriapis) tosticauda species-group,Megachile,Hackeriapis,tosticauda species-group,Megachilidae,Megachilinae,NA,Insecta,Hymenoptera,8,WA,"Cooke, Mt Cooke",-32.3749005,116.3437714,8/2/2023,Feb,2023,"Prendergast, K. (2023). DBCA Jarrah Forest Native Bee Report: Cooke. Report produced by Dr Kit Prendergast for the Western Australian Government’s Department of Biodiversity, Conservation and Attractions (DBCA). DBCA, Kensington, WA.",S85B,Prendergast_2023_1,S,1,1,0,1,1,1,Specimens deposited in WAM,NA
Hakea,ruscifolia,Hakea ruscifolia,Proteaceae,Megachile (Mitchellapis) vestitor,Megachile,Mitchellapis,vestitor,Megachilidae,Megachilinae,NA,Insecta,Hymenoptera,2,WA,"Cooke, Mt Cooke",-32.3749005,116.3437714,8/2/2023,Feb,2023,"Prendergast, K. (2023). DBCA Jarrah Forest Native Bee Report: Cooke. Report produced by Dr Kit Prendergast for the Western Australian Government’s Department of Biodiversity, Conservation and Attractions (DBCA). DBCA, Kensington, WA.",S85B,Prendergast_2023_1,S,1,1,0,1,1,1,Specimens deposited in WAM,NA
Hakea,ruscifolia,Hakea ruscifolia,Proteaceae,Megachile (Schizomegachile) monstrosa,Megachile,Schizomegachile,monstrosa,Megachilidae,Megachilinae,NA,Insecta,Hymenoptera,1,WA,"Cooke, Mt Cooke",-32.3749005,116.3437714,8/2/2023,Feb,2023,"Prendergast, K. (2023). DBCA Jarrah Forest Native Bee Report: Cooke. Report produced by Dr Kit Prendergast for the Western Australian Government’s Department of Biodiversity, Conservation and Attractions (DBCA). DBCA, Kensington, WA.",S85B,Prendergast_2023_1,S,1,1,0,1,1,1,Specimens deposited in WAM,NA
Hakea,ruscifolia,Hakea ruscifolia,Proteaceae,Megachile aurifrons,Megachile,NA,aurifrons,Megachilidae,Megachilinae,NA,Insecta,Hymenoptera,1,WA,"Cooke, Mt Cooke",-32.3749005,116.3437714,8/2/2023,Feb,2023,"Prendergast, K. (2023). DBCA Jarrah Forest Native Bee Report: Cooke. Report produced by Dr Kit Prendergast for the Western Australian Government’s Department of Biodiversity, Conservation and Attractions (DBCA). DBCA, Kensington, WA.",S85B,Prendergast_2023_1,S,1,1,0,1,1,1,Specimens deposited in WAM,NA
Hakea,trifurcata,Hakea trifurcata,Proteaceae,"Euhesma ""sp. J1""",Euhesma,NA,"""sp. J1""",Colletidae,Euryglossinae,NA,Insecta,Hymenoptera,7,WA,"Cooke, Mt Cooke",-32.3749005,116.3437714,10/9/2022,Sept,2022,"Prendergast, K. (2023). DBCA Jarrah Forest Native Bee Report: Cooke. Report produced by Dr Kit Prendergast for the Western Australian Government’s Department of Biodiversity, Conservation and Attractions (DBCA). DBCA, Kensington, WA.",S85B,Prendergast_2023_1,S,1,1,0,1,1,1,Specimens deposited in WAM,NA
Hakea,trifurcata,Hakea trifurcata,Proteaceae,Lasioglossum (Chilalictus) hemichalceum,Lasioglossum,Chilalictus,hemichalceum,Halictidae,Halictinae,NA,Insecta,Hymenoptera,1,WA,"Cooke, Mt Cooke",-32.3749005,116.3437714,10/9/2022,Sept,2022,"Prendergast, K. (2023). DBCA Jarrah Forest Native Bee Report: Cooke. Report produced by Dr Kit Prendergast for the Western Australian Government’s Department of Biodiversity, Conservation and Attractions (DBCA). DBCA, Kensington, WA.",S85B,Prendergast_2023_1,S,1,1,0,1,1,1,Specimens deposited in WAM,NA
Hypocalymma,angustifolium,Hypocalymma angustifolium,Myrtaceae,Exoneura ?pictifrons,Exoneura,NA,?pictifrons,Apidae,Xylocopinae,NA,Insecta,Hymenoptera,9,WA,"Cooke, Mt Cooke",-32.3749005,116.3437714,1/11/2022,Nov,2022,"Prendergast, K. (2023). DBCA Jarrah Forest Native Bee Report: Cooke. Report produced by Dr Kit Prendergast for the Western Australian Government’s Department of Biodiversity, Conservation and Attractions (DBCA). DBCA, Kensington, WA.",S85B,Prendergast_2023_1,S,1,1,0,1,1,1,Specimens deposited in WAM,NA
Hypocalymma,angustifolium,Hypocalymma angustifolium,Myrtaceae,"Exoneura ""DBCA_4""",Exoneura,NA,"""DBCA_4""",Apidae,Xylocopinae,NA,Insecta,Hymenoptera,1,WA,"Cooke, Mt Cooke",-32.3749005,116.3437714,1/11/2022,Nov,2022,"Prendergast, K. (2023). DBCA Jarrah Forest Native Bee Report: Cooke. Report produced by Dr Kit Prendergast for the Western Australian Government’s Department of Biodiversity, Conservation and Attractions (DBCA). DBCA, Kensington, WA.",S85B,Prendergast_2023_1,S,1,1,0,1,1,1,Specimens deposited in WAM,NA
Hypocalymma,angustifolium,Hypocalymma angustifolium,Myrtaceae,Hylaeus (Rhodohylaeus) proximus,Hylaeus,Rhodohylaeus,proximus,Colletidae,Hylaeinae,NA,Insecta,Hymenoptera,3,WA,"Cooke, Mt Cooke",-32.3749005,116.3437714,1/11/2022,Nov,2022,"Prendergast, K. (2023). DBCA Jarrah Forest Native Bee Report: Cooke. Report produced by Dr Kit Prendergast for the Western Australian Government’s Department of Biodiversity, Conservation and Attractions (DBCA). DBCA, Kensington, WA.",S85B,Prendergast_2023_1,S,1,1,0,1,1,1,Specimens deposited in WAM,NA
Hypocalymma,angustifolium,Hypocalymma angustifolium,Myrtaceae,Lasioglossum (Homalictus) urbanum,Lasioglossum,Homalictus,urbanum,Halictidae,Halictinae,NA,Insecta,Hymenoptera,1,WA,"Cooke, Mt Cooke",-32.3749005,116.3437714,1/11/2022,Nov,2022,"Prendergast, K. (2023). DBCA Jarrah Forest Native Bee Report: Cooke. Report produced by Dr Kit Prendergast for the Western Australian Government’s Department of Biodiversity, Conservation and Attractions (DBCA). DBCA, Kensington, WA.",S85B,Prendergast_2023_1,S,1,1,0,1,1,1,Specimens deposited in WAM,NA
Kunzea,recurva,Kunzea recurva,Myrtaceae,Euryglossina (Euryglossina) perpusilla,Euryglossina,Euryglossina,purpusilla,Colletidae,Euryglossinae,NA,Insecta,Hymenoptera,1,WA,"Cooke, Mt Cooke",-32.3749005,116.3437714,1/11/2022,Nov,2022,"Prendergast, K. (2023). DBCA Jarrah Forest Native Bee Report: Cooke. Report produced by Dr Kit Prendergast for the Western Australian Government’s Department of Biodiversity, Conservation and Attractions (DBCA). DBCA, Kensington, WA.",S85B,Prendergast_2023_1,S,1,1,0,1,1,1,Specimens deposited in WAM,NA
Kunzea,recurva,Kunzea recurva,Myrtaceae,Exoneura ?pictifrons,Exoneura,NA,?pictifrons,Apidae,Xylocopinae,NA,Insecta,Hymenoptera,5,WA,"Cooke, Mt Cooke",-32.3749005,116.3437714,1/11/2022,Nov,2022,"Prendergast, K. (2023). DBCA Jarrah Forest Native Bee Report: Cooke. Report produced by Dr Kit Prendergast for the Western Australian Government’s Department of Biodiversity, Conservation and Attractions (DBCA). DBCA, Kensington, WA.",S85B,Prendergast_2023_1,S,1,1,0,1,1,1,Specimens deposited in WAM,NA
Kunzea,recurva,Kunzea recurva,Myrtaceae,"Exoneura ""DBCA_4""",Exoneura,NA,"""DBCA_4""",Apidae,Xylocopinae,NA,Insecta,Hymenoptera,1,WA,"Cooke, Mt Cooke",-32.3749005,116.3437714,1/11/2022,Nov,2022,"Prendergast, K. (2023). DBCA Jarrah Forest Native Bee Report: Cooke. Report produced by Dr Kit Prendergast for the Western Australian Government’s Department of Biodiversity, Conservation and Attractions (DBCA). DBCA, Kensington, WA.",S85B,Prendergast_2023_1,S,1,1,0,1,1,1,Specimens deposited in WAM,NA
Lasiopetalum,floribundum,Lasiopetalum floribundum,Malvaceae,Amegilla (Notomegilla) chlorocyanea,Amegilla,Notomegilla,chlorocyanea,Apidae,Apinae,NA,Insecta,Hymenoptera,1,WA,"Cooke, Mt Cooke",-32.3749005,116.3437714,5/12/2022,Dec,2022,"Prendergast, K. (2023). DBCA Jarrah Forest Native Bee Report: Cooke. Report produced by Dr Kit Prendergast for the Western Australian Government’s Department of Biodiversity, Conservation and Attractions (DBCA). DBCA, Kensington, WA.",S85B,Prendergast_2023_1,S,1,1,0,1,1,1,Specimens deposited in WAM,NA
Leucopogon,parviflorus,Leucopogon parviflorus,Ericaceae,Aleucosia sp.,Aleucosia,NA,sp.,Bombyliidae,Lomatiinae,NA,Insecta,Diptera,1,WA,"Cooke, Mt Cooke",-32.3749005,116.3437714,10/9/2022,Sept,2022,"Prendergast, K. (2023). DBCA Jarrah Forest Native Bee Report: Cooke. Report produced by Dr Kit Prendergast for the Western Australian Government’s Department of Biodiversity, Conservation and Attractions (DBCA). DBCA, Kensington, WA.",S85B,Prendergast_2023_1,S,1,1,0,1,1,1,Specimens deposited in WAM,NA
Leucopogon,parviflorus,Leucopogon parviflorus,Ericaceae,Exoneura cf. laeta,Exoneura,NA,cf. laeta,Apidae,Xylocopinae,NA,Insecta,Hymenoptera,2,WA,"Cooke, Mt Cooke",-32.3749005,116.3437714,10/9/2022,Sept,2022,"Prendergast, K. (2023). DBCA Jarrah Forest Native Bee Report: Cooke. Report produced by Dr Kit Prendergast for the Western Australian Government’s Department of Biodiversity, Conservation and Attractions (DBCA). DBCA, Kensington, WA.",S85B,Prendergast_2023_1,S,1,1,0,1,1,1,Specimens deposited in WAM,NA
Leucopogon,parviflorus,Leucopogon parviflorus,Ericaceae,Exoneura ?pictifrons,Exoneura,NA,?pictifrons,Apidae,Xylocopinae,NA,Insecta,Hymenoptera,1,WA,"Cooke, Mt Cooke",-32.3749005,116.3437714,10/9/2022,Sept,2022,"Prendergast, K. (2023). DBCA Jarrah Forest Native Bee Report: Cooke. Report produced by Dr Kit Prendergast for the Western Australian Government’s Department of Biodiversity, Conservation and Attractions (DBCA). DBCA, Kensington, WA.",S85B,Prendergast_2023_1,S,1,1,0,1,1,1,Specimens deposited in WAM,NA
Leucopogon,parviflorus,Leucopogon parviflorus,Ericaceae,Lasioglossum (Chilalictus) hemichalceum,Lasioglossum,Chilalictus,hemichalceum,Halictidae,Halictinae,NA,Insecta,Hymenoptera,1,WA,"Cooke, Mt Cooke",-32.3749005,116.3437714,10/9/2022,Sept,2022,"Prendergast, K. (2023). DBCA Jarrah Forest Native Bee Report: Cooke. Report produced by Dr Kit Prendergast for the Western Australian Government’s Department of Biodiversity, Conservation and Attractions (DBCA). DBCA, Kensington, WA.",S85B,Prendergast_2023_1,S,1,1,0,1,1,1,Specimens deposited in WAM,NA
Leucopogon,parviflorus,Leucopogon parviflorus,Ericaceae,Trichophthalma sp.,Trichophthalma,Nemestrininae,sp.,Bombyliidae,Megachilinae,NA,Insecta,Diptera,1,WA,"Cooke, Mt Cooke",-32.3749005,116.3437714,10/9/2022,Sept,2022,"Prendergast, K. (2023). DBCA Jarrah Forest Native Bee Report: Cooke. Report produced by Dr Kit Prendergast for the Western Australian Government’s Department of Biodiversity, Conservation and Attractions (DBCA). DBCA, Kensington, WA.",S85B,Prendergast_2023_1,S,1,1,0,1,1,1,Specimens deposited in WAM,NA
Pericalymma,ellipticum,Pericalymma ellipticum,Myrtaceae,Amegilla (Notomegilla) chlorocyanea,Amegilla,Notomegilla,chlorocyanea,Apidae,Apinae,NA,Insecta,Hymenoptera,2,WA,"Cooke, Mt Cooke",-32.3749005,116.3437714,8/2/2023,Feb,2023,"Prendergast, K. (2023). DBCA Jarrah Forest Native Bee Report: Cooke. Report produced by Dr Kit Prendergast for the Western Australian Government’s Department of Biodiversity, Conservation and Attractions (DBCA). DBCA, Kensington, WA.",S85B,Prendergast_2023_1,S,1,1,0,1,1,1,Specimens deposited in WAM,NA
Pericalymma,ellipticum,Pericalymma ellipticum,Myrtaceae,Euryglossina (Euryglossina) perpusilla,Euryglossina,Euryglossina,perpusilla,Colletidae,Euryglossinae,NA,Insecta,Hymenoptera,1,WA,"Cooke, Mt Cooke",-32.3749005,116.3437714,1/11/2022,Nov,2022,"Prendergast, K. (2023). DBCA Jarrah Forest Native Bee Report: Cooke. Report produced by Dr Kit Prendergast for the Western Australian Government’s Department of Biodiversity, Conservation and Attractions (DBCA). DBCA, Kensington, WA.",S85B,Prendergast_2023_1,S,1,1,0,1,1,1,Specimens deposited in WAM,NA
Pericalymma,ellipticum,Pericalymma ellipticum,Myrtaceae,Hylaeus (Euprosopoides) ruficeps kalamundae,Hylaeus,Euprosopoides,ruficeps kalamundae,Colletidae,Hylaeinae,NA,Insecta,Hymenoptera,1,WA,"Cooke, Mt Cooke",-32.3749005,116.3437714,8/2/2023,Feb,2023,"Prendergast, K. (2023). DBCA Jarrah Forest Native Bee Report: Cooke. Report produced by Dr Kit Prendergast for the Western Australian Government’s Department of Biodiversity, Conservation and Attractions (DBCA). DBCA, Kensington, WA.",S85B,Prendergast_2023_1,S,1,1,0,1,1,1,Specimens deposited in WAM,NA
Pericalymma,ellipticum,Pericalymma ellipticum,Myrtaceae,Leioproctus (Leioproctus) rubellus,Leioproctus,Leioproctus,rubellus,Colletidae,Neopasiphaeinae,NA,Insecta,Hymenoptera,1,WA,"Cooke, Mt Cooke",-32.3749005,116.3437714,1/11/2022,Nov,2022,"Prendergast, K. (2023). DBCA Jarrah Forest Native Bee Report: Cooke. Report produced by Dr Kit Prendergast for the Western Australian Government’s Department of Biodiversity, Conservation and Attractions (DBCA). DBCA, Kensington, WA.",S85B,Prendergast_2023_1,S,1,1,0,1,1,1,Specimens deposited in WAM,NA
Pericalymma,ellipticum,Pericalymma ellipticum,Myrtaceae,Lipotriches (Austronomia) flavoviridis species-group,Lipotriches,Austronomia,flavoviridis species-group,Halictidae,Halictinae,NA,Insecta,Hymenoptera,1,WA,"Cooke, Mt Cooke",-32.3749005,116.3437714,5/12/2022,Dec,2022,"Prendergast, K. (2023). DBCA Jarrah Forest Native Bee Report: Cooke. Report produced by Dr Kit Prendergast for the Western Australian Government’s Department of Biodiversity, Conservation and Attractions (DBCA). DBCA, Kensington, WA.",S85B,Prendergast_2023_1,S,1,1,0,1,1,1,Specimens deposited in WAM,NA
Scholtizia,sp.,Scholtizia sp.,Myrtaceae,Hylaeus (Euprosopoides) ruficeps kalamundae,Hylaeus,Euprosopoides,ruficeps kalamundae,Colletidae,Hylaeinae,NA,Insecta,Hymenoptera,1,WA,"Cooke, Mt Cooke",-32.3749005,116.3437714,28/1/2023,Jan,2023,"Prendergast, K. (2023). DBCA Jarrah Forest Native Bee Report: Cooke. Report produced by Dr Kit Prendergast for the Western Australian Government’s Department of Biodiversity, Conservation and Attractions (DBCA). DBCA, Kensington, WA.",S85B,Prendergast_2023_1,S,1,1,0,1,1,1,Specimens deposited in WAM,NA
Scholtizia,sp.,Scholtizia sp.,Myrtaceae,Lipotriches (Austronomia) flavoviridis species-group,Lipotriches,Austronomia,flavoviridis species-group,Halictidae,Halictinae,NA,Insecta,Hymenoptera,1,WA,"Cooke, Mt Cooke",-32.3749005,116.3437714,28/1/2023,Jan,2023,"Prendergast, K. (2023). DBCA Jarrah Forest Native Bee Report: Cooke. Report produced by Dr Kit Prendergast for the Western Australian Government’s Department of Biodiversity, Conservation and Attractions (DBCA). DBCA, Kensington, WA.",S85B,Prendergast_2023_1,S,1,1,0,1,1,1,Specimens deposited in WAM,NA
Scholtizia,sp.,Scholtizia sp.,Myrtaceae,Megachile (Hackeriapis) tosticauda species-group,Megachile,Hackeriapis,tosticauda species-group,Megachilidae,Megachilinae,NA,Insecta,Hymenoptera,6,WA,"Cooke, Mt Cooke",-32.3749005,116.3437714,28/1/2023,Jan,2023,"Prendergast, K. (2023). DBCA Jarrah Forest Native Bee Report: Cooke. Report produced by Dr Kit Prendergast for the Western Australian Government’s Department of Biodiversity, Conservation and Attractions (DBCA). DBCA, Kensington, WA.",S85B,Prendergast_2023_1,S,1,1,0,1,1,1,Specimens deposited in WAM,NA
Scholtizia,sp.,Scholtizia sp.,Myrtaceae,Megachile (Mitchellapis) fabricator,Megachile,Mitchellapis,fabricator,Megachilidae,Megachilinae,NA,Insecta,Hymenoptera,1,WA,"Cooke, Mt Cooke",-32.3749005,116.3437714,28/1/2023,Jan,2023,"Prendergast, K. (2023). DBCA Jarrah Forest Native Bee Report: Cooke. Report produced by Dr Kit Prendergast for the Western Australian Government’s Department of Biodiversity, Conservation and Attractions (DBCA). DBCA, Kensington, WA.",S85B,Prendergast_2023_1,S,1,1,0,1,1,1,Specimens deposited in WAM,NA
Scholtizia,sp.,Scholtizia sp.,Myrtaceae,Thyreus waroonensis,Thyreus,NA,waroonensis,Apidae,Apinae,NA,Insecta,Hymenoptera,1,WA,"Cooke, Mt Cooke",-32.3749005,116.3437714,28/1/2023,Jan,2023,"Prendergast, K. (2023). DBCA Jarrah Forest Native Bee Report: Cooke. Report produced by Dr Kit Prendergast for the Western Australian Government’s Department of Biodiversity, Conservation and Attractions (DBCA). DBCA, Kensington, WA.",S85B,Prendergast_2023_1,S,1,1,0,1,1,1,Specimens deposited in WAM,NA
Scholtzia,sp.,Scholtzia sp.,Myrtaceae,Exoneura ?pictifrons,Exoneura,NA,?pictifrons,Apidae,Xylocopinae,NA,Insecta,Hymenoptera,1,WA,"Cooke, Mt Cooke",-32.3749005,116.3437714,8/2/2023,Feb,2023,"Prendergast, K. (2023). DBCA Jarrah Forest Native Bee Report: Cooke. Report produced by Dr Kit Prendergast for the Western Australian Government’s Department of Biodiversity, Conservation and Attractions (DBCA). DBCA, Kensington, WA.",S85B,Prendergast_2023_1,S,1,1,0,1,1,1,Specimens deposited in WAM,NA
Scholtzia,sp.,Scholtzia sp.,Myrtaceae,"Exoneura ""DBCA_4""",Exoneura,NA,"""DBCA_4""",Apidae,Xylocopinae,NA,Insecta,Hymenoptera,1,WA,"Cooke, Mt Cooke",-32.3749005,116.3437714,8/2/2023,Feb,2023,"Prendergast, K. (2023). DBCA Jarrah Forest Native Bee Report: Cooke. Report produced by Dr Kit Prendergast for the Western Australian Government’s Department of Biodiversity, Conservation and Attractions (DBCA). DBCA, Kensington, WA.",S85B,Prendergast_2023_1,S,1,1,0,1,1,1,Specimens deposited in WAM,NA
Scholtzia,sp.,Scholtzia sp.,Myrtaceae,Gasteruption sp.,Gasteruption,NA,sp.,Gasteruptiidae,Gasteruptiinae,NA,Insecta,Hymenoptera,1,WA,"Cooke, Mt Cooke",-32.3749005,116.3437714,8/2/2023,Feb,2023,"Prendergast, K. (2023). DBCA Jarrah Forest Native Bee Report: Cooke. Report produced by Dr Kit Prendergast for the Western Australian Government’s Department of Biodiversity, Conservation and Attractions (DBCA). DBCA, Kensington, WA.",S85B,Prendergast_2023_1,S,1,1,0,1,1,1,Specimens deposited in WAM,NA
Scholtzia,sp.,Scholtzia sp.,Myrtaceae,Lipotriches (Austronomia) flavoviridis species-group,Lipotriches,Austronomia,flavoviridis species-group,Halictidae,Halictinae,NA,Insecta,Hymenoptera,4,WA,"Cooke, Mt Cooke",-32.3749005,116.3437714,8/2/2023,Feb,2023,"Prendergast, K. (2023). DBCA Jarrah Forest Native Bee Report: Cooke. Report produced by Dr Kit Prendergast for the Western Australian Government’s Department of Biodiversity, Conservation and Attractions (DBCA). DBCA, Kensington, WA.",S85B,Prendergast_2023_1,S,1,1,0,1,1,1,Specimens deposited in WAM,NA
Scholtzia,sp.,Scholtzia sp.,Myrtaceae,Megachile (Eutricharaea) chrysopyga,Megachile,Eutricharaea,chrysopyga,Megachilidae,Megachilinae,NA,Insecta,Hymenoptera,1,WA,"Cooke, Mt Cooke",-32.3749005,116.3437714,8/2/2023,Feb,2023,"Prendergast, K. (2023). DBCA Jarrah Forest Native Bee Report: Cooke. Report produced by Dr Kit Prendergast for the Western Australian Government’s Department of Biodiversity, Conservation and Attractions (DBCA). DBCA, Kensington, WA.",S85B,Prendergast_2023_1,S,1,1,0,1,1,1,Specimens deposited in WAM,NA
Scholtzia,sp.,Scholtzia sp.,Myrtaceae,Megachile (Hackeriapis) oblonga,Megachile,Hackeriapis,oblonga,Megachilidae,Megachilinae,NA,Insecta,Hymenoptera,1,WA,"Cooke, Mt Cooke",-32.3749005,116.3437714,8/2/2023,Feb,2023,"Prendergast, K. (2023). DBCA Jarrah Forest Native Bee Report: Cooke. Report produced by Dr Kit Prendergast for the Western Australian Government’s Department of Biodiversity, Conservation and Attractions (DBCA). DBCA, Kensington, WA.",S85B,Prendergast_2023_1,S,1,1,0,1,1,1,Specimens deposited in WAM,NA
Scholtzia,sp.,Scholtzia sp.,Myrtaceae,Megachile (Hackeriapis) tosticauda species-group,Megachile,Hackeriapis,tosticauda species-group,Megachilidae,Megachilinae,NA,Insecta,Hymenoptera,5,WA,"Cooke, Mt Cooke",-32.3749005,116.3437714,8/2/2023,Feb,2023,"Prendergast, K. (2023). DBCA Jarrah Forest Native Bee Report: Cooke. Report produced by Dr Kit Prendergast for the Western Australian Government’s Department of Biodiversity, Conservation and Attractions (DBCA). DBCA, Kensington, WA.",S85B,Prendergast_2023_1,S,1,1,0,1,1,1,Specimens deposited in WAM,NA
Scholtzia,sp.,Scholtzia sp.,Myrtaceae,Megachile aurifrons,Megachile,NA,aurifrons,Megachilidae,Megachilinae,NA,Insecta,Hymenoptera,3,WA,"Cooke, Mt Cooke",-32.3749005,116.3437714,8/2/2023,Feb,2023,"Prendergast, K. (2023). DBCA Jarrah Forest Native Bee Report: Cooke. Report produced by Dr Kit Prendergast for the Western Australian Government’s Department of Biodiversity, Conservation and Attractions (DBCA). DBCA, Kensington, WA.",S85B,Prendergast_2023_1,S,1,1,0,1,1,1,Specimens deposited in WAM,NA
Stylidium,brunoianum,Stylidium brunoianum,Stylidiaceae,Leioproctus (Colletellus) velutinellus,Leioproctus,Colletellus,velutinellus,Colletidae,Neopasiphaeinae,NA,Insecta,Hymenoptera,1,WA,"Cooke, Mt Cooke",-32.3749005,116.3437714,1/11/2022,Nov,2022,"Prendergast, K. (2023). DBCA Jarrah Forest Native Bee Report: Cooke. Report produced by Dr Kit Prendergast for the Western Australian Government’s Department of Biodiversity, Conservation and Attractions (DBCA). DBCA, Kensington, WA.",S85B,Prendergast_2023_1,S,1,1,0,1,1,1,Specimens deposited in WAM,NA
Taxandria,sp.,Taxandria? sp.,Myrtaceae,Euryglossina (Euryglossina) perpusilla,Euryglossina,Euryglossina,perpusilla,Colletidae,Euryglossinae,NA,Insecta,Hymenoptera,68,WA,"Cooke, Mt Cooke",-32.3749005,116.3437714,1/11/2022,Nov,2022,"Prendergast, K. (2023). DBCA Jarrah Forest Native Bee Report: Cooke. Report produced by Dr Kit Prendergast for the Western Australian Government’s Department of Biodiversity, Conservation and Attractions (DBCA). DBCA, Kensington, WA.",S85B,Prendergast_2023_1,S,1,1,0,1,1,1,Specimens deposited in WAM,NA
Taxandria,sp.,Taxandria? sp.,Myrtaceae,Euryglossina (Euryglossina) perpusilla,Euryglossina,Euryglossina,perpusilla,Colletidae,Euryglossinae,NA,Insecta,Hymenoptera,58,WA,"Cooke, Mt Cooke",-32.3749005,116.3437714,5/12/2022,Dec,2022,"Prendergast, K. (2023). DBCA Jarrah Forest Native Bee Report: Cooke. Report produced by Dr Kit Prendergast for the Western Australian Government’s Department of Biodiversity, Conservation and Attractions (DBCA). DBCA, Kensington, WA.",S85B,Prendergast_2023_1,S,1,1,0,1,1,1,Specimens deposited in WAM,NA
Taxandria,sp.,Taxandria? sp.,Myrtaceae,Exoneura ?pictifrons,Exoneura,NA,?pictifrons,Apidae,Xylocopinae,NA,Insecta,Hymenoptera,2,WA,"Cooke, Mt Cooke",-32.3749005,116.3437714,1/11/2022,Nov,2022,"Prendergast, K. (2023). DBCA Jarrah Forest Native Bee Report: Cooke. Report produced by Dr Kit Prendergast for the Western Australian Government’s Department of Biodiversity, Conservation and Attractions (DBCA). DBCA, Kensington, WA.",S85B,Prendergast_2023_1,S,1,1,0,1,1,1,Specimens deposited in WAM,NA
Taxandria,sp.,Taxandria? sp.,Myrtaceae,"Exoneura ""DBCA_4""",Exoneura,NA,"""DBCA_4""",Apidae,Xylocopinae,NA,Insecta,Hymenoptera,4,WA,"Cooke, Mt Cooke",-32.3749005,116.3437714,1/11/2022,Nov,2022,"Prendergast, K. (2023). DBCA Jarrah Forest Native Bee Report: Cooke. Report produced by Dr Kit Prendergast for the Western Australian Government’s Department of Biodiversity, Conservation and Attractions (DBCA). DBCA, Kensington, WA.",S85B,Prendergast_2023_1,S,1,1,0,1,1,1,Specimens deposited in WAM,NA
Taxandria,sp.,Taxandria? sp.,Myrtaceae,Exoneura ?pictifrons,Exoneura,NA,?pictifrons,Apidae,Xylocopinae,NA,Insecta,Hymenoptera,1,WA,"Cooke, Mt Cooke",-32.3749005,116.3437714,5/12/2022,Dec,2022,"Prendergast, K. (2023). DBCA Jarrah Forest Native Bee Report: Cooke. Report produced by Dr Kit Prendergast for the Western Australian Government’s Department of Biodiversity, Conservation and Attractions (DBCA). DBCA, Kensington, WA.",S85B,Prendergast_2023_1,S,1,1,0,1,1,1,Specimens deposited in WAM,NA
Taxandria,sp.,Taxandria? sp.,Myrtaceae,Exoneura ?pictifrons,Exoneura,NA,?pictifrons,Apidae,Xylocopinae,NA,Insecta,Hymenoptera,1,WA,"Cooke, Mt Cooke",-32.3749005,116.3437714,28/1/2023,Jan,2023,"Prendergast, K. (2023). DBCA Jarrah Forest Native Bee Report: Cooke. Report produced by Dr Kit Prendergast for the Western Australian Government’s Department of Biodiversity, Conservation and Attractions (DBCA). DBCA, Kensington, WA.",S85B,Prendergast_2023_1,S,1,1,0,1,1,1,Specimens deposited in WAM,NA
Taxandria,sp.,Taxandria? sp.,Myrtaceae,Hylaeus (Gnathoprosopis) euxanthus,Hylaeus,Gnathoprosopis,euxanthus,Colletidae,Hylaeinae,NA,Insecta,Hymenoptera,1,WA,"Cooke, Mt Cooke",-32.3749005,116.3437714,1/11/2022,Nov,2022,"Prendergast, K. (2023). DBCA Jarrah Forest Native Bee Report: Cooke. Report produced by Dr Kit Prendergast for the Western Australian Government’s Department of Biodiversity, Conservation and Attractions (DBCA). DBCA, Kensington, WA.",S85B,Prendergast_2023_1,S,1,1,0,1,1,1,Specimens deposited in WAM,NA
Taxandria,sp.,Taxandria? sp.,Myrtaceae,"Hylaeus (Prosopisteron) ""breviscapatas""",Hylaeus,Prosopisteron,"""breviscapatas""",Colletidae,Hylaeinae,NA,Insecta,Hymenoptera,2,WA,"Cooke, Mt Cooke",-32.3749005,116.3437714,1/11/2022,Nov,2022,"Prendergast, K. (2023). DBCA Jarrah Forest Native Bee Report: Cooke. Report produced by Dr Kit Prendergast for the Western Australian Government’s Department of Biodiversity, Conservation and Attractions (DBCA). DBCA, Kensington, WA.",S85B,Prendergast_2023_1,S,1,1,0,1,1,1,Specimens deposited in WAM,NA
Taxandria,sp.,Taxandria? sp.,Myrtaceae,"Hylaeus (Prosopisteron) ""latifacies""",Hylaeus,Prosopisteron,"""latifacies""",Colletidae,Hylaeinae,NA,Insecta,Hymenoptera,1,WA,"Cooke, Mt Cooke",-32.3749005,116.3437714,1/11/2022,Nov,2022,"Prendergast, K. (2023). DBCA Jarrah Forest Native Bee Report: Cooke. Report produced by Dr Kit Prendergast for the Western Australian Government’s Department of Biodiversity, Conservation and Attractions (DBCA). DBCA, Kensington, WA.",S85B,Prendergast_2023_1,S,1,1,0,1,1,1,Specimens deposited in WAM,NA
Taxandria,sp.,Taxandria? sp.,Myrtaceae,Hylaeus (Rhodohylaeus) proximus,Hylaeus,Rhodohylaeus,proximus,Colletidae,Hylaeinae,NA,Insecta,Hymenoptera,15,WA,"Cooke, Mt Cooke",-32.3749005,116.3437714,1/11/2022,Nov,2022,"Prendergast, K. (2023). DBCA Jarrah Forest Native Bee Report: Cooke. Report produced by Dr Kit Prendergast for the Western Australian Government’s Department of Biodiversity, Conservation and Attractions (DBCA). DBCA, Kensington, WA.",S85B,Prendergast_2023_1,S,1,1,0,1,1,1,Specimens deposited in WAM,NA
Taxandria,sp.,Taxandria? sp.,Myrtaceae,"Hylaeus (Prosopisteron) ""latifacies""",Hylaeus,Prosopisteron,"""latifacies""",Colletidae,Hylaeinae,NA,Insecta,Hymenoptera,3,WA,"Cooke, Mt Cooke",-32.3749005,116.3437714,5/12/2022,Dec,2022,"Prendergast, K. (2023). DBCA Jarrah Forest Native Bee Report: Cooke. Report produced by Dr Kit Prendergast for the Western Australian Government’s Department of Biodiversity, Conservation and Attractions (DBCA). DBCA, Kensington, WA.",S85B,Prendergast_2023_1,S,1,1,0,1,1,1,Specimens deposited in WAM,NA
Taxandria,sp.,Taxandria? sp.,Myrtaceae,Hylaeus (Rhodohylaeus) proximus,Hylaeus,Rhodohylaeus,proximus,Colletidae,Hylaeinae,NA,Insecta,Hymenoptera,3,WA,"Cooke, Mt Cooke",-32.3749005,116.3437714,5/12/2022,Dec,2022,"Prendergast, K. (2023). DBCA Jarrah Forest Native Bee Report: Cooke. Report produced by Dr Kit Prendergast for the Western Australian Government’s Department of Biodiversity, Conservation and Attractions (DBCA). DBCA, Kensington, WA.",S85B,Prendergast_2023_1,S,1,1,0,1,1,1,Specimens deposited in WAM,NA
Taxandria,sp.,Taxandria? sp.,Myrtaceae,Hylaeus (Rhodohylaeus) lateralis,Hylaeus,Rhodohylaeus,lateralis,Colletidae,Hylaeinae,NA,Insecta,Hymenoptera,5,WA,"Cooke, Mt Cooke",-32.3749005,116.3437714,28/1/2023,Jan,2023,"Prendergast, K. (2023). DBCA Jarrah Forest Native Bee Report: Cooke. Report produced by Dr Kit Prendergast for the Western Australian Government’s Department of Biodiversity, Conservation and Attractions (DBCA). DBCA, Kensington, WA.",S85B,Prendergast_2023_1,S,1,1,0,1,1,1,Specimens deposited in WAM,NA
Taxandria,sp.,Taxandria? sp.,Myrtaceae,Hyphesma atromicans,Hyphesma,NA,atromicans,Colletidae,Euryglossinae,NA,Insecta,Hymenoptera,2,WA,"Cooke, Mt Cooke",-32.3749005,116.3437714,5/12/2022,Dec,2022,"Prendergast, K. (2023). DBCA Jarrah Forest Native Bee Report: Cooke. Report produced by Dr Kit Prendergast for the Western Australian Government’s Department of Biodiversity, Conservation and Attractions (DBCA). DBCA, Kensington, WA.",S85B,Prendergast_2023_1,S,1,1,0,1,1,1,Specimens deposited in WAM,NA
Taxandria,sp.,Taxandria? sp.,Myrtaceae,Leioproctus (Leioproctus) rubellus,Leioproctus,Leioproctus,rubellus,Colletidae,Neopasiphaeinae,NA,Insecta,Hymenoptera,3,WA,"Cooke, Mt Cooke",-32.3749005,116.3437714,1/11/2022,Nov,2022,"Prendergast, K. (2023). DBCA Jarrah Forest Native Bee Report: Cooke. Report produced by Dr Kit Prendergast for the Western Australian Government’s Department of Biodiversity, Conservation and Attractions (DBCA). DBCA, Kensington, WA.",S85B,Prendergast_2023_1,S,1,1,0,1,1,1,Specimens deposited in WAM,NA
Taxandria,sp.,Taxandria? sp.,Myrtaceae,Leioproctus (Protomorpha) minutus?,Leioproctus,Protomorpha,minutus?,Colletidae,Neopasiphaeinae,NA,Insecta,Hymenoptera,1,WA,"Cooke, Mt Cooke",-32.3749005,116.3437714,1/11/2022,Nov,2022,"Prendergast, K. (2023). DBCA Jarrah Forest Native Bee Report: Cooke. Report produced by Dr Kit Prendergast for the Western Australian Government’s Department of Biodiversity, Conservation and Attractions (DBCA). DBCA, Kensington, WA.",S85B,Prendergast_2023_1,S,1,1,0,1,1,1,Specimens deposited in WAM,NA
Taxandria,sp.,Taxandria? sp.,Myrtaceae,Leioproctus (Leioproctus) rubellus,Leioproctus,Leioproctus,rubellus,Colletidae,Neopasiphaeinae,NA,Insecta,Hymenoptera,1,WA,"Cooke, Mt Cooke",-32.3749005,116.3437714,28/1/2023,Jan,2023,"Prendergast, K. (2023). DBCA Jarrah Forest Native Bee Report: Cooke. Report produced by Dr Kit Prendergast for the Western Australian Government’s Department of Biodiversity, Conservation and Attractions (DBCA). DBCA, Kensington, WA.",S85B,Prendergast_2023_1,S,1,1,0,1,1,1,Specimens deposited in WAM,NA
Taxandria,sp.,Taxandria? sp.,Myrtaceae,Megachile (Hackeriapis) tosticauda species-group,Megachile,Hackeriapis,tosticauda species-group,Megachilidae,Megachilinae,NA,Insecta,Hymenoptera,3,WA,"Cooke, Mt Cooke",-32.3749005,116.3437714,28/1/2023,Jan,2023,"Prendergast, K. (2023). DBCA Jarrah Forest Native Bee Report: Cooke. Report produced by Dr Kit Prendergast for the Western Australian Government’s Department of Biodiversity, Conservation and Attractions (DBCA). DBCA, Kensington, WA.",S85B,Prendergast_2023_1,S,1,1,0,1,1,1,Specimens deposited in WAM,NA
Xanthorrea,preissii,Xanthorrea preissii,Xanthorreaceae,"Exoneura ""tiny""",Exoneura,NA,"""tiny""",Apidae,Xylocopinae,NA,Insecta,Hymenoptera,1,WA,"Cooke, Mt Cooke",-32.3749005,116.3437714,5/12/2022,Dec,2022,"Prendergast, K. (2023). DBCA Jarrah Forest Native Bee Report: Cooke. Report produced by Dr Kit Prendergast for the Western Australian Government’s Department of Biodiversity, Conservation and Attractions (DBCA). DBCA, Kensington, WA.",S85B,Prendergast_2023_1,S,1,1,0,1,1,1,Specimens deposited in WAM,NA
Xanthorrea,preissii,Xanthorrea preissii,Xanthorreaceae,"Exoneura ""DBCA_6""",Exoneura,NA,"""DBCA_6""",Apidae,Xylocopinae,NA,Insecta,Hymenoptera,2,WA,"Cooke, Mt Cooke",-32.3749005,116.3437714,5/12/2022,Dec,2022,"Prendergast, K. (2023). DBCA Jarrah Forest Native Bee Report: Cooke. Report produced by Dr Kit Prendergast for the Western Australian Government’s Department of Biodiversity, Conservation and Attractions (DBCA). DBCA, Kensington, WA.",S85B,Prendergast_2023_1,S,1,1,0,1,1,1,Specimens deposited in WAM,NA
Allocasuarina,humilis,Allocasuarina humilis,Casuarinaceae,"Leioproctus ""sp. J1""",Leioproctus,NA,"""sp. J1""",Colletidae,Neopasiphaeinae,NA,Insecta,Hymenoptera,3,WA,Flint,-32.355794,116.4217699,11/9/2022,Sept,2022,"Prendergast, K. (2023). DBCA Jarrah Forest Native Bee Report: Flint. Report produced by Dr Kit Prendergast for the Western Australian Government’s Department of Biodiversity, Conservation and Attractions (DBCA). DBCA, Kensington, WA.",S85B,Prendergast_2023_1,S,1,1,0,1,1,1,Specimens deposited in WAM,NA
Banksia,grandis,Banksia grandis,Proteaceae,Hylaeus (Euprosopoides) musgravei,Hylaeus,Euprosopoides,musgravei,Colletidae,Hylaeinae,NA,Insecta,Hymenoptera,1,WA,Flint,-32.355794,116.4217699,6/12/2022,Dec,2022,"Prendergast, K. (2023). DBCA Jarrah Forest Native Bee Report: Flint. Report produced by Dr Kit Prendergast for the Western Australian Government’s Department of Biodiversity, Conservation and Attractions (DBCA). DBCA, Kensington, WA.",S85B,Prendergast_2023_1,S,1,1,0,1,1,1,Specimens deposited in WAM,NA
Banksia,grandis,Banksia grandis,Proteaceae,"Megachile (Eutricharaea) ""DBCAPerthHills_1M""",Megachile,Eutricharaea,"""DBCAPerthHills_1M""",Megachilidae,Megachilinae,NA,Insecta,Hymenoptera,1,WA,Flint,-32.355794,116.4217699,6/12/2022,Dec,2022,"Prendergast, K. (2023). DBCA Jarrah Forest Native Bee Report: Flint. Report produced by Dr Kit Prendergast for the Western Australian Government’s Department of Biodiversity, Conservation and Attractions (DBCA). DBCA, Kensington, WA.",S85B,Prendergast_2023_1,S,1,1,0,1,1,1,Specimens deposited in WAM,NA
Banksia,undata,Banksia undata,Proteaceae,Euhesma banksia?,Euhesma,NA,banksia?,Colletidae,Euryglossinae,NA,Insecta,Hymenoptera,2,WA,Flint,-32.355794,116.4217699,4/10/2022,Oct,2022,"Prendergast, K. (2023). DBCA Jarrah Forest Native Bee Report: Flint. Report produced by Dr Kit Prendergast for the Western Australian Government’s Department of Biodiversity, Conservation and Attractions (DBCA). DBCA, Kensington, WA.",S85B,Prendergast_2023_1,S,1,1,0,1,1,1,Specimens deposited in WAM,NA
Banksia,undata,Banksia undata,Proteaceae,Euhesma banksia?,Euhesma,NA,banksia?,Colletidae,Euryglossinae,NA,Insecta,Hymenoptera,1,WA,Flint,-32.355794,116.4217699,4/11/2022,Nov,2022,"Prendergast, K. (2023). DBCA Jarrah Forest Native Bee Report: Flint. Report produced by Dr Kit Prendergast for the Western Australian Government’s Department of Biodiversity, Conservation and Attractions (DBCA). DBCA, Kensington, WA.",S85B,Prendergast_2023_1,S,1,1,0,1,1,1,Specimens deposited in WAM,NA
Banksia,undata,Banksia undata,Proteaceae,Exoneura ?pictifrons,Exoneura,NA,?pictifrons,Apidae,Xylocopinae,NA,Insecta,Hymenoptera,9,WA,Flint,-32.355794,116.4217699,11/9/2022,Sept,2022,"Prendergast, K. (2023). DBCA Jarrah Forest Native Bee Report: Flint. Report produced by Dr Kit Prendergast for the Western Australian Government’s Department of Biodiversity, Conservation and Attractions (DBCA). DBCA, Kensington, WA.",S85B,Prendergast_2023_1,S,1,1,0,1,1,1,Specimens deposited in WAM,NA
Banksia,undata,Banksia undata,Proteaceae,"Exoneura (Brevineura) ""latte""",Exoneura,Brevineura,"""latte""",Apidae,Xylocopinae,NA,Insecta,Hymenoptera,2,WA,Flint,-32.355794,116.4217699,4/10/2022,Oct,2022,"Prendergast, K. (2023). DBCA Jarrah Forest Native Bee Report: Flint. Report produced by Dr Kit Prendergast for the Western Australian Government’s Department of Biodiversity, Conservation and Attractions (DBCA). DBCA, Kensington, WA.",S85B,Prendergast_2023_1,S,1,1,0,1,1,1,Specimens deposited in WAM,NA
Banksia,undata,Banksia undata,Proteaceae,Exoneura ?pictifrons,Exoneura,NA,?pictifrons,Apidae,Xylocopinae,NA,Insecta,Hymenoptera,13,WA,Flint,-32.355794,116.4217699,4/10/2022,Oct,2022,"Prendergast, K. (2023). DBCA Jarrah Forest Native Bee Report: Flint. Report produced by Dr Kit Prendergast for the Western Australian Government’s Department of Biodiversity, Conservation and Attractions (DBCA). DBCA, Kensington, WA.",S85B,Prendergast_2023_1,S,1,1,0,1,1,1,Specimens deposited in WAM,NA
Banksia,undata,Banksia undata,Proteaceae,"Exoneura ""DBCA_4""",Exoneura,NA,"""DBCA_4""",Apidae,Xylocopinae,NA,Insecta,Hymenoptera,3,WA,Flint,-32.355794,116.4217699,4/10/2022,Oct,2022,"Prendergast, K. (2023). DBCA Jarrah Forest Native Bee Report: Flint. Report produced by Dr Kit Prendergast for the Western Australian Government’s Department of Biodiversity, Conservation and Attractions (DBCA). DBCA, Kensington, WA.",S85B,Prendergast_2023_1,S,1,1,0,1,1,1,Specimens deposited in WAM,NA
Banksia,undata,Banksia undata,Proteaceae,Exoneura ?pictifrons,Exoneura,NA,?pictifrons,Apidae,Xylocopinae,NA,Insecta,Hymenoptera,4,WA,Flint,-32.355794,116.4217699,4/11/2022,Nov,2022,"Prendergast, K. (2023). DBCA Jarrah Forest Native Bee Report: Flint. Report produced by Dr Kit Prendergast for the Western Australian Government’s Department of Biodiversity, Conservation and Attractions (DBCA). DBCA, Kensington, WA.",S85B,Prendergast_2023_1,S,1,1,0,1,1,1,Specimens deposited in WAM,NA
Banksia,undata,Banksia undata,Proteaceae,"Exoneura ""DBCA_4""",Exoneura,NA,"""DBCA_4""",Apidae,Xylocopinae,NA,Insecta,Hymenoptera,4,WA,Flint,-32.355794,116.4217699,4/11/2022,Nov,2022,"Prendergast, K. (2023). DBCA Jarrah Forest Native Bee Report: Flint. Report produced by Dr Kit Prendergast for the Western Australian Government’s Department of Biodiversity, Conservation and Attractions (DBCA). DBCA, Kensington, WA.",S85B,Prendergast_2023_1,S,1,1,0,1,1,1,Specimens deposited in WAM,NA
Banksia,undata,Banksia undata,Proteaceae,Hylaeus (Prosopisteron) sanguinipictus,Hylaeus,Prosopisteron,sanguinipictus,Colletidae,Hylaeinae,NA,Insecta,Hymenoptera,16,WA,Flint,-32.355794,116.4217699,4/10/2022,Oct,2022,"Prendergast, K. (2023). DBCA Jarrah Forest Native Bee Report: Flint. Report produced by Dr Kit Prendergast for the Western Australian Government’s Department of Biodiversity, Conservation and Attractions (DBCA). DBCA, Kensington, WA.",S85B,Prendergast_2023_1,S,1,1,0,1,1,1,Specimens deposited in WAM,NA
Banksia,undata,Banksia undata,Proteaceae,"Hylaeus (Pseudhylaeus) ""undata""",Hylaeus,Pseudhylaeus,undata,Colletidae,Hylaeinae,NA,Insecta,Hymenoptera,1,WA,Flint,-32.355794,116.4217699,4/10/2022,Oct,2022,"Prendergast, K. (2023). DBCA Jarrah Forest Native Bee Report: Flint. Report produced by Dr Kit Prendergast for the Western Australian Government’s Department of Biodiversity, Conservation and Attractions (DBCA). DBCA, Kensington, WA.",S85B,Prendergast_2023_1,S,1,1,0,1,1,1,Specimens deposited in WAM,NA
Banksia,undata,Banksia undata,Proteaceae,Hylaeus (Gnathoprosopis) euxanthus,Hylaeus,Gnathoprosopis,euxanthus,Colletidae,Hylaeinae,NA,Insecta,Hymenoptera,1,WA,Flint,-32.355794,116.4217699,4/11/2022,Nov,2022,"Prendergast, K. (2023). DBCA Jarrah Forest Native Bee Report: Flint. Report produced by Dr Kit Prendergast for the Western Australian Government’s Department of Biodiversity, Conservation and Attractions (DBCA). DBCA, Kensington, WA.",S85B,Prendergast_2023_1,S,1,1,0,1,1,1,Specimens deposited in WAM,NA
Banksia,undata,Banksia undata,Proteaceae,Hylaeus (Macrohylaeus) alcyoneus,Hylaeus,Macrohylaeus,alcyoneus,Colletidae,Hylaeinae,NA,Insecta,Hymenoptera,1,WA,Flint,-32.355794,116.4217699,4/11/2022,Nov,2022,"Prendergast, K. (2023). DBCA Jarrah Forest Native Bee Report: Flint. Report produced by Dr Kit Prendergast for the Western Australian Government’s Department of Biodiversity, Conservation and Attractions (DBCA). DBCA, Kensington, WA.",S85B,Prendergast_2023_1,S,1,1,0,1,1,1,Specimens deposited in WAM,NA
Banksia,undata,Banksia undata,Proteaceae,"Hylaeus (Prosopisteron) ""latifacies""",Hylaeus,Prosopisteron,"""latifacies""",Colletidae,Hylaeinae,NA,Insecta,Hymenoptera,1,WA,Flint,-32.355794,116.4217699,4/11/2022,Nov,2022,"Prendergast, K. (2023). DBCA Jarrah Forest Native Bee Report: Flint. Report produced by Dr Kit Prendergast for the Western Australian Government’s Department of Biodiversity, Conservation and Attractions (DBCA). DBCA, Kensington, WA.",S85B,Prendergast_2023_1,S,1,1,0,1,1,1,Specimens deposited in WAM,NA
Banksia,undata,Banksia undata,Proteaceae,Hylaeus (Prosopisteron) sanguinipictus,Hylaeus,Prosopisteron,sanguinipictus,Colletidae,Hylaeinae,NA,Insecta,Hymenoptera,4,WA,Flint,-32.355794,116.4217699,4/11/2022,Nov,2022,"Prendergast, K. (2023). DBCA Jarrah Forest Native Bee Report: Flint. Report produced by Dr Kit Prendergast for the Western Australian Government’s Department of Biodiversity, Conservation and Attractions (DBCA). DBCA, Kensington, WA.",S85B,Prendergast_2023_1,S,1,1,0,1,1,1,Specimens deposited in WAM,NA
Banksia,undata,Banksia undata,Proteaceae,Lasioglossum (Chilalictus) hemichalceum,Lasioglossum,Chilalictus,hemichalceum,Halictidae,Halictinae,NA,Insecta,Hymenoptera,4,WA,Flint,-32.355794,116.4217699,11/9/2022,Sept,2022,"Prendergast, K. (2023). DBCA Jarrah Forest Native Bee Report: Flint. Report produced by Dr Kit Prendergast for the Western Australian Government’s Department of Biodiversity, Conservation and Attractions (DBCA). DBCA, Kensington, WA.",S85B,Prendergast_2023_1,S,1,1,0,1,1,1,Specimens deposited in WAM,NA
Banksia,undata,Banksia undata,Proteaceae,Lasioglossum (Chilalictus) brochum?,Lasioglossum,Chilalictus,brochum?,Halictidae,Halictinae,NA,Insecta,Hymenoptera,1,WA,Flint,-32.355794,116.4217699,4/10/2022,Oct,2022,"Prendergast, K. (2023). DBCA Jarrah Forest Native Bee Report: Flint. Report produced by Dr Kit Prendergast for the Western Australian Government’s Department of Biodiversity, Conservation and Attractions (DBCA). DBCA, Kensington, WA.",S85B,Prendergast_2023_1,S,1,1,0,1,1,1,Specimens deposited in WAM,NA
Banksia,undata,Banksia undata,Proteaceae,Lasioglossum (Chilalictus) hemichalceum,Lasioglossum,Chilalictus,hemichalceum,Halictidae,Halictinae,NA,Insecta,Hymenoptera,1,WA,Flint,-32.355794,116.4217699,4/10/2022,Oct,2022,"Prendergast, K. (2023). DBCA Jarrah Forest Native Bee Report: Flint. Report produced by Dr Kit Prendergast for the Western Australian Government’s Department of Biodiversity, Conservation and Attractions (DBCA). DBCA, Kensington, WA.",S85B,Prendergast_2023_1,S,1,1,0,1,1,1,Specimens deposited in WAM,NA
Banksia,undata,Banksia undata,Proteaceae,Lasioglossum (Chilalictus) mirandum,Lasioglossum,Chilalictus,mirandum F,Halictidae,Halictinae,NA,Insecta,Hymenoptera,1,WA,Flint,-32.355794,116.4217699,4/10/2022,Oct,2022,"Prendergast, K. (2023). DBCA Jarrah Forest Native Bee Report: Flint. Report produced by Dr Kit Prendergast for the Western Australian Government’s Department of Biodiversity, Conservation and Attractions (DBCA). DBCA, Kensington, WA.",S85B,Prendergast_2023_1,S,1,1,0,1,1,1,Specimens deposited in WAM,NA
Banksia,undata,Banksia undata,Proteaceae,"Leioproctus ""sp. J1""",Leioproctus,NA,"""sp. J1""",Colletidae,Neopasiphaeinae,NA,Insecta,Hymenoptera,2,WA,Flint,-32.355794,116.4217699,11/9/2022,Sept,2022,"Prendergast, K. (2023). DBCA Jarrah Forest Native Bee Report: Flint. Report produced by Dr Kit Prendergast for the Western Australian Government’s Department of Biodiversity, Conservation and Attractions (DBCA). DBCA, Kensington, WA.",S85B,Prendergast_2023_1,S,1,1,0,1,1,1,Specimens deposited in WAM,NA
Banksia,undata,Banksia undata,Proteaceae,"Leioproctus ""sp. J1""",Leioproctus,NA,"""sp. J1""",Colletidae,Neopasiphaeinae,NA,Insecta,Hymenoptera,2,WA,Flint,-32.355794,116.4217699,4/10/2022,Oct,2022,"Prendergast, K. (2023). DBCA Jarrah Forest Native Bee Report: Flint. Report produced by Dr Kit Prendergast for the Western Australian Government’s Department of Biodiversity, Conservation and Attractions (DBCA). DBCA, Kensington, WA.",S85B,Prendergast_2023_1,S,1,1,0,1,1,1,Specimens deposited in WAM,NA
Banksia,undata,Banksia undata,Proteaceae,Megachile (Hackeriapis) canifrons,Megachile,Hackeriapis,canifrons,Megachilidae,Megachilinae,NA,Insecta,Hymenoptera,2,WA,Flint,-32.355794,116.4217699,4/10/2022,Oct,2022,"Prendergast, K. (2023). DBCA Jarrah Forest Native Bee Report: Flint. Report produced by Dr Kit Prendergast for the Western Australian Government’s Department of Biodiversity, Conservation and Attractions (DBCA). DBCA, Kensington, WA.",S85B,Prendergast_2023_1,S,1,1,0,1,1,1,Specimens deposited in WAM,NA
Banksia,undata,Banksia undata,Proteaceae,Megachile (Hackeriapis) canifrons,Megachile,Hackeriapis,canifrons,Megachilidae,Megachilinae,NA,Insecta,Hymenoptera,1,WA,Flint,-32.355794,116.4217699,4/11/2022,Nov,2022,"Prendergast, K. (2023). DBCA Jarrah Forest Native Bee Report: Flint. Report produced by Dr Kit Prendergast for the Western Australian Government’s Department of Biodiversity, Conservation and Attractions (DBCA). DBCA, Kensington, WA.",S85B,Prendergast_2023_1,S,1,1,0,1,1,1,Specimens deposited in WAM,NA
Bossiaea,eriocarpa,Bossiaea eriocarpa,Fabaceae,Trichocolletes erythrurus,Trichocolletes,NA,erythrurus,Colletidae,Neopasiphaeinae,NA,Insecta,Hymenoptera,2,WA,Flint,-32.355794,116.4217699,11/9/2022,Sept,2022,"Prendergast, K. (2023). DBCA Jarrah Forest Native Bee Report: Flint. Report produced by Dr Kit Prendergast for the Western Australian Government’s Department of Biodiversity, Conservation and Attractions (DBCA). DBCA, Kensington, WA.",S85B,Prendergast_2023_1,S,1,1,0,1,1,1,Specimens deposited in WAM,NA
Chorizema,sp.,Chorizema sp.,Fabaceae,Leioproctus (Colletellus) velutinellus,Leioproctus,Colletellus,velutinellus,Colletidae,Neopasiphaeinae,NA,Insecta,Hymenoptera,1,WA,Flint,-32.355794,116.4217699,4/11/2022,Nov,2022,"Prendergast, K. (2023). DBCA Jarrah Forest Native Bee Report: Flint. Report produced by Dr Kit Prendergast for the Western Australian Government’s Department of Biodiversity, Conservation and Attractions (DBCA). DBCA, Kensington, WA.",S85B,Prendergast_2023_1,S,1,1,0,1,1,1,Specimens deposited in WAM,NA
Conospermum,undulatum,Conospermum undulatum,Proteaceae,Exoneura ?pictifrons,Exoneura,NA,?pictifrons,Apidae,Xylocopinae,NA,Insecta,Hymenoptera,1,WA,Flint,-32.355794,116.4217699,4/11/2022,Nov,2022,"Prendergast, K. (2023). DBCA Jarrah Forest Native Bee Report: Flint. Report produced by Dr Kit Prendergast for the Western Australian Government’s Department of Biodiversity, Conservation and Attractions (DBCA). DBCA, Kensington, WA.",S85B,Prendergast_2023_1,S,1,1,0,1,1,1,Specimens deposited in WAM,NA
Conospermum,undulatum,Conospermum undulatum,Proteaceae,"Exoneura ""DBCA_4""",Exoneura,NA,"""DBCA_4""",Apidae,Xylocopinae,NA,Insecta,Hymenoptera,2,WA,Flint,-32.355794,116.4217699,4/11/2022,Nov,2022,"Prendergast, K. (2023). DBCA Jarrah Forest Native Bee Report: Flint. Report produced by Dr Kit Prendergast for the Western Australian Government’s Department of Biodiversity, Conservation and Attractions (DBCA). DBCA, Kensington, WA.",S85B,Prendergast_2023_1,S,1,1,0,1,1,1,Specimens deposited in WAM,NA
Corymbia,calophylla,Corymbia calophylla,Myrtaceae,Amegilla (Asaropoda) preissi,Amegilla,Asaropoda,preissi,Apidae,Apinae,NA,Insecta,Hymenoptera,1,WA,Flint,-32.355794,116.4217699,10/2/2023,Feb,2023,"Prendergast, K. (2023). DBCA Jarrah Forest Native Bee Report: Flint. Report produced by Dr Kit Prendergast for the Western Australian Government’s Department of Biodiversity, Conservation and Attractions (DBCA). DBCA, Kensington, WA.",S85B,Prendergast_2023_1,S,1,1,0,1,1,1,Specimens deposited in WAM,NA
Corymbia,calophylla,Corymbia calophylla,Myrtaceae,Amegilla (Asaropoda) preissi,Amegilla,Asaropoda,preissi,Apidae,Apinae,NA,Insecta,Hymenoptera,1,WA,Flint,-32.355794,116.4217699,23/3/2023,March,2023,"Prendergast, K. (2023). DBCA Jarrah Forest Native Bee Report: Flint. Report produced by Dr Kit Prendergast for the Western Australian Government’s Department of Biodiversity, Conservation and Attractions (DBCA). DBCA, Kensington, WA.",S85B,Prendergast_2023_1,S,1,1,0,1,1,1,Specimens deposited in WAM,NA
Corymbia,calophylla,Corymbia calophylla,Myrtaceae,"Euhesma ""sp. J3""",Euhesma,NA,"""sp. J3""",Colletidae,Euryglossinae,NA,Insecta,Hymenoptera,1,WA,Flint,-32.355794,116.4217699,10/2/2023,Feb,2023,"Prendergast, K. (2023). DBCA Jarrah Forest Native Bee Report: Flint. Report produced by Dr Kit Prendergast for the Western Australian Government’s Department of Biodiversity, Conservation and Attractions (DBCA). DBCA, Kensington, WA.",S85B,Prendergast_2023_1,S,1,1,0,1,1,1,Specimens deposited in WAM,NA
Corymbia,calophylla,Corymbia calophylla,Myrtaceae,Euryglossina (Euryglossina) atra,Euryglossina,Euryglossina,atra,Colletidae,Euryglossinae,NA,Insecta,Hymenoptera,4,WA,Flint,-32.355794,116.4217699,10/2/2023,Feb,2023,"Prendergast, K. (2023). DBCA Jarrah Forest Native Bee Report: Flint. Report produced by Dr Kit Prendergast for the Western Australian Government’s Department of Biodiversity, Conservation and Attractions (DBCA). DBCA, Kensington, WA.",S85B,Prendergast_2023_1,S,1,1,0,1,1,1,Specimens deposited in WAM,NA
Corymbia,calophylla,Corymbia calophylla,Myrtaceae,Euryglossina (Euryglossina) cockerelli,Euryglossina,Euryglossina,cockerelli,Colletidae,Euryglossinae,NA,Insecta,Hymenoptera,1,WA,Flint,-32.355794,116.4217699,10/2/2023,Feb,2023,"Prendergast, K. (2023). DBCA Jarrah Forest Native Bee Report: Flint. Report produced by Dr Kit Prendergast for the Western Australian Government’s Department of Biodiversity, Conservation and Attractions (DBCA). DBCA, Kensington, WA.",S85B,Prendergast_2023_1,S,1,1,0,1,1,1,Specimens deposited in WAM,NA
Corymbia,calophylla,Corymbia calophylla,Myrtaceae,Euryglossina (Euryglossina) lynettae,Euryglossina,Euryglossina,lynettae,Colletidae,Euryglossinae,NA,Insecta,Hymenoptera,1,WA,Flint,-32.355794,116.4217699,10/2/2023,Feb,2023,"Prendergast, K. (2023). DBCA Jarrah Forest Native Bee Report: Flint. Report produced by Dr Kit Prendergast for the Western Australian Government’s Department of Biodiversity, Conservation and Attractions (DBCA). DBCA, Kensington, WA.",S85B,Prendergast_2023_1,S,1,1,0,1,1,1,Specimens deposited in WAM,NA
Corymbia,calophylla,Corymbia calophylla,Myrtaceae,Euryglossina (Euryglossina) perpusilla,Euryglossina,Euryglossina,perpusilla,Colletidae,Euryglossinae,NA,Insecta,Hymenoptera,5,WA,Flint,-32.355794,116.4217699,10/2/2023,Feb,2023,"Prendergast, K. (2023). DBCA Jarrah Forest Native Bee Report: Flint. Report produced by Dr Kit Prendergast for the Western Australian Government’s Department of Biodiversity, Conservation and Attractions (DBCA). DBCA, Kensington, WA.",S85B,Prendergast_2023_1,S,1,1,0,1,1,1,Specimens deposited in WAM,NA
Corymbia,calophylla,Corymbia calophylla,Myrtaceae,"Euryglossina ""sp. M""",Euryglossina,NA,"""sp. M""",Colletidae,Euryglossinae,NA,Insecta,Hymenoptera,1,WA,Flint,-32.355794,116.4217699,10/2/2023,Feb,2023,"Prendergast, K. (2023). DBCA Jarrah Forest Native Bee Report: Flint. Report produced by Dr Kit Prendergast for the Western Australian Government’s Department of Biodiversity, Conservation and Attractions (DBCA). DBCA, Kensington, WA.",S85B,Prendergast_2023_1,S,1,1,0,1,1,1,Specimens deposited in WAM,NA
Corymbia,calophylla,Corymbia calophylla,Myrtaceae,Euryglossina (Euryglossina) argocephala,Euryglossina,Euryglossina,argocephala,Colletidae,Euryglossinae,NA,Insecta,Hymenoptera,2,WA,Flint,-32.355794,116.4217699,23/3/2023,March,2023,"Prendergast, K. (2023). DBCA Jarrah Forest Native Bee Report: Flint. Report produced by Dr Kit Prendergast for the Western Australian Government’s Department of Biodiversity, Conservation and Attractions (DBCA). DBCA, Kensington, WA.",S85B,Prendergast_2023_1,S,1,1,0,1,1,1,Specimens deposited in WAM,NA
Corymbia,calophylla,Corymbia calophylla,Myrtaceae,Euryglossina (Euryglossina) perpusilla,Euryglossina,Euryglossina,perpusilla,Colletidae,Euryglossinae,NA,Insecta,Hymenoptera,6,WA,Flint,-32.355794,116.4217699,23/3/2023,March,2023,"Prendergast, K. (2023). DBCA Jarrah Forest Native Bee Report: Flint. Report produced by Dr Kit Prendergast for the Western Australian Government’s Department of Biodiversity, Conservation and Attractions (DBCA). DBCA, Kensington, WA.",S85B,Prendergast_2023_1,S,1,1,0,1,1,1,Specimens deposited in WAM,NA
Corymbia,calophylla,Corymbia calophylla,Myrtaceae,Euryglossina (Euryglossina) perpusilla,Euryglossina,Euryglossina,perpusilla,Colletidae,Euryglossinae,NA,Insecta,Hymenoptera,1,WA,Flint,-32.355794,116.4217699,23/3/2023,March,2023,"Prendergast, K. (2023). DBCA Jarrah Forest Native Bee Report: Flint. Report produced by Dr Kit Prendergast for the Western Australian Government’s Department of Biodiversity, Conservation and Attractions (DBCA). DBCA, Kensington, WA.",S85B,Prendergast_2023_1,S,1,1,0,1,1,1,Specimens deposited in WAM,NA
Corymbia,calophylla,Corymbia calophylla,Myrtaceae,"Exoneura ""DBCA_4""",Exoneura,NA,"""DBCA_4""",Apidae,Xylocopinae,NA,Insecta,Hymenoptera,1,WA,Flint,-32.355794,116.4217699,10/2/2023,Feb,2023,"Prendergast, K. (2023). DBCA Jarrah Forest Native Bee Report: Flint. Report produced by Dr Kit Prendergast for the Western Australian Government’s Department of Biodiversity, Conservation and Attractions (DBCA). DBCA, Kensington, WA.",S85B,Prendergast_2023_1,S,1,1,0,1,1,1,Specimens deposited in WAM,NA
Corymbia,calophylla,Corymbia calophylla,Myrtaceae,"Exoneura ""DBCA_3""",Exoneura,NA,"Exoneura ""DBCA_3""",Apidae,Xylocopinae,NA,Insecta,Hymenoptera,1,WA,Flint,-32.355794,116.4217699,23/3/2023,March,2023,"Prendergast, K. (2023). DBCA Jarrah Forest Native Bee Report: Flint. Report produced by Dr Kit Prendergast for the Western Australian Government’s Department of Biodiversity, Conservation and Attractions (DBCA). DBCA, Kensington, WA.",S85B,Prendergast_2023_1,S,1,1,0,1,1,1,Specimens deposited in WAM,NA
Corymbia,calophylla,Corymbia calophylla,Myrtaceae,"Exoneura ""DBCA_4""",Exoneura,NA,"""DBCA_4""",Apidae,Xylocopinae,NA,Insecta,Hymenoptera,1,WA,Flint,-32.355794,116.4217699,23/3/2023,March,2023,"Prendergast, K. (2023). DBCA Jarrah Forest Native Bee Report: Flint. Report produced by Dr Kit Prendergast for the Western Australian Government’s Department of Biodiversity, Conservation and Attractions (DBCA). DBCA, Kensington, WA.",S85B,Prendergast_2023_1,S,1,1,0,1,1,1,Specimens deposited in WAM,NA
Corymbia,calophylla,Corymbia calophylla,Myrtaceae,Gasteruption sp.,Gasteruption,NA,sp.,Gasteruptiidae,Gasteruptiinae,NA,Insecta,Hymenoptera,1,WA,Flint,-32.355794,116.4217699,10/2/2023,Feb,2023,"Prendergast, K. (2023). DBCA Jarrah Forest Native Bee Report: Flint. Report produced by Dr Kit Prendergast for the Western Australian Government’s Department of Biodiversity, Conservation and Attractions (DBCA). DBCA, Kensington, WA.",S85B,Prendergast_2023_1,S,1,1,0,1,1,1,Specimens deposited in WAM,NA
Corymbia,calophylla,Corymbia calophylla,Myrtaceae,"Hylaeus (Prosopisteron) ""amienanus""",Hylaeus,Prosopisteron,"""amienanus""",Colletidae,Hylaeinae,NA,Insecta,Hymenoptera,1,WA,Flint,-32.355794,116.4217699,10/2/2023,Feb,2023,"Prendergast, K. (2023). DBCA Jarrah Forest Native Bee Report: Flint. Report produced by Dr Kit Prendergast for the Western Australian Government’s Department of Biodiversity, Conservation and Attractions (DBCA). DBCA, Kensington, WA.",S85B,Prendergast_2023_1,S,1,1,0,1,1,1,Specimens deposited in WAM,NA
Corymbia,calophylla,Corymbia calophylla,Myrtaceae,"Hylaeus (Prosopisteron) ""latifacies""",Hylaeus,Prosopisteron,"""latifacies""",Colletidae,Hylaeinae,NA,Insecta,Hymenoptera,3,WA,Flint,-32.355794,116.4217699,10/2/2023,Feb,2023,"Prendergast, K. (2023). DBCA Jarrah Forest Native Bee Report: Flint. Report produced by Dr Kit Prendergast for the Western Australian Government’s Department of Biodiversity, Conservation and Attractions (DBCA). DBCA, Kensington, WA.",S85B,Prendergast_2023_1,S,1,1,0,1,1,1,Specimens deposited in WAM,NA
Corymbia,calophylla,Corymbia calophylla,Myrtaceae,Hylaeus (Prosopisteron) bicoloratus,Hylaeus,Prosopisteron,bicoloratus,Colletidae,Hylaeinae,NA,Insecta,Hymenoptera,1,WA,Flint,-32.355794,116.4217699,10/2/2023,Feb,2023,"Prendergast, K. (2023). DBCA Jarrah Forest Native Bee Report: Flint. Report produced by Dr Kit Prendergast for the Western Australian Government’s Department of Biodiversity, Conservation and Attractions (DBCA). DBCA, Kensington, WA.",S85B,Prendergast_2023_1,S,1,1,0,1,1,1,Specimens deposited in WAM,NA
Corymbia,calophylla,Corymbia calophylla,Myrtaceae,Hylaeus (Rhodohylaeus) proximus,Hylaeus,Rhodohylaeus,proximus,Colletidae,Hylaeinae,NA,Insecta,Hymenoptera,4,WA,Flint,-32.355794,116.4217699,10/2/2023,Feb,2023,"Prendergast, K. (2023). DBCA Jarrah Forest Native Bee Report: Flint. Report produced by Dr Kit Prendergast for the Western Australian Government’s Department of Biodiversity, Conservation and Attractions (DBCA). DBCA, Kensington, WA.",S85B,Prendergast_2023_1,S,1,1,0,1,1,1,Specimens deposited in WAM,NA
Corymbia,calophylla,Corymbia calophylla,Myrtaceae,"Hylaeus (Prosopisteron) ""bicurvatus""",Hylaeus,Prosopisteron,"""bicurvatus""",Colletidae,Hylaeinae,NA,Insecta,Hymenoptera,4,WA,Flint,-32.355794,116.4217699,23/3/2023,March,2023,"Prendergast, K. (2023). DBCA Jarrah Forest Native Bee Report: Flint. Report produced by Dr Kit Prendergast for the Western Australian Government’s Department of Biodiversity, Conservation and Attractions (DBCA). DBCA, Kensington, WA.",S85B,Prendergast_2023_1,S,1,1,0,1,1,1,Specimens deposited in WAM,NA
Corymbia,calophylla,Corymbia calophylla,Myrtaceae,"Hylaeus (Prosopisteron) ""latifacies""",Hylaeus,Prosopisteron,"""latifacies""",Colletidae,Hylaeinae,NA,Insecta,Hymenoptera,1,WA,Flint,-32.355794,116.4217699,23/3/2023,March,2023,"Prendergast, K. (2023). DBCA Jarrah Forest Native Bee Report: Flint. Report produced by Dr Kit Prendergast for the Western Australian Government’s Department of Biodiversity, Conservation and Attractions (DBCA). DBCA, Kensington, WA.",S85B,Prendergast_2023_1,S,1,1,0,1,1,1,Specimens deposited in WAM,NA
Corymbia,calophylla,Corymbia calophylla,Myrtaceae,Hyphesma atromicans,Hyphesma,NA,atromicans,Colletidae,Euryglossinae,NA,Insecta,Hymenoptera,6,WA,Flint,-32.355794,116.4217699,10/2/2023,Feb,2023,"Prendergast, K. (2023). DBCA Jarrah Forest Native Bee Report: Flint. Report produced by Dr Kit Prendergast for the Western Australian Government’s Department of Biodiversity, Conservation and Attractions (DBCA). DBCA, Kensington, WA.",S85B,Prendergast_2023_1,S,1,1,0,1,1,1,Specimens deposited in WAM,NA
Corymbia,calophylla,Corymbia calophylla,Myrtaceae,Lasioglossum (Chilalictus) hemichalceum,Lasioglossum,Chilalictus,hemichalceum,Halictidae,Halictinae,NA,Insecta,Hymenoptera,6,WA,Flint,-32.355794,116.4217699,10/2/2023,Feb,2023,"Prendergast, K. (2023). DBCA Jarrah Forest Native Bee Report: Flint. Report produced by Dr Kit Prendergast for the Western Australian Government’s Department of Biodiversity, Conservation and Attractions (DBCA). DBCA, Kensington, WA.",S85B,Prendergast_2023_1,S,1,1,0,1,1,1,Specimens deposited in WAM,NA
Corymbia,calophylla,Corymbia calophylla,Myrtaceae,Lasioglossum (Chilalictus) hemichalceum,Lasioglossum,Chilalictus,hemichalceum,Halictidae,Halictinae,NA,Insecta,Hymenoptera,2,WA,Flint,-32.355794,116.4217699,23/3/2023,March,2023,"Prendergast, K. (2023). DBCA Jarrah Forest Native Bee Report: Flint. Report produced by Dr Kit Prendergast for the Western Australian Government’s Department of Biodiversity, Conservation and Attractions (DBCA). DBCA, Kensington, WA.",S85B,Prendergast_2023_1,S,1,1,0,1,1,1,Specimens deposited in WAM,NA
Corymbia,calophylla,Corymbia calophylla,Myrtaceae,Lipotriches (Austronomia) flavoviridis species-group,Lipotriches,Austronomia,flavoviridis species-group,Halictidae,Halictinae,NA,Insecta,Hymenoptera,1,WA,Flint,-32.355794,116.4217699,10/2/2023,Feb,2023,"Prendergast, K. (2023). DBCA Jarrah Forest Native Bee Report: Flint. Report produced by Dr Kit Prendergast for the Western Australian Government’s Department of Biodiversity, Conservation and Attractions (DBCA). DBCA, Kensington, WA.",S85B,Prendergast_2023_1,S,1,1,0,1,1,1,Specimens deposited in WAM,NA
Corymbia,calophylla,Corymbia calophylla,Myrtaceae,Lipotriches (Austronomia) flavoviridis species-group,Lipotriches,Austronomia,flavoviridis species-group,Halictidae,Halictinae,NA,Insecta,Hymenoptera,1,WA,Flint,-32.355794,116.4217699,23/3/2023,March,2023,"Prendergast, K. (2023). DBCA Jarrah Forest Native Bee Report: Flint. Report produced by Dr Kit Prendergast for the Western Australian Government’s Department of Biodiversity, Conservation and Attractions (DBCA). DBCA, Kensington, WA.",S85B,Prendergast_2023_1,S,1,1,0,1,1,1,Specimens deposited in WAM,NA
Corymbia,calophylla,Corymbia calophylla,Myrtaceae,Megachile (Hackeriapis) oblonga,Megachile,Hackeriapis,oblonga,Megachilidae,Megachilinae,NA,Insecta,Hymenoptera,1,WA,Flint,-32.355794,116.4217699,10/2/2023,Feb,2023,"Prendergast, K. (2023). DBCA Jarrah Forest Native Bee Report: Flint. Report produced by Dr Kit Prendergast for the Western Australian Government’s Department of Biodiversity, Conservation and Attractions (DBCA). DBCA, Kensington, WA.",S85B,Prendergast_2023_1,S,1,1,0,1,1,1,Specimens deposited in WAM,NA
Corymbia,calophylla,Corymbia calophylla,Myrtaceae,Megachile (Hackeriapis) tosticauda species-group,Megachile,Hackeriapis,tosticauda species-group,Megachilidae,Megachilinae,NA,Insecta,Hymenoptera,1,WA,Flint,-32.355794,116.4217699,10/2/2023,Feb,2023,"Prendergast, K. (2023). DBCA Jarrah Forest Native Bee Report: Flint. Report produced by Dr Kit Prendergast for the Western Australian Government’s Department of Biodiversity, Conservation and Attractions (DBCA). DBCA, Kensington, WA.",S85B,Prendergast_2023_1,S,1,1,0,1,1,1,Specimens deposited in WAM,NA
Corymbia,calophylla,Corymbia calophylla,Myrtaceae,Megachile (Eutricharaea) chrysopyga,Megachile,Eutricharaea,chrysopyga,Megachilidae,Megachilinae,NA,Insecta,Hymenoptera,2,WA,Flint,-32.355794,116.4217699,23/3/2023,March,2023,"Prendergast, K. (2023). DBCA Jarrah Forest Native Bee Report: Flint. Report produced by Dr Kit Prendergast for the Western Australian Government’s Department of Biodiversity, Conservation and Attractions (DBCA). DBCA, Kensington, WA.",S85B,Prendergast_2023_1,S,1,1,0,1,1,1,Specimens deposited in WAM,NA
Daviesia,divaricata,Daviesia divaricata,Fabaceae,Trichocolletes erythrurus,Trichocolletes,NA,erythrurus,Colletidae,Neopasiphaeinae,NA,Insecta,Hymenoptera,1,WA,Flint,-32.355794,116.4217699,11/9/2022,Sept,2022,"Prendergast, K. (2023). DBCA Jarrah Forest Native Bee Report: Flint. Report produced by Dr Kit Prendergast for the Western Australian Government’s Department of Biodiversity, Conservation and Attractions (DBCA). DBCA, Kensington, WA.",S85B,Prendergast_2023_1,S,1,1,0,1,1,1,Specimens deposited in WAM,NA
Eucalyptus,sp.,Eucalyptus sp.,Myrtaceae,Hylaeus (Euprosopis) elegans,Hylaeus,Euprosopis,elegans,Colletidae,Hylaeinae,NA,Insecta,Hymenoptera,1,WA,Flint,-32.355794,116.4217699,6/12/2022,Dec,2022,"Prendergast, K. (2023). DBCA Jarrah Forest Native Bee Report: Flint. Report produced by Dr Kit Prendergast for the Western Australian Government’s Department of Biodiversity, Conservation and Attractions (DBCA). DBCA, Kensington, WA.",S85B,Prendergast_2023_1,S,1,1,0,1,1,1,Specimens deposited in WAM,NA
Eucalyptus,sp.,Eucalyptus sp.,Myrtaceae,"Hylaeus (Prosopisteron) ""latifacies""",Hylaeus,Prosopisteron,"""latifacies""",Colletidae,Hylaeinae,NA,Insecta,Hymenoptera,1,WA,Flint,-32.355794,116.4217699,6/12/2022,Dec,2022,"Prendergast, K. (2023). DBCA Jarrah Forest Native Bee Report: Flint. Report produced by Dr Kit Prendergast for the Western Australian Government’s Department of Biodiversity, Conservation and Attractions (DBCA). DBCA, Kensington, WA.",S85B,Prendergast_2023_1,S,1,1,0,1,1,1,Specimens deposited in WAM,NA
Eucalyptus,sp.,Eucalyptus sp.,Myrtaceae,Hylaeus (Prosopisteron) sanguinipictus,Hylaeus,Prosopisteron,sanguinipictus,Colletidae,Hylaeinae,NA,Insecta,Hymenoptera,1,WA,Flint,-32.355794,116.4217699,6/12/2022,Dec,2022,"Prendergast, K. (2023). DBCA Jarrah Forest Native Bee Report: Flint. Report produced by Dr Kit Prendergast for the Western Australian Government’s Department of Biodiversity, Conservation and Attractions (DBCA). DBCA, Kensington, WA.",S85B,Prendergast_2023_1,S,1,1,0,1,1,1,Specimens deposited in WAM,NA
Eucalyptus,sp.,Eucalyptus sp.,Myrtaceae,Megachile (Eutricharaea) chrysopyga,Megachile,Eutricharaea,chrysopyga,Megachilidae,Megachilinae,NA,Insecta,Hymenoptera,1,WA,Flint,-32.355794,116.4217699,6/12/2022,Dec,2022,"Prendergast, K. (2023). DBCA Jarrah Forest Native Bee Report: Flint. Report produced by Dr Kit Prendergast for the Western Australian Government’s Department of Biodiversity, Conservation and Attractions (DBCA). DBCA, Kensington, WA.",S85B,Prendergast_2023_1,S,1,1,0,1,1,1,Specimens deposited in WAM,NA
Hakea,ruscifolia,Hakea ruscifolia,Proteaceae,Amegilla (Notomegilla) chlorocyanea,Amegilla,Notomegilla,chlorocyanea,Apidae,Apinae,NA,Insecta,Hymenoptera,1,WA,Flint,-32.355794,116.4217699,26/1/2023,Jan,2023,"Prendergast, K. (2023). DBCA Jarrah Forest Native Bee Report: Flint. Report produced by Dr Kit Prendergast for the Western Australian Government’s Department of Biodiversity, Conservation and Attractions (DBCA). DBCA, Kensington, WA.",S85B,Prendergast_2023_1,S,1,1,0,1,1,1,Specimens deposited in WAM,NA
Hakea,ruscifolia,Hakea ruscifolia,Proteaceae,Lasioglossum (Chilalictus) hemichalceum,Lasioglossum,Chilalictus,hemichalceum,Halictidae,Halictinae,NA,Insecta,Hymenoptera,20,WA,Flint,-32.355794,116.4217699,26/1/2023,Jan,2023,"Prendergast, K. (2023). DBCA Jarrah Forest Native Bee Report: Flint. Report produced by Dr Kit Prendergast for the Western Australian Government’s Department of Biodiversity, Conservation and Attractions (DBCA). DBCA, Kensington, WA.",S85B,Prendergast_2023_1,S,1,1,0,1,1,1,Specimens deposited in WAM,NA
Isopogon,sp.,Isopogon sp.,Proteaceae,Exoneura ?pictifrons,Exoneura,NA,?pictifrons,Apidae,Xylocopinae,NA,Insecta,Hymenoptera,3,WA,Flint,-32.355794,116.4217699,4/11/2022,Nov,2022,"Prendergast, K. (2023). DBCA Jarrah Forest Native Bee Report: Flint. Report produced by Dr Kit Prendergast for the Western Australian Government’s Department of Biodiversity, Conservation and Attractions (DBCA). DBCA, Kensington, WA.",S85B,Prendergast_2023_1,S,1,1,0,1,1,1,Specimens deposited in WAM,NA
Isopogon,sp.,Isopogon sp.,Proteaceae,"Exoneura ""DBCA_4""",Exoneura,NA,"""DBCA_4""",Apidae,Xylocopinae,NA,Insecta,Hymenoptera,1,WA,Flint,-32.355794,116.4217699,4/11/2022,Nov,2022,"Prendergast, K. (2023). DBCA Jarrah Forest Native Bee Report: Flint. Report produced by Dr Kit Prendergast for the Western Australian Government’s Department of Biodiversity, Conservation and Attractions (DBCA). DBCA, Kensington, WA.",S85B,Prendergast_2023_1,S,1,1,0,1,1,1,Specimens deposited in WAM,NA
Leptospermum,sp.,Leptospermum sp.,Myrtaceae,Lasioglossum (Chilalictus) calophyllae,Lasioglossum,Chilalictus,calophyllae,Halictidae,Halictinae,NA,Insecta,Hymenoptera,1,WA,Flint,-32.355794,116.4217699,4/11/2022,Nov,2022,"Prendergast, K. (2023). DBCA Jarrah Forest Native Bee Report: Flint. Report produced by Dr Kit Prendergast for the Western Australian Government’s Department of Biodiversity, Conservation and Attractions (DBCA). DBCA, Kensington, WA.",S85B,Prendergast_2023_1,S,1,1,0,1,1,1,Specimens deposited in WAM,NA
Leucopogon,parviflorus,Leucopogon parviflorus,Ericaceae,Euhesma banksia?,Euhesma,NA,banksia?,Colletidae,Euryglossinae,NA,Insecta,Hymenoptera,3,WA,Flint,-32.355794,116.4217699,11/9/2022,Sept,2022,"Prendergast, K. (2023). DBCA Jarrah Forest Native Bee Report: Flint. Report produced by Dr Kit Prendergast for the Western Australian Government’s Department of Biodiversity, Conservation and Attractions (DBCA). DBCA, Kensington, WA.",S85B,Prendergast_2023_1,S,1,1,0,1,1,1,Specimens deposited in WAM,NA
Leucopogon,parviflorus,Leucopogon parviflorus,Ericaceae,"Exoneura (Brevineura) ""latte""",Exoneura,Brevineura,"""latte""",Apidae,Xylocopinae,NA,Insecta,Hymenoptera,1,WA,Flint,-32.355794,116.4217699,11/9/2022,Sept,2022,"Prendergast, K. (2023). DBCA Jarrah Forest Native Bee Report: Flint. Report produced by Dr Kit Prendergast for the Western Australian Government’s Department of Biodiversity, Conservation and Attractions (DBCA). DBCA, Kensington, WA.",S85B,Prendergast_2023_1,S,1,1,0,1,1,1,Specimens deposited in WAM,NA
Leucopogon,parviflorus,Leucopogon parviflorus,Ericaceae,Lasioglossum (Chilalictus) castor,Lasioglossum,Chilalictus,castor,Halictidae,Halictinae,NA,Insecta,Hymenoptera,1,WA,Flint,-32.355794,116.4217699,11/9/2022,Sept,2022,"Prendergast, K. (2023). DBCA Jarrah Forest Native Bee Report: Flint. Report produced by Dr Kit Prendergast for the Western Australian Government’s Department of Biodiversity, Conservation and Attractions (DBCA). DBCA, Kensington, WA.",S85B,Prendergast_2023_1,S,1,1,0,1,1,1,Specimens deposited in WAM,NA
Ptilotus,sp.,Ptilotus sp.,Amaranthaceae,Lipotriches (Austronomia) flavoviridis species-group,Lipotriches,Austronomia,flavoviridis species-group,Halictidae,Halictinae,NA,Insecta,Hymenoptera,1,WA,Flint,-32.355794,116.4217699,4/11/2022,Nov,2022,"Prendergast, K. (2023). DBCA Jarrah Forest Native Bee Report: Flint. Report produced by Dr Kit Prendergast for the Western Australian Government’s Department of Biodiversity, Conservation and Attractions (DBCA). DBCA, Kensington, WA.",S85B,Prendergast_2023_1,S,1,1,0,1,1,1,Specimens deposited in WAM,NA
Stylidium,brunonianum,Stylidium brunonianum,Stylidiaceae,"Exoneura ""DBCA_4""",Exoneura,NA,"""DBCA_4""",Apidae,Xylocopinae,NA,Insecta,Hymenoptera,2,WA,Flint,-32.355794,116.4217699,4/11/2022,Nov,2022,"Prendergast, K. (2023). DBCA Jarrah Forest Native Bee Report: Flint. Report produced by Dr Kit Prendergast for the Western Australian Government’s Department of Biodiversity, Conservation and Attractions (DBCA). DBCA, Kensington, WA.",S85B,Prendergast_2023_1,S,1,1,0,1,1,1,Specimens deposited in WAM,NA
Synaphea,sp.,Synaphea sp.,Proteaceae,"Leioproctus ""sp. J3""",Leioproctus,NA,"""sp. J3""",Colletidae,Neopasiphaeinae,NA,Insecta,Hymenoptera,2,WA,Flint,-32.355794,116.4217699,11/9/2022,Sept,2022,"Prendergast, K. (2023). DBCA Jarrah Forest Native Bee Report: Flint. Report produced by Dr Kit Prendergast for the Western Australian Government’s Department of Biodiversity, Conservation and Attractions (DBCA). DBCA, Kensington, WA.",S85B,Prendergast_2023_1,S,1,1,0,1,1,1,Specimens deposited in WAM,NA
Verticordia,insigna,Verticordia insigna,Myrtaceae,Lasioglossum (Chilalictus) castor,Lasioglossum,Chilalictus,castor,Halictidae,Halictinae,NA,Insecta,Hymenoptera,1,WA,Flint,-32.355794,116.4217699,4/11/2022,Nov,2022,"Prendergast, K. (2023). DBCA Jarrah Forest Native Bee Report: Flint. Report produced by Dr Kit Prendergast for the Western Australian Government’s Department of Biodiversity, Conservation and Attractions (DBCA). DBCA, Kensington, WA.",S85B,Prendergast_2023_1,S,1,1,0,1,1,1,Specimens deposited in WAM,NA
Verticordia,insigna,Verticordia insigna,Myrtaceae,Lasioglossum (Chilalictus) eurycephalum,Lasioglossum,Chilalictus,eurycephalum,Halictidae,Halictinae,NA,Insecta,Hymenoptera,1,WA,Flint,-32.355794,116.4217699,4/11/2022,Nov,2022,"Prendergast, K. (2023). DBCA Jarrah Forest Native Bee Report: Flint. Report produced by Dr Kit Prendergast for the Western Australian Government’s Department of Biodiversity, Conservation and Attractions (DBCA). DBCA, Kensington, WA.",S85B,Prendergast_2023_1,S,1,1,0,1,1,1,Specimens deposited in WAM,NA
Verticordia,insignis,Verticordia insignis,Myrtaceae,Leioproctus (Lamprocolletes) chalybeatus,Leioproctus,Lamprocolletes,chalybeatus,Colletidae,Neopasiphaeinae,NA,Insecta,Hymenoptera,1,WA,Flint,-32.355794,116.4217699,4/11/2022,Nov,2022,"Prendergast, K. (2023). DBCA Jarrah Forest Native Bee Report: Flint. Report produced by Dr Kit Prendergast for the Western Australian Government’s Department of Biodiversity, Conservation and Attractions (DBCA). DBCA, Kensington, WA.",S85B,Prendergast_2023_1,S,1,1,0,1,1,1,Specimens deposited in WAM,NA
Verticordia,plumosus,Verticordia plumosus,Myrtaceae,Amegilla (Notomegilla) chlorocyanea,Amegilla,Notomegilla,chlorocyanea,Apidae,Apinae,NA,Insecta,Hymenoptera,1,WA,Flint,-32.355794,116.4217699,6/12/2022,Dec,2022,"Prendergast, K. (2023). DBCA Jarrah Forest Native Bee Report: Flint. Report produced by Dr Kit Prendergast for the Western Australian Government’s Department of Biodiversity, Conservation and Attractions (DBCA). DBCA, Kensington, WA.",S85B,Prendergast_2023_1,S,1,1,0,1,1,1,Specimens deposited in WAM,NA
Banksia,grandis,Banksia grandis,Proteaceae,"Exoneura ""DBCA_4""",Exoneura,NA,"""DBCA_4""",Apidae,Xylocopinae,NA,Insecta,Hymenoptera,2,WA,"Gordon, Karrakup",-32.2543881,116.0746426,4/12/2022,Dec,2022,"Prendergast, K. (2023). DBCA Jarrah Forest Native Bee Report: Gordon. Report produced by Dr Kit Prendergast for the Western Australian Government’s Department of Biodiversity, Conservation and Attractions (DBCA). DBCA, Kensington, WA.",S85B,Prendergast_2023_1,S,1,1,0,1,1,1,Specimens deposited in WAM,NA
Banksia,grandis,Banksia grandis,Proteaceae,"Hylaeus (Prosopisteron) ""latifacies""",Hylaeus,Prosopisteron,"""latifacies""",Colletidae,Hylaeinae,NA,Insecta,Hymenoptera,4,WA,"Gordon, Karrakup",-32.2543881,116.0746426,4/12/2022,Dec,2022,"Prendergast, K. (2023). DBCA Jarrah Forest Native Bee Report: Gordon. Report produced by Dr Kit Prendergast for the Western Australian Government’s Department of Biodiversity, Conservation and Attractions (DBCA). DBCA, Kensington, WA.",S85B,Prendergast_2023_1,S,1,1,0,1,1,1,Specimens deposited in WAM,NA
Boronia,fastigiata,Boronia fastigiata,Rutaceae,"Exoneura ""DBCA_4""",Exoneura,NA,"""DBCA_4""",Apidae,Xylocopinae,NA,Insecta,Hymenoptera,`,WA,"Gordon, Karrakup",-32.2543881,116.0746426,2/11/2022,Nov,2022,"Prendergast, K. (2023). DBCA Jarrah Forest Native Bee Report: Gordon. Report produced by Dr Kit Prendergast for the Western Australian Government’s Department of Biodiversity, Conservation and Attractions (DBCA). DBCA, Kensington, WA.",S85B,Prendergast_2023_1,S,1,1,0,1,1,1,Specimens deposited in WAM,NA
Boronia,fastigiata,Boronia fastigiata,Rutaceae,Lasioglossum (Chilalictus) hemichalceum,Lasioglossum,Chilalictus,hemichalceum,Halictidae,Halictinae,NA,Insecta,Hymenoptera,1,WA,"Gordon, Karrakup",-32.2543881,116.0746426,2/11/2022,Nov,2022,"Prendergast, K. (2023). DBCA Jarrah Forest Native Bee Report: Gordon. Report produced by Dr Kit Prendergast for the Western Australian Government’s Department of Biodiversity, Conservation and Attractions (DBCA). DBCA, Kensington, WA.",S85B,Prendergast_2023_1,S,1,1,0,1,1,1,Specimens deposited in WAM,NA
Boronia,fastigiata,Boronia fastigiata,Rutaceae,"Leioproctus ""DBCAPerthHills_2""",Leioproctus,NA,"""DBCAPerthHills_2""",Colletidae,Neopasiphaeinae,NA,Insecta,Hymenoptera,3,WA,"Gordon, Karrakup",-32.2543881,116.0746426,2/11/2022,Nov,2022,"Prendergast, K. (2023). DBCA Jarrah Forest Native Bee Report: Gordon. Report produced by Dr Kit Prendergast for the Western Australian Government’s Department of Biodiversity, Conservation and Attractions (DBCA). DBCA, Kensington, WA.",S85B,Prendergast_2023_1,S,1,1,0,1,1,1,Specimens deposited in WAM,NA
Bossiaea,pulchella,Bossiaea pulchella,Fabaceae,Exoneura cf. laeta,Exoneura,NA,cf. laeta,Apidae,Xylocopinae,NA,Insecta,Hymenoptera,2,WA,"Gordon, Karrakup",-32.2543881,116.0746426,9/9/2022,Sept,2022,"Prendergast, K. (2023). DBCA Jarrah Forest Native Bee Report: Gordon. Report produced by Dr Kit Prendergast for the Western Australian Government’s Department of Biodiversity, Conservation and Attractions (DBCA). DBCA, Kensington, WA.",S85B,Prendergast_2023_1,S,1,1,0,1,1,1,Specimens deposited in WAM,NA
Bossiaea,pulchella,Bossiaea pulchella,Fabaceae,Lasioglossum (Parasphecodes) hiltacum,Lasioglossum,Parasphecodes,hiltacum,Halictidae,Halictinae,NA,Insecta,Hymenoptera,2,WA,"Gordon, Karrakup",-32.2543881,116.0746426,9/9/2022,Sept,2022,"Prendergast, K. (2023). DBCA Jarrah Forest Native Bee Report: Gordon. Report produced by Dr Kit Prendergast for the Western Australian Government’s Department of Biodiversity, Conservation and Attractions (DBCA). DBCA, Kensington, WA.",S85B,Prendergast_2023_1,S,1,1,0,1,1,1,Specimens deposited in WAM,NA
Bossiaea,pulchella,Bossiaea pulchella,Fabaceae,Leioproctus (Leioproctus) rubellus,Leioproctus,Leioproctus,rubellus,Colletidae,Neopasiphaeinae,NA,Insecta,Hymenoptera,3,WA,"Gordon, Karrakup",-32.2543881,116.0746426,9/9/2022,Sept,2022,"Prendergast, K. (2023). DBCA Jarrah Forest Native Bee Report: Gordon. Report produced by Dr Kit Prendergast for the Western Australian Government’s Department of Biodiversity, Conservation and Attractions (DBCA). DBCA, Kensington, WA.",S85B,Prendergast_2023_1,S,1,1,0,1,1,1,Specimens deposited in WAM,NA
Corymbia,calophylla,Corymbia calophylla,Myrtaceae,Amegilla (Notomegilla) chlorocyanea,Amegilla,Notomegilla,chlorocyanea,Apidae,Apinae,NA,Insecta,Hymenoptera,2,WA,"Gordon, Karrakup",-32.2543881,116.0746426,9/2/2023,Feb,2023,"Prendergast, K. (2023). DBCA Jarrah Forest Native Bee Report: Gordon. Report produced by Dr Kit Prendergast for the Western Australian Government’s Department of Biodiversity, Conservation and Attractions (DBCA). DBCA, Kensington, WA.",S85B,Prendergast_2023_1,S,1,1,0,1,1,1,Specimens deposited in WAM,NA
Corymbia,calophylla,Corymbia calophylla,Myrtaceae,Amegilla (Asaropoda) preissi,Amegilla,Asaropoda,preissi,Apidae,Apinae,NA,Insecta,Hymenoptera,1,WA,"Gordon, Karrakup",-32.2543881,116.0746426,27/3/2023,March,2023,"Prendergast, K. (2023). DBCA Jarrah Forest Native Bee Report: Gordon. Report produced by Dr Kit Prendergast for the Western Australian Government’s Department of Biodiversity, Conservation and Attractions (DBCA). DBCA, Kensington, WA.",S85B,Prendergast_2023_1,S,1,1,0,1,1,1,Specimens deposited in WAM,NA
Corymbia,calophylla,Corymbia calophylla,Myrtaceae,Exoneura cf. laeta,Exoneura,NA,cf. laeta,Apidae,Xylocopinae,NA,Insecta,Hymenoptera,2,WA,"Gordon, Karrakup",-32.2543881,116.0746426,9/2/2023,Feb,2023,"Prendergast, K. (2023). DBCA Jarrah Forest Native Bee Report: Gordon. Report produced by Dr Kit Prendergast for the Western Australian Government’s Department of Biodiversity, Conservation and Attractions (DBCA). DBCA, Kensington, WA.",S85B,Prendergast_2023_1,S,1,1,0,1,1,1,Specimens deposited in WAM,NA
Corymbia,calophylla,Corymbia calophylla,Myrtaceae,Exoneura (Brevineura) minutissima,Exoneura,Brevineura,minutissima,Apidae,Xylocopinae,NA,Insecta,Hymenoptera,1,WA,"Gordon, Karrakup",-32.2543881,116.0746426,9/2/2023,Feb,2023,"Prendergast, K. (2023). DBCA Jarrah Forest Native Bee Report: Gordon. Report produced by Dr Kit Prendergast for the Western Australian Government’s Department of Biodiversity, Conservation and Attractions (DBCA). DBCA, Kensington, WA.",S85B,Prendergast_2023_1,S,1,1,0,1,1,1,Specimens deposited in WAM,NA
Corymbia,calophylla,Corymbia calophylla,Myrtaceae,"Exoneura ""DBCA_4""",Exoneura,NA,"""DBCA_4""",Apidae,Xylocopinae,NA,Insecta,Hymenoptera,3,WA,"Gordon, Karrakup",-32.2543881,116.0746426,9/2/2023,Feb,2023,"Prendergast, K. (2023). DBCA Jarrah Forest Native Bee Report: Gordon. Report produced by Dr Kit Prendergast for the Western Australian Government’s Department of Biodiversity, Conservation and Attractions (DBCA). DBCA, Kensington, WA.",S85B,Prendergast_2023_1,S,1,1,0,1,1,1,Specimens deposited in WAM,NA
Corymbia,calophylla,Corymbia calophylla,Myrtaceae,"Exoneura ""DBCA_6""",Exoneura,NA,"""DBCA_6""",Apidae,Xylocopinae,NA,Insecta,Hymenoptera,3,WA,"Gordon, Karrakup",-32.2543881,116.0746426,9/2/2023,Feb,2023,"Prendergast, K. (2023). DBCA Jarrah Forest Native Bee Report: Gordon. Report produced by Dr Kit Prendergast for the Western Australian Government’s Department of Biodiversity, Conservation and Attractions (DBCA). DBCA, Kensington, WA.",S85B,Prendergast_2023_1,S,1,1,0,1,1,1,Specimens deposited in WAM,NA
Corymbia,calophylla,Corymbia calophylla,Myrtaceae,Hylaeus (Euprosopoides) ruficeps kalamundae,Hylaeus,Euprosopoides,ruficeps kalamundae,Colletidae,Hylaeinae,NA,Insecta,Hymenoptera,3,WA,"Gordon, Karrakup",-32.2543881,116.0746426,9/2/2023,Feb,2023,"Prendergast, K. (2023). DBCA Jarrah Forest Native Bee Report: Gordon. Report produced by Dr Kit Prendergast for the Western Australian Government’s Department of Biodiversity, Conservation and Attractions (DBCA). DBCA, Kensington, WA.",S85B,Prendergast_2023_1,S,1,1,0,1,1,1,Specimens deposited in WAM,NA
Corymbia,calophylla,Corymbia calophylla,Myrtaceae,Hylaeus (Prosopisteron) sanguinipictus,Hylaeus,Prosopisteron,sanguinipictus,Colletidae,Hylaeinae,NA,Insecta,Hymenoptera,1,WA,"Gordon, Karrakup",-32.2543881,116.0746426,9/2/2023,Feb,2023,"Prendergast, K. (2023). DBCA Jarrah Forest Native Bee Report: Gordon. Report produced by Dr Kit Prendergast for the Western Australian Government’s Department of Biodiversity, Conservation and Attractions (DBCA). DBCA, Kensington, WA.",S85B,Prendergast_2023_1,S,1,1,0,1,1,1,Specimens deposited in WAM,NA
Corymbia,calophylla,Corymbia calophylla,Myrtaceae,Hylaeus (Rhodohylaeus) proximus,Hylaeus,Rhodohylaeus,proximus,Colletidae,Hylaeinae,NA,Insecta,Hymenoptera,4,WA,"Gordon, Karrakup",-32.2543881,116.0746426,9/2/2023,Feb,2023,"Prendergast, K. (2023). DBCA Jarrah Forest Native Bee Report: Gordon. Report produced by Dr Kit Prendergast for the Western Australian Government’s Department of Biodiversity, Conservation and Attractions (DBCA). DBCA, Kensington, WA.",S85B,Prendergast_2023_1,S,1,1,0,1,1,1,Specimens deposited in WAM,NA
Corymbia,calophylla,Corymbia calophylla,Myrtaceae,Hylaeus (Euprosopoides) ruficeps kalamundae,Hylaeus,Euprosopoides,ruficeps kalamundae,Colletidae,Hylaeinae,NA,Insecta,Hymenoptera,3,WA,"Gordon, Karrakup",-32.2543881,116.0746426,27/3/2023,March,2023,"Prendergast, K. (2023). DBCA Jarrah Forest Native Bee Report: Gordon. Report produced by Dr Kit Prendergast for the Western Australian Government’s Department of Biodiversity, Conservation and Attractions (DBCA). DBCA, Kensington, WA.",S85B,Prendergast_2023_1,S,1,1,0,1,1,1,Specimens deposited in WAM,NA
Corymbia,calophylla,Corymbia calophylla,Myrtaceae,"Hyphesma cardaleae 
",Hyphesma,NA,cardaleae,Colletidae,Euryglossinae,NA,Insecta,Hymenoptera,1,WA,"Gordon, Karrakup",-32.2543881,116.0746426,9/2/2023,Feb,2023,"Prendergast, K. (2023). DBCA Jarrah Forest Native Bee Report: Gordon. Report produced by Dr Kit Prendergast for the Western Australian Government’s Department of Biodiversity, Conservation and Attractions (DBCA). DBCA, Kensington, WA.",S85B,Prendergast_2023_1,S,1,1,0,1,1,1,Specimens deposited in WAM,NA
Corymbia,calophylla,Corymbia calophylla,Myrtaceae,Lasioglossum (Chilalictus) ?hemichalceum macrocephalic,Lasioglossum,Chilalictus,macrocephalic,Halictidae,Halictinae,NA,Insecta,Hymenoptera,1,WA,"Gordon, Karrakup",-32.2543881,116.0746426,9/2/2023,Feb,2023,"Prendergast, K. (2023). DBCA Jarrah Forest Native Bee Report: Gordon. Report produced by Dr Kit Prendergast for the Western Australian Government’s Department of Biodiversity, Conservation and Attractions (DBCA). DBCA, Kensington, WA.",S85B,Prendergast_2023_1,S,1,1,0,1,1,1,Specimens deposited in WAM,NA
Corymbia,calophylla,Corymbia calophylla,Myrtaceae,Lasioglossum (Chilalictus) ?ptyon,Lasioglossum,Chilalictus,?ptyon,Halictidae,Halictinae,NA,Insecta,Hymenoptera,2,WA,"Gordon, Karrakup",-32.2543881,116.0746426,9/2/2023,Feb,2023,"Prendergast, K. (2023). DBCA Jarrah Forest Native Bee Report: Gordon. Report produced by Dr Kit Prendergast for the Western Australian Government’s Department of Biodiversity, Conservation and Attractions (DBCA). DBCA, Kensington, WA.",S85B,Prendergast_2023_1,S,1,1,0,1,1,1,Specimens deposited in WAM,NA
Corymbia,calophylla,Corymbia calophylla,Myrtaceae,Lasioglossum (Chilalictus) hemichalceum,Lasioglossum,Chilalictus,hemichalceum,Halictidae,Halictinae,NA,Insecta,Hymenoptera,3,WA,"Gordon, Karrakup",-32.2543881,116.0746426,9/2/2023,Feb,2023,"Prendergast, K. (2023). DBCA Jarrah Forest Native Bee Report: Gordon. Report produced by Dr Kit Prendergast for the Western Australian Government’s Department of Biodiversity, Conservation and Attractions (DBCA). DBCA, Kensington, WA.",S85B,Prendergast_2023_1,S,1,1,0,1,1,1,Specimens deposited in WAM,NA
Corymbia,calophylla,Corymbia calophylla,Myrtaceae,Lasioglossum (Parasphecodes) hiltacum,Lasioglossum,Parasphecodes,hiltacum,Halictidae,Halictinae,NA,Insecta,Hymenoptera,1,WA,"Gordon, Karrakup",-32.2543881,116.0746426,27/3/2023,March,2023,"Prendergast, K. (2023). DBCA Jarrah Forest Native Bee Report: Gordon. Report produced by Dr Kit Prendergast for the Western Australian Government’s Department of Biodiversity, Conservation and Attractions (DBCA). DBCA, Kensington, WA.",S85B,Prendergast_2023_1,S,1,1,0,1,1,1,Specimens deposited in WAM,NA
Corymbia,calophylla,Corymbia calophylla,Myrtaceae,Megachile (Eutricharaea) chrysopyga,Megachile,Eutricharaea,chrysopyga,Megachilidae,Megachilinae,NA,Insecta,Hymenoptera,3,WA,"Gordon, Karrakup",-32.2543881,116.0746426,9/2/2023,Feb,2023,"Prendergast, K. (2023). DBCA Jarrah Forest Native Bee Report: Gordon. Report produced by Dr Kit Prendergast for the Western Australian Government’s Department of Biodiversity, Conservation and Attractions (DBCA). DBCA, Kensington, WA.",S85B,Prendergast_2023_1,S,1,1,0,1,1,1,Specimens deposited in WAM,NA
Corymbia,calophylla,Corymbia calophylla,Myrtaceae,Megachile (Hackeriapis) oblonga,Megachile,Hackeriapis,oblonga,Megachilidae,Megachilinae,NA,Insecta,Hymenoptera,6,WA,"Gordon, Karrakup",-32.2543881,116.0746426,9/2/2023,Feb,2023,"Prendergast, K. (2023). DBCA Jarrah Forest Native Bee Report: Gordon. Report produced by Dr Kit Prendergast for the Western Australian Government’s Department of Biodiversity, Conservation and Attractions (DBCA). DBCA, Kensington, WA.",S85B,Prendergast_2023_1,S,1,1,0,1,1,1,Specimens deposited in WAM,NA
Eucalyptus,camaldulensis,Eucalyptus camaldulensis,Myrtaceae,"Exoneura ""reverseT""",Exoneura,NA,"""reverseT""",Apidae,Xylocopinae,NA,Insecta,Hymenoptera,1,WA,"Gordon, Karrakup",-32.2543881,116.0746426,22/12/2023,March,2023,"Prendergast, K. (2023). DBCA Jarrah Forest Native Bee Report: Gordon. Report produced by Dr Kit Prendergast for the Western Australian Government’s Department of Biodiversity, Conservation and Attractions (DBCA). DBCA, Kensington, WA.",S85B,Prendergast_2023_1,S,1,1,0,1,1,1,Specimens deposited in WAM,NA
Eucalyptus,camaldulensis,Eucalyptus camaldulensis,Myrtaceae,Exoneura cf. laeta,Exoneura,NA,cf. laeta,Apidae,Xylocopinae,NA,Insecta,Hymenoptera,1,WA,"Gordon, Karrakup",-32.2543881,116.0746426,22/12/2023,March,2023,"Prendergast, K. (2023). DBCA Jarrah Forest Native Bee Report: Gordon. Report produced by Dr Kit Prendergast for the Western Australian Government’s Department of Biodiversity, Conservation and Attractions (DBCA). DBCA, Kensington, WA.",S85B,Prendergast_2023_1,S,1,1,0,1,1,1,Specimens deposited in WAM,NA
Eucalyptus,camaldulensis,Eucalyptus camaldulensis,Myrtaceae,Exoneura ?pictifrons,Exoneura,NA,?pictifrons,Apidae,Xylocopinae,NA,Insecta,Hymenoptera,1,WA,"Gordon, Karrakup",-32.2543881,116.0746426,22/12/2023,March,2023,"Prendergast, K. (2023). DBCA Jarrah Forest Native Bee Report: Gordon. Report produced by Dr Kit Prendergast for the Western Australian Government’s Department of Biodiversity, Conservation and Attractions (DBCA). DBCA, Kensington, WA.",S85B,Prendergast_2023_1,S,1,1,0,1,1,1,Specimens deposited in WAM,NA
Eucalyptus,camaldulensis,Eucalyptus camaldulensis,Myrtaceae,Hylaeus (Prosopisteron) aralis,Hylaeus,Prosopisteron,aralis,Colletidae,Hylaeinae,NA,Insecta,Hymenoptera,1,WA,"Gordon, Karrakup",-32.2543881,116.0746426,22/12/2023,March,2023,"Prendergast, K. (2023). DBCA Jarrah Forest Native Bee Report: Gordon. Report produced by Dr Kit Prendergast for the Western Australian Government’s Department of Biodiversity, Conservation and Attractions (DBCA). DBCA, Kensington, WA.",S85B,Prendergast_2023_1,S,1,1,0,1,1,1,Specimens deposited in WAM,NA
Eucalyptus,camaldulensis,Eucalyptus camaldulensis,Myrtaceae,Hyphesma atromicans,Hyphesma,NA,atromicans,Colletidae,Euryglossinae,NA,Insecta,Hymenoptera,5,WA,"Gordon, Karrakup",-32.2543881,116.0746426,22/12/2023,March,2023,"Prendergast, K. (2023). DBCA Jarrah Forest Native Bee Report: Gordon. Report produced by Dr Kit Prendergast for the Western Australian Government’s Department of Biodiversity, Conservation and Attractions (DBCA). DBCA, Kensington, WA.",S85B,Prendergast_2023_1,S,1,1,0,1,1,1,Specimens deposited in WAM,NA
Eucalyptus,camaldulensis,Eucalyptus camaldulensis,Myrtaceae,Megachile (Hackeriapis) tosticauda species-group,Megachile,Hackeriapis,tosticauda species-group,Megachilidae,Megachilinae,NA,Insecta,Hymenoptera,2,WA,"Gordon, Karrakup",-32.2543881,116.0746426,22/12/2023,March,2023,"Prendergast, K. (2023). DBCA Jarrah Forest Native Bee Report: Gordon. Report produced by Dr Kit Prendergast for the Western Australian Government’s Department of Biodiversity, Conservation and Attractions (DBCA). DBCA, Kensington, WA.",S85B,Prendergast_2023_1,S,1,1,0,1,1,1,Specimens deposited in WAM,NA
Hibbertia,hypericoides,Hibbertia hypericoides,Dilleniaceae,Lasioglossum (Chilalictus) cf. hemichalceum,Lasioglossum,Chilalictus,cf. hemichalceum,Halictidae,Halictinae,NA,Insecta,Hymenoptera,1,WA,"Gordon, Karrakup",-32.2543881,116.0746426,2/10/2023,March,2023,"Prendergast, K. (2023). DBCA Jarrah Forest Native Bee Report: Gordon. Report produced by Dr Kit Prendergast for the Western Australian Government’s Department of Biodiversity, Conservation and Attractions (DBCA). DBCA, Kensington, WA.",S85B,Prendergast_2023_1,S,1,1,0,1,1,1,Specimens deposited in WAM,NA
Hibbertia,hypericoides,Hibbertia hypericoides,Dilleniaceae,Lasioglossum (Homalictus) urbanum,Lasioglossum,Homalictus,urbanum,Halictidae,Halictinae,NA,Insecta,Hymenoptera,1,WA,"Gordon, Karrakup",-32.2543881,116.0746426,2/10/2023,March,2023,"Prendergast, K. (2023). DBCA Jarrah Forest Native Bee Report: Gordon. Report produced by Dr Kit Prendergast for the Western Australian Government’s Department of Biodiversity, Conservation and Attractions (DBCA). DBCA, Kensington, WA.",S85B,Prendergast_2023_1,S,1,1,0,1,1,1,Specimens deposited in WAM,NA
Hypocalymma,angustifolium,Hypocalymma angustifolium,Myrtaceae,Lasioglossum (Homalictus) brisbanensis,Lasioglossum,Homalictus,brisbanensis,Halictidae,Halictinae,NA,Insecta,Hymenoptera,1,WA,"Gordon, Karrakup",-32.2543881,116.0746426,9/9/2022,Sept,2022,"Prendergast, K. (2023). DBCA Jarrah Forest Native Bee Report: Gordon. Report produced by Dr Kit Prendergast for the Western Australian Government’s Department of Biodiversity, Conservation and Attractions (DBCA). DBCA, Kensington, WA.",S85B,Prendergast_2023_1,S,1,1,0,1,1,1,Specimens deposited in WAM,NA
Kunzea,baxteri,Kunzea baxteri,Myrtaceae,Lasioglossum (Parasphecodes) hiltacum,Lasioglossum,Parasphecodes,hiltacum,Halictidae,Halictinae,NA,Insecta,Hymenoptera,1,WA,"Gordon, Karrakup",-32.2543881,116.0746426,9/9/2022,Sept,2022,"Prendergast, K. (2023). DBCA Jarrah Forest Native Bee Report: Gordon. Report produced by Dr Kit Prendergast for the Western Australian Government’s Department of Biodiversity, Conservation and Attractions (DBCA). DBCA, Kensington, WA.",S85B,Prendergast_2023_1,S,1,1,0,1,1,1,Specimens deposited in WAM,NA
Kunzea,baxteri,Kunzea baxteri,Myrtaceae,Thynnidae sp.,NA,NA,NA,Thynnidae,NA,NA,Insecta,Hymenoptera,2,WA,"Gordon, Karrakup",-32.2543881,116.0746426,9/9/2022,Sept,2022,"Prendergast, K. (2023). DBCA Jarrah Forest Native Bee Report: Gordon. Report produced by Dr Kit Prendergast for the Western Australian Government’s Department of Biodiversity, Conservation and Attractions (DBCA). DBCA, Kensington, WA.",S85B,Prendergast_2023_1,S,1,1,0,1,1,1,Specimens deposited in WAM,NA
Kunzea,recurva,Kunzea recurva,Myrtaceae,Lasioglossum (Chilalictus) brochum,Lasioglossum,Chilalictus,brochum,Halictidae,Halictinae,NA,Insecta,Hymenoptera,1,WA,"Gordon, Karrakup",-32.2543881,116.0746426,3/10/2022,Oct,2022,"Prendergast, K. (2023). DBCA Jarrah Forest Native Bee Report: Gordon. Report produced by Dr Kit Prendergast for the Western Australian Government’s Department of Biodiversity, Conservation and Attractions (DBCA). DBCA, Kensington, WA.",S85B,Prendergast_2023_1,S,1,1,0,1,1,1,Specimens deposited in WAM,NA
Lasiopetalum,floribundum,Lasiopetalum floribundum,Malvaceae,"Leioproctus (Zosterocolletes?) ""DBCAPerthHills_2""",Leioproctus,Zosterocolletes?,"""Zosterocolletes_DBCAPerthHills_2""",Colletidae,Neopasiphaeinae,NA,Insecta,Hymenoptera,1,WA,"Gordon, Karrakup",-32.2543881,116.0746426,2/11/2022,Nov,2022,"Prendergast, K. (2023). DBCA Jarrah Forest Native Bee Report: Gordon. Report produced by Dr Kit Prendergast for the Western Australian Government’s Department of Biodiversity, Conservation and Attractions (DBCA). DBCA, Kensington, WA.",S85B,Prendergast_2023_1,S,1,1,0,1,1,1,Specimens deposited in WAM,NA
Melaleuca,fulgens,Melaleuca fulgens,Myrtaceae,Euryglossina (Euryglossina) hypochroma,Euryglossina,Euryglossina,hypochroma,Colletidae,Euryglossinae,NA,Insecta,Hymenoptera,1,WA,"Gordon, Karrakup",-32.2543881,116.0746426,2/11/2022,Nov,2022,"Prendergast, K. (2023). DBCA Jarrah Forest Native Bee Report: Gordon. Report produced by Dr Kit Prendergast for the Western Australian Government’s Department of Biodiversity, Conservation and Attractions (DBCA). DBCA, Kensington, WA.",S85B,Prendergast_2023_1,S,1,1,0,1,1,1,Specimens deposited in WAM,NA
Melaleuca,fulgens,Melaleuca fulgens,Myrtaceae,Euryglossina (Euryglossina) perpusilla,Euryglossina,Euryglossina,perpusilla,Colletidae,Euryglossinae,NA,Insecta,Hymenoptera,1,WA,"Gordon, Karrakup",-32.2543881,116.0746426,2/11/2022,Nov,2022,"Prendergast, K. (2023). DBCA Jarrah Forest Native Bee Report: Gordon. Report produced by Dr Kit Prendergast for the Western Australian Government’s Department of Biodiversity, Conservation and Attractions (DBCA). DBCA, Kensington, WA.",S85B,Prendergast_2023_1,S,1,1,0,1,1,1,Specimens deposited in WAM,NA
Melaleuca,fulgens,Melaleuca fulgens,Myrtaceae,Exoneura ?pictifrons,Exoneura,NA,?pictifrons,Apidae,Xylocopinae,NA,Insecta,Hymenoptera,3,WA,"Gordon, Karrakup",-32.2543881,116.0746426,2/11/2022,Nov,2022,"Prendergast, K. (2023). DBCA Jarrah Forest Native Bee Report: Gordon. Report produced by Dr Kit Prendergast for the Western Australian Government’s Department of Biodiversity, Conservation and Attractions (DBCA). DBCA, Kensington, WA.",S85B,Prendergast_2023_1,S,1,1,0,1,1,1,Specimens deposited in WAM,NA
Melaleuca,fulgens,Melaleuca fulgens,Myrtaceae,"Exoneura ""DBCA_4""",Exoneura,NA,"""DBCA_4""",Apidae,Xylocopinae,NA,Insecta,Hymenoptera,1,WA,"Gordon, Karrakup",-32.2543881,116.0746426,2/11/2022,Nov,2022,"Prendergast, K. (2023). DBCA Jarrah Forest Native Bee Report: Gordon. Report produced by Dr Kit Prendergast for the Western Australian Government’s Department of Biodiversity, Conservation and Attractions (DBCA). DBCA, Kensington, WA.",S85B,Prendergast_2023_1,S,1,1,0,1,1,1,Specimens deposited in WAM,NA
Melaleuca,fulgens,Melaleuca fulgens,Myrtaceae,"Hylaeus (Prosopisteron) ""breviscapatus""",Hylaeus,Prosopisteron,"""breviscapatas""",Colletidae,Hylaeinae,NA,Insecta,Hymenoptera,2,WA,"Gordon, Karrakup",-32.2543881,116.0746426,2/11/2022,Nov,2022,"Prendergast, K. (2023). DBCA Jarrah Forest Native Bee Report: Gordon. Report produced by Dr Kit Prendergast for the Western Australian Government’s Department of Biodiversity, Conservation and Attractions (DBCA). DBCA, Kensington, WA.",S85B,Prendergast_2023_1,S,1,1,0,1,1,1,Specimens deposited in WAM,NA
Melaleuca,fulgens,Melaleuca fulgens,Myrtaceae,"Hylaeus (Prosopisteron) ""latifacies""",Hylaeus,Prosopisteron,"""latifacies""",Colletidae,Hylaeinae,NA,Insecta,Hymenoptera,5,WA,"Gordon, Karrakup",-32.2543881,116.0746426,2/11/2022,Nov,2022,"Prendergast, K. (2023). DBCA Jarrah Forest Native Bee Report: Gordon. Report produced by Dr Kit Prendergast for the Western Australian Government’s Department of Biodiversity, Conservation and Attractions (DBCA). DBCA, Kensington, WA.",S85B,Prendergast_2023_1,S,1,1,0,1,1,1,Specimens deposited in WAM,NA
Melaleuca,fulgens,Melaleuca fulgens,Myrtaceae,Hylaeus (Prosopisteron) sanguinipictus,Hylaeus,Prosopisteron,sanguinipictus,Colletidae,Hylaeinae,NA,Insecta,Hymenoptera,1,WA,"Gordon, Karrakup",-32.2543881,116.0746426,2/11/2022,Nov,2022,"Prendergast, K. (2023). DBCA Jarrah Forest Native Bee Report: Gordon. Report produced by Dr Kit Prendergast for the Western Australian Government’s Department of Biodiversity, Conservation and Attractions (DBCA). DBCA, Kensington, WA.",S85B,Prendergast_2023_1,S,1,1,0,1,1,1,Specimens deposited in WAM,NA
Melaleuca,fulgens,Melaleuca fulgens,Myrtaceae,"Leioproctus ""DBCAPerthHills_2""",Leioproctus,NA,"""DBCAPerthHills_2""",Colletidae,Neopasiphaeinae,NA,Insecta,Hymenoptera,1,WA,"Gordon, Karrakup",-32.2543881,116.0746426,2/11/2022,Nov,2022,"Prendergast, K. (2023). DBCA Jarrah Forest Native Bee Report: Gordon. Report produced by Dr Kit Prendergast for the Western Australian Government’s Department of Biodiversity, Conservation and Attractions (DBCA). DBCA, Kensington, WA.",S85B,Prendergast_2023_1,S,1,1,0,1,1,1,Specimens deposited in WAM,NA
Mirebelia,dilatata,Mirebelia dilatata,Fabaceae,"Exoneura ""DBCA_4""",Exoneura,NA,"""DBCA_4""",Apidae,Xylocopinae,NA,Insecta,Hymenoptera,1,WA,"Gordon, Karrakup",-32.2543881,116.0746426,4/12/2022,Dec,2022,"Prendergast, K. (2023). DBCA Jarrah Forest Native Bee Report: Gordon. Report produced by Dr Kit Prendergast for the Western Australian Government’s Department of Biodiversity, Conservation and Attractions (DBCA). DBCA, Kensington, WA.",S85B,Prendergast_2023_1,S,1,1,0,1,1,1,Specimens deposited in WAM,NA
Stylidium,hispidum,Stylidium hispidum,Stylidiaceae,Leioproctus (Colletellus) velutinellus,Leioproctus,Colletellus,velutinellus,Colletidae,Neopasiphaeinae,NA,Insecta,Hymenoptera,1,WA,"Gordon, Karrakup",-32.2543881,116.0746426,2/11/2022,Nov,2022,"Prendergast, K. (2023). DBCA Jarrah Forest Native Bee Report: Gordon. Report produced by Dr Kit Prendergast for the Western Australian Government’s Department of Biodiversity, Conservation and Attractions (DBCA). DBCA, Kensington, WA.",S85B,Prendergast_2023_1,S,1,1,0,1,1,1,Specimens deposited in WAM,NA
Viminaria,juncea,Viminaria juncea,Fabaceae,Exoneura cf. laeta,Exoneura,NA,cf. laeta,Apidae,Xylocopinae,NA,Insecta,Hymenoptera,1,WA,"Gordon, Karrakup",-32.2543881,116.0746426,4/12/2022,Dec,2022,"Prendergast, K. (2023). DBCA Jarrah Forest Native Bee Report: Gordon. Report produced by Dr Kit Prendergast for the Western Australian Government’s Department of Biodiversity, Conservation and Attractions (DBCA). DBCA, Kensington, WA.",S85B,Prendergast_2023_1,S,1,1,0,1,1,1,Specimens deposited in WAM,NA
Hemiandra,pungens,Hemiandra pungens,Lamiaceae,Amegilla (Notomegilla) chlorocyanea,Amegilla,Notomegilla,chlorocyanea,Apidae,Apinae,NA,Insecta,Hymenoptera,10,WA,Anketell,-32.208149,115.835897,27/11/2023,Nov,2023,"Prendergast, K. (2024). Anketell Road Upgrade (Leith Road to Kwinana Freeway) Project: Native Bee Surveys. Biota Consulting,West Perth, WA",S98,Prendergast_2024_2,S,1,1,0,1,1,1,Specimens ID'd by Dr Kit Prendergast. Deposited at WAM.,NA
Hibbertia,scandens,Hibbertia scandens,Dilleniaceae,Amegilla (Notomegilla) chlorocyanea,Amegilla,Notomegilla,chlorocyanea,Apidae,Apinae,NA,Insecta,Hymenoptera,10,WA,John Connell Reserve,-32.0820589,115.8697842,27/11/2024,Nov,2024,"Prendergast, K. (2024). The Biodiversity of Native Bees at City of Melville Greenspaces, November 2024: Survey and Report by Dr Kit Prendergast (the Bee Babette) prepared for the City of Melville. City of Melveille, Winthrop, Western Australia.",S99,Prendergast_2024_3,S,1,0,1,1,1,1,Specimens deposited in WAM,NA
Jacksonia,sternbergiana,Jacksonia sternbergiana,Fabaceae,Amegilla (Notomegilla) chlorocyanea,Amegilla,Notomegilla,chlorocyanea,Apidae,Apinae,NA,Insecta,Hymenoptera,1,WA,Piney Lakes,-32.0484859,115.8315751,25/11/2024,Nov,2024,"Prendergast, K. (2024). The Biodiversity of Native Bees at City of Melville Greenspaces, November 2024: Survey and Report by Dr Kit Prendergast (the Bee Babette) prepared for the City of Melville. City of Melveille, Winthrop, Western Australia.",S99,Prendergast_2024_3,S,1,1,0,1,1,1,Specimens deposited in WAM,NA
Hibbertia,obtusifolia,Hibbertia obtusifolia,Dilleniaceae,Amegilla (Notomegilla) chlorocyanea,Amegilla,Notomegilla,chlorocyanea,Apidae,Apinae,NA,Insecta,Hymenoptera,2,WA,Piney Lakes,-32.0484859,115.8315751,25/11/2024,Nov,2024,"Prendergast, K. (2024). The Biodiversity of Native Bees at City of Melville Greenspaces, November 2024: Survey and Report by Dr Kit Prendergast (the Bee Babette) prepared for the City of Melville. City of Melveille, Winthrop, Western Australia.",S99,Prendergast_2024_3,S,1,1,1,1,1,1,Specimens deposited in WAM; Images: https://www.instagram.com/reel/DCx6yKqTOwh/?hl=en,NA
Dasypogon,bromeliifolius,Dasypogon bromeliifolius,Dasypogonaceae,Coelioxys froggatti,Coelioxys,NA,frogatti,Megachilidae,Megachilinae,NA,Insecta,Hymenoptera,1,WA,Ron Carroll Reserve,-32.0528152,115.858461,26/11/2024,Nov,2024,"Prendergast, K. (2024). The Biodiversity of Native Bees at City of Melville Greenspaces, November 2024: Survey and Report by Dr Kit Prendergast (the Bee Babette) prepared for the City of Melville. City of Melveille, Winthrop, Western Australia.",S99,Prendergast_2024_3,S,1,1,0,1,1,1,Specimens deposited in WAM,NA
Jacksonia,furcellata,Jacksonia furcellata,Fabaceae,"Euhesma ""jacksonia""",Euhesma,NA,"""jacksonia""",Colletidae,Euryglossinae,NA,Insecta,Hymenoptera,1,WA,Piney Lakes,-32.0484859,115.8315751,25/11/2024,Nov,2024,"Prendergast, K. (2024). The Biodiversity of Native Bees at City of Melville Greenspaces, November 2024: Survey and Report by Dr Kit Prendergast (the Bee Babette) prepared for the City of Melville. City of Melveille, Winthrop, Western Australia.",S99,Prendergast_2024_3,S,1,1,0,1,1,1,Specimens deposited in WAM,NA
Jacksonia,furcellata,Jacksonia furcellata,Fabaceae,"Euhesma ""jacksonia""",Euhesma,NA,"""jacksonia""",Colletidae,Euryglossinae,NA,Insecta,Hymenoptera,1,WA,Wireless Hill,-32.03102,115.828159,14/11/2024,Nov,2024,"Prendergast, K. (2024). The Biodiversity of Native Bees at City of Melville Greenspaces, November 2024: Survey and Report by Dr Kit Prendergast (the Bee Babette) prepared for the City of Melville. City of Melveille, Winthrop, Western Australia.",S99,Prendergast_2024_3,S,1,1,0,1,1,1,Specimens deposited in WAM,NA
Jacksonia,sternbergiana,Jacksonia sternbergiana,Fabaceae,"Euhesma ""jacksonia""",Euhesma,NA,"""jacksonia""",Colletidae,Euryglossinae,NA,Insecta,Hymenoptera,7,WA,Wireless Hill,-32.03102,115.828159,14/11/2024,Nov,2024,"Prendergast, K. (2024). The Biodiversity of Native Bees at City of Melville Greenspaces, November 2024: Survey and Report by Dr Kit Prendergast (the Bee Babette) prepared for the City of Melville. City of Melveille, Winthrop, Western Australia.",S99,Prendergast_2024_3,S,1,1,0,1,1,1,Specimens deposited in WAM,NA
Jacksonia,sternbergiana,Jacksonia sternbergiana,Fabaceae,"Euhesma ""jaffajacksonia""",Euhesma,NA,"""jaffajackosnia""",Colletidae,Euryglossinae,NA,Insecta,Hymenoptera,1,WA,Blackwall Reach Reserve,-32.020664,115.7811657,8/11/2024,Nov,2024,"Prendergast, K. (2024). The Biodiversity of Native Bees at City of Melville Greenspaces, November 2024: Survey and Report by Dr Kit Prendergast (the Bee Babette) prepared for the City of Melville. City of Melveille, Winthrop, Western Australia.",S99,Prendergast_2024_3,S,1,1,0,1,1,1,Specimens deposited in WAM,NA
Jacksonia,sternbergiana,Jacksonia sternbergiana,Fabaceae,"Euhesma ""jaffajacksonia""",Euhesma,NA,"""jaffajacksonia""",Colletidae,Euryglossinae,NA,Insecta,Hymenoptera,3,WA,Piney Lakes,-32.0484859,115.8315751,25/11/2024,Nov,2024,"Prendergast, K. (2024). The Biodiversity of Native Bees at City of Melville Greenspaces, November 2024: Survey and Report by Dr Kit Prendergast (the Bee Babette) prepared for the City of Melville. City of Melveille, Winthrop, Western Australia.",S99,Prendergast_2024_3,S,1,1,0,1,1,1,Specimens deposited in WAM,NA
Jacksonia,sternbergiana,Jacksonia sternbergiana,Fabaceae,"Euhesma ""jaffajacksonia""",Euhesma,NA,"""jaffajacksonia""",Colletidae,Euryglossinae,NA,Insecta,Hymenoptera,1,WA,Wireless Hill,-32.03102,115.828159,14/11/2024,Nov,2024,"Prendergast, K. (2024). The Biodiversity of Native Bees at City of Melville Greenspaces, November 2024: Survey and Report by Dr Kit Prendergast (the Bee Babette) prepared for the City of Melville. City of Melveille, Winthrop, Western Australia.",S99,Prendergast_2024_3,S,1,1,0,1,1,1,Specimens deposited in WAM,NA
Banksia,attenuata,Banksia attenuata,Proteaceae,"Euryglossina ""banksia""",Euryglossina,NA,"""banksia""",Colletidae,Euryglossinae,NA,Insecta,Hymenoptera,1,WA,Ken Hurst,-32.080353,115.8854463,5/12/2024,Dec,2024,"Prendergast, K. (2024). The Biodiversity of Native Bees at City of Melville Greenspaces, November 2024: Survey and Report by Dr Kit Prendergast (the Bee Babette) prepared for the City of Melville. City of Melveille, Winthrop, Western Australia.",S99,Prendergast_2024_3,S,1,1,0,1,1,1,Specimens deposited in WAM,NA
Melaleuca,preissiana,Melaleuca preissiana,Myrtaceae,Euryglossina (Euryglossina) narifera,Euryglossina,Euryglossina,narifera,Colletidae,Euryglossinae,NA,Insecta,Hymenoptera,1,WA,Ken Hurst,-32.080353,115.8854463,5/12/2024,Dec,2024,"Prendergast, K. (2024). The Biodiversity of Native Bees at City of Melville Greenspaces, November 2024: Survey and Report by Dr Kit Prendergast (the Bee Babette) prepared for the City of Melville. City of Melveille, Winthrop, Western Australia.",S99,Prendergast_2024_3,S,1,1,0,1,1,1,Specimens deposited in WAM,NA
Melaleuca,preissiana,Melaleuca preissiana,Myrtaceae,Euryglossina (Euryglossina) perpusilla,Euryglossina,Euryglossina,perpusilla,Colletidae,Euryglossinae,NA,Insecta,Hymenoptera,5,WA,Ken Hurst,-32.080353,115.8854463,5/12/2024,Dec,2024,"Prendergast, K. (2024). The Biodiversity of Native Bees at City of Melville Greenspaces, November 2024: Survey and Report by Dr Kit Prendergast (the Bee Babette) prepared for the City of Melville. City of Melveille, Winthrop, Western Australia.",S99,Prendergast_2024_3,S,1,1,0,1,1,1,Specimens deposited in WAM,NA
Melaleuca,preissiana,Melaleuca preissiana,Myrtaceae,Euryglossina (Microdontura) mellea,Euryglossina,Microdontura,mellea,Colletidae,Euryglossinae,NA,Insecta,Hymenoptera,25,WA,Ken Hurst,-32.080353,115.8854463,5/12/2024,Dec,2024,"Prendergast, K. (2024). The Biodiversity of Native Bees at City of Melville Greenspaces, November 2024: Survey and Report by Dr Kit Prendergast (the Bee Babette) prepared for the City of Melville. City of Melveille, Winthrop, Western Australia.",S99,Prendergast_2024_3,S,1,1,1,1,1,1,Specimens deposited in WAM; Images: https://www.instagram.com/dr.beebabette/reel/DFAGlteRxkw/,NA
Melaleuca,pilosa,Melaleuca pilosa,Myrtaceae,"Euryglossula ""metallicap""",Euryglossula,NA,"""metallicap""",Colletidae,Euryglossinae,NA,Insecta,Hymenoptera,3,WA,Ken Hurst,-32.080353,115.8854463,5/12/2024,Dec,2024,"Prendergast, K. (2024). The Biodiversity of Native Bees at City of Melville Greenspaces, November 2024: Survey and Report by Dr Kit Prendergast (the Bee Babette) prepared for the City of Melville. City of Melveille, Winthrop, Western Australia.",S99,Prendergast_2024_3,S,1,1,0,1,1,1,Specimens deposited in WAM,NA
Eucalyptus,marginata,Eucalyptus marginata,Myrtaceae,Euryglossula carnarvonensis,Euryglossula,NA,carnarvonensis,Colletidae,Euryglossinae,NA,Insecta,Hymenoptera,2,WA,Wireless Hill,-32.03102,115.828159,14/11/2024,Nov,2024,"Prendergast, K. (2024). The Biodiversity of Native Bees at City of Melville Greenspaces, November 2024: Survey and Report by Dr Kit Prendergast (the Bee Babette) prepared for the City of Melville. City of Melveille, Winthrop, Western Australia.",S99,Prendergast_2024_3,S,1,1,0,1,1,1,Specimens deposited in WAM,NA
Lechenaultia,floribunda,Lechenaultia floribunda,Goodeniaceae,Exoneura (Exoneura) bicolor,Exoneura,Exoneura,bicolor,Apidae,Apinae,NA,Insecta,Hymenoptera,1,WA,Ron Carroll Reserve,-32.0528152,115.858461,26/11/2024,Nov,2024,"Prendergast, K. (2024). The Biodiversity of Native Bees at City of Melville Greenspaces, November 2024: Survey and Report by Dr Kit Prendergast (the Bee Babette) prepared for the City of Melville. City of Melveille, Winthrop, Western Australia.",S99,Prendergast_2024_3,S,1,1,0,1,1,1,Specimens deposited in WAM,NA
Melaleuca,preissiana,Melaleuca preissiana,Myrtaceae,Hylaeus (Euprosopis) violaceus,Hylaeus,Euprosopis,violaceus,Colletidae,Hylaeinae,NA,Insecta,Hymenoptera,1,WA,Ken Hurst,-32.080353,115.8854463,5/12/2024,Dec,2024,"Prendergast, K. (2024). The Biodiversity of Native Bees at City of Melville Greenspaces, November 2024: Survey and Report by Dr Kit Prendergast (the Bee Babette) prepared for the City of Melville. City of Melveille, Winthrop, Western Australia.",S99,Prendergast_2024_3,S,1,1,0,1,1,1,Specimens deposited in WAM,NA
Melaleuca,preissiana,Melaleuca preissiana,Myrtaceae,"Hylaeus (Prosopisteron) ""bicurvatus""",Hylaeus,Prosopisteron,"""bicurvatus""",Colletidae,Hylaeinae,NA,Insecta,Hymenoptera,3,WA,Ken Hurst,-32.080353,115.8854463,5/12/2024,Dec,2024,"Prendergast, K. (2024). The Biodiversity of Native Bees at City of Melville Greenspaces, November 2024: Survey and Report by Dr Kit Prendergast (the Bee Babette) prepared for the City of Melville. City of Melveille, Winthrop, Western Australia.",S99,Prendergast_2024_3,S,1,1,0,1,1,1,Specimens deposited in WAM,NA
Lechenaultia,floribunda,Lechenaultia floribunda,Goodeniaceae,"Hylaeus (Rhodohylaeus) ""heart""",Hylaeus,Rhodohylaeus,"""heart""",Colletidae,Hylaeinae,NA,Insecta,Hymenoptera,4,WA,John Connell Reserve,-32.0820589,115.8697842,27/11/2024,Nov,2024,"Prendergast, K. (2024). The Biodiversity of Native Bees at City of Melville Greenspaces, November 2024: Survey and Report by Dr Kit Prendergast (the Bee Babette) prepared for the City of Melville. City of Melveille, Winthrop, Western Australia.",S99,Prendergast_2024_3,S,1,1,0,1,1,1,Specimens deposited in WAM,NA
Regelia,inops,Regelia inops,Myrtaceae,"Hylaeus (Rhodohylaeus) ""heart""",Hylaeus,Rhodohylaeus,"""heart""",Colletidae,Hylaeinae,NA,Insecta,Hymenoptera,3,WA,John Connell Reserve,-32.0820589,115.8697842,27/11/2024,Nov,2024,"Prendergast, K. (2024). The Biodiversity of Native Bees at City of Melville Greenspaces, November 2024: Survey and Report by Dr Kit Prendergast (the Bee Babette) prepared for the City of Melville. City of Melveille, Winthrop, Western Australia.",S99,Prendergast_2024_3,S,1,1,0,1,1,1,Specimens deposited in WAM,NA
Melaleuca,pilosa,Melaleuca pilosa,Myrtaceae,"Hylaeus (Rhodohylaeus) ""heart""",Hylaeus,Rhodohylaeus,"""heart""",Colletidae,Hylaeinae,NA,Insecta,Hymenoptera,1,WA,Ken Hurst,-32.080353,115.8854463,5/12/2024,Dec,2024,"Prendergast, K. (2024). The Biodiversity of Native Bees at City of Melville Greenspaces, November 2024: Survey and Report by Dr Kit Prendergast (the Bee Babette) prepared for the City of Melville. City of Melveille, Winthrop, Western Australia.",S99,Prendergast_2024_3,S,1,1,0,1,1,1,Specimens deposited in WAM,NA
Lobelia,tenior,Lobelia tenior,Campanulaceae,"Hylaeus (Rhodohylaeus) ""heart""",Hylaeus,Rhodohylaeus,"""heart""",Colletidae,Hylaeinae,NA,Insecta,Hymenoptera,1,WA,Piney Lakes,-32.0484859,115.8315751,25/11/2024,Nov,2024,"Prendergast, K. (2024). The Biodiversity of Native Bees at City of Melville Greenspaces, November 2024: Survey and Report by Dr Kit Prendergast (the Bee Babette) prepared for the City of Melville. City of Melveille, Winthrop, Western Australia.",S99,Prendergast_2024_3,S,1,1,0,1,1,1,Specimens deposited in WAM,NA
Regelia,inops,Regelia inops,Myrtaceae,"Hylaeus (Rhodohylaeus) ""heart""",Hylaeus,Rhodohylaeus,"""heart""",Colletidae,Hylaeinae,NA,Insecta,Hymenoptera,1,WA,Ron Carroll Reserve,-32.0528152,115.858461,26/11/2024,Nov,2024,"Prendergast, K. (2024). The Biodiversity of Native Bees at City of Melville Greenspaces, November 2024: Survey and Report by Dr Kit Prendergast (the Bee Babette) prepared for the City of Melville. City of Melveille, Winthrop, Western Australia.",S99,Prendergast_2024_3,S,1,1,0,1,1,1,Specimens deposited in WAM,NA
Regelia,inops,Regelia inops,Myrtaceae,"Hylaeus (Rhodohylaeus) ""heart""",Hylaeus,Rhodohylaeus,"""heart""",Colletidae,Hylaeinae,NA,Insecta,Hymenoptera,2,WA,Wireless Hill,-32.03102,115.828159,14/11/2024,Nov,2024,"Prendergast, K. (2024). The Biodiversity of Native Bees at City of Melville Greenspaces, November 2024: Survey and Report by Dr Kit Prendergast (the Bee Babette) prepared for the City of Melville. City of Melveille, Winthrop, Western Australia.",S99,Prendergast_2024_3,S,1,1,0,1,1,1,Specimens deposited in WAM,NA
Nuytsia,floribunda,Nuytsia floribunda,Loranthaceae,Hylaeus (Rhodohylaeus) proximus,Hylaeus,Rhodohylaeus,proximus,Colletidae,Hylaeinae,NA,Insecta,Hymenoptera,1,WA,John Connell Reserve,-32.0820589,115.8697842,27/11/2024,Nov,2024,"Prendergast, K. (2024). The Biodiversity of Native Bees at City of Melville Greenspaces, November 2024: Survey and Report by Dr Kit Prendergast (the Bee Babette) prepared for the City of Melville. City of Melveille, Winthrop, Western Australia.",S99,Prendergast_2024_3,S,1,1,0,1,1,1,Specimens deposited in WAM,NA
Melaleuca,preissiana,Melaleuca preissiana,Myrtaceae,Lasioglossum (Chilalictus) hemichalceum,Lasioglossum,Chilalictus,hemichalceum,Halictidae,Halictinae,NA,Insecta,Hymenoptera,1,WA,Ken Hurst,-32.080353,115.8854463,5/12/2024,Dec,2024,"Prendergast, K. (2024). The Biodiversity of Native Bees at City of Melville Greenspaces, November 2024: Survey and Report by Dr Kit Prendergast (the Bee Babette) prepared for the City of Melville. City of Melveille, Winthrop, Western Australia.",S99,Prendergast_2024_3,S,1,1,0,1,1,1,Specimens deposited in WAM,NA
Eucalyptus,marginata,Eucalyptus marginata,Myrtaceae,Lasioglossum (Chilalictus) hemichalceum,Lasioglossum,Chilalictus,hemichalceum,Halictidae,Halictinae,NA,Insecta,Hymenoptera,2,WA,Wireless Hill,-32.03102,115.828159,14/11/2024,Nov,2024,"Prendergast, K. (2024). The Biodiversity of Native Bees at City of Melville Greenspaces, November 2024: Survey and Report by Dr Kit Prendergast (the Bee Babette) prepared for the City of Melville. City of Melveille, Winthrop, Western Australia.",S99,Prendergast_2024_3,S,1,1,0,1,1,1,Specimens deposited in WAM,NA
Lechenaultia,floribunda,Lechenaultia floribunda,Goodeniaceae,Leioproctus (Protomorpha) plautus,Leioproctus,Protomorpha,plautus,Colletidae,Neopasiphaeinae,NA,Insecta,Hymenoptera,3,WA,John Connell Reserve,-32.0820589,115.8697842,27/11/2024,Nov,2024,"Prendergast, K. (2024). The Biodiversity of Native Bees at City of Melville Greenspaces, November 2024: Survey and Report by Dr Kit Prendergast (the Bee Babette) prepared for the City of Melville. City of Melveille, Winthrop, Western Australia.",S99,Prendergast_2024_3,S,1,1,0,1,1,1,Specimens deposited in WAM,NA
Babingtonia,sp.,Babingtonia sp.,Myrtaceae,Leioproctus (Protomorpha) plautus,Leioproctus,Protomorpha,plautus,Colletidae,Neopasiphaeinae,NA,Insecta,Hymenoptera,1,WA,Piney Lakes,-32.0484859,115.8315751,25/11/2024,Nov,2024,"Prendergast, K. (2024). The Biodiversity of Native Bees at City of Melville Greenspaces, November 2024: Survey and Report by Dr Kit Prendergast (the Bee Babette) prepared for the City of Melville. City of Melveille, Winthrop, Western Australia.",S99,Prendergast_2024_3,S,1,1,0,1,1,1,Specimens deposited in WAM,NA
Lechenaultia,floribunda,Lechenaultia floribunda,Goodeniaceae,Leioproctus (Protomorpha) plautus,Leioproctus,Protomorpha,plautus,Colletidae,Neopasiphaeinae,NA,Insecta,Hymenoptera,1,WA,Ron Carroll Reserve,-32.0528152,115.858461,26/11/2024,Nov,2024,"Prendergast, K. (2024). The Biodiversity of Native Bees at City of Melville Greenspaces, November 2024: Survey and Report by Dr Kit Prendergast (the Bee Babette) prepared for the City of Melville. City of Melveille, Winthrop, Western Australia.",S99,Prendergast_2024_3,S,1,1,1,1,1,1,Specimens deposited in WAM; Images: https://www.instagram.com/dr.beebabette/reel/DFemV0ZA1J-/?locale=zh_CN,NA
Lechenaultia,floribunda,Lechenaultia floribunda,Goodeniaceae,"Megachile ""houstoni""",Megachile,NA,"""houstoni""",Megachilidae,Megachilinae,NA,Insecta,Hymenoptera,1,WA,John Connell Reserve,-32.0820589,115.8697842,27/11/2024,Nov,2024,"Prendergast, K. (2024). The Biodiversity of Native Bees at City of Melville Greenspaces, November 2024: Survey and Report by Dr Kit Prendergast (the Bee Babette) prepared for the City of Melville. City of Melveille, Winthrop, Western Australia.",S99,Prendergast_2024_3,S,1,1,0,1,1,1,Specimens deposited in WAM,NA
Hemiandra,pungens,Hemiandra pungens,Lamiaceae,"Megachile ""houstoni""",Megachile,NA,"""houstoni:",Megachilidae,Megachilinae,NA,Insecta,Hymenoptera,1,WA,Piney Lakes,-32.0484859,115.8315751,25/11/2024,Nov,2024,"Prendergast, K. (2024). The Biodiversity of Native Bees at City of Melville Greenspaces, November 2024: Survey and Report by Dr Kit Prendergast (the Bee Babette) prepared for the City of Melville. City of Melveille, Winthrop, Western Australia.",S99,Prendergast_2024_3,S,1,1,0,1,1,1,Specimens deposited in WAM,NA
Regelia,inops,Regelia inops,Myrtaceae,"Megachile ""houstoni""",Megachile,NA,"""houstoni""",Megachilidae,Megachilinae,NA,Insecta,Hymenoptera,1,WA,Ron Carroll Reserve,-32.0528152,115.858461,26/11/2024,Nov,2024,"Prendergast, K. (2024). The Biodiversity of Native Bees at City of Melville Greenspaces, November 2024: Survey and Report by Dr Kit Prendergast (the Bee Babette) prepared for the City of Melville. City of Melveille, Winthrop, Western Australia.",S99,Prendergast_2024_3,S,1,1,0,1,1,1,Specimens deposited in WAM,NA
Hemiandra,pungens,Hemiandra pungens,Lamiaceae,"Megachile ""houstoni""",Megachile,NA,"""houstoni""",Megachilidae,Megachilinae,NA,Insecta,Hymenoptera,1,WA,Wireless Hill,-32.03102,115.828159,14/11/2024,Nov,2024,"Prendergast, K. (2024). The Biodiversity of Native Bees at City of Melville Greenspaces, November 2024: Survey and Report by Dr Kit Prendergast (the Bee Babette) prepared for the City of Melville. City of Melveille, Winthrop, Western Australia.",S99,Prendergast_2024_3,S,1,1,0,1,1,1,Specimens deposited in WAM,NA
Kunzea,glabrescens,Kunzea glabrescens,Myrtaceae,"Megachile ""houstoni""",Megachile,NA,"""houstoni""",Megachilidae,Megachilinae,NA,Insecta,Hymenoptera,2,WA,Wireless Hill,-32.03102,115.828159,14/11/2024,Nov,2024,"Prendergast, K. (2024). The Biodiversity of Native Bees at City of Melville Greenspaces, November 2024: Survey and Report by Dr Kit Prendergast (the Bee Babette) prepared for the City of Melville. City of Melveille, Winthrop, Western Australia.",S99,Prendergast_2024_3,S,1,1,0,1,1,1,Specimens deposited in WAM,NA
Regelia,inops,Regelia inops,Myrtaceae,"Megachile ""houstoni""",Megachile,NA,"""houstoni""",Megachilidae,Megachilinae,NA,Insecta,Hymenoptera,1,WA,Wireless Hill,-32.03102,115.828159,14/11/2024,Nov,2024,"Prendergast, K. (2024). The Biodiversity of Native Bees at City of Melville Greenspaces, November 2024: Survey and Report by Dr Kit Prendergast (the Bee Babette) prepared for the City of Melville. City of Melveille, Winthrop, Western Australia.",S99,Prendergast_2024_3,S,1,1,0,1,1,1,Specimens deposited in WAM,NA
Lechenaultia,floribunda,Lechenaultia floribunda,Goodeniaceae,"Megachile ""KSPsp""",Megachile,NA,"""KSPsp19""",Megachilidae,Megachilinae,NA,Insecta,Hymenoptera,1,WA,John Connell Reserve,-32.0820589,115.8697842,27/11/2024,Nov,2024,"Prendergast, K. (2024). The Biodiversity of Native Bees at City of Melville Greenspaces, November 2024: Survey and Report by Dr Kit Prendergast (the Bee Babette) prepared for the City of Melville. City of Melveille, Winthrop, Western Australia.",S99,Prendergast_2024_3,S,1,1,0,1,1,1,Specimens deposited in WAM,NA
Gompholobium,tomentosum,Gompholobium tomentosum,Fabaceae,"Megachile ""KSPsp""",Megachile,NA,"""KSPsp19""",Megachilidae,Megachilinae,NA,Insecta,Hymenoptera,1,WA,Piney Lakes,-32.0484859,115.8315751,25/11/2024,Nov,2024,"Prendergast, K. (2024). The Biodiversity of Native Bees at City of Melville Greenspaces, November 2024: Survey and Report by Dr Kit Prendergast (the Bee Babette) prepared for the City of Melville. City of Melveille, Winthrop, Western Australia.",S99,Prendergast_2024_3,S,1,1,0,1,1,1,Specimens deposited in WAM,NA
Astartea,sp.1,Astartea sp.1,Myrtaceae,"Megachile ""KSPsp19""",Megachile,NA,"""KSPsp19""",Megachilidae,Megachilinae,NA,Insecta,Hymenoptera,1,WA,Ken Hurst,-32.080353,115.8854463,5/12/2024,Dec,2024,"Prendergast, K. (2024). The Biodiversity of Native Bees at City of Melville Greenspaces, November 2024: Survey and Report by Dr Kit Prendergast (the Bee Babette) prepared for the City of Melville. City of Melveille, Winthrop, Western Australia.",S99,Prendergast_2024_3,S,1,1,0,1,1,1,Specimens deposited in WAM,NA
Astartea,sp.2,Astartea sp.2,Myrtaceae,"Megachile ""KSPsp19""",Megachile,NA,"""KSPsp19""",Megachilidae,Megachilinae,NA,Insecta,Hymenoptera,1,WA,Ken Hurst,-32.080353,115.8854463,5/12/2024,Dec,2024,"Prendergast, K. (2024). The Biodiversity of Native Bees at City of Melville Greenspaces, November 2024: Survey and Report by Dr Kit Prendergast (the Bee Babette) prepared for the City of Melville. City of Melveille, Winthrop, Western Australia.",S99,Prendergast_2024_3,S,1,1,0,1,1,1,Specimens deposited in WAM,NA
Lechenaultia,floribunda,Lechenaultia floribunda,Goodeniaceae,"Megachile ""KSPsp19""",Megachile,NA,"""KSPsp19""",Megachilidae,Megachilinae,NA,Insecta,Hymenoptera,1,WA,Ron Carroll Reserve,-32.0528152,115.858461,26/11/2024,Nov,2024,"Prendergast, K. (2024). The Biodiversity of Native Bees at City of Melville Greenspaces, November 2024: Survey and Report by Dr Kit Prendergast (the Bee Babette) prepared for the City of Melville. City of Melveille, Winthrop, Western Australia.",S99,Prendergast_2024_3,S,1,1,0,1,1,1,Specimens deposited in WAM,NA
Lechenaultia,floribunda,Lechenaultia floribunda,Goodeniaceae,"Megachile ""KSPsp19""",Megachile,KSPsp,"""KSPsp19""",Megachilidae,Megachilinae,NA,Insecta,Hymenoptera,1,WA,Ron Carroll Reserve,-32.0528152,115.858461,26/11/2024,Nov,2024,"Prendergast, K. (2024). The Biodiversity of Native Bees at City of Melville Greenspaces, November 2024: Survey and Report by Dr Kit Prendergast (the Bee Babette) prepared for the City of Melville. City of Melveille, Winthrop, Western Australia.",S99,Prendergast_2024_3,S,1,1,0,1,1,1,Specimens deposited in WAM,NA
Jacksonia,sternbergiana,Jacksonia sternbergiana,Fabaceae,"Megachile ""KSPsp19""",Megachile,NA,"""KSPsp19""",Megachilidae,Megachilinae,NA,Insecta,Hymenoptera,1,WA,Wireless Hill,-32.03102,115.828159,14/11/2024,Nov,2024,"Prendergast, K. (2024). The Biodiversity of Native Bees at City of Melville Greenspaces, November 2024: Survey and Report by Dr Kit Prendergast (the Bee Babette) prepared for the City of Melville. City of Melveille, Winthrop, Western Australia.",S99,Prendergast_2024_3,S,1,1,0,1,1,1,Specimens deposited in WAM,NA
Jacksonia,sternbergiana,Jacksonia sternbergiana,Fabaceae,Megachile (Eutricharaea) chrysopyga,Megachile,Eutricharaea,chrysopyga,Megachilidae,Megachilinae,NA,Insecta,Hymenoptera,1,WA,Blackwall Reach Reserve,-32.020664,115.7811657,8/11/2024,Nov,2024,"Prendergast, K. (2024). The Biodiversity of Native Bees at City of Melville Greenspaces, November 2024: Survey and Report by Dr Kit Prendergast (the Bee Babette) prepared for the City of Melville. City of Melveille, Winthrop, Western Australia.",S99,Prendergast_2024_3,S,1,1,0,1,1,1,Specimens deposited in WAM,NA
Jacksonia,sternbergiana,Jacksonia sternbergiana,Fabaceae,Megachile (Rozenapis) ignita,Megachile,Rozenapis,ignita,Megachilidae,NA,NA,Insecta,Hymenoptera,1,NA,Piney Lakes,-32.0484859,115.8315751,25/11/2024,Nov,2024,"Prendergast, K. (2024). The Biodiversity of Native Bees at City of Melville Greenspaces, November 2024: Survey and Report by Dr Kit Prendergast (the Bee Babette) prepared for the City of Melville. City of Melveille, Winthrop, Western Australia.",S99,Prendergast_2024_3,S,1,1,0,1,1,1,Specimens deposited in WAM,NA
Jacksonia,furcellata,Jacksonia furcellata,Fabaceae,Megachile (Rozenapis) ignita,Megachile,Rozenapis,ignita,Megachilidae,NA,NA,Insecta,Hymenoptera,2,NA,Wireless Hill,-32.03102,115.828159,14/11/2024,Nov,2024,"Prendergast, K. (2024). The Biodiversity of Native Bees at City of Melville Greenspaces, November 2024: Survey and Report by Dr Kit Prendergast (the Bee Babette) prepared for the City of Melville. City of Melveille, Winthrop, Western Australia.",S99,Prendergast_2024_3,S,1,1,0,1,1,1,Specimens deposited in WAM,NA
Jacksonia,sternbergiana,Jacksonia sternbergiana,Fabaceae,Megachile canifrons,Megachile,NA,canifrons,Megachilidae,Megachilinae,NA,Insecta,Hymenoptera,1,NA,Blackwall Reach Reserve,-32.020664,115.7811657,8/11/2024,Nov,2024,"Prendergast, K. (2024). The Biodiversity of Native Bees at City of Melville Greenspaces, November 2024: Survey and Report by Dr Kit Prendergast (the Bee Babette) prepared for the City of Melville. City of Melveille, Winthrop, Western Australia.",S99,Prendergast_2024_3,S,1,1,0,1,1,1,Specimens deposited in WAM,NA
Jacksonia,sternbergiana,Jacksonia sternbergiana,Fabaceae,Megachile canifrons,Megachile,NA,canifrons,Megachilidae,NA,NA,Insecta,Hymenoptera,2,NA,Piney Lakes,-32.0484859,115.8315751,25/11/2024,Nov,2024,"Prendergast, K. (2024). The Biodiversity of Native Bees at City of Melville Greenspaces, November 2024: Survey and Report by Dr Kit Prendergast (the Bee Babette) prepared for the City of Melville. City of Melveille, Winthrop, Western Australia.",S99,Prendergast_2024_3,S,1,1,0,1,1,1,Specimens deposited in WAM,NA
Astartea,sp.1,Astartea sp.1,Myrtaceae,"Megachile cf. ""houstoni""",Megachile,cf,"""houstoni""",Megachilidae,NA,NA,Insecta,Hymenoptera,1,NA,Ken Hurst,-32.080353,115.8854463,5/12/2024,Dec,2024,"Prendergast, K. (2024). The Biodiversity of Native Bees at City of Melville Greenspaces, November 2024: Survey and Report by Dr Kit Prendergast (the Bee Babette) prepared for the City of Melville. City of Melveille, Winthrop, Western Australia.",S99,Prendergast_2024_3,S,1,1,0,1,1,1,Specimens deposited in WAM,NA
Lechenaultia,floribunda,Lechenaultia floribunda,Myrtaceae,"Megachile cf. ""houstoni""",Megachile,cf,"""houstoni""",Megachilidae,NA,NA,Insecta,Hymenoptera,2,NA,Ken Hurst,-32.080353,115.8854463,5/12/2024,Dec,2024,"Prendergast, K. (2024). The Biodiversity of Native Bees at City of Melville Greenspaces, November 2024: Survey and Report by Dr Kit Prendergast (the Bee Babette) prepared for the City of Melville. City of Melveille, Winthrop, Western Australia.",S99,Prendergast_2024_3,S,1,1,0,1,1,1,Specimens deposited in WAM,NA
Regelia,inops,Regelia inops,Myrtaceae,Megachile leeuwinensis,Megachile,NA,leeuwinensis,Megachilidae,NA,NA,Insecta,Hymenoptera,1,NA,Ron Carroll Reserve,-32.0528152,115.858461,26/11/2024,Nov,2024,"Prendergast, K. (2024). The Biodiversity of Native Bees at City of Melville Greenspaces, November 2024: Survey and Report by Dr Kit Prendergast (the Bee Babette) prepared for the City of Melville. City of Melveille, Winthrop, Western Australia.",S99,Prendergast_2024_3,S,1,1,0,1,1,1,Specimens deposited in WAM,NA
Gompholobium,tomentosum,Gompholobium tomentosum,Fabaceae,Megachile speluncarum,Megachile,NA,speluncarum,Megachilidae,NA,NA,Insecta,Hymenoptera,1,NA,John Connell Reserve,-32.0820589,115.8697842,27/11/2024,Nov,2024,"Prendergast, K. (2024). The Biodiversity of Native Bees at City of Melville Greenspaces, November 2024: Survey and Report by Dr Kit Prendergast (the Bee Babette) prepared for the City of Melville. City of Melveille, Winthrop, Western Australia.",S99,Prendergast_2024_3,S,1,1,0,1,1,1,Specimens deposited in WAM,NA
Dasypogon,bromeliifolius,Dasypogon bromeliifolius,Dasypogonaceae,Megachile speluncarum,Megachile,NA,speluncarum,Megachilidae,NA,NA,Insecta,Hymenoptera,1,NA,Ron Carroll Reserve,-32.0528152,115.858461,26/11/2024,Nov,2024,"Prendergast, K. (2024). The Biodiversity of Native Bees at City of Melville Greenspaces, November 2024: Survey and Report by Dr Kit Prendergast (the Bee Babette) prepared for the City of Melville. City of Melveille, Winthrop, Western Australia.",S99,Prendergast_2024_3,S,1,1,0,1,1,1,Specimens deposited in WAM,NA
Lechenaultia,floribunda,Lechenaultia floribunda,Goodeniaceae,Megachile speluncarum,Megachile,NA,speluncarum,Megachilidae,NA,NA,Insecta,Hymenoptera,1,NA,Ron Carroll Reserve,-32.0528152,115.858461,26/11/2024,Nov,2024,"Prendergast, K. (2024). The Biodiversity of Native Bees at City of Melville Greenspaces, November 2024: Survey and Report by Dr Kit Prendergast (the Bee Babette) prepared for the City of Melville. City of Melveille, Winthrop, Western Australia.",S99,Prendergast_2024_3,S,1,1,0,1,1,1,Specimens deposited in WAM,NA
Jacksonia,sternbergiana,Jacksonia sternbergiana,Fabaceae,Megachile speluncarum,Megachile,NA,speluncarum,Megachilidae,NA,NA,Insecta,Hymenoptera,2,NA,Wireless Hill,-32.03102,115.828159,14/11/2024,Nov,2024,"Prendergast, K. (2024). The Biodiversity of Native Bees at City of Melville Greenspaces, November 2024: Survey and Report by Dr Kit Prendergast (the Bee Babette) prepared for the City of Melville. City of Melveille, Winthrop, Western Australia.",S99,Prendergast_2024_3,S,1,1,0,1,1,1,Specimens deposited in WAM,NA
