Site,SeverityGroup,SeedTrapline,DistanceEdge,TrapCount,DateInitial,DateCollected,Family,Species,DispersalType,HeightRange,Form,SeedSize,Count,MinimumDist,SeedTrapCoverT1,SeedTrapCoverT2
Mt Tomah,Low/Moderate,TM20,20,1,4/05/2023,10/06/2023,Asteraceae,Calomeria amaranthoides,Gravity,0.5 to 3,Herb,0.133333333,5,1.5,38,17
Mt Wilson,Unburnt,WU10,-10,2,4/12/2023,11/02/2023,NA,NA,NA,NA,NA,NA,NA,NA,10,23
Mt Wilson,High/Extreme,WE55,55,7,4/12/2023,11/02/2023,NA,NA,NA,NA,NA,NA,NA,NA,3.5,6
Mt Wilson,High/Extreme,WE55,55,2,4/12/2023,11/02/2023,NA,NA,NA,NA,NA,NA,NA,NA,8,12
Mt Wilson,Unburnt,WU20,-20,3,4/12/2023,11/02/2023,NA,NA,NA,NA,NA,NA,NA,NA,6.5,107
Mt Tomah,Low/Moderate,TM20,20,1,10/06/2023,29/06/2023,Asteraceae,Calomeria amaranthoides,Gravity,0.5 to 3,Herb,0.133333333,5,1.5,38,17
Mt Tomah,Low/Moderate,TM20,20,1,29/06/2023,3/08/2023,Asteraceae,Calomeria amaranthoides,Gravity,0.5 to 3,Herb,0.133333333,5,1.5,38,17
Mt Tomah,Low/Moderate,TM20,20,1,5/10/2023,2/11/2023,Ranunculaceae,Clematis aristata,Wind,0.5 to 10,Climber,1.4,1,4,38,17
Mt Tomah,Low/Moderate,TM20,20,1,30/03/2023,4/05/2023,Myrtaceae,Eucalyptus fastigata,Wind,10 to 25,Tree,0.615384615,7,7.8,38,17
Mt Tomah,Low/Moderate,TM20,20,1,4/05/2023,10/06/2023,Myrtaceae,Eucalyptus fastigata,Wind,10 to 25,Tree,0.615384615,7,7.8,38,17
Mt Tomah,Low/Moderate,TM20,20,1,10/06/2023,29/06/2023,Myrtaceae,Eucalyptus fastigata,Wind,10 to 25,Tree,0.615384615,5,7.8,38,17
Mt Tomah,Low/Moderate,TM20,20,1,29/06/2023,3/08/2023,Myrtaceae,Eucalyptus fastigata,Wind,10 to 25,Tree,0.615384615,11,7.8,38,17
Mt Tomah,Low/Moderate,TM20,20,1,3/08/2023,7/09/2023,Myrtaceae,Eucalyptus fastigata,Wind,10 to 25,Tree,0.615384615,1,7.8,38,17
Mt Wilson,Unburnt,WU40,-40,4,4/12/2023,11/02/2023,NA,NA,NA,NA,NA,NA,NA,NA,18,0
Mt Tomah,Low/Moderate,TM20,20,1,7/09/2023,5/10/2023,Myrtaceae,Eucalyptus fastigata,Wind,10 to 25,Tree,0.615384615,1,7.8,38,17
Mt Tomah,Low/Moderate,TM20,20,1,2/11/2023,1/12/2023,Myrtaceae,Eucalyptus fastigata,Wind,10 to 25,Tree,0.615384615,1,7.8,38,17
Mt Tomah,Low/Moderate,TM20,20,1,5/12/2023,11/02/2023,Goodeniaceae,Goodenia ovata,Ant,0.5 to 1.5,Shrub,0.3,1,0.3,38,17
Mt Tomah,Low/Moderate,TM20,20,1,11/02/2023,2/03/2023,Goodeniaceae,Goodenia ovata,Ant,0.5 to 1.5,Shrub,0.3,5,0.3,38,17
Mt Tomah,Low/Moderate,TM20,20,1,2/03/2023,30/03/2023,Goodeniaceae,Goodenia ovata,Ant,0.5 to 1.5,Shrub,0.3,15,0.3,38,17
Mt Tomah,Low/Moderate,TM20,20,1,30/03/2023,4/05/2023,Goodeniaceae,Goodenia ovata,Ant,0.5 to 1.5,Shrub,0.3,3,0.3,38,17
Mt Tomah,Low/Moderate,TM20,20,1,10/06/2023,29/06/2023,Goodeniaceae,Goodenia ovata,Ant,0.5 to 1.5,Shrub,0.3,1,0.3,38,17
Mt Tomah,Low/Moderate,TM20,20,1,2/11/2023,1/12/2023,Goodeniaceae,Goodenia ovata,Ant,0.5 to 1.5,Shrub,0.3,2,0.3,38,17
Mt Wilson,High/Extreme,WE45,45,2,4/12/2023,11/02/2023,Rubiaceae,Asperula conferta,Wind,0.1 to 0.5,Herb,3.7,1,0.3,0,2
Mt Tomah,Low/Moderate,TM20,20,1,1/12/2023,21/12/2023,Goodeniaceae,Goodenia ovata,Ant,0.5 to 1.5,Shrub,0.3,1,0.3,38,17
Mt Tomah,Low/Moderate,TM20,20,2,2/03/2023,30/03/2023,Fabaceae,Acacia sp.,Ant,0.5 to 3,Shrub,15.47,1,1.55,26,9
Mt Tomah,Low/Moderate,TM20,20,2,4/05/2023,10/06/2023,Asteraceae,Calomeria amaranthoides,Gravity,0.5 to 3,Herb,0.133333333,10,0.2,26,9
Mt Tomah,Low/Moderate,TM20,20,2,10/06/2023,29/06/2023,Asteraceae,Calomeria amaranthoides,Gravity,0.5 to 3,Herb,0.133333333,5,0.2,26,9
Mt Tomah,Low/Moderate,TM20,20,2,29/06/2023,3/08/2023,Asteraceae,Calomeria amaranthoides,Gravity,0.5 to 3,Herb,0.133333333,5,0.2,26,9
Mt Tomah,Low/Moderate,TM20,20,2,30/03/2023,4/05/2023,Myrtaceae,Eucalyptus fastigata,Wind,10 to 25,Tree,0.615384615,7,3.7,26,9
Mt Tomah,Low/Moderate,TM20,20,2,4/05/2023,10/06/2023,Myrtaceae,Eucalyptus fastigata,Wind,10 to 25,Tree,0.615384615,8,3.7,26,9
Mt Tomah,Low/Moderate,TM20,20,2,10/06/2023,29/06/2023,Myrtaceae,Eucalyptus fastigata,Wind,10 to 25,Tree,0.615384615,20,3.7,26,9
Mt Tomah,Low/Moderate,TM20,20,2,29/06/2023,3/08/2023,Myrtaceae,Eucalyptus fastigata,Wind,10 to 25,Tree,0.615384615,4,3.7,26,9
Mt Tomah,Low/Moderate,TM20,20,2,3/08/2023,7/09/2023,Myrtaceae,Eucalyptus fastigata,Wind,10 to 25,Tree,0.615384615,3,3.7,26,9
Mt Tomah,Low/Moderate,TM20,20,2,5/10/2023,2/11/2023,Myrtaceae,Eucalyptus fastigata,Wind,10 to 25,Tree,0.615384615,1,3.7,26,9
Mt Tomah,Low/Moderate,TM20,20,2,10/06/2023,29/06/2023,Cyperaceae,Gahnia sieberiana,Bird or wind,0.5 to 3,Sedge,4.483333333,4,0.9,26,9
Mt Tomah,Low/Moderate,TM20,20,2,29/06/2023,3/08/2023,Cyperaceae,Gahnia sieberiana,Bird or wind,0.5 to 3,Sedge,4.483333333,1,0.9,26,9
Mt Tomah,Low/Moderate,TM20,20,2,3/08/2023,7/09/2023,Cyperaceae,Gahnia sieberiana,Bird or wind,0.5 to 3,Sedge,4.483333333,6,0.9,26,9
Mt Tomah,Low/Moderate,TM20,20,2,7/09/2023,5/10/2023,Cyperaceae,Gahnia sieberiana,Bird or wind,0.5 to 3,Sedge,4.483333333,1,0.9,26,9
Mt Tomah,Low/Moderate,TM20,20,2,5/12/2023,11/02/2023,Goodeniaceae,Goodenia ovata,Ant,0.5 to 1.5,Shrub,0.3,1,0.1,26,9
Mt Wilson,High/Extreme,WE55,55,8,4/12/2023,11/02/2023,NA,NA,NA,NA,NA,NA,NA,NA,0.5,6
Mt Tomah,Low/Moderate,TM20,20,2,11/02/2023,2/03/2023,Goodeniaceae,Goodenia ovata,Ant,0.5 to 1.5,Shrub,0.3,2,0.1,26,9
Mt Tomah,Low/Moderate,TM20,20,2,2/11/2023,1/12/2023,Goodeniaceae,Goodenia ovata,Ant,0.5 to 1.5,Shrub,0.3,8,0.1,26,9
Mt Tomah,Low/Moderate,TM20,20,2,1/12/2023,21/12/2023,Goodeniaceae,Goodenia ovata,Ant,0.5 to 1.5,Shrub,0.3,10,0.1,26,9
Mt Tomah,Low/Moderate,TM20,20,2,1/12/2023,21/12/2023,Fabaceae,Kennedia rubicunda,Ant,0.5 to 3,Climber,25.34,1,0.1,26,9
Mt Tomah,Low/Moderate,TM20,20,2,21/12/2023,1/02/2024,Fabaceae,Kennedia rubicunda,Ant,0.5 to 3,Climber,25.34,2,0.1,26,9
Mt Tomah,Low/Moderate,TM20,20,2,5/12/2023,11/02/2023,Asteraceae,Senecio linearifolius,Wind,0.5 to 3,Shrub,0.366666667,1,1.5,26,9
Mt Tomah,Low/Moderate,TM40,40,1,2/03/2023,30/03/2023,Fabaceae,Acacia sp.,Ant,0.5 to 3,Shrub,15.47,1,3.45,1,13
Mt Wilson,High/Extreme,WE45,45,4,4/12/2023,11/02/2023,NA,NA,NA,NA,NA,NA,NA,NA,0.5,1
Mt Tomah,Low/Moderate,TM40,40,1,30/03/2023,4/05/2023,Asteraceae,Calomeria amaranthoides,Gravity,0.5 to 3,Herb,0.133333333,20,5,1,13
Mt Tomah,Low/Moderate,TM40,40,1,4/05/2023,10/06/2023,Asteraceae,Calomeria amaranthoides,Gravity,0.5 to 3,Herb,0.133333333,10,5,1,13
Mt Tomah,Low/Moderate,TM40,40,1,4/05/2023,10/06/2023,Myrtaceae,Eucalyptus fastigata,Wind,10 to 25,Tree,0.615384615,1,5,1,13
Mt Wilson,Unburnt,WU10,-10,1,4/12/2023,11/02/2023,NA,NA,NA,NA,NA,NA,NA,NA,6,61
Mt Tomah,Low/Moderate,TM40,40,1,5/10/2023,2/11/2023,Myrtaceae,Eucalyptus fastigata,Wind,10 to 25,Tree,0.615384615,1,5,1,13
Mt Tomah,Low/Moderate,TM40,40,1,4/05/2023,10/06/2023,Cyperaceae,Gahnia sieberiana,Bird or wind,0.5 to 3,Sedge,4.483333333,18,10,1,13
Mt Tomah,Low/Moderate,TM40,40,1,21/12/2023,1/02/2024,Fabaceae,Kennedia rubicunda,Ant,0.5 to 3,Climber,25.34,9,0.1,1,13
Mt Tomah,Low/Moderate,TM40,40,1,1/12/2023,21/12/2023,Araliaceae,Polyscias sambucifolia,Vertebrate,0.5 to 1.5,Shrub,1.35,2,1.6,1,13
Mt Tomah,Low/Moderate,TM40,40,1,5/12/2023,11/02/2023,Asteraceae,Senecio linearifolius,Wind,0.5 to 3,Shrub,0.366666667,100,0.1,1,13
Mt Tomah,Low/Moderate,TM40,40,1,30/03/2023,4/05/2023,Asteraceae,Senecio linearifolius,Wind,0.5 to 3,Shrub,0.366666667,20,0.1,1,13
Mt Tomah,Low/Moderate,TM40,40,1,7/09/2023,5/10/2023,Asteraceae,Senecio linearifolius,Wind,0.5 to 3,Shrub,0.366666667,5,0.1,1,13
Mt Tomah,Low/Moderate,TM40,40,1,2/11/2023,1/12/2023,Asteraceae,Senecio linearifolius,Wind,0.5 to 3,Shrub,0.366666667,30,0.1,1,13
Mt Tomah,Low/Moderate,TM40,40,2,30/03/2023,4/05/2023,Fabaceae,Acacia sp.,Ant,0.5 to 3,Shrub,15.47,1,1.9,1,73
Mt Tomah,Low/Moderate,TM40,40,2,4/05/2023,10/06/2023,Fabaceae,Acacia sp.,Ant,0.5 to 3,Shrub,15.47,1,1.9,1,73
Mt Wilson,High/Extreme,WE55,55,9,4/12/2023,11/02/2023,NA,NA,NA,NA,NA,NA,NA,NA,5,18
Mt Tomah,High/Extreme,TH110,110,7,5/12/2023,11/02/2023,NA,NA,NA,NA,NA,NA,NA,NA,16,16
Mt Tomah,Low/Moderate,TM70,70,1,5/12/2023,11/02/2023,NA,NA,NA,NA,NA,NA,NA,NA,9,24
Mt Tomah,High/Extreme,TH100,100,3,5/12/2023,11/02/2023,NA,NA,NA,NA,NA,NA,NA,NA,16,14
Mt Tomah,Low/Moderate,TM40,40,2,10/06/2023,29/06/2023,Myrtaceae,Eucalyptus cypellocarpa,Wind,10 to 25,Tree,0.6,4,10,1,73
Mt Tomah,Low/Moderate,TM40,40,2,2/03/2023,30/03/2023,Cyperaceae,Gahnia sieberiana,Bird or wind,0.5 to 3,Sedge,4.483333333,1,7,1,73
Mt Tomah,Low/Moderate,TM80,80,1,5/12/2023,11/02/2023,NA,NA,NA,NA,NA,NA,NA,NA,2.5,5
Mt Tomah,Low/Moderate,TM60,60,2,5/12/2023,11/02/2023,NA,NA,NA,NA,NA,NA,NA,NA,2.5,14
Mt Tomah,Low/Moderate,TM40,40,2,29/06/2023,3/08/2023,Cyperaceae,Gahnia sieberiana,Bird or wind,0.5 to 3,Sedge,4.483333333,9,7,1,73
Mt Tomah,Low/Moderate,TM40,40,2,3/08/2023,7/09/2023,Cyperaceae,Gahnia sieberiana,Bird or wind,0.5 to 3,Sedge,4.483333333,2,7,1,73
Mt Tomah,Low/Moderate,TM40,40,2,5/12/2023,11/02/2023,Goodeniaceae,Goodenia ovata,Ant,0.5 to 1.5,Shrub,0.3,3,0.3,1,73
Mt Tomah,Low/Moderate,TM40,40,2,11/02/2023,2/03/2023,Goodeniaceae,Goodenia ovata,Ant,0.5 to 1.5,Shrub,0.3,1,0.3,1,73
Mt Tomah,Low/Moderate,TM40,40,2,2/03/2023,30/03/2023,Goodeniaceae,Goodenia ovata,Ant,0.5 to 1.5,Shrub,0.3,1,0.3,1,73
Mt Tomah,Low/Moderate,TM40,40,2,30/03/2023,4/05/2023,Goodeniaceae,Goodenia ovata,Ant,0.5 to 1.5,Shrub,0.3,1,0.3,1,73
Mt Tomah,Low/Moderate,TM40,40,2,2/11/2023,1/12/2023,Goodeniaceae,Goodenia ovata,Ant,0.5 to 1.5,Shrub,0.3,26,0.3,1,73
Mt Tomah,High/Extreme,TH100,100,1,5/12/2023,11/02/2023,NA,NA,NA,NA,NA,NA,NA,NA,7,7
Mt Tomah,Low/Moderate,TM40,40,2,1/12/2023,21/12/2023,Goodeniaceae,Goodenia ovata,Ant,0.5 to 1.5,Shrub,0.3,89,0.3,1,73
Mt Tomah,Low/Moderate,TM40,40,2,21/12/2023,1/02/2024,Goodeniaceae,Goodenia ovata,Ant,0.5 to 1.5,Shrub,0.3,15,0.3,1,73
Mt Tomah,Low/Moderate,TM40,40,2,4/05/2023,10/06/2023,Fabaceae,Indigofera australis,Ballistic,0.5 to 3,Shrub,3.8,1,0.2,1,73
Mt Tomah,Low/Moderate,TM40,40,2,21/12/2023,1/02/2024,Fabaceae,Indigofera australis,Ballistic,0.5 to 3,Shrub,3.8,3,0.2,1,73
Mt Tomah,Low/Moderate,TM40,40,2,21/12/2023,1/02/2024,Fabaceae,Kennedia rubicunda,Ant,0.5 to 3,Climber,25.34,30,0.1,1,73
Mt Tomah,Low/Moderate,TM40,40,2,5/12/2023,11/02/2023,Asteraceae,Senecio linearifolius,Wind,0.5 to 3,Shrub,0.366666667,2,0.2,1,73
Mt Tomah,Low/Moderate,TM40,40,2,2/11/2023,1/12/2023,Asteraceae,Senecio linearifolius,Wind,0.5 to 3,Shrub,0.366666667,7,0.2,1,73
Mt Tomah,Low/Moderate,TM70,70,3,5/12/2023,11/02/2023,NA,NA,NA,NA,NA,NA,NA,NA,18,2
Mt Tomah,Low/Moderate,TM40,40,3,2/03/2023,30/03/2023,Pittosporaceae,Billardiera scandens,Vertebrate,0.5 to 1.5,Climber,2.08,1,1.2,7,24
Mt Tomah,Low/Moderate,TM40,40,3,30/03/2023,4/05/2023,Asteraceae,Calomeria amaranthoides,Gravity,0.5 to 3,Herb,0.133333333,10,2,7,24
Mt Tomah,High/Extreme,TH110,110,9,5/12/2023,11/02/2023,NA,NA,NA,NA,NA,NA,NA,NA,55,24
Mt Tomah,Low/Moderate,TM40,40,3,3/08/2023,7/09/2023,Asteraceae,Calomeria amaranthoides,Gravity,0.5 to 3,Herb,0.133333333,1,2,7,24
Mt Tomah,Low/Moderate,TM40,40,3,30/03/2023,4/05/2023,Ranunculaceae,Clematis aristata,Wind,0.5 to 10,Climber,1.4,1,0.2,7,24
Mt Tomah,Low/Moderate,TM40,40,3,10/06/2023,29/06/2023,Ranunculaceae,Clematis aristata,Wind,0.5 to 10,Climber,1.4,1,0.2,7,24
Mt Tomah,Low/Moderate,TM60,60,3,5/12/2023,11/02/2023,NA,NA,NA,NA,NA,NA,NA,NA,150,77
Mt Tomah,Low/Moderate,TM90,90,5,5/12/2023,11/02/2023,NA,NA,NA,NA,NA,NA,NA,NA,3,1
Mt Tomah,High/Extreme,TH100,100,5,5/12/2023,11/02/2023,NA,NA,NA,NA,NA,NA,NA,NA,39,18
Mt Tomah,Low/Moderate,TM40,40,3,29/06/2023,3/08/2023,Ranunculaceae,Clematis aristata,Wind,0.5 to 10,Climber,1.4,1,0.2,7,24
Mt Tomah,Low/Moderate,TM40,40,3,30/03/2023,4/05/2023,Cyperaceae,Gahnia sieberiana,Bird or wind,0.5 to 3,Sedge,4.483333333,5,5,7,24
Mt Tomah,Low/Moderate,TM80,80,3,5/12/2023,11/02/2023,NA,NA,NA,NA,NA,NA,NA,NA,1.5,1
Mt Tomah,Low/Moderate,TM20,20,1,5/12/2023,11/02/2023,Campanulaceae,Wahlenbergia sp.,Gravity,0.1 to 0.5,Herb,0.3,1,1.8,38,17
Mt Tomah,Low/Moderate,TM40,40,3,5/12/2023,11/02/2023,Goodeniaceae,Goodenia ovata,Ant,0.5 to 1.5,Shrub,0.3,3,0.4,7,24
Mt Tomah,Low/Moderate,TM80,80,2,5/12/2023,11/02/2023,NA,NA,NA,NA,NA,NA,NA,NA,5,5
Mt Tomah,Low/Moderate,TM40,40,3,2/03/2023,30/03/2023,Goodeniaceae,Goodenia ovata,Ant,0.5 to 1.5,Shrub,0.3,2,0.4,7,24
Mt Tomah,Low/Moderate,TM40,40,3,1/12/2023,21/12/2023,Goodeniaceae,Goodenia ovata,Ant,0.5 to 1.5,Shrub,0.3,1,0.4,7,24
Mt Tomah,Low/Moderate,TM40,40,3,21/12/2023,1/02/2024,Fabaceae,Kennedia rubicunda,Ant,0.5 to 3,Climber,25.34,2,0.1,7,24
Mt Tomah,Low/Moderate,TM40,40,3,21/12/2023,1/02/2024,Araliaceae,Polyscias sambucifolia,Vertebrate,0.5 to 1.5,Shrub,1.35,24,2.2,7,24
Mt Tomah,Low/Moderate,TM70,70,2,5/12/2023,11/02/2023,Asteraceae,Sigesbeckia orientalis,Adhesion,0.5 to 1.5,Herb,4.2,1,0.2,11,13
Mt Tomah,Low/Moderate,TM40,40,3,5/12/2023,11/02/2023,Asteraceae,Senecio linearifolius,Wind,0.5 to 3,Shrub,0.366666667,30,0.1,7,24
Mt Tomah,Low/Moderate,TM40,40,3,30/03/2023,4/05/2023,Asteraceae,Senecio linearifolius,Wind,0.5 to 3,Shrub,0.366666667,27,0.1,7,24
Mt Tomah,Low/Moderate,TM40,40,3,7/09/2023,5/10/2023,Asteraceae,Senecio linearifolius,Wind,0.5 to 3,Shrub,0.366666667,14,0.1,7,24
Mt Tomah,Low/Moderate,TM40,40,3,2/11/2023,1/12/2023,Asteraceae,Senecio linearifolius,Wind,0.5 to 3,Shrub,0.366666667,12,0.1,7,24
Mt Tomah,Low/Moderate,TM50,50,1,11/02/2023,2/03/2023,Fabaceae,Acacia sp.,Ant,0.5 to 3,Shrub,15.47,1,2.4,32,49
Mt Tomah,Low/Moderate,TM50,50,1,30/03/2023,4/05/2023,Asteraceae,Calomeria amaranthoides,Gravity,0.5 to 3,Herb,0.133333333,30,2.4,32,49
Mt Tomah,Low/Moderate,TM50,50,1,4/05/2023,10/06/2023,Asteraceae,Calomeria amaranthoides,Gravity,0.5 to 3,Herb,0.133333333,10,2.4,32,49
Mt Tomah,Low/Moderate,TM50,50,1,10/06/2023,29/06/2023,Asteraceae,Calomeria amaranthoides,Gravity,0.5 to 3,Herb,0.133333333,20,2.4,32,49
Mt Tomah,Low/Moderate,TM50,50,1,3/08/2023,7/09/2023,Asteraceae,Calomeria amaranthoides,Gravity,0.5 to 3,Herb,0.133333333,5,2.4,32,49
Mt Tomah,High/Extreme,TH110,110,6,11/02/2023,2/03/2023,NA,NA,NA,NA,NA,NA,NA,NA,3.5,78
Mt Tomah,High/Extreme,TH110,110,10,11/02/2023,2/03/2023,NA,NA,NA,NA,NA,NA,NA,NA,99,91
Mt Tomah,Low/Moderate,TM40,40,3,11/02/2023,2/03/2023,NA,NA,NA,NA,NA,NA,NA,NA,7,24
Mt Tomah,Low/Moderate,TM50,50,1,7/09/2023,5/10/2023,Asteraceae,Calomeria amaranthoides,Gravity,0.5 to 3,Herb,0.133333333,1,2.4,32,49
Mt Tomah,Low/Moderate,TM50,50,2,11/02/2023,2/03/2023,NA,NA,NA,NA,NA,NA,NA,NA,9.5,8
Mt Tomah,Low/Moderate,TM40,40,1,11/02/2023,2/03/2023,NA,NA,NA,NA,NA,NA,NA,NA,1,13
Mt Tomah,Low/Moderate,TM50,50,1,5/12/2023,11/02/2023,Ranunculaceae,Clematis aristata,Wind,0.5 to 10,Climber,1.4,1,0.5,32,49
Mt Tomah,High/Extreme,TH100,100,3,11/02/2023,2/03/2023,NA,NA,NA,NA,NA,NA,NA,NA,16,14
Mt Tomah,High/Extreme,TH100,100,6,11/02/2023,2/03/2023,NA,NA,NA,NA,NA,NA,NA,NA,3,6
Mt Tomah,Low/Moderate,TM50,50,1,30/03/2023,4/05/2023,Cyperaceae,Gahnia sieberiana,Bird or wind,0.5 to 3,Sedge,4.483333333,1,2.15,32,49
Mt Tomah,Low/Moderate,TM50,50,1,4/05/2023,10/06/2023,Cyperaceae,Gahnia sieberiana,Bird or wind,0.5 to 3,Sedge,4.483333333,2,2.15,32,49
Mt Tomah,Low/Moderate,TM50,50,1,29/06/2023,3/08/2023,Cyperaceae,Gahnia sieberiana,Bird or wind,0.5 to 3,Sedge,4.483333333,1,2.15,32,49
Mt Tomah,Low/Moderate,TM60,60,1,11/02/2023,2/03/2023,NA,NA,NA,NA,NA,NA,NA,NA,31,27
Mt Tomah,Low/Moderate,TM50,50,1,3/08/2023,7/09/2023,Cyperaceae,Gahnia sieberiana,Bird or wind,0.5 to 3,Sedge,4.483333333,1,2.15,32,49
Mt Tomah,Low/Moderate,TM50,50,1,2/11/2023,1/12/2023,Goodeniaceae,Goodenia ovata,Ant,0.5 to 1.5,Shrub,0.3,1,0.6,32,49
Mt Tomah,Low/Moderate,TM50,50,1,11/02/2023,2/03/2023,Fabaceae,Indigofera australis,Ballistic,0.5 to 3,Shrub,3.8,2,1,32,49
Mt Tomah,Low/Moderate,TM50,50,1,2/03/2023,30/03/2023,Fabaceae,Indigofera australis,Ballistic,0.5 to 3,Shrub,3.8,9,1,32,49
Mt Tomah,Low/Moderate,TM50,50,1,30/03/2023,4/05/2023,Fabaceae,Indigofera australis,Ballistic,0.5 to 3,Shrub,3.8,2,1,32,49
Mt Tomah,Low/Moderate,TM50,50,1,4/05/2023,10/06/2023,Fabaceae,Indigofera australis,Ballistic,0.5 to 3,Shrub,3.8,1,1,32,49
Mt Tomah,Low/Moderate,TM50,50,1,21/12/2023,1/02/2024,Fabaceae,Indigofera australis,Ballistic,0.5 to 3,Shrub,3.8,1,1,32,49
Mt Tomah,Low/Moderate,TM60,60,2,11/02/2023,2/03/2023,NA,NA,NA,NA,NA,NA,NA,NA,2.5,14
Mt Tomah,Low/Moderate,TM90,90,4,11/02/2023,2/03/2023,NA,NA,NA,NA,NA,NA,NA,NA,16,31
Mt Tomah,Low/Moderate,TM50,50,1,1/12/2023,21/12/2023,Fabaceae,Kennedia rubicunda,Ant,0.5 to 3,Climber,25.34,5,0.7,32,49
Mt Tomah,Low/Moderate,TM50,50,1,21/12/2023,1/02/2024,Fabaceae,Kennedia rubicunda,Ant,0.5 to 3,Climber,25.34,36,0.7,32,49
Mt Tomah,Low/Moderate,TM50,50,1,2/11/2023,1/12/2023,Asteraceae,Senecio linearifolius,Wind,0.5 to 3,Shrub,0.366666667,5,0.1,32,49
Mt Tomah,Low/Moderate,TM50,50,2,2/03/2023,30/03/2023,Fabaceae,Acacia sp.,Ant,0.5 to 3,Shrub,15.47,3,0.3,9.5,8
Mt Tomah,Low/Moderate,TM90,90,5,11/02/2023,2/03/2023,NA,NA,NA,NA,NA,NA,NA,NA,3,1
Mt Tomah,Low/Moderate,TM50,50,2,30/03/2023,4/05/2023,Fabaceae,Acacia sp.,Ant,0.5 to 3,Shrub,15.47,1,0.3,9.5,8
Mt Tomah,Low/Moderate,TM60,60,3,11/02/2023,2/03/2023,NA,NA,NA,NA,NA,NA,NA,NA,150,77
Mt Tomah,Low/Moderate,TM50,50,2,30/03/2023,4/05/2023,Asteraceae,Calomeria amaranthoides,Gravity,0.5 to 3,Herb,0.133333333,20,1,9.5,8
Mt Tomah,High/Extreme,TH110,110,5,11/02/2023,2/03/2023,NA,NA,NA,NA,NA,NA,NA,NA,5,4
Mt Tomah,Low/Moderate,TM50,50,2,10/06/2023,29/06/2023,Asteraceae,Calomeria amaranthoides,Gravity,0.5 to 3,Herb,0.133333333,5,1,9.5,8
Mt Tomah,Low/Moderate,TM50,50,2,29/06/2023,3/08/2023,Asteraceae,Calomeria amaranthoides,Gravity,0.5 to 3,Herb,0.133333333,5,1,9.5,8
Mt Tomah,Low/Moderate,TM50,50,2,4/05/2023,10/06/2023,Cyperaceae,Gahnia sieberiana,Bird or wind,0.5 to 3,Sedge,4.483333333,2,4.2,9.5,8
Mt Tomah,Low/Moderate,TM50,50,2,29/06/2023,3/08/2023,Cyperaceae,Gahnia sieberiana,Bird or wind,0.5 to 3,Sedge,4.483333333,9,4.2,9.5,8
Mt Tomah,Low/Moderate,TM50,50,2,3/08/2023,7/09/2023,Cyperaceae,Gahnia sieberiana,Bird or wind,0.5 to 3,Sedge,4.483333333,7,4.2,9.5,8
Mt Tomah,Low/Moderate,TM50,50,2,2/03/2023,30/03/2023,Fabaceae,Indigofera australis,Ballistic,0.5 to 3,Shrub,3.8,12,0.8,9.5,8
Mt Tomah,Low/Moderate,TM50,50,2,21/12/2023,1/02/2024,Fabaceae,Kennedia rubicunda,Ant,0.5 to 3,Climber,25.34,14,0.1,9.5,8
Mt Tomah,High/Extreme,TH110,110,2,11/02/2023,2/03/2023,NA,NA,NA,NA,NA,NA,NA,NA,25,32
Mt Tomah,Low/Moderate,TM50,50,2,5/12/2023,11/02/2023,Rosaceae,Rubus sp.,Vertebrate,0.5 to 1.5,Shrub,1.4,2,5,9.5,8
Mt Tomah,Low/Moderate,TM50,50,2,5/12/2023,11/02/2023,Asteraceae,Senecio linearifolius,Wind,0.5 to 3,Shrub,0.366666667,5,0.5,9.5,8
Mt Tomah,High/Extreme,TH110,110,3,11/02/2023,2/03/2023,NA,NA,NA,NA,NA,NA,NA,NA,6,3
Mt Tomah,Low/Moderate,TM50,50,2,29/06/2023,3/08/2023,Asteraceae,Senecio linearifolius,Wind,0.5 to 3,Shrub,0.366666667,1,0.5,9.5,8
Mt Tomah,Low/Moderate,TM50,50,2,5/10/2023,2/11/2023,Asteraceae,Senecio linearifolius,Wind,0.5 to 3,Shrub,0.366666667,4,0.5,9.5,8
Mt Tomah,Low/Moderate,TM80,80,3,11/02/2023,2/03/2023,NA,NA,NA,NA,NA,NA,NA,NA,1.5,1
Mt Tomah,Low/Moderate,TM50,50,3,11/02/2023,2/03/2023,Fabaceae,Acacia sp.,Ant,0.5 to 3,Shrub,15.47,2,6,24.5,76
Mt Wilson,High/Extreme,WE55,55,3,11/02/2023,2/03/2023,NA,NA,NA,NA,NA,NA,NA,NA,3,9
Mt Tomah,Low/Moderate,TM50,50,3,2/03/2023,30/03/2023,Fabaceae,Acacia sp.,Ant,0.5 to 3,Shrub,15.47,1,6,24.5,76
Mt Tomah,Low/Moderate,TM50,50,3,4/05/2023,10/06/2023,Fabaceae,Acacia sp.,Ant,0.5 to 3,Shrub,15.47,1,6,24.5,76
Mt Tomah,Low/Moderate,TM50,50,3,2/03/2023,30/03/2023,Pittosporaceae,Billardiera scandens,Vertebrate,0.5 to 1.5,Climber,2.08,1,3,24.5,76
Mt Tomah,Low/Moderate,TM50,50,3,30/03/2023,4/05/2023,Asteraceae,Calomeria amaranthoides,Gravity,0.5 to 3,Herb,0.133333333,20,0.2,24.5,76
Mt Tomah,Low/Moderate,TM50,50,3,4/05/2023,10/06/2023,Asteraceae,Calomeria amaranthoides,Gravity,0.5 to 3,Herb,0.133333333,10,0.2,24.5,76
Mt Tomah,Low/Moderate,TM50,50,3,10/06/2023,29/06/2023,Asteraceae,Calomeria amaranthoides,Gravity,0.5 to 3,Herb,0.133333333,10,0.2,24.5,76
Mt Wilson,High/Extreme,WH35,35,5,11/02/2023,2/03/2023,NA,NA,NA,NA,NA,NA,NA,NA,0,1
Mt Wilson,High/Extreme,WE45,45,8,11/02/2023,2/03/2023,NA,NA,NA,NA,NA,NA,NA,NA,1,7
Mt Tomah,Low/Moderate,TM50,50,3,29/06/2023,3/08/2023,Asteraceae,Calomeria amaranthoides,Gravity,0.5 to 3,Herb,0.133333333,5,0.2,24.5,76
Mt Tomah,Low/Moderate,TM50,50,3,3/08/2023,7/09/2023,Asteraceae,Calomeria amaranthoides,Gravity,0.5 to 3,Herb,0.133333333,10,0.2,24.5,76
Mt Tomah,Low/Moderate,TM50,50,3,5/10/2023,2/11/2023,Asteraceae,Calomeria amaranthoides,Gravity,0.5 to 3,Herb,0.133333333,3,0.2,24.5,76
Mt Tomah,Low/Moderate,TM50,50,3,4/05/2023,10/06/2023,Ranunculaceae,Clematis aristata,Wind,0.5 to 10,Climber,1.4,2,0.1,24.5,76
Mt Tomah,Low/Moderate,TM50,50,3,29/06/2023,3/08/2023,Ranunculaceae,Clematis aristata,Wind,0.5 to 10,Climber,1.4,1,0.1,24.5,76
Mt Tomah,Low/Moderate,TM50,50,3,29/06/2023,3/08/2023,Myrtaceae,Eucalyptus cypellocarpa,Wind,10 to 25,Tree,0.6,1,8,24.5,76
Mt Tomah,Low/Moderate,TM50,50,3,4/05/2023,10/06/2023,Cyperaceae,Gahnia sieberiana,Bird or wind,0.5 to 3,Sedge,4.483333333,2,2,24.5,76
Mt Tomah,Low/Moderate,TM50,50,3,10/06/2023,29/06/2023,Cyperaceae,Gahnia sieberiana,Bird or wind,0.5 to 3,Sedge,4.483333333,1,2,24.5,76
Mt Tomah,Low/Moderate,TM50,50,3,21/12/2023,1/02/2024,Goodeniaceae,Goodenia ovata,Ant,0.5 to 1.5,Shrub,0.3,2,0.3,24.5,76
Mt Wilson,Unburnt,WU10,-10,1,11/02/2023,2/03/2023,NA,NA,NA,NA,NA,NA,NA,NA,6,61
Mt Wilson,Unburnt,WU20,-20,3,11/02/2023,2/03/2023,NA,NA,NA,NA,NA,NA,NA,NA,6.5,107
Mt Wilson,Unburnt,WU20,-20,2,11/02/2023,2/03/2023,NA,NA,NA,NA,NA,NA,NA,NA,20,15
Mt Tomah,Low/Moderate,TM50,50,3,2/03/2023,30/03/2023,Fabaceae,Indigofera australis,Ballistic,0.5 to 3,Shrub,3.8,3,1.1,24.5,76
Mt Wilson,Unburnt,WU40,-40,4,11/02/2023,2/03/2023,NA,NA,NA,NA,NA,NA,NA,NA,18,0
Mt Tomah,Low/Moderate,TM50,50,3,1/12/2023,21/12/2023,Fabaceae,Kennedia rubicunda,Ant,0.5 to 3,Climber,25.34,3,0.3,24.5,76
Mt Tomah,Low/Moderate,TM50,50,3,21/12/2023,1/02/2024,Fabaceae,Kennedia rubicunda,Ant,0.5 to 3,Climber,25.34,7,0.3,24.5,76
Mt Wilson,Unburnt,WU40,-40,3,11/02/2023,2/03/2023,NA,NA,NA,NA,NA,NA,NA,NA,15,0
Mt Wilson,Unburnt,WU40,-40,2,11/02/2023,2/03/2023,NA,NA,NA,NA,NA,NA,NA,NA,32,10
Mt Wilson,Unburnt,WU10,-10,2,11/02/2023,2/03/2023,NA,NA,NA,NA,NA,NA,NA,NA,10,23
Mt Wilson,High/Extreme,WE55,55,8,11/02/2023,2/03/2023,NA,NA,NA,NA,NA,NA,NA,NA,0.5,6
Mt Wilson,High/Extreme,WE55,55,7,11/02/2023,2/03/2023,NA,NA,NA,NA,NA,NA,NA,NA,3.5,6
Mt Tomah,Low/Moderate,TM50,50,3,5/12/2023,11/02/2023,Asteraceae,Senecio linearifolius,Wind,0.5 to 3,Shrub,0.366666667,100,0.1,24.5,76
Mt Tomah,Low/Moderate,TM50,50,3,11/02/2023,2/03/2023,Asteraceae,Senecio linearifolius,Wind,0.5 to 3,Shrub,0.366666667,5,0.1,24.5,76
Mt Tomah,Low/Moderate,TM50,50,3,2/03/2023,30/03/2023,Asteraceae,Senecio linearifolius,Wind,0.5 to 3,Shrub,0.366666667,3,0.1,24.5,76
Mt Tomah,Low/Moderate,TM50,50,3,4/05/2023,10/06/2023,Asteraceae,Senecio linearifolius,Wind,0.5 to 3,Shrub,0.366666667,5,0.1,24.5,76
Mt Tomah,Low/Moderate,TM50,50,3,7/09/2023,5/10/2023,Asteraceae,Senecio linearifolius,Wind,0.5 to 3,Shrub,0.366666667,16,0.1,24.5,76
Mt Tomah,Low/Moderate,TM50,50,3,2/11/2023,1/12/2023,Asteraceae,Senecio linearifolius,Wind,0.5 to 3,Shrub,0.366666667,65,0.1,24.5,76
Mt Tomah,Low/Moderate,TM60,60,1,30/03/2023,4/05/2023,Asteraceae,Calomeria amaranthoides,Gravity,0.5 to 3,Herb,0.133333333,30,2.3,31,27
Mt Wilson,High/Extreme,WE45,45,6,11/02/2023,2/03/2023,NA,NA,NA,NA,NA,NA,NA,NA,0.5,4
Mt Tomah,Low/Moderate,TM60,60,1,29/06/2023,3/08/2023,Asteraceae,Calomeria amaranthoides,Gravity,0.5 to 3,Herb,0.133333333,10,2.3,31,27
Mt Tomah,Low/Moderate,TM60,60,1,3/08/2023,7/09/2023,Asteraceae,Calomeria amaranthoides,Gravity,0.5 to 3,Herb,0.133333333,15,2.3,31,27
Mt Tomah,Low/Moderate,TM60,60,1,7/09/2023,5/10/2023,Asteraceae,Calomeria amaranthoides,Gravity,0.5 to 3,Herb,0.133333333,3,2.3,31,27
Mt Tomah,Low/Moderate,TM60,60,1,2/11/2023,1/12/2023,Asteraceae,Calomeria amaranthoides,Gravity,0.5 to 3,Herb,0.133333333,1,2.3,31,27
Mt Tomah,Low/Moderate,TM60,60,1,10/06/2023,29/06/2023,Ranunculaceae,Clematis aristata,Wind,0.5 to 10,Climber,1.4,2,0.65,31,27
Mt Tomah,Low/Moderate,TM60,60,1,29/06/2023,3/08/2023,Ranunculaceae,Clematis aristata,Wind,0.5 to 10,Climber,1.4,1,0.65,31,27
Mt Tomah,Low/Moderate,TM60,60,1,5/10/2023,2/11/2023,Ranunculaceae,Clematis aristata,Wind,0.5 to 10,Climber,1.4,1,0.65,31,27
Mt Tomah,Low/Moderate,TM60,60,1,30/03/2023,4/05/2023,Cyperaceae,Gahnia sieberiana,Bird or wind,0.5 to 3,Sedge,4.483333333,5,7,31,27
Mt Tomah,Low/Moderate,TM60,60,1,4/05/2023,10/06/2023,Cyperaceae,Gahnia sieberiana,Bird or wind,0.5 to 3,Sedge,4.483333333,1,7,31,27
Mt Tomah,Low/Moderate,TM60,60,1,29/06/2023,3/08/2023,Cyperaceae,Gahnia sieberiana,Bird or wind,0.5 to 3,Sedge,4.483333333,2,7,31,27
Mt Tomah,Low/Moderate,TM60,60,1,5/12/2023,11/02/2023,Asteraceae,Senecio linearifolius,Wind,0.5 to 3,Shrub,0.366666667,13,0.1,31,27
Mt Wilson,Unburnt,WU10,-10,3,11/02/2023,2/03/2023,NA,NA,NA,NA,NA,NA,NA,NA,6.5,142
Mt Tomah,Low/Moderate,TM60,60,2,30/03/2023,4/05/2023,Asteraceae,Calomeria amaranthoides,Gravity,0.5 to 3,Herb,0.133333333,20,1.7,2.5,14
Mt Tomah,Low/Moderate,TM60,60,2,4/05/2023,10/06/2023,Asteraceae,Calomeria amaranthoides,Gravity,0.5 to 3,Herb,0.133333333,5,1.7,2.5,14
Mt Tomah,Low/Moderate,TM60,60,2,30/03/2023,4/05/2023,Ranunculaceae,Clematis aristata,Wind,0.5 to 10,Climber,1.4,5,2.5,2.5,14
Mt Wilson,Low/Moderate,WL25,25,3,11/02/2023,2/03/2023,NA,NA,NA,NA,NA,NA,NA,NA,31,26
Mt Tomah,Low/Moderate,TM60,60,2,4/05/2023,10/06/2023,Ranunculaceae,Clematis aristata,Wind,0.5 to 10,Climber,1.4,1,2.5,2.5,14
Mt Tomah,Low/Moderate,TM60,60,2,10/06/2023,29/06/2023,Ranunculaceae,Clematis aristata,Wind,0.5 to 10,Climber,1.4,1,2.5,2.5,14
Mt Tomah,High/Extreme,TH100,100,1,2/03/2023,30/03/2023,NA,NA,NA,NA,NA,NA,NA,NA,7,7
Mt Tomah,Low/Moderate,TM60,60,2,5/10/2023,2/11/2023,Ranunculaceae,Clematis aristata,Wind,0.5 to 10,Climber,1.4,1,2.5,2.5,14
Mt Tomah,Low/Moderate,TM60,60,2,30/03/2023,4/05/2023,Myrtaceae,Eucalyptus fastigata,Wind,10 to 25,Tree,0.615384615,1,7,2.5,14
Mt Tomah,High/Extreme,TH100,100,5,2/03/2023,30/03/2023,Smilacaceae,Smilax australis,Vertebrate,0.5 to 10,Climber,66.3,1,0.7,39,18
Mt Tomah,Low/Moderate,TM60,60,2,10/06/2023,29/06/2023,Myrtaceae,Eucalyptus fastigata,Wind,10 to 25,Tree,0.615384615,2,7,2.5,14
Mt Tomah,Low/Moderate,TM60,60,2,5/10/2023,2/11/2023,Myrtaceae,Eucalyptus fastigata,Wind,10 to 25,Tree,0.615384615,5,7,2.5,14
Mt Tomah,Low/Moderate,TM60,60,2,4/05/2023,10/06/2023,Asteraceae,Senecio linearifolius,Wind,0.5 to 3,Shrub,0.366666667,7,0.1,2.5,14
Mt Tomah,Low/Moderate,TM60,60,2,2/11/2023,1/12/2023,Asteraceae,Senecio linearifolius,Wind,0.5 to 3,Shrub,0.366666667,1,0.1,2.5,14
Mt Tomah,Low/Moderate,TM60,60,3,4/05/2023,10/06/2023,Fabaceae,Acacia sp.,Ant,0.5 to 3,Shrub,15.47,1,4.2,150,77
Mt Tomah,Low/Moderate,TM60,60,3,30/03/2023,4/05/2023,Asteraceae,Calomeria amaranthoides,Gravity,0.5 to 3,Herb,0.133333333,20,0.9,150,77
Mt Tomah,Low/Moderate,TM60,60,3,10/06/2023,29/06/2023,Asteraceae,Calomeria amaranthoides,Gravity,0.5 to 3,Herb,0.133333333,10,0.9,150,77
Mt Tomah,Low/Moderate,TM60,60,3,30/03/2023,4/05/2023,Ranunculaceae,Clematis aristata,Wind,0.5 to 10,Climber,1.4,5,0.5,150,77
Mt Tomah,Low/Moderate,TM60,60,3,4/05/2023,10/06/2023,Ranunculaceae,Clematis aristata,Wind,0.5 to 10,Climber,1.4,3,0.5,150,77
Mt Tomah,Low/Moderate,TM60,60,3,10/06/2023,29/06/2023,Ranunculaceae,Clematis aristata,Wind,0.5 to 10,Climber,1.4,1,0.5,150,77
Mt Tomah,Low/Moderate,TM60,60,3,5/10/2023,2/11/2023,Ranunculaceae,Clematis aristata,Wind,0.5 to 10,Climber,1.4,1,0.5,150,77
Mt Tomah,Low/Moderate,TM60,60,3,3/08/2023,7/09/2023,Myrtaceae,Eucalyptus fastigata,Wind,10 to 25,Tree,0.615384615,4,4,150,77
Mt Tomah,Low/Moderate,TM60,60,3,4/05/2023,10/06/2023,Asphodelaceae,Geitonoplesium cymosum,Vertebrate,0.1 to 0.5,Climber,4.847826087,1,5,150,77
Mt Tomah,Low/Moderate,TM60,60,3,2/03/2023,30/03/2023,Fabaceae,Indigofera australis,Ballistic,0.5 to 3,Shrub,3.8,1,4.1,150,77
Mt Tomah,Low/Moderate,TM60,60,3,2/03/2023,30/03/2023,Campanulaceae,Lobelia purpurascens,Gravity,0.1 to 0.5,Herb,1.4,3,7,150,77
Mt Tomah,Low/Moderate,TM60,60,3,10/06/2023,29/06/2023,Asteraceae,Senecio linearifolius,Wind,0.5 to 3,Shrub,0.366666667,1,0.1,150,77
Mt Tomah,Low/Moderate,TM60,60,3,3/08/2023,7/09/2023,Asteraceae,Senecio linearifolius,Wind,0.5 to 3,Shrub,0.366666667,2,0.1,150,77
Mt Tomah,Low/Moderate,TM60,60,3,2/11/2023,1/12/2023,Asteraceae,Senecio linearifolius,Wind,0.5 to 3,Shrub,0.366666667,2,0.1,150,77
Mt Tomah,Low/Moderate,TM70,70,1,21/12/2023,1/02/2024,Fabaceae,Acacia sp.,Ant,0.5 to 3,Shrub,15.47,1,0.2,9,24
Mt Tomah,Low/Moderate,TM70,70,1,30/03/2023,4/05/2023,Pittosporaceae,Billardiera scandens,Vertebrate,0.5 to 1.5,Climber,2.08,1,1.4,9,24
Mt Tomah,Low/Moderate,TM70,70,1,30/03/2023,4/05/2023,Asteraceae,Calomeria amaranthoides,Gravity,0.5 to 3,Herb,0.133333333,50,2.1,9,24
Mt Tomah,Low/Moderate,TM70,70,1,10/06/2023,29/06/2023,Asteraceae,Calomeria amaranthoides,Gravity,0.5 to 3,Herb,0.133333333,10,2.1,9,24
Mt Tomah,Low/Moderate,TM70,70,1,2/03/2023,30/03/2023,Cyperaceae,Gahnia sieberiana,Bird or wind,0.5 to 3,Sedge,4.483333333,1,11,9,24
Mt Tomah,Low/Moderate,TM70,70,1,30/03/2023,4/05/2023,Cyperaceae,Gahnia sieberiana,Bird or wind,0.5 to 3,Sedge,4.483333333,1,11,9,24
Mt Tomah,Low/Moderate,TM70,70,1,4/05/2023,10/06/2023,Cyperaceae,Gahnia sieberiana,Bird or wind,0.5 to 3,Sedge,4.483333333,9,11,9,24
Mt Tomah,Low/Moderate,TM70,70,1,29/06/2023,3/08/2023,Cyperaceae,Gahnia sieberiana,Bird or wind,0.5 to 3,Sedge,4.483333333,3,11,9,24
Mt Tomah,Low/Moderate,TM70,70,1,3/08/2023,7/09/2023,Cyperaceae,Gahnia sieberiana,Bird or wind,0.5 to 3,Sedge,4.483333333,2,11,9,24
Mt Tomah,Low/Moderate,TM70,70,1,2/11/2023,1/12/2023,Goodeniaceae,Goodenia ovata,Ant,0.5 to 1.5,Shrub,0.3,14,0.1,9,24
Mt Tomah,Low/Moderate,TM70,70,1,1/12/2023,21/12/2023,Goodeniaceae,Goodenia ovata,Ant,0.5 to 1.5,Shrub,0.3,4,0.1,9,24
Mt Tomah,Low/Moderate,TM70,70,1,2/03/2023,30/03/2023,Fabaceae,Indigofera australis,Ballistic,0.5 to 3,Shrub,3.8,5,0.1,9,24
Mt Tomah,Low/Moderate,TM70,70,2,2/03/2023,30/03/2023,Fabaceae,Acacia sp.,Ant,0.5 to 3,Shrub,15.47,3,1.25,11,13
Mt Tomah,Low/Moderate,TM70,70,2,4/05/2023,10/06/2023,Fabaceae,Acacia sp.,Ant,0.5 to 3,Shrub,15.47,1,1.25,11,13
Mt Tomah,Low/Moderate,TM70,70,2,2/03/2023,30/03/2023,Pittosporaceae,Billardiera scandens,Vertebrate,0.5 to 1.5,Climber,2.08,1,0.4,11,13
Mt Tomah,Low/Moderate,TM70,70,2,30/03/2023,4/05/2023,Asteraceae,Calomeria amaranthoides,Gravity,0.5 to 3,Herb,0.133333333,20,0.5,11,13
Mt Tomah,Low/Moderate,TM70,70,2,4/05/2023,10/06/2023,Asteraceae,Calomeria amaranthoides,Gravity,0.5 to 3,Herb,0.133333333,30,0.5,11,13
Mt Tomah,Low/Moderate,TM70,70,2,10/06/2023,29/06/2023,Asteraceae,Calomeria amaranthoides,Gravity,0.5 to 3,Herb,0.133333333,10,0.5,11,13
Mt Tomah,Low/Moderate,TM70,70,2,29/06/2023,3/08/2023,Ranunculaceae,Clematis aristata,Wind,0.5 to 10,Climber,1.4,1,0.8,11,13
Mt Tomah,Low/Moderate,TM70,70,2,10/06/2023,29/06/2023,Myrtaceae,Eucalyptus fastigata,Wind,10 to 25,Tree,0.615384615,1,4,11,13
Mt Tomah,Low/Moderate,TM70,70,2,3/08/2023,7/09/2023,Myrtaceae,Eucalyptus fastigata,Wind,10 to 25,Tree,0.615384615,1,4,11,13
Mt Tomah,Low/Moderate,TM70,70,2,5/12/2023,11/02/2023,Goodeniaceae,Goodenia ovata,Ant,0.5 to 1.5,Shrub,0.3,3,0.1,11,13
Mt Tomah,Low/Moderate,TM70,70,2,30/03/2023,4/05/2023,Goodeniaceae,Goodenia ovata,Ant,0.5 to 1.5,Shrub,0.3,1,0.1,11,13
Mt Tomah,Low/Moderate,TM70,70,2,4/05/2023,10/06/2023,Goodeniaceae,Goodenia ovata,Ant,0.5 to 1.5,Shrub,0.3,1,0.1,11,13
Mt Tomah,Low/Moderate,TM70,70,2,10/06/2023,29/06/2023,Goodeniaceae,Goodenia ovata,Ant,0.5 to 1.5,Shrub,0.3,1,0.1,11,13
Mt Tomah,Low/Moderate,TM70,70,2,2/11/2023,1/12/2023,Goodeniaceae,Goodenia ovata,Ant,0.5 to 1.5,Shrub,0.3,22,0.1,11,13
Mt Tomah,Low/Moderate,TM70,70,2,1/12/2023,21/12/2023,Goodeniaceae,Goodenia ovata,Ant,0.5 to 1.5,Shrub,0.3,23,0.1,11,13
Mt Tomah,Low/Moderate,TM70,70,2,2/03/2023,30/03/2023,Fabaceae,Indigofera australis,Ballistic,0.5 to 3,Shrub,3.8,4,0.5,11,13
Mt Tomah,Low/Moderate,TM70,70,2,4/05/2023,10/06/2023,Fabaceae,Indigofera australis,Ballistic,0.5 to 3,Shrub,3.8,1,0.5,11,13
Mt Tomah,Low/Moderate,TM70,70,3,2/03/2023,30/03/2023,Fabaceae,Acacia sp.,Ant,0.5 to 3,Shrub,15.47,2,0.8,18,2
Mt Tomah,Low/Moderate,TM70,70,3,30/03/2023,4/05/2023,Asteraceae,Calomeria amaranthoides,Gravity,0.5 to 3,Herb,0.133333333,20,1.3,18,2
Mt Tomah,Low/Moderate,TM70,70,3,4/05/2023,10/06/2023,Asteraceae,Calomeria amaranthoides,Gravity,0.5 to 3,Herb,0.133333333,20,1.3,18,2
Mt Tomah,Low/Moderate,TM70,70,3,10/06/2023,29/06/2023,Asteraceae,Calomeria amaranthoides,Gravity,0.5 to 3,Herb,0.133333333,5,1.3,18,2
Mt Tomah,Low/Moderate,TM70,70,3,30/03/2023,4/05/2023,Myrtaceae,Eucalyptus blaxlandii,Wind,10 to 25,Tree,0.6,1,4.5,18,2
Mt Tomah,Low/Moderate,TM70,70,3,30/03/2023,4/05/2023,Myrtaceae,Eucalyptus fastigata,Wind,10 to 25,Tree,0.615384615,2,8,18,2
Mt Tomah,Low/Moderate,TM70,70,3,4/05/2023,10/06/2023,Myrtaceae,Eucalyptus fastigata,Wind,10 to 25,Tree,0.615384615,3,8,18,2
Mt Tomah,Low/Moderate,TM60,60,1,2/03/2023,30/03/2023,NA,NA,NA,NA,NA,NA,NA,NA,31,27
Mt Tomah,Low/Moderate,TM70,70,3,10/06/2023,29/06/2023,Myrtaceae,Eucalyptus fastigata,Wind,10 to 25,Tree,0.615384615,1,8,18,2
Mt Tomah,Low/Moderate,TM70,70,3,29/06/2023,3/08/2023,Myrtaceae,Eucalyptus fastigata,Wind,10 to 25,Tree,0.615384615,1,8,18,2
Mt Tomah,Low/Moderate,TM90,90,5,2/03/2023,30/03/2023,NA,NA,NA,NA,NA,NA,NA,NA,3,1
Mt Tomah,Low/Moderate,TM70,70,3,5/10/2023,2/11/2023,Myrtaceae,Eucalyptus fastigata,Wind,10 to 25,Tree,0.615384615,2,8,18,2
Mt Tomah,Low/Moderate,TM70,70,3,11/02/2023,2/03/2023,Goodeniaceae,Goodenia ovata,Ant,0.5 to 1.5,Shrub,0.3,4,0.7,18,2
Mt Tomah,Low/Moderate,TM70,70,3,2/03/2023,30/03/2023,Goodeniaceae,Goodenia ovata,Ant,0.5 to 1.5,Shrub,0.3,1,0.7,18,2
Mt Tomah,Low/Moderate,TM60,60,2,2/03/2023,30/03/2023,NA,NA,NA,NA,NA,NA,NA,NA,2.5,14
Mt Tomah,Low/Moderate,TM70,70,3,11/02/2023,2/03/2023,Fabaceae,Indigofera australis,Ballistic,0.5 to 3,Shrub,3.8,1,0.65,18,2
Mt Tomah,Low/Moderate,TM70,70,3,2/03/2023,30/03/2023,Fabaceae,Indigofera australis,Ballistic,0.5 to 3,Shrub,3.8,1,0.65,18,2
Mt Tomah,Low/Moderate,TM70,70,3,10/06/2023,29/06/2023,Asteraceae,Senecio linearifolius,Wind,0.5 to 3,Shrub,0.366666667,2,0.1,18,2
Mt Tomah,Low/Moderate,TM80,80,1,2/11/2023,1/12/2023,Fabaceae,Acacia sp.,Ant,0.5 to 3,Shrub,15.47,1,1.6,2.5,5
Mt Tomah,Low/Moderate,TM80,80,1,30/03/2023,4/05/2023,Asteraceae,Calomeria amaranthoides,Gravity,0.5 to 3,Herb,0.133333333,20,1.5,2.5,5
Mt Tomah,Low/Moderate,TM80,80,1,4/05/2023,10/06/2023,Asteraceae,Calomeria amaranthoides,Gravity,0.5 to 3,Herb,0.133333333,33,1.5,2.5,5
Mt Tomah,Low/Moderate,TM80,80,1,10/06/2023,29/06/2023,Asteraceae,Calomeria amaranthoides,Gravity,0.5 to 3,Herb,0.133333333,10,1.5,2.5,5
Mt Tomah,Low/Moderate,TM80,80,1,3/08/2023,7/09/2023,Asteraceae,Calomeria amaranthoides,Gravity,0.5 to 3,Herb,0.133333333,5,1.5,2.5,5
Mt Tomah,Low/Moderate,TM80,80,1,11/02/2023,2/03/2023,Myrtaceae,Eucalyptus blaxlandii,Wind,10 to 25,Tree,0.6,1,2,2.5,5
Mt Tomah,Low/Moderate,TM80,80,1,2/03/2023,30/03/2023,Myrtaceae,Eucalyptus blaxlandii,Wind,10 to 25,Tree,0.6,2,2,2.5,5
Mt Wilson,High/Extreme,WE45,45,7,2/03/2023,30/03/2023,NA,NA,NA,NA,NA,NA,NA,NA,0,4
Mt Tomah,Low/Moderate,TM80,80,1,30/03/2023,4/05/2023,Myrtaceae,Eucalyptus blaxlandii,Wind,10 to 25,Tree,0.6,2,2,2.5,5
Mt Tomah,Low/Moderate,TM80,80,1,4/05/2023,10/06/2023,Cyperaceae,Gahnia sieberiana,Bird or wind,0.5 to 3,Sedge,4.483333333,1,11,2.5,5
Mt Tomah,Low/Moderate,TM80,80,1,10/06/2023,29/06/2023,Cyperaceae,Gahnia sieberiana,Bird or wind,0.5 to 3,Sedge,4.483333333,1,11,2.5,5
Mt Tomah,Low/Moderate,TM80,80,1,7/09/2023,5/10/2023,Cyperaceae,Gahnia sieberiana,Bird or wind,0.5 to 3,Sedge,4.483333333,1,11,2.5,5
Mt Tomah,Low/Moderate,TM80,80,1,2/03/2023,30/03/2023,Fabaceae,Indigofera australis,Ballistic,0.5 to 3,Shrub,3.8,1,0.85,2.5,5
Mt Tomah,Low/Moderate,TM80,80,1,21/12/2023,1/02/2024,Fabaceae,Kennedia rubicunda,Ant,0.5 to 3,Climber,25.34,2,0.85,2.5,5
Mt Wilson,High/Extreme,WE55,55,4,2/03/2023,30/03/2023,NA,NA,NA,NA,NA,NA,NA,NA,5,8
Mt Tomah,Low/Moderate,TM80,80,2,11/02/2023,2/03/2023,Fabaceae,Acacia sp.,Ant,0.5 to 3,Shrub,15.47,1,0.2,5,5
Mt Tomah,Low/Moderate,TM80,80,2,2/03/2023,30/03/2023,Fabaceae,Acacia sp.,Ant,0.5 to 3,Shrub,15.47,1,0.2,5,5
Mt Tomah,Low/Moderate,TM80,80,2,30/03/2023,4/05/2023,Asteraceae,Calomeria amaranthoides,Gravity,0.5 to 3,Herb,0.133333333,20,5,5,5
Mt Tomah,Low/Moderate,TM80,80,2,4/05/2023,10/06/2023,Asteraceae,Calomeria amaranthoides,Gravity,0.5 to 3,Herb,0.133333333,5,5,5,5
Mt Tomah,Low/Moderate,TM80,80,2,10/06/2023,29/06/2023,Asteraceae,Calomeria amaranthoides,Gravity,0.5 to 3,Herb,0.133333333,5,5,5,5
Mt Tomah,Low/Moderate,TM80,80,2,29/06/2023,3/08/2023,Asteraceae,Calomeria amaranthoides,Gravity,0.5 to 3,Herb,0.133333333,2,5,5,5
Mt Tomah,Low/Moderate,TM80,80,2,30/03/2023,4/05/2023,Ranunculaceae,Clematis aristata,Wind,0.5 to 10,Climber,1.4,2,2,5,5
Mt Tomah,Low/Moderate,TM80,80,2,30/03/2023,4/05/2023,Myrtaceae,Eucalyptus blaxlandii,Wind,10 to 25,Tree,0.6,1,1.1,5,5
Mt Tomah,Low/Moderate,TM80,80,2,11/02/2023,2/03/2023,Cyperaceae,Gahnia sieberiana,Bird or wind,0.5 to 3,Sedge,4.483333333,1,4.5,5,5
Mt Tomah,Low/Moderate,TM80,80,2,30/03/2023,4/05/2023,Cyperaceae,Gahnia sieberiana,Bird or wind,0.5 to 3,Sedge,4.483333333,7,4.5,5,5
Mt Wilson,High/Extreme,WE45,45,4,2/03/2023,30/03/2023,NA,NA,NA,NA,NA,NA,NA,NA,0.5,1
Mt Wilson,Low/Moderate,WL25,25,3,2/03/2023,30/03/2023,NA,NA,NA,NA,NA,NA,NA,NA,31,26
Mt Tomah,Low/Moderate,TM80,80,2,4/05/2023,10/06/2023,Cyperaceae,Gahnia sieberiana,Bird or wind,0.5 to 3,Sedge,4.483333333,22,4.5,5,5
Mt Tomah,Low/Moderate,TM80,80,2,3/08/2023,7/09/2023,Cyperaceae,Gahnia sieberiana,Bird or wind,0.5 to 3,Sedge,4.483333333,2,4.5,5,5
Mt Tomah,Low/Moderate,TM80,80,2,2/11/2023,1/12/2023,Goodeniaceae,Goodenia ovata,Ant,0.5 to 1.5,Shrub,0.3,2,0.1,5,5
Mt Tomah,Low/Moderate,TM80,80,2,1/12/2023,21/12/2023,Goodeniaceae,Goodenia ovata,Ant,0.5 to 1.5,Shrub,0.3,3,0.1,5,5
Mt Tomah,Low/Moderate,TM80,80,3,2/03/2023,30/03/2023,Fabaceae,Acacia sp.,Ant,0.5 to 3,Shrub,15.47,2,0.5,1.5,1
Mt Tomah,Low/Moderate,TM80,80,3,30/03/2023,4/05/2023,Asteraceae,Calomeria amaranthoides,Gravity,0.5 to 3,Herb,0.133333333,20,3.5,1.5,1
Mt Wilson,Low/Moderate,WL10,10,3,2/03/2023,30/03/2023,NA,NA,NA,NA,NA,NA,NA,NA,6,8
Mt Tomah,Low/Moderate,TM80,80,3,4/05/2023,10/06/2023,Asteraceae,Calomeria amaranthoides,Gravity,0.5 to 3,Herb,0.133333333,1,3.5,1.5,1
Mt Wilson,Low/Moderate,WL25,25,2,2/03/2023,30/03/2023,NA,NA,NA,NA,NA,NA,NA,NA,30,13
Mt Wilson,Low/Moderate,WL25,25,1,2/03/2023,30/03/2023,NA,NA,NA,NA,NA,NA,NA,NA,0.5,7
Mt Wilson,Unburnt,WU20,-20,2,2/03/2023,30/03/2023,NA,NA,NA,NA,NA,NA,NA,NA,20,15
Mt Wilson,Unburnt,WU20,-20,1,2/03/2023,30/03/2023,NA,NA,NA,NA,NA,NA,NA,NA,16,6
Mt Wilson,Unburnt,WU40,-40,3,2/03/2023,30/03/2023,NA,NA,NA,NA,NA,NA,NA,NA,15,0
Mt Wilson,Unburnt,WU40,-40,2,2/03/2023,30/03/2023,NA,NA,NA,NA,NA,NA,NA,NA,32,10
Mt Wilson,Unburnt,WU40,-40,4,2/03/2023,30/03/2023,NA,NA,NA,NA,NA,NA,NA,NA,18,0
Mt Wilson,Low/Moderate,WL25,25,4,2/03/2023,30/03/2023,NA,NA,NA,NA,NA,NA,NA,NA,1.5,17
Mt Wilson,Unburnt,WU40,-40,1,2/03/2023,30/03/2023,NA,NA,NA,NA,NA,NA,NA,NA,34,12
Mt Wilson,Unburnt,WU10,-10,3,2/03/2023,30/03/2023,NA,NA,NA,NA,NA,NA,NA,NA,6.5,142
Mt Wilson,Unburnt,WU10,-10,2,2/03/2023,30/03/2023,NA,NA,NA,NA,NA,NA,NA,NA,10,23
Mt Tomah,Low/Moderate,TM80,80,3,4/05/2023,10/06/2023,Ranunculaceae,Clematis aristata,Wind,0.5 to 10,Climber,1.4,1,3,1.5,1
Mt Tomah,Low/Moderate,TM80,80,3,2/03/2023,30/03/2023,Cyperaceae,Gahnia sieberiana,Bird or wind,0.5 to 3,Sedge,4.483333333,1,0.7,1.5,1
Mt Wilson,High/Extreme,WH35,35,5,2/03/2023,30/03/2023,NA,NA,NA,NA,NA,NA,NA,NA,0,1
Mt Wilson,High/Extreme,WE45,45,6,2/03/2023,30/03/2023,NA,NA,NA,NA,NA,NA,NA,NA,0.5,4
Mt Tomah,Low/Moderate,TM80,80,3,2/11/2023,1/12/2023,Goodeniaceae,Goodenia ovata,Ant,0.5 to 1.5,Shrub,0.3,1,0.1,1.5,1
Mt Tomah,Low/Moderate,TM80,80,3,30/03/2023,4/05/2023,Campanulaceae,Lobelia purpurascens,Gravity,0.1 to 0.5,Herb,1.4,1,0.1,1.5,1
Mt Tomah,Low/Moderate,TM80,80,4,2/03/2023,30/03/2023,Fabaceae,Acacia sp.,Ant,0.5 to 3,Shrub,15.47,1,0.1,9,9
Mt Tomah,Low/Moderate,TM80,80,4,1/12/2023,21/12/2023,Fabaceae,Acacia sp.,Ant,0.5 to 3,Shrub,15.47,30,0.1,9,9
Mt Tomah,Low/Moderate,TM80,80,4,30/03/2023,4/05/2023,Asteraceae,Calomeria amaranthoides,Gravity,0.5 to 3,Herb,0.133333333,20,1.1,9,9
Mt Tomah,Low/Moderate,TM80,80,4,4/05/2023,10/06/2023,Asteraceae,Calomeria amaranthoides,Gravity,0.5 to 3,Herb,0.133333333,10,1.1,9,9
Mt Tomah,Low/Moderate,TM80,80,4,10/06/2023,29/06/2023,Asteraceae,Calomeria amaranthoides,Gravity,0.5 to 3,Herb,0.133333333,10,1.1,9,9
Mt Tomah,Low/Moderate,TM80,80,4,29/06/2023,3/08/2023,Asteraceae,Calomeria amaranthoides,Gravity,0.5 to 3,Herb,0.133333333,2,1.1,9,9
Mt Tomah,Low/Moderate,TM80,80,4,30/03/2023,4/05/2023,Ranunculaceae,Clematis aristata,Wind,0.5 to 10,Climber,1.4,2,1.5,9,9
Mt Tomah,Low/Moderate,TM80,80,4,11/02/2023,2/03/2023,Myrtaceae,Eucalyptus blaxlandii,Wind,10 to 25,Tree,0.6,1,2,9,9
Mt Tomah,Low/Moderate,TM80,80,4,29/06/2023,3/08/2023,Cyperaceae,Gahnia sieberiana,Bird or wind,0.5 to 3,Sedge,4.483333333,1,2,9,9
Mt Tomah,Low/Moderate,TM80,80,4,5/12/2023,11/02/2023,Goodeniaceae,Goodenia ovata,Ant,0.5 to 1.5,Shrub,0.3,6,1.5,9,9
Mt Tomah,Low/Moderate,TM80,80,4,11/02/2023,2/03/2023,Goodeniaceae,Goodenia ovata,Ant,0.5 to 1.5,Shrub,0.3,6,1.5,9,9
Mt Tomah,Low/Moderate,TM80,80,4,30/03/2023,4/05/2023,Goodeniaceae,Goodenia ovata,Ant,0.5 to 1.5,Shrub,0.3,1,1.5,9,9
Mt Tomah,Low/Moderate,TM80,80,4,4/05/2023,10/06/2023,Goodeniaceae,Goodenia ovata,Ant,0.5 to 1.5,Shrub,0.3,1,1.5,9,9
Mt Tomah,Low/Moderate,TM80,80,4,10/06/2023,29/06/2023,Goodeniaceae,Goodenia ovata,Ant,0.5 to 1.5,Shrub,0.3,1,1.5,9,9
Mt Tomah,Low/Moderate,TM80,80,4,1/12/2023,21/12/2023,Goodeniaceae,Goodenia ovata,Ant,0.5 to 1.5,Shrub,0.3,3,1.5,9,9
Mt Tomah,Low/Moderate,TM90,90,1,2/03/2023,30/03/2023,Fabaceae,Acacia sp.,Ant,0.5 to 3,Shrub,15.47,1,0.3,16,5
Mt Tomah,Low/Moderate,TM90,90,1,1/12/2023,21/12/2023,Fabaceae,Acacia sp.,Ant,0.5 to 3,Shrub,15.47,15,0.3,16,5
Mt Tomah,Low/Moderate,TM90,90,1,2/03/2023,30/03/2023,Pittosporaceae,Billardiera scandens,Vertebrate,0.5 to 1.5,Climber,2.08,1,0.4,16,5
Mt Tomah,Low/Moderate,TM90,90,1,30/03/2023,4/05/2023,Asteraceae,Calomeria amaranthoides,Gravity,0.5 to 3,Herb,0.133333333,100,0.4,16,5
Mt Tomah,Low/Moderate,TM90,90,1,4/05/2023,10/06/2023,Asteraceae,Calomeria amaranthoides,Gravity,0.5 to 3,Herb,0.133333333,30,0.4,16,5
Mt Tomah,Low/Moderate,TM90,90,1,10/06/2023,29/06/2023,Asteraceae,Calomeria amaranthoides,Gravity,0.5 to 3,Herb,0.133333333,10,0.4,16,5
Mt Tomah,Low/Moderate,TM90,90,1,29/06/2023,3/08/2023,Asteraceae,Calomeria amaranthoides,Gravity,0.5 to 3,Herb,0.133333333,10,0.4,16,5
Mt Tomah,Low/Moderate,TM90,90,1,3/08/2023,7/09/2023,Asteraceae,Calomeria amaranthoides,Gravity,0.5 to 3,Herb,0.133333333,10,0.4,16,5
Mt Tomah,Low/Moderate,TM90,90,1,30/03/2023,4/05/2023,Ranunculaceae,Clematis aristata,Wind,0.5 to 10,Climber,1.4,1,2.5,16,5
Mt Tomah,Low/Moderate,TM90,90,1,30/03/2023,4/05/2023,Cyperaceae,Gahnia sieberiana,Bird or wind,0.5 to 3,Sedge,4.483333333,1,15,16,5
Mt Tomah,Low/Moderate,TM90,90,1,10/06/2023,29/06/2023,Cyperaceae,Gahnia sieberiana,Bird or wind,0.5 to 3,Sedge,4.483333333,1,15,16,5
Mt Tomah,Low/Moderate,TM90,90,1,5/12/2023,11/02/2023,Goodeniaceae,Goodenia ovata,Ant,0.5 to 1.5,Shrub,0.3,1,0.1,16,5
Mt Tomah,Low/Moderate,TM90,90,1,11/02/2023,2/03/2023,Goodeniaceae,Goodenia ovata,Ant,0.5 to 1.5,Shrub,0.3,21,0.1,16,5
Mt Tomah,Low/Moderate,TM90,90,1,2/11/2023,1/12/2023,Goodeniaceae,Goodenia ovata,Ant,0.5 to 1.5,Shrub,0.3,3,0.1,16,5
Mt Tomah,Low/Moderate,TM90,90,1,1/12/2023,21/12/2023,Goodeniaceae,Goodenia ovata,Ant,0.5 to 1.5,Shrub,0.3,12,0.1,16,5
Mt Tomah,Low/Moderate,TM90,90,1,21/12/2023,1/02/2024,Goodeniaceae,Goodenia ovata,Ant,0.5 to 1.5,Shrub,0.3,9,0.1,16,5
Mt Tomah,Low/Moderate,TM90,90,1,2/03/2023,30/03/2023,Fabaceae,Indigofera australis,Ballistic,0.5 to 3,Shrub,3.8,3,1.4,16,5
Mt Tomah,Low/Moderate,TM90,90,1,21/12/2023,1/02/2024,Fabaceae,Kennedia rubicunda,Ant,0.5 to 3,Climber,25.34,4,0.3,16,5
Mt Tomah,Low/Moderate,TM90,90,2,2/03/2023,30/03/2023,Fabaceae,Acacia sp.,Ant,0.5 to 3,Shrub,15.47,2,0.4,1.5,6
Mt Tomah,Low/Moderate,TM90,90,2,2/11/2023,1/12/2023,Fabaceae,Acacia sp.,Ant,0.5 to 3,Shrub,15.47,4,0.4,1.5,6
Mt Tomah,Low/Moderate,TM90,90,2,1/12/2023,21/12/2023,Fabaceae,Acacia sp.,Ant,0.5 to 3,Shrub,15.47,10,0.4,1.5,6
Mt Tomah,Low/Moderate,TM90,90,2,30/03/2023,4/05/2023,Asteraceae,Calomeria amaranthoides,Gravity,0.5 to 3,Herb,0.133333333,20,4,1.5,6
Mt Tomah,Low/Moderate,TM90,90,2,4/05/2023,10/06/2023,Asteraceae,Calomeria amaranthoides,Gravity,0.5 to 3,Herb,0.133333333,10,4,1.5,6
Mt Tomah,Low/Moderate,TM90,90,2,4/05/2023,10/06/2023,Myrtaceae,Eucalyptus fastigata,Wind,10 to 25,Tree,0.615384615,1,5,1.5,6
Mt Tomah,Low/Moderate,TM90,90,2,30/03/2023,4/05/2023,Cyperaceae,Gahnia sieberiana,Bird or wind,0.5 to 3,Sedge,4.483333333,1,2.6,1.5,6
Mt Tomah,Low/Moderate,TM90,90,2,4/05/2023,10/06/2023,Cyperaceae,Gahnia sieberiana,Bird or wind,0.5 to 3,Sedge,4.483333333,1,2.6,1.5,6
Mt Tomah,Low/Moderate,TM90,90,2,10/06/2023,29/06/2023,Cyperaceae,Gahnia sieberiana,Bird or wind,0.5 to 3,Sedge,4.483333333,3,2.6,1.5,6
Mt Tomah,Low/Moderate,TM90,90,2,29/06/2023,3/08/2023,Cyperaceae,Gahnia sieberiana,Bird or wind,0.5 to 3,Sedge,4.483333333,32,2.6,1.5,6
Mt Tomah,Low/Moderate,TM90,90,2,3/08/2023,7/09/2023,Cyperaceae,Gahnia sieberiana,Bird or wind,0.5 to 3,Sedge,4.483333333,1,2.6,1.5,6
Mt Tomah,Low/Moderate,TM90,90,2,5/12/2023,11/02/2023,Goodeniaceae,Goodenia ovata,Ant,0.5 to 1.5,Shrub,0.3,6,0.1,1.5,6
Mt Tomah,Low/Moderate,TM90,90,2,11/02/2023,2/03/2023,Goodeniaceae,Goodenia ovata,Ant,0.5 to 1.5,Shrub,0.3,10,0.1,1.5,6
Mt Tomah,Low/Moderate,TM90,90,2,2/03/2023,30/03/2023,Goodeniaceae,Goodenia ovata,Ant,0.5 to 1.5,Shrub,0.3,9,0.1,1.5,6
Mt Tomah,Low/Moderate,TM90,90,2,2/11/2023,1/12/2023,Goodeniaceae,Goodenia ovata,Ant,0.5 to 1.5,Shrub,0.3,6,0.1,1.5,6
Mt Tomah,Low/Moderate,TM90,90,2,1/12/2023,21/12/2023,Goodeniaceae,Goodenia ovata,Ant,0.5 to 1.5,Shrub,0.3,8,0.1,1.5,6
Mt Tomah,Low/Moderate,TM90,90,2,2/03/2023,30/03/2023,Fabaceae,Indigofera australis,Ballistic,0.5 to 3,Shrub,3.8,1,0.1,1.5,6
Mt Tomah,Low/Moderate,TM90,90,3,5/12/2023,11/02/2023,Fabaceae,Acacia sp.,Ant,0.5 to 3,Shrub,15.47,1,0.3,17,23
Mt Tomah,Low/Moderate,TM90,90,3,11/02/2023,2/03/2023,Fabaceae,Acacia sp.,Ant,0.5 to 3,Shrub,15.47,1,0.3,17,23
Mt Tomah,Low/Moderate,TM90,90,3,30/03/2023,4/05/2023,Asteraceae,Calomeria amaranthoides,Gravity,0.5 to 3,Herb,0.133333333,20,6,17,23
Mt Tomah,Low/Moderate,TM90,90,3,4/05/2023,10/06/2023,Asteraceae,Calomeria amaranthoides,Gravity,0.5 to 3,Herb,0.133333333,10,6,17,23
Mt Tomah,Low/Moderate,TM90,90,3,10/06/2023,29/06/2023,Asteraceae,Calomeria amaranthoides,Gravity,0.5 to 3,Herb,0.133333333,5,6,17,23
Mt Tomah,Low/Moderate,TM90,90,3,30/03/2023,4/05/2023,Ranunculaceae,Clematis aristata,Wind,0.5 to 10,Climber,1.4,1,3.5,17,23
Mt Tomah,Low/Moderate,TM90,90,3,4/05/2023,10/06/2023,Ranunculaceae,Clematis aristata,Wind,0.5 to 10,Climber,1.4,1,3.5,17,23
Mt Tomah,Low/Moderate,TM90,90,3,2/03/2023,30/03/2023,Cyperaceae,Gahnia sieberiana,Bird or wind,0.5 to 3,Sedge,4.483333333,10,4,17,23
Mt Tomah,Low/Moderate,TM90,90,3,30/03/2023,4/05/2023,Cyperaceae,Gahnia sieberiana,Bird or wind,0.5 to 3,Sedge,4.483333333,1,4,17,23
Mt Tomah,Low/Moderate,TM90,90,3,21/12/2023,1/02/2024,Fabaceae,Kennedia rubicunda,Ant,0.5 to 3,Climber,25.34,1,2,17,23
Mt Tomah,Low/Moderate,TM90,90,4,2/03/2023,30/03/2023,Pittosporaceae,Billardiera scandens,Vertebrate,0.5 to 1.5,Climber,2.08,1,1.3,16,31
Mt Tomah,Low/Moderate,TM90,90,4,30/03/2023,4/05/2023,Asteraceae,Calomeria amaranthoides,Gravity,0.5 to 3,Herb,0.133333333,100,4,16,31
Mt Tomah,Low/Moderate,TM90,90,4,4/05/2023,10/06/2023,Asteraceae,Calomeria amaranthoides,Gravity,0.5 to 3,Herb,0.133333333,5,4,16,31
Mt Tomah,Low/Moderate,TM90,90,4,10/06/2023,29/06/2023,Asteraceae,Calomeria amaranthoides,Gravity,0.5 to 3,Herb,0.133333333,5,4,16,31
Mt Tomah,Low/Moderate,TM90,90,4,29/06/2023,3/08/2023,Asteraceae,Calomeria amaranthoides,Gravity,0.5 to 3,Herb,0.133333333,5,4,16,31
Mt Tomah,Low/Moderate,TM90,90,4,30/03/2023,4/05/2023,Ranunculaceae,Clematis aristata,Wind,0.5 to 10,Climber,1.4,1,5,16,31
Mt Tomah,Low/Moderate,TM90,90,4,4/05/2023,10/06/2023,Ranunculaceae,Clematis aristata,Wind,0.5 to 10,Climber,1.4,1,5,16,31
Mt Tomah,Low/Moderate,TM90,90,4,30/03/2023,4/05/2023,Myrtaceae,Eucalyptus blaxlandii,Wind,10 to 25,Tree,0.6,2,0.6,16,31
Mt Tomah,Low/Moderate,TM90,90,4,5/10/2023,2/11/2023,Myrtaceae,Eucalyptus blaxlandii,Wind,10 to 25,Tree,0.6,1,0.6,16,31
Mt Tomah,Low/Moderate,TM90,90,4,21/12/2023,1/02/2024,Myrtaceae,Eucalyptus fastigata,Wind,10 to 25,Tree,0.615384615,7,0.2,16,31
Mt Tomah,Low/Moderate,TM90,90,4,2/11/2023,1/12/2023,Goodeniaceae,Goodenia ovata,Ant,0.5 to 1.5,Shrub,0.3,16,0.1,16,31
Mt Tomah,Low/Moderate,TM90,90,5,30/03/2023,4/05/2023,Asteraceae,Calomeria amaranthoides,Gravity,0.5 to 3,Herb,0.133333333,50,0.5,3,1
Mt Tomah,Low/Moderate,TM90,90,5,4/05/2023,10/06/2023,Asteraceae,Calomeria amaranthoides,Gravity,0.5 to 3,Herb,0.133333333,30,0.5,3,1
Mt Tomah,Low/Moderate,TM90,90,5,10/06/2023,29/06/2023,Asteraceae,Calomeria amaranthoides,Gravity,0.5 to 3,Herb,0.133333333,10,0.5,3,1
Mt Tomah,Low/Moderate,TM90,90,5,29/06/2023,3/08/2023,Asteraceae,Calomeria amaranthoides,Gravity,0.5 to 3,Herb,0.133333333,5,0.5,3,1
Mt Tomah,Low/Moderate,TM90,90,5,30/03/2023,4/05/2023,Ranunculaceae,Clematis aristata,Wind,0.5 to 10,Climber,1.4,1,8,3,1
Mt Tomah,Low/Moderate,TM90,90,5,10/06/2023,29/06/2023,Ranunculaceae,Clematis aristata,Wind,0.5 to 10,Climber,1.4,1,8,3,1
Mt Tomah,Low/Moderate,TM90,90,5,7/09/2023,5/10/2023,Myrtaceae,Eucalyptus blaxlandii,Wind,10 to 25,Tree,0.6,1,0.3,3,1
Mt Tomah,Low/Moderate,TM90,90,5,30/03/2023,4/05/2023,Cyperaceae,Gahnia sieberiana,Bird or wind,0.5 to 3,Sedge,4.483333333,1,6,3,1
Mt Tomah,Low/Moderate,TM90,90,5,2/11/2023,1/12/2023,Goodeniaceae,Goodenia ovata,Ant,0.5 to 1.5,Shrub,0.3,19,0.1,3,1
Mt Tomah,High/Extreme,TH100,100,1,1/12/2023,21/12/2023,Fabaceae,Acacia sp.,Ant,0.5 to 3,Shrub,15.47,1,0.7,7,7
Mt Tomah,High/Extreme,TH100,100,1,30/03/2023,4/05/2023,Asteraceae,Calomeria amaranthoides,Gravity,0.5 to 3,Herb,0.133333333,100,3,7,7
Mt Tomah,High/Extreme,TH100,100,1,4/05/2023,10/06/2023,Asteraceae,Calomeria amaranthoides,Gravity,0.5 to 3,Herb,0.133333333,30,3,7,7
Mt Tomah,High/Extreme,TH100,100,1,10/06/2023,29/06/2023,Asteraceae,Calomeria amaranthoides,Gravity,0.5 to 3,Herb,0.133333333,10,3,7,7
Mt Tomah,High/Extreme,TH100,100,1,29/06/2023,3/08/2023,Asteraceae,Calomeria amaranthoides,Gravity,0.5 to 3,Herb,0.133333333,10,3,7,7
Mt Tomah,High/Extreme,TH100,100,1,30/03/2023,4/05/2023,Ranunculaceae,Clematis aristata,Wind,0.5 to 10,Climber,1.4,2,1.2,7,7
Mt Tomah,High/Extreme,TH100,100,1,4/05/2023,10/06/2023,Ranunculaceae,Clematis aristata,Wind,0.5 to 10,Climber,1.4,1,1.2,7,7
Mt Tomah,High/Extreme,TH100,100,1,29/06/2023,3/08/2023,Cyperaceae,Gahnia sieberiana,Bird or wind,0.5 to 3,Sedge,4.483333333,1,10,7,7
Mt Tomah,High/Extreme,TH100,100,1,11/02/2023,2/03/2023,Goodeniaceae,Goodenia ovata,Ant,0.5 to 1.5,Shrub,0.3,1,2.3,7,7
Mt Tomah,High/Extreme,TH100,100,1,1/12/2023,21/12/2023,Fabaceae,Kennedia rubicunda,Ant,0.5 to 3,Climber,25.34,1,0.6,7,7
Mt Tomah,High/Extreme,TH100,100,2,11/02/2023,2/03/2023,Fabaceae,Acacia sp.,Ant,0.5 to 3,Shrub,15.47,9,0.2,11.5,49
Mt Wilson,High/Extreme,WE55,55,7,30/03/2023,4/05/2023,NA,NA,NA,NA,NA,NA,NA,NA,3.5,6
Mt Wilson,High/Extreme,WE45,45,2,30/03/2023,4/05/2023,NA,NA,NA,NA,NA,NA,NA,NA,0,2
Mt Wilson,High/Extreme,WH35,35,3,30/03/2023,4/05/2023,Nyssaceae,Nyssa sp.,Vertebrate,10 to 25,Tree,98.675,3,Not found,2,0
Mt Tomah,High/Extreme,TH100,100,2,2/03/2023,30/03/2023,Fabaceae,Acacia sp.,Ant,0.5 to 3,Shrub,15.47,6,0.2,11.5,49
Mt Tomah,High/Extreme,TH100,100,2,30/03/2023,4/05/2023,Fabaceae,Acacia sp.,Ant,0.5 to 3,Shrub,15.47,1,0.2,11.5,49
Mt Tomah,High/Extreme,TH100,100,2,30/03/2023,4/05/2023,Asteraceae,Calomeria amaranthoides,Gravity,0.5 to 3,Herb,0.133333333,100,0.1,11.5,49
Mt Tomah,High/Extreme,TH100,100,2,4/05/2023,10/06/2023,Asteraceae,Calomeria amaranthoides,Gravity,0.5 to 3,Herb,0.133333333,50,0.1,11.5,49
Mt Tomah,High/Extreme,TH100,100,2,10/06/2023,29/06/2023,Asteraceae,Calomeria amaranthoides,Gravity,0.5 to 3,Herb,0.133333333,30,0.1,11.5,49
Mt Tomah,High/Extreme,TH100,100,2,29/06/2023,3/08/2023,Asteraceae,Calomeria amaranthoides,Gravity,0.5 to 3,Herb,0.133333333,10,0.1,11.5,49
Mt Tomah,High/Extreme,TH100,100,2,3/08/2023,7/09/2023,Asteraceae,Calomeria amaranthoides,Gravity,0.5 to 3,Herb,0.133333333,10,0.1,11.5,49
Mt Wilson,Low/Moderate,WL25,25,1,30/03/2023,4/05/2023,NA,NA,NA,NA,NA,NA,NA,NA,0.5,7
Mt Tomah,High/Extreme,TH100,100,2,7/09/2023,5/10/2023,Asteraceae,Calomeria amaranthoides,Gravity,0.5 to 3,Herb,0.133333333,2,0.1,11.5,49
Mt Tomah,High/Extreme,TH100,100,2,2/11/2023,1/12/2023,Asteraceae,Calomeria amaranthoides,Gravity,0.5 to 3,Herb,0.133333333,1,0.1,11.5,49
Mt Wilson,High/Extreme,WE55,55,2,30/03/2023,4/05/2023,NA,NA,NA,NA,NA,NA,NA,NA,8,12
Mt Wilson,High/Extreme,WH35,35,2,30/03/2023,4/05/2023,NA,NA,NA,NA,NA,NA,NA,NA,17,113
Mt Wilson,High/Extreme,WH35,35,4,30/03/2023,4/05/2023,Nyssaceae,Nyssa sp.,Vertebrate,10 to 25,Tree,98.675,2,Not found,3,42
Mt Tomah,High/Extreme,TH100,100,2,2/03/2023,30/03/2023,Ranunculaceae,Clematis aristata,Wind,0.5 to 10,Climber,1.4,2,2,11.5,49
Mt Wilson,Low/Moderate,WL25,25,2,30/03/2023,4/05/2023,NA,NA,NA,NA,NA,NA,NA,NA,30,13
Mt Wilson,Low/Moderate,WL25,25,3,30/03/2023,4/05/2023,NA,NA,NA,NA,NA,NA,NA,NA,31,26
Mt Wilson,High/Extreme,WE55,55,9,30/03/2023,4/05/2023,NA,NA,NA,NA,NA,NA,NA,NA,5,18
Mt Wilson,High/Extreme,WE55,55,8,30/03/2023,4/05/2023,NA,NA,NA,NA,NA,NA,NA,NA,0.5,6
Mt Tomah,High/Extreme,TH100,100,2,30/03/2023,4/05/2023,Ranunculaceae,Clematis aristata,Wind,0.5 to 10,Climber,1.4,4,2,11.5,49
Mt Tomah,High/Extreme,TH100,100,2,3/08/2023,7/09/2023,Cyperaceae,Gahnia sieberiana,Bird or wind,0.5 to 3,Sedge,4.483333333,6,7,11.5,49
Mt Tomah,High/Extreme,TH100,100,2,7/09/2023,5/10/2023,Cyperaceae,Gahnia sieberiana,Bird or wind,0.5 to 3,Sedge,4.483333333,1,7,11.5,49
Mt Tomah,High/Extreme,TH100,100,2,5/12/2023,11/02/2023,Geraniaceae,Geranium homeanum,Ballistic,0.1 to 0.5,Herb,3,1,2,11.5,49
Mt Tomah,High/Extreme,TH100,100,2,1/12/2023,21/12/2023,Fabaceae,Kennedia rubicunda,Ant,0.5 to 3,Climber,25.34,1,0.1,11.5,49
Mt Tomah,High/Extreme,TH100,100,2,21/12/2023,1/02/2024,Fabaceae,Kennedia rubicunda,Ant,0.5 to 3,Climber,25.34,2,0.1,11.5,49
Mt Tomah,High/Extreme,TH100,100,3,2/03/2023,30/03/2023,Fabaceae,Acacia sp.,Ant,0.5 to 3,Shrub,15.47,1,1.6,16,14
Mt Tomah,High/Extreme,TH100,100,3,30/03/2023,4/05/2023,Asteraceae,Calomeria amaranthoides,Gravity,0.5 to 3,Herb,0.133333333,100,0.4,16,14
Mt Tomah,High/Extreme,TH100,100,3,4/05/2023,10/06/2023,Asteraceae,Calomeria amaranthoides,Gravity,0.5 to 3,Herb,0.133333333,20,0.4,16,14
Mt Tomah,High/Extreme,TH100,100,3,10/06/2023,29/06/2023,Asteraceae,Calomeria amaranthoides,Gravity,0.5 to 3,Herb,0.133333333,30,0.4,16,14
Mt Tomah,High/Extreme,TH100,100,3,29/06/2023,3/08/2023,Asteraceae,Calomeria amaranthoides,Gravity,0.5 to 3,Herb,0.133333333,5,0.4,16,14
Mt Tomah,High/Extreme,TH100,100,3,30/03/2023,4/05/2023,Ranunculaceae,Clematis aristata,Wind,0.5 to 10,Climber,1.4,5,4,16,14
Mt Tomah,High/Extreme,TH100,100,3,2/03/2023,30/03/2023,Cyperaceae,Gahnia sieberiana,Bird or wind,0.5 to 3,Sedge,4.483333333,1,4,16,14
Mt Tomah,High/Extreme,TH100,100,3,2/11/2023,1/12/2023,Goodeniaceae,Goodenia ovata,Ant,0.5 to 1.5,Shrub,0.3,1,0.4,16,14
Mt Tomah,High/Extreme,TH100,100,4,30/03/2023,4/05/2023,Asteraceae,Calomeria amaranthoides,Gravity,0.5 to 3,Herb,0.133333333,100,0.3,38,39
Mt Wilson,High/Extreme,WE45,45,7,30/03/2023,4/05/2023,NA,NA,NA,NA,NA,NA,NA,NA,0,4
Mt Wilson,High/Extreme,WH35,35,1,30/03/2023,4/05/2023,NA,NA,NA,NA,NA,NA,NA,NA,8.5,43
Mt Tomah,High/Extreme,TH100,100,4,4/05/2023,10/06/2023,Asteraceae,Calomeria amaranthoides,Gravity,0.5 to 3,Herb,0.133333333,50,0.3,38,39
Mt Tomah,High/Extreme,TH100,100,4,10/06/2023,29/06/2023,Asteraceae,Calomeria amaranthoides,Gravity,0.5 to 3,Herb,0.133333333,20,0.3,38,39
Mt Tomah,High/Extreme,TH100,100,4,29/06/2023,3/08/2023,Asteraceae,Calomeria amaranthoides,Gravity,0.5 to 3,Herb,0.133333333,10,0.3,38,39
Mt Tomah,High/Extreme,TH100,100,4,5/10/2023,2/11/2023,Asteraceae,Calomeria amaranthoides,Gravity,0.5 to 3,Herb,0.133333333,1,0.3,38,39
Mt Wilson,Unburnt,WU20,-20,1,30/03/2023,4/05/2023,NA,NA,NA,NA,NA,NA,NA,NA,16,6
Mt Tomah,High/Extreme,TH100,100,4,5/12/2023,11/02/2023,Ranunculaceae,Clematis aristata,Wind,0.5 to 10,Climber,1.4,5,8,38,39
Mt Tomah,High/Extreme,TH100,100,4,5/10/2023,2/11/2023,Ranunculaceae,Clematis aristata,Wind,0.5 to 10,Climber,1.4,3,8,38,39
Mt Tomah,High/Extreme,TH100,100,4,5/12/2023,11/02/2023,Poaceae,Entolasia marginata,Gravity,0.1 to 0.5,Grass,1.9,1,0.3,38,39
Mt Wilson,Unburnt,WU20,-20,2,30/03/2023,4/05/2023,NA,NA,NA,NA,NA,NA,NA,NA,20,15
Mt Tomah,High/Extreme,TH100,100,4,11/02/2023,2/03/2023,Poaceae,Entolasia marginata,Gravity,0.1 to 0.5,Grass,1.9,1,0.3,38,39
Mt Tomah,High/Extreme,TH100,100,4,3/08/2023,7/09/2023,Myrtaceae,Eucalyptus blaxlandii,Wind,10 to 25,Tree,0.6,1,4.5,38,39
Mt Tomah,High/Extreme,TH100,100,4,11/02/2023,2/03/2023,Cyperaceae,Gahnia sieberiana,Bird or wind,0.5 to 3,Sedge,4.483333333,1,4,38,39
Mt Tomah,High/Extreme,TH100,100,4,2/03/2023,30/03/2023,Cyperaceae,Gahnia sieberiana,Bird or wind,0.5 to 3,Sedge,4.483333333,3,4,38,39
Mt Tomah,High/Extreme,TH100,100,4,30/03/2023,4/05/2023,Cyperaceae,Gahnia sieberiana,Bird or wind,0.5 to 3,Sedge,4.483333333,8,4,38,39
Mt Tomah,High/Extreme,TH100,100,4,10/06/2023,29/06/2023,Cyperaceae,Gahnia sieberiana,Bird or wind,0.5 to 3,Sedge,4.483333333,1,4,38,39
Mt Tomah,High/Extreme,TH100,100,4,29/06/2023,3/08/2023,Cyperaceae,Gahnia sieberiana,Bird or wind,0.5 to 3,Sedge,4.483333333,1,4,38,39
Mt Tomah,High/Extreme,TH100,100,4,3/08/2023,7/09/2023,Cyperaceae,Gahnia sieberiana,Bird or wind,0.5 to 3,Sedge,4.483333333,2,4,38,39
Mt Tomah,High/Extreme,TH100,100,4,3/08/2023,7/09/2023,Fabaceae,Glycine clandestina,Ant,0.5 to 1.5,Climber,5.35,1,0.4,38,39
Mt Tomah,High/Extreme,TH100,100,4,5/12/2023,11/02/2023,Goodeniaceae,Goodenia ovata,Ant,0.5 to 1.5,Shrub,0.3,9,0.1,38,39
Mt Wilson,Low/Moderate,WL10,10,3,30/03/2023,4/05/2023,NA,NA,NA,NA,NA,NA,NA,NA,6,8
Mt Tomah,High/Extreme,TH100,100,4,2/03/2023,30/03/2023,Goodeniaceae,Goodenia ovata,Ant,0.5 to 1.5,Shrub,0.3,1,0.1,38,39
Mt Tomah,High/Extreme,TH100,100,4,2/11/2023,1/12/2023,Goodeniaceae,Goodenia ovata,Ant,0.5 to 1.5,Shrub,0.3,150,0.1,38,39
Mt Tomah,High/Extreme,TH100,100,4,1/12/2023,21/12/2023,Goodeniaceae,Goodenia ovata,Ant,0.5 to 1.5,Shrub,0.3,64,0.1,38,39
Mt Tomah,High/Extreme,TH100,100,4,1/12/2023,21/12/2023,Fabaceae,Kennedia rubicunda,Ant,0.5 to 3,Climber,25.34,1,4,38,39
Mt Tomah,Low/Moderate,TM40,40,3,4/05/2023,10/06/2023,NA,NA,NA,NA,NA,NA,NA,NA,7,24
Mt Tomah,High/Extreme,TH100,100,5,11/02/2023,2/03/2023,Fabaceae,Acacia sp.,Ant,0.5 to 3,Shrub,15.47,1,3,39,18
Mt Tomah,High/Extreme,TH100,100,5,2/03/2023,30/03/2023,Fabaceae,Acacia sp.,Ant,0.5 to 3,Shrub,15.47,4,3,39,18
Mt Tomah,High/Extreme,TH100,100,5,30/03/2023,4/05/2023,Asteraceae,Calomeria amaranthoides,Gravity,0.5 to 3,Herb,0.133333333,100,0.4,39,18
Mt Tomah,High/Extreme,TH100,100,5,4/05/2023,10/06/2023,Asteraceae,Calomeria amaranthoides,Gravity,0.5 to 3,Herb,0.133333333,100,0.4,39,18
Mt Tomah,High/Extreme,TH100,100,5,29/06/2023,3/08/2023,Asteraceae,Calomeria amaranthoides,Gravity,0.5 to 3,Herb,0.133333333,20,0.4,39,18
Mt Tomah,High/Extreme,TH100,100,5,3/08/2023,7/09/2023,Asteraceae,Calomeria amaranthoides,Gravity,0.5 to 3,Herb,0.133333333,20,0.4,39,18
Mt Tomah,High/Extreme,TH100,100,5,2/11/2023,1/12/2023,Asteraceae,Calomeria amaranthoides,Gravity,0.5 to 3,Herb,0.133333333,1,0.4,39,18
Mt Tomah,High/Extreme,TH100,100,5,30/03/2023,4/05/2023,Ranunculaceae,Clematis aristata,Wind,0.5 to 10,Climber,1.4,5,2.2,39,18
Mt Tomah,High/Extreme,TH100,100,5,11/02/2023,2/03/2023,Myrtaceae,Eucalyptus blaxlandii,Wind,10 to 25,Tree,0.6,1,6,39,18
Mt Tomah,High/Extreme,TH100,100,5,2/03/2023,30/03/2023,Cyperaceae,Gahnia sieberiana,Bird or wind,0.5 to 3,Sedge,4.483333333,1,2.7,39,18
Mt Tomah,High/Extreme,TH100,100,5,29/06/2023,3/08/2023,Cyperaceae,Gahnia sieberiana,Bird or wind,0.5 to 3,Sedge,4.483333333,11,2.7,39,18
Mt Tomah,High/Extreme,TH100,100,5,3/08/2023,7/09/2023,Cyperaceae,Gahnia sieberiana,Bird or wind,0.5 to 3,Sedge,4.483333333,20,2.7,39,18
Mt Tomah,High/Extreme,TH100,100,5,7/09/2023,5/10/2023,Cyperaceae,Gahnia sieberiana,Bird or wind,0.5 to 3,Sedge,4.483333333,1,2.7,39,18
Mt Tomah,High/Extreme,TH100,100,5,5/10/2023,2/11/2023,Cyperaceae,Gahnia sieberiana,Bird or wind,0.5 to 3,Sedge,4.483333333,2,2.7,39,18
Mt Tomah,High/Extreme,TH100,100,5,2/11/2023,1/12/2023,Cyperaceae,Gahnia sieberiana,Bird or wind,0.5 to 3,Sedge,4.483333333,1,2.7,39,18
Mt Tomah,High/Extreme,TH100,100,5,7/09/2023,5/10/2023,Goodeniaceae,Goodenia ovata,Ant,0.5 to 1.5,Shrub,0.3,1,0.2,39,18
Mt Tomah,High/Extreme,TH100,100,5,2/11/2023,1/12/2023,Goodeniaceae,Goodenia ovata,Ant,0.5 to 1.5,Shrub,0.3,1,0.2,39,18
Mt Tomah,High/Extreme,TH100,100,5,1/12/2023,21/12/2023,Fabaceae,Kennedia rubicunda,Ant,0.5 to 3,Climber,25.34,9,0.5,39,18
Mt Tomah,High/Extreme,TH100,100,5,21/12/2023,1/02/2024,Fabaceae,Kennedia rubicunda,Ant,0.5 to 3,Climber,25.34,2,0.5,39,18
Mt Tomah,High/Extreme,TH100,100,6,30/03/2023,4/05/2023,Asteraceae,Calomeria amaranthoides,Gravity,0.5 to 3,Herb,0.133333333,100,0.7,3,6
Mt Tomah,High/Extreme,TH100,100,6,4/05/2023,10/06/2023,Asteraceae,Calomeria amaranthoides,Gravity,0.5 to 3,Herb,0.133333333,30,0.7,3,6
Mt Tomah,High/Extreme,TH100,100,6,10/06/2023,29/06/2023,Asteraceae,Calomeria amaranthoides,Gravity,0.5 to 3,Herb,0.133333333,50,0.7,3,6
Mt Tomah,High/Extreme,TH100,100,6,29/06/2023,3/08/2023,Asteraceae,Calomeria amaranthoides,Gravity,0.5 to 3,Herb,0.133333333,15,0.7,3,6
Mt Tomah,High/Extreme,TH100,100,6,7/09/2023,5/10/2023,Asteraceae,Calomeria amaranthoides,Gravity,0.5 to 3,Herb,0.133333333,4,0.7,3,6
Mt Tomah,High/Extreme,TH100,100,6,2/03/2023,30/03/2023,Myrtaceae,Eucalyptus blaxlandii,Wind,10 to 25,Tree,0.6,1,3,3,6
Mt Tomah,High/Extreme,TH100,100,6,7/09/2023,5/10/2023,Myrtaceae,Eucalyptus blaxlandii,Wind,10 to 25,Tree,0.6,1,3,3,6
Mt Tomah,High/Extreme,TH100,100,6,29/06/2023,3/08/2023,Cyperaceae,Gahnia sieberiana,Bird or wind,0.5 to 3,Sedge,4.483333333,1,2.7,3,6
Mt Tomah,High/Extreme,TH100,100,6,3/08/2023,7/09/2023,Cyperaceae,Gahnia sieberiana,Bird or wind,0.5 to 3,Sedge,4.483333333,3,2.7,3,6
Mt Tomah,High/Extreme,TH100,100,7,5/12/2023,11/02/2023,Fabaceae,Acacia sp.,Ant,0.5 to 3,Shrub,15.47,31,0.2,107,8
Mt Tomah,High/Extreme,TH100,100,7,11/02/2023,2/03/2023,Fabaceae,Acacia sp.,Ant,0.5 to 3,Shrub,15.47,1,0.2,107,8
Mt Tomah,High/Extreme,TH100,100,7,2/11/2023,1/12/2023,Fabaceae,Acacia sp.,Ant,0.5 to 3,Shrub,15.47,17,0.2,107,8
Mt Tomah,High/Extreme,TH100,100,7,1/12/2023,21/12/2023,Fabaceae,Acacia sp.,Ant,0.5 to 3,Shrub,15.47,63,0.2,107,8
Mt Tomah,High/Extreme,TH100,100,7,21/12/2023,1/02/2024,Fabaceae,Acacia sp.,Ant,0.5 to 3,Shrub,15.47,7,0.2,107,8
Mt Tomah,High/Extreme,TH100,100,7,30/03/2023,4/05/2023,Asteraceae,Calomeria amaranthoides,Gravity,0.5 to 3,Herb,0.133333333,100,0.2,107,8
Mt Tomah,High/Extreme,TH100,100,7,4/05/2023,10/06/2023,Asteraceae,Calomeria amaranthoides,Gravity,0.5 to 3,Herb,0.133333333,50,0.2,107,8
Mt Tomah,High/Extreme,TH100,100,7,10/06/2023,29/06/2023,Asteraceae,Calomeria amaranthoides,Gravity,0.5 to 3,Herb,0.133333333,10,0.2,107,8
Mt Tomah,High/Extreme,TH100,100,7,29/06/2023,3/08/2023,Asteraceae,Calomeria amaranthoides,Gravity,0.5 to 3,Herb,0.133333333,10,0.2,107,8
Mt Tomah,High/Extreme,TH100,100,7,3/08/2023,7/09/2023,Asteraceae,Calomeria amaranthoides,Gravity,0.5 to 3,Herb,0.133333333,20,0.2,107,8
Mt Tomah,High/Extreme,TH100,100,7,7/09/2023,5/10/2023,Asteraceae,Calomeria amaranthoides,Gravity,0.5 to 3,Herb,0.133333333,1,0.2,107,8
Mt Tomah,High/Extreme,TH100,100,7,10/06/2023,29/06/2023,Myrtaceae,Eucalyptus blaxlandii,Wind,10 to 25,Tree,0.6,4,5.5,107,8
Mt Tomah,High/Extreme,TH100,100,7,5/12/2023,11/02/2023,Myrtaceae,Eucalyptus blaxlandii,Wind,10 to 25,Tree,0.6,2,5.5,107,8
Mt Tomah,High/Extreme,TH100,100,7,2/03/2023,30/03/2023,Cyperaceae,Gahnia sieberiana,Bird or wind,0.5 to 3,Sedge,4.483333333,4,4.5,107,8
Mt Tomah,High/Extreme,TH100,100,7,30/03/2023,4/05/2023,Cyperaceae,Gahnia sieberiana,Bird or wind,0.5 to 3,Sedge,4.483333333,4,4.5,107,8
Mt Tomah,High/Extreme,TH100,100,7,5/12/2023,11/02/2023,Goodeniaceae,Goodenia ovata,Ant,0.5 to 1.5,Shrub,0.3,2,0.3,107,8
Mt Tomah,High/Extreme,TH100,100,7,2/11/2023,1/12/2023,Goodeniaceae,Goodenia ovata,Ant,0.5 to 1.5,Shrub,0.3,6,0.3,107,8
Mt Tomah,High/Extreme,TH100,100,7,21/12/2023,1/02/2024,Fabaceae,Kennedia rubicunda,Ant,0.5 to 3,Climber,25.34,6,0.3,107,8
Mt Tomah,High/Extreme,TH110,110,1,2/11/2023,1/12/2023,Fabaceae,Acacia sp.,Ant,0.5 to 3,Shrub,15.47,4,0.1,6,27
Mt Tomah,High/Extreme,TH110,110,1,1/12/2023,21/12/2023,Fabaceae,Acacia sp.,Ant,0.5 to 3,Shrub,15.47,10,0.1,6,27
Mt Tomah,High/Extreme,TH110,110,1,30/03/2023,4/05/2023,Asteraceae,Calomeria amaranthoides,Gravity,0.5 to 3,Herb,0.133333333,100,1.8,6,27
Mt Tomah,High/Extreme,TH110,110,1,4/05/2023,10/06/2023,Asteraceae,Calomeria amaranthoides,Gravity,0.5 to 3,Herb,0.133333333,30,1.8,6,27
Mt Tomah,High/Extreme,TH110,110,1,10/06/2023,29/06/2023,Asteraceae,Calomeria amaranthoides,Gravity,0.5 to 3,Herb,0.133333333,30,1.8,6,27
Mt Tomah,High/Extreme,TH110,110,1,29/06/2023,3/08/2023,Asteraceae,Calomeria amaranthoides,Gravity,0.5 to 3,Herb,0.133333333,15,1.8,6,27
Mt Tomah,High/Extreme,TH110,110,1,30/03/2023,4/05/2023,Ranunculaceae,Clematis aristata,Wind,0.5 to 10,Climber,1.4,1,2,6,27
Mt Tomah,High/Extreme,TH110,110,1,5/12/2023,11/02/2023,Fabaceae,Daviesia ulicifolia,Ant,0.5 to 1.5,Shrub,6.2,1,2,6,27
Mt Tomah,High/Extreme,TH110,110,1,30/03/2023,4/05/2023,Myrtaceae,Eucalyptus fastigata,Wind,10 to 25,Tree,0.615384615,1,1.75,6,27
Mt Tomah,High/Extreme,TH110,110,1,4/05/2023,10/06/2023,Myrtaceae,Eucalyptus fastigata,Wind,10 to 25,Tree,0.615384615,8,1.75,6,27
Mt Tomah,High/Extreme,TH110,110,1,10/06/2023,29/06/2023,Myrtaceae,Eucalyptus fastigata,Wind,10 to 25,Tree,0.615384615,2,1.75,6,27
Mt Tomah,High/Extreme,TH110,110,1,29/06/2023,3/08/2023,Myrtaceae,Eucalyptus fastigata,Wind,10 to 25,Tree,0.615384615,2,1.75,6,27
Mt Tomah,High/Extreme,TH110,110,1,7/09/2023,5/10/2023,Myrtaceae,Eucalyptus fastigata,Wind,10 to 25,Tree,0.615384615,6,1.75,6,27
Mt Tomah,High/Extreme,TH110,110,1,5/10/2023,2/11/2023,Myrtaceae,Eucalyptus fastigata,Wind,10 to 25,Tree,0.615384615,1,1.75,6,27
Mt Tomah,High/Extreme,TH110,110,1,11/02/2023,2/03/2023,Cyperaceae,Gahnia sieberiana,Bird or wind,0.5 to 3,Sedge,4.483333333,1,1.7,6,27
Mt Tomah,High/Extreme,TH110,110,1,2/03/2023,30/03/2023,Cyperaceae,Gahnia sieberiana,Bird or wind,0.5 to 3,Sedge,4.483333333,2,1.7,6,27
Mt Tomah,High/Extreme,TH110,110,1,30/03/2023,4/05/2023,Cyperaceae,Gahnia sieberiana,Bird or wind,0.5 to 3,Sedge,4.483333333,1,1.7,6,27
Mt Tomah,High/Extreme,TH110,110,1,29/06/2023,3/08/2023,Cyperaceae,Gahnia sieberiana,Bird or wind,0.5 to 3,Sedge,4.483333333,57,1.7,6,27
Mt Tomah,High/Extreme,TH110,110,1,5/12/2023,11/02/2023,Geraniaceae,Geranium homeanum,Ballistic,0.1 to 0.5,Herb,3,1,0.95,6,27
Mt Tomah,High/Extreme,TH110,110,1,11/02/2023,2/03/2023,Fabaceae,Indigofera australis,Ballistic,0.5 to 3,Shrub,3.8,1,0.6,6,27
Mt Tomah,High/Extreme,TH110,110,2,2/03/2023,30/03/2023,Fabaceae,Acacia sp.,Ant,0.5 to 3,Shrub,15.47,2,0.7,25,32
Mt Tomah,High/Extreme,TH110,110,2,2/11/2023,1/12/2023,Fabaceae,Acacia sp.,Ant,0.5 to 3,Shrub,15.47,12,0.7,25,32
Mt Tomah,High/Extreme,TH110,110,2,1/12/2023,21/12/2023,Fabaceae,Acacia sp.,Ant,0.5 to 3,Shrub,15.47,122,0.7,25,32
Mt Tomah,High/Extreme,TH110,110,2,21/12/2023,1/02/2024,Fabaceae,Acacia sp.,Ant,0.5 to 3,Shrub,15.47,2,0.7,25,32
Mt Tomah,High/Extreme,TH110,110,2,30/03/2023,4/05/2023,Asteraceae,Calomeria amaranthoides,Gravity,0.5 to 3,Herb,0.133333333,100,1.4,25,32
Mt Tomah,High/Extreme,TH110,110,2,4/05/2023,10/06/2023,Asteraceae,Calomeria amaranthoides,Gravity,0.5 to 3,Herb,0.133333333,30,1.4,25,32
Mt Tomah,High/Extreme,TH110,110,2,10/06/2023,29/06/2023,Asteraceae,Calomeria amaranthoides,Gravity,0.5 to 3,Herb,0.133333333,50,1.4,25,32
Mt Tomah,High/Extreme,TH110,110,2,29/06/2023,3/08/2023,Asteraceae,Calomeria amaranthoides,Gravity,0.5 to 3,Herb,0.133333333,30,1.4,25,32
Mt Tomah,High/Extreme,TH110,110,2,7/09/2023,5/10/2023,Asteraceae,Calomeria amaranthoides,Gravity,0.5 to 3,Herb,0.133333333,1,1.4,25,32
Mt Tomah,High/Extreme,TH110,110,2,2/11/2023,1/12/2023,Asteraceae,Calomeria amaranthoides,Gravity,0.5 to 3,Herb,0.133333333,1,1.4,25,32
Mt Tomah,High/Extreme,TH110,110,2,5/12/2023,11/02/2023,Poaceae,Echinopogon ovatus,Adhesion,0.1 to 0.5,Grass,0.7,11,2,25,32
Mt Tomah,High/Extreme,TH110,110,2,30/03/2023,4/05/2023,Poaceae,Entolasia marginata,Gravity,0.1 to 0.5,Grass,1.9,1,0.2,25,32
Mt Tomah,High/Extreme,TH110,110,2,10/06/2023,29/06/2023,Myrtaceae,Eucalyptus fastigata,Wind,10 to 25,Tree,0.615384615,4,3.4,25,32
Mt Tomah,High/Extreme,TH110,110,2,7/09/2023,5/10/2023,Myrtaceae,Eucalyptus fastigata,Wind,10 to 25,Tree,0.615384615,5,3.4,25,32
Mt Wilson,High/Extreme,WE45,45,8,4/05/2023,10/06/2023,NA,NA,NA,NA,NA,NA,NA,NA,1,7
Mt Wilson,High/Extreme,WE45,45,6,4/05/2023,10/06/2023,NA,NA,NA,NA,NA,NA,NA,NA,0.5,4
Mt Wilson,High/Extreme,WE55,55,9,4/05/2023,10/06/2023,NA,NA,NA,NA,NA,NA,NA,NA,5,18
Mt Tomah,High/Extreme,TH110,110,2,21/12/2023,1/02/2024,Myrtaceae,Eucalyptus fastigata,Wind,10 to 25,Tree,0.615384615,1,3.4,25,32
Mt Wilson,High/Extreme,WE55,55,2,4/05/2023,10/06/2023,NA,NA,NA,NA,NA,NA,NA,NA,8,12
Mt Wilson,High/Extreme,WE55,55,1,4/05/2023,10/06/2023,NA,NA,NA,NA,NA,NA,NA,NA,1.5,3
Mt Wilson,High/Extreme,WE45,45,2,4/05/2023,10/06/2023,NA,NA,NA,NA,NA,NA,NA,NA,0,2
Mt Wilson,High/Extreme,WE45,45,3,4/05/2023,10/06/2023,NA,NA,NA,NA,NA,NA,NA,NA,4,22
Mt Wilson,High/Extreme,WE45,45,7,4/05/2023,10/06/2023,NA,NA,NA,NA,NA,NA,NA,NA,0,4
Mt Wilson,High/Extreme,WH35,35,4,4/05/2023,10/06/2023,NA,NA,NA,NA,NA,NA,NA,NA,3,42
Mt Tomah,High/Extreme,TH110,110,2,30/03/2023,4/05/2023,Cyperaceae,Gahnia sieberiana,Bird or wind,0.5 to 3,Sedge,4.483333333,2,0.7,25,32
Mt Tomah,High/Extreme,TH110,110,2,29/06/2023,3/08/2023,Cyperaceae,Gahnia sieberiana,Bird or wind,0.5 to 3,Sedge,4.483333333,13,0.7,25,32
Mt Tomah,High/Extreme,TH110,110,2,3/08/2023,7/09/2023,Cyperaceae,Gahnia sieberiana,Bird or wind,0.5 to 3,Sedge,4.483333333,6,0.7,25,32
Mt Wilson,High/Extreme,WH35,35,5,4/05/2023,10/06/2023,NA,NA,NA,NA,NA,NA,NA,NA,0,1
Mt Tomah,High/Extreme,TH110,110,2,21/12/2023,1/02/2024,Fabaceae,Kennedia rubicunda,Ant,0.5 to 3,Climber,25.34,1,0.6,25,32
Mt Tomah,High/Extreme,TH110,110,3,2/11/2023,1/12/2023,Fabaceae,Acacia sp.,Ant,0.5 to 3,Shrub,15.47,4,0.6,6,3
Mt Tomah,High/Extreme,TH110,110,3,1/12/2023,21/12/2023,Fabaceae,Acacia sp.,Ant,0.5 to 3,Shrub,15.47,24,0.6,6,3
Mt Wilson,Low/Moderate,WL25,25,2,4/05/2023,10/06/2023,NA,NA,NA,NA,NA,NA,NA,NA,30,13
Mt Wilson,High/Extreme,WH35,35,2,4/05/2023,10/06/2023,NA,NA,NA,NA,NA,NA,NA,NA,17,113
Mt Wilson,High/Extreme,WE45,45,4,4/05/2023,10/06/2023,NA,NA,NA,NA,NA,NA,NA,NA,0.5,1
Mt Tomah,High/Extreme,TH110,110,3,30/03/2023,4/05/2023,Asteraceae,Calomeria amaranthoides,Gravity,0.5 to 3,Herb,0.133333333,100,1.4,6,3
Mt Tomah,High/Extreme,TH110,110,3,4/05/2023,10/06/2023,Asteraceae,Calomeria amaranthoides,Gravity,0.5 to 3,Herb,0.133333333,30,1.4,6,3
Mt Wilson,High/Extreme,WE55,55,6,4/05/2023,10/06/2023,NA,NA,NA,NA,NA,NA,NA,NA,2,2
Mt Wilson,High/Extreme,WE55,55,7,4/05/2023,10/06/2023,NA,NA,NA,NA,NA,NA,NA,NA,3.5,6
Mt Tomah,High/Extreme,TH110,110,3,10/06/2023,29/06/2023,Asteraceae,Calomeria amaranthoides,Gravity,0.5 to 3,Herb,0.133333333,50,1.4,6,3
Mt Tomah,High/Extreme,TH110,110,3,29/06/2023,3/08/2023,Asteraceae,Calomeria amaranthoides,Gravity,0.5 to 3,Herb,0.133333333,20,1.4,6,3
Mt Tomah,High/Extreme,TH110,110,3,4/05/2023,10/06/2023,Myrtaceae,Eucalyptus fastigata,Wind,10 to 25,Tree,0.615384615,1,6.5,6,3
Mt Wilson,High/Extreme,WE55,55,3,4/05/2023,10/06/2023,NA,NA,NA,NA,NA,NA,NA,NA,3,9
Mt Tomah,High/Extreme,TH110,110,3,10/06/2023,29/06/2023,Myrtaceae,Eucalyptus fastigata,Wind,10 to 25,Tree,0.615384615,1,6.5,6,3
Mt Wilson,Low/Moderate,WL10,10,2,4/05/2023,10/06/2023,NA,NA,NA,NA,NA,NA,NA,NA,16,14
Mt Wilson,Low/Moderate,WL10,10,3,4/05/2023,10/06/2023,NA,NA,NA,NA,NA,NA,NA,NA,6,8
Mt Wilson,Low/Moderate,WL10,10,1,4/05/2023,10/06/2023,NA,NA,NA,NA,NA,NA,NA,NA,2.5,115
Mt Wilson,Unburnt,WU10,-10,1,4/05/2023,10/06/2023,NA,NA,NA,NA,NA,NA,NA,NA,6,61
Mt Tomah,High/Extreme,TH110,110,3,29/06/2023,3/08/2023,Myrtaceae,Eucalyptus fastigata,Wind,10 to 25,Tree,0.615384615,1,6.5,6,3
Mt Tomah,High/Extreme,TH110,110,3,2/03/2023,30/03/2023,Cyperaceae,Gahnia sieberiana,Bird or wind,0.5 to 3,Sedge,4.483333333,1,0.5,6,3
Mt Tomah,High/Extreme,TH110,110,3,4/05/2023,10/06/2023,Cyperaceae,Gahnia sieberiana,Bird or wind,0.5 to 3,Sedge,4.483333333,1,0.5,6,3
Mt Tomah,High/Extreme,TH110,110,3,10/06/2023,29/06/2023,Cyperaceae,Gahnia sieberiana,Bird or wind,0.5 to 3,Sedge,4.483333333,14,0.5,6,3
Mt Tomah,High/Extreme,TH110,110,3,29/06/2023,3/08/2023,Cyperaceae,Gahnia sieberiana,Bird or wind,0.5 to 3,Sedge,4.483333333,1,0.5,6,3
Mt Tomah,High/Extreme,TH110,110,3,3/08/2023,7/09/2023,Cyperaceae,Gahnia sieberiana,Bird or wind,0.5 to 3,Sedge,4.483333333,3,0.5,6,3
Mt Tomah,High/Extreme,TH110,110,3,1/12/2023,21/12/2023,Fabaceae,Kennedia rubicunda,Ant,0.5 to 3,Climber,25.34,1,0.7,6,3
Mt Wilson,Unburnt,WU20,-20,1,4/05/2023,10/06/2023,NA,NA,NA,NA,NA,NA,NA,NA,16,6
Mt Tomah,High/Extreme,TH110,110,3,1/12/2023,21/12/2023,Fabaceae,Kennedia rubicunda,Ant,0.5 to 3,Climber,25.34,2,0.7,6,3
Mt Tomah,High/Extreme,TH110,110,3,21/12/2023,1/02/2024,Fabaceae,Kennedia rubicunda,Ant,0.5 to 3,Climber,25.34,1,0.7,6,3
Mt Tomah,High/Extreme,TH110,110,4,11/02/2023,2/03/2023,Fabaceae,Acacia sp.,Ant,0.5 to 3,Shrub,15.47,3,0.4,41,138
Mt Wilson,Unburnt,WU10,-10,2,4/05/2023,10/06/2023,NA,NA,NA,NA,NA,NA,NA,NA,10,23
Mt Tomah,High/Extreme,TH110,110,4,2/11/2023,1/12/2023,Fabaceae,Acacia sp.,Ant,0.5 to 3,Shrub,15.47,47,0.4,41,138
Mt Tomah,High/Extreme,TH110,110,4,1/12/2023,21/12/2023,Fabaceae,Acacia sp.,Ant,0.5 to 3,Shrub,15.47,162,0.4,41,138
Mt Tomah,High/Extreme,TH110,110,4,21/12/2023,1/02/2024,Fabaceae,Acacia sp.,Ant,0.5 to 3,Shrub,15.47,7,0.4,41,138
Mt Tomah,High/Extreme,TH110,110,4,30/03/2023,4/05/2023,Asteraceae,Calomeria amaranthoides,Gravity,0.5 to 3,Herb,0.133333333,100,2.3,41,138
Mt Tomah,High/Extreme,TH110,110,4,4/05/2023,10/06/2023,Asteraceae,Calomeria amaranthoides,Gravity,0.5 to 3,Herb,0.133333333,30,2.3,41,138
Mt Tomah,High/Extreme,TH110,110,4,10/06/2023,29/06/2023,Asteraceae,Calomeria amaranthoides,Gravity,0.5 to 3,Herb,0.133333333,30,2.3,41,138
Mt Tomah,High/Extreme,TH110,110,4,29/06/2023,3/08/2023,Asteraceae,Calomeria amaranthoides,Gravity,0.5 to 3,Herb,0.133333333,20,2.3,41,138
Mt Tomah,High/Extreme,TH110,110,4,5/12/2023,11/02/2023,Poaceae,Entolasia marginata,Gravity,0.1 to 0.5,Grass,1.9,5,0.3,41,138
Mt Tomah,High/Extreme,TH110,110,4,11/02/2023,2/03/2023,Poaceae,Entolasia marginata,Gravity,0.1 to 0.5,Grass,1.9,60,0.3,41,138
Mt Tomah,High/Extreme,TH110,110,4,2/03/2023,30/03/2023,Poaceae,Entolasia marginata,Gravity,0.1 to 0.5,Grass,1.9,6,0.3,41,138
Mt Tomah,High/Extreme,TH110,110,4,4/05/2023,10/06/2023,Poaceae,Entolasia marginata,Gravity,0.1 to 0.5,Grass,1.9,3,0.3,41,138
Mt Tomah,High/Extreme,TH110,110,4,10/06/2023,29/06/2023,Myrtaceae,Eucalyptus fastigata,Wind,10 to 25,Tree,0.615384615,1,7,41,138
Mt Tomah,High/Extreme,TH110,110,4,7/09/2023,5/10/2023,Myrtaceae,Eucalyptus fastigata,Wind,10 to 25,Tree,0.615384615,1,7,41,138
Mt Tomah,High/Extreme,TH110,110,4,2/03/2023,30/03/2023,Cyperaceae,Gahnia sieberiana,Bird or wind,0.5 to 3,Sedge,4.483333333,6,0.1,41,138
Mt Tomah,High/Extreme,TH110,110,4,30/03/2023,4/05/2023,Cyperaceae,Gahnia sieberiana,Bird or wind,0.5 to 3,Sedge,4.483333333,1,0.1,41,138
Mt Tomah,High/Extreme,TH110,110,4,10/06/2023,29/06/2023,Cyperaceae,Gahnia sieberiana,Bird or wind,0.5 to 3,Sedge,4.483333333,1,0.1,41,138
Mt Tomah,High/Extreme,TH110,110,4,29/06/2023,3/08/2023,Cyperaceae,Gahnia sieberiana,Bird or wind,0.5 to 3,Sedge,4.483333333,9,0.1,41,138
Mt Tomah,High/Extreme,TH110,110,4,3/08/2023,7/09/2023,Cyperaceae,Gahnia sieberiana,Bird or wind,0.5 to 3,Sedge,4.483333333,1,0.1,41,138
Mt Tomah,High/Extreme,TH110,110,4,4/05/2023,10/06/2023,Campanulaceae,Lobelia purpurascens,Gravity,0.1 to 0.5,Herb,1.4,1,2,41,138
Mt Tomah,High/Extreme,TH110,110,5,2/11/2023,1/12/2023,Fabaceae,Acacia sp.,Ant,0.5 to 3,Shrub,15.47,5,0.2,5,4
Mt Tomah,High/Extreme,TH110,110,5,1/12/2023,21/12/2023,Fabaceae,Acacia sp.,Ant,0.5 to 3,Shrub,15.47,8,0.2,5,4
Mt Tomah,High/Extreme,TH110,110,5,30/03/2023,4/05/2023,Asteraceae,Calomeria amaranthoides,Gravity,0.5 to 3,Herb,0.133333333,100,0.9,5,4
Mt Tomah,High/Extreme,TH110,110,5,4/05/2023,10/06/2023,Asteraceae,Calomeria amaranthoides,Gravity,0.5 to 3,Herb,0.133333333,50,0.9,5,4
Mt Tomah,High/Extreme,TH110,110,5,10/06/2023,29/06/2023,Asteraceae,Calomeria amaranthoides,Gravity,0.5 to 3,Herb,0.133333333,30,0.9,5,4
Mt Tomah,High/Extreme,TH110,110,5,29/06/2023,3/08/2023,Asteraceae,Calomeria amaranthoides,Gravity,0.5 to 3,Herb,0.133333333,20,0.9,5,4
Mt Tomah,High/Extreme,TH110,110,5,3/08/2023,7/09/2023,Asteraceae,Calomeria amaranthoides,Gravity,0.5 to 3,Herb,0.133333333,5,0.9,5,4
Mt Tomah,High/Extreme,TH110,110,5,2/03/2023,30/03/2023,Poaceae,Entolasia marginata,Gravity,0.1 to 0.5,Grass,1.9,1,0.3,5,4
Mt Tomah,High/Extreme,TH110,110,5,4/05/2023,10/06/2023,Myrtaceae,Eucalyptus blaxlandii,Wind,10 to 25,Tree,0.6,1,7.2,5,4
Mt Tomah,High/Extreme,TH100,100,5,10/06/2023,29/06/2023,NA,NA,NA,NA,NA,NA,NA,NA,39,18
Mt Tomah,High/Extreme,TH110,110,5,5/12/2023,11/02/2023,Cyperaceae,Gahnia sieberiana,Bird or wind,0.5 to 3,Sedge,4.483333333,16,0.3,5,4
Mt Tomah,High/Extreme,TH110,110,5,2/03/2023,30/03/2023,Cyperaceae,Gahnia sieberiana,Bird or wind,0.5 to 3,Sedge,4.483333333,5,0.3,5,4
Mt Tomah,High/Extreme,TH110,110,5,30/03/2023,4/05/2023,Cyperaceae,Gahnia sieberiana,Bird or wind,0.5 to 3,Sedge,4.483333333,4,0.3,5,4
Mt Tomah,High/Extreme,TH110,110,5,4/05/2023,10/06/2023,Cyperaceae,Gahnia sieberiana,Bird or wind,0.5 to 3,Sedge,4.483333333,2,0.3,5,4
Mt Tomah,High/Extreme,TH110,110,5,10/06/2023,29/06/2023,Cyperaceae,Gahnia sieberiana,Bird or wind,0.5 to 3,Sedge,4.483333333,6,0.3,5,4
Mt Tomah,High/Extreme,TH110,110,5,29/06/2023,3/08/2023,Cyperaceae,Gahnia sieberiana,Bird or wind,0.5 to 3,Sedge,4.483333333,9,0.3,5,4
Mt Tomah,High/Extreme,TH110,110,6,1/12/2023,21/12/2023,Fabaceae,Acacia sp.,Ant,0.5 to 3,Shrub,15.47,3,1.2,3.5,78
Mt Tomah,High/Extreme,TH110,110,6,30/03/2023,4/05/2023,Asteraceae,Calomeria amaranthoides,Gravity,0.5 to 3,Herb,0.133333333,100,2,3.5,78
Mt Tomah,High/Extreme,TH110,110,6,4/05/2023,10/06/2023,Asteraceae,Calomeria amaranthoides,Gravity,0.5 to 3,Herb,0.133333333,50,2,3.5,78
Mt Tomah,High/Extreme,TH110,110,6,10/06/2023,29/06/2023,Asteraceae,Calomeria amaranthoides,Gravity,0.5 to 3,Herb,0.133333333,20,2,3.5,78
Mt Tomah,High/Extreme,TH110,110,6,29/06/2023,3/08/2023,Asteraceae,Calomeria amaranthoides,Gravity,0.5 to 3,Herb,0.133333333,20,2,3.5,78
Mt Tomah,High/Extreme,TH110,110,6,30/03/2023,4/05/2023,Poaceae,Entolasia marginata,Gravity,0.1 to 0.5,Grass,1.9,2,0.7,3.5,78
Mt Tomah,High/Extreme,TH110,110,6,5/12/2023,11/02/2023,Myrtaceae,Eucalyptus blaxlandii,Wind,10 to 25,Tree,0.6,5,9.8,3.5,78
Mt Tomah,Low/Moderate,TM80,80,3,10/06/2023,29/06/2023,NA,NA,NA,NA,NA,NA,NA,NA,1.5,1
Mt Tomah,High/Extreme,TH110,110,6,2/03/2023,30/03/2023,Cyperaceae,Gahnia sieberiana,Bird or wind,0.5 to 3,Sedge,4.483333333,1,0.3,3.5,78
Mt Tomah,High/Extreme,TH110,110,6,30/03/2023,4/05/2023,Cyperaceae,Gahnia sieberiana,Bird or wind,0.5 to 3,Sedge,4.483333333,20,0.3,3.5,78
Mt Tomah,High/Extreme,TH110,110,6,4/05/2023,10/06/2023,Cyperaceae,Gahnia sieberiana,Bird or wind,0.5 to 3,Sedge,4.483333333,7,0.3,3.5,78
Mt Tomah,High/Extreme,TH110,110,6,10/06/2023,29/06/2023,Cyperaceae,Gahnia sieberiana,Bird or wind,0.5 to 3,Sedge,4.483333333,13,0.3,3.5,78
Mt Tomah,High/Extreme,TH110,110,6,29/06/2023,3/08/2023,Cyperaceae,Gahnia sieberiana,Bird or wind,0.5 to 3,Sedge,4.483333333,18,0.3,3.5,78
Mt Tomah,High/Extreme,TH110,110,6,3/08/2023,7/09/2023,Cyperaceae,Gahnia sieberiana,Bird or wind,0.5 to 3,Sedge,4.483333333,3,0.3,3.5,78
Mt Tomah,High/Extreme,TH110,110,6,7/09/2023,5/10/2023,Cyperaceae,Gahnia sieberiana,Bird or wind,0.5 to 3,Sedge,4.483333333,2,0.3,3.5,78
Mt Tomah,High/Extreme,TH110,110,6,2/11/2023,1/12/2023,Goodeniaceae,Goodenia ovata,Ant,0.5 to 1.5,Shrub,0.3,99,0.1,3.5,78
Mt Tomah,High/Extreme,TH110,110,6,1/12/2023,21/12/2023,Goodeniaceae,Goodenia ovata,Ant,0.5 to 1.5,Shrub,0.3,35,0.1,3.5,78
Mt Tomah,High/Extreme,TH110,110,7,11/02/2023,2/03/2023,Fabaceae,Acacia sp.,Ant,0.5 to 3,Shrub,15.47,1,3,16,16
Mt Tomah,High/Extreme,TH110,110,7,2/03/2023,30/03/2023,Fabaceae,Acacia sp.,Ant,0.5 to 3,Shrub,15.47,1,3,16,16
Mt Tomah,High/Extreme,TH110,110,7,30/03/2023,4/05/2023,Asteraceae,Calomeria amaranthoides,Gravity,0.5 to 3,Herb,0.133333333,100,0.1,16,16
Mt Tomah,High/Extreme,TH110,110,7,4/05/2023,10/06/2023,Asteraceae,Calomeria amaranthoides,Gravity,0.5 to 3,Herb,0.133333333,50,0.1,16,16
Mt Tomah,High/Extreme,TH110,110,7,10/06/2023,29/06/2023,Asteraceae,Calomeria amaranthoides,Gravity,0.5 to 3,Herb,0.133333333,30,0.1,16,16
Mt Tomah,High/Extreme,TH110,110,7,29/06/2023,3/08/2023,Asteraceae,Calomeria amaranthoides,Gravity,0.5 to 3,Herb,0.133333333,20,0.1,16,16
Mt Tomah,High/Extreme,TH110,110,7,5/10/2023,2/11/2023,Asteraceae,Calomeria amaranthoides,Gravity,0.5 to 3,Herb,0.133333333,1,0.1,16,16
Mt Tomah,High/Extreme,TH110,110,7,4/05/2023,10/06/2023,Ranunculaceae,Clematis aristata,Wind,0.5 to 10,Climber,1.4,1,3,16,16
Mt Tomah,High/Extreme,TH110,110,7,5/10/2023,2/11/2023,Myrtaceae,Eucalyptus blaxlandii,Wind,10 to 25,Tree,0.6,1,7,16,16
Mt Tomah,Low/Moderate,TM40,40,1,10/06/2023,29/06/2023,NA,NA,NA,NA,NA,NA,NA,NA,1,13
Mt Tomah,High/Extreme,TH110,110,7,4/05/2023,10/06/2023,Cyperaceae,Gahnia sieberiana,Bird or wind,0.5 to 3,Sedge,4.483333333,85,4,16,16
Mt Tomah,High/Extreme,TH110,110,7,10/06/2023,29/06/2023,Cyperaceae,Gahnia sieberiana,Bird or wind,0.5 to 3,Sedge,4.483333333,1,4,16,16
Mt Tomah,High/Extreme,TH110,110,7,29/06/2023,3/08/2023,Cyperaceae,Gahnia sieberiana,Bird or wind,0.5 to 3,Sedge,4.483333333,4,4,16,16
Mt Tomah,High/Extreme,TH110,110,7,2/11/2023,1/12/2023,Goodeniaceae,Goodenia ovata,Ant,0.5 to 1.5,Shrub,0.3,18,0.1,16,16
Mt Tomah,High/Extreme,TH110,110,7,1/12/2023,21/12/2023,Fabaceae,Kennedia rubicunda,Ant,0.5 to 3,Climber,25.34,2,0.2,16,16
Mt Tomah,High/Extreme,TH110,110,7,21/12/2023,1/02/2024,Fabaceae,Kennedia rubicunda,Ant,0.5 to 3,Climber,25.34,1,0.2,16,16
Mt Tomah,High/Extreme,TH110,110,8,5/12/2023,11/02/2023,Fabaceae,Acacia sp.,Ant,0.5 to 3,Shrub,15.47,2,0.5,16,17
Mt Tomah,High/Extreme,TH110,110,8,11/02/2023,2/03/2023,Fabaceae,Acacia sp.,Ant,0.5 to 3,Shrub,15.47,5,0.5,16,17
Mt Tomah,High/Extreme,TH110,110,8,2/03/2023,30/03/2023,Fabaceae,Acacia sp.,Ant,0.5 to 3,Shrub,15.47,1,0.5,16,17
Mt Tomah,High/Extreme,TH110,110,8,10/06/2023,29/06/2023,Fabaceae,Acacia sp.,Ant,0.5 to 3,Shrub,15.47,1,0.5,16,17
Mt Wilson,High/Extreme,WE55,55,6,10/06/2023,29/06/2023,NA,NA,NA,NA,NA,NA,NA,NA,2,2
Mt Wilson,High/Extreme,WE55,55,2,10/06/2023,29/06/2023,NA,NA,NA,NA,NA,NA,NA,NA,8,12
Mt Wilson,Low/Moderate,WL25,25,1,10/06/2023,29/06/2023,NA,NA,NA,NA,NA,NA,NA,NA,0.5,7
Mt Wilson,Low/Moderate,WL25,25,4,10/06/2023,29/06/2023,NA,NA,NA,NA,NA,NA,NA,NA,1.5,17
Mt Tomah,High/Extreme,TH110,110,8,2/11/2023,1/12/2023,Fabaceae,Acacia sp.,Ant,0.5 to 3,Shrub,15.47,7,0.5,16,17
Mt Tomah,High/Extreme,TH110,110,8,1/12/2023,21/12/2023,Fabaceae,Acacia sp.,Ant,0.5 to 3,Shrub,15.47,95,0.5,16,17
Mt Wilson,High/Extreme,WH35,35,4,10/06/2023,29/06/2023,NA,NA,NA,NA,NA,NA,NA,NA,3,42
Mt Tomah,High/Extreme,TH110,110,8,2/03/2023,30/03/2023,Pittosporaceae,Billardiera scandens,Vertebrate,0.5 to 1.5,Climber,2.08,4,1.3,16,17
Mt Tomah,High/Extreme,TH110,110,8,30/03/2023,4/05/2023,Asteraceae,Calomeria amaranthoides,Gravity,0.5 to 3,Herb,0.133333333,100,1.1,16,17
Mt Tomah,High/Extreme,TH110,110,8,4/05/2023,10/06/2023,Asteraceae,Calomeria amaranthoides,Gravity,0.5 to 3,Herb,0.133333333,30,1.1,16,17
Mt Wilson,High/Extreme,WH35,35,3,10/06/2023,29/06/2023,NA,NA,NA,NA,NA,NA,NA,NA,2,0
Mt Tomah,High/Extreme,TH110,110,8,10/06/2023,29/06/2023,Asteraceae,Calomeria amaranthoides,Gravity,0.5 to 3,Herb,0.133333333,20,1.1,16,17
Mt Tomah,High/Extreme,TH110,110,8,29/06/2023,3/08/2023,Asteraceae,Calomeria amaranthoides,Gravity,0.5 to 3,Herb,0.133333333,15,1.1,16,17
Mt Tomah,High/Extreme,TH110,110,8,5/10/2023,2/11/2023,Asteraceae,Calomeria amaranthoides,Gravity,0.5 to 3,Herb,0.133333333,2,1.1,16,17
Mt Wilson,Unburnt,WU10,-10,1,10/06/2023,29/06/2023,NA,NA,NA,NA,NA,NA,NA,NA,6,61
Mt Tomah,High/Extreme,TH110,110,8,2/03/2023,30/03/2023,Cyperaceae,Gahnia sieberiana,Bird or wind,0.5 to 3,Sedge,4.483333333,2,3,16,17
Mt Tomah,High/Extreme,TH110,110,8,30/03/2023,4/05/2023,Cyperaceae,Gahnia sieberiana,Bird or wind,0.5 to 3,Sedge,4.483333333,48,3,16,17
Mt Tomah,High/Extreme,TH110,110,8,4/05/2023,10/06/2023,Cyperaceae,Gahnia sieberiana,Bird or wind,0.5 to 3,Sedge,4.483333333,87,3,16,17
Mt Wilson,High/Extreme,WE55,55,1,10/06/2023,29/06/2023,NA,NA,NA,NA,NA,NA,NA,NA,1.5,3
Mt Tomah,High/Extreme,TH110,110,8,10/06/2023,29/06/2023,Cyperaceae,Gahnia sieberiana,Bird or wind,0.5 to 3,Sedge,4.483333333,6,3,16,17
Mt Tomah,High/Extreme,TH110,110,8,29/06/2023,3/08/2023,Cyperaceae,Gahnia sieberiana,Bird or wind,0.5 to 3,Sedge,4.483333333,2,3,16,17
Mt Wilson,High/Extreme,WE55,55,5,10/06/2023,29/06/2023,NA,NA,NA,NA,NA,NA,NA,NA,2,3
Mt Tomah,High/Extreme,TH110,110,8,3/08/2023,7/09/2023,Cyperaceae,Gahnia sieberiana,Bird or wind,0.5 to 3,Sedge,4.483333333,28,3,16,17
Mt Tomah,High/Extreme,TH110,110,8,7/09/2023,5/10/2023,Cyperaceae,Gahnia sieberiana,Bird or wind,0.5 to 3,Sedge,4.483333333,3,3,16,17
Mt Tomah,High/Extreme,TH110,110,8,4/05/2023,10/06/2023,Fabaceae,Glycine clandestina,Ant,0.5 to 1.5,Climber,5.35,1,0.3,16,17
Mt Tomah,High/Extreme,TH110,110,8,2/11/2023,1/12/2023,Fabaceae,Kennedia rubicunda,Ant,0.5 to 3,Climber,25.34,2,0.3,16,17
Mt Wilson,High/Extreme,WE45,45,3,10/06/2023,29/06/2023,NA,NA,NA,NA,NA,NA,NA,NA,4,22
Mt Wilson,High/Extreme,WE45,45,5,10/06/2023,29/06/2023,NA,NA,NA,NA,NA,NA,NA,NA,2,3
Mt Wilson,High/Extreme,WE45,45,7,10/06/2023,29/06/2023,NA,NA,NA,NA,NA,NA,NA,NA,0,4
Mt Tomah,High/Extreme,TH110,110,8,1/12/2023,21/12/2023,Fabaceae,Kennedia rubicunda,Ant,0.5 to 3,Climber,25.34,27,0.3,16,17
Mt Tomah,High/Extreme,TH110,110,8,21/12/2023,1/02/2024,Fabaceae,Kennedia rubicunda,Ant,0.5 to 3,Climber,25.34,52,0.3,16,17
Mt Wilson,High/Extreme,WH35,35,2,10/06/2023,29/06/2023,NA,NA,NA,NA,NA,NA,NA,NA,17,113
Mt Wilson,High/Extreme,WH35,35,1,10/06/2023,29/06/2023,NA,NA,NA,NA,NA,NA,NA,NA,8.5,43
Mt Tomah,High/Extreme,TH110,110,9,11/02/2023,2/03/2023,Fabaceae,Acacia sp.,Ant,0.5 to 3,Shrub,15.47,1,2.8,55,24
Mt Tomah,High/Extreme,TH110,110,9,2/03/2023,30/03/2023,Fabaceae,Acacia sp.,Ant,0.5 to 3,Shrub,15.47,2,2.8,55,24
Mt Tomah,High/Extreme,TH110,110,9,30/03/2023,4/05/2023,Asteraceae,Calomeria amaranthoides,Gravity,0.5 to 3,Herb,0.133333333,100,0.3,55,24
Mt Wilson,Low/Moderate,WL10,10,2,10/06/2023,29/06/2023,NA,NA,NA,NA,NA,NA,NA,NA,16,14
Mt Tomah,High/Extreme,TH110,110,9,4/05/2023,10/06/2023,Asteraceae,Calomeria amaranthoides,Gravity,0.5 to 3,Herb,0.133333333,50,0.3,55,24
Mt Tomah,High/Extreme,TH110,110,9,10/06/2023,29/06/2023,Asteraceae,Calomeria amaranthoides,Gravity,0.5 to 3,Herb,0.133333333,30,0.3,55,24
Mt Tomah,High/Extreme,TH110,110,9,29/06/2023,3/08/2023,Asteraceae,Calomeria amaranthoides,Gravity,0.5 to 3,Herb,0.133333333,30,0.3,55,24
Mt Tomah,High/Extreme,TH110,110,9,3/08/2023,7/09/2023,Asteraceae,Calomeria amaranthoides,Gravity,0.5 to 3,Herb,0.133333333,30,0.3,55,24
Mt Tomah,High/Extreme,TH110,110,9,7/09/2023,5/10/2023,Asteraceae,Calomeria amaranthoides,Gravity,0.5 to 3,Herb,0.133333333,5,0.3,55,24
Mt Tomah,High/Extreme,TH110,110,9,5/10/2023,2/11/2023,Asteraceae,Calomeria amaranthoides,Gravity,0.5 to 3,Herb,0.133333333,15,0.3,55,24
Mt Tomah,High/Extreme,TH110,110,9,5/10/2023,2/11/2023,Myrtaceae,Eucalyptus blaxlandii,Wind,10 to 25,Tree,0.6,1,5.5,55,24
Mt Tomah,High/Extreme,TH110,110,9,30/03/2023,4/05/2023,Cyperaceae,Gahnia sieberiana,Bird or wind,0.5 to 3,Sedge,4.483333333,17,5,55,24
Mt Tomah,High/Extreme,TH110,110,9,29/06/2023,3/08/2023,Cyperaceae,Gahnia sieberiana,Bird or wind,0.5 to 3,Sedge,4.483333333,8,5,55,24
Mt Tomah,High/Extreme,TH110,110,9,4/05/2023,10/06/2023,Asphodelaceae,Geitonoplesium cymosum,Vertebrate,0.1 to 0.5,Climber,4.847826087,1,5,55,24
Mt Tomah,High/Extreme,TH110,110,9,1/12/2023,21/12/2023,Fabaceae,Kennedia rubicunda,Ant,0.5 to 3,Climber,25.34,3,2.5,55,24
Mt Tomah,High/Extreme,TH110,110,9,21/12/2023,1/02/2024,Fabaceae,Kennedia rubicunda,Ant,0.5 to 3,Climber,25.34,1,2.5,55,24
Mt Tomah,High/Extreme,TH110,110,10,5/12/2023,11/02/2023,Fabaceae,Acacia sp.,Ant,0.5 to 3,Shrub,15.47,2,1.4,99,91
Mt Tomah,High/Extreme,TH110,110,10,10/06/2023,29/06/2023,Fabaceae,Acacia sp.,Ant,0.5 to 3,Shrub,15.47,2,1.4,99,91
Mt Tomah,High/Extreme,TH110,110,10,30/03/2023,4/05/2023,Asteraceae,Calomeria amaranthoides,Gravity,0.5 to 3,Herb,0.133333333,100,2.5,99,91
Mt Tomah,High/Extreme,TH110,110,10,4/05/2023,10/06/2023,Asteraceae,Calomeria amaranthoides,Gravity,0.5 to 3,Herb,0.133333333,50,2.5,99,91
Mt Tomah,High/Extreme,TH110,110,10,10/06/2023,29/06/2023,Asteraceae,Calomeria amaranthoides,Gravity,0.5 to 3,Herb,0.133333333,30,2.5,99,91
Mt Tomah,High/Extreme,TH110,110,10,29/06/2023,3/08/2023,Asteraceae,Calomeria amaranthoides,Gravity,0.5 to 3,Herb,0.133333333,30,2.5,99,91
Mt Tomah,High/Extreme,TH110,110,10,5/12/2023,11/02/2023,Myrtaceae,Eucalyptus blaxlandii,Wind,10 to 25,Tree,0.6,1,8,99,91
Mt Tomah,High/Extreme,TH110,110,10,2/03/2023,30/03/2023,Cyperaceae,Gahnia sieberiana,Bird or wind,0.5 to 3,Sedge,4.483333333,65,2.5,99,91
Mt Tomah,High/Extreme,TH110,110,10,30/03/2023,4/05/2023,Cyperaceae,Gahnia sieberiana,Bird or wind,0.5 to 3,Sedge,4.483333333,3,2.5,99,91
Mt Tomah,High/Extreme,TH110,110,10,3/08/2023,7/09/2023,Cyperaceae,Gahnia sieberiana,Bird or wind,0.5 to 3,Sedge,4.483333333,16,2.5,99,91
Mt Tomah,High/Extreme,TH110,110,10,7/09/2023,5/10/2023,Cyperaceae,Gahnia sieberiana,Bird or wind,0.5 to 3,Sedge,4.483333333,8,2.5,99,91
Mt Tomah,High/Extreme,TH110,110,10,1/12/2023,21/12/2023,Fabaceae,Kennedia rubicunda,Ant,0.5 to 3,Climber,25.34,9,0.4,99,91
Mt Tomah,High/Extreme,TH110,110,10,21/12/2023,1/02/2024,Fabaceae,Kennedia rubicunda,Ant,0.5 to 3,Climber,25.34,13,0.4,99,91
Mt Tomah,High/Extreme,TH110,110,10,2/11/2023,1/12/2023,Rosaceae,Rubus sp.,Vertebrate,0.5 to 1.5,Shrub,1.4,1,10,99,91
Mt Tomah,High/Extreme,TH110,110,10,2/11/2023,1/12/2023,Smilacaceae,Smilax australis,Vertebrate,0.5 to 10,Climber,66.3,1,1.2,99,91
Mt Tomah,High/Extreme,TH110,110,10,7/09/2023,5/10/2023,Ulmaceae,Ulmus sp.,Wind,10 to 25,Tree,2.5,1,10,99,91
Mt Wilson,Unburnt,WU10,-10,1,30/03/2023,4/05/2023,Ranunculaceae,Clematis aristata,Wind,0.5 to 10,Climber,1.4,1,0.4,6,61
Mt Wilson,Unburnt,WU10,-10,1,30/03/2023,4/05/2023,Myrtaceae,Eucalyptus fastigata,Wind,10 to 25,Tree,0.615384615,1,3,6,61
Mt Wilson,Unburnt,WU10,-10,1,2/11/2023,1/12/2023,Myrtaceae,Eucalyptus fastigata,Wind,10 to 25,Tree,0.615384615,1,3,6,61
Mt Wilson,Unburnt,WU10,-10,1,30/03/2023,4/05/2023,Cyperaceae,Gahnia sieberiana,Bird or wind,0.5 to 3,Sedge,4.483333333,1,2.5,6,61
Mt Wilson,Unburnt,WU10,-10,1,2/03/2023,30/03/2023,Poaceae,Microlaena stipoides,Gravity,0.1 to 0.5,Grass,4.1,1,7,6,61
Mt Wilson,Unburnt,WU10,-10,2,30/03/2023,4/05/2023,Ranunculaceae,Clematis aristata,Wind,0.5 to 10,Climber,1.4,4,2.8,10,23
Mt Wilson,Unburnt,WU10,-10,2,7/09/2023,5/10/2023,Ranunculaceae,Clematis aristata,Wind,0.5 to 10,Climber,1.4,1,2.8,10,23
Mt Wilson,Unburnt,WU10,-10,2,29/06/2023,3/08/2023,Myrtaceae,Eucalyptus cypellocarpa,Wind,10 to 25,Tree,0.6,1,11,10,23
Mt Wilson,Unburnt,WU10,-10,2,30/03/2023,4/05/2023,Myrtaceae,Eucalyptus fastigata,Wind,10 to 25,Tree,0.615384615,2,4.5,10,23
Mt Wilson,Unburnt,WU10,-10,2,2/11/2023,1/12/2023,Myrtaceae,Eucalyptus fastigata,Wind,10 to 25,Tree,0.615384615,1,4.5,10,23
Mt Wilson,Unburnt,WU10,-10,2,30/03/2023,4/05/2023,Cyperaceae,Gahnia sieberiana,Bird or wind,0.5 to 3,Sedge,4.483333333,1,6,10,23
Mt Tomah,Low/Moderate,TM90,90,3,29/06/2023,3/08/2023,NA,NA,NA,NA,NA,NA,NA,NA,17,23
Mt Wilson,Unburnt,WU10,-10,2,10/06/2023,29/06/2023,Cyperaceae,Gahnia sieberiana,Bird or wind,0.5 to 3,Sedge,4.483333333,1,6,10,23
Mt Wilson,Unburnt,WU10,-10,3,30/03/2023,4/05/2023,Ranunculaceae,Clematis aristata,Wind,0.5 to 10,Climber,1.4,2,0.2,6.5,142
Mt Wilson,Unburnt,WU10,-10,3,30/03/2023,4/05/2023,Myrtaceae,Eucalyptus fastigata,Wind,10 to 25,Tree,0.615384615,1,6,6.5,142
Mt Wilson,Unburnt,WU10,-10,3,4/05/2023,10/06/2023,Myrtaceae,Eucalyptus fastigata,Wind,10 to 25,Tree,0.615384615,1,6,6.5,142
Mt Wilson,Unburnt,WU10,-10,3,10/06/2023,29/06/2023,Myrtaceae,Eucalyptus fastigata,Wind,10 to 25,Tree,0.615384615,1,6,6.5,142
Mt Tomah,Low/Moderate,TM80,80,3,29/06/2023,3/08/2023,NA,NA,NA,NA,NA,NA,NA,NA,1.5,1
Mt Tomah,Low/Moderate,TM80,80,1,29/06/2023,3/08/2023,NA,NA,NA,NA,NA,NA,NA,NA,2.5,5
Mt Wilson,Unburnt,WU10,-10,3,29/06/2023,3/08/2023,Myrtaceae,Eucalyptus fastigata,Wind,10 to 25,Tree,0.615384615,1,6,6.5,142
Mt Wilson,Unburnt,WU10,-10,3,3/08/2023,7/09/2023,Myrtaceae,Eucalyptus fastigata,Wind,10 to 25,Tree,0.615384615,1,6,6.5,142
Mt Wilson,Unburnt,WU10,-10,3,4/12/2023,11/02/2023,Asteraceae,Hypochaeris sp.,Wind,0.1 to 0.5,Herb,0.9,1,10,6.5,142
Mt Tomah,Low/Moderate,TM60,60,2,29/06/2023,3/08/2023,NA,NA,NA,NA,NA,NA,NA,NA,2.5,14
Mt Wilson,Unburnt,WU10,-10,3,7/09/2023,5/10/2023,Apocynaceae,Parsonsia straminea,Wind,0.1 to 0.5,Climber,8.85,5,8,6.5,142
Mt Wilson,Unburnt,WU20,-20,1,11/02/2023,2/03/2023,Cyperaceae,Carex appressa,Bird or wind,0.5 to 1.5,Sedge,0.8,1,10,16,6
Mt Wilson,Unburnt,WU20,-20,1,4/12/2023,11/02/2023,Myrtaceae,Eucalyptus fastigata,Wind,10 to 25,Tree,0.615384615,3,5,16,6
Mt Tomah,Low/Moderate,TM60,60,3,29/06/2023,3/08/2023,NA,NA,NA,NA,NA,NA,NA,NA,150,77
Mt Wilson,Unburnt,WU20,-20,1,10/06/2023,29/06/2023,Myrtaceae,Eucalyptus fastigata,Wind,10 to 25,Tree,0.615384615,1,5,16,6
Mt Wilson,Unburnt,WU20,-20,1,3/08/2023,7/09/2023,Myrtaceae,Eucalyptus fastigata,Wind,10 to 25,Tree,0.615384615,4,5,16,6
Mt Wilson,Unburnt,WU20,-20,2,4/12/2023,11/02/2023,Myrtaceae,Eucalyptus fastigata,Wind,10 to 25,Tree,0.615384615,2,5,20,15
Mt Wilson,Unburnt,WU20,-20,2,4/05/2023,10/06/2023,Myrtaceae,Eucalyptus fastigata,Wind,10 to 25,Tree,0.615384615,4,5,20,15
Mt Wilson,Unburnt,WU20,-20,2,10/06/2023,29/06/2023,Myrtaceae,Eucalyptus fastigata,Wind,10 to 25,Tree,0.615384615,2,5,20,15
Mt Wilson,Unburnt,WU20,-20,2,7/09/2023,5/10/2023,Myrtaceae,Eucalyptus fastigata,Wind,10 to 25,Tree,0.615384615,4,5,20,15
Mt Wilson,Unburnt,WU20,-20,2,2/11/2023,1/12/2023,Myrtaceae,Eucalyptus fastigata,Wind,10 to 25,Tree,0.615384615,1,5,20,15
Mt Tomah,Low/Moderate,TM40,40,1,29/06/2023,3/08/2023,NA,NA,NA,NA,NA,NA,NA,NA,1,13
Mt Wilson,Unburnt,WU20,-20,2,29/06/2023,3/08/2023,Cyperaceae,Gahnia sieberiana,Bird or wind,0.5 to 3,Sedge,4.483333333,1,12,20,15
Mt Wilson,Unburnt,WU20,-20,2,1/12/2023,21/12/2023,Goodeniaceae,Goodenia ovata,Ant,0.5 to 1.5,Shrub,0.3,2,10,20,15
Mt Wilson,Unburnt,WU20,-20,3,2/03/2023,30/03/2023,Myrtaceae,Eucalyptus fastigata,Wind,10 to 25,Tree,0.615384615,2,6,6.5,107
Mt Wilson,Unburnt,WU20,-20,3,30/03/2023,4/05/2023,Myrtaceae,Eucalyptus fastigata,Wind,10 to 25,Tree,0.615384615,5,6,6.5,107
Mt Wilson,Unburnt,WU20,-20,3,4/05/2023,10/06/2023,Myrtaceae,Eucalyptus fastigata,Wind,10 to 25,Tree,0.615384615,9,6,6.5,107
Mt Wilson,Unburnt,WU20,-20,3,7/09/2023,5/10/2023,Myrtaceae,Eucalyptus fastigata,Wind,10 to 25,Tree,0.615384615,1,6,6.5,107
Mt Wilson,Unburnt,WU20,-20,3,10/06/2023,29/06/2023,Cyperaceae,Gahnia sieberiana,Bird or wind,0.5 to 3,Sedge,4.483333333,210,20,6.5,107
Mt Tomah,Low/Moderate,TM20,20,2,29/06/2023,3/08/2023,Asteraceae,Coronidium elatum,Wind,0.5 to 1.5,Shrub,0.5,1,0.9,26,9
Mt Wilson,High/Extreme,WE55,55,1,29/06/2023,3/08/2023,NA,NA,NA,NA,NA,NA,NA,NA,1.5,3
Mt Wilson,Unburnt,WU20,-20,3,29/06/2023,3/08/2023,Cyperaceae,Gahnia sieberiana,Bird or wind,0.5 to 3,Sedge,4.483333333,26,20,6.5,107
Mt Wilson,Unburnt,WU20,-20,3,3/08/2023,7/09/2023,Cyperaceae,Gahnia sieberiana,Bird or wind,0.5 to 3,Sedge,4.483333333,2,20,6.5,107
Mt Wilson,Unburnt,WU20,-20,3,5/10/2023,2/11/2023,Cyperaceae,Gahnia sieberiana,Bird or wind,0.5 to 3,Sedge,4.483333333,1,20,6.5,107
Mt Wilson,High/Extreme,WE55,55,8,29/06/2023,3/08/2023,NA,NA,NA,NA,NA,NA,NA,NA,0.5,6
Mt Wilson,High/Extreme,WE55,55,7,29/06/2023,3/08/2023,NA,NA,NA,NA,NA,NA,NA,NA,3.5,6
Mt Wilson,High/Extreme,WE55,55,6,29/06/2023,3/08/2023,NA,NA,NA,NA,NA,NA,NA,NA,2,2
Mt Wilson,High/Extreme,WE55,55,5,29/06/2023,3/08/2023,NA,NA,NA,NA,NA,NA,NA,NA,2,3
Mt Wilson,High/Extreme,WE55,55,4,29/06/2023,3/08/2023,NA,NA,NA,NA,NA,NA,NA,NA,5,8
Mt Wilson,Unburnt,WU40,-40,1,10/06/2023,29/06/2023,Ranunculaceae,Clematis aristata,Wind,0.5 to 10,Climber,1.4,1,1.1,34,12
Mt Wilson,Unburnt,WU40,-40,1,11/02/2023,2/03/2023,Poaceae,Echinopogon ovatus,Adhesion,0.1 to 0.5,Grass,0.7,3,6,34,12
Mt Wilson,High/Extreme,WE45,45,1,29/06/2023,3/08/2023,NA,NA,NA,NA,NA,NA,NA,NA,44,35
Mt Wilson,Unburnt,WU40,-40,1,4/12/2023,11/02/2023,Myrtaceae,Eucalyptus fastigata,Wind,10 to 25,Tree,0.615384615,1,4,34,12
Mt Wilson,Unburnt,WU40,-40,1,30/03/2023,4/05/2023,Myrtaceae,Eucalyptus fastigata,Wind,10 to 25,Tree,0.615384615,3,4,34,12
Mt Wilson,High/Extreme,WE45,45,7,29/06/2023,3/08/2023,NA,NA,NA,NA,NA,NA,NA,NA,0,4
Mt Wilson,Unburnt,WU40,-40,1,4/05/2023,10/06/2023,Myrtaceae,Eucalyptus fastigata,Wind,10 to 25,Tree,0.615384615,4,4,34,12
Mt Wilson,High/Extreme,WE45,45,6,29/06/2023,3/08/2023,NA,NA,NA,NA,NA,NA,NA,NA,0.5,4
Mt Wilson,High/Extreme,WE45,45,5,29/06/2023,3/08/2023,NA,NA,NA,NA,NA,NA,NA,NA,2,3
Mt Wilson,Unburnt,WU40,-40,1,10/06/2023,29/06/2023,Myrtaceae,Eucalyptus fastigata,Wind,10 to 25,Tree,0.615384615,5,4,34,12
Mt Wilson,Unburnt,WU40,-40,1,29/06/2023,3/08/2023,Myrtaceae,Eucalyptus fastigata,Wind,10 to 25,Tree,0.615384615,7,4,34,12
Mt Wilson,High/Extreme,WH35,35,4,29/06/2023,3/08/2023,NA,NA,NA,NA,NA,NA,NA,NA,3,42
Mt Wilson,High/Extreme,WH35,35,3,29/06/2023,3/08/2023,NA,NA,NA,NA,NA,NA,NA,NA,2,0
Mt Wilson,High/Extreme,WH35,35,2,29/06/2023,3/08/2023,NA,NA,NA,NA,NA,NA,NA,NA,17,113
Mt Wilson,High/Extreme,WH35,35,1,29/06/2023,3/08/2023,NA,NA,NA,NA,NA,NA,NA,NA,8.5,43
Mt Wilson,High/Extreme,WH35,35,5,29/06/2023,3/08/2023,NA,NA,NA,NA,NA,NA,NA,NA,0,1
Mt Wilson,Low/Moderate,WL25,25,4,29/06/2023,3/08/2023,NA,NA,NA,NA,NA,NA,NA,NA,1.5,17
Mt Wilson,Low/Moderate,WL25,25,3,29/06/2023,3/08/2023,NA,NA,NA,NA,NA,NA,NA,NA,31,26
Mt Wilson,Unburnt,WU40,-40,1,3/08/2023,7/09/2023,Myrtaceae,Eucalyptus fastigata,Wind,10 to 25,Tree,0.615384615,5,4,34,12
Mt Wilson,Low/Moderate,WL25,25,1,29/06/2023,3/08/2023,NA,NA,NA,NA,NA,NA,NA,NA,0.5,7
Mt Wilson,Unburnt,WU40,-40,1,7/09/2023,5/10/2023,Myrtaceae,Eucalyptus fastigata,Wind,10 to 25,Tree,0.615384615,2,4,34,12
Mt Wilson,Unburnt,WU40,-40,1,5/10/2023,2/11/2023,Myrtaceae,Eucalyptus fastigata,Wind,10 to 25,Tree,0.615384615,1,4,34,12
Mt Wilson,Unburnt,WU40,-40,1,2/11/2023,1/12/2023,Myrtaceae,Eucalyptus fastigata,Wind,10 to 25,Tree,0.615384615,1,4,34,12
Mt Wilson,Unburnt,WU40,-40,2,21/12/2023,1/02/2024,Rubiaceae,Coprosma quadrifida,Vertebrate,0.5 to 3,Shrub,3,1,0.1,32,10
Mt Wilson,Unburnt,WU40,-40,2,4/12/2023,11/02/2023,Myrtaceae,Eucalyptus fastigata,Wind,10 to 25,Tree,0.615384615,2,4,32,10
Mt Wilson,Unburnt,WU40,-40,2,30/03/2023,4/05/2023,Myrtaceae,Eucalyptus fastigata,Wind,10 to 25,Tree,0.615384615,2,4,32,10
Mt Wilson,Unburnt,WU10,-10,1,29/06/2023,3/08/2023,NA,NA,NA,NA,NA,NA,NA,NA,6,61
Mt Wilson,Unburnt,WU40,-40,2,4/05/2023,10/06/2023,Myrtaceae,Eucalyptus fastigata,Wind,10 to 25,Tree,0.615384615,4,4,32,10
Mt Wilson,Unburnt,WU20,-20,1,29/06/2023,3/08/2023,NA,NA,NA,NA,NA,NA,NA,NA,16,6
Mt Wilson,Unburnt,WU40,-40,2,10/06/2023,29/06/2023,Myrtaceae,Eucalyptus fastigata,Wind,10 to 25,Tree,0.615384615,3,4,32,10
Mt Wilson,Unburnt,WU40,-40,2,29/06/2023,3/08/2023,Myrtaceae,Eucalyptus fastigata,Wind,10 to 25,Tree,0.615384615,2,4,32,10
Mt Wilson,Unburnt,WU40,-40,2,3/08/2023,7/09/2023,Myrtaceae,Eucalyptus fastigata,Wind,10 to 25,Tree,0.615384615,4,4,32,10
Mt Wilson,Unburnt,WU40,-40,2,7/09/2023,5/10/2023,Myrtaceae,Eucalyptus fastigata,Wind,10 to 25,Tree,0.615384615,1,4,32,10
Mt Wilson,Unburnt,WU40,-40,2,2/11/2023,1/12/2023,Myrtaceae,Eucalyptus fastigata,Wind,10 to 25,Tree,0.615384615,2,4,32,10
Mt Wilson,Unburnt,WU40,-40,3,29/06/2023,3/08/2023,NA,NA,NA,NA,NA,NA,NA,NA,15,0
Mt Wilson,Unburnt,WU40,-40,2,30/03/2023,4/05/2023,Cyperaceae,Gahnia sieberiana,Bird or wind,0.5 to 3,Sedge,4.483333333,13,10,32,10
Mt Wilson,Unburnt,WU40,-40,2,4/05/2023,10/06/2023,Cyperaceae,Gahnia sieberiana,Bird or wind,0.5 to 3,Sedge,4.483333333,4,10,32,10
Mt Wilson,Unburnt,WU40,-40,2,29/06/2023,3/08/2023,Cyperaceae,Gahnia sieberiana,Bird or wind,0.5 to 3,Sedge,4.483333333,2,10,32,10
Mt Tomah,High/Extreme,TH100,100,1,3/08/2023,7/09/2023,NA,NA,NA,NA,NA,NA,NA,NA,7,7
Mt Wilson,Unburnt,WU40,-40,2,5/10/2023,2/11/2023,Cyperaceae,Gahnia sieberiana,Bird or wind,0.5 to 3,Sedge,4.483333333,1,10,32,10
Mt Tomah,High/Extreme,TH110,110,7,3/08/2023,7/09/2023,NA,NA,NA,NA,NA,NA,NA,NA,16,16
Mt Wilson,Unburnt,WU40,-40,2,7/09/2023,5/10/2023,Asphodelaceae,Geitonoplesium cymosum,Vertebrate,0.1 to 0.5,Climber,4.847826087,1,5,32,10
Mt Wilson,Unburnt,WU40,-40,2,4/05/2023,10/06/2023,Primulaceae,Myrsine howittiana,Vertebrate,0.5 to 3,Shrub,12.5,1,1,32,10
Mt Wilson,Unburnt,WU40,-40,3,3/08/2023,7/09/2023,Lauraceae,Cassytha glabella,Vertebrate,0.5 to 10,Climber,11.05,1,10,15,0
Mt Wilson,Unburnt,WU40,-40,3,4/12/2023,11/02/2023,Myrtaceae,Eucalyptus fastigata,Wind,10 to 25,Tree,0.615384615,1,3,15,0
Mt Wilson,Unburnt,WU40,-40,3,30/03/2023,4/05/2023,Myrtaceae,Eucalyptus fastigata,Wind,10 to 25,Tree,0.615384615,1,3,15,0
Mt Tomah,High/Extreme,TH110,110,1,3/08/2023,7/09/2023,NA,NA,NA,NA,NA,NA,NA,NA,6,27
Mt Wilson,Unburnt,WU40,-40,3,4/05/2023,10/06/2023,Myrtaceae,Eucalyptus fastigata,Wind,10 to 25,Tree,0.615384615,2,3,15,0
Mt Wilson,Unburnt,WU40,-40,3,10/06/2023,29/06/2023,Myrtaceae,Eucalyptus fastigata,Wind,10 to 25,Tree,0.615384615,40,3,15,0
Mt Wilson,Unburnt,WU40,-40,3,7/09/2023,5/10/2023,Myrtaceae,Eucalyptus fastigata,Wind,10 to 25,Tree,0.615384615,1,3,15,0
Mt Wilson,Unburnt,WU40,-40,3,2/11/2023,1/12/2023,Myrtaceae,Eucalyptus fastigata,Wind,10 to 25,Tree,0.615384615,1,3,15,0
Mt Wilson,Unburnt,WU40,-40,3,5/10/2023,2/11/2023,Cyperaceae,Gahnia sieberiana,Bird or wind,0.5 to 3,Sedge,4.483333333,1,10,15,0
Mt Wilson,Unburnt,WU40,-40,4,4/05/2023,10/06/2023,Ranunculaceae,Clematis aristata,Wind,0.5 to 10,Climber,1.4,1,1,18,0
Mt Tomah,High/Extreme,TH100,100,3,3/08/2023,7/09/2023,NA,NA,NA,NA,NA,NA,NA,NA,16,14
Mt Wilson,Unburnt,WU40,-40,4,10/06/2023,29/06/2023,Ranunculaceae,Clematis aristata,Wind,0.5 to 10,Climber,1.4,1,1,18,0
Mt Wilson,Unburnt,WU40,-40,4,30/03/2023,4/05/2023,Myrtaceae,Eucalyptus fastigata,Wind,10 to 25,Tree,0.615384615,3,3,18,0
Mt Wilson,Unburnt,WU40,-40,4,4/05/2023,10/06/2023,Myrtaceae,Eucalyptus fastigata,Wind,10 to 25,Tree,0.615384615,4,3,18,0
Mt Wilson,Unburnt,WU40,-40,4,10/06/2023,29/06/2023,Myrtaceae,Eucalyptus fastigata,Wind,10 to 25,Tree,0.615384615,1,3,18,0
Mt Tomah,Low/Moderate,TM90,90,3,3/08/2023,7/09/2023,NA,NA,NA,NA,NA,NA,NA,NA,17,23
Mt Wilson,Unburnt,WU40,-40,4,29/06/2023,3/08/2023,Myrtaceae,Eucalyptus fastigata,Wind,10 to 25,Tree,0.615384615,13,3,18,0
Mt Tomah,Low/Moderate,TM90,90,5,3/08/2023,7/09/2023,NA,NA,NA,NA,NA,NA,NA,NA,3,1
Mt Tomah,Low/Moderate,TM90,90,4,3/08/2023,7/09/2023,NA,NA,NA,NA,NA,NA,NA,NA,16,31
Mt Wilson,Unburnt,WU40,-40,4,7/09/2023,5/10/2023,Myrtaceae,Eucalyptus fastigata,Wind,10 to 25,Tree,0.615384615,2,3,18,0
Mt Wilson,Unburnt,WU40,-40,4,21/12/2023,1/02/2024,Myrtaceae,Eucalyptus fastigata,Wind,10 to 25,Tree,0.615384615,4,3,18,0
Mt Tomah,Low/Moderate,TM80,80,3,3/08/2023,7/09/2023,NA,NA,NA,NA,NA,NA,NA,NA,1.5,1
Mt Tomah,Low/Moderate,TM80,80,4,3/08/2023,7/09/2023,NA,NA,NA,NA,NA,NA,NA,NA,9,9
Mt Wilson,Unburnt,WU40,-40,4,29/06/2023,3/08/2023,Cyperaceae,Gahnia sieberiana,Bird or wind,0.5 to 3,Sedge,4.483333333,1,10,18,0
Mt Tomah,Low/Moderate,TM70,70,3,3/08/2023,7/09/2023,NA,NA,NA,NA,NA,NA,NA,NA,18,2
Mt Wilson,Low/Moderate,WL10,10,1,4/12/2023,11/02/2023,Cyperaceae,Carex appressa,Bird or wind,0.5 to 1.5,Sedge,0.8,6,9,2.5,115
Mt Tomah,Low/Moderate,TM60,60,2,3/08/2023,7/09/2023,NA,NA,NA,NA,NA,NA,NA,NA,2.5,14
Mt Wilson,Low/Moderate,WL10,10,1,30/03/2023,4/05/2023,Ranunculaceae,Clematis aristata,Wind,0.5 to 10,Climber,1.4,2,2.2,2.5,115
Mt Wilson,Low/Moderate,WL10,10,1,4/12/2023,11/02/2023,Poaceae,Echinopogon ovatus,Adhesion,0.1 to 0.5,Grass,0.7,1,4,2.5,115
Mt Wilson,Low/Moderate,WL10,10,1,29/06/2023,3/08/2023,Myrtaceae,Eucalyptus cypellocarpa,Wind,10 to 25,Tree,0.6,1,9,2.5,115
Mt Wilson,Low/Moderate,WL10,10,1,21/12/2023,1/02/2024,Myrtaceae,Eucalyptus cypellocarpa,Wind,10 to 25,Tree,0.6,1,9,2.5,115
Mt Wilson,Low/Moderate,WL10,10,1,30/03/2023,4/05/2023,Myrtaceae,Eucalyptus fastigata,Wind,10 to 25,Tree,0.615384615,7,2,2.5,115
Mt Wilson,Low/Moderate,WL10,10,1,10/06/2023,29/06/2023,Myrtaceae,Eucalyptus fastigata,Wind,10 to 25,Tree,0.615384615,1,2,2.5,115
Mt Wilson,Low/Moderate,WL10,10,1,4/12/2023,11/02/2023,Geraniaceae,Geranium homeanum,Ballistic,0.1 to 0.5,Herb,3,14,0.3,2.5,115
Mt Wilson,Low/Moderate,WL10,10,1,11/02/2023,2/03/2023,Geraniaceae,Geranium homeanum,Ballistic,0.1 to 0.5,Herb,3,1,0.3,2.5,115
Mt Tomah,Low/Moderate,TM40,40,1,3/08/2023,7/09/2023,NA,NA,NA,NA,NA,NA,NA,NA,1,13
Mt Wilson,Low/Moderate,WL10,10,1,2/03/2023,30/03/2023,Geraniaceae,Geranium homeanum,Ballistic,0.1 to 0.5,Herb,3,1,0.3,2.5,115
Mt Wilson,Low/Moderate,WL10,10,1,4/12/2023,11/02/2023,Poaceae,Microlaena stipoides,Gravity,0.1 to 0.5,Grass,4.1,1,4,2.5,115
Mt Wilson,Low/Moderate,WL10,10,1,21/12/2023,1/02/2024,Smilacaceae,Smilax australis,Vertebrate,0.5 to 10,Climber,66.3,4,2,2.5,115
Mt Wilson,Low/Moderate,WL10,10,2,30/03/2023,4/05/2023,Ranunculaceae,Clematis aristata,Wind,0.5 to 10,Climber,1.4,1,0.4,16,14
Mt Wilson,High/Extreme,WE55,55,7,3/08/2023,7/09/2023,NA,NA,NA,NA,NA,NA,NA,NA,3.5,6
Mt Wilson,High/Extreme,WE55,55,5,3/08/2023,7/09/2023,NA,NA,NA,NA,NA,NA,NA,NA,2,3
Mt Wilson,High/Extreme,WE55,55,6,3/08/2023,7/09/2023,NA,NA,NA,NA,NA,NA,NA,NA,2,2
Mt Wilson,High/Extreme,WE55,55,4,3/08/2023,7/09/2023,NA,NA,NA,NA,NA,NA,NA,NA,5,8
Mt Wilson,High/Extreme,WE45,45,2,3/08/2023,7/09/2023,NA,NA,NA,NA,NA,NA,NA,NA,0,2
Mt Wilson,High/Extreme,WE45,45,5,3/08/2023,7/09/2023,NA,NA,NA,NA,NA,NA,NA,NA,2,3
Mt Wilson,High/Extreme,WE45,45,6,3/08/2023,7/09/2023,NA,NA,NA,NA,NA,NA,NA,NA,0.5,4
Mt Wilson,High/Extreme,WH35,35,3,3/08/2023,7/09/2023,NA,NA,NA,NA,NA,NA,NA,NA,2,0
Mt Wilson,High/Extreme,WH35,35,4,3/08/2023,7/09/2023,NA,NA,NA,NA,NA,NA,NA,NA,3,42
Mt Wilson,High/Extreme,WH35,35,5,3/08/2023,7/09/2023,NA,NA,NA,NA,NA,NA,NA,NA,0,1
Mt Wilson,High/Extreme,WH35,35,1,3/08/2023,7/09/2023,NA,NA,NA,NA,NA,NA,NA,NA,8.5,43
Mt Wilson,Low/Moderate,WL10,10,2,11/02/2023,2/03/2023,Poaceae,Echinopogon ovatus,Adhesion,0.1 to 0.5,Grass,0.7,15,4,16,14
Mt Wilson,Low/Moderate,WL10,10,2,2/03/2023,30/03/2023,Poaceae,Echinopogon ovatus,Adhesion,0.1 to 0.5,Grass,0.7,5,4,16,14
Mt Wilson,Low/Moderate,WL25,25,3,3/08/2023,7/09/2023,NA,NA,NA,NA,NA,NA,NA,NA,31,26
Mt Wilson,Low/Moderate,WL25,25,4,3/08/2023,7/09/2023,NA,NA,NA,NA,NA,NA,NA,NA,1.5,17
Mt Wilson,Low/Moderate,WL10,10,3,3/08/2023,7/09/2023,NA,NA,NA,NA,NA,NA,NA,NA,6,8
Mt Wilson,Low/Moderate,WL10,10,1,3/08/2023,7/09/2023,NA,NA,NA,NA,NA,NA,NA,NA,2.5,115
Mt Wilson,Low/Moderate,WL10,10,2,29/06/2023,3/08/2023,Myrtaceae,Eucalyptus blaxlandii,Wind,10 to 25,Tree,0.6,1,1.5,16,14
Mt Wilson,High/Extreme,WE55,55,9,3/08/2023,7/09/2023,NA,NA,NA,NA,NA,NA,NA,NA,5,18
Mt Wilson,High/Extreme,WE55,55,8,3/08/2023,7/09/2023,NA,NA,NA,NA,NA,NA,NA,NA,0.5,6
Mt Wilson,High/Extreme,WE55,55,3,3/08/2023,7/09/2023,NA,NA,NA,NA,NA,NA,NA,NA,3,9
Mt Wilson,High/Extreme,WE55,55,2,3/08/2023,7/09/2023,NA,NA,NA,NA,NA,NA,NA,NA,8,12
Mt Wilson,High/Extreme,WE55,55,1,3/08/2023,7/09/2023,NA,NA,NA,NA,NA,NA,NA,NA,1.5,3
Mt Wilson,High/Extreme,WE45,45,1,3/08/2023,7/09/2023,NA,NA,NA,NA,NA,NA,NA,NA,44,35
Mt Wilson,High/Extreme,WE45,45,3,3/08/2023,7/09/2023,NA,NA,NA,NA,NA,NA,NA,NA,4,22
Mt Wilson,High/Extreme,WE45,45,4,3/08/2023,7/09/2023,NA,NA,NA,NA,NA,NA,NA,NA,0.5,1
Mt Wilson,High/Extreme,WE45,45,7,3/08/2023,7/09/2023,NA,NA,NA,NA,NA,NA,NA,NA,0,4
Mt Wilson,High/Extreme,WE45,45,8,3/08/2023,7/09/2023,NA,NA,NA,NA,NA,NA,NA,NA,1,7
Mt Wilson,High/Extreme,WH35,35,2,3/08/2023,7/09/2023,NA,NA,NA,NA,NA,NA,NA,NA,17,113
Mt Wilson,Low/Moderate,WL10,10,2,29/06/2023,3/08/2023,Myrtaceae,Eucalyptus cypellocarpa,Wind,10 to 25,Tree,0.6,1,10,16,14
Mt Wilson,Unburnt,WU20,-20,2,3/08/2023,7/09/2023,NA,NA,NA,NA,NA,NA,NA,NA,20,15
Mt Wilson,Low/Moderate,WL10,10,2,3/08/2023,7/09/2023,Myrtaceae,Eucalyptus cypellocarpa,Wind,10 to 25,Tree,0.6,1,10,16,14
Mt Wilson,Low/Moderate,WL10,10,2,7/09/2023,5/10/2023,Myrtaceae,Eucalyptus cypellocarpa,Wind,10 to 25,Tree,0.6,1,10,16,14
Mt Wilson,Low/Moderate,WL10,10,2,4/12/2023,11/02/2023,Geraniaceae,Geranium homeanum,Ballistic,0.1 to 0.5,Herb,3,8,0.2,16,14
Mt Wilson,Unburnt,WU40,-40,4,3/08/2023,7/09/2023,NA,NA,NA,NA,NA,NA,NA,NA,18,0
Mt Wilson,Low/Moderate,WL10,10,2,11/02/2023,2/03/2023,Geraniaceae,Geranium homeanum,Ballistic,0.1 to 0.5,Herb,3,1,0.2,16,14
Mt Wilson,Low/Moderate,WL10,10,2,11/02/2023,2/03/2023,Rosaceae,Rubus sp.,Vertebrate,0.5 to 1.5,Shrub,1.4,4,5,16,14
Mt Wilson,Unburnt,WU10,-10,1,3/08/2023,7/09/2023,NA,NA,NA,NA,NA,NA,NA,NA,6,61
Mt Wilson,Unburnt,WU10,-10,2,3/08/2023,7/09/2023,NA,NA,NA,NA,NA,NA,NA,NA,10,23
Mt Wilson,Low/Moderate,WL10,10,3,10/06/2023,29/06/2023,Myrtaceae,Eucalyptus cypellocarpa,Wind,10 to 25,Tree,0.6,2,7,6,8
Mt Wilson,High/Extreme,WE55,55,3,7/09/2023,5/10/2023,NA,NA,NA,NA,NA,NA,NA,NA,3,9
Mt Wilson,High/Extreme,WE55,55,8,7/09/2023,5/10/2023,NA,NA,NA,NA,NA,NA,NA,NA,0.5,6
Mt Wilson,Low/Moderate,WL10,10,3,29/06/2023,3/08/2023,Myrtaceae,Eucalyptus cypellocarpa,Wind,10 to 25,Tree,0.6,2,7,6,8
Mt Wilson,Low/Moderate,WL10,10,3,7/09/2023,5/10/2023,Myrtaceae,Eucalyptus cypellocarpa,Wind,10 to 25,Tree,0.6,1,7,6,8
Mt Wilson,Low/Moderate,WL10,10,3,21/12/2023,1/02/2024,Myrtaceae,Eucalyptus cypellocarpa,Wind,10 to 25,Tree,0.6,9,7,6,8
Mt Wilson,High/Extreme,WE55,55,4,7/09/2023,5/10/2023,NA,NA,NA,NA,NA,NA,NA,NA,5,8
Mt Wilson,High/Extreme,WE55,55,5,7/09/2023,5/10/2023,NA,NA,NA,NA,NA,NA,NA,NA,2,3
Mt Wilson,High/Extreme,WE55,55,6,7/09/2023,5/10/2023,NA,NA,NA,NA,NA,NA,NA,NA,2,2
Mt Wilson,High/Extreme,WE55,55,2,7/09/2023,5/10/2023,NA,NA,NA,NA,NA,NA,NA,NA,8,12
Mt Wilson,High/Extreme,WE55,55,1,7/09/2023,5/10/2023,NA,NA,NA,NA,NA,NA,NA,NA,1.5,3
Mt Wilson,High/Extreme,WE45,45,1,7/09/2023,5/10/2023,NA,NA,NA,NA,NA,NA,NA,NA,44,35
Mt Wilson,High/Extreme,WE45,45,2,7/09/2023,5/10/2023,NA,NA,NA,NA,NA,NA,NA,NA,0,2
Mt Wilson,Low/Moderate,WL10,10,3,4/12/2023,11/02/2023,Geraniaceae,Geranium homeanum,Ballistic,0.1 to 0.5,Herb,3,4,0.6,6,8
Mt Wilson,High/Extreme,WE45,45,4,7/09/2023,5/10/2023,NA,NA,NA,NA,NA,NA,NA,NA,0.5,1
Mt Wilson,High/Extreme,WE45,45,5,7/09/2023,5/10/2023,NA,NA,NA,NA,NA,NA,NA,NA,2,3
Mt Wilson,High/Extreme,WE45,45,6,7/09/2023,5/10/2023,NA,NA,NA,NA,NA,NA,NA,NA,0.5,4
Mt Wilson,High/Extreme,WE45,45,7,7/09/2023,5/10/2023,NA,NA,NA,NA,NA,NA,NA,NA,0,4
Mt Wilson,High/Extreme,WE45,45,8,7/09/2023,5/10/2023,NA,NA,NA,NA,NA,NA,NA,NA,1,7
Mt Wilson,High/Extreme,WH35,35,5,7/09/2023,5/10/2023,NA,NA,NA,NA,NA,NA,NA,NA,0,1
Mt Wilson,High/Extreme,WH35,35,4,7/09/2023,5/10/2023,NA,NA,NA,NA,NA,NA,NA,NA,3,42
Mt Wilson,High/Extreme,WH35,35,1,7/09/2023,5/10/2023,NA,NA,NA,NA,NA,NA,NA,NA,8.5,43
Mt Wilson,High/Extreme,WH35,35,2,7/09/2023,5/10/2023,NA,NA,NA,NA,NA,NA,NA,NA,17,113
Mt Wilson,High/Extreme,WH35,35,3,7/09/2023,5/10/2023,NA,NA,NA,NA,NA,NA,NA,NA,2,0
Mt Wilson,Low/Moderate,WL25,25,3,7/09/2023,5/10/2023,NA,NA,NA,NA,NA,NA,NA,NA,31,26
Mt Wilson,Low/Moderate,WL10,10,3,11/02/2023,2/03/2023,Geraniaceae,Geranium homeanum,Ballistic,0.1 to 0.5,Herb,3,1,0.6,6,8
Mt Wilson,Low/Moderate,WL10,10,3,11/02/2023,2/03/2023,Campanulaceae,Lobelia purpurascens,Gravity,0.1 to 0.5,Herb,1.4,1,3,6,8
Mt Wilson,Low/Moderate,WL25,25,1,4/12/2023,11/02/2023,Poaceae,Echinopogon ovatus,Adhesion,0.1 to 0.5,Grass,0.7,1,1,0.5,7
Mt Wilson,Low/Moderate,WL25,25,1,11/02/2023,2/03/2023,Poaceae,Echinopogon ovatus,Adhesion,0.1 to 0.5,Grass,0.7,1,1,0.5,7
Mt Wilson,Low/Moderate,WL25,25,1,4/12/2023,11/02/2023,Poaceae,Entolasia marginata,Gravity,0.1 to 0.5,Grass,1.9,1,0.2,0.5,7
Mt Wilson,Low/Moderate,WL10,10,1,7/09/2023,5/10/2023,NA,NA,NA,NA,NA,NA,NA,NA,2.5,115
Mt Wilson,Low/Moderate,WL25,25,1,4/05/2023,10/06/2023,Poaceae,Entolasia marginata,Gravity,0.1 to 0.5,Grass,1.9,1,0.2,0.5,7
Mt Wilson,Low/Moderate,WL25,25,1,4/05/2023,10/06/2023,Cyperaceae,Gahnia sieberiana,Bird or wind,0.5 to 3,Sedge,4.483333333,6,2.1,0.5,7
Mt Wilson,Unburnt,WU10,-10,1,7/09/2023,5/10/2023,NA,NA,NA,NA,NA,NA,NA,NA,6,61
Mt Wilson,Low/Moderate,WL25,25,1,3/08/2023,7/09/2023,Asphodelaceae,Geitonoplesium cymosum,Vertebrate,0.1 to 0.5,Climber,4.847826087,65,1.6,0.5,7
Mt Wilson,Unburnt,WU40,-40,2,7/09/2023,5/10/2023,NA,Unknown 1,Vertebrate,Unknown,Tree,5.3,2,Unknown,32,10
Mt Wilson,Low/Moderate,WL25,25,1,7/09/2023,5/10/2023,Asphodelaceae,Geitonoplesium cymosum,Vertebrate,0.1 to 0.5,Climber,4.847826087,5,1.6,0.5,7
Mt Wilson,Low/Moderate,WL25,25,1,5/10/2023,2/11/2023,Asphodelaceae,Geitonoplesium cymosum,Vertebrate,0.1 to 0.5,Climber,4.847826087,1,1.6,0.5,7
Mt Wilson,Low/Moderate,WL25,25,1,4/12/2023,11/02/2023,Geraniaceae,Geranium homeanum,Ballistic,0.1 to 0.5,Herb,3,1,0.2,0.5,7
Mt Wilson,Low/Moderate,WL25,25,1,4/12/2023,11/02/2023,Asteraceae,Leucanthemum sp.,Wind,0.1 to 0.5,Herb,0.325,11,0.4,0.5,7
Mt Wilson,Unburnt,WU20,-20,1,7/09/2023,5/10/2023,NA,NA,NA,NA,NA,NA,NA,NA,16,6
Mt Wilson,Low/Moderate,WL25,25,1,11/02/2023,2/03/2023,Poaceae,Microlaena stipoides,Gravity,0.1 to 0.5,Grass,4.1,2,0.7,0.5,7
Mt Wilson,Low/Moderate,WL25,25,1,4/12/2023,11/02/2023,Violaceae,Viola sp.,Ant,0.1 to 0.5,Herb,0.8,1,0.1,0.5,7
Mt Wilson,Low/Moderate,WL25,25,1,11/02/2023,2/03/2023,Violaceae,Viola sp.,Ant,0.1 to 0.5,Herb,0.8,2,0.1,0.5,7
Mt Tomah,High/Extreme,TH110,110,7,7/09/2023,5/10/2023,NA,NA,NA,NA,NA,NA,NA,NA,16,16
Mt Wilson,Low/Moderate,WL25,25,1,4/05/2023,10/06/2023,Violaceae,Viola sp.,Ant,0.1 to 0.5,Herb,0.8,1,0.1,0.5,7
Mt Wilson,Low/Moderate,WL25,25,1,2/11/2023,1/12/2023,Violaceae,Viola sp.,Ant,0.1 to 0.5,Herb,0.8,1,0.1,0.5,7
Mt Wilson,Low/Moderate,WL25,25,2,4/12/2023,11/02/2023,Fabaceae,Acacia sp.,Ant,0.5 to 3,Shrub,15.47,1,3,30,13
Mt Tomah,High/Extreme,TH110,110,5,7/09/2023,5/10/2023,NA,NA,NA,NA,NA,NA,NA,NA,5,4
Mt Tomah,High/Extreme,TH110,110,3,7/09/2023,5/10/2023,NA,NA,NA,NA,NA,NA,NA,NA,6,3
Mt Wilson,Low/Moderate,WL25,25,2,4/12/2023,11/02/2023,Rubiaceae,Coprosma quadrifida,Vertebrate,0.5 to 3,Shrub,3,9,0.2,30,13
Mt Wilson,Low/Moderate,WL25,25,2,11/02/2023,2/03/2023,Rubiaceae,Coprosma quadrifida,Vertebrate,0.5 to 3,Shrub,3,1,0.2,30,13
Mt Wilson,Low/Moderate,WL25,25,2,3/08/2023,7/09/2023,Myrtaceae,Eucalyptus fastigata,Wind,10 to 25,Tree,0.615384615,2,6,30,13
Mt Tomah,High/Extreme,TH110,110,8,7/09/2023,5/10/2023,NA,Unknown 1,Vertebrate,Unknown,Tree,5.3,3,Unknown,16,17
Mt Wilson,Low/Moderate,WL25,25,2,7/09/2023,5/10/2023,Myrtaceae,Eucalyptus fastigata,Wind,10 to 25,Tree,0.615384615,1,6,30,13
Mt Wilson,Low/Moderate,WL25,25,2,10/06/2023,29/06/2023,Cyperaceae,Gahnia sieberiana,Bird or wind,0.5 to 3,Sedge,4.483333333,60,3.5,30,13
Mt Wilson,Low/Moderate,WL25,25,2,29/06/2023,3/08/2023,Cyperaceae,Gahnia sieberiana,Bird or wind,0.5 to 3,Sedge,4.483333333,1,3.5,30,13
Mt Wilson,Low/Moderate,WL25,25,2,21/12/2023,1/02/2024,Asphodelaceae,Geitonoplesium cymosum,Vertebrate,0.1 to 0.5,Climber,4.847826087,1,0.7,30,13
Mt Wilson,Low/Moderate,WL25,25,2,4/12/2023,11/02/2023,Violaceae,Viola sp.,Ant,0.1 to 0.5,Herb,0.8,7,0.1,30,13
Mt Wilson,Low/Moderate,WL25,25,2,11/02/2023,2/03/2023,Violaceae,Viola sp.,Ant,0.1 to 0.5,Herb,0.8,1,0.1,30,13
Mt Tomah,High/Extreme,TH100,100,1,7/09/2023,5/10/2023,NA,NA,NA,NA,NA,NA,NA,NA,7,7
Mt Tomah,High/Extreme,TH100,100,3,7/09/2023,5/10/2023,NA,NA,NA,NA,NA,NA,NA,NA,16,14
Mt Tomah,High/Extreme,TH100,100,4,7/09/2023,5/10/2023,NA,NA,NA,NA,NA,NA,NA,NA,38,39
Mt Wilson,Low/Moderate,WL25,25,3,4/05/2023,10/06/2023,Cyperaceae,Gahnia sieberiana,Bird or wind,0.5 to 3,Sedge,4.483333333,3,2.7,31,26
Mt Wilson,Low/Moderate,WL25,25,3,4/12/2023,11/02/2023,Geraniaceae,Geranium homeanum,Ballistic,0.1 to 0.5,Herb,3,4,0.4,31,26
Mt Wilson,Low/Moderate,WL25,25,3,4/12/2023,11/02/2023,Poaceae,Microlaena stipoides,Gravity,0.1 to 0.5,Grass,4.1,1,0.7,31,26
Mt Tomah,Low/Moderate,TM90,90,4,7/09/2023,5/10/2023,NA,NA,NA,NA,NA,NA,NA,NA,16,31
Mt Tomah,Low/Moderate,TM90,90,2,7/09/2023,5/10/2023,NA,NA,NA,NA,NA,NA,NA,NA,1.5,6
Mt Tomah,Low/Moderate,TM90,90,3,7/09/2023,5/10/2023,NA,NA,NA,NA,NA,NA,NA,NA,17,23
Mt Tomah,Low/Moderate,TM90,90,1,7/09/2023,5/10/2023,NA,NA,NA,NA,NA,NA,NA,NA,16,5
Mt Wilson,Low/Moderate,WL25,25,3,4/05/2023,10/06/2023,Solanaceae,Solanum prinophyllum,Vertebrate,0.5 to 3,Shrub,0.3055,30,4,31,26
Mt Wilson,Low/Moderate,WL25,25,3,10/06/2023,29/06/2023,Solanaceae,Solanum prinophyllum,Vertebrate,0.5 to 3,Shrub,0.3055,15,4,31,26
Mt Tomah,Low/Moderate,TM80,80,4,7/09/2023,5/10/2023,NA,NA,NA,NA,NA,NA,NA,NA,9,9
Mt Tomah,Low/Moderate,TM80,80,2,7/09/2023,5/10/2023,NA,NA,NA,NA,NA,NA,NA,NA,5,5
Mt Tomah,Low/Moderate,TM80,80,3,7/09/2023,5/10/2023,NA,NA,NA,NA,NA,NA,NA,NA,1.5,1
Mt Tomah,Low/Moderate,TM70,70,3,7/09/2023,5/10/2023,NA,NA,NA,NA,NA,NA,NA,NA,18,2
Mt Tomah,Low/Moderate,TM70,70,1,7/09/2023,5/10/2023,NA,NA,NA,NA,NA,NA,NA,NA,9,24
Mt Wilson,Low/Moderate,WL25,25,3,4/12/2023,11/02/2023,Violaceae,Viola sp.,Ant,0.1 to 0.5,Herb,0.8,3,0.3,31,26
Mt Tomah,Low/Moderate,TM50,50,2,7/09/2023,5/10/2023,NA,NA,NA,NA,NA,NA,NA,NA,9.5,8
Mt Tomah,Low/Moderate,TM70,70,2,7/09/2023,5/10/2023,NA,NA,NA,NA,NA,NA,NA,NA,11,13
Mt Wilson,Low/Moderate,WL25,25,4,30/03/2023,4/05/2023,Myrtaceae,Eucalyptus cypellocarpa,Wind,10 to 25,Tree,0.6,1,12,1.5,17
Mt Wilson,Low/Moderate,WL25,25,4,4/05/2023,10/06/2023,Cyperaceae,Gahnia sieberiana,Bird or wind,0.5 to 3,Sedge,4.483333333,1,2,1.5,17
Mt Wilson,Low/Moderate,WL25,25,4,7/09/2023,5/10/2023,Cyperaceae,Gahnia sieberiana,Bird or wind,0.5 to 3,Sedge,4.483333333,1,2,1.5,17
Mt Tomah,Low/Moderate,TM60,60,3,7/09/2023,5/10/2023,NA,NA,NA,NA,NA,NA,NA,NA,150,77
Mt Tomah,Low/Moderate,TM60,60,2,7/09/2023,5/10/2023,NA,NA,NA,NA,NA,NA,NA,NA,2.5,14
Mt Wilson,Low/Moderate,WL25,25,4,4/12/2023,11/02/2023,Geraniaceae,Geranium homeanum,Ballistic,0.1 to 0.5,Herb,3,8,0.1,1.5,17
Mt Wilson,Low/Moderate,WL25,25,4,11/02/2023,2/03/2023,Geraniaceae,Geranium homeanum,Ballistic,0.1 to 0.5,Herb,3,1,0.1,1.5,17
Mt Wilson,Low/Moderate,WL25,25,4,11/02/2023,2/03/2023,Goodeniaceae,Goodenia ovata,Ant,0.5 to 1.5,Shrub,0.3,1,4,1.5,17
Mt Tomah,Low/Moderate,TM40,40,2,7/09/2023,5/10/2023,NA,NA,NA,NA,NA,NA,NA,NA,1,73
Mt Tomah,High/Extreme,TH110,110,2,5/10/2023,2/11/2023,NA,NA,NA,NA,NA,NA,NA,NA,25,32
Mt Wilson,Low/Moderate,WL25,25,4,21/12/2023,1/02/2024,Poaceae,Microlaena stipoides,Gravity,0.1 to 0.5,Grass,4.1,1,0.2,1.5,17
Mt Wilson,High/Extreme,WH35,35,1,4/12/2023,11/02/2023,Fabaceae,Acacia sp.,Ant,0.5 to 3,Shrub,15.47,1,5,8.5,43
Mt Wilson,High/Extreme,WH35,35,1,4/05/2023,10/06/2023,Poaceae,Echinopogon ovatus,Adhesion,0.1 to 0.5,Grass,0.7,2,1,8.5,43
Mt Wilson,High/Extreme,WH35,35,1,4/05/2023,10/06/2023,Cyperaceae,Gahnia sieberiana,Bird or wind,0.5 to 3,Sedge,4.483333333,19,0.1,8.5,43
Mt Wilson,High/Extreme,WH35,35,1,2/11/2023,1/12/2023,Asphodelaceae,Geitonoplesium cymosum,Vertebrate,0.1 to 0.5,Climber,4.847826087,9,0.3,8.5,43
Mt Wilson,High/Extreme,WH35,35,1,4/12/2023,11/02/2023,Poaceae,Microlaena stipoides,Gravity,0.1 to 0.5,Grass,4.1,1,0.2,8.5,43
Mt Tomah,High/Extreme,TH110,110,6,5/10/2023,2/11/2023,NA,NA,NA,NA,NA,NA,NA,NA,3.5,78
Mt Tomah,High/Extreme,TH110,110,3,5/10/2023,2/11/2023,NA,NA,NA,NA,NA,NA,NA,NA,6,3
Mt Tomah,High/Extreme,TH110,110,10,5/10/2023,2/11/2023,NA,NA,NA,NA,NA,NA,NA,NA,99,91
Mt Tomah,High/Extreme,TH110,110,4,5/10/2023,2/11/2023,NA,NA,NA,NA,NA,NA,NA,NA,41,138
Mt Tomah,High/Extreme,TH110,110,5,5/10/2023,2/11/2023,NA,NA,NA,NA,NA,NA,NA,NA,5,4
Mt Tomah,High/Extreme,TH100,100,3,5/10/2023,2/11/2023,NA,NA,NA,NA,NA,NA,NA,NA,16,14
Mt Wilson,High/Extreme,WH35,35,1,11/02/2023,2/03/2023,Poaceae,Microlaena stipoides,Gravity,0.1 to 0.5,Grass,4.1,1,0.2,8.5,43
Mt Wilson,High/Extreme,WH35,35,1,2/03/2023,30/03/2023,Poaceae,Microlaena stipoides,Gravity,0.1 to 0.5,Grass,4.1,3,0.2,8.5,43
Mt Tomah,High/Extreme,TH100,100,2,5/10/2023,2/11/2023,NA,NA,NA,NA,NA,NA,NA,NA,11.5,49
Mt Tomah,High/Extreme,TH100,100,1,5/10/2023,2/11/2023,NA,NA,NA,NA,NA,NA,NA,NA,7,7
Mt Tomah,High/Extreme,TH100,100,7,5/10/2023,2/11/2023,NA,NA,NA,NA,NA,NA,NA,NA,107,8
Mt Tomah,High/Extreme,TH100,100,6,5/10/2023,2/11/2023,NA,NA,NA,NA,NA,NA,NA,NA,3,6
Mt Wilson,High/Extreme,WH35,35,1,2/03/2023,30/03/2023,Rosaceae,Rubus sp.,Vertebrate,0.5 to 1.5,Shrub,1.4,1,0.2,8.5,43
Mt Tomah,Low/Moderate,TM90,90,2,5/10/2023,2/11/2023,NA,NA,NA,NA,NA,NA,NA,NA,1.5,6
Mt Tomah,Low/Moderate,TM90,90,1,5/10/2023,2/11/2023,NA,NA,NA,NA,NA,NA,NA,NA,16,5
Mt Tomah,Low/Moderate,TM80,80,1,5/10/2023,2/11/2023,NA,NA,NA,NA,NA,NA,NA,NA,2.5,5
Mt Tomah,Low/Moderate,TM80,80,2,5/10/2023,2/11/2023,NA,NA,NA,NA,NA,NA,NA,NA,5,5
Mt Tomah,Low/Moderate,TM80,80,4,5/10/2023,2/11/2023,NA,NA,NA,NA,NA,NA,NA,NA,9,9
Mt Tomah,Low/Moderate,TM80,80,3,5/10/2023,2/11/2023,NA,NA,NA,NA,NA,NA,NA,NA,1.5,1
Mt Tomah,Low/Moderate,TM90,90,3,5/10/2023,2/11/2023,NA,NA,NA,NA,NA,NA,NA,NA,17,23
Mt Wilson,High/Extreme,WH35,35,2,1/12/2023,21/12/2023,Asphodelaceae,Geitonoplesium cymosum,Vertebrate,0.1 to 0.5,Climber,4.847826087,5,0.3,17,113
Mt Tomah,Low/Moderate,TM90,90,5,5/10/2023,2/11/2023,NA,NA,NA,NA,NA,NA,NA,NA,3,1
Mt Tomah,Low/Moderate,TM70,70,2,5/10/2023,2/11/2023,NA,NA,NA,NA,NA,NA,NA,NA,11,13
Mt Wilson,High/Extreme,WH35,35,2,11/02/2023,2/03/2023,Geraniaceae,Geranium homeanum,Ballistic,0.1 to 0.5,Herb,3,2,0.3,17,113
Mt Tomah,Low/Moderate,TM70,70,1,5/10/2023,2/11/2023,NA,NA,NA,NA,NA,NA,NA,NA,9,24
Mt Wilson,High/Extreme,WH35,35,2,2/03/2023,30/03/2023,Campanulaceae,Lobelia purpurascens,Gravity,0.1 to 0.5,Herb,1.4,1,0.6,17,113
Mt Wilson,High/Extreme,WH35,35,2,4/12/2023,11/02/2023,Poaceae,Microlaena stipoides,Gravity,0.1 to 0.5,Grass,4.1,1,0.7,17,113
Mt Wilson,High/Extreme,WH35,35,2,11/02/2023,2/03/2023,Poaceae,Microlaena stipoides,Gravity,0.1 to 0.5,Grass,4.1,1,0.7,17,113
Mt Wilson,High/Extreme,WH35,35,3,2/03/2023,30/03/2023,Pittosporaceae,Billardiera scandens,Vertebrate,0.5 to 1.5,Climber,2.08,4,1.2,2,0
Mt Tomah,Low/Moderate,TM50,50,1,5/10/2023,2/11/2023,NA,NA,NA,NA,NA,NA,NA,NA,32,49
Mt Tomah,Low/Moderate,TM40,40,2,5/10/2023,2/11/2023,NA,NA,NA,NA,NA,NA,NA,NA,1,73
Mt Wilson,High/Extreme,WH35,35,3,30/03/2023,4/05/2023,Pittosporaceae,Billardiera scandens,Vertebrate,0.5 to 1.5,Climber,2.08,5,1.2,2,0
Mt Wilson,High/Extreme,WH35,35,3,4/12/2023,11/02/2023,Poaceae,Echinopogon ovatus,Adhesion,0.1 to 0.5,Grass,0.7,23,0.7,2,0
Mt Wilson,High/Extreme,WH35,35,3,11/02/2023,2/03/2023,Poaceae,Echinopogon ovatus,Adhesion,0.1 to 0.5,Grass,0.7,16,0.7,2,0
Mt Tomah,Low/Moderate,TM40,40,3,5/10/2023,2/11/2023,NA,NA,NA,NA,NA,NA,NA,NA,7,24
Mt Wilson,High/Extreme,WH35,35,3,11/02/2023,2/03/2023,Poaceae,Echinopogon ovatus,Adhesion,0.1 to 0.5,Grass,0.7,3,0.7,2,0
Mt Wilson,High/Extreme,WH35,35,3,30/03/2023,4/05/2023,Myrtaceae,Eucalyptus blaxlandii,Wind,10 to 25,Tree,0.6,1,4,2,0
Mt Wilson,High/Extreme,WH35,35,3,2/03/2023,30/03/2023,Cyperaceae,Gahnia sieberiana,Bird or wind,0.5 to 3,Sedge,4.483333333,72,2,2,0
Mt Wilson,Unburnt,WU40,-40,4,5/10/2023,2/11/2023,NA,NA,NA,NA,NA,NA,NA,NA,18,0
Mt Wilson,High/Extreme,WH35,35,3,30/03/2023,4/05/2023,Cyperaceae,Gahnia sieberiana,Bird or wind,0.5 to 3,Sedge,4.483333333,45,2,2,0
Mt Wilson,High/Extreme,WH35,35,3,4/05/2023,10/06/2023,Cyperaceae,Gahnia sieberiana,Bird or wind,0.5 to 3,Sedge,4.483333333,4,2,2,0
Mt Wilson,High/Extreme,WH35,35,3,2/03/2023,30/03/2023,Asphodelaceae,Geitonoplesium cymosum,Vertebrate,0.1 to 0.5,Climber,4.847826087,4,3,2,0
Mt Wilson,Unburnt,WU10,-10,3,5/10/2023,2/11/2023,NA,NA,NA,NA,NA,NA,NA,NA,6.5,142
Mt Wilson,Unburnt,WU10,-10,2,5/10/2023,2/11/2023,NA,NA,NA,NA,NA,NA,NA,NA,10,23
Mt Wilson,Unburnt,WU10,-10,1,5/10/2023,2/11/2023,NA,NA,NA,NA,NA,NA,NA,NA,6,61
Mt Wilson,Unburnt,WU20,-20,2,5/10/2023,2/11/2023,NA,NA,NA,NA,NA,NA,NA,NA,20,15
Mt Wilson,Unburnt,WU20,-20,1,5/10/2023,2/11/2023,NA,NA,NA,NA,NA,NA,NA,NA,16,6
Mt Wilson,Low/Moderate,WL25,25,2,5/10/2023,2/11/2023,NA,NA,NA,NA,NA,NA,NA,NA,30,13
Mt Wilson,High/Extreme,WH35,35,3,4/12/2023,11/02/2023,Poaceae,Microlaena stipoides,Gravity,0.1 to 0.5,Grass,4.1,13,0.1,2,0
Mt Wilson,Low/Moderate,WL25,25,4,5/10/2023,2/11/2023,NA,NA,NA,NA,NA,NA,NA,NA,1.5,17
Mt Wilson,Low/Moderate,WL25,25,3,5/10/2023,2/11/2023,NA,NA,NA,NA,NA,NA,NA,NA,31,26
Mt Wilson,Low/Moderate,WL10,10,3,5/10/2023,2/11/2023,NA,NA,NA,NA,NA,NA,NA,NA,6,8
Mt Wilson,Low/Moderate,WL10,10,1,5/10/2023,2/11/2023,NA,NA,NA,NA,NA,NA,NA,NA,2.5,115
Mt Wilson,Low/Moderate,WL10,10,2,5/10/2023,2/11/2023,NA,NA,NA,NA,NA,NA,NA,NA,16,14
Mt Wilson,High/Extreme,WH35,35,4,5/10/2023,2/11/2023,NA,NA,NA,NA,NA,NA,NA,NA,3,42
Mt Wilson,High/Extreme,WH35,35,3,5/10/2023,2/11/2023,NA,NA,NA,NA,NA,NA,NA,NA,2,0
Mt Wilson,High/Extreme,WH35,35,2,5/10/2023,2/11/2023,NA,NA,NA,NA,NA,NA,NA,NA,17,113
Mt Wilson,High/Extreme,WH35,35,1,5/10/2023,2/11/2023,NA,NA,NA,NA,NA,NA,NA,NA,8.5,43
Mt Wilson,High/Extreme,WH35,35,5,5/10/2023,2/11/2023,NA,NA,NA,NA,NA,NA,NA,NA,0,1
Mt Wilson,High/Extreme,WE45,45,2,5/10/2023,2/11/2023,NA,NA,NA,NA,NA,NA,NA,NA,0,2
Mt Wilson,High/Extreme,WE45,45,3,5/10/2023,2/11/2023,NA,NA,NA,NA,NA,NA,NA,NA,4,22
Mt Wilson,High/Extreme,WE45,45,4,5/10/2023,2/11/2023,NA,NA,NA,NA,NA,NA,NA,NA,0.5,1
Mt Wilson,High/Extreme,WE45,45,5,5/10/2023,2/11/2023,NA,NA,NA,NA,NA,NA,NA,NA,2,3
Mt Wilson,High/Extreme,WE45,45,6,5/10/2023,2/11/2023,NA,NA,NA,NA,NA,NA,NA,NA,0.5,4
Mt Wilson,High/Extreme,WE45,45,7,5/10/2023,2/11/2023,NA,NA,NA,NA,NA,NA,NA,NA,0,4
Mt Wilson,High/Extreme,WE45,45,8,5/10/2023,2/11/2023,NA,NA,NA,NA,NA,NA,NA,NA,1,7
Mt Wilson,High/Extreme,WE45,45,1,5/10/2023,2/11/2023,NA,NA,NA,NA,NA,NA,NA,NA,44,35
Mt Wilson,High/Extreme,WH35,35,3,21/12/2023,1/02/2024,Poaceae,Microlaena stipoides,Gravity,0.1 to 0.5,Grass,4.1,1,0.1,2,0
Mt Wilson,High/Extreme,WE55,55,2,5/10/2023,2/11/2023,NA,NA,NA,NA,NA,NA,NA,NA,8,12
Mt Wilson,High/Extreme,WE55,55,3,5/10/2023,2/11/2023,NA,NA,NA,NA,NA,NA,NA,NA,3,9
Mt Wilson,High/Extreme,WE55,55,9,5/10/2023,2/11/2023,NA,NA,NA,NA,NA,NA,NA,NA,5,18
Mt Wilson,High/Extreme,WE55,55,8,5/10/2023,2/11/2023,NA,NA,NA,NA,NA,NA,NA,NA,0.5,6
Mt Wilson,High/Extreme,WH35,35,3,30/03/2023,4/05/2023,Ranunculaceae,Ranunculus sp.,Adhesion,0.1 to 0.5,Herb,0.36,90,1,2,0
Mt Wilson,High/Extreme,WE55,55,6,5/10/2023,2/11/2023,NA,NA,NA,NA,NA,NA,NA,NA,2,2
Mt Wilson,High/Extreme,WE55,55,5,5/10/2023,2/11/2023,NA,NA,NA,NA,NA,NA,NA,NA,2,3
Mt Wilson,High/Extreme,WE55,55,4,5/10/2023,2/11/2023,NA,NA,NA,NA,NA,NA,NA,NA,5,8
Mt Wilson,High/Extreme,WE55,55,1,5/10/2023,2/11/2023,NA,NA,NA,NA,NA,NA,NA,NA,1.5,3
Mt Wilson,High/Extreme,WH35,35,4,30/03/2023,4/05/2023,Asteraceae,Cirsium sp.,Wind,0.5 to 1.5,Herb,4.1,1,5,3,42
Mt Wilson,High/Extreme,WH35,35,4,4/12/2023,11/02/2023,Poaceae,Echinopogon ovatus,Adhesion,0.1 to 0.5,Grass,0.7,2,1,3,42
Mt Wilson,High/Extreme,WH35,35,4,11/02/2023,2/03/2023,Poaceae,Echinopogon ovatus,Adhesion,0.1 to 0.5,Grass,0.7,11,1,3,42
Mt Tomah,High/Extreme,TH110,110,9,2/11/2023,1/12/2023,Proteaceae,Persoonia mollis,Vertebrate,0.5 to 10,Shrub,67.5,1,Not found,55,24
Mt Wilson,High/Extreme,WH35,35,4,21/12/2023,1/02/2024,Poaceae,Entolasia marginata,Gravity,0.1 to 0.5,Grass,1.9,1,0.1,3,42
Mt Wilson,High/Extreme,WH35,35,4,4/12/2023,11/02/2023,Geraniaceae,Geranium homeanum,Ballistic,0.1 to 0.5,Herb,3,1,0.4,3,42
Mt Wilson,High/Extreme,WH35,35,4,2/03/2023,30/03/2023,Geraniaceae,Geranium homeanum,Ballistic,0.1 to 0.5,Herb,3,2,0.4,3,42
Mt Wilson,High/Extreme,WH35,35,4,4/12/2023,11/02/2023,Violaceae,Viola sp.,Ant,0.1 to 0.5,Herb,0.8,2,0.2,3,42
Mt Wilson,High/Extreme,WH35,35,5,30/03/2023,4/05/2023,Poaceae,Echinopogon ovatus,Adhesion,0.1 to 0.5,Grass,0.7,1,1,0,1
Mt Wilson,High/Extreme,WH35,35,5,21/12/2023,1/02/2024,Myrtaceae,Eucalyptus blaxlandii,Wind,10 to 25,Tree,0.6,1,2,0,1
Mt Wilson,High/Extreme,WH35,35,5,30/03/2023,4/05/2023,Myrtaceae,Eucalyptus cypellocarpa,Wind,10 to 25,Tree,0.6,4,6,0,1
Mt Wilson,High/Extreme,WH35,35,5,10/06/2023,29/06/2023,Myrtaceae,Eucalyptus cypellocarpa,Wind,10 to 25,Tree,0.6,20,6,0,1
Mt Wilson,High/Extreme,WH35,35,5,4/12/2023,11/02/2023,Geraniaceae,Geranium homeanum,Ballistic,0.1 to 0.5,Herb,3,1,0.3,0,1
Mt Tomah,High/Extreme,TH100,100,6,2/11/2023,1/12/2023,NA,NA,NA,NA,NA,NA,NA,NA,3,6
Mt Wilson,High/Extreme,WE45,45,1,21/12/2023,1/02/2024,Fabaceae,Acacia sp.,Ant,0.5 to 3,Shrub,15.47,1,2.4,44,35
Mt Wilson,High/Extreme,WE45,45,1,4/12/2023,11/02/2023,Poaceae,Echinopogon ovatus,Adhesion,0.1 to 0.5,Grass,0.7,17,0.7,44,35
Mt Wilson,High/Extreme,WE45,45,1,11/02/2023,2/03/2023,Poaceae,Echinopogon ovatus,Adhesion,0.1 to 0.5,Grass,0.7,8,0.7,44,35
Mt Wilson,High/Extreme,WE45,45,1,2/03/2023,30/03/2023,Poaceae,Echinopogon ovatus,Adhesion,0.1 to 0.5,Grass,0.7,100,0.7,44,35
Mt Wilson,High/Extreme,WE45,45,1,10/06/2023,29/06/2023,Cyperaceae,Gahnia sieberiana,Bird or wind,0.5 to 3,Sedge,4.483333333,1,7,44,35
Mt Wilson,High/Extreme,WE45,45,1,11/02/2023,2/03/2023,Araliaceae,Polyscias sambucifolia,Vertebrate,0.5 to 1.5,Shrub,1.35,13,0.2,44,35
Mt Wilson,High/Extreme,WE45,45,1,30/03/2023,4/05/2023,Araliaceae,Polyscias sambucifolia,Vertebrate,0.5 to 1.5,Shrub,1.35,26,0.2,44,35
Mt Wilson,High/Extreme,WE45,45,1,4/05/2023,10/06/2023,Araliaceae,Polyscias sambucifolia,Vertebrate,0.5 to 1.5,Shrub,1.35,2,0.2,44,35
Mt Tomah,High/Extreme,TH100,100,2,2/11/2023,1/12/2023,Asteraceae,Senecio linearifolius,Wind,0.5 to 3,Shrub,0.366666667,3,0.3,11.5,49
Mt Tomah,High/Extreme,TH100,100,1,2/11/2023,1/12/2023,NA,NA,NA,NA,NA,NA,NA,NA,7,7
Mt Wilson,High/Extreme,WE45,45,1,10/06/2023,29/06/2023,Araliaceae,Polyscias sambucifolia,Vertebrate,0.5 to 1.5,Shrub,1.35,2,0.2,44,35
Mt Wilson,High/Extreme,WE45,45,1,21/12/2023,1/02/2024,Araliaceae,Polyscias sambucifolia,Vertebrate,0.5 to 1.5,Shrub,1.35,18,0.2,44,35
Mt Tomah,Low/Moderate,TM90,90,3,2/11/2023,1/12/2023,NA,NA,NA,NA,NA,NA,NA,NA,17,23
Mt Wilson,High/Extreme,WE45,45,1,2/03/2023,30/03/2023,Apiaceae,Polyscias sambucifolia,Vertebrate,0.5 to 1.5,Shrub,1.35,10,0.2,44,35
Mt Wilson,High/Extreme,WE45,45,2,4/12/2023,11/02/2023,Poaceae,Entolasia marginata,Gravity,0.1 to 0.5,Grass,1.9,1,0.1,0,2
Mt Wilson,High/Extreme,WE45,45,2,10/06/2023,29/06/2023,Cyperaceae,Gahnia sieberiana,Bird or wind,0.5 to 3,Sedge,4.483333333,8,6,0,2
Mt Wilson,High/Extreme,WE45,45,2,29/06/2023,3/08/2023,Cyperaceae,Gahnia sieberiana,Bird or wind,0.5 to 3,Sedge,4.483333333,6,6,0,2
Mt Wilson,High/Extreme,WE45,45,2,2/03/2023,30/03/2023,Araliaceae,Polyscias sambucifolia,Vertebrate,0.5 to 1.5,Shrub,1.35,10,0.1,0,2
Mt Wilson,High/Extreme,WE45,45,2,11/02/2023,2/03/2023,Apiaceae,Polyscias sambucifolia,Vertebrate,0.5 to 1.5,Shrub,1.35,4,0.1,0,2
Mt Tomah,Low/Moderate,TM80,80,4,2/11/2023,1/12/2023,NA,NA,NA,NA,NA,NA,NA,NA,9,9
Mt Tomah,Low/Moderate,TM70,70,3,2/11/2023,1/12/2023,NA,NA,NA,NA,NA,NA,NA,NA,18,2
Mt Wilson,High/Extreme,WE45,45,3,2/03/2023,30/03/2023,Poaceae,Echinopogon ovatus,Adhesion,0.1 to 0.5,Grass,0.7,1,1.2,4,22
Mt Wilson,High/Extreme,WE45,45,3,4/12/2023,11/02/2023,Poaceae,Entolasia marginata,Gravity,0.1 to 0.5,Grass,1.9,1,0.2,4,22
Mt Wilson,High/Extreme,WE45,45,3,11/02/2023,2/03/2023,Poaceae,Entolasia marginata,Gravity,0.1 to 0.5,Grass,1.9,1,0.2,4,22
Mt Wilson,High/Extreme,WE45,45,3,21/12/2023,1/02/2024,Poaceae,Entolasia marginata,Gravity,0.1 to 0.5,Grass,1.9,1,0.2,4,22
Mt Wilson,High/Extreme,WE45,45,3,2/03/2023,30/03/2023,Poaceae,Microlaena stipoides,Gravity,0.1 to 0.5,Grass,4.1,2,0.3,4,22
Mt Wilson,High/Extreme,WE45,45,3,30/03/2023,4/05/2023,Poaceae,Microlaena stipoides,Gravity,0.1 to 0.5,Grass,4.1,1,0.3,4,22
Mt Wilson,High/Extreme,WE45,45,3,29/06/2023,3/08/2023,Araliaceae,Polyscias sambucifolia,Vertebrate,0.5 to 1.5,Shrub,1.35,1,0.3,4,22
Mt Wilson,High/Extreme,WE45,45,3,7/09/2023,5/10/2023,Araliaceae,Polyscias sambucifolia,Vertebrate,0.5 to 1.5,Shrub,1.35,2,0.3,4,22
Mt Tomah,Low/Moderate,TM50,50,2,2/11/2023,1/12/2023,NA,NA,NA,NA,NA,NA,NA,NA,9.5,8
Mt Wilson,High/Extreme,WE45,45,4,4/12/2023,11/02/2023,Poaceae,Echinopogon ovatus,Adhesion,0.1 to 0.5,Grass,0.7,5,5,0.5,1
Mt Wilson,High/Extreme,WE45,45,4,11/02/2023,2/03/2023,Poaceae,Echinopogon ovatus,Adhesion,0.1 to 0.5,Grass,0.7,8,5,0.5,1
Mt Wilson,High/Extreme,WE45,45,4,10/06/2023,29/06/2023,Poaceae,Echinopogon ovatus,Adhesion,0.1 to 0.5,Grass,0.7,50,5,0.5,1
Mt Wilson,High/Extreme,WE45,45,4,11/02/2023,2/03/2023,Poaceae,Entolasia marginata,Gravity,0.1 to 0.5,Grass,1.9,5,0.3,0.5,1
Mt Wilson,High/Extreme,WE45,45,4,29/06/2023,3/08/2023,Myrtaceae,Eucalyptus cypellocarpa,Wind,10 to 25,Tree,0.6,1,3,0.5,1
Mt Wilson,High/Extreme,WE45,45,4,4/05/2023,10/06/2023,Cyperaceae,Gahnia sieberiana,Bird or wind,0.5 to 3,Sedge,4.483333333,1,7,0.5,1
Mt Wilson,High/Extreme,WE45,45,4,29/06/2023,3/08/2023,Halorgaceae,Gonocarpus tetragynus,Gravity,0.1 to 0.5,Herb,0.3,1,0.2,0.5,1
Mt Wilson,High/Extreme,WE55,55,1,2/11/2023,1/12/2023,NA,NA,NA,NA,NA,NA,NA,NA,1.5,3
Mt Wilson,High/Extreme,WE45,45,1,2/11/2023,1/12/2023,NA,NA,NA,NA,NA,NA,NA,NA,44,35
Mt Wilson,High/Extreme,WE45,45,4,30/03/2023,4/05/2023,Araliaceae,Polyscias sambucifolia,Vertebrate,0.5 to 1.5,Shrub,1.35,2,0.1,0.5,1
Mt Wilson,High/Extreme,WE55,55,4,2/11/2023,1/12/2023,NA,NA,NA,NA,NA,NA,NA,NA,5,8
Mt Wilson,High/Extreme,WE55,55,3,2/11/2023,1/12/2023,NA,NA,NA,NA,NA,NA,NA,NA,3,9
Mt Wilson,High/Extreme,WE55,55,6,2/11/2023,1/12/2023,NA,NA,NA,NA,NA,NA,NA,NA,2,2
Mt Wilson,High/Extreme,WE55,55,5,2/11/2023,1/12/2023,NA,NA,NA,NA,NA,NA,NA,NA,2,3
Mt Wilson,High/Extreme,WE55,55,9,2/11/2023,1/12/2023,NA,NA,NA,NA,NA,NA,NA,NA,5,18
Mt Wilson,High/Extreme,WE55,55,7,2/11/2023,1/12/2023,Proteaceae,Persoonia mollis,Vertebrate,0.5 to 10,Shrub,67.5,1,Not found,3.5,6
Mt Wilson,High/Extreme,WE55,55,8,2/11/2023,1/12/2023,NA,NA,NA,NA,NA,NA,NA,NA,0.5,6
Mt Wilson,High/Extreme,WE45,45,4,21/12/2023,1/02/2024,Araliaceae,Polyscias sambucifolia,Vertebrate,0.5 to 1.5,Shrub,1.35,1,0.1,0.5,1
Mt Wilson,High/Extreme,WE55,55,2,2/11/2023,1/12/2023,NA,NA,NA,NA,NA,NA,NA,NA,8,12
Mt Wilson,High/Extreme,WE45,45,8,2/11/2023,1/12/2023,NA,NA,NA,NA,NA,NA,NA,NA,1,7
Mt Wilson,High/Extreme,WE45,45,7,2/11/2023,1/12/2023,NA,NA,NA,NA,NA,NA,NA,NA,0,4
Mt Wilson,High/Extreme,WE45,45,6,2/11/2023,1/12/2023,NA,NA,NA,NA,NA,NA,NA,NA,0.5,4
Mt Wilson,High/Extreme,WE45,45,5,2/11/2023,1/12/2023,NA,NA,NA,NA,NA,NA,NA,NA,2,3
Mt Wilson,High/Extreme,WE45,45,4,2/11/2023,1/12/2023,NA,NA,NA,NA,NA,NA,NA,NA,0.5,1
Mt Wilson,High/Extreme,WE45,45,3,2/11/2023,1/12/2023,NA,NA,NA,NA,NA,NA,NA,NA,4,22
Mt Wilson,High/Extreme,WE45,45,2,2/11/2023,1/12/2023,NA,NA,NA,NA,NA,NA,NA,NA,0,2
Mt Wilson,High/Extreme,WH35,35,4,2/11/2023,1/12/2023,NA,NA,NA,NA,NA,NA,NA,NA,3,42
Mt Wilson,High/Extreme,WH35,35,5,2/11/2023,1/12/2023,NA,NA,NA,NA,NA,NA,NA,NA,0,1
Mt Wilson,High/Extreme,WE45,45,5,2/03/2023,30/03/2023,Pittosporaceae,Billardiera scandens,Vertebrate,0.5 to 1.5,Climber,2.08,13,0.3,2,3
Mt Wilson,High/Extreme,WH35,35,2,2/11/2023,1/12/2023,NA,NA,NA,NA,NA,NA,NA,NA,17,113
Mt Wilson,High/Extreme,WH35,35,3,2/11/2023,1/12/2023,NA,NA,NA,NA,NA,NA,NA,NA,2,0
Mt Wilson,Low/Moderate,WL25,25,2,2/11/2023,1/12/2023,NA,NA,NA,NA,NA,NA,NA,NA,30,13
Mt Wilson,Low/Moderate,WL25,25,3,2/11/2023,1/12/2023,NA,NA,NA,NA,NA,NA,NA,NA,31,26
Mt Wilson,Low/Moderate,WL25,25,4,2/11/2023,1/12/2023,NA,NA,NA,NA,NA,NA,NA,NA,1.5,17
Mt Wilson,Low/Moderate,WL10,10,1,2/11/2023,1/12/2023,NA,NA,NA,NA,NA,NA,NA,NA,2.5,115
Mt Wilson,Low/Moderate,WL10,10,3,2/11/2023,1/12/2023,NA,NA,NA,NA,NA,NA,NA,NA,6,8
Mt Wilson,Low/Moderate,WL10,10,2,2/11/2023,1/12/2023,NA,NA,NA,NA,NA,NA,NA,NA,16,14
Mt Wilson,High/Extreme,WE45,45,5,4/12/2023,11/02/2023,Poaceae,Entolasia marginata,Gravity,0.1 to 0.5,Grass,1.9,2,0.1,2,3
Mt Wilson,Unburnt,WU10,-10,3,2/11/2023,1/12/2023,NA,NA,NA,NA,NA,NA,NA,NA,6.5,142
Mt Wilson,High/Extreme,WE45,45,5,11/02/2023,2/03/2023,Poaceae,Entolasia marginata,Gravity,0.1 to 0.5,Grass,1.9,3,0.1,2,3
Mt Wilson,Unburnt,WU20,-20,3,2/11/2023,1/12/2023,NA,NA,NA,NA,NA,NA,NA,NA,6.5,107
Mt Wilson,Unburnt,WU20,-20,1,2/11/2023,1/12/2023,NA,NA,NA,NA,NA,NA,NA,NA,16,6
Mt Wilson,High/Extreme,WE45,45,5,2/03/2023,30/03/2023,Poaceae,Entolasia marginata,Gravity,0.1 to 0.5,Grass,1.9,1,0.1,2,3
Mt Wilson,High/Extreme,WE45,45,5,2/03/2023,30/03/2023,Asphodelaceae,Geitonoplesium cymosum,Vertebrate,0.1 to 0.5,Climber,4.847826087,11,5,2,3
Mt Wilson,Unburnt,WU40,-40,4,2/11/2023,1/12/2023,NA,NA,NA,NA,NA,NA,NA,NA,18,0
Mt Wilson,High/Extreme,WE45,45,5,30/03/2023,4/05/2023,Asphodelaceae,Geitonoplesium cymosum,Vertebrate,0.1 to 0.5,Climber,4.847826087,4,5,2,3
Mt Wilson,High/Extreme,WE45,45,5,11/02/2023,2/03/2023,Poaceae,Microlaena stipoides,Gravity,0.1 to 0.5,Grass,4.1,3,0.2,2,3
Mt Wilson,High/Extreme,WE45,45,5,2/03/2023,30/03/2023,Poaceae,Microlaena stipoides,Gravity,0.1 to 0.5,Grass,4.1,2,0.2,2,3
Mt Wilson,High/Extreme,WE45,45,5,2/03/2023,30/03/2023,Araliaceae,Polyscias sambucifolia,Vertebrate,0.5 to 1.5,Shrub,1.35,4,1.4,2,3
Mt Wilson,High/Extreme,WE45,45,5,30/03/2023,4/05/2023,Araliaceae,Polyscias sambucifolia,Vertebrate,0.5 to 1.5,Shrub,1.35,1,1.4,2,3
Mt Wilson,High/Extreme,WE45,45,6,21/12/2023,1/02/2024,Poaceae,Entolasia marginata,Gravity,0.1 to 0.5,Grass,1.9,1,0.2,0.5,4
Mt Wilson,High/Extreme,WE45,45,6,10/06/2023,29/06/2023,Cyperaceae,Gahnia sieberiana,Bird or wind,0.5 to 3,Sedge,4.483333333,1,6,0.5,4
Mt Wilson,High/Extreme,WE45,45,6,4/12/2023,11/02/2023,Poaceae,Microlaena stipoides,Gravity,0.1 to 0.5,Grass,4.1,2,0.1,0.5,4
Mt Wilson,High/Extreme,WE45,45,6,30/03/2023,4/05/2023,Araliaceae,Polyscias sambucifolia,Vertebrate,0.5 to 1.5,Shrub,1.35,4,1.3,0.5,4
Mt Wilson,High/Extreme,WE45,45,7,4/12/2023,11/02/2023,Poaceae,Austrostipa pubescens,Adhesion,0.5 to 1.5,Grass,1,1,1.8,0,4
Mt Wilson,High/Extreme,WE45,45,7,11/02/2023,2/03/2023,Poaceae,Echinopogon ovatus,Adhesion,0.1 to 0.5,Grass,0.7,3,2,0,4
Mt Tomah,High/Extreme,TH110,110,8,1/12/2023,21/12/2023,Fabaceae,Pultenaea flexilis,Ant,0.5 to 1.5,Shrub,12,18,0.1,16,17
Mt Wilson,High/Extreme,WE45,45,7,11/02/2023,2/03/2023,Poaceae,Entolasia marginata,Gravity,0.1 to 0.5,Grass,1.9,1,0.5,0,4
Mt Wilson,High/Extreme,WE45,45,7,4/12/2023,11/02/2023,Geraniaceae,Geranium homeanum,Ballistic,0.1 to 0.5,Herb,3,1,3,0,4
Mt Wilson,High/Extreme,WE45,45,7,11/02/2023,2/03/2023,Poaceae,Microlaena stipoides,Gravity,0.1 to 0.5,Grass,4.1,3,0.3,0,4
Mt Wilson,High/Extreme,WE45,45,8,2/03/2023,30/03/2023,Poaceae,Entolasia marginata,Gravity,0.1 to 0.5,Grass,1.9,1,0.1,1,7
Mt Wilson,High/Extreme,WE45,45,8,30/03/2023,4/05/2023,Myrtaceae,Eucalyptus cypellocarpa,Wind,10 to 25,Tree,0.6,2,11,1,7
Mt Wilson,High/Extreme,WE45,45,8,10/06/2023,29/06/2023,Myrtaceae,Eucalyptus cypellocarpa,Wind,10 to 25,Tree,0.6,9,11,1,7
Mt Tomah,High/Extreme,TH100,100,6,1/12/2023,21/12/2023,NA,NA,NA,NA,NA,NA,NA,NA,3,6
Mt Tomah,High/Extreme,TH100,100,7,1/12/2023,21/12/2023,Fabaceae,Kennedia rubicunda,Ant,0.5 to 3,Climber,25.34,9,0.3,107,8
Mt Wilson,High/Extreme,WE45,45,8,29/06/2023,3/08/2023,Myrtaceae,Eucalyptus cypellocarpa,Wind,10 to 25,Tree,0.6,1,11,1,7
Mt Wilson,High/Extreme,WE45,45,8,4/12/2023,11/02/2023,Halorgaceae,Gonocarpus tetragynus,Gravity,0.1 to 0.5,Herb,0.3,1,0.1,1,7
Mt Wilson,High/Extreme,WE45,45,8,21/12/2023,1/02/2024,Halorgaceae,Gonocarpus tetragynus,Gravity,0.1 to 0.5,Herb,0.3,6,0.1,1,7
Mt Wilson,High/Extreme,WE55,55,1,11/02/2023,2/03/2023,Poaceae,Echinopogon ovatus,Adhesion,0.1 to 0.5,Grass,0.7,2,0.8,1.5,3
Mt Wilson,High/Extreme,WE55,55,1,2/03/2023,30/03/2023,Poaceae,Echinopogon ovatus,Adhesion,0.1 to 0.5,Grass,0.7,2,0.8,1.5,3
Mt Wilson,High/Extreme,WE55,55,1,4/12/2023,11/02/2023,Poaceae,Entolasia marginata,Gravity,0.1 to 0.5,Grass,1.9,5,0.1,1.5,3
Mt Wilson,High/Extreme,WE55,55,1,11/02/2023,2/03/2023,Poaceae,Entolasia marginata,Gravity,0.1 to 0.5,Grass,1.9,19,0.1,1.5,3
Mt Tomah,Low/Moderate,TM90,90,1,1/12/2023,21/12/2023,Fabaceae,Kennedia rubicunda,Ant,0.5 to 3,Climber,25.34,9,0.3,16,5
Mt Wilson,High/Extreme,WE55,55,1,2/03/2023,30/03/2023,Poaceae,Entolasia marginata,Gravity,0.1 to 0.5,Grass,1.9,16,0.1,1.5,3
Mt Wilson,High/Extreme,WE55,55,1,30/03/2023,4/05/2023,Poaceae,Entolasia marginata,Gravity,0.1 to 0.5,Grass,1.9,3,0.1,1.5,3
Mt Wilson,High/Extreme,WE55,55,1,21/12/2023,1/02/2024,Poaceae,Entolasia marginata,Gravity,0.1 to 0.5,Grass,1.9,23,0.1,1.5,3
Mt Tomah,Low/Moderate,TM90,90,2,1/12/2023,21/12/2023,Fabaceae,Kennedia rubicunda,Ant,0.5 to 3,Climber,25.34,1,0.2,1.5,6
Mt Tomah,Low/Moderate,TM90,90,3,1/12/2023,21/12/2023,NA,NA,NA,NA,NA,NA,NA,NA,17,23
Mt Tomah,Low/Moderate,TM90,90,5,1/12/2023,21/12/2023,NA,NA,NA,NA,NA,NA,NA,NA,3,1
Mt Tomah,Low/Moderate,TM90,90,4,1/12/2023,21/12/2023,NA,NA,NA,NA,NA,NA,NA,NA,16,31
Mt Wilson,High/Extreme,WE55,55,1,11/02/2023,2/03/2023,Poaceae,Microlaena stipoides,Gravity,0.1 to 0.5,Grass,4.1,4,0.2,1.5,3
Mt Wilson,High/Extreme,WE55,55,1,30/03/2023,4/05/2023,Poaceae,Microlaena stipoides,Gravity,0.1 to 0.5,Grass,4.1,1,0.2,1.5,3
Mt Tomah,Low/Moderate,TM80,80,3,1/12/2023,21/12/2023,NA,NA,NA,NA,NA,NA,NA,NA,1.5,1
Mt Wilson,High/Extreme,WE55,55,1,30/03/2023,4/05/2023,Araliaceae,Polyscias sambucifolia,Vertebrate,0.5 to 1.5,Shrub,1.35,2,2.5,1.5,3
Mt Tomah,Low/Moderate,TM80,80,1,1/12/2023,21/12/2023,NA,NA,NA,NA,NA,NA,NA,NA,2.5,5
Mt Wilson,High/Extreme,WE55,55,2,11/02/2023,2/03/2023,Poaceae,Entolasia marginata,Gravity,0.1 to 0.5,Grass,1.9,1,0.4,8,12
Mt Wilson,High/Extreme,WE55,55,2,2/03/2023,30/03/2023,Poaceae,Entolasia marginata,Gravity,0.1 to 0.5,Grass,1.9,2,0.4,8,12
Mt Tomah,Low/Moderate,TM70,70,2,1/12/2023,21/12/2023,NA,NA,NA,NA,NA,NA,NA,NA,11,13
Mt Tomah,Low/Moderate,TM70,70,3,1/12/2023,21/12/2023,NA,NA,NA,NA,NA,NA,NA,NA,18,2
Mt Tomah,Low/Moderate,TM60,60,1,1/12/2023,21/12/2023,NA,NA,NA,NA,NA,NA,NA,NA,31,27
Mt Tomah,Low/Moderate,TM60,60,2,1/12/2023,21/12/2023,NA,NA,NA,NA,NA,NA,NA,NA,2.5,14
Mt Tomah,Low/Moderate,TM60,60,3,1/12/2023,21/12/2023,NA,NA,NA,NA,NA,NA,NA,NA,150,77
Mt Wilson,High/Extreme,WE55,55,2,29/06/2023,3/08/2023,Myrtaceae,Eucalyptus cypellocarpa,Wind,10 to 25,Tree,0.6,1,11,8,12
Mt Tomah,Low/Moderate,TM50,50,2,1/12/2023,21/12/2023,NA,NA,NA,NA,NA,NA,NA,NA,9.5,8
Mt Wilson,High/Extreme,WE55,55,3,2/03/2023,30/03/2023,Pittosporaceae,Billardiera scandens,Vertebrate,0.5 to 1.5,Climber,2.08,1,0.2,3,9
Mt Wilson,High/Extreme,WE55,55,3,21/12/2023,1/02/2024,Pittosporaceae,Billardiera scandens,Vertebrate,0.5 to 1.5,Climber,2.08,60,0.2,3,9
Mt Wilson,High/Extreme,WE55,55,3,21/12/2023,1/02/2024,Poaceae,Entolasia marginata,Gravity,0.1 to 0.5,Grass,1.9,1,0.4,3,9
Mt Wilson,High/Extreme,WE55,55,3,29/06/2023,3/08/2023,Myrtaceae,Eucalyptus cypellocarpa,Wind,10 to 25,Tree,0.6,1,13,3,9
Mt Wilson,High/Extreme,WE55,55,3,4/12/2023,11/02/2023,Asteraceae,Hypochaeris sp.,Wind,0.1 to 0.5,Herb,0.9,1,3,3,9
Mt Wilson,High/Extreme,WE55,55,3,30/03/2023,4/05/2023,Araliaceae,Polyscias sambucifolia,Vertebrate,0.5 to 1.5,Shrub,1.35,2,3,3,9
Mt Wilson,High/Extreme,WE55,55,3,10/06/2023,29/06/2023,Araliaceae,Polyscias sambucifolia,Vertebrate,0.5 to 1.5,Shrub,1.35,2,3,3,9
Mt Wilson,High/Extreme,WE55,55,1,1/12/2023,21/12/2023,NA,NA,NA,NA,NA,NA,NA,NA,1.5,3
Mt Wilson,High/Extreme,WE55,55,2,1/12/2023,21/12/2023,NA,NA,NA,NA,NA,NA,NA,NA,8,12
Mt Wilson,High/Extreme,WE55,55,3,1/12/2023,21/12/2023,NA,NA,NA,NA,NA,NA,NA,NA,3,9
Mt Wilson,High/Extreme,WE55,55,4,1/12/2023,21/12/2023,NA,NA,NA,NA,NA,NA,NA,NA,5,8
Mt Wilson,High/Extreme,WE55,55,3,2/03/2023,30/03/2023,Apiaceae,Polyscias sambucifolia,Vertebrate,0.5 to 1.5,Shrub,1.35,2,3,3,9
Mt Wilson,High/Extreme,WE55,55,6,1/12/2023,21/12/2023,NA,NA,NA,NA,NA,NA,NA,NA,2,2
Mt Wilson,High/Extreme,WE55,55,7,1/12/2023,21/12/2023,NA,NA,NA,NA,NA,NA,NA,NA,3.5,6
Mt Wilson,High/Extreme,WE55,55,8,1/12/2023,21/12/2023,NA,NA,NA,NA,NA,NA,NA,NA,0.5,6
Mt Wilson,High/Extreme,WE55,55,9,1/12/2023,21/12/2023,Fabaceae,Pultenaea flexilis,Ant,0.5 to 1.5,Shrub,12,2,0.1,5,18
Mt Wilson,High/Extreme,WE55,55,4,4/12/2023,11/02/2023,Fabaceae,Acacia sp.,Ant,0.5 to 3,Shrub,15.47,1,0.1,5,8
Mt Wilson,High/Extreme,WE55,55,4,11/02/2023,2/03/2023,Poaceae,Entolasia marginata,Gravity,0.1 to 0.5,Grass,1.9,1,0.1,5,8
Mt Wilson,High/Extreme,WE45,45,1,1/12/2023,21/12/2023,NA,NA,NA,NA,NA,NA,NA,NA,44,35
Mt Wilson,High/Extreme,WE45,45,2,1/12/2023,21/12/2023,NA,NA,NA,NA,NA,NA,NA,NA,0,2
Mt Wilson,High/Extreme,WE45,45,3,1/12/2023,21/12/2023,NA,NA,NA,NA,NA,NA,NA,NA,4,22
Mt Wilson,High/Extreme,WE45,45,4,1/12/2023,21/12/2023,NA,NA,NA,NA,NA,NA,NA,NA,0.5,1
Mt Wilson,High/Extreme,WE45,45,5,1/12/2023,21/12/2023,NA,NA,NA,NA,NA,NA,NA,NA,2,3
Mt Wilson,High/Extreme,WE45,45,6,1/12/2023,21/12/2023,NA,NA,NA,NA,NA,NA,NA,NA,0.5,4
Mt Wilson,High/Extreme,WE45,45,7,1/12/2023,21/12/2023,NA,NA,NA,NA,NA,NA,NA,NA,0,4
Mt Wilson,High/Extreme,WE45,45,8,1/12/2023,21/12/2023,NA,NA,NA,NA,NA,NA,NA,NA,1,7
Mt Wilson,High/Extreme,WH35,35,3,1/12/2023,21/12/2023,NA,NA,NA,NA,NA,NA,NA,NA,2,0
Mt Wilson,High/Extreme,WH35,35,4,1/12/2023,21/12/2023,NA,NA,NA,NA,NA,NA,NA,NA,3,42
Mt Wilson,High/Extreme,WH35,35,5,1/12/2023,21/12/2023,NA,NA,NA,NA,NA,NA,NA,NA,0,1
Mt Wilson,High/Extreme,WE55,55,4,30/03/2023,4/05/2023,Myrtaceae,Eucalyptus cypellocarpa,Wind,10 to 25,Tree,0.6,1,10,5,8
Mt Wilson,High/Extreme,WH35,35,1,1/12/2023,21/12/2023,NA,NA,NA,NA,NA,NA,NA,NA,8.5,43
Mt Wilson,Low/Moderate,WL25,25,2,1/12/2023,21/12/2023,NA,NA,NA,NA,NA,NA,NA,NA,30,13
Mt Wilson,Low/Moderate,WL25,25,4,1/12/2023,21/12/2023,NA,NA,NA,NA,NA,NA,NA,NA,1.5,17
Mt Wilson,Low/Moderate,WL25,25,3,1/12/2023,21/12/2023,NA,NA,NA,NA,NA,NA,NA,NA,31,26
Mt Wilson,Low/Moderate,WL10,10,1,1/12/2023,21/12/2023,NA,NA,NA,NA,NA,NA,NA,NA,2.5,115
Mt Wilson,Low/Moderate,WL10,10,2,1/12/2023,21/12/2023,NA,NA,NA,NA,NA,NA,NA,NA,16,14
Mt Wilson,Low/Moderate,WL10,10,3,1/12/2023,21/12/2023,NA,NA,NA,NA,NA,NA,NA,NA,6,8
Mt Wilson,Unburnt,WU10,-10,2,1/12/2023,21/12/2023,NA,NA,NA,NA,NA,NA,NA,NA,10,23
Mt Wilson,High/Extreme,WE55,55,4,4/12/2023,11/02/2023,Rubiaceae,Opercularia sp.,Ant,0.1 to 0.5,Herb,0.45,3,0.1,5,8
Mt Wilson,Unburnt,WU20,-20,3,1/12/2023,21/12/2023,NA,NA,NA,NA,NA,NA,NA,NA,6.5,107
Mt Wilson,Unburnt,WU20,-20,1,1/12/2023,21/12/2023,NA,NA,NA,NA,NA,NA,NA,NA,16,6
Mt Wilson,Unburnt,WU10,-10,3,1/12/2023,21/12/2023,NA,NA,NA,NA,NA,NA,NA,NA,6.5,142
Mt Wilson,Unburnt,WU10,-10,1,1/12/2023,21/12/2023,NA,NA,NA,NA,NA,NA,NA,NA,6,61
Mt Wilson,Unburnt,WU40,-40,4,1/12/2023,21/12/2023,NA,NA,NA,NA,NA,NA,NA,NA,18,0
Mt Wilson,Unburnt,WU40,-40,1,1/12/2023,21/12/2023,NA,NA,NA,NA,NA,NA,NA,NA,34,12
Mt Wilson,Unburnt,WU40,-40,2,1/12/2023,21/12/2023,NA,NA,NA,NA,NA,NA,NA,NA,32,10
Mt Wilson,Unburnt,WU40,-40,3,1/12/2023,21/12/2023,NA,NA,NA,NA,NA,NA,NA,NA,15,0
Mt Wilson,High/Extreme,WE55,55,4,30/03/2023,4/05/2023,Araliaceae,Polyscias sambucifolia,Vertebrate,0.5 to 1.5,Shrub,1.35,4,2.5,5,8
Mt Wilson,High/Extreme,WE55,55,4,4/05/2023,10/06/2023,Araliaceae,Polyscias sambucifolia,Vertebrate,0.5 to 1.5,Shrub,1.35,2,2.5,5,8
Mt Tomah,High/Extreme,TH110,110,1,21/12/2023,1/02/2024,NA,NA,NA,NA,NA,NA,NA,NA,6,27
Mt Wilson,High/Extreme,WE55,55,4,10/06/2023,29/06/2023,Araliaceae,Polyscias sambucifolia,Vertebrate,0.5 to 1.5,Shrub,1.35,2,2.5,5,8
Mt Wilson,High/Extreme,WE55,55,4,4/12/2023,11/02/2023,Violaceae,Viola sp.,Ant,0.1 to 0.5,Herb,0.8,2,0.2,5,8
Mt Tomah,High/Extreme,TH110,110,5,21/12/2023,1/02/2024,NA,NA,NA,NA,NA,NA,NA,NA,5,4
Mt Tomah,High/Extreme,TH110,110,6,21/12/2023,1/02/2024,NA,NA,NA,NA,NA,NA,NA,NA,3.5,78
Mt Wilson,High/Extreme,WE55,55,5,4/12/2023,11/02/2023,Fabaceae,Acacia sp.,Ant,0.5 to 3,Shrub,15.47,1,0.1,2,3
Mt Wilson,High/Extreme,WE55,55,5,4/12/2023,11/02/2023,Poaceae,Austrostipa pubescens,Adhesion,0.5 to 1.5,Grass,1,1,0.1,2,3
Mt Wilson,High/Extreme,WE55,55,5,4/12/2023,11/02/2023,Poaceae,Entolasia marginata,Gravity,0.1 to 0.5,Grass,1.9,1,0.2,2,3
Mt Wilson,High/Extreme,WE55,55,5,11/02/2023,2/03/2023,Poaceae,Entolasia marginata,Gravity,0.1 to 0.5,Grass,1.9,2,0.2,2,3
Mt Wilson,High/Extreme,WE55,55,5,30/03/2023,4/05/2023,Cyperaceae,Gahnia sieberiana,Bird or wind,0.5 to 3,Sedge,4.483333333,2,8,2,3
Mt Tomah,High/Extreme,TH100,100,1,21/12/2023,1/02/2024,NA,NA,NA,NA,NA,NA,NA,NA,7,7
Mt Tomah,High/Extreme,TH100,100,6,21/12/2023,1/02/2024,NA,NA,NA,NA,NA,NA,NA,NA,3,6
Mt Wilson,High/Extreme,WE55,55,5,21/12/2023,1/02/2024,Halorgaceae,Gonocarpus tetragynus,Gravity,0.1 to 0.5,Herb,0.3,1,0.1,2,3
Mt Wilson,High/Extreme,WE55,55,5,4/12/2023,11/02/2023,Rubiaceae,Opercularia sp.,Ant,0.1 to 0.5,Herb,0.45,23,0.3,2,3
Mt Wilson,High/Extreme,WE55,55,5,30/03/2023,4/05/2023,Araliaceae,Polyscias sambucifolia,Vertebrate,0.5 to 1.5,Shrub,1.35,30,0.2,2,3
Mt Wilson,High/Extreme,WE55,55,5,4/05/2023,10/06/2023,Araliaceae,Polyscias sambucifolia,Vertebrate,0.5 to 1.5,Shrub,1.35,2,0.2,2,3
Mt Tomah,High/Extreme,TH100,100,4,21/12/2023,1/02/2024,NA,NA,NA,NA,NA,NA,NA,NA,38,39
Mt Tomah,High/Extreme,TH100,100,3,21/12/2023,1/02/2024,NA,NA,NA,NA,NA,NA,NA,NA,16,14
Mt Wilson,High/Extreme,WE55,55,5,1/12/2023,21/12/2023,Araliaceae,Polyscias sambucifolia,Vertebrate,0.5 to 1.5,Shrub,1.35,2,0.2,2,3
Mt Wilson,High/Extreme,WE55,55,5,2/03/2023,30/03/2023,Apiaceae,Polyscias sambucifolia,Vertebrate,0.5 to 1.5,Shrub,1.35,40,0.2,2,3
Mt Tomah,Low/Moderate,TM90,90,2,21/12/2023,1/02/2024,NA,NA,NA,NA,NA,NA,NA,NA,1.5,6
Mt Wilson,High/Extreme,WE55,55,6,11/02/2023,2/03/2023,Poaceae,Austrostipa pubescens,Adhesion,0.5 to 1.5,Grass,1,1,0.2,2,2
Mt Tomah,Low/Moderate,TM90,90,5,21/12/2023,1/02/2024,NA,NA,NA,NA,NA,NA,NA,NA,3,1
Mt Wilson,High/Extreme,WE55,55,6,21/12/2023,1/02/2024,Myrtaceae,Eucalyptus cypellocarpa,Wind,10 to 25,Tree,0.6,4,6,2,2
Mt Tomah,Low/Moderate,TM80,80,2,21/12/2023,1/02/2024,NA,NA,NA,NA,NA,NA,NA,NA,5,5
Mt Tomah,Low/Moderate,TM80,80,4,21/12/2023,1/02/2024,NA,NA,NA,NA,NA,NA,NA,NA,9,9
Mt Tomah,Low/Moderate,TM80,80,3,21/12/2023,1/02/2024,NA,NA,NA,NA,NA,NA,NA,NA,1.5,1
Mt Wilson,High/Extreme,WE55,55,6,11/02/2023,2/03/2023,Poaceae,Microlaena stipoides,Gravity,0.1 to 0.5,Grass,4.1,1,0.2,2,2
Mt Tomah,Low/Moderate,TM70,70,3,21/12/2023,1/02/2024,NA,NA,NA,NA,NA,NA,NA,NA,18,2
Mt Tomah,Low/Moderate,TM70,70,2,21/12/2023,1/02/2024,NA,NA,NA,NA,NA,NA,NA,NA,11,13
Mt Wilson,High/Extreme,WE55,55,6,21/12/2023,1/02/2024,Poaceae,Microlaena stipoides,Gravity,0.1 to 0.5,Grass,4.1,3,0.2,2,2
Mt Tomah,Low/Moderate,TM60,60,2,21/12/2023,1/02/2024,NA,NA,NA,NA,NA,NA,NA,NA,2.5,14
Mt Tomah,Low/Moderate,TM60,60,3,21/12/2023,1/02/2024,NA,NA,NA,NA,NA,NA,NA,NA,150,77
Mt Tomah,Low/Moderate,TM60,60,1,21/12/2023,1/02/2024,NA,NA,NA,NA,NA,NA,NA,NA,31,27
Mt Wilson,High/Extreme,WE55,55,6,4/12/2023,11/02/2023,Rubiaceae,Opercularia sp.,Ant,0.1 to 0.5,Herb,0.45,2,0.1,2,2
Mt Wilson,High/Extreme,WE55,55,6,30/03/2023,4/05/2023,Araliaceae,Polyscias sambucifolia,Vertebrate,0.5 to 1.5,Shrub,1.35,2,1.9,2,2
Mt Wilson,High/Extreme,WE55,55,6,2/03/2023,30/03/2023,Apiaceae,Polyscias sambucifolia,Vertebrate,0.5 to 1.5,Shrub,1.35,4,1.9,2,2
Mt Wilson,High/Extreme,WE55,55,7,7/09/2023,5/10/2023,Myrtaceae,Eucalyptus cypellocarpa,Wind,10 to 25,Tree,0.6,1,5.5,3.5,6
Mt Wilson,High/Extreme,WE55,55,7,5/10/2023,2/11/2023,Myrtaceae,Eucalyptus cypellocarpa,Wind,10 to 25,Tree,0.6,2,5.5,3.5,6
Mt Wilson,High/Extreme,WE55,55,7,10/06/2023,29/06/2023,Araliaceae,Polyscias sambucifolia,Vertebrate,0.5 to 1.5,Shrub,1.35,2,0.6,3.5,6
Mt Wilson,High/Extreme,WE55,55,7,2/03/2023,30/03/2023,Apiaceae,Polyscias sambucifolia,Vertebrate,0.5 to 1.5,Shrub,1.35,2,0.6,3.5,6
Mt Wilson,High/Extreme,WE55,55,8,2/03/2023,30/03/2023,Poaceae,Echinopogon ovatus,Adhesion,0.1 to 0.5,Grass,0.7,2,0.7,0.5,6
Mt Wilson,High/Extreme,WE55,55,8,4/05/2023,10/06/2023,Cyperaceae,Gahnia sieberiana,Bird or wind,0.5 to 3,Sedge,4.483333333,1,6,0.5,6
Mt Wilson,High/Extreme,WE55,55,8,2/03/2023,30/03/2023,Poaceae,Microlaena stipoides,Gravity,0.1 to 0.5,Grass,4.1,1,0.1,0.5,6
Mt Wilson,High/Extreme,WE55,55,8,10/06/2023,29/06/2023,Araliaceae,Polyscias sambucifolia,Vertebrate,0.5 to 1.5,Shrub,1.35,2,0.5,0.5,6
Mt Tomah,Low/Moderate,TM20,20,1,21/12/2023,1/02/2024,NA,NA,NA,NA,NA,NA,NA,NA,38,17
Mt Wilson,High/Extreme,WE55,55,9,7/09/2023,5/10/2023,Myrtaceae,Eucalyptus cypellocarpa,Wind,10 to 25,Tree,0.6,3,9,5,18
Mt Wilson,Low/Moderate,WL25,25,3,21/12/2023,1/02/2024,Rosaceae,Rubus sp.,Vertebrate,0.5 to 1.5,Shrub,1.4,1,5,31,26
Mt Wilson,High/Extreme,WE55,55,9,29/06/2023,3/08/2023,Cyperaceae,Gahnia sieberiana,Bird or wind,0.5 to 3,Sedge,4.483333333,1,7,5,18
Mt Wilson,High/Extreme,WE55,55,9,11/02/2023,2/03/2023,Poaceae,Microlaena stipoides,Gravity,0.1 to 0.5,Grass,4.1,1,0.1,5,18
Mt Wilson,Low/Moderate,WL25,25,1,21/12/2023,1/02/2024,NA,NA,NA,NA,NA,NA,NA,NA,0.5,7
Mt Wilson,Unburnt,WU10,-10,3,21/12/2023,1/02/2024,NA,NA,NA,NA,NA,NA,NA,NA,6.5,142
Mt Wilson,Unburnt,WU10,-10,1,21/12/2023,1/02/2024,NA,NA,NA,NA,NA,NA,NA,NA,6,61
Mt Wilson,Unburnt,WU10,-10,2,21/12/2023,1/02/2024,NA,NA,NA,NA,NA,NA,NA,NA,10,23
Mt Wilson,Unburnt,WU20,-20,2,21/12/2023,1/02/2024,NA,NA,NA,NA,NA,NA,NA,NA,20,15
Mt Wilson,Unburnt,WU20,-20,1,21/12/2023,1/02/2024,NA,NA,NA,NA,NA,NA,NA,NA,16,6
Mt Wilson,High/Extreme,WE55,55,9,10/06/2023,29/06/2023,Araliaceae,Polyscias sambucifolia,Vertebrate,0.5 to 1.5,Shrub,1.35,2,1.2,5,18
Mt Wilson,Unburnt,WU40,-40,3,21/12/2023,1/02/2024,NA,NA,NA,NA,NA,NA,NA,NA,15,0
Mt Wilson,Unburnt,WU40,-40,1,21/12/2023,1/02/2024,NA,NA,NA,NA,NA,NA,NA,NA,34,12
Mt Wilson,High/Extreme,WE55,55,9,29/06/2023,3/08/2023,Araliaceae,Polyscias sambucifolia,Vertebrate,0.5 to 1.5,Shrub,1.35,2,1.2,5,18
Mt Wilson,Unburnt,WU20,-20,3,21/12/2023,1/02/2024,NA,NA,NA,NA,NA,NA,NA,NA,6.5,107
Mt Wilson,High/Extreme,WE55,55,9,2/03/2023,30/03/2023,Apiaceae,Polyscias sambucifolia,Vertebrate,0.5 to 1.5,Shrub,1.35,12,6,5,18
Mt Wilson,High/Extreme,WE55,55,10,2/11/2023,1/12/2023,Fabaceae,Acacia sp.,Ant,0.5 to 3,Shrub,15.47,2,0.1,12,17
Mt Wilson,Low/Moderate,WL10,10,2,21/12/2023,1/02/2024,NA,NA,NA,NA,NA,NA,NA,NA,16,14
Mt Wilson,High/Extreme,WE55,55,10,1/12/2023,21/12/2023,Fabaceae,Acacia sp.,Ant,0.5 to 3,Shrub,15.47,2,0.1,12,17
Mt Wilson,High/Extreme,WE55,55,10,21/12/2023,1/02/2024,Myrtaceae,Acacia sp.,Ant,0.5 to 3,Shrub,15.47,1,0.1,12,17
Mt Wilson,High/Extreme,WE55,55,10,1/12/2023,21/12/2023,Poaceae,Echinopogon ovatus,Adhesion,0.1 to 0.5,Grass,0.7,13,0.1,12,17
Mt Wilson,High/Extreme,WE55,55,10,4/12/2023,11/02/2023,Poaceae,Entolasia marginata,Gravity,0.1 to 0.5,Grass,1.9,3,0.3,12,17
Mt Wilson,High/Extreme,WE45,45,7,21/12/2023,1/02/2024,Hypericaceae,Hypericum sp.,Gravity,0.1 to 0.5,Herb,8.7,1,1.2,0,4
Mt Wilson,High/Extreme,WE55,55,10,11/02/2023,2/03/2023,Poaceae,Entolasia marginata,Gravity,0.1 to 0.5,Grass,1.9,14,0.3,12,17
Mt Wilson,High/Extreme,WE45,45,5,21/12/2023,1/02/2024,NA,NA,NA,NA,NA,NA,NA,NA,2,3
Mt Wilson,High/Extreme,WE55,55,10,2/03/2023,30/03/2023,Poaceae,Entolasia marginata,Gravity,0.1 to 0.5,Grass,1.9,2,0.3,12,17
Mt Wilson,High/Extreme,WE45,45,2,21/12/2023,1/02/2024,Ericaceae,Epacris pulchella,Gravity,0.5 to 1.5,Shrub,3.8,1,4,0,2
Mt Wilson,High/Extreme,WE55,55,10,3/08/2023,7/09/2023,Myrtaceae,Eucalyptus cypellocarpa,Wind,10 to 25,Tree,0.6,1,9,12,17
Mt Wilson,High/Extreme,WE55,55,10,7/09/2023,5/10/2023,Myrtaceae,Eucalyptus cypellocarpa,Wind,10 to 25,Tree,0.6,3,9,12,17
Mt Wilson,High/Extreme,WE55,55,10,5/10/2023,2/11/2023,Myrtaceae,Eucalyptus cypellocarpa,Wind,10 to 25,Tree,0.6,1,9,12,17
Mt Wilson,High/Extreme,WE55,55,10,30/03/2023,4/05/2023,Cyperaceae,Gahnia sieberiana,Bird or wind,0.5 to 3,Sedge,4.483333333,6,0.5,12,17
Mt Wilson,High/Extreme,WE55,55,10,4/05/2023,10/06/2023,Cyperaceae,Gahnia sieberiana,Bird or wind,0.5 to 3,Sedge,4.483333333,27,0.5,12,17
Mt Wilson,High/Extreme,WE55,55,9,21/12/2023,1/02/2024,NA,NA,NA,NA,NA,NA,NA,NA,5,18
Mt Wilson,High/Extreme,WE55,55,8,21/12/2023,1/02/2024,NA,NA,NA,NA,NA,NA,NA,NA,0.5,6
Mt Wilson,High/Extreme,WE55,55,10,10/06/2023,29/06/2023,Cyperaceae,Gahnia sieberiana,Bird or wind,0.5 to 3,Sedge,4.483333333,9,0.5,12,17
Mt Wilson,High/Extreme,WH35,35,2,21/12/2023,1/02/2024,NA,NA,NA,NA,NA,NA,NA,NA,17,113
Mt Wilson,High/Extreme,WH35,35,1,21/12/2023,1/02/2024,NA,NA,NA,NA,NA,NA,NA,NA,8.5,43
Mt Wilson,High/Extreme,WE55,55,10,29/06/2023,3/08/2023,Cyperaceae,Gahnia sieberiana,Bird or wind,0.5 to 3,Sedge,4.483333333,1,0.5,12,17
Mt Wilson,High/Extreme,WE55,55,10,4/05/2023,10/06/2023,Asphodelaceae,Geitonoplesium cymosum,Vertebrate,0.1 to 0.5,Climber,4.847826087,2,3,12,17
Mt Wilson,High/Extreme,WE55,55,10,21/12/2023,1/02/2024,Halorgaceae,Gonocarpus tetragynus,Gravity,0.1 to 0.5,Herb,0.3,2,0.1,12,17
Mt Wilson,High/Extreme,WE55,55,4,21/12/2023,1/02/2024,NA,NA,NA,NA,NA,NA,NA,NA,5,8
Mt Wilson,High/Extreme,WE55,55,10,30/03/2023,4/05/2023,Araliaceae,Polyscias sambucifolia,Vertebrate,0.5 to 1.5,Shrub,1.35,2,6,12,17
Mt Wilson,High/Extreme,WE55,55,10,10/06/2023,29/06/2023,Araliaceae,Polyscias sambucifolia,Vertebrate,0.5 to 1.5,Shrub,1.35,2,6,12,17
Mt Tomah,High/Extreme,TH100,100,6,5/12/2023,11/02/2023,Myrtaceae,Eucalyptus blaxlandii,Wind,10 to 25,Tree,0.6,1,3,3,6
Mt Wilson,High/Extreme,WE55,55,7,21/12/2023,1/02/2024,NA,NA,NA,NA,NA,NA,NA,NA,3.5,6
Mt Wilson,High/Extreme,WE55,55,2,21/12/2023,1/02/2024,NA,NA,NA,NA,NA,NA,NA,NA,8,12
