taxon_name,entity_type,entity_context,location_name,trait,trait_value_raw,trait_value,trait_value_clean,value_type,unit,error_type,error_value,n,context,source_section,notes
Sorghum plumosum,population,,P1,leaf_mass_per_area,150.0 ± 17.2a,,150.0,mean,cm2/g,SE,17.2,9,"grown 10 weeks in common-garden greenhouse, Monash University (seed from wild-collected accession; location = collection provenance)","Table 2, p.8","Source reports specific leaf area (SLA = total leaf area / biomass of green leaves); AusTraits trait is leaf_mass_per_area, so needs unit_in cm2/g -> g/m2 (10000/x, already in unit_conversions.csv). Senesced leaves excluded from leaf area. Leaf area by LI-3000/LI-3050A belt conveyor. Plants oven-dried 50°C 72 h. Note: converting a mean of SLA via 1/x is not exactly the mean LMA. Tukey group 'a'."
Sorghum plumosum,population,,P1,tiller_count,52.1 ± 7.7ab,,52.1,mean,count,SE,7.7,9,"grown 10 weeks in common-garden greenhouse, Monash University (seed from wild-collected accession; location = collection provenance)","Table 2, p.8","Candidate trait, not in config/traits.yml. Number of tillers per plant after 10 weeks growth. Closest existing trait is stem_count (count of stems on multi-stemmed plants), but its allowed max is 10 and values here reach 95. Tukey group 'ab'."
Sorghum plumosum,population,,P1,root_shoot_ratio,0.14 ± 0.02c,,0.14,mean,g/g,SE,0.02,9,"grown 10 weeks in common-garden greenhouse, Monash University (seed from wild-collected accession; location = collection provenance)","Table 2, p.8","Root:shoot ratio = root biomass / (leaf biomass + sheath biomass), dry mass. Matches AusTraits root_shoot_ratio. Tukey group 'c'."
Sorghum plumosum,population,,P2,leaf_mass_per_area,112.5 ± 12.4ab,,112.5,mean,cm2/g,SE,12.4,,"grown 10 weeks in common-garden greenhouse, Monash University (seed from wild-collected accession; location = collection provenance)","Table 2, p.8","Source reports specific leaf area (SLA = total leaf area / biomass of green leaves); AusTraits trait is leaf_mass_per_area, so needs unit_in cm2/g -> g/m2 (10000/x, already in unit_conversions.csv). Senesced leaves excluded from leaf area. Leaf area by LI-3000/LI-3050A belt conveyor. Plants oven-dried 50°C 72 h. Note: converting a mean of SLA via 1/x is not exactly the mean LMA. Tukey group 'ab'. n = 11-12."
Sorghum plumosum,population,,P2,tiller_count,56.8 ± 6.6a,,56.8,mean,count,SE,6.6,,"grown 10 weeks in common-garden greenhouse, Monash University (seed from wild-collected accession; location = collection provenance)","Table 2, p.8","Candidate trait, not in config/traits.yml. Number of tillers per plant after 10 weeks growth. Closest existing trait is stem_count (count of stems on multi-stemmed plants), but its allowed max is 10 and values here reach 95. Tukey group 'a'. n = 11-12."
Sorghum plumosum,population,,P2,root_shoot_ratio,0.24 ± 0.01ab,,0.24,mean,g/g,SE,0.01,,"grown 10 weeks in common-garden greenhouse, Monash University (seed from wild-collected accession; location = collection provenance)","Table 2, p.8","Root:shoot ratio = root biomass / (leaf biomass + sheath biomass), dry mass. Matches AusTraits root_shoot_ratio. Tukey group 'ab'. n = 11-12."
Sorghum plumosum,population,,P3,leaf_mass_per_area,125.2 ± 8.0ab,,125.2,mean,cm2/g,SE,8.0,,"grown 10 weeks in common-garden greenhouse, Monash University (seed from wild-collected accession; location = collection provenance)","Table 2, p.8","Source reports specific leaf area (SLA = total leaf area / biomass of green leaves); AusTraits trait is leaf_mass_per_area, so needs unit_in cm2/g -> g/m2 (10000/x, already in unit_conversions.csv). Senesced leaves excluded from leaf area. Leaf area by LI-3000/LI-3050A belt conveyor. Plants oven-dried 50°C 72 h. Note: converting a mean of SLA via 1/x is not exactly the mean LMA. Tukey group 'ab'. n = 11-13."
Sorghum plumosum,population,,P3,tiller_count,23.6 ± 1.7c,,23.6,mean,count,SE,1.7,,"grown 10 weeks in common-garden greenhouse, Monash University (seed from wild-collected accession; location = collection provenance)","Table 2, p.8","Candidate trait, not in config/traits.yml. Number of tillers per plant after 10 weeks growth. Closest existing trait is stem_count (count of stems on multi-stemmed plants), but its allowed max is 10 and values here reach 95. Tukey group 'c'. n = 11-13."
Sorghum plumosum,population,,P3,root_shoot_ratio,0.19 ± 0.02bc,,0.19,mean,g/g,SE,0.02,,"grown 10 weeks in common-garden greenhouse, Monash University (seed from wild-collected accession; location = collection provenance)","Table 2, p.8","Root:shoot ratio = root biomass / (leaf biomass + sheath biomass), dry mass. Matches AusTraits root_shoot_ratio. Tukey group 'bc'. n = 11-13."
Sorghum plumosum,population,,P4,leaf_mass_per_area,83.5 ± 8.3b,,83.5,mean,cm2/g,SE,8.3,,"grown 10 weeks in common-garden greenhouse, Monash University (seed from wild-collected accession; location = collection provenance)","Table 2, p.8","Source reports specific leaf area (SLA = total leaf area / biomass of green leaves); AusTraits trait is leaf_mass_per_area, so needs unit_in cm2/g -> g/m2 (10000/x, already in unit_conversions.csv). Senesced leaves excluded from leaf area. Leaf area by LI-3000/LI-3050A belt conveyor. Plants oven-dried 50°C 72 h. Note: converting a mean of SLA via 1/x is not exactly the mean LMA. Tukey group 'b'. n = 10-15 (per-accession n not given)."
Sorghum plumosum,population,,P4,tiller_count,33.5 ± 3.5bc,,33.5,mean,count,SE,3.5,,"grown 10 weeks in common-garden greenhouse, Monash University (seed from wild-collected accession; location = collection provenance)","Table 2, p.8","Candidate trait, not in config/traits.yml. Number of tillers per plant after 10 weeks growth. Closest existing trait is stem_count (count of stems on multi-stemmed plants), but its allowed max is 10 and values here reach 95. Tukey group 'bc'. n = 10-15 (per-accession n not given)."
Sorghum plumosum,population,,P4,root_shoot_ratio,0.27 ± 0.01ab,,0.27,mean,g/g,SE,0.01,,"grown 10 weeks in common-garden greenhouse, Monash University (seed from wild-collected accession; location = collection provenance)","Table 2, p.8","Root:shoot ratio = root biomass / (leaf biomass + sheath biomass), dry mass. Matches AusTraits root_shoot_ratio. Tukey group 'ab'. n = 10-15 (per-accession n not given)."
Sorghum plumosum,population,,P5,leaf_mass_per_area,146.2 ± 11.6a,,146.2,mean,cm2/g,SE,11.6,7,"grown 10 weeks in common-garden greenhouse, Monash University (seed from wild-collected accession; location = collection provenance)","Table 2, p.8","Source reports specific leaf area (SLA = total leaf area / biomass of green leaves); AusTraits trait is leaf_mass_per_area, so needs unit_in cm2/g -> g/m2 (10000/x, already in unit_conversions.csv). Senesced leaves excluded from leaf area. Leaf area by LI-3000/LI-3050A belt conveyor. Plants oven-dried 50°C 72 h. Note: converting a mean of SLA via 1/x is not exactly the mean LMA. Tukey group 'a'."
Sorghum plumosum,population,,P5,tiller_count,35.3 ± 1.6bc,,35.3,mean,count,SE,1.6,7,"grown 10 weeks in common-garden greenhouse, Monash University (seed from wild-collected accession; location = collection provenance)","Table 2, p.8","Candidate trait, not in config/traits.yml. Number of tillers per plant after 10 weeks growth. Closest existing trait is stem_count (count of stems on multi-stemmed plants), but its allowed max is 10 and values here reach 95. Tukey group 'bc'."
Sorghum plumosum,population,,P5,root_shoot_ratio,0.31 ± 0.03ab,,0.31,mean,g/g,SE,0.03,7,"grown 10 weeks in common-garden greenhouse, Monash University (seed from wild-collected accession; location = collection provenance)","Table 2, p.8","Root:shoot ratio = root biomass / (leaf biomass + sheath biomass), dry mass. Matches AusTraits root_shoot_ratio. Tukey group 'ab'."
Sorghum plumosum,population,,P6,leaf_mass_per_area,103.9 ± 8.6ab,,103.9,mean,cm2/g,SE,8.6,,"grown 10 weeks in common-garden greenhouse, Monash University (seed from wild-collected accession; location = collection provenance)","Table 2, p.8","Source reports specific leaf area (SLA = total leaf area / biomass of green leaves); AusTraits trait is leaf_mass_per_area, so needs unit_in cm2/g -> g/m2 (10000/x, already in unit_conversions.csv). Senesced leaves excluded from leaf area. Leaf area by LI-3000/LI-3050A belt conveyor. Plants oven-dried 50°C 72 h. Note: converting a mean of SLA via 1/x is not exactly the mean LMA. Tukey group 'ab'. n = 10-15 (per-accession n not given)."
Sorghum plumosum,population,,P6,tiller_count,32.3 ± 2.2c,,32.3,mean,count,SE,2.2,,"grown 10 weeks in common-garden greenhouse, Monash University (seed from wild-collected accession; location = collection provenance)","Table 2, p.8","Candidate trait, not in config/traits.yml. Number of tillers per plant after 10 weeks growth. Closest existing trait is stem_count (count of stems on multi-stemmed plants), but its allowed max is 10 and values here reach 95. Tukey group 'c'. n = 10-15 (per-accession n not given)."
Sorghum plumosum,population,,P6,root_shoot_ratio,0.32 ± 0.03a,,0.32,mean,g/g,SE,0.03,,"grown 10 weeks in common-garden greenhouse, Monash University (seed from wild-collected accession; location = collection provenance)","Table 2, p.8","Root:shoot ratio = root biomass / (leaf biomass + sheath biomass), dry mass. Matches AusTraits root_shoot_ratio. Tukey group 'a'. n = 10-15 (per-accession n not given)."
Sorghum stipoideum,population,,S1,leaf_mass_per_area,180.4 ± 16.1,,180.4,mean,cm2/g,SE,16.1,,"grown 10 weeks in common-garden greenhouse, Monash University (seed from wild-collected accession; location = collection provenance)","Table 2, p.8","Source reports specific leaf area (SLA = total leaf area / biomass of green leaves); AusTraits trait is leaf_mass_per_area, so needs unit_in cm2/g -> g/m2 (10000/x, already in unit_conversions.csv). Senesced leaves excluded from leaf area. Leaf area by LI-3000/LI-3050A belt conveyor. Plants oven-dried 50°C 72 h. Note: converting a mean of SLA via 1/x is not exactly the mean LMA. n = 10-15 (per-accession n not given)."
Sorghum stipoideum,population,,S1,tiller_count,95.4 ± 16.9a,,95.4,mean,count,SE,16.9,,"grown 10 weeks in common-garden greenhouse, Monash University (seed from wild-collected accession; location = collection provenance)","Table 2, p.8","Candidate trait, not in config/traits.yml. Number of tillers per plant after 10 weeks growth. Closest existing trait is stem_count (count of stems on multi-stemmed plants), but its allowed max is 10 and values here reach 95. Tukey group 'a'. n = 10-15 (per-accession n not given)."
Sorghum stipoideum,population,,S1,root_shoot_ratio,0.18 ± 0.02,,0.18,mean,g/g,SE,0.02,,"grown 10 weeks in common-garden greenhouse, Monash University (seed from wild-collected accession; location = collection provenance)","Table 2, p.8","Root:shoot ratio = root biomass / (leaf biomass + sheath biomass), dry mass. Matches AusTraits root_shoot_ratio. n = 10-15 (per-accession n not given)."
Sorghum stipoideum,population,,S2,leaf_mass_per_area,134.2 ± 11.9,,134.2,mean,cm2/g,SE,11.9,,"grown 10 weeks in common-garden greenhouse, Monash University (seed from wild-collected accession; location = collection provenance)","Table 2, p.8","Source reports specific leaf area (SLA = total leaf area / biomass of green leaves); AusTraits trait is leaf_mass_per_area, so needs unit_in cm2/g -> g/m2 (10000/x, already in unit_conversions.csv). Senesced leaves excluded from leaf area. Leaf area by LI-3000/LI-3050A belt conveyor. Plants oven-dried 50°C 72 h. Note: converting a mean of SLA via 1/x is not exactly the mean LMA. n = 10-15 (per-accession n not given)."
Sorghum stipoideum,population,,S2,tiller_count,56.1 ± 11.6ab,,56.1,mean,count,SE,11.6,,"grown 10 weeks in common-garden greenhouse, Monash University (seed from wild-collected accession; location = collection provenance)","Table 2, p.8","Candidate trait, not in config/traits.yml. Number of tillers per plant after 10 weeks growth. Closest existing trait is stem_count (count of stems on multi-stemmed plants), but its allowed max is 10 and values here reach 95. Tukey group 'ab'. n = 10-15 (per-accession n not given)."
Sorghum stipoideum,population,,S2,root_shoot_ratio,0.13 ± 0.01,,0.13,mean,g/g,SE,0.01,,"grown 10 weeks in common-garden greenhouse, Monash University (seed from wild-collected accession; location = collection provenance)","Table 2, p.8","Root:shoot ratio = root biomass / (leaf biomass + sheath biomass), dry mass. Matches AusTraits root_shoot_ratio. n = 10-15 (per-accession n not given)."
Sorghum stipoideum,population,,S3,leaf_mass_per_area,164.3 ± 16.1,,164.3,mean,cm2/g,SE,16.1,,"grown 10 weeks in common-garden greenhouse, Monash University (seed from wild-collected accession; location = collection provenance)","Table 2, p.8","Source reports specific leaf area (SLA = total leaf area / biomass of green leaves); AusTraits trait is leaf_mass_per_area, so needs unit_in cm2/g -> g/m2 (10000/x, already in unit_conversions.csv). Senesced leaves excluded from leaf area. Leaf area by LI-3000/LI-3050A belt conveyor. Plants oven-dried 50°C 72 h. Note: converting a mean of SLA via 1/x is not exactly the mean LMA. n = 10-15 (per-accession n not given)."
Sorghum stipoideum,population,,S3,tiller_count,53.8 ± 7.7ab,,53.8,mean,count,SE,7.7,,"grown 10 weeks in common-garden greenhouse, Monash University (seed from wild-collected accession; location = collection provenance)","Table 2, p.8","Candidate trait, not in config/traits.yml. Number of tillers per plant after 10 weeks growth. Closest existing trait is stem_count (count of stems on multi-stemmed plants), but its allowed max is 10 and values here reach 95. Tukey group 'ab'. n = 10-15 (per-accession n not given)."
Sorghum stipoideum,population,,S3,root_shoot_ratio,0.14 ± 0.01,,0.14,mean,g/g,SE,0.01,,"grown 10 weeks in common-garden greenhouse, Monash University (seed from wild-collected accession; location = collection provenance)","Table 2, p.8","Root:shoot ratio = root biomass / (leaf biomass + sheath biomass), dry mass. Matches AusTraits root_shoot_ratio. n = 10-15 (per-accession n not given)."
Sorghum stipoideum,population,,S4,leaf_mass_per_area,146.1 ± 12.3,,146.1,mean,cm2/g,SE,12.3,,"grown 10 weeks in common-garden greenhouse, Monash University (seed from wild-collected accession; location = collection provenance)","Table 2, p.8","Source reports specific leaf area (SLA = total leaf area / biomass of green leaves); AusTraits trait is leaf_mass_per_area, so needs unit_in cm2/g -> g/m2 (10000/x, already in unit_conversions.csv). Senesced leaves excluded from leaf area. Leaf area by LI-3000/LI-3050A belt conveyor. Plants oven-dried 50°C 72 h. Note: converting a mean of SLA via 1/x is not exactly the mean LMA. n = 10-15 (per-accession n not given)."
Sorghum stipoideum,population,,S4,tiller_count,39.7 ± 5.3b,,39.7,mean,count,SE,5.3,,"grown 10 weeks in common-garden greenhouse, Monash University (seed from wild-collected accession; location = collection provenance)","Table 2, p.8","Candidate trait, not in config/traits.yml. Number of tillers per plant after 10 weeks growth. Closest existing trait is stem_count (count of stems on multi-stemmed plants), but its allowed max is 10 and values here reach 95. Tukey group 'b'. n = 10-15 (per-accession n not given)."
Sorghum stipoideum,population,,S4,root_shoot_ratio,0.18 ± 0.02,,0.18,mean,g/g,SE,0.02,,"grown 10 weeks in common-garden greenhouse, Monash University (seed from wild-collected accession; location = collection provenance)","Table 2, p.8","Root:shoot ratio = root biomass / (leaf biomass + sheath biomass), dry mass. Matches AusTraits root_shoot_ratio. n = 10-15 (per-accession n not given)."
Sorghum stipoideum,population,,S5,leaf_mass_per_area,188.0 ± 28.5,,188.0,mean,cm2/g,SE,28.5,,"grown 10 weeks in common-garden greenhouse, Monash University (seed from wild-collected accession; location = collection provenance)","Table 2, p.8","Source reports specific leaf area (SLA = total leaf area / biomass of green leaves); AusTraits trait is leaf_mass_per_area, so needs unit_in cm2/g -> g/m2 (10000/x, already in unit_conversions.csv). Senesced leaves excluded from leaf area. Leaf area by LI-3000/LI-3050A belt conveyor. Plants oven-dried 50°C 72 h. Note: converting a mean of SLA via 1/x is not exactly the mean LMA. n = 10-15 (per-accession n not given)."
Sorghum stipoideum,population,,S5,tiller_count,58.2 ± 8.8ab,,58.2,mean,count,SE,8.8,,"grown 10 weeks in common-garden greenhouse, Monash University (seed from wild-collected accession; location = collection provenance)","Table 2, p.8","Candidate trait, not in config/traits.yml. Number of tillers per plant after 10 weeks growth. Closest existing trait is stem_count (count of stems on multi-stemmed plants), but its allowed max is 10 and values here reach 95. Tukey group 'ab'. n = 10-15 (per-accession n not given)."
Sorghum stipoideum,population,,S5,root_shoot_ratio,0.15 ± 0.02,,0.15,mean,g/g,SE,0.02,,"grown 10 weeks in common-garden greenhouse, Monash University (seed from wild-collected accession; location = collection provenance)","Table 2, p.8","Root:shoot ratio = root biomass / (leaf biomass + sheath biomass), dry mass. Matches AusTraits root_shoot_ratio. n = 10-15 (per-accession n not given)."
Sorghum timorense,population,,T1,leaf_mass_per_area,174.9 ± 11.4,,174.9,mean,cm2/g,SE,11.4,,"grown 10 weeks in common-garden greenhouse, Monash University (seed from wild-collected accession; location = collection provenance)","Table 2, p.8","Source reports specific leaf area (SLA = total leaf area / biomass of green leaves); AusTraits trait is leaf_mass_per_area, so needs unit_in cm2/g -> g/m2 (10000/x, already in unit_conversions.csv). Senesced leaves excluded from leaf area. Leaf area by LI-3000/LI-3050A belt conveyor. Plants oven-dried 50°C 72 h. Note: converting a mean of SLA via 1/x is not exactly the mean LMA. n = 10-15 (per-accession n not given)."
Sorghum timorense,population,,T1,tiller_count,28.0 ± 2.9d,,28.0,mean,count,SE,2.9,,"grown 10 weeks in common-garden greenhouse, Monash University (seed from wild-collected accession; location = collection provenance)","Table 2, p.8","Candidate trait, not in config/traits.yml. Number of tillers per plant after 10 weeks growth. Closest existing trait is stem_count (count of stems on multi-stemmed plants), but its allowed max is 10 and values here reach 95. Tukey group 'd'. n = 10-15 (per-accession n not given)."
Sorghum timorense,population,,T1,root_shoot_ratio,0.19 ± 0.01a,,0.19,mean,g/g,SE,0.01,,"grown 10 weeks in common-garden greenhouse, Monash University (seed from wild-collected accession; location = collection provenance)","Table 2, p.8","Root:shoot ratio = root biomass / (leaf biomass + sheath biomass), dry mass. Matches AusTraits root_shoot_ratio. Tukey group 'a'. n = 10-15 (per-accession n not given)."
Sorghum timorense,population,,T2,leaf_mass_per_area,175.8 ± 16.6,,175.8,mean,cm2/g,SE,16.6,,"grown 10 weeks in common-garden greenhouse, Monash University (seed from wild-collected accession; location = collection provenance)","Table 2, p.8","Source reports specific leaf area (SLA = total leaf area / biomass of green leaves); AusTraits trait is leaf_mass_per_area, so needs unit_in cm2/g -> g/m2 (10000/x, already in unit_conversions.csv). Senesced leaves excluded from leaf area. Leaf area by LI-3000/LI-3050A belt conveyor. Plants oven-dried 50°C 72 h. Note: converting a mean of SLA via 1/x is not exactly the mean LMA. n = 10-15 (per-accession n not given)."
Sorghum timorense,population,,T2,tiller_count,32.5 ± 5.3cd,,32.5,mean,count,SE,5.3,,"grown 10 weeks in common-garden greenhouse, Monash University (seed from wild-collected accession; location = collection provenance)","Table 2, p.8","Candidate trait, not in config/traits.yml. Number of tillers per plant after 10 weeks growth. Closest existing trait is stem_count (count of stems on multi-stemmed plants), but its allowed max is 10 and values here reach 95. Tukey group 'cd'. n = 10-15 (per-accession n not given)."
Sorghum timorense,population,,T2,root_shoot_ratio,0.21 ± 0.02a,,0.21,mean,g/g,SE,0.02,,"grown 10 weeks in common-garden greenhouse, Monash University (seed from wild-collected accession; location = collection provenance)","Table 2, p.8","Root:shoot ratio = root biomass / (leaf biomass + sheath biomass), dry mass. Matches AusTraits root_shoot_ratio. Tukey group 'a'. n = 10-15 (per-accession n not given)."
Sorghum timorense,population,,T3,leaf_mass_per_area,174.8 ± 22.4,,174.8,mean,cm2/g,SE,22.4,,"grown 10 weeks in common-garden greenhouse, Monash University (seed from wild-collected accession; location = collection provenance)","Table 2, p.8","Source reports specific leaf area (SLA = total leaf area / biomass of green leaves); AusTraits trait is leaf_mass_per_area, so needs unit_in cm2/g -> g/m2 (10000/x, already in unit_conversions.csv). Senesced leaves excluded from leaf area. Leaf area by LI-3000/LI-3050A belt conveyor. Plants oven-dried 50°C 72 h. Note: converting a mean of SLA via 1/x is not exactly the mean LMA. n = 10-15 (per-accession n not given)."
Sorghum timorense,population,,T3,tiller_count,44.7 ± 3.6bcd,,44.7,mean,count,SE,3.6,,"grown 10 weeks in common-garden greenhouse, Monash University (seed from wild-collected accession; location = collection provenance)","Table 2, p.8","Candidate trait, not in config/traits.yml. Number of tillers per plant after 10 weeks growth. Closest existing trait is stem_count (count of stems on multi-stemmed plants), but its allowed max is 10 and values here reach 95. Tukey group 'bcd'. n = 10-15 (per-accession n not given)."
Sorghum timorense,population,,T3,root_shoot_ratio,0.21 ± 0.02a,,0.21,mean,g/g,SE,0.02,,"grown 10 weeks in common-garden greenhouse, Monash University (seed from wild-collected accession; location = collection provenance)","Table 2, p.8","Root:shoot ratio = root biomass / (leaf biomass + sheath biomass), dry mass. Matches AusTraits root_shoot_ratio. Tukey group 'a'. n = 10-15 (per-accession n not given)."
Sorghum timorense,population,,T4,leaf_mass_per_area,178.9 ± 20.5,,178.9,mean,cm2/g,SE,20.5,,"grown 10 weeks in common-garden greenhouse, Monash University (seed from wild-collected accession; location = collection provenance)","Table 2, p.8","Source reports specific leaf area (SLA = total leaf area / biomass of green leaves); AusTraits trait is leaf_mass_per_area, so needs unit_in cm2/g -> g/m2 (10000/x, already in unit_conversions.csv). Senesced leaves excluded from leaf area. Leaf area by LI-3000/LI-3050A belt conveyor. Plants oven-dried 50°C 72 h. Note: converting a mean of SLA via 1/x is not exactly the mean LMA. n = 10-15 (per-accession n not given)."
Sorghum timorense,population,,T4,tiller_count,32.1 ± 4.4cd,,32.1,mean,count,SE,4.4,,"grown 10 weeks in common-garden greenhouse, Monash University (seed from wild-collected accession; location = collection provenance)","Table 2, p.8","Candidate trait, not in config/traits.yml. Number of tillers per plant after 10 weeks growth. Closest existing trait is stem_count (count of stems on multi-stemmed plants), but its allowed max is 10 and values here reach 95. Tukey group 'cd'. n = 10-15 (per-accession n not given)."
Sorghum timorense,population,,T4,root_shoot_ratio,0.18 ± 0.02a,,0.18,mean,g/g,SE,0.02,,"grown 10 weeks in common-garden greenhouse, Monash University (seed from wild-collected accession; location = collection provenance)","Table 2, p.8","Root:shoot ratio = root biomass / (leaf biomass + sheath biomass), dry mass. Matches AusTraits root_shoot_ratio. Tukey group 'a'. n = 10-15 (per-accession n not given)."
Sorghum timorense,population,,T5,leaf_mass_per_area,187.0 ± 22.9,,187.0,mean,cm2/g,SE,22.9,,"grown 10 weeks in common-garden greenhouse, Monash University (seed from wild-collected accession; location = collection provenance)","Table 2, p.8","Source reports specific leaf area (SLA = total leaf area / biomass of green leaves); AusTraits trait is leaf_mass_per_area, so needs unit_in cm2/g -> g/m2 (10000/x, already in unit_conversions.csv). Senesced leaves excluded from leaf area. Leaf area by LI-3000/LI-3050A belt conveyor. Plants oven-dried 50°C 72 h. Note: converting a mean of SLA via 1/x is not exactly the mean LMA. n = 10-15 (per-accession n not given)."
Sorghum timorense,population,,T5,tiller_count,53.5 ± 6.2ab,,53.5,mean,count,SE,6.2,,"grown 10 weeks in common-garden greenhouse, Monash University (seed from wild-collected accession; location = collection provenance)","Table 2, p.8","Candidate trait, not in config/traits.yml. Number of tillers per plant after 10 weeks growth. Closest existing trait is stem_count (count of stems on multi-stemmed plants), but its allowed max is 10 and values here reach 95. Tukey group 'ab'. n = 10-15 (per-accession n not given)."
Sorghum timorense,population,,T5,root_shoot_ratio,0.14 ± 0.01ab,,0.14,mean,g/g,SE,0.01,,"grown 10 weeks in common-garden greenhouse, Monash University (seed from wild-collected accession; location = collection provenance)","Table 2, p.8","Root:shoot ratio = root biomass / (leaf biomass + sheath biomass), dry mass. Matches AusTraits root_shoot_ratio. Tukey group 'ab'. n = 10-15 (per-accession n not given)."
Sorghum timorense,population,,T6,leaf_mass_per_area,170.6 ± 15.2,,170.6,mean,cm2/g,SE,15.2,,"grown 10 weeks in common-garden greenhouse, Monash University (seed from wild-collected accession; location = collection provenance)","Table 2, p.8","Source reports specific leaf area (SLA = total leaf area / biomass of green leaves); AusTraits trait is leaf_mass_per_area, so needs unit_in cm2/g -> g/m2 (10000/x, already in unit_conversions.csv). Senesced leaves excluded from leaf area. Leaf area by LI-3000/LI-3050A belt conveyor. Plants oven-dried 50°C 72 h. Note: converting a mean of SLA via 1/x is not exactly the mean LMA. n = 10-15 (per-accession n not given)."
Sorghum timorense,population,,T6,tiller_count,48.0 ± 4.6abc,,48.0,mean,count,SE,4.6,,"grown 10 weeks in common-garden greenhouse, Monash University (seed from wild-collected accession; location = collection provenance)","Table 2, p.8","Candidate trait, not in config/traits.yml. Number of tillers per plant after 10 weeks growth. Closest existing trait is stem_count (count of stems on multi-stemmed plants), but its allowed max is 10 and values here reach 95. Tukey group 'abc'. n = 10-15 (per-accession n not given)."
Sorghum timorense,population,,T6,root_shoot_ratio,0.17 ± 0.02ab,,0.17,mean,g/g,SE,0.02,,"grown 10 weeks in common-garden greenhouse, Monash University (seed from wild-collected accession; location = collection provenance)","Table 2, p.8","Root:shoot ratio = root biomass / (leaf biomass + sheath biomass), dry mass. Matches AusTraits root_shoot_ratio. Tukey group 'ab'. n = 10-15 (per-accession n not given)."
Sorghum timorense,population,,T7,leaf_mass_per_area,197.4 ± 14.8,,197.4,mean,cm2/g,SE,14.8,,"grown 10 weeks in common-garden greenhouse, Monash University (seed from wild-collected accession; location = collection provenance)","Table 2, p.8","Source reports specific leaf area (SLA = total leaf area / biomass of green leaves); AusTraits trait is leaf_mass_per_area, so needs unit_in cm2/g -> g/m2 (10000/x, already in unit_conversions.csv). Senesced leaves excluded from leaf area. Leaf area by LI-3000/LI-3050A belt conveyor. Plants oven-dried 50°C 72 h. Note: converting a mean of SLA via 1/x is not exactly the mean LMA. n = 10-15 (per-accession n not given)."
Sorghum timorense,population,,T7,tiller_count,67.1 ± 3.7a,,67.1,mean,count,SE,3.7,,"grown 10 weeks in common-garden greenhouse, Monash University (seed from wild-collected accession; location = collection provenance)","Table 2, p.8","Candidate trait, not in config/traits.yml. Number of tillers per plant after 10 weeks growth. Closest existing trait is stem_count (count of stems on multi-stemmed plants), but its allowed max is 10 and values here reach 95. Tukey group 'a'. n = 10-15 (per-accession n not given)."
Sorghum timorense,population,,T7,root_shoot_ratio,0.11 ± 0.01b,,0.11,mean,g/g,SE,0.01,,"grown 10 weeks in common-garden greenhouse, Monash University (seed from wild-collected accession; location = collection provenance)","Table 2, p.8","Root:shoot ratio = root biomass / (leaf biomass + sheath biomass), dry mass. Matches AusTraits root_shoot_ratio. Tukey group 'b'. n = 10-15 (per-accession n not given)."
Sorghum plumosum,population,,P1,leaf_fluorescence_fv_over_fm,0.788 (SEM 0.006),,0.788,mean,dimensionless,SE,0.006,6,"7 weeks post-germination, in common-garden greenhouse, Monash University (seed from wild-collected accession; location = collection provenance)","Supplementary Table S1, SI p.3","Fv/Fm measured with MINI-PAM on youngest fully unfurled leaf, 7 weeks post-germination; measured to confirm plants were unstressed. n = 6 stated in Methods p.4 ('(n = 6)'), assumed per accession."
Sorghum plumosum,population,,P2,leaf_fluorescence_fv_over_fm,0.811 (SEM 0.006),,0.811,mean,dimensionless,SE,0.006,6,"7 weeks post-germination, in common-garden greenhouse, Monash University (seed from wild-collected accession; location = collection provenance)","Supplementary Table S1, SI p.3","Fv/Fm measured with MINI-PAM on youngest fully unfurled leaf, 7 weeks post-germination; measured to confirm plants were unstressed. n = 6 stated in Methods p.4 ('(n = 6)'), assumed per accession."
Sorghum plumosum,population,,P3,leaf_fluorescence_fv_over_fm,0.808 (SEM 0.003),,0.808,mean,dimensionless,SE,0.003,6,"7 weeks post-germination, in common-garden greenhouse, Monash University (seed from wild-collected accession; location = collection provenance)","Supplementary Table S1, SI p.3","Fv/Fm measured with MINI-PAM on youngest fully unfurled leaf, 7 weeks post-germination; measured to confirm plants were unstressed. n = 6 stated in Methods p.4 ('(n = 6)'), assumed per accession."
Sorghum plumosum,population,,P4,leaf_fluorescence_fv_over_fm,0.818 (SEM 0.005),,0.818,mean,dimensionless,SE,0.005,6,"7 weeks post-germination, in common-garden greenhouse, Monash University (seed from wild-collected accession; location = collection provenance)","Supplementary Table S1, SI p.3","Fv/Fm measured with MINI-PAM on youngest fully unfurled leaf, 7 weeks post-germination; measured to confirm plants were unstressed. n = 6 stated in Methods p.4 ('(n = 6)'), assumed per accession."
Sorghum plumosum,population,,P5,leaf_fluorescence_fv_over_fm,0.794 (SEM 0.004),,0.794,mean,dimensionless,SE,0.004,6,"7 weeks post-germination, in common-garden greenhouse, Monash University (seed from wild-collected accession; location = collection provenance)","Supplementary Table S1, SI p.3","Fv/Fm measured with MINI-PAM on youngest fully unfurled leaf, 7 weeks post-germination; measured to confirm plants were unstressed. n = 6 stated in Methods p.4 ('(n = 6)'), assumed per accession."
Sorghum plumosum,population,,P6,leaf_fluorescence_fv_over_fm,0.796 (SEM 0.006),,0.796,mean,dimensionless,SE,0.006,6,"7 weeks post-germination, in common-garden greenhouse, Monash University (seed from wild-collected accession; location = collection provenance)","Supplementary Table S1, SI p.3","Fv/Fm measured with MINI-PAM on youngest fully unfurled leaf, 7 weeks post-germination; measured to confirm plants were unstressed. n = 6 stated in Methods p.4 ('(n = 6)'), assumed per accession."
Sorghum stipoideum,population,,S1,leaf_fluorescence_fv_over_fm,0.781 (SEM 0.005),,0.781,mean,dimensionless,SE,0.005,6,"7 weeks post-germination, in common-garden greenhouse, Monash University (seed from wild-collected accession; location = collection provenance)","Supplementary Table S1, SI p.3","Fv/Fm measured with MINI-PAM on youngest fully unfurled leaf, 7 weeks post-germination; measured to confirm plants were unstressed. n = 6 stated in Methods p.4 ('(n = 6)'), assumed per accession."
Sorghum stipoideum,population,,S2,leaf_fluorescence_fv_over_fm,0.788 (SEM 0.006),,0.788,mean,dimensionless,SE,0.006,6,"7 weeks post-germination, in common-garden greenhouse, Monash University (seed from wild-collected accession; location = collection provenance)","Supplementary Table S1, SI p.3","Fv/Fm measured with MINI-PAM on youngest fully unfurled leaf, 7 weeks post-germination; measured to confirm plants were unstressed. n = 6 stated in Methods p.4 ('(n = 6)'), assumed per accession."
Sorghum stipoideum,population,,S3,leaf_fluorescence_fv_over_fm,0.790 (SEM 0.009),,0.790,mean,dimensionless,SE,0.009,6,"7 weeks post-germination, in common-garden greenhouse, Monash University (seed from wild-collected accession; location = collection provenance)","Supplementary Table S1, SI p.3","Fv/Fm measured with MINI-PAM on youngest fully unfurled leaf, 7 weeks post-germination; measured to confirm plants were unstressed. n = 6 stated in Methods p.4 ('(n = 6)'), assumed per accession."
Sorghum stipoideum,population,,S4,leaf_fluorescence_fv_over_fm,0.795 (SEM 0.004),,0.795,mean,dimensionless,SE,0.004,6,"7 weeks post-germination, in common-garden greenhouse, Monash University (seed from wild-collected accession; location = collection provenance)","Supplementary Table S1, SI p.3","Fv/Fm measured with MINI-PAM on youngest fully unfurled leaf, 7 weeks post-germination; measured to confirm plants were unstressed. n = 6 stated in Methods p.4 ('(n = 6)'), assumed per accession."
Sorghum stipoideum,population,,S5,leaf_fluorescence_fv_over_fm,0.788 (SEM 0.005),,0.788,mean,dimensionless,SE,0.005,6,"7 weeks post-germination, in common-garden greenhouse, Monash University (seed from wild-collected accession; location = collection provenance)","Supplementary Table S1, SI p.3","Fv/Fm measured with MINI-PAM on youngest fully unfurled leaf, 7 weeks post-germination; measured to confirm plants were unstressed. n = 6 stated in Methods p.4 ('(n = 6)'), assumed per accession."
Sorghum timorense,population,,T1,leaf_fluorescence_fv_over_fm,0.806 (SEM 0.008),,0.806,mean,dimensionless,SE,0.008,6,"7 weeks post-germination, in common-garden greenhouse, Monash University (seed from wild-collected accession; location = collection provenance)","Supplementary Table S1, SI p.3","Fv/Fm measured with MINI-PAM on youngest fully unfurled leaf, 7 weeks post-germination; measured to confirm plants were unstressed. n = 6 stated in Methods p.4 ('(n = 6)'), assumed per accession."
Sorghum timorense,population,,T2,leaf_fluorescence_fv_over_fm,0.803 (SEM 0.009),,0.803,mean,dimensionless,SE,0.009,6,"7 weeks post-germination, in common-garden greenhouse, Monash University (seed from wild-collected accession; location = collection provenance)","Supplementary Table S1, SI p.3","Fv/Fm measured with MINI-PAM on youngest fully unfurled leaf, 7 weeks post-germination; measured to confirm plants were unstressed. n = 6 stated in Methods p.4 ('(n = 6)'), assumed per accession."
Sorghum timorense,population,,T3,leaf_fluorescence_fv_over_fm,0.787 (SEM 0.005),,0.787,mean,dimensionless,SE,0.005,6,"7 weeks post-germination, in common-garden greenhouse, Monash University (seed from wild-collected accession; location = collection provenance)","Supplementary Table S1, SI p.3","Fv/Fm measured with MINI-PAM on youngest fully unfurled leaf, 7 weeks post-germination; measured to confirm plants were unstressed. n = 6 stated in Methods p.4 ('(n = 6)'), assumed per accession."
Sorghum timorense,population,,T4,leaf_fluorescence_fv_over_fm,0.804 (SEM 0.005),,0.804,mean,dimensionless,SE,0.005,6,"7 weeks post-germination, in common-garden greenhouse, Monash University (seed from wild-collected accession; location = collection provenance)","Supplementary Table S1, SI p.3","Fv/Fm measured with MINI-PAM on youngest fully unfurled leaf, 7 weeks post-germination; measured to confirm plants were unstressed. n = 6 stated in Methods p.4 ('(n = 6)'), assumed per accession."
Sorghum timorense,population,,T5,leaf_fluorescence_fv_over_fm,0.811 (SEM 0.009),,0.811,mean,dimensionless,SE,0.009,6,"7 weeks post-germination, in common-garden greenhouse, Monash University (seed from wild-collected accession; location = collection provenance)","Supplementary Table S1, SI p.3","Fv/Fm measured with MINI-PAM on youngest fully unfurled leaf, 7 weeks post-germination; measured to confirm plants were unstressed. n = 6 stated in Methods p.4 ('(n = 6)'), assumed per accession."
Sorghum timorense,population,,T6,leaf_fluorescence_fv_over_fm,0.798 (SEM 0.008),,0.798,mean,dimensionless,SE,0.008,6,"7 weeks post-germination, in common-garden greenhouse, Monash University (seed from wild-collected accession; location = collection provenance)","Supplementary Table S1, SI p.3","Fv/Fm measured with MINI-PAM on youngest fully unfurled leaf, 7 weeks post-germination; measured to confirm plants were unstressed. n = 6 stated in Methods p.4 ('(n = 6)'), assumed per accession."
Sorghum timorense,population,,T7,leaf_fluorescence_fv_over_fm,0.779 (SEM 0.010),,0.779,mean,dimensionless,SE,0.010,6,"7 weeks post-germination, in common-garden greenhouse, Monash University (seed from wild-collected accession; location = collection provenance)","Supplementary Table S1, SI p.3","Fv/Fm measured with MINI-PAM on youngest fully unfurled leaf, 7 weeks post-germination; measured to confirm plants were unstressed. n = 6 stated in Methods p.4 ('(n = 6)'), assumed per accession."
Sorghum plumosum,population,,P1,leaf_phenol_per_dry_mass,32.38 ± 1.20,,32.38,mean,mg/g,SE,1.20,9,"grown 10 weeks in common-garden greenhouse, Monash University (seed from wild-collected accession; location = collection provenance)","Supplementary Table S3, SI p.4","Matches AusTraits leaf_phenol_per_dry_mass (mg/g). Total phenolics by Folin-Ciocalteu colorimetric assay (10 mg dried ground tissue extracted in 1 mL 70% acetone; absorbance 760 nm), gallic acid standard -- i.e. mg gallic acid equivalents per g dry mass."
Sorghum plumosum,population,,P1,sheath_phenol_per_dry_mass,15.18 ± 0.49,,15.18,mean,mg/g,SE,0.49,9,"grown 10 weeks in common-garden greenhouse, Monash University (seed from wild-collected accession; location = collection provenance)","Supplementary Table S3, SI p.4","Candidate trait, not in config/traits.yml (leaf sheath, grass). Total phenolics by Folin-Ciocalteu colorimetric assay (10 mg dried ground tissue extracted in 1 mL 70% acetone; absorbance 760 nm), gallic acid standard -- i.e. mg gallic acid equivalents per g dry mass."
Sorghum plumosum,population,,P1,root_phenol_per_dry_mass,6.60 ± 0.27,,6.60,mean,mg/g,SE,0.27,9,"grown 10 weeks in common-garden greenhouse, Monash University (seed from wild-collected accession; location = collection provenance)","Supplementary Table S3, SI p.4","Candidate trait, not in config/traits.yml. Total phenolics by Folin-Ciocalteu colorimetric assay (10 mg dried ground tissue extracted in 1 mL 70% acetone; absorbance 760 nm), gallic acid standard -- i.e. mg gallic acid equivalents per g dry mass."
Sorghum plumosum,population,,P2,leaf_phenol_per_dry_mass,26.40 ± 1.16,,26.40,mean,mg/g,SE,1.16,12,"grown 10 weeks in common-garden greenhouse, Monash University (seed from wild-collected accession; location = collection provenance)","Supplementary Table S3, SI p.4","Matches AusTraits leaf_phenol_per_dry_mass (mg/g). Total phenolics by Folin-Ciocalteu colorimetric assay (10 mg dried ground tissue extracted in 1 mL 70% acetone; absorbance 760 nm), gallic acid standard -- i.e. mg gallic acid equivalents per g dry mass."
Sorghum plumosum,population,,P2,sheath_phenol_per_dry_mass,11.00 ± 0.43,,11.00,mean,mg/g,SE,0.43,12,"grown 10 weeks in common-garden greenhouse, Monash University (seed from wild-collected accession; location = collection provenance)","Supplementary Table S3, SI p.4","Candidate trait, not in config/traits.yml (leaf sheath, grass). Total phenolics by Folin-Ciocalteu colorimetric assay (10 mg dried ground tissue extracted in 1 mL 70% acetone; absorbance 760 nm), gallic acid standard -- i.e. mg gallic acid equivalents per g dry mass."
Sorghum plumosum,population,,P2,root_phenol_per_dry_mass,7.56 ± 0.20,,7.56,mean,mg/g,SE,0.20,12,"grown 10 weeks in common-garden greenhouse, Monash University (seed from wild-collected accession; location = collection provenance)","Supplementary Table S3, SI p.4","Candidate trait, not in config/traits.yml. Total phenolics by Folin-Ciocalteu colorimetric assay (10 mg dried ground tissue extracted in 1 mL 70% acetone; absorbance 760 nm), gallic acid standard -- i.e. mg gallic acid equivalents per g dry mass."
Sorghum plumosum,population,,P3,leaf_phenol_per_dry_mass,22.14 ± 0.89,,22.14,mean,mg/g,SE,0.89,13,"grown 10 weeks in common-garden greenhouse, Monash University (seed from wild-collected accession; location = collection provenance)","Supplementary Table S3, SI p.4","Matches AusTraits leaf_phenol_per_dry_mass (mg/g). Total phenolics by Folin-Ciocalteu colorimetric assay (10 mg dried ground tissue extracted in 1 mL 70% acetone; absorbance 760 nm), gallic acid standard -- i.e. mg gallic acid equivalents per g dry mass."
Sorghum plumosum,population,,P3,sheath_phenol_per_dry_mass,9.59 ± 0.19,,9.59,mean,mg/g,SE,0.19,13,"grown 10 weeks in common-garden greenhouse, Monash University (seed from wild-collected accession; location = collection provenance)","Supplementary Table S3, SI p.4","Candidate trait, not in config/traits.yml (leaf sheath, grass). Total phenolics by Folin-Ciocalteu colorimetric assay (10 mg dried ground tissue extracted in 1 mL 70% acetone; absorbance 760 nm), gallic acid standard -- i.e. mg gallic acid equivalents per g dry mass."
Sorghum plumosum,population,,P3,root_phenol_per_dry_mass,8.30 ± 0.29,,8.30,mean,mg/g,SE,0.29,13,"grown 10 weeks in common-garden greenhouse, Monash University (seed from wild-collected accession; location = collection provenance)","Supplementary Table S3, SI p.4","Candidate trait, not in config/traits.yml. Total phenolics by Folin-Ciocalteu colorimetric assay (10 mg dried ground tissue extracted in 1 mL 70% acetone; absorbance 760 nm), gallic acid standard -- i.e. mg gallic acid equivalents per g dry mass."
Sorghum plumosum,population,,P4,leaf_phenol_per_dry_mass,23.89 ± 0.63,,23.89,mean,mg/g,SE,0.63,15,"grown 10 weeks in common-garden greenhouse, Monash University (seed from wild-collected accession; location = collection provenance)","Supplementary Table S3, SI p.4","Matches AusTraits leaf_phenol_per_dry_mass (mg/g). Total phenolics by Folin-Ciocalteu colorimetric assay (10 mg dried ground tissue extracted in 1 mL 70% acetone; absorbance 760 nm), gallic acid standard -- i.e. mg gallic acid equivalents per g dry mass."
Sorghum plumosum,population,,P4,sheath_phenol_per_dry_mass,11.85 ± 0.33,,11.85,mean,mg/g,SE,0.33,15,"grown 10 weeks in common-garden greenhouse, Monash University (seed from wild-collected accession; location = collection provenance)","Supplementary Table S3, SI p.4","Candidate trait, not in config/traits.yml (leaf sheath, grass). Total phenolics by Folin-Ciocalteu colorimetric assay (10 mg dried ground tissue extracted in 1 mL 70% acetone; absorbance 760 nm), gallic acid standard -- i.e. mg gallic acid equivalents per g dry mass."
Sorghum plumosum,population,,P4,root_phenol_per_dry_mass,8.70 ± 0.29,,8.70,mean,mg/g,SE,0.29,15,"grown 10 weeks in common-garden greenhouse, Monash University (seed from wild-collected accession; location = collection provenance)","Supplementary Table S3, SI p.4","Candidate trait, not in config/traits.yml. Total phenolics by Folin-Ciocalteu colorimetric assay (10 mg dried ground tissue extracted in 1 mL 70% acetone; absorbance 760 nm), gallic acid standard -- i.e. mg gallic acid equivalents per g dry mass."
Sorghum plumosum,population,,P5,leaf_phenol_per_dry_mass,25.38 ± 1.04,,25.38,mean,mg/g,SE,1.04,7,"grown 10 weeks in common-garden greenhouse, Monash University (seed from wild-collected accession; location = collection provenance)","Supplementary Table S3, SI p.4","Matches AusTraits leaf_phenol_per_dry_mass (mg/g). Total phenolics by Folin-Ciocalteu colorimetric assay (10 mg dried ground tissue extracted in 1 mL 70% acetone; absorbance 760 nm), gallic acid standard -- i.e. mg gallic acid equivalents per g dry mass."
Sorghum plumosum,population,,P5,sheath_phenol_per_dry_mass,10.29 ± 0.48,,10.29,mean,mg/g,SE,0.48,7,"grown 10 weeks in common-garden greenhouse, Monash University (seed from wild-collected accession; location = collection provenance)","Supplementary Table S3, SI p.4","Candidate trait, not in config/traits.yml (leaf sheath, grass). Total phenolics by Folin-Ciocalteu colorimetric assay (10 mg dried ground tissue extracted in 1 mL 70% acetone; absorbance 760 nm), gallic acid standard -- i.e. mg gallic acid equivalents per g dry mass."
Sorghum plumosum,population,,P5,root_phenol_per_dry_mass,8.24 ± 0.30,,8.24,mean,mg/g,SE,0.30,7,"grown 10 weeks in common-garden greenhouse, Monash University (seed from wild-collected accession; location = collection provenance)","Supplementary Table S3, SI p.4","Candidate trait, not in config/traits.yml. Total phenolics by Folin-Ciocalteu colorimetric assay (10 mg dried ground tissue extracted in 1 mL 70% acetone; absorbance 760 nm), gallic acid standard -- i.e. mg gallic acid equivalents per g dry mass."
Sorghum plumosum,population,,P6,leaf_phenol_per_dry_mass,22.72 ± 0.80,,22.72,mean,mg/g,SE,0.80,15,"grown 10 weeks in common-garden greenhouse, Monash University (seed from wild-collected accession; location = collection provenance)","Supplementary Table S3, SI p.4","Matches AusTraits leaf_phenol_per_dry_mass (mg/g). Total phenolics by Folin-Ciocalteu colorimetric assay (10 mg dried ground tissue extracted in 1 mL 70% acetone; absorbance 760 nm), gallic acid standard -- i.e. mg gallic acid equivalents per g dry mass."
Sorghum plumosum,population,,P6,sheath_phenol_per_dry_mass,9.66 ± 0.32,,9.66,mean,mg/g,SE,0.32,15,"grown 10 weeks in common-garden greenhouse, Monash University (seed from wild-collected accession; location = collection provenance)","Supplementary Table S3, SI p.4","Candidate trait, not in config/traits.yml (leaf sheath, grass). Total phenolics by Folin-Ciocalteu colorimetric assay (10 mg dried ground tissue extracted in 1 mL 70% acetone; absorbance 760 nm), gallic acid standard -- i.e. mg gallic acid equivalents per g dry mass."
Sorghum plumosum,population,,P6,root_phenol_per_dry_mass,9.99 ± 0.35,,9.99,mean,mg/g,SE,0.35,15,"grown 10 weeks in common-garden greenhouse, Monash University (seed from wild-collected accession; location = collection provenance)","Supplementary Table S3, SI p.4","Candidate trait, not in config/traits.yml. Total phenolics by Folin-Ciocalteu colorimetric assay (10 mg dried ground tissue extracted in 1 mL 70% acetone; absorbance 760 nm), gallic acid standard -- i.e. mg gallic acid equivalents per g dry mass."
Sorghum stipoideum,population,,S1,leaf_phenol_per_dry_mass,13.72 ± 0.61,,13.72,mean,mg/g,SE,0.61,15,"grown 10 weeks in common-garden greenhouse, Monash University (seed from wild-collected accession; location = collection provenance)","Supplementary Table S3, SI p.4","Matches AusTraits leaf_phenol_per_dry_mass (mg/g). Total phenolics by Folin-Ciocalteu colorimetric assay (10 mg dried ground tissue extracted in 1 mL 70% acetone; absorbance 760 nm), gallic acid standard -- i.e. mg gallic acid equivalents per g dry mass."
Sorghum stipoideum,population,,S1,sheath_phenol_per_dry_mass,10.27 ± 0.37,,10.27,mean,mg/g,SE,0.37,15,"grown 10 weeks in common-garden greenhouse, Monash University (seed from wild-collected accession; location = collection provenance)","Supplementary Table S3, SI p.4","Candidate trait, not in config/traits.yml (leaf sheath, grass). Total phenolics by Folin-Ciocalteu colorimetric assay (10 mg dried ground tissue extracted in 1 mL 70% acetone; absorbance 760 nm), gallic acid standard -- i.e. mg gallic acid equivalents per g dry mass."
Sorghum stipoideum,population,,S1,root_phenol_per_dry_mass,5.99 ± 0.18,,5.99,mean,mg/g,SE,0.18,15,"grown 10 weeks in common-garden greenhouse, Monash University (seed from wild-collected accession; location = collection provenance)","Supplementary Table S3, SI p.4","Candidate trait, not in config/traits.yml. Total phenolics by Folin-Ciocalteu colorimetric assay (10 mg dried ground tissue extracted in 1 mL 70% acetone; absorbance 760 nm), gallic acid standard -- i.e. mg gallic acid equivalents per g dry mass."
Sorghum stipoideum,population,,S2,leaf_phenol_per_dry_mass,17.08 ± 0.75,,17.08,mean,mg/g,SE,0.75,15,"grown 10 weeks in common-garden greenhouse, Monash University (seed from wild-collected accession; location = collection provenance)","Supplementary Table S3, SI p.4","Matches AusTraits leaf_phenol_per_dry_mass (mg/g). Total phenolics by Folin-Ciocalteu colorimetric assay (10 mg dried ground tissue extracted in 1 mL 70% acetone; absorbance 760 nm), gallic acid standard -- i.e. mg gallic acid equivalents per g dry mass."
Sorghum stipoideum,population,,S2,sheath_phenol_per_dry_mass,10.89 ± 0.46,,10.89,mean,mg/g,SE,0.46,15,"grown 10 weeks in common-garden greenhouse, Monash University (seed from wild-collected accession; location = collection provenance)","Supplementary Table S3, SI p.4","Candidate trait, not in config/traits.yml (leaf sheath, grass). Total phenolics by Folin-Ciocalteu colorimetric assay (10 mg dried ground tissue extracted in 1 mL 70% acetone; absorbance 760 nm), gallic acid standard -- i.e. mg gallic acid equivalents per g dry mass."
Sorghum stipoideum,population,,S2,root_phenol_per_dry_mass,6.92 ± 0.20,,6.92,mean,mg/g,SE,0.20,15,"grown 10 weeks in common-garden greenhouse, Monash University (seed from wild-collected accession; location = collection provenance)","Supplementary Table S3, SI p.4","Candidate trait, not in config/traits.yml. Total phenolics by Folin-Ciocalteu colorimetric assay (10 mg dried ground tissue extracted in 1 mL 70% acetone; absorbance 760 nm), gallic acid standard -- i.e. mg gallic acid equivalents per g dry mass."
Sorghum stipoideum,population,,S3,leaf_phenol_per_dry_mass,17.72 ± 0.75,,17.72,mean,mg/g,SE,0.75,15,"grown 10 weeks in common-garden greenhouse, Monash University (seed from wild-collected accession; location = collection provenance)","Supplementary Table S3, SI p.4","Matches AusTraits leaf_phenol_per_dry_mass (mg/g). Total phenolics by Folin-Ciocalteu colorimetric assay (10 mg dried ground tissue extracted in 1 mL 70% acetone; absorbance 760 nm), gallic acid standard -- i.e. mg gallic acid equivalents per g dry mass."
Sorghum stipoideum,population,,S3,sheath_phenol_per_dry_mass,10.16 ± 0.32,,10.16,mean,mg/g,SE,0.32,15,"grown 10 weeks in common-garden greenhouse, Monash University (seed from wild-collected accession; location = collection provenance)","Supplementary Table S3, SI p.4","Candidate trait, not in config/traits.yml (leaf sheath, grass). Total phenolics by Folin-Ciocalteu colorimetric assay (10 mg dried ground tissue extracted in 1 mL 70% acetone; absorbance 760 nm), gallic acid standard -- i.e. mg gallic acid equivalents per g dry mass."
Sorghum stipoideum,population,,S3,root_phenol_per_dry_mass,7.07 ± 0.20,,7.07,mean,mg/g,SE,0.20,15,"grown 10 weeks in common-garden greenhouse, Monash University (seed from wild-collected accession; location = collection provenance)","Supplementary Table S3, SI p.4","Candidate trait, not in config/traits.yml. Total phenolics by Folin-Ciocalteu colorimetric assay (10 mg dried ground tissue extracted in 1 mL 70% acetone; absorbance 760 nm), gallic acid standard -- i.e. mg gallic acid equivalents per g dry mass."
Sorghum stipoideum,population,,S4,leaf_phenol_per_dry_mass,21.93 ± 1.02,,21.93,mean,mg/g,SE,1.02,15,"grown 10 weeks in common-garden greenhouse, Monash University (seed from wild-collected accession; location = collection provenance)","Supplementary Table S3, SI p.4","Matches AusTraits leaf_phenol_per_dry_mass (mg/g). Total phenolics by Folin-Ciocalteu colorimetric assay (10 mg dried ground tissue extracted in 1 mL 70% acetone; absorbance 760 nm), gallic acid standard -- i.e. mg gallic acid equivalents per g dry mass."
Sorghum stipoideum,population,,S4,sheath_phenol_per_dry_mass,11.08 ± 0.40,,11.08,mean,mg/g,SE,0.40,15,"grown 10 weeks in common-garden greenhouse, Monash University (seed from wild-collected accession; location = collection provenance)","Supplementary Table S3, SI p.4","Candidate trait, not in config/traits.yml (leaf sheath, grass). Total phenolics by Folin-Ciocalteu colorimetric assay (10 mg dried ground tissue extracted in 1 mL 70% acetone; absorbance 760 nm), gallic acid standard -- i.e. mg gallic acid equivalents per g dry mass."
Sorghum stipoideum,population,,S4,root_phenol_per_dry_mass,8.06 ± 0.28,,8.06,mean,mg/g,SE,0.28,15,"grown 10 weeks in common-garden greenhouse, Monash University (seed from wild-collected accession; location = collection provenance)","Supplementary Table S3, SI p.4","Candidate trait, not in config/traits.yml. Total phenolics by Folin-Ciocalteu colorimetric assay (10 mg dried ground tissue extracted in 1 mL 70% acetone; absorbance 760 nm), gallic acid standard -- i.e. mg gallic acid equivalents per g dry mass."
Sorghum stipoideum,population,,S5,leaf_phenol_per_dry_mass,20.23 ± 1.72,,20.23,mean,mg/g,SE,1.72,15,"grown 10 weeks in common-garden greenhouse, Monash University (seed from wild-collected accession; location = collection provenance)","Supplementary Table S3, SI p.4","Matches AusTraits leaf_phenol_per_dry_mass (mg/g). Total phenolics by Folin-Ciocalteu colorimetric assay (10 mg dried ground tissue extracted in 1 mL 70% acetone; absorbance 760 nm), gallic acid standard -- i.e. mg gallic acid equivalents per g dry mass."
Sorghum stipoideum,population,,S5,sheath_phenol_per_dry_mass,11.11 ± 0.49,,11.11,mean,mg/g,SE,0.49,15,"grown 10 weeks in common-garden greenhouse, Monash University (seed from wild-collected accession; location = collection provenance)","Supplementary Table S3, SI p.4","Candidate trait, not in config/traits.yml (leaf sheath, grass). Total phenolics by Folin-Ciocalteu colorimetric assay (10 mg dried ground tissue extracted in 1 mL 70% acetone; absorbance 760 nm), gallic acid standard -- i.e. mg gallic acid equivalents per g dry mass."
Sorghum stipoideum,population,,S5,root_phenol_per_dry_mass,7.35 ± 0.14,,7.35,mean,mg/g,SE,0.14,15,"grown 10 weeks in common-garden greenhouse, Monash University (seed from wild-collected accession; location = collection provenance)","Supplementary Table S3, SI p.4","Candidate trait, not in config/traits.yml. Total phenolics by Folin-Ciocalteu colorimetric assay (10 mg dried ground tissue extracted in 1 mL 70% acetone; absorbance 760 nm), gallic acid standard -- i.e. mg gallic acid equivalents per g dry mass."
Sorghum timorense,population,,T1,leaf_phenol_per_dry_mass,26.81 ± 0.92,,26.81,mean,mg/g,SE,0.92,15,"grown 10 weeks in common-garden greenhouse, Monash University (seed from wild-collected accession; location = collection provenance)","Supplementary Table S3, SI p.4","Matches AusTraits leaf_phenol_per_dry_mass (mg/g). Total phenolics by Folin-Ciocalteu colorimetric assay (10 mg dried ground tissue extracted in 1 mL 70% acetone; absorbance 760 nm), gallic acid standard -- i.e. mg gallic acid equivalents per g dry mass."
Sorghum timorense,population,,T1,sheath_phenol_per_dry_mass,14.68 ± 0.52,,14.68,mean,mg/g,SE,0.52,15,"grown 10 weeks in common-garden greenhouse, Monash University (seed from wild-collected accession; location = collection provenance)","Supplementary Table S3, SI p.4","Candidate trait, not in config/traits.yml (leaf sheath, grass). Total phenolics by Folin-Ciocalteu colorimetric assay (10 mg dried ground tissue extracted in 1 mL 70% acetone; absorbance 760 nm), gallic acid standard -- i.e. mg gallic acid equivalents per g dry mass."
Sorghum timorense,population,,T1,root_phenol_per_dry_mass,8.28 ± 0.17,,8.28,mean,mg/g,SE,0.17,15,"grown 10 weeks in common-garden greenhouse, Monash University (seed from wild-collected accession; location = collection provenance)","Supplementary Table S3, SI p.4","Candidate trait, not in config/traits.yml. Total phenolics by Folin-Ciocalteu colorimetric assay (10 mg dried ground tissue extracted in 1 mL 70% acetone; absorbance 760 nm), gallic acid standard -- i.e. mg gallic acid equivalents per g dry mass."
Sorghum timorense,population,,T2,leaf_phenol_per_dry_mass,27.10 ± 1.06,,27.10,mean,mg/g,SE,1.06,15,"grown 10 weeks in common-garden greenhouse, Monash University (seed from wild-collected accession; location = collection provenance)","Supplementary Table S3, SI p.4","Matches AusTraits leaf_phenol_per_dry_mass (mg/g). Total phenolics by Folin-Ciocalteu colorimetric assay (10 mg dried ground tissue extracted in 1 mL 70% acetone; absorbance 760 nm), gallic acid standard -- i.e. mg gallic acid equivalents per g dry mass."
Sorghum timorense,population,,T2,sheath_phenol_per_dry_mass,14.93 ± 0.76,,14.93,mean,mg/g,SE,0.76,15,"grown 10 weeks in common-garden greenhouse, Monash University (seed from wild-collected accession; location = collection provenance)","Supplementary Table S3, SI p.4","Candidate trait, not in config/traits.yml (leaf sheath, grass). Total phenolics by Folin-Ciocalteu colorimetric assay (10 mg dried ground tissue extracted in 1 mL 70% acetone; absorbance 760 nm), gallic acid standard -- i.e. mg gallic acid equivalents per g dry mass."
Sorghum timorense,population,,T2,root_phenol_per_dry_mass,8.61 ± 0.41,,8.61,mean,mg/g,SE,0.41,15,"grown 10 weeks in common-garden greenhouse, Monash University (seed from wild-collected accession; location = collection provenance)","Supplementary Table S3, SI p.4","Candidate trait, not in config/traits.yml. Total phenolics by Folin-Ciocalteu colorimetric assay (10 mg dried ground tissue extracted in 1 mL 70% acetone; absorbance 760 nm), gallic acid standard -- i.e. mg gallic acid equivalents per g dry mass."
Sorghum timorense,population,,T3,leaf_phenol_per_dry_mass,20.73 ± 0.94,,20.73,mean,mg/g,SE,0.94,15,"grown 10 weeks in common-garden greenhouse, Monash University (seed from wild-collected accession; location = collection provenance)","Supplementary Table S3, SI p.4","Matches AusTraits leaf_phenol_per_dry_mass (mg/g). Total phenolics by Folin-Ciocalteu colorimetric assay (10 mg dried ground tissue extracted in 1 mL 70% acetone; absorbance 760 nm), gallic acid standard -- i.e. mg gallic acid equivalents per g dry mass."
Sorghum timorense,population,,T3,sheath_phenol_per_dry_mass,13.04 ± 0.57,,13.04,mean,mg/g,SE,0.57,15,"grown 10 weeks in common-garden greenhouse, Monash University (seed from wild-collected accession; location = collection provenance)","Supplementary Table S3, SI p.4","Candidate trait, not in config/traits.yml (leaf sheath, grass). Total phenolics by Folin-Ciocalteu colorimetric assay (10 mg dried ground tissue extracted in 1 mL 70% acetone; absorbance 760 nm), gallic acid standard -- i.e. mg gallic acid equivalents per g dry mass."
Sorghum timorense,population,,T3,root_phenol_per_dry_mass,10.20 ± 0.30,,10.20,mean,mg/g,SE,0.30,15,"grown 10 weeks in common-garden greenhouse, Monash University (seed from wild-collected accession; location = collection provenance)","Supplementary Table S3, SI p.4","Candidate trait, not in config/traits.yml. Total phenolics by Folin-Ciocalteu colorimetric assay (10 mg dried ground tissue extracted in 1 mL 70% acetone; absorbance 760 nm), gallic acid standard -- i.e. mg gallic acid equivalents per g dry mass."
Sorghum timorense,population,,T4,leaf_phenol_per_dry_mass,26.20 ± 0.84,,26.20,mean,mg/g,SE,0.84,15,"grown 10 weeks in common-garden greenhouse, Monash University (seed from wild-collected accession; location = collection provenance)","Supplementary Table S3, SI p.4","Matches AusTraits leaf_phenol_per_dry_mass (mg/g). Total phenolics by Folin-Ciocalteu colorimetric assay (10 mg dried ground tissue extracted in 1 mL 70% acetone; absorbance 760 nm), gallic acid standard -- i.e. mg gallic acid equivalents per g dry mass."
Sorghum timorense,population,,T4,sheath_phenol_per_dry_mass,14.15 ± 0.47,,14.15,mean,mg/g,SE,0.47,15,"grown 10 weeks in common-garden greenhouse, Monash University (seed from wild-collected accession; location = collection provenance)","Supplementary Table S3, SI p.4","Candidate trait, not in config/traits.yml (leaf sheath, grass). Total phenolics by Folin-Ciocalteu colorimetric assay (10 mg dried ground tissue extracted in 1 mL 70% acetone; absorbance 760 nm), gallic acid standard -- i.e. mg gallic acid equivalents per g dry mass."
Sorghum timorense,population,,T4,root_phenol_per_dry_mass,8.89 ± 0.27,,8.89,mean,mg/g,SE,0.27,15,"grown 10 weeks in common-garden greenhouse, Monash University (seed from wild-collected accession; location = collection provenance)","Supplementary Table S3, SI p.4","Candidate trait, not in config/traits.yml. Total phenolics by Folin-Ciocalteu colorimetric assay (10 mg dried ground tissue extracted in 1 mL 70% acetone; absorbance 760 nm), gallic acid standard -- i.e. mg gallic acid equivalents per g dry mass."
Sorghum timorense,population,,T5,leaf_phenol_per_dry_mass,23.10 ± 1.28,,23.10,mean,mg/g,SE,1.28,15,"grown 10 weeks in common-garden greenhouse, Monash University (seed from wild-collected accession; location = collection provenance)","Supplementary Table S3, SI p.4","Matches AusTraits leaf_phenol_per_dry_mass (mg/g). Total phenolics by Folin-Ciocalteu colorimetric assay (10 mg dried ground tissue extracted in 1 mL 70% acetone; absorbance 760 nm), gallic acid standard -- i.e. mg gallic acid equivalents per g dry mass."
Sorghum timorense,population,,T5,sheath_phenol_per_dry_mass,13.01 ± 0.49,,13.01,mean,mg/g,SE,0.49,15,"grown 10 weeks in common-garden greenhouse, Monash University (seed from wild-collected accession; location = collection provenance)","Supplementary Table S3, SI p.4","Candidate trait, not in config/traits.yml (leaf sheath, grass). Total phenolics by Folin-Ciocalteu colorimetric assay (10 mg dried ground tissue extracted in 1 mL 70% acetone; absorbance 760 nm), gallic acid standard -- i.e. mg gallic acid equivalents per g dry mass."
Sorghum timorense,population,,T5,root_phenol_per_dry_mass,9.38 ± 0.23,,9.38,mean,mg/g,SE,0.23,15,"grown 10 weeks in common-garden greenhouse, Monash University (seed from wild-collected accession; location = collection provenance)","Supplementary Table S3, SI p.4","Candidate trait, not in config/traits.yml. Total phenolics by Folin-Ciocalteu colorimetric assay (10 mg dried ground tissue extracted in 1 mL 70% acetone; absorbance 760 nm), gallic acid standard -- i.e. mg gallic acid equivalents per g dry mass."
Sorghum timorense,population,,T6,leaf_phenol_per_dry_mass,21.92 ± 0.62,,21.92,mean,mg/g,SE,0.62,15,"grown 10 weeks in common-garden greenhouse, Monash University (seed from wild-collected accession; location = collection provenance)","Supplementary Table S3, SI p.4","Matches AusTraits leaf_phenol_per_dry_mass (mg/g). Total phenolics by Folin-Ciocalteu colorimetric assay (10 mg dried ground tissue extracted in 1 mL 70% acetone; absorbance 760 nm), gallic acid standard -- i.e. mg gallic acid equivalents per g dry mass."
Sorghum timorense,population,,T6,sheath_phenol_per_dry_mass,13.03 ± 0.43,,13.03,mean,mg/g,SE,0.43,15,"grown 10 weeks in common-garden greenhouse, Monash University (seed from wild-collected accession; location = collection provenance)","Supplementary Table S3, SI p.4","Candidate trait, not in config/traits.yml (leaf sheath, grass). Total phenolics by Folin-Ciocalteu colorimetric assay (10 mg dried ground tissue extracted in 1 mL 70% acetone; absorbance 760 nm), gallic acid standard -- i.e. mg gallic acid equivalents per g dry mass."
Sorghum timorense,population,,T6,root_phenol_per_dry_mass,8.46 ± 0.26,,8.46,mean,mg/g,SE,0.26,15,"grown 10 weeks in common-garden greenhouse, Monash University (seed from wild-collected accession; location = collection provenance)","Supplementary Table S3, SI p.4","Candidate trait, not in config/traits.yml. Total phenolics by Folin-Ciocalteu colorimetric assay (10 mg dried ground tissue extracted in 1 mL 70% acetone; absorbance 760 nm), gallic acid standard -- i.e. mg gallic acid equivalents per g dry mass."
Sorghum timorense,population,,T7,leaf_phenol_per_dry_mass,23.19 ± 0.91,,23.19,mean,mg/g,SE,0.91,15,"grown 10 weeks in common-garden greenhouse, Monash University (seed from wild-collected accession; location = collection provenance)","Supplementary Table S3, SI p.4","Matches AusTraits leaf_phenol_per_dry_mass (mg/g). Total phenolics by Folin-Ciocalteu colorimetric assay (10 mg dried ground tissue extracted in 1 mL 70% acetone; absorbance 760 nm), gallic acid standard -- i.e. mg gallic acid equivalents per g dry mass."
Sorghum timorense,population,,T7,sheath_phenol_per_dry_mass,12.82 ± 0.45,,12.82,mean,mg/g,SE,0.45,15,"grown 10 weeks in common-garden greenhouse, Monash University (seed from wild-collected accession; location = collection provenance)","Supplementary Table S3, SI p.4","Candidate trait, not in config/traits.yml (leaf sheath, grass). Total phenolics by Folin-Ciocalteu colorimetric assay (10 mg dried ground tissue extracted in 1 mL 70% acetone; absorbance 760 nm), gallic acid standard -- i.e. mg gallic acid equivalents per g dry mass."
Sorghum timorense,population,,T7,root_phenol_per_dry_mass,7.94 ± 0.22,,7.94,mean,mg/g,SE,0.22,15,"grown 10 weeks in common-garden greenhouse, Monash University (seed from wild-collected accession; location = collection provenance)","Supplementary Table S3, SI p.4","Candidate trait, not in config/traits.yml. Total phenolics by Folin-Ciocalteu colorimetric assay (10 mg dried ground tissue extracted in 1 mL 70% acetone; absorbance 760 nm), gallic acid standard -- i.e. mg gallic acid equivalents per g dry mass."
Sorghum plumosum,population,,P1,leaf_Si_per_dry_mass,0.46 ± 0.04,,0.46,mean,%,SE,0.04,8,"grown 10 weeks in common-garden greenhouse, Monash University (seed from wild-collected accession; location = collection provenance)","Supplementary Table S4, SI p.4","Matches AusTraits leaf_Si_per_dry_mass (mg/g); source unit is % of dry mass -> unit_in % needs x*10 conversion. Si by X-ray fluorescence spectrometry (Epsilon-3x) on 80 mg dried ground tissue, calibrated against certified Citrus leaf reference NCS ZC73018."
Sorghum plumosum,population,,P1,sheath_Si_per_dry_mass,0.85 ± 0.06,,0.85,mean,%,SE,0.06,8,"grown 10 weeks in common-garden greenhouse, Monash University (seed from wild-collected accession; location = collection provenance)","Supplementary Table S4, SI p.4","Candidate trait, not in config/traits.yml (leaf sheath). Si by X-ray fluorescence spectrometry (Epsilon-3x) on 80 mg dried ground tissue, calibrated against certified Citrus leaf reference NCS ZC73018."
Sorghum plumosum,population,,P1,root_Si_per_dry_mass,0.74 ± 0.04,,0.74,mean,%,SE,0.04,8,"grown 10 weeks in common-garden greenhouse, Monash University (seed from wild-collected accession; location = collection provenance)","Supplementary Table S4, SI p.4","Candidate trait, not in config/traits.yml. Si by X-ray fluorescence spectrometry (Epsilon-3x) on 80 mg dried ground tissue, calibrated against certified Citrus leaf reference NCS ZC73018."
Sorghum plumosum,population,,P1,whole_plant_Si_per_dry_mass,0.60 ± 0.04,,0.60,mean,%,SE,0.04,8,"grown 10 weeks in common-garden greenhouse, Monash University (seed from wild-collected accession; location = collection provenance)","Supplementary Table S4, SI p.4","Candidate trait, not in config/traits.yml. Whole-plant [Si] = biomass-weighted mean of leaf, sheath and root [Si] (equation p.5). Si by X-ray fluorescence spectrometry (Epsilon-3x) on 80 mg dried ground tissue, calibrated against certified Citrus leaf reference NCS ZC73018."
Sorghum plumosum,population,,P2,leaf_Si_per_dry_mass,0.30 ± 0.02,,0.30,mean,%,SE,0.02,12,"grown 10 weeks in common-garden greenhouse, Monash University (seed from wild-collected accession; location = collection provenance)","Supplementary Table S4, SI p.4","Matches AusTraits leaf_Si_per_dry_mass (mg/g); source unit is % of dry mass -> unit_in % needs x*10 conversion. Si by X-ray fluorescence spectrometry (Epsilon-3x) on 80 mg dried ground tissue, calibrated against certified Citrus leaf reference NCS ZC73018."
Sorghum plumosum,population,,P2,sheath_Si_per_dry_mass,0.45 ± 0.03,,0.45,mean,%,SE,0.03,12,"grown 10 weeks in common-garden greenhouse, Monash University (seed from wild-collected accession; location = collection provenance)","Supplementary Table S4, SI p.4","Candidate trait, not in config/traits.yml (leaf sheath). Si by X-ray fluorescence spectrometry (Epsilon-3x) on 80 mg dried ground tissue, calibrated against certified Citrus leaf reference NCS ZC73018."
Sorghum plumosum,population,,P2,root_Si_per_dry_mass,0.51 ± 0.03,,0.51,mean,%,SE,0.03,12,"grown 10 weeks in common-garden greenhouse, Monash University (seed from wild-collected accession; location = collection provenance)","Supplementary Table S4, SI p.4","Candidate trait, not in config/traits.yml. Si by X-ray fluorescence spectrometry (Epsilon-3x) on 80 mg dried ground tissue, calibrated against certified Citrus leaf reference NCS ZC73018."
Sorghum plumosum,population,,P2,whole_plant_Si_per_dry_mass,0.40 ± 0.02,,0.40,mean,%,SE,0.02,12,"grown 10 weeks in common-garden greenhouse, Monash University (seed from wild-collected accession; location = collection provenance)","Supplementary Table S4, SI p.4","Candidate trait, not in config/traits.yml. Whole-plant [Si] = biomass-weighted mean of leaf, sheath and root [Si] (equation p.5). Si by X-ray fluorescence spectrometry (Epsilon-3x) on 80 mg dried ground tissue, calibrated against certified Citrus leaf reference NCS ZC73018."
Sorghum plumosum,population,,P3,leaf_Si_per_dry_mass,0.34 ± 0.02,,0.34,mean,%,SE,0.02,13,"grown 10 weeks in common-garden greenhouse, Monash University (seed from wild-collected accession; location = collection provenance)","Supplementary Table S4, SI p.4","Matches AusTraits leaf_Si_per_dry_mass (mg/g); source unit is % of dry mass -> unit_in % needs x*10 conversion. Si by X-ray fluorescence spectrometry (Epsilon-3x) on 80 mg dried ground tissue, calibrated against certified Citrus leaf reference NCS ZC73018."
Sorghum plumosum,population,,P3,sheath_Si_per_dry_mass,0.46 ± 0.03,,0.46,mean,%,SE,0.03,13,"grown 10 weeks in common-garden greenhouse, Monash University (seed from wild-collected accession; location = collection provenance)","Supplementary Table S4, SI p.4","Candidate trait, not in config/traits.yml (leaf sheath). Si by X-ray fluorescence spectrometry (Epsilon-3x) on 80 mg dried ground tissue, calibrated against certified Citrus leaf reference NCS ZC73018."
Sorghum plumosum,population,,P3,root_Si_per_dry_mass,0.47 ± 0.02,,0.47,mean,%,SE,0.02,13,"grown 10 weeks in common-garden greenhouse, Monash University (seed from wild-collected accession; location = collection provenance)","Supplementary Table S4, SI p.4","Candidate trait, not in config/traits.yml. Si by X-ray fluorescence spectrometry (Epsilon-3x) on 80 mg dried ground tissue, calibrated against certified Citrus leaf reference NCS ZC73018."
Sorghum plumosum,population,,P3,whole_plant_Si_per_dry_mass,0.41 ± 0.02,,0.41,mean,%,SE,0.02,13,"grown 10 weeks in common-garden greenhouse, Monash University (seed from wild-collected accession; location = collection provenance)","Supplementary Table S4, SI p.4","Candidate trait, not in config/traits.yml. Whole-plant [Si] = biomass-weighted mean of leaf, sheath and root [Si] (equation p.5). Si by X-ray fluorescence spectrometry (Epsilon-3x) on 80 mg dried ground tissue, calibrated against certified Citrus leaf reference NCS ZC73018."
Sorghum plumosum,population,,P4,leaf_Si_per_dry_mass,0.33 ± 0.02,,0.33,mean,%,SE,0.02,15,"grown 10 weeks in common-garden greenhouse, Monash University (seed from wild-collected accession; location = collection provenance)","Supplementary Table S4, SI p.4","Matches AusTraits leaf_Si_per_dry_mass (mg/g); source unit is % of dry mass -> unit_in % needs x*10 conversion. Si by X-ray fluorescence spectrometry (Epsilon-3x) on 80 mg dried ground tissue, calibrated against certified Citrus leaf reference NCS ZC73018."
Sorghum plumosum,population,,P4,sheath_Si_per_dry_mass,0.41 ± 0.02,,0.41,mean,%,SE,0.02,15,"grown 10 weeks in common-garden greenhouse, Monash University (seed from wild-collected accession; location = collection provenance)","Supplementary Table S4, SI p.4","Candidate trait, not in config/traits.yml (leaf sheath). Si by X-ray fluorescence spectrometry (Epsilon-3x) on 80 mg dried ground tissue, calibrated against certified Citrus leaf reference NCS ZC73018."
Sorghum plumosum,population,,P4,root_Si_per_dry_mass,0.56 ± 0.10,,0.56,mean,%,SE,0.10,15,"grown 10 weeks in common-garden greenhouse, Monash University (seed from wild-collected accession; location = collection provenance)","Supplementary Table S4, SI p.4","Candidate trait, not in config/traits.yml. Si by X-ray fluorescence spectrometry (Epsilon-3x) on 80 mg dried ground tissue, calibrated against certified Citrus leaf reference NCS ZC73018."
Sorghum plumosum,population,,P4,whole_plant_Si_per_dry_mass,0.39 ± 0.01,,0.39,mean,%,SE,0.01,15,"grown 10 weeks in common-garden greenhouse, Monash University (seed from wild-collected accession; location = collection provenance)","Supplementary Table S4, SI p.4","Candidate trait, not in config/traits.yml. Whole-plant [Si] = biomass-weighted mean of leaf, sheath and root [Si] (equation p.5). Si by X-ray fluorescence spectrometry (Epsilon-3x) on 80 mg dried ground tissue, calibrated against certified Citrus leaf reference NCS ZC73018."
Sorghum plumosum,population,,P5,leaf_Si_per_dry_mass,0.36 ± 0.02,,0.36,mean,%,SE,0.02,15,"grown 10 weeks in common-garden greenhouse, Monash University (seed from wild-collected accession; location = collection provenance)","Supplementary Table S4, SI p.4","Matches AusTraits leaf_Si_per_dry_mass (mg/g); source unit is % of dry mass -> unit_in % needs x*10 conversion. Si by X-ray fluorescence spectrometry (Epsilon-3x) on 80 mg dried ground tissue, calibrated against certified Citrus leaf reference NCS ZC73018."
Sorghum plumosum,population,,P5,sheath_Si_per_dry_mass,0.47 ± 0.03,,0.47,mean,%,SE,0.03,15,"grown 10 weeks in common-garden greenhouse, Monash University (seed from wild-collected accession; location = collection provenance)","Supplementary Table S4, SI p.4","Candidate trait, not in config/traits.yml (leaf sheath). Si by X-ray fluorescence spectrometry (Epsilon-3x) on 80 mg dried ground tissue, calibrated against certified Citrus leaf reference NCS ZC73018."
Sorghum plumosum,population,,P5,root_Si_per_dry_mass,0.58 ± 0.05,,0.58,mean,%,SE,0.05,15,"grown 10 weeks in common-garden greenhouse, Monash University (seed from wild-collected accession; location = collection provenance)","Supplementary Table S4, SI p.4","Candidate trait, not in config/traits.yml. Si by X-ray fluorescence spectrometry (Epsilon-3x) on 80 mg dried ground tissue, calibrated against certified Citrus leaf reference NCS ZC73018."
Sorghum plumosum,population,,P5,whole_plant_Si_per_dry_mass,0.45 ± 0.01,,0.45,mean,%,SE,0.01,15,"grown 10 weeks in common-garden greenhouse, Monash University (seed from wild-collected accession; location = collection provenance)","Supplementary Table S4, SI p.4","Candidate trait, not in config/traits.yml. Whole-plant [Si] = biomass-weighted mean of leaf, sheath and root [Si] (equation p.5). Si by X-ray fluorescence spectrometry (Epsilon-3x) on 80 mg dried ground tissue, calibrated against certified Citrus leaf reference NCS ZC73018."
Sorghum plumosum,population,,P6,leaf_Si_per_dry_mass,0.34 ± 0.02,,0.34,mean,%,SE,0.02,7,"grown 10 weeks in common-garden greenhouse, Monash University (seed from wild-collected accession; location = collection provenance)","Supplementary Table S4, SI p.4","Matches AusTraits leaf_Si_per_dry_mass (mg/g); source unit is % of dry mass -> unit_in % needs x*10 conversion. Si by X-ray fluorescence spectrometry (Epsilon-3x) on 80 mg dried ground tissue, calibrated against certified Citrus leaf reference NCS ZC73018."
Sorghum plumosum,population,,P6,sheath_Si_per_dry_mass,0.46 ± 0.03,,0.46,mean,%,SE,0.03,7,"grown 10 weeks in common-garden greenhouse, Monash University (seed from wild-collected accession; location = collection provenance)","Supplementary Table S4, SI p.4","Candidate trait, not in config/traits.yml (leaf sheath). Si by X-ray fluorescence spectrometry (Epsilon-3x) on 80 mg dried ground tissue, calibrated against certified Citrus leaf reference NCS ZC73018."
Sorghum plumosum,population,,P6,root_Si_per_dry_mass,0.55 ± 0.06,,0.55,mean,%,SE,0.06,7,"grown 10 weeks in common-garden greenhouse, Monash University (seed from wild-collected accession; location = collection provenance)","Supplementary Table S4, SI p.4","Candidate trait, not in config/traits.yml. Si by X-ray fluorescence spectrometry (Epsilon-3x) on 80 mg dried ground tissue, calibrated against certified Citrus leaf reference NCS ZC73018."
Sorghum plumosum,population,,P6,whole_plant_Si_per_dry_mass,0.43 ± 0.02,,0.43,mean,%,SE,0.02,7,"grown 10 weeks in common-garden greenhouse, Monash University (seed from wild-collected accession; location = collection provenance)","Supplementary Table S4, SI p.4","Candidate trait, not in config/traits.yml. Whole-plant [Si] = biomass-weighted mean of leaf, sheath and root [Si] (equation p.5). Si by X-ray fluorescence spectrometry (Epsilon-3x) on 80 mg dried ground tissue, calibrated against certified Citrus leaf reference NCS ZC73018."
Sorghum stipoideum,population,,S1,leaf_Si_per_dry_mass,0.47 ± 0.03,,0.47,mean,%,SE,0.03,14,"grown 10 weeks in common-garden greenhouse, Monash University (seed from wild-collected accession; location = collection provenance)","Supplementary Table S4, SI p.4","Matches AusTraits leaf_Si_per_dry_mass (mg/g); source unit is % of dry mass -> unit_in % needs x*10 conversion. Si by X-ray fluorescence spectrometry (Epsilon-3x) on 80 mg dried ground tissue, calibrated against certified Citrus leaf reference NCS ZC73018."
Sorghum stipoideum,population,,S1,sheath_Si_per_dry_mass,0.56 ± 0.05,,0.56,mean,%,SE,0.05,14,"grown 10 weeks in common-garden greenhouse, Monash University (seed from wild-collected accession; location = collection provenance)","Supplementary Table S4, SI p.4","Candidate trait, not in config/traits.yml (leaf sheath). Si by X-ray fluorescence spectrometry (Epsilon-3x) on 80 mg dried ground tissue, calibrated against certified Citrus leaf reference NCS ZC73018."
Sorghum stipoideum,population,,S1,root_Si_per_dry_mass,0.66 ± 0.07,,0.66,mean,%,SE,0.07,14,"grown 10 weeks in common-garden greenhouse, Monash University (seed from wild-collected accession; location = collection provenance)","Supplementary Table S4, SI p.4","Candidate trait, not in config/traits.yml. Si by X-ray fluorescence spectrometry (Epsilon-3x) on 80 mg dried ground tissue, calibrated against certified Citrus leaf reference NCS ZC73018."
Sorghum stipoideum,population,,S1,whole_plant_Si_per_dry_mass,0.48 ± 0.02,,0.48,mean,%,SE,0.02,14,"grown 10 weeks in common-garden greenhouse, Monash University (seed from wild-collected accession; location = collection provenance)","Supplementary Table S4, SI p.4","Candidate trait, not in config/traits.yml. Whole-plant [Si] = biomass-weighted mean of leaf, sheath and root [Si] (equation p.5). Si by X-ray fluorescence spectrometry (Epsilon-3x) on 80 mg dried ground tissue, calibrated against certified Citrus leaf reference NCS ZC73018."
Sorghum stipoideum,population,,S2,leaf_Si_per_dry_mass,0.45 ± 0.03,,0.45,mean,%,SE,0.03,10,"grown 10 weeks in common-garden greenhouse, Monash University (seed from wild-collected accession; location = collection provenance)","Supplementary Table S4, SI p.4","Matches AusTraits leaf_Si_per_dry_mass (mg/g); source unit is % of dry mass -> unit_in % needs x*10 conversion. Si by X-ray fluorescence spectrometry (Epsilon-3x) on 80 mg dried ground tissue, calibrated against certified Citrus leaf reference NCS ZC73018."
Sorghum stipoideum,population,,S2,sheath_Si_per_dry_mass,0.62 ± 0.10,,0.62,mean,%,SE,0.10,10,"grown 10 weeks in common-garden greenhouse, Monash University (seed from wild-collected accession; location = collection provenance)","Supplementary Table S4, SI p.4","Candidate trait, not in config/traits.yml (leaf sheath). Si by X-ray fluorescence spectrometry (Epsilon-3x) on 80 mg dried ground tissue, calibrated against certified Citrus leaf reference NCS ZC73018."
Sorghum stipoideum,population,,S2,root_Si_per_dry_mass,0.70 ± 0.08,,0.70,mean,%,SE,0.08,10,"grown 10 weeks in common-garden greenhouse, Monash University (seed from wild-collected accession; location = collection provenance)","Supplementary Table S4, SI p.4","Candidate trait, not in config/traits.yml. Si by X-ray fluorescence spectrometry (Epsilon-3x) on 80 mg dried ground tissue, calibrated against certified Citrus leaf reference NCS ZC73018."
Sorghum stipoideum,population,,S2,whole_plant_Si_per_dry_mass,0.50 ± 0.03,,0.50,mean,%,SE,0.03,10,"grown 10 weeks in common-garden greenhouse, Monash University (seed from wild-collected accession; location = collection provenance)","Supplementary Table S4, SI p.4","Candidate trait, not in config/traits.yml. Whole-plant [Si] = biomass-weighted mean of leaf, sheath and root [Si] (equation p.5). Si by X-ray fluorescence spectrometry (Epsilon-3x) on 80 mg dried ground tissue, calibrated against certified Citrus leaf reference NCS ZC73018."
Sorghum stipoideum,population,,S3,leaf_Si_per_dry_mass,0.40 ± 0.01,,0.40,mean,%,SE,0.01,14,"grown 10 weeks in common-garden greenhouse, Monash University (seed from wild-collected accession; location = collection provenance)","Supplementary Table S4, SI p.4","Matches AusTraits leaf_Si_per_dry_mass (mg/g); source unit is % of dry mass -> unit_in % needs x*10 conversion. Si by X-ray fluorescence spectrometry (Epsilon-3x) on 80 mg dried ground tissue, calibrated against certified Citrus leaf reference NCS ZC73018."
Sorghum stipoideum,population,,S3,sheath_Si_per_dry_mass,0.41 ± 0.02,,0.41,mean,%,SE,0.02,14,"grown 10 weeks in common-garden greenhouse, Monash University (seed from wild-collected accession; location = collection provenance)","Supplementary Table S4, SI p.4","Candidate trait, not in config/traits.yml (leaf sheath). Si by X-ray fluorescence spectrometry (Epsilon-3x) on 80 mg dried ground tissue, calibrated against certified Citrus leaf reference NCS ZC73018."
Sorghum stipoideum,population,,S3,root_Si_per_dry_mass,0.69 ± 0.05,,0.69,mean,%,SE,0.05,14,"grown 10 weeks in common-garden greenhouse, Monash University (seed from wild-collected accession; location = collection provenance)","Supplementary Table S4, SI p.4","Candidate trait, not in config/traits.yml. Si by X-ray fluorescence spectrometry (Epsilon-3x) on 80 mg dried ground tissue, calibrated against certified Citrus leaf reference NCS ZC73018."
Sorghum stipoideum,population,,S3,whole_plant_Si_per_dry_mass,0.45 ± 0.02,,0.45,mean,%,SE,0.02,14,"grown 10 weeks in common-garden greenhouse, Monash University (seed from wild-collected accession; location = collection provenance)","Supplementary Table S4, SI p.4","Candidate trait, not in config/traits.yml. Whole-plant [Si] = biomass-weighted mean of leaf, sheath and root [Si] (equation p.5). Si by X-ray fluorescence spectrometry (Epsilon-3x) on 80 mg dried ground tissue, calibrated against certified Citrus leaf reference NCS ZC73018."
Sorghum stipoideum,population,,S4,leaf_Si_per_dry_mass,0.37 ± 0.01,,0.37,mean,%,SE,0.01,14,"grown 10 weeks in common-garden greenhouse, Monash University (seed from wild-collected accession; location = collection provenance)","Supplementary Table S4, SI p.4","Matches AusTraits leaf_Si_per_dry_mass (mg/g); source unit is % of dry mass -> unit_in % needs x*10 conversion. Si by X-ray fluorescence spectrometry (Epsilon-3x) on 80 mg dried ground tissue, calibrated against certified Citrus leaf reference NCS ZC73018."
Sorghum stipoideum,population,,S4,sheath_Si_per_dry_mass,0.49 ± 0.04,,0.49,mean,%,SE,0.04,14,"grown 10 weeks in common-garden greenhouse, Monash University (seed from wild-collected accession; location = collection provenance)","Supplementary Table S4, SI p.4","Candidate trait, not in config/traits.yml (leaf sheath). Si by X-ray fluorescence spectrometry (Epsilon-3x) on 80 mg dried ground tissue, calibrated against certified Citrus leaf reference NCS ZC73018."
Sorghum stipoideum,population,,S4,root_Si_per_dry_mass,0.49 ± 0.05,,0.49,mean,%,SE,0.05,14,"grown 10 weeks in common-garden greenhouse, Monash University (seed from wild-collected accession; location = collection provenance)","Supplementary Table S4, SI p.4","Candidate trait, not in config/traits.yml. Si by X-ray fluorescence spectrometry (Epsilon-3x) on 80 mg dried ground tissue, calibrated against certified Citrus leaf reference NCS ZC73018."
Sorghum stipoideum,population,,S4,whole_plant_Si_per_dry_mass,0.43 ± 0.02,,0.43,mean,%,SE,0.02,14,"grown 10 weeks in common-garden greenhouse, Monash University (seed from wild-collected accession; location = collection provenance)","Supplementary Table S4, SI p.4","Candidate trait, not in config/traits.yml. Whole-plant [Si] = biomass-weighted mean of leaf, sheath and root [Si] (equation p.5). Si by X-ray fluorescence spectrometry (Epsilon-3x) on 80 mg dried ground tissue, calibrated against certified Citrus leaf reference NCS ZC73018."
Sorghum stipoideum,population,,S5,leaf_Si_per_dry_mass,0.40 ± 0.04,,0.40,mean,%,SE,0.04,15,"grown 10 weeks in common-garden greenhouse, Monash University (seed from wild-collected accession; location = collection provenance)","Supplementary Table S4, SI p.4","Matches AusTraits leaf_Si_per_dry_mass (mg/g); source unit is % of dry mass -> unit_in % needs x*10 conversion. Si by X-ray fluorescence spectrometry (Epsilon-3x) on 80 mg dried ground tissue, calibrated against certified Citrus leaf reference NCS ZC73018."
Sorghum stipoideum,population,,S5,sheath_Si_per_dry_mass,0.51 ± 0.07,,0.51,mean,%,SE,0.07,15,"grown 10 weeks in common-garden greenhouse, Monash University (seed from wild-collected accession; location = collection provenance)","Supplementary Table S4, SI p.4","Candidate trait, not in config/traits.yml (leaf sheath). Si by X-ray fluorescence spectrometry (Epsilon-3x) on 80 mg dried ground tissue, calibrated against certified Citrus leaf reference NCS ZC73018."
Sorghum stipoideum,population,,S5,root_Si_per_dry_mass,0.58 ± 0.06,,0.58,mean,%,SE,0.06,15,"grown 10 weeks in common-garden greenhouse, Monash University (seed from wild-collected accession; location = collection provenance)","Supplementary Table S4, SI p.4","Candidate trait, not in config/traits.yml. Si by X-ray fluorescence spectrometry (Epsilon-3x) on 80 mg dried ground tissue, calibrated against certified Citrus leaf reference NCS ZC73018."
Sorghum stipoideum,population,,S5,whole_plant_Si_per_dry_mass,0.43 ± 0.02,,0.43,mean,%,SE,0.02,15,"grown 10 weeks in common-garden greenhouse, Monash University (seed from wild-collected accession; location = collection provenance)","Supplementary Table S4, SI p.4","Candidate trait, not in config/traits.yml. Whole-plant [Si] = biomass-weighted mean of leaf, sheath and root [Si] (equation p.5). Si by X-ray fluorescence spectrometry (Epsilon-3x) on 80 mg dried ground tissue, calibrated against certified Citrus leaf reference NCS ZC73018."
Sorghum timorense,population,,T1,leaf_Si_per_dry_mass,0.35 ± 0.02,,0.35,mean,%,SE,0.02,15,"grown 10 weeks in common-garden greenhouse, Monash University (seed from wild-collected accession; location = collection provenance)","Supplementary Table S4, SI p.4","Matches AusTraits leaf_Si_per_dry_mass (mg/g); source unit is % of dry mass -> unit_in % needs x*10 conversion. Si by X-ray fluorescence spectrometry (Epsilon-3x) on 80 mg dried ground tissue, calibrated against certified Citrus leaf reference NCS ZC73018."
Sorghum timorense,population,,T1,sheath_Si_per_dry_mass,0.32 ± 0.01,,0.32,mean,%,SE,0.01,15,"grown 10 weeks in common-garden greenhouse, Monash University (seed from wild-collected accession; location = collection provenance)","Supplementary Table S4, SI p.4","Candidate trait, not in config/traits.yml (leaf sheath). Si by X-ray fluorescence spectrometry (Epsilon-3x) on 80 mg dried ground tissue, calibrated against certified Citrus leaf reference NCS ZC73018."
Sorghum timorense,population,,T1,root_Si_per_dry_mass,0.51 ± 0.02,,0.51,mean,%,SE,0.02,15,"grown 10 weeks in common-garden greenhouse, Monash University (seed from wild-collected accession; location = collection provenance)","Supplementary Table S4, SI p.4","Candidate trait, not in config/traits.yml. Si by X-ray fluorescence spectrometry (Epsilon-3x) on 80 mg dried ground tissue, calibrated against certified Citrus leaf reference NCS ZC73018."
Sorghum timorense,population,,T1,whole_plant_Si_per_dry_mass,0.37 ± 0.01,,0.37,mean,%,SE,0.01,15,"grown 10 weeks in common-garden greenhouse, Monash University (seed from wild-collected accession; location = collection provenance)","Supplementary Table S4, SI p.4","Candidate trait, not in config/traits.yml. Whole-plant [Si] = biomass-weighted mean of leaf, sheath and root [Si] (equation p.5). Si by X-ray fluorescence spectrometry (Epsilon-3x) on 80 mg dried ground tissue, calibrated against certified Citrus leaf reference NCS ZC73018."
Sorghum timorense,population,,T2,leaf_Si_per_dry_mass,0.33 ± 0.02,,0.33,mean,%,SE,0.02,15,"grown 10 weeks in common-garden greenhouse, Monash University (seed from wild-collected accession; location = collection provenance)","Supplementary Table S4, SI p.4","Matches AusTraits leaf_Si_per_dry_mass (mg/g); source unit is % of dry mass -> unit_in % needs x*10 conversion. Si by X-ray fluorescence spectrometry (Epsilon-3x) on 80 mg dried ground tissue, calibrated against certified Citrus leaf reference NCS ZC73018."
Sorghum timorense,population,,T2,sheath_Si_per_dry_mass,0.34 ± 0.02,,0.34,mean,%,SE,0.02,15,"grown 10 weeks in common-garden greenhouse, Monash University (seed from wild-collected accession; location = collection provenance)","Supplementary Table S4, SI p.4","Candidate trait, not in config/traits.yml (leaf sheath). Si by X-ray fluorescence spectrometry (Epsilon-3x) on 80 mg dried ground tissue, calibrated against certified Citrus leaf reference NCS ZC73018."
Sorghum timorense,population,,T2,root_Si_per_dry_mass,0.57 ± 0.04,,0.57,mean,%,SE,0.04,15,"grown 10 weeks in common-garden greenhouse, Monash University (seed from wild-collected accession; location = collection provenance)","Supplementary Table S4, SI p.4","Candidate trait, not in config/traits.yml. Si by X-ray fluorescence spectrometry (Epsilon-3x) on 80 mg dried ground tissue, calibrated against certified Citrus leaf reference NCS ZC73018."
Sorghum timorense,population,,T2,whole_plant_Si_per_dry_mass,0.37 ± 0.01,,0.37,mean,%,SE,0.01,15,"grown 10 weeks in common-garden greenhouse, Monash University (seed from wild-collected accession; location = collection provenance)","Supplementary Table S4, SI p.4","Candidate trait, not in config/traits.yml. Whole-plant [Si] = biomass-weighted mean of leaf, sheath and root [Si] (equation p.5). Si by X-ray fluorescence spectrometry (Epsilon-3x) on 80 mg dried ground tissue, calibrated against certified Citrus leaf reference NCS ZC73018."
Sorghum timorense,population,,T3,leaf_Si_per_dry_mass,0.34 ± 0.01,,0.34,mean,%,SE,0.01,15,"grown 10 weeks in common-garden greenhouse, Monash University (seed from wild-collected accession; location = collection provenance)","Supplementary Table S4, SI p.4","Matches AusTraits leaf_Si_per_dry_mass (mg/g); source unit is % of dry mass -> unit_in % needs x*10 conversion. Si by X-ray fluorescence spectrometry (Epsilon-3x) on 80 mg dried ground tissue, calibrated against certified Citrus leaf reference NCS ZC73018."
Sorghum timorense,population,,T3,sheath_Si_per_dry_mass,0.31 ± 0.01,,0.31,mean,%,SE,0.01,15,"grown 10 weeks in common-garden greenhouse, Monash University (seed from wild-collected accession; location = collection provenance)","Supplementary Table S4, SI p.4","Candidate trait, not in config/traits.yml (leaf sheath). Si by X-ray fluorescence spectrometry (Epsilon-3x) on 80 mg dried ground tissue, calibrated against certified Citrus leaf reference NCS ZC73018."
Sorghum timorense,population,,T3,root_Si_per_dry_mass,0.54 ± 0.05,,0.54,mean,%,SE,0.05,15,"grown 10 weeks in common-garden greenhouse, Monash University (seed from wild-collected accession; location = collection provenance)","Supplementary Table S4, SI p.4","Candidate trait, not in config/traits.yml. Si by X-ray fluorescence spectrometry (Epsilon-3x) on 80 mg dried ground tissue, calibrated against certified Citrus leaf reference NCS ZC73018."
Sorghum timorense,population,,T3,whole_plant_Si_per_dry_mass,0.36 ± 0.01,,0.36,mean,%,SE,0.01,15,"grown 10 weeks in common-garden greenhouse, Monash University (seed from wild-collected accession; location = collection provenance)","Supplementary Table S4, SI p.4","Candidate trait, not in config/traits.yml. Whole-plant [Si] = biomass-weighted mean of leaf, sheath and root [Si] (equation p.5). Si by X-ray fluorescence spectrometry (Epsilon-3x) on 80 mg dried ground tissue, calibrated against certified Citrus leaf reference NCS ZC73018."
Sorghum timorense,population,,T4,leaf_Si_per_dry_mass,0.34 ± 0.02,,0.34,mean,%,SE,0.02,15,"grown 10 weeks in common-garden greenhouse, Monash University (seed from wild-collected accession; location = collection provenance)","Supplementary Table S4, SI p.4","Matches AusTraits leaf_Si_per_dry_mass (mg/g); source unit is % of dry mass -> unit_in % needs x*10 conversion. Si by X-ray fluorescence spectrometry (Epsilon-3x) on 80 mg dried ground tissue, calibrated against certified Citrus leaf reference NCS ZC73018."
Sorghum timorense,population,,T4,sheath_Si_per_dry_mass,0.33 ± 0.02,,0.33,mean,%,SE,0.02,15,"grown 10 weeks in common-garden greenhouse, Monash University (seed from wild-collected accession; location = collection provenance)","Supplementary Table S4, SI p.4","Candidate trait, not in config/traits.yml (leaf sheath). Si by X-ray fluorescence spectrometry (Epsilon-3x) on 80 mg dried ground tissue, calibrated against certified Citrus leaf reference NCS ZC73018."
Sorghum timorense,population,,T4,root_Si_per_dry_mass,0.50 ± 0.04,,0.50,mean,%,SE,0.04,15,"grown 10 weeks in common-garden greenhouse, Monash University (seed from wild-collected accession; location = collection provenance)","Supplementary Table S4, SI p.4","Candidate trait, not in config/traits.yml. Si by X-ray fluorescence spectrometry (Epsilon-3x) on 80 mg dried ground tissue, calibrated against certified Citrus leaf reference NCS ZC73018."
Sorghum timorense,population,,T4,whole_plant_Si_per_dry_mass,0.36 ± 0.01,,0.36,mean,%,SE,0.01,15,"grown 10 weeks in common-garden greenhouse, Monash University (seed from wild-collected accession; location = collection provenance)","Supplementary Table S4, SI p.4","Candidate trait, not in config/traits.yml. Whole-plant [Si] = biomass-weighted mean of leaf, sheath and root [Si] (equation p.5). Si by X-ray fluorescence spectrometry (Epsilon-3x) on 80 mg dried ground tissue, calibrated against certified Citrus leaf reference NCS ZC73018."
Sorghum timorense,population,,T5,leaf_Si_per_dry_mass,0.34 ± 0.02,,0.34,mean,%,SE,0.02,15,"grown 10 weeks in common-garden greenhouse, Monash University (seed from wild-collected accession; location = collection provenance)","Supplementary Table S4, SI p.4","Matches AusTraits leaf_Si_per_dry_mass (mg/g); source unit is % of dry mass -> unit_in % needs x*10 conversion. Si by X-ray fluorescence spectrometry (Epsilon-3x) on 80 mg dried ground tissue, calibrated against certified Citrus leaf reference NCS ZC73018."
Sorghum timorense,population,,T5,sheath_Si_per_dry_mass,0.34 ± 0.02,,0.34,mean,%,SE,0.02,15,"grown 10 weeks in common-garden greenhouse, Monash University (seed from wild-collected accession; location = collection provenance)","Supplementary Table S4, SI p.4","Candidate trait, not in config/traits.yml (leaf sheath). Si by X-ray fluorescence spectrometry (Epsilon-3x) on 80 mg dried ground tissue, calibrated against certified Citrus leaf reference NCS ZC73018."
Sorghum timorense,population,,T5,root_Si_per_dry_mass,0.75 ± 0.08,,0.75,mean,%,SE,0.08,15,"grown 10 weeks in common-garden greenhouse, Monash University (seed from wild-collected accession; location = collection provenance)","Supplementary Table S4, SI p.4","Candidate trait, not in config/traits.yml. Si by X-ray fluorescence spectrometry (Epsilon-3x) on 80 mg dried ground tissue, calibrated against certified Citrus leaf reference NCS ZC73018."
Sorghum timorense,population,,T5,whole_plant_Si_per_dry_mass,0.40 ± 0.01,,0.40,mean,%,SE,0.01,15,"grown 10 weeks in common-garden greenhouse, Monash University (seed from wild-collected accession; location = collection provenance)","Supplementary Table S4, SI p.4","Candidate trait, not in config/traits.yml. Whole-plant [Si] = biomass-weighted mean of leaf, sheath and root [Si] (equation p.5). Si by X-ray fluorescence spectrometry (Epsilon-3x) on 80 mg dried ground tissue, calibrated against certified Citrus leaf reference NCS ZC73018."
Sorghum timorense,population,,T6,leaf_Si_per_dry_mass,0.32 ± 0.01,,0.32,mean,%,SE,0.01,14,"grown 10 weeks in common-garden greenhouse, Monash University (seed from wild-collected accession; location = collection provenance)","Supplementary Table S4, SI p.4","Matches AusTraits leaf_Si_per_dry_mass (mg/g); source unit is % of dry mass -> unit_in % needs x*10 conversion. Si by X-ray fluorescence spectrometry (Epsilon-3x) on 80 mg dried ground tissue, calibrated against certified Citrus leaf reference NCS ZC73018."
Sorghum timorense,population,,T6,sheath_Si_per_dry_mass,0.30 ± 0.01,,0.30,mean,%,SE,0.01,14,"grown 10 weeks in common-garden greenhouse, Monash University (seed from wild-collected accession; location = collection provenance)","Supplementary Table S4, SI p.4","Candidate trait, not in config/traits.yml (leaf sheath). Si by X-ray fluorescence spectrometry (Epsilon-3x) on 80 mg dried ground tissue, calibrated against certified Citrus leaf reference NCS ZC73018."
Sorghum timorense,population,,T6,root_Si_per_dry_mass,0.56 ± 0.04,,0.56,mean,%,SE,0.04,14,"grown 10 weeks in common-garden greenhouse, Monash University (seed from wild-collected accession; location = collection provenance)","Supplementary Table S4, SI p.4","Candidate trait, not in config/traits.yml. Si by X-ray fluorescence spectrometry (Epsilon-3x) on 80 mg dried ground tissue, calibrated against certified Citrus leaf reference NCS ZC73018."
Sorghum timorense,population,,T6,whole_plant_Si_per_dry_mass,0.35 ± 0.01,,0.35,mean,%,SE,0.01,14,"grown 10 weeks in common-garden greenhouse, Monash University (seed from wild-collected accession; location = collection provenance)","Supplementary Table S4, SI p.4","Candidate trait, not in config/traits.yml. Whole-plant [Si] = biomass-weighted mean of leaf, sheath and root [Si] (equation p.5). Si by X-ray fluorescence spectrometry (Epsilon-3x) on 80 mg dried ground tissue, calibrated against certified Citrus leaf reference NCS ZC73018."
Sorghum timorense,population,,T7,leaf_Si_per_dry_mass,0.34 ± 0.01,,0.34,mean,%,SE,0.01,15,"grown 10 weeks in common-garden greenhouse, Monash University (seed from wild-collected accession; location = collection provenance)","Supplementary Table S4, SI p.4","Matches AusTraits leaf_Si_per_dry_mass (mg/g); source unit is % of dry mass -> unit_in % needs x*10 conversion. Si by X-ray fluorescence spectrometry (Epsilon-3x) on 80 mg dried ground tissue, calibrated against certified Citrus leaf reference NCS ZC73018."
Sorghum timorense,population,,T7,sheath_Si_per_dry_mass,0.33 ± 0.02,,0.33,mean,%,SE,0.02,15,"grown 10 weeks in common-garden greenhouse, Monash University (seed from wild-collected accession; location = collection provenance)","Supplementary Table S4, SI p.4","Candidate trait, not in config/traits.yml (leaf sheath). Si by X-ray fluorescence spectrometry (Epsilon-3x) on 80 mg dried ground tissue, calibrated against certified Citrus leaf reference NCS ZC73018."
Sorghum timorense,population,,T7,root_Si_per_dry_mass,0.68 ± 0.02,,0.68,mean,%,SE,0.02,15,"grown 10 weeks in common-garden greenhouse, Monash University (seed from wild-collected accession; location = collection provenance)","Supplementary Table S4, SI p.4","Candidate trait, not in config/traits.yml. Si by X-ray fluorescence spectrometry (Epsilon-3x) on 80 mg dried ground tissue, calibrated against certified Citrus leaf reference NCS ZC73018."
Sorghum timorense,population,,T7,whole_plant_Si_per_dry_mass,0.37 ± 0.01,,0.37,mean,%,SE,0.01,15,"grown 10 weeks in common-garden greenhouse, Monash University (seed from wild-collected accession; location = collection provenance)","Supplementary Table S4, SI p.4","Candidate trait, not in config/traits.yml. Whole-plant [Si] = biomass-weighted mean of leaf, sheath and root [Si] (equation p.5). Si by X-ray fluorescence spectrometry (Epsilon-3x) on 80 mg dried ground tissue, calibrated against certified Citrus leaf reference NCS ZC73018."
Sorghum plumosum,population,,P4,leaf_HCN_potential,1.20 µg g−1,,1.20,mean,µg/g,,,,"grown 10 weeks in common-garden greenhouse, Monash University (seed from wild-collected accession; location = collection provenance)",Results p.5,"HCN potential (total HCN released on hydrolysis of all cyanogenic glucosides by beta-glucosidase), colorimetric evolved-cyanide assay on 10 mg dried ground tissue (Gleadow et al. 2012). Candidate trait, not in config/traits.yml. Only accession for which all three organ means are stated in text; all other accession means shown only in Fig. 2 (log-scale bar chart)."
Sorghum plumosum,population,,P4,sheath_HCN_potential,2.59 µg g−1,,2.59,mean,µg/g,,,,"grown 10 weeks in common-garden greenhouse, Monash University (seed from wild-collected accession; location = collection provenance)",Results p.5,"HCN potential (total HCN released on hydrolysis of all cyanogenic glucosides by beta-glucosidase), colorimetric evolved-cyanide assay on 10 mg dried ground tissue (Gleadow et al. 2012). Candidate trait, not in config/traits.yml. Only accession for which all three organ means are stated in text; all other accession means shown only in Fig. 2 (log-scale bar chart)."
Sorghum plumosum,population,,P4,root_HCN_potential,119.91 µg g−1,,119.91,mean,µg/g,,,,"grown 10 weeks in common-garden greenhouse, Monash University (seed from wild-collected accession; location = collection provenance)",Results p.5,"HCN potential (total HCN released on hydrolysis of all cyanogenic glucosides by beta-glucosidase), colorimetric evolved-cyanide assay on 10 mg dried ground tissue (Gleadow et al. 2012). Candidate trait, not in config/traits.yml. Only accession for which all three organ means are stated in text; all other accession means shown only in Fig. 2 (log-scale bar chart)."
Sorghum timorense,population,,T5,leaf_HCN_potential,0.57 µg g−1,,0.57,mean,µg/g,,,,"grown 10 weeks in common-garden greenhouse, Monash University (seed from wild-collected accession; location = collection provenance)",Results p.5,"HCN potential (total HCN released on hydrolysis of all cyanogenic glucosides by beta-glucosidase), colorimetric evolved-cyanide assay on 10 mg dried ground tissue (Gleadow et al. 2012). Candidate trait, not in config/traits.yml. Stated as the lowest accession mean in the study ('mean leaf HCN potential ranged from 0.57 µg g−1 in T5 to 5.03 µg g−1 in S3')."
Sorghum stipoideum,population,,S3,leaf_HCN_potential,5.03 µg g−1,,5.03,mean,µg/g,,,,"grown 10 weeks in common-garden greenhouse, Monash University (seed from wild-collected accession; location = collection provenance)",Results p.5,"HCN potential (total HCN released on hydrolysis of all cyanogenic glucosides by beta-glucosidase), colorimetric evolved-cyanide assay on 10 mg dried ground tissue (Gleadow et al. 2012). Candidate trait, not in config/traits.yml. Stated as the highest accession mean in the study (range '0.57 ... in T5 to 5.03 µg g−1 in S3')."
Sorghum stipoideum,population,,S1,sheath_HCN_potential,0.48 µg g−1,,0.48,mean,µg/g,,,,"grown 10 weeks in common-garden greenhouse, Monash University (seed from wild-collected accession; location = collection provenance)",Results p.5,"HCN potential (total HCN released on hydrolysis of all cyanogenic glucosides by beta-glucosidase), colorimetric evolved-cyanide assay on 10 mg dried ground tissue (Gleadow et al. 2012). Candidate trait, not in config/traits.yml. Stated as the lowest accession mean in the study ('mean sheath HCN potential ranged from 0.48 µg g−1 in S1 to 53.23 µg g−1 in P1')."
Sorghum plumosum,population,,P1,sheath_HCN_potential,53.23 µg g−1,,53.23,mean,µg/g,,,,"grown 10 weeks in common-garden greenhouse, Monash University (seed from wild-collected accession; location = collection provenance)",Results p.5,"HCN potential (total HCN released on hydrolysis of all cyanogenic glucosides by beta-glucosidase), colorimetric evolved-cyanide assay on 10 mg dried ground tissue (Gleadow et al. 2012). Candidate trait, not in config/traits.yml. Stated as the highest accession mean in the study (range '0.48 ... in S1 to 53.23 µg g−1 in P1')."
Sorghum timorense,population,,T5,root_HCN_potential,11.96 µg g−1,,11.96,mean,µg/g,,,,"grown 10 weeks in common-garden greenhouse, Monash University (seed from wild-collected accession; location = collection provenance)",Results p.5,"HCN potential (total HCN released on hydrolysis of all cyanogenic glucosides by beta-glucosidase), colorimetric evolved-cyanide assay on 10 mg dried ground tissue (Gleadow et al. 2012). Candidate trait, not in config/traits.yml. Stated as the lowest accession mean in the study ('mean root HCN potential ranged from 11.96 µg g−1 in T5 to 119.91 µg g−1 in P4')."
Sorghum plumosum,population,,P1,whole_plant_dry_mass,6.5 g,,6.5,mean,g,,,,"grown 10 weeks in common-garden greenhouse, Monash University (seed from wild-collected accession; location = collection provenance)",Results p.6,"Candidate trait, not in config/traits.yml. Whole-plant dry biomass at 10 weeks (including senesced leaves). Stated as the lowest accession mean ('Mean biomass ranged from 6.5 g in P1 to 18.8 g in P3'); other accession means only in Fig. 4a-c."
Sorghum plumosum,population,,P3,whole_plant_dry_mass,18.8 g,,18.8,mean,g,,,,"grown 10 weeks in common-garden greenhouse, Monash University (seed from wild-collected accession; location = collection provenance)",Results p.6,"Candidate trait, not in config/traits.yml. Whole-plant dry biomass at 10 weeks (including senesced leaves). Stated as the highest accession mean ('Mean biomass ranged from 6.5 g in P1 to 18.8 g in P3'); other accession means only in Fig. 4a-c."
Sorghum stipoideum,population,,S2,plant_relative_growth_rate,0.094 g g−1 day−1,,0.094,mean,g/g/day,,,,"grown 10 weeks in common-garden greenhouse, Monash University (seed from wild-collected accession; location = collection provenance)",Results p.6,"Candidate trait, not in config/traits.yml. RGR = (ln W2 - ln W1)/(t2 - t1), W1 = mean seed mass of accession, W2 = whole-plant biomass at 10 weeks. Stated as the lowest accession mean; other accession means only in Fig. 4d-f."
Sorghum plumosum,population,,P4,plant_relative_growth_rate,0.117 g g−1 day−1,,0.117,mean,g/g/day,,,,"grown 10 weeks in common-garden greenhouse, Monash University (seed from wild-collected accession; location = collection provenance)",Results p.6,"Candidate trait, not in config/traits.yml. RGR = (ln W2 - ln W1)/(t2 - t1), W1 = mean seed mass of accession, W2 = whole-plant biomass at 10 weeks. Stated as the highest accession mean; other accession means only in Fig. 4d-f."
,population,,,leaf_HCN_potential,,,,,,,,,"grown 10 weeks in common-garden greenhouse, Monash University (seed from wild-collected accession; location = collection provenance)",Fig. 2a-c,"Per-accession means (± SE) for the remaining accessions shown only graphically in Fig. 2a-c, not stated numerically; data 'shared upon reasonable request to the corresponding author'."
,population,,,sheath_HCN_potential,,,,,,,,,"grown 10 weeks in common-garden greenhouse, Monash University (seed from wild-collected accession; location = collection provenance)",Fig. 2d-f,"Per-accession means (± SE) for the remaining accessions shown only graphically in Fig. 2d-f, not stated numerically; data 'shared upon reasonable request to the corresponding author'."
,population,,,root_HCN_potential,,,,,,,,,"grown 10 weeks in common-garden greenhouse, Monash University (seed from wild-collected accession; location = collection provenance)",Fig. 2g-i,"Per-accession means (± SE) for the remaining accessions shown only graphically in Fig. 2g-i, not stated numerically; data 'shared upon reasonable request to the corresponding author'."
,population,,,whole_plant_dry_mass,,,,,,,,,"grown 10 weeks in common-garden greenhouse, Monash University (seed from wild-collected accession; location = collection provenance)",Fig. 4a-c,"Per-accession means (± SE) for the remaining accessions shown only graphically in Fig. 4a-c, not stated numerically; data 'shared upon reasonable request to the corresponding author'."
,population,,,plant_relative_growth_rate,,,,,,,,,"grown 10 weeks in common-garden greenhouse, Monash University (seed from wild-collected accession; location = collection provenance)",Fig. 4d-f,"Per-accession means (± SE) for the remaining accessions shown only graphically in Fig. 4d-f, not stated numerically; data 'shared upon reasonable request to the corresponding author'."
Sorghum plumosum,species,,,life_history,perennial,perennial,perennial,mode,,,,,,Introduction p.2,"'Sorghum plumosum is perennial, whereas S. stipoideum and S. timorense are annual.' Background statement (citing Lazarides et al. 1991), not measured in this study."
Sorghum stipoideum,species,,,life_history,annual,annual,annual,mode,,,,,,Introduction p.2,"'Sorghum plumosum is perennial, whereas S. stipoideum and S. timorense are annual.' Background statement (citing Lazarides et al. 1991), not measured in this study."
Sorghum timorense,species,,,life_history,annual,annual,annual,mode,,,,,,Introduction p.2,"'Sorghum plumosum is perennial, whereas S. stipoideum and S. timorense are annual.' Background statement (citing Lazarides et al. 1991), not measured in this study."
