taxon_name,entity_type,entity_context,location_name,canopy_position,habitat_openness,seed_lot,seed_collection_year,pretreatment,incubation_temperature,light_condition,GA3_treatment,anova_group,trait,trait_value_raw,trait_value,trait_value_clean,value_type,unit,error_type,error_value,n,context,source_section,notes
Acacia cyclops,species,,southwestern Western Australia,understorey shrub,open habitat,,,,,,,,dispersal_appendage,"Acacia cyclops, which has a very large red (bird-dispersal?) elaiosome",elaiosome,aril,mode,,,,,,Discussion p.804,"Authors call the large red structure an elaiosome, but it is a funicular aril, so mapped to aril. Authors hedge bird dispersal with ""?"", so dispersers not recorded."
Acacia cyclops,species,,southwestern Western Australia,understorey shrub,open habitat,,,,,,,,life_form,"Megachamaephyte (CH-mg, 20-100 cm, low shrubs)",megachamaephyte,chamaephyte,mode,,,,,,Table 1,"Megachamaephyte (to 100 cm) mapped to chamaephyte, although Raunkiaer chamaephytes are defined as < 50 cm."
Acacia cyclops,species,,southwestern Western Australia,understorey shrub,open habitat,,,,,,,,plant_growth_form,"Megachamaephyte (CH-mg, 20-100 cm, low shrubs)",low_shrub,shrub,mode,,,,,,Table 1 (life-history legend),"Inferred from the life-history class legend (""low shrubs"" / ""small shrubs"")."
Acacia cyclops,species,,southwestern Western Australia,understorey shrub,open habitat,,,,,,,,resprouting_capacity,obligate seeder (OS),obligate_seeder,fire_killed,mode,,,,,,Table 1,
Acacia cyclops,species,,southwestern Western Australia,understorey shrub,open habitat,,,,,,,,seed_dormancy_class,Species previously known to require a heat-shock treatment to overcome dormancy due to an impervious testa were pre-treated,impervious_testa,physical_dormancy,mode,,,,,,Abstract; Methods p.798; Table 1,Inferred from the authors pre-treating the species because of a known impervious (hard) testa.
Acacia cyclops,population,,southwestern Western Australia,understorey shrub,open habitat,,1988,seed nicked,,,,,seed_dry_mass,35.73 ± 0.56,,35.73,mean,mg,standard_error,0.56,3,mass per seed from three lots of 50 or 100 seeds; seeds stored at room temperature (drying method not stated),Table 1,
Acacia cyclops,population,,southwestern Western Australia,understorey shrub,open habitat,,1988,seed nicked,,,,,seed_germination,75.0 ± 5.6,,75.0,maximum,%,standard_error,5.6,3,"highest mean germination of any of the 8 combinations of incubation temperature (15 or 23 °C), light (12 h light or constant dark) and GA3 (0 or 50 mg/l); 4 weeks incubation; germination = radicle emergence; 3 replicate plates of 25 seeds",Table 1,"Value is the highest treatment mean (""highest percentage germinability ... from trials""), so value_type maximum (of treatment means); could alternatively be mean -- curator to decide."
Acacia cyclops,population,,southwestern Western Australia,understorey shrub,open habitat,,1988,seed nicked,15,dark,pooled (with and without GA3),b,seed_germination,53 ± 11b,,53,mean,%,standard_error,11,,constant 15 °C; constant dark; 4 weeks; germination = radicle emergence,Table 3,"+GA3 and -GA3 trial data combined (Results p.800), so n is presumably 6 plates of 25 seeds; not stated."
Acacia cyclops,population,,southwestern Western Australia,understorey shrub,open habitat,,1988,seed nicked,15,light,pooled (with and without GA3),b,seed_germination,58 ± 6b,,58,mean,%,standard_error,6,,"constant 15 °C; 12 h diurnal white light, 80 μmol m-2 s-1; 4 weeks; germination = radicle emergence",Table 3,"+GA3 and -GA3 trial data combined (Results p.800), so n is presumably 6 plates of 25 seeds; not stated."
Acacia cyclops,population,,southwestern Western Australia,understorey shrub,open habitat,,1988,seed nicked,23,dark,pooled (with and without GA3),b,seed_germination,59 ± 13b,,59,mean,%,standard_error,13,,constant 23 °C; constant dark; 4 weeks; germination = radicle emergence,Table 3,"+GA3 and -GA3 trial data combined (Results p.800), so n is presumably 6 plates of 25 seeds; not stated."
Acacia cyclops,population,,southwestern Western Australia,understorey shrub,open habitat,,1988,seed nicked,23,light,pooled (with and without GA3),a,seed_germination,38 ± 9a,,38,mean,%,standard_error,9,,"constant 23 °C; 12 h diurnal white light, 80 μmol m-2 s-1; 4 weeks; germination = radicle emergence",Table 3,"+GA3 and -GA3 trial data combined (Results p.800), so n is presumably 6 plates of 25 seeds; not stated."
Acacia cyclops,population,,southwestern Western Australia,understorey shrub,open habitat,,1988,seed nicked,,,,,seed_germination_treatment,"Seed knicked; ""Species previously known to require a heat-shock treatment to overcome dormancy due to an impervious testa were pre-treated""",seed_nicked,scarify,mode,,,,,,Table 1; Methods p.798,"Seed coat nicked; prior knowledge, not tested against untreated controls in this study."
Acacia cyclops,population,,southwestern Western Australia,understorey shrub,open habitat,,1988,seed nicked,,,,,seed_viability,100.0 ± 0.0,,100.0,mean,%,standard_error,0.0,3,tetrazolium chloride (1% w/v) staining after nicking seed coat; 3 replicates of 25 seeds,Table 1,
Acacia cyclops,species,,southwestern Western Australia,understorey shrub,open habitat,,,,,,,,seedbank_location,soil-stored seed (S),soil_stored_seed,soil_seedbank,mode,,,,,,Table 1,
Acacia drummondii subsp. candolleana,species,,southwestern Western Australia,understorey shrub,,,,,,,,,germination_cues,"Germination of many hard-seeded, understorey shrub and herbaceous perennial species, especially those with small (< 10 mg) seeds (e.g. Bossiaea ornata, B. aquifolium and Acacia drummondii ssp. candolleana) was greater at the lower trial temperature and in the dark. Germination was almost completely restricted to the 15°C incubation conditions in two Bossiaea species, Acacia drummondii ssp. candolleana and provenance (a) of Gompholobium knightianum.",cool_incubation_temperature darkness,temperature_cool burial,mode,,,,,,Abstract; Results p.800,"Germination greater at 15 °C than 23 °C maps to temperature_cool and greater in darkness to burial; the authors relate these to the cool, wet winter and to buried seeds."
Acacia drummondii subsp. candolleana,species,,southwestern Western Australia,understorey shrub,,,,,,,,,life_form,"Megachamaephyte (CH-mg, 20-100 cm, low shrubs)",megachamaephyte,chamaephyte,mode,,,,,,Table 1,"Megachamaephyte (to 100 cm) mapped to chamaephyte, although Raunkiaer chamaephytes are defined as < 50 cm."
Acacia drummondii subsp. candolleana,species,,southwestern Western Australia,understorey shrub,,,,,,,,,plant_growth_form,"Megachamaephyte (CH-mg, 20-100 cm, low shrubs)",low_shrub,shrub,mode,,,,,,Table 1 (life-history legend),"Inferred from the life-history class legend (""low shrubs"" / ""small shrubs"")."
Acacia drummondii subsp. candolleana,species,,southwestern Western Australia,understorey shrub,,,,,,,,,resprouting_capacity,obligate seeder (OS),obligate_seeder,fire_killed,mode,,,,,,Table 1,
Acacia drummondii subsp. candolleana,species,,southwestern Western Australia,understorey shrub,,,,,,,,,seed_dormancy_class,Species previously known to require a heat-shock treatment to overcome dormancy due to an impervious testa were pre-treated,impervious_testa,physical_dormancy,mode,,,,,,Abstract; Methods p.798; Table 1,Inferred from the authors pre-treating the species because of a known impervious (hard) testa.
Acacia drummondii subsp. candolleana,population,,southwestern Western Australia,understorey shrub,,,1994,boiled 60 s,,,,,seed_dry_mass,22.53 ± 0.09,,22.53,mean,mg,standard_error,0.09,3,mass per seed from three lots of 50 or 100 seeds; seeds stored at room temperature (drying method not stated),Table 1,
Acacia drummondii subsp. candolleana,population,,southwestern Western Australia,understorey shrub,,,1994,boiled 60 s,,,,,seed_germination,78.3 ± 1.7,,78.3,maximum,%,standard_error,1.7,3,"highest mean germination of any of the 8 combinations of incubation temperature (15 or 23 °C), light (12 h light or constant dark) and GA3 (0 or 50 mg/l); 4 weeks incubation; germination = radicle emergence; 3 replicate plates of 25 seeds",Table 1,"Value is the highest treatment mean (""highest percentage germinability ... from trials""), so value_type maximum (of treatment means); could alternatively be mean -- curator to decide."
Acacia drummondii subsp. candolleana,population,,southwestern Western Australia,understorey shrub,,,1994,boiled 60 s,15,dark,pooled (with and without GA3),c,seed_germination,72 ± 4c,,72,mean,%,standard_error,4,,constant 15 °C; constant dark; 4 weeks; germination = radicle emergence,Table 3,"+GA3 and -GA3 trial data combined (Results p.800), so n is presumably 6 plates of 25 seeds; not stated."
Acacia drummondii subsp. candolleana,population,,southwestern Western Australia,understorey shrub,,,1994,boiled 60 s,15,light,pooled (with and without GA3),b,seed_germination,23 ± 6b,,23,mean,%,standard_error,6,,"constant 15 °C; 12 h diurnal white light, 80 μmol m-2 s-1; 4 weeks; germination = radicle emergence",Table 3,"+GA3 and -GA3 trial data combined (Results p.800), so n is presumably 6 plates of 25 seeds; not stated."
Acacia drummondii subsp. candolleana,population,,southwestern Western Australia,understorey shrub,,,1994,boiled 60 s,23,dark,pooled (with and without GA3),a,seed_germination,2 ± 2a,,2,mean,%,standard_error,2,,constant 23 °C; constant dark; 4 weeks; germination = radicle emergence,Table 3,"+GA3 and -GA3 trial data combined (Results p.800), so n is presumably 6 plates of 25 seeds; not stated."
Acacia drummondii subsp. candolleana,population,,southwestern Western Australia,understorey shrub,,,1994,boiled 60 s,23,light,pooled (with and without GA3),a,seed_germination,0 ± 0a,,0,mean,%,standard_error,0,,"constant 23 °C; 12 h diurnal white light, 80 μmol m-2 s-1; 4 weeks; germination = radicle emergence",Table 3,"+GA3 and -GA3 trial data combined (Results p.800), so n is presumably 6 plates of 25 seeds; not stated."
Acacia drummondii subsp. candolleana,population,,southwestern Western Australia,understorey shrub,,,1994,boiled 60 s,,,,,seed_germination_treatment,"Boiled (60 s); ""Species previously known to require a heat-shock treatment to overcome dormancy due to an impervious testa were pre-treated""",boiling_water,imbibe_hot,mode,,,,,,Table 1; Methods p.798,"Seeds placed in boiling water for the duration found by Alcoa of Australia Ltd. to give the highest germination; this is prior Alcoa knowledge, not tested against untreated controls in this study. Boiling-water immersion mapped to imbibe_hot, as in other datasets."
Acacia drummondii subsp. candolleana,population,,southwestern Western Australia,understorey shrub,,,1994,boiled 60 s,,,,,seed_viability,98.7 ± 1.3,,98.7,mean,%,standard_error,1.3,3,tetrazolium chloride (1% w/v) staining after nicking seed coat; 3 replicates of 25 seeds,Table 1,
Acacia drummondii subsp. candolleana,species,,southwestern Western Australia,understorey shrub,,,,,,,,,seedbank_location,soil-stored seed (S),soil_stored_seed,soil_seedbank,mode,,,,,,Table 1,
Acacia extensa,species,,southwestern Western Australia,understorey shrub,,,,,,,,,life_form,"Megachamaephyte (CH-mg, 20-100 cm, low shrubs)",megachamaephyte,chamaephyte,mode,,,,,,Table 1,"Megachamaephyte (to 100 cm) mapped to chamaephyte, although Raunkiaer chamaephytes are defined as < 50 cm."
Acacia extensa,species,,southwestern Western Australia,understorey shrub,,,,,,,,,plant_growth_form,"Megachamaephyte (CH-mg, 20-100 cm, low shrubs)",low_shrub,shrub,mode,,,,,,Table 1 (life-history legend),"Inferred from the life-history class legend (""low shrubs"" / ""small shrubs"")."
Acacia extensa,species,,southwestern Western Australia,understorey shrub,,,,,,,,,resprouting_capacity,obligate seeder (OS),obligate_seeder,fire_killed,mode,,,,,,Table 1,
Acacia extensa,species,,southwestern Western Australia,understorey shrub,,,,,,,,,seed_dormancy_class,Species previously known to require a heat-shock treatment to overcome dormancy due to an impervious testa were pre-treated,impervious_testa,physical_dormancy,mode,,,,,,Abstract; Methods p.798; Table 1,Inferred from the authors pre-treating the species because of a known impervious (hard) testa.
Acacia extensa,population,,southwestern Western Australia,understorey shrub,,,1994,boiled 30 s,,,,,seed_dry_mass,12.93 ± 0.27,,12.93,mean,mg,standard_error,0.27,3,mass per seed from three lots of 50 or 100 seeds; seeds stored at room temperature (drying method not stated),Table 1,
Acacia extensa,population,,southwestern Western Australia,understorey shrub,,,1994,boiled 30 s,,,,,seed_germination,65.3 ± 3.5,,65.3,maximum,%,standard_error,3.5,3,"highest mean germination of any of the 8 combinations of incubation temperature (15 or 23 °C), light (12 h light or constant dark) and GA3 (0 or 50 mg/l); 4 weeks incubation; germination = radicle emergence; 3 replicate plates of 25 seeds",Table 1,"Value is the highest treatment mean (""highest percentage germinability ... from trials""), so value_type maximum (of treatment means); could alternatively be mean -- curator to decide."
Acacia extensa,population,,southwestern Western Australia,understorey shrub,,,1994,boiled 30 s,15,dark,pooled (with and without GA3),c,seed_germination,52 ± 9c,,52,mean,%,standard_error,9,,constant 15 °C; constant dark; 4 weeks; germination = radicle emergence,Table 3,"+GA3 and -GA3 trial data combined (Results p.800), so n is presumably 6 plates of 25 seeds; not stated."
Acacia extensa,population,,southwestern Western Australia,understorey shrub,,,1994,boiled 30 s,15,light,pooled (with and without GA3),a,seed_germination,19 ± 7a,,19,mean,%,standard_error,7,,"constant 15 °C; 12 h diurnal white light, 80 μmol m-2 s-1; 4 weeks; germination = radicle emergence",Table 3,"+GA3 and -GA3 trial data combined (Results p.800), so n is presumably 6 plates of 25 seeds; not stated."
Acacia extensa,population,,southwestern Western Australia,understorey shrub,,,1994,boiled 30 s,23,dark,pooled (with and without GA3),b,seed_germination,37 ± 13b,,37,mean,%,standard_error,13,,constant 23 °C; constant dark; 4 weeks; germination = radicle emergence,Table 3,"+GA3 and -GA3 trial data combined (Results p.800), so n is presumably 6 plates of 25 seeds; not stated."
Acacia extensa,population,,southwestern Western Australia,understorey shrub,,,1994,boiled 30 s,23,light,pooled (with and without GA3),a,seed_germination,8 ± 3a,,8,mean,%,standard_error,3,,"constant 23 °C; 12 h diurnal white light, 80 μmol m-2 s-1; 4 weeks; germination = radicle emergence",Table 3,"+GA3 and -GA3 trial data combined (Results p.800), so n is presumably 6 plates of 25 seeds; not stated."
Acacia extensa,population,,southwestern Western Australia,understorey shrub,,,1994,boiled 30 s,,,,,seed_germination_treatment,"Boiled (30 s); ""Species previously known to require a heat-shock treatment to overcome dormancy due to an impervious testa were pre-treated""",boiling_water,imbibe_hot,mode,,,,,,Table 1; Methods p.798,"Seeds placed in boiling water for the duration found by Alcoa of Australia Ltd. to give the highest germination; this is prior Alcoa knowledge, not tested against untreated controls in this study. Boiling-water immersion mapped to imbibe_hot, as in other datasets."
Acacia extensa,population,,southwestern Western Australia,understorey shrub,,,1994,boiled 30 s,,,,,seed_viability,92.0 ± 4.6,,92.0,mean,%,standard_error,4.6,3,tetrazolium chloride (1% w/v) staining after nicking seed coat; 3 replicates of 25 seeds,Table 1,
Acacia extensa,species,,southwestern Western Australia,understorey shrub,,,,,,,,,seedbank_location,soil-stored seed (S),soil_stored_seed,soil_seedbank,mode,,,,,,Table 1,
Acacia lasiocarpa,species,,southwestern Western Australia,understorey shrub,,,,,,,,,germination_cues,"Reduced germination percentages when exposed to light were especially apparent in the small-seeded species (≤ 10 mg; Trymalium floribundum, the Gompholobium species, Sphaerolobium vimineum, Chorizema ilicifolium, the Bossiaea and Acacia species).",darkness,burial,mode,,,,,,Results p.800,"Germination greater at 15 °C than 23 °C maps to temperature_cool and greater in darkness to burial; the authors relate these to the cool, wet winter and to buried seeds."
Acacia lasiocarpa,species,,southwestern Western Australia,understorey shrub,,,,,,,,,life_form,"Megachamaephyte (CH-mg, 20-100 cm, low shrubs)",megachamaephyte,chamaephyte,mode,,,,,,Table 1,"Megachamaephyte (to 100 cm) mapped to chamaephyte, although Raunkiaer chamaephytes are defined as < 50 cm."
Acacia lasiocarpa,species,,southwestern Western Australia,understorey shrub,,,,,,,,,plant_growth_form,"Megachamaephyte (CH-mg, 20-100 cm, low shrubs)",low_shrub,shrub,mode,,,,,,Table 1 (life-history legend),"Inferred from the life-history class legend (""low shrubs"" / ""small shrubs"")."
Acacia lasiocarpa,species,,southwestern Western Australia,understorey shrub,,,,,,,,,resprouting_capacity,obligate seeder (OS),obligate_seeder,fire_killed,mode,,,,,,Table 1,
Acacia lasiocarpa,species,,southwestern Western Australia,understorey shrub,,,,,,,,,seed_dormancy_class,Species previously known to require a heat-shock treatment to overcome dormancy due to an impervious testa were pre-treated,impervious_testa,physical_dormancy,mode,,,,,,Abstract; Methods p.798; Table 1,Inferred from the authors pre-treating the species because of a known impervious (hard) testa.
Acacia lasiocarpa,population,,southwestern Western Australia,understorey shrub,,,1988,boiled 60 s,,,,,seed_dry_mass,5.02 ± 0.02,,5.02,mean,mg,standard_error,0.02,3,mass per seed from three lots of 50 or 100 seeds; seeds stored at room temperature (drying method not stated),Table 1,
Acacia lasiocarpa,population,,southwestern Western Australia,understorey shrub,,,1988,boiled 60 s,,,,,seed_germination,20.0 ± 11.5,,20.0,maximum,%,standard_error,11.5,3,"highest mean germination of any of the 8 combinations of incubation temperature (15 or 23 °C), light (12 h light or constant dark) and GA3 (0 or 50 mg/l); 4 weeks incubation; germination = radicle emergence; 3 replicate plates of 25 seeds",Table 1,"Value is the highest treatment mean (""highest percentage germinability ... from trials""), so value_type maximum (of treatment means); could alternatively be mean -- curator to decide."
Acacia lasiocarpa,population,,southwestern Western Australia,understorey shrub,,,1988,boiled 60 s,15,dark,pooled (with and without GA3),b,seed_germination,15 ± 6b,,15,mean,%,standard_error,6,,constant 15 °C; constant dark; 4 weeks; germination = radicle emergence,Table 3,"+GA3 and -GA3 trial data combined (Results p.800), so n is presumably 6 plates of 25 seeds; not stated."
Acacia lasiocarpa,population,,southwestern Western Australia,understorey shrub,,,1988,boiled 60 s,15,light,pooled (with and without GA3),a,seed_germination,1 ± 1a,,1,mean,%,standard_error,1,,"constant 15 °C; 12 h diurnal white light, 80 μmol m-2 s-1; 4 weeks; germination = radicle emergence",Table 3,"+GA3 and -GA3 trial data combined (Results p.800), so n is presumably 6 plates of 25 seeds; not stated."
Acacia lasiocarpa,population,,southwestern Western Australia,understorey shrub,,,1988,boiled 60 s,23,dark,pooled (with and without GA3),a,seed_germination,3 ± 3a,,3,mean,%,standard_error,3,,constant 23 °C; constant dark; 4 weeks; germination = radicle emergence,Table 3,"+GA3 and -GA3 trial data combined (Results p.800), so n is presumably 6 plates of 25 seeds; not stated."
Acacia lasiocarpa,population,,southwestern Western Australia,understorey shrub,,,1988,boiled 60 s,23,light,pooled (with and without GA3),a,seed_germination,0 ± 0a,,0,mean,%,standard_error,0,,"constant 23 °C; 12 h diurnal white light, 80 μmol m-2 s-1; 4 weeks; germination = radicle emergence",Table 3,"+GA3 and -GA3 trial data combined (Results p.800), so n is presumably 6 plates of 25 seeds; not stated."
Acacia lasiocarpa,population,,southwestern Western Australia,understorey shrub,,,1988,boiled 60 s,,,,,seed_germination_treatment,"Boiled (60 s); ""Species previously known to require a heat-shock treatment to overcome dormancy due to an impervious testa were pre-treated""",boiling_water,imbibe_hot,mode,,,,,,Table 1; Methods p.798,"Seeds placed in boiling water for the duration found by Alcoa of Australia Ltd. to give the highest germination; this is prior Alcoa knowledge, not tested against untreated controls in this study. Boiling-water immersion mapped to imbibe_hot, as in other datasets."
Acacia lasiocarpa,population,,southwestern Western Australia,understorey shrub,,,1988,boiled 60 s,,,,,seed_viability,76.0 ± 4.0,,76.0,mean,%,standard_error,4.0,3,tetrazolium chloride (1% w/v) staining after nicking seed coat; 3 replicates of 25 seeds,Table 1,
Acacia lasiocarpa,species,,southwestern Western Australia,understorey shrub,,,,,,,,,seedbank_location,soil-stored seed (S),soil_stored_seed,soil_seedbank,mode,,,,,,Table 1,
Acacia lateriticola,species,,southwestern Western Australia,understorey shrub,,,,,,,,,germination_cues,"Reduced germination percentages when exposed to light were especially apparent in the small-seeded species (≤ 10 mg; Trymalium floribundum, the Gompholobium species, Sphaerolobium vimineum, Chorizema ilicifolium, the Bossiaea and Acacia species).",darkness,burial,mode,,,,,,Results p.800,"Germination greater at 15 °C than 23 °C maps to temperature_cool and greater in darkness to burial; the authors relate these to the cool, wet winter and to buried seeds."
Acacia lateriticola,species,,southwestern Western Australia,understorey shrub,,,,,,,,,life_form,"Megachamaephyte (CH-mg, 20-100 cm, low shrubs)",megachamaephyte,chamaephyte,mode,,,,,,Table 1,"Megachamaephyte (to 100 cm) mapped to chamaephyte, although Raunkiaer chamaephytes are defined as < 50 cm."
Acacia lateriticola,species,,southwestern Western Australia,understorey shrub,,,,,,,,,plant_growth_form,"Megachamaephyte (CH-mg, 20-100 cm, low shrubs)",low_shrub,shrub,mode,,,,,,Table 1 (life-history legend),"Inferred from the life-history class legend (""low shrubs"" / ""small shrubs"")."
Acacia lateriticola,species,,southwestern Western Australia,understorey shrub,,,,,,,,,resprouting_capacity,obligate seeder (OS),obligate_seeder,fire_killed,mode,,,,,,Table 1,
Acacia lateriticola,species,,southwestern Western Australia,understorey shrub,,,,,,,,,seed_dormancy_class,Species previously known to require a heat-shock treatment to overcome dormancy due to an impervious testa were pre-treated,impervious_testa,physical_dormancy,mode,,,,,,Abstract; Methods p.798; Table 1,Inferred from the authors pre-treating the species because of a known impervious (hard) testa.
Acacia lateriticola,population,,southwestern Western Australia,understorey shrub,,,1988,boiled 60 s,,,,,seed_dry_mass,5.80 ± 0.12,,5.80,mean,mg,standard_error,0.12,3,mass per seed from three lots of 50 or 100 seeds; seeds stored at room temperature (drying method not stated),Table 1,
Acacia lateriticola,population,,southwestern Western Australia,understorey shrub,,,1988,boiled 60 s,,,,,seed_germination,37.3 ± 5.8,,37.3,maximum,%,standard_error,5.8,3,"highest mean germination of any of the 8 combinations of incubation temperature (15 or 23 °C), light (12 h light or constant dark) and GA3 (0 or 50 mg/l); 4 weeks incubation; germination = radicle emergence; 3 replicate plates of 25 seeds",Table 1,"Value is the highest treatment mean (""highest percentage germinability ... from trials""), so value_type maximum (of treatment means); could alternatively be mean -- curator to decide."
Acacia lateriticola,population,,southwestern Western Australia,understorey shrub,,,1988,boiled 60 s,15,dark,pooled (with and without GA3),b,seed_germination,35 ± 4b,,35,mean,%,standard_error,4,,constant 15 °C; constant dark; 4 weeks; germination = radicle emergence,Table 3,"+GA3 and -GA3 trial data combined (Results p.800), so n is presumably 6 plates of 25 seeds; not stated."
Acacia lateriticola,population,,southwestern Western Australia,understorey shrub,,,1988,boiled 60 s,15,light,pooled (with and without GA3),a,seed_germination,0 ± 0a,,0,mean,%,standard_error,0,,"constant 15 °C; 12 h diurnal white light, 80 μmol m-2 s-1; 4 weeks; germination = radicle emergence",Table 3,"+GA3 and -GA3 trial data combined (Results p.800), so n is presumably 6 plates of 25 seeds; not stated."
Acacia lateriticola,population,,southwestern Western Australia,understorey shrub,,,1988,boiled 60 s,23,dark,pooled (with and without GA3),a,seed_germination,4 ± 2a,,4,mean,%,standard_error,2,,constant 23 °C; constant dark; 4 weeks; germination = radicle emergence,Table 3,"+GA3 and -GA3 trial data combined (Results p.800), so n is presumably 6 plates of 25 seeds; not stated."
Acacia lateriticola,population,,southwestern Western Australia,understorey shrub,,,1988,boiled 60 s,23,light,pooled (with and without GA3),a,seed_germination,0 ± 0a,,0,mean,%,standard_error,0,,"constant 23 °C; 12 h diurnal white light, 80 μmol m-2 s-1; 4 weeks; germination = radicle emergence",Table 3,"+GA3 and -GA3 trial data combined (Results p.800), so n is presumably 6 plates of 25 seeds; not stated."
Acacia lateriticola,population,,southwestern Western Australia,understorey shrub,,,1988,boiled 60 s,,,,,seed_germination_treatment,"Boiled (60 s); ""Species previously known to require a heat-shock treatment to overcome dormancy due to an impervious testa were pre-treated""",boiling_water,imbibe_hot,mode,,,,,,Table 1; Methods p.798,"Seeds placed in boiling water for the duration found by Alcoa of Australia Ltd. to give the highest germination; this is prior Alcoa knowledge, not tested against untreated controls in this study. Boiling-water immersion mapped to imbibe_hot, as in other datasets."
Acacia lateriticola,population,,southwestern Western Australia,understorey shrub,,,1988,boiled 60 s,,,,,seed_viability,98.7 ± 1.3,,98.7,mean,%,standard_error,1.3,3,tetrazolium chloride (1% w/v) staining after nicking seed coat; 3 replicates of 25 seeds,Table 1,
Acacia lateriticola,species,,southwestern Western Australia,understorey shrub,,,,,,,,,seedbank_location,soil-stored seed (S),soil_stored_seed,soil_seedbank,mode,,,,,,Table 1,
Acacia pulchella var. glaberrima,species,,southwestern Western Australia,understorey shrub,,,,,,,,,germination_cues,"Reduced germination percentages when exposed to light were especially apparent in the small-seeded species (≤ 10 mg; Trymalium floribundum, the Gompholobium species, Sphaerolobium vimineum, Chorizema ilicifolium, the Bossiaea and Acacia species).",darkness,burial,mode,,,,,,Results p.800,"Germination greater at 15 °C than 23 °C maps to temperature_cool and greater in darkness to burial; the authors relate these to the cool, wet winter and to buried seeds."
Acacia pulchella var. glaberrima,species,,southwestern Western Australia,understorey shrub,,,,,,,,,life_form,"Megachamaephyte (CH-mg, 20-100 cm, low shrubs)",megachamaephyte,chamaephyte,mode,,,,,,Table 1,"Megachamaephyte (to 100 cm) mapped to chamaephyte, although Raunkiaer chamaephytes are defined as < 50 cm."
Acacia pulchella var. glaberrima,species,,southwestern Western Australia,understorey shrub,,,,,,,,,plant_growth_form,"Megachamaephyte (CH-mg, 20-100 cm, low shrubs)",low_shrub,shrub,mode,,,,,,Table 1 (life-history legend),"Inferred from the life-history class legend (""low shrubs"" / ""small shrubs"")."
Acacia pulchella var. glaberrima,species,,southwestern Western Australia,understorey shrub,,,,,,,,,resprouting_capacity,obligate seeder (OS),obligate_seeder,fire_killed,mode,,,,,,Table 1,
Acacia pulchella var. glaberrima,species,,southwestern Western Australia,understorey shrub,,,,,,,,,seed_dormancy_class,Species previously known to require a heat-shock treatment to overcome dormancy due to an impervious testa were pre-treated,impervious_testa,physical_dormancy,mode,,,,,,Abstract; Methods p.798; Table 1,Inferred from the authors pre-treating the species because of a known impervious (hard) testa.
Acacia pulchella var. glaberrima,population,,southwestern Western Australia,understorey shrub,,a,1994,boiled 60 s,,,,,seed_dry_mass,8.73 ± 0.09,,8.73,mean,mg,standard_error,0.09,3,mass per seed from three lots of 50 or 100 seeds; seeds stored at room temperature (drying method not stated),Table 1,
Acacia pulchella var. glaberrima,population,,southwestern Western Australia,understorey shrub,,b,1994,boiled 60 s,,,,,seed_dry_mass,8.47 ± 0.07,,8.47,mean,mg,standard_error,0.07,3,mass per seed from three lots of 50 or 100 seeds; seeds stored at room temperature (drying method not stated),Table 1,
Acacia pulchella var. glaberrima,population,,southwestern Western Australia,understorey shrub,,a,1994,boiled 60 s,,,,,seed_germination,81.7 ± 6.7,,81.7,maximum,%,standard_error,6.7,3,"highest mean germination of any of the 8 combinations of incubation temperature (15 or 23 °C), light (12 h light or constant dark) and GA3 (0 or 50 mg/l); 4 weeks incubation; germination = radicle emergence; 3 replicate plates of 25 seeds",Table 1,"Value is the highest treatment mean (""highest percentage germinability ... from trials""), so value_type maximum (of treatment means); could alternatively be mean -- curator to decide."
Acacia pulchella var. glaberrima,population,,southwestern Western Australia,understorey shrub,,a,1994,boiled 60 s,15,dark,pooled (with and without GA3),bc,seed_germination,61 ± 4bc,,61,mean,%,standard_error,4,,constant 15 °C; constant dark; 4 weeks; germination = radicle emergence,Table 3,"+GA3 and -GA3 trial data combined (Results p.800), so n is presumably 6 plates of 25 seeds; not stated."
Acacia pulchella var. glaberrima,population,,southwestern Western Australia,understorey shrub,,a,1994,boiled 60 s,15,light,pooled (with and without GA3),c,seed_germination,76 ± 6c,,76,mean,%,standard_error,6,,"constant 15 °C; 12 h diurnal white light, 80 μmol m-2 s-1; 4 weeks; germination = radicle emergence",Table 3,"+GA3 and -GA3 trial data combined (Results p.800), so n is presumably 6 plates of 25 seeds; not stated."
Acacia pulchella var. glaberrima,population,,southwestern Western Australia,understorey shrub,,a,1994,boiled 60 s,23,dark,pooled (with and without GA3),b,seed_germination,50 ± 8b,,50,mean,%,standard_error,8,,constant 23 °C; constant dark; 4 weeks; germination = radicle emergence,Table 3,"+GA3 and -GA3 trial data combined (Results p.800), so n is presumably 6 plates of 25 seeds; not stated."
Acacia pulchella var. glaberrima,population,,southwestern Western Australia,understorey shrub,,a,1994,boiled 60 s,23,light,pooled (with and without GA3),a,seed_germination,22 ± 7a,,22,mean,%,standard_error,7,,"constant 23 °C; 12 h diurnal white light, 80 μmol m-2 s-1; 4 weeks; germination = radicle emergence",Table 3,"+GA3 and -GA3 trial data combined (Results p.800), so n is presumably 6 plates of 25 seeds; not stated."
Acacia pulchella var. glaberrima,population,,southwestern Western Australia,understorey shrub,,b,1994,boiled 60 s,,,,,seed_germination,73.3 ± 5.3,,73.3,maximum,%,standard_error,5.3,3,"highest mean germination of any of the 8 combinations of incubation temperature (15 or 23 °C), light (12 h light or constant dark) and GA3 (0 or 50 mg/l); 4 weeks incubation; germination = radicle emergence; 3 replicate plates of 25 seeds",Table 1,"Value is the highest treatment mean (""highest percentage germinability ... from trials""), so value_type maximum (of treatment means); could alternatively be mean -- curator to decide."
Acacia pulchella var. glaberrima,population,,southwestern Western Australia,understorey shrub,,b,1994,boiled 60 s,15,dark,pooled (with and without GA3),c,seed_germination,73 ± 3c,,73,mean,%,standard_error,3,,constant 15 °C; constant dark; 4 weeks; germination = radicle emergence,Table 3,"+GA3 and -GA3 trial data combined (Results p.800), so n is presumably 6 plates of 25 seeds; not stated."
Acacia pulchella var. glaberrima,population,,southwestern Western Australia,understorey shrub,,b,1994,boiled 60 s,15,light,pooled (with and without GA3),a,seed_germination,6 ± 3a,,6,mean,%,standard_error,3,,"constant 15 °C; 12 h diurnal white light, 80 μmol m-2 s-1; 4 weeks; germination = radicle emergence",Table 3,"+GA3 and -GA3 trial data combined (Results p.800), so n is presumably 6 plates of 25 seeds; not stated."
Acacia pulchella var. glaberrima,population,,southwestern Western Australia,understorey shrub,,b,1994,boiled 60 s,23,dark,pooled (with and without GA3),b,seed_germination,60 ± 6b,,60,mean,%,standard_error,6,,constant 23 °C; constant dark; 4 weeks; germination = radicle emergence,Table 3,"+GA3 and -GA3 trial data combined (Results p.800), so n is presumably 6 plates of 25 seeds; not stated."
Acacia pulchella var. glaberrima,population,,southwestern Western Australia,understorey shrub,,b,1994,boiled 60 s,23,light,pooled (with and without GA3),a,seed_germination,1 ± 1a,,1,mean,%,standard_error,1,,"constant 23 °C; 12 h diurnal white light, 80 μmol m-2 s-1; 4 weeks; germination = radicle emergence",Table 3,"+GA3 and -GA3 trial data combined (Results p.800), so n is presumably 6 plates of 25 seeds; not stated."
Acacia pulchella var. glaberrima,population,,southwestern Western Australia,understorey shrub,,a,1994,boiled 60 s,,,,,seed_germination_treatment,"Boiled (60 s); ""Species previously known to require a heat-shock treatment to overcome dormancy due to an impervious testa were pre-treated""",boiling_water,imbibe_hot,mode,,,,,,Table 1; Methods p.798,"Seeds placed in boiling water for the duration found by Alcoa of Australia Ltd. to give the highest germination; this is prior Alcoa knowledge, not tested against untreated controls in this study. Boiling-water immersion mapped to imbibe_hot, as in other datasets."
Acacia pulchella var. glaberrima,population,,southwestern Western Australia,understorey shrub,,b,1994,boiled 60 s,,,,,seed_germination_treatment,"Boiled (60 s); ""Species previously known to require a heat-shock treatment to overcome dormancy due to an impervious testa were pre-treated""",boiling_water,imbibe_hot,mode,,,,,,Table 1; Methods p.798,"Seeds placed in boiling water for the duration found by Alcoa of Australia Ltd. to give the highest germination; this is prior Alcoa knowledge, not tested against untreated controls in this study. Boiling-water immersion mapped to imbibe_hot, as in other datasets."
Acacia pulchella var. glaberrima,population,,southwestern Western Australia,understorey shrub,,a,1994,boiled 60 s,,,,,seed_viability,50.7 ± 7.1,,50.7,mean,%,standard_error,7.1,3,tetrazolium chloride (1% w/v) staining after nicking seed coat; 3 replicates of 25 seeds,Table 1,Germinability exceeds tetrazolium viability; authors flag this result as clearly questionable (Results p.803).
Acacia pulchella var. glaberrima,population,,southwestern Western Australia,understorey shrub,,b,1994,boiled 60 s,,,,,seed_viability,90.0 ± 6.0,,90.0,mean,%,standard_error,6.0,3,tetrazolium chloride (1% w/v) staining after nicking seed coat; 3 replicates of 25 seeds,Table 1,
Acacia pulchella var. glaberrima,species,,southwestern Western Australia,understorey shrub,,,,,,,,,seedbank_location,soil-stored seed (S),soil_stored_seed,soil_seedbank,mode,,,,,,Table 1,
Agonis flexuosa,species,,southwestern Western Australia,understorey tree,,,,,,,,,germination_cues,"Agonis flexuosa and Allocasuarina fraseriana, both secondary canopy species, showed only limited numbers of seeds germinating in the trials, but light exposure was especially inhibitory to the germination response.",darkness,burial,mode,,,,,,Results p.800,"Germination greater at 15 °C than 23 °C maps to temperature_cool and greater in darkness to burial; the authors relate these to the cool, wet winter and to buried seeds."
Agonis flexuosa,species,,southwestern Western Australia,understorey tree,,,,,,,,,life_form,"Phanerophyte (P, taller shrubs, > 1 m and trees)",phanerophyte,phanerophyte,mode,,,,,,Table 1,Source defines P as taller shrubs (> 1 m) and trees.
Agonis flexuosa,species,,southwestern Western Australia,understorey tree,,,,,,,,,plant_growth_form,Understorey trees (Table 3 heading); secondary canopy species,understorey_tree,tree,mode,,,,,,Table 3; Results p.800,
Agonis flexuosa,species,,southwestern Western Australia,understorey tree,,,,,,,,,resprouting_capacity,resprouter (R),resprouter,resprouts,mode,,,,,,Table 1,
Agonis flexuosa,population,,southwestern Western Australia,understorey tree,,,1990,none,,,,,seed_dry_mass,0.04 ± 0.00,,0.04,mean,mg,standard_error,0.00,3,mass per seed from three lots of 50 or 100 seeds; seeds stored at room temperature (drying method not stated),Table 1,
Agonis flexuosa,population,,southwestern Western Australia,understorey tree,,,1990,none,,,,,seed_germination,10.7 ± 4.2,,10.7,maximum,%,standard_error,4.2,3,"highest mean germination of any of the 8 combinations of incubation temperature (15 or 23 °C), light (12 h light or constant dark) and GA3 (0 or 50 mg/l); 4 weeks incubation; germination = radicle emergence; 3 replicate plates of 25 seeds",Table 1,"Value is the highest treatment mean (""highest percentage germinability ... from trials""), so value_type maximum (of treatment means); could alternatively be mean -- curator to decide."
Agonis flexuosa,population,,southwestern Western Australia,understorey tree,,,1990,none,15,dark,pooled (with and without GA3),b,seed_germination,7 ± 3b,,7,mean,%,standard_error,3,,constant 15 °C; constant dark; 4 weeks; germination = radicle emergence,Table 3,"+GA3 and -GA3 trial data combined (Results p.800), so n is presumably 6 plates of 25 seeds; not stated."
Agonis flexuosa,population,,southwestern Western Australia,understorey tree,,,1990,none,15,light,pooled (with and without GA3),a,seed_germination,0 ± 0a,,0,mean,%,standard_error,0,,"constant 15 °C; 12 h diurnal white light, 80 μmol m-2 s-1; 4 weeks; germination = radicle emergence",Table 3,"+GA3 and -GA3 trial data combined (Results p.800), so n is presumably 6 plates of 25 seeds; not stated."
Agonis flexuosa,population,,southwestern Western Australia,understorey tree,,,1990,none,23,dark,pooled (with and without GA3),a,seed_germination,2 ± 1a,,2,mean,%,standard_error,1,,constant 23 °C; constant dark; 4 weeks; germination = radicle emergence,Table 3,"+GA3 and -GA3 trial data combined (Results p.800), so n is presumably 6 plates of 25 seeds; not stated."
Agonis flexuosa,population,,southwestern Western Australia,understorey tree,,,1990,none,23,light,pooled (with and without GA3),a,seed_germination,0 ± 0a,,0,mean,%,standard_error,0,,"constant 23 °C; 12 h diurnal white light, 80 μmol m-2 s-1; 4 weeks; germination = radicle emergence",Table 3,"+GA3 and -GA3 trial data combined (Results p.800), so n is presumably 6 plates of 25 seeds; not stated."
Agonis flexuosa,population,,southwestern Western Australia,understorey tree,,,1990,none,,,,,seed_viability,92.0 ± 2.9,,92.0,mean,%,standard_error,2.9,3,tetrazolium chloride (1% w/v) staining after nicking seed coat; 3 replicates of 25 seeds,Table 1,
Agonis flexuosa,species,,southwestern Western Australia,understorey tree,,,,,,,,,seedbank_location,canopy-borne seed (C),canopy_borne_seed,canopy_seedbank,mode,,,,,,Table 1,
Allocasuarina campestris,species,,southwestern Western Australia,understorey shrub,,,,,,,,,life_form,"Phanerophyte (P, taller shrubs, > 1 m and trees)",phanerophyte,phanerophyte,mode,,,,,,Table 1,Source defines P as taller shrubs (> 1 m) and trees.
Allocasuarina campestris,species,,southwestern Western Australia,understorey shrub,,,,,,,,,plant_growth_form,two large understorey shrubs,large_understorey_shrub,shrub,mode,,,,,,Results p.800,
Allocasuarina campestris,species,,southwestern Western Australia,understorey shrub,,,,,,,,,resprouting_capacity,resprouter (R),resprouter,resprouts,mode,,,,,,Table 1,
Allocasuarina campestris,population,,southwestern Western Australia,understorey shrub,,,1989,none,,,,,seed_dry_mass,1.24 ± 0.10,,1.24,mean,mg,standard_error,0.10,3,mass per seed from three lots of 50 or 100 seeds; seeds stored at room temperature (drying method not stated),Table 1,
Allocasuarina campestris,population,,southwestern Western Australia,understorey shrub,,,1989,none,,,,,seed_germination,53.3 ± 8.1,,53.3,maximum,%,standard_error,8.1,3,"highest mean germination of any of the 8 combinations of incubation temperature (15 or 23 °C), light (12 h light or constant dark) and GA3 (0 or 50 mg/l); 4 weeks incubation; germination = radicle emergence; 3 replicate plates of 25 seeds",Table 1,"Value is the highest treatment mean (""highest percentage germinability ... from trials""), so value_type maximum (of treatment means); could alternatively be mean -- curator to decide."
Allocasuarina campestris,population,,southwestern Western Australia,understorey shrub,,,1989,none,15,dark,pooled (with and without GA3),a,seed_germination,47 ± 4a,,47,mean,%,standard_error,4,,constant 15 °C; constant dark; 4 weeks; germination = radicle emergence,Table 3,"+GA3 and -GA3 trial data combined (Results p.800), so n is presumably 6 plates of 25 seeds; not stated."
Allocasuarina campestris,population,,southwestern Western Australia,understorey shrub,,,1989,none,15,light,pooled (with and without GA3),a,seed_germination,42 ± 7a,,42,mean,%,standard_error,7,,"constant 15 °C; 12 h diurnal white light, 80 μmol m-2 s-1; 4 weeks; germination = radicle emergence",Table 3,"+GA3 and -GA3 trial data combined (Results p.800), so n is presumably 6 plates of 25 seeds; not stated."
Allocasuarina campestris,population,,southwestern Western Australia,understorey shrub,,,1989,none,23,dark,pooled (with and without GA3),a,seed_germination,40 ± 6a,,40,mean,%,standard_error,6,,constant 23 °C; constant dark; 4 weeks; germination = radicle emergence,Table 3,"+GA3 and -GA3 trial data combined (Results p.800), so n is presumably 6 plates of 25 seeds; not stated."
Allocasuarina campestris,population,,southwestern Western Australia,understorey shrub,,,1989,none,23,light,pooled (with and without GA3),a,seed_germination,40 ± 6a,,40,mean,%,standard_error,6,,"constant 23 °C; 12 h diurnal white light, 80 μmol m-2 s-1; 4 weeks; germination = radicle emergence",Table 3,"+GA3 and -GA3 trial data combined (Results p.800), so n is presumably 6 plates of 25 seeds; not stated."
Allocasuarina campestris,species,,southwestern Western Australia,understorey shrub,,,,,,,,,seed_germination_treatment,GA3 also overcame the inhibition resulting from exposure to light in some understorey species (e.g. Allocasuarina campestris ...); responded positively to applied GA3,gibberellic_acid,chemical_treatment,mode,,,,,,Abstract; Results p.800; Fig. 1,"Gibberellic acid (GA3, 50 mg/l) application; mapped to chemical_treatment."
Allocasuarina campestris,population,,southwestern Western Australia,understorey shrub,,,1989,none,,,,,seed_viability,52.0 ± 15.2,,52.0,mean,%,standard_error,15.2,3,tetrazolium chloride (1% w/v) staining after nicking seed coat; 3 replicates of 25 seeds,Table 1,Germinability (53.3%) slightly exceeds viability; not flagged by authors.
Allocasuarina campestris,species,,southwestern Western Australia,understorey shrub,,,,,,,,,seedbank_location,canopy-borne seed (C),canopy_borne_seed,canopy_seedbank,mode,,,,,,Table 1,
Allocasuarina fraseriana,species,,southwestern Western Australia,understorey tree,,,,,,,,,germination_cues,"Agonis flexuosa and Allocasuarina fraseriana, both secondary canopy species, showed only limited numbers of seeds germinating in the trials, but light exposure was especially inhibitory to the germination response.",darkness,burial,mode,,,,,,Results p.800,"Germination greater at 15 °C than 23 °C maps to temperature_cool and greater in darkness to burial; the authors relate these to the cool, wet winter and to buried seeds."
Allocasuarina fraseriana,species,,southwestern Western Australia,understorey tree,,,,,,,,,life_form,"Phanerophyte (P, taller shrubs, > 1 m and trees)",phanerophyte,phanerophyte,mode,,,,,,Table 1,Source defines P as taller shrubs (> 1 m) and trees.
Allocasuarina fraseriana,species,,southwestern Western Australia,understorey tree,,,,,,,,,plant_growth_form,Understorey trees (Table 3 heading); secondary canopy species,understorey_tree,tree,mode,,,,,,Table 3; Results p.800,
Allocasuarina fraseriana,species,,southwestern Western Australia,understorey tree,,,,,,,,,resprouting_capacity,resprouter (R),resprouter,resprouts,mode,,,,,,Table 1,
Allocasuarina fraseriana,population,,southwestern Western Australia,understorey tree,,,1993,none,,,,,seed_dry_mass,3.07 ± 0.35,,3.07,mean,mg,standard_error,0.35,3,mass per seed from three lots of 50 or 100 seeds; seeds stored at room temperature (drying method not stated),Table 1,
Allocasuarina fraseriana,population,,southwestern Western Australia,understorey tree,,,1993,none,,,,,seed_germination,16.0 ± 2.3,,16.0,maximum,%,standard_error,2.3,3,"highest mean germination of any of the 8 combinations of incubation temperature (15 or 23 °C), light (12 h light or constant dark) and GA3 (0 or 50 mg/l); 4 weeks incubation; germination = radicle emergence; 3 replicate plates of 25 seeds",Table 1,"Value is the highest treatment mean (""highest percentage germinability ... from trials""), so value_type maximum (of treatment means); could alternatively be mean -- curator to decide."
Allocasuarina fraseriana,population,,southwestern Western Australia,understorey tree,,,1993,none,15,dark,pooled (with and without GA3),b,seed_germination,13 ± 2b,,13,mean,%,standard_error,2,,constant 15 °C; constant dark; 4 weeks; germination = radicle emergence,Table 3,"+GA3 and -GA3 trial data combined (Results p.800), so n is presumably 6 plates of 25 seeds; not stated."
Allocasuarina fraseriana,population,,southwestern Western Australia,understorey tree,,,1993,none,15,light,pooled (with and without GA3),a,seed_germination,3 ± 1a,,3,mean,%,standard_error,1,,"constant 15 °C; 12 h diurnal white light, 80 μmol m-2 s-1; 4 weeks; germination = radicle emergence",Table 3,"+GA3 and -GA3 trial data combined (Results p.800), so n is presumably 6 plates of 25 seeds; not stated."
Allocasuarina fraseriana,population,,southwestern Western Australia,understorey tree,,,1993,none,23,dark,pooled (with and without GA3),b,seed_germination,13 ± 5b,,13,mean,%,standard_error,5,,constant 23 °C; constant dark; 4 weeks; germination = radicle emergence,Table 3,"+GA3 and -GA3 trial data combined (Results p.800), so n is presumably 6 plates of 25 seeds; not stated."
Allocasuarina fraseriana,population,,southwestern Western Australia,understorey tree,,,1993,none,23,light,pooled (with and without GA3),a,seed_germination,1 ± 1a,,1,mean,%,standard_error,1,,"constant 23 °C; 12 h diurnal white light, 80 μmol m-2 s-1; 4 weeks; germination = radicle emergence",Table 3,"+GA3 and -GA3 trial data combined (Results p.800), so n is presumably 6 plates of 25 seeds; not stated."
Allocasuarina fraseriana,species,,southwestern Western Australia,understorey tree,,,,,,,,,seed_germination_treatment,GA overcame light-inhibition in the germination of the small-seeded Allocasuarina fraseriana,gibberellic_acid,chemical_treatment,mode,,,,,,Discussion p.804,"Gibberellic acid (GA3, 50 mg/l) application; mapped to chemical_treatment. Discussion names A. fraseriana while Abstract/Results name A. campestris -- possible confusion in source."
Allocasuarina fraseriana,population,,southwestern Western Australia,understorey tree,,,1993,none,,,,,seed_viability,55.0 ± 15.2,,55.0,mean,%,standard_error,15.2,3,tetrazolium chloride (1% w/v) staining after nicking seed coat; 3 replicates of 25 seeds,Table 1,
Allocasuarina fraseriana,species,,southwestern Western Australia,understorey tree,,,,,,,,,seedbank_location,canopy-borne seed (C),canopy_borne_seed,canopy_seedbank,mode,,,,,,Table 1,
Andersonia lehmanniana,species,,southwestern Western Australia,understorey shrub,,,,,,,,,germination_cues,"did not germinate in any of the treatments here. In a recent study by Dixon et al. (1995), the first six of these species had higher germination percentages after exposure to smoke treatment",smoke,smoke,mode,,,,,,Discussion p.804,"NOT this paper's own measurement: smoke response reported from Dixon et al. (1995, Oecologia 101: 185-192); this study found no germination without smoke."
Andersonia lehmanniana,species,,southwestern Western Australia,understorey shrub,,,,,,,,,life_form,"Nanochamaephyte (Ch-na, 10-20 cm, small shrubs)",nanochamaephyte,chamaephyte,mode,,,,,,Table 1,
Andersonia lehmanniana,species,,southwestern Western Australia,understorey shrub,,,,,,,,,plant_growth_form,"Nanochamaephyte (Ch-na, 10-20 cm, small shrubs)",small_shrub,shrub,mode,,,,,,Table 1 (life-history legend),"Inferred from the life-history class legend (""low shrubs"" / ""small shrubs"")."
Andersonia lehmanniana,species,,southwestern Western Australia,understorey shrub,,,,,,,,,resprouting_capacity,resprouter (R),resprouter,resprouts,mode,,,,,,Table 1,
Andersonia lehmanniana,population,,southwestern Western Australia,understorey shrub,,,1992,none,,,,,seed_dry_mass,0.16 ± 0.00,,0.16,mean,mg,standard_error,0.00,3,mass per seed from three lots of 50 or 100 seeds; seeds stored at room temperature (drying method not stated),Table 1,
Andersonia lehmanniana,population,,southwestern Western Australia,understorey shrub,,,1992,none,,,,,seed_germination,0.0 ± 0.0,,0.0,maximum,%,standard_error,0.0,3,"highest mean germination of any of the 8 combinations of incubation temperature (15 or 23 °C), light (12 h light or constant dark) and GA3 (0 or 50 mg/l); 4 weeks incubation; germination = radicle emergence; 3 replicate plates of 25 seeds",Table 1,"Value is the highest treatment mean (""highest percentage germinability ... from trials""), so value_type maximum (of treatment means); could alternatively be mean -- curator to decide."
Andersonia lehmanniana,population,,southwestern Western Australia,understorey shrub,,,1992,none,15,dark,pooled (with and without GA3),a,seed_germination,0 ± 0a,,0,mean,%,standard_error,0,,constant 15 °C; constant dark; 4 weeks; germination = radicle emergence,Table 3,"+GA3 and -GA3 trial data combined (Results p.800), so n is presumably 6 plates of 25 seeds; not stated."
Andersonia lehmanniana,population,,southwestern Western Australia,understorey shrub,,,1992,none,15,light,pooled (with and without GA3),a,seed_germination,0 ± 0a,,0,mean,%,standard_error,0,,"constant 15 °C; 12 h diurnal white light, 80 μmol m-2 s-1; 4 weeks; germination = radicle emergence",Table 3,"+GA3 and -GA3 trial data combined (Results p.800), so n is presumably 6 plates of 25 seeds; not stated."
Andersonia lehmanniana,population,,southwestern Western Australia,understorey shrub,,,1992,none,23,dark,pooled (with and without GA3),a,seed_germination,0 ± 0a,,0,mean,%,standard_error,0,,constant 23 °C; constant dark; 4 weeks; germination = radicle emergence,Table 3,"+GA3 and -GA3 trial data combined (Results p.800), so n is presumably 6 plates of 25 seeds; not stated."
Andersonia lehmanniana,population,,southwestern Western Australia,understorey shrub,,,1992,none,23,light,pooled (with and without GA3),a,seed_germination,0 ± 0a,,0,mean,%,standard_error,0,,"constant 23 °C; 12 h diurnal white light, 80 μmol m-2 s-1; 4 weeks; germination = radicle emergence",Table 3,"+GA3 and -GA3 trial data combined (Results p.800), so n is presumably 6 plates of 25 seeds; not stated."
Andersonia lehmanniana,population,,southwestern Western Australia,understorey shrub,,,1992,none,,,,,seed_viability,14.0 ± 2.0,,14.0,mean,%,standard_error,2.0,3,tetrazolium chloride (1% w/v) staining after nicking seed coat; 3 replicates of 25 seeds,Table 1,
Andersonia lehmanniana,species,,southwestern Western Australia,understorey shrub,,,,,,,,,seedbank_location,soil-stored seed (S),soil_stored_seed,soil_seedbank,mode,,,,,,Table 1,
Billardiera bicolor,species,,southwestern Western Australia,understorey shrub,,,,,,,,,germination_cues,"did not germinate in any of the treatments here. In a recent study by Dixon et al. (1995), the first six of these species had higher germination percentages after exposure to smoke treatment",smoke,smoke,mode,,,,,,Discussion p.804,"NOT this paper's own measurement: smoke response reported from Dixon et al. (1995, Oecologia 101: 185-192); this study found no germination without smoke."
Billardiera bicolor,species,,southwestern Western Australia,understorey shrub,,,,,,,,,life_form,Climbers (C),climber,,mode,,,,,,Table 1,Climber is not a Raunkiaer life form; no life_form value -- see plant_growth_form row.
Billardiera bicolor,species,,southwestern Western Australia,understorey shrub,,,,,,,,,plant_growth_form,Climbers (C),climber,climber,mode,,,,,,Table 1,
Billardiera bicolor,species,,southwestern Western Australia,understorey shrub,,,,,,,,,resprouting_capacity,resprouter (R),resprouter,resprouts,mode,,,,,,Table 1,
Billardiera bicolor,population,,southwestern Western Australia,understorey shrub,,,1990,none,,,,,seed_dry_mass,6.03 ± 0.03,,6.03,mean,mg,standard_error,0.03,3,mass per seed from three lots of 50 or 100 seeds; seeds stored at room temperature (drying method not stated),Table 1,
Billardiera bicolor,population,,southwestern Western Australia,understorey shrub,,,1990,none,,,,,seed_germination,0.0 ± 0.0,,0.0,maximum,%,standard_error,0.0,3,"highest mean germination of any of the 8 combinations of incubation temperature (15 or 23 °C), light (12 h light or constant dark) and GA3 (0 or 50 mg/l); 4 weeks incubation; germination = radicle emergence; 3 replicate plates of 25 seeds",Table 1,"Value is the highest treatment mean (""highest percentage germinability ... from trials""), so value_type maximum (of treatment means); could alternatively be mean -- curator to decide."
Billardiera bicolor,population,,southwestern Western Australia,understorey shrub,,,1990,none,15,dark,pooled (with and without GA3),a,seed_germination,0 ± 0a,,0,mean,%,standard_error,0,,constant 15 °C; constant dark; 4 weeks; germination = radicle emergence,Table 3,"+GA3 and -GA3 trial data combined (Results p.800), so n is presumably 6 plates of 25 seeds; not stated."
Billardiera bicolor,population,,southwestern Western Australia,understorey shrub,,,1990,none,15,light,pooled (with and without GA3),a,seed_germination,0 ± 0a,,0,mean,%,standard_error,0,,"constant 15 °C; 12 h diurnal white light, 80 μmol m-2 s-1; 4 weeks; germination = radicle emergence",Table 3,"+GA3 and -GA3 trial data combined (Results p.800), so n is presumably 6 plates of 25 seeds; not stated."
Billardiera bicolor,population,,southwestern Western Australia,understorey shrub,,,1990,none,23,dark,pooled (with and without GA3),a,seed_germination,0 ± 0a,,0,mean,%,standard_error,0,,constant 23 °C; constant dark; 4 weeks; germination = radicle emergence,Table 3,"+GA3 and -GA3 trial data combined (Results p.800), so n is presumably 6 plates of 25 seeds; not stated."
Billardiera bicolor,population,,southwestern Western Australia,understorey shrub,,,1990,none,23,light,pooled (with and without GA3),a,seed_germination,0 ± 0a,,0,mean,%,standard_error,0,,"constant 23 °C; 12 h diurnal white light, 80 μmol m-2 s-1; 4 weeks; germination = radicle emergence",Table 3,"+GA3 and -GA3 trial data combined (Results p.800), so n is presumably 6 plates of 25 seeds; not stated."
Billardiera bicolor,population,,southwestern Western Australia,understorey shrub,,,1990,none,,,,,seed_viability,64.0 ± 6.1,,64.0,mean,%,standard_error,6.1,3,tetrazolium chloride (1% w/v) staining after nicking seed coat; 3 replicates of 25 seeds,Table 1,
Billardiera bicolor,species,,southwestern Western Australia,understorey shrub,,,,,,,,,seedbank_location,soil-stored seed (S),soil_stored_seed,soil_seedbank,mode,,,,,,Table 1,
Bossiaea aquifolium,species,,southwestern Western Australia,understorey shrub,,,,,,,,,germination_cues,"Germination of many hard-seeded, understorey shrub and herbaceous perennial species, especially those with small (< 10 mg) seeds (e.g. Bossiaea ornata, B. aquifolium and Acacia drummondii ssp. candolleana) was greater at the lower trial temperature and in the dark. Germination was almost completely restricted to the 15°C incubation conditions in two Bossiaea species, Acacia drummondii ssp. candolleana and provenance (a) of Gompholobium knightianum.",cool_incubation_temperature darkness,temperature_cool burial,mode,,,,,,Abstract; Results p.800,"Germination greater at 15 °C than 23 °C maps to temperature_cool and greater in darkness to burial; the authors relate these to the cool, wet winter and to buried seeds."
Bossiaea aquifolium,species,,southwestern Western Australia,understorey shrub,,,,,,,,,life_form,"Megachamaephyte (CH-mg, 20-100 cm, low shrubs)",megachamaephyte,chamaephyte,mode,,,,,,Table 1,"Megachamaephyte (to 100 cm) mapped to chamaephyte, although Raunkiaer chamaephytes are defined as < 50 cm."
Bossiaea aquifolium,species,,southwestern Western Australia,understorey shrub,,,,,,,,,plant_growth_form,"Megachamaephyte (CH-mg, 20-100 cm, low shrubs)",low_shrub,shrub,mode,,,,,,Table 1 (life-history legend),"Inferred from the life-history class legend (""low shrubs"" / ""small shrubs"")."
Bossiaea aquifolium,species,,southwestern Western Australia,understorey shrub,,,,,,,,,resprouting_capacity,obligate seeder (OS),obligate_seeder,fire_killed,mode,,,,,,Table 1,
Bossiaea aquifolium,species,,southwestern Western Australia,understorey shrub,,,,,,,,,seed_dormancy_class,Species previously known to require a heat-shock treatment to overcome dormancy due to an impervious testa were pre-treated,impervious_testa,physical_dormancy,mode,,,,,,Abstract; Methods p.798; Table 1,Inferred from the authors pre-treating the species because of a known impervious (hard) testa.
Bossiaea aquifolium,population,,southwestern Western Australia,understorey shrub,,,1993,boiled 60 s,,,,,seed_dry_mass,8.07 ± 0.14,,8.07,mean,mg,standard_error,0.14,3,mass per seed from three lots of 50 or 100 seeds; seeds stored at room temperature (drying method not stated),Table 1,
Bossiaea aquifolium,population,,southwestern Western Australia,understorey shrub,,,1993,boiled 60 s,,,,,seed_germination,63.3 ± 8.8,,63.3,maximum,%,standard_error,8.8,3,"highest mean germination of any of the 8 combinations of incubation temperature (15 or 23 °C), light (12 h light or constant dark) and GA3 (0 or 50 mg/l); 4 weeks incubation; germination = radicle emergence; 3 replicate plates of 25 seeds",Table 1,"Value is the highest treatment mean (""highest percentage germinability ... from trials""), so value_type maximum (of treatment means); could alternatively be mean -- curator to decide."
Bossiaea aquifolium,population,,southwestern Western Australia,understorey shrub,,,1993,boiled 60 s,15,dark,pooled (with and without GA3),c,seed_germination,59 ± 5c,,59,mean,%,standard_error,5,,constant 15 °C; constant dark; 4 weeks; germination = radicle emergence,Table 3,"+GA3 and -GA3 trial data combined (Results p.800), so n is presumably 6 plates of 25 seeds; not stated."
Bossiaea aquifolium,population,,southwestern Western Australia,understorey shrub,,,1993,boiled 60 s,15,light,pooled (with and without GA3),b,seed_germination,12 ± 4b,,12,mean,%,standard_error,4,,"constant 15 °C; 12 h diurnal white light, 80 μmol m-2 s-1; 4 weeks; germination = radicle emergence",Table 3,"+GA3 and -GA3 trial data combined (Results p.800), so n is presumably 6 plates of 25 seeds; not stated."
Bossiaea aquifolium,population,,southwestern Western Australia,understorey shrub,,,1993,boiled 60 s,23,dark,pooled (with and without GA3),a,seed_germination,0 ± 0a,,0,mean,%,standard_error,0,,constant 23 °C; constant dark; 4 weeks; germination = radicle emergence,Table 3,"+GA3 and -GA3 trial data combined (Results p.800), so n is presumably 6 plates of 25 seeds; not stated."
Bossiaea aquifolium,population,,southwestern Western Australia,understorey shrub,,,1993,boiled 60 s,23,light,pooled (with and without GA3),a,seed_germination,0 ± 0a,,0,mean,%,standard_error,0,,"constant 23 °C; 12 h diurnal white light, 80 μmol m-2 s-1; 4 weeks; germination = radicle emergence",Table 3,"+GA3 and -GA3 trial data combined (Results p.800), so n is presumably 6 plates of 25 seeds; not stated."
Bossiaea aquifolium,population,,southwestern Western Australia,understorey shrub,,,1993,boiled 60 s,,,,,seed_germination_treatment,"Boiled (60 s); ""Species previously known to require a heat-shock treatment to overcome dormancy due to an impervious testa were pre-treated""",boiling_water,imbibe_hot,mode,,,,,,Table 1; Methods p.798,"Seeds placed in boiling water for the duration found by Alcoa of Australia Ltd. to give the highest germination; this is prior Alcoa knowledge, not tested against untreated controls in this study. Boiling-water immersion mapped to imbibe_hot, as in other datasets."
Bossiaea aquifolium,population,,southwestern Western Australia,understorey shrub,,,1993,boiled 60 s,,,,,seed_viability,98.7 ± 1.3,,98.7,mean,%,standard_error,1.3,3,tetrazolium chloride (1% w/v) staining after nicking seed coat; 3 replicates of 25 seeds,Table 1,
Bossiaea aquifolium,species,,southwestern Western Australia,understorey shrub,,,,,,,,,seedbank_location,soil-stored seed (S),soil_stored_seed,soil_seedbank,mode,,,,,,Table 1,
Bossiaea ornata,species,,southwestern Western Australia,understorey shrub,,,,,,,,,germination_cues,"Germination of many hard-seeded, understorey shrub and herbaceous perennial species, especially those with small (< 10 mg) seeds (e.g. Bossiaea ornata, B. aquifolium and Acacia drummondii ssp. candolleana) was greater at the lower trial temperature and in the dark. Germination was almost completely restricted to the 15°C incubation conditions in two Bossiaea species, Acacia drummondii ssp. candolleana and provenance (a) of Gompholobium knightianum.",cool_incubation_temperature darkness,temperature_cool burial,mode,,,,,,Abstract; Results p.800,"Germination greater at 15 °C than 23 °C maps to temperature_cool and greater in darkness to burial; the authors relate these to the cool, wet winter and to buried seeds."
Bossiaea ornata,species,,southwestern Western Australia,understorey shrub,,,,,,,,,life_form,"Megachamaephyte (CH-mg, 20-100 cm, low shrubs)",megachamaephyte,chamaephyte,mode,,,,,,Table 1,"Megachamaephyte (to 100 cm) mapped to chamaephyte, although Raunkiaer chamaephytes are defined as < 50 cm."
Bossiaea ornata,species,,southwestern Western Australia,understorey shrub,,,,,,,,,plant_growth_form,"Megachamaephyte (CH-mg, 20-100 cm, low shrubs)",low_shrub,shrub,mode,,,,,,Table 1 (life-history legend),"Inferred from the life-history class legend (""low shrubs"" / ""small shrubs"")."
Bossiaea ornata,species,,southwestern Western Australia,understorey shrub,,,,,,,,,resprouting_capacity,resprouter (R),resprouter,resprouts,mode,,,,,,Table 1,
Bossiaea ornata,species,,southwestern Western Australia,understorey shrub,,,,,,,,,seed_dormancy_class,Species previously known to require a heat-shock treatment to overcome dormancy due to an impervious testa were pre-treated,impervious_testa,physical_dormancy,mode,,,,,,Abstract; Methods p.798; Table 1,Inferred from the authors pre-treating the species because of a known impervious (hard) testa.
Bossiaea ornata,population,,southwestern Western Australia,understorey shrub,,,1993,boiled 60 s,,,,,seed_dry_mass,3.00 ± 0.02,,3.00,mean,mg,standard_error,0.02,3,mass per seed from three lots of 50 or 100 seeds; seeds stored at room temperature (drying method not stated),Table 1,
Bossiaea ornata,population,,southwestern Western Australia,understorey shrub,,,1993,boiled 60 s,,,,,seed_germination,78.3 ± 3.3,,78.3,maximum,%,standard_error,3.3,3,"highest mean germination of any of the 8 combinations of incubation temperature (15 or 23 °C), light (12 h light or constant dark) and GA3 (0 or 50 mg/l); 4 weeks incubation; germination = radicle emergence; 3 replicate plates of 25 seeds",Table 1,"Value is the highest treatment mean (""highest percentage germinability ... from trials""), so value_type maximum (of treatment means); could alternatively be mean -- curator to decide."
Bossiaea ornata,population,,southwestern Western Australia,understorey shrub,,,1993,boiled 60 s,15,dark,pooled (with and without GA3),c,seed_germination,58 ± 10c,,58,mean,%,standard_error,10,,constant 15 °C; constant dark; 4 weeks; germination = radicle emergence,Table 3,"+GA3 and -GA3 trial data combined (Results p.800), so n is presumably 6 plates of 25 seeds; not stated."
Bossiaea ornata,population,,southwestern Western Australia,understorey shrub,,,1993,boiled 60 s,15,light,pooled (with and without GA3),b,seed_germination,23 ± 6b,,23,mean,%,standard_error,6,,"constant 15 °C; 12 h diurnal white light, 80 μmol m-2 s-1; 4 weeks; germination = radicle emergence",Table 3,"+GA3 and -GA3 trial data combined (Results p.800), so n is presumably 6 plates of 25 seeds; not stated."
Bossiaea ornata,population,,southwestern Western Australia,understorey shrub,,,1993,boiled 60 s,23,dark,pooled (with and without GA3),a,seed_germination,0 ± 0a,,0,mean,%,standard_error,0,,constant 23 °C; constant dark; 4 weeks; germination = radicle emergence,Table 3,"+GA3 and -GA3 trial data combined (Results p.800), so n is presumably 6 plates of 25 seeds; not stated."
Bossiaea ornata,population,,southwestern Western Australia,understorey shrub,,,1993,boiled 60 s,23,light,pooled (with and without GA3),a,seed_germination,1 ± 1a,,1,mean,%,standard_error,1,,"constant 23 °C; 12 h diurnal white light, 80 μmol m-2 s-1; 4 weeks; germination = radicle emergence",Table 3,"+GA3 and -GA3 trial data combined (Results p.800), so n is presumably 6 plates of 25 seeds; not stated."
Bossiaea ornata,population,,southwestern Western Australia,understorey shrub,,,1993,boiled 60 s,,,,,seed_germination_treatment,"Boiled (60 s); ""Species previously known to require a heat-shock treatment to overcome dormancy due to an impervious testa were pre-treated""",boiling_water,imbibe_hot,mode,,,,,,Table 1; Methods p.798,"Seeds placed in boiling water for the duration found by Alcoa of Australia Ltd. to give the highest germination; this is prior Alcoa knowledge, not tested against untreated controls in this study. Boiling-water immersion mapped to imbibe_hot, as in other datasets."
Bossiaea ornata,population,,southwestern Western Australia,understorey shrub,,,1993,boiled 60 s,,,,,seed_viability,88.0 ± 0.0,,88.0,mean,%,standard_error,0.0,3,tetrazolium chloride (1% w/v) staining after nicking seed coat; 3 replicates of 25 seeds,Table 1,
Bossiaea ornata,species,,southwestern Western Australia,understorey shrub,,,,,,,,,seedbank_location,soil-stored seed (S),soil_stored_seed,soil_seedbank,mode,,,,,,Table 1,
Chorizema ilicifolium,species,,southwestern Western Australia,understorey shrub,,,,,,,,,germination_cues,"Reduced germination percentages when exposed to light were especially apparent in the small-seeded species (≤ 10 mg; Trymalium floribundum, the Gompholobium species, Sphaerolobium vimineum, Chorizema ilicifolium, the Bossiaea and Acacia species).",darkness,burial,mode,,,,,,Results p.800,"Germination greater at 15 °C than 23 °C maps to temperature_cool and greater in darkness to burial; the authors relate these to the cool, wet winter and to buried seeds."
Chorizema ilicifolium,species,,southwestern Western Australia,understorey shrub,,,,,,,,,life_form,"Megachamaephyte (CH-mg, 20-100 cm, low shrubs)",megachamaephyte,chamaephyte,mode,,,,,,Table 1,"Megachamaephyte (to 100 cm) mapped to chamaephyte, although Raunkiaer chamaephytes are defined as < 50 cm."
Chorizema ilicifolium,species,,southwestern Western Australia,understorey shrub,,,,,,,,,plant_growth_form,"Megachamaephyte (CH-mg, 20-100 cm, low shrubs)",low_shrub,shrub,mode,,,,,,Table 1 (life-history legend),"Inferred from the life-history class legend (""low shrubs"" / ""small shrubs"")."
Chorizema ilicifolium,species,,southwestern Western Australia,understorey shrub,,,,,,,,,resprouting_capacity,resprouter (R),resprouter,resprouts,mode,,,,,,Table 1,
Chorizema ilicifolium,species,,southwestern Western Australia,understorey shrub,,,,,,,,,seed_dormancy_class,Species previously known to require a heat-shock treatment to overcome dormancy due to an impervious testa were pre-treated,impervious_testa,physical_dormancy,mode,,,,,,Abstract; Methods p.798; Table 1,Inferred from the authors pre-treating the species because of a known impervious (hard) testa.
Chorizema ilicifolium,population,,southwestern Western Australia,understorey shrub,,,1993,boiled 60 s,,,,,seed_dry_mass,2.00 ± 0.23,,2.00,mean,mg,standard_error,0.23,3,mass per seed from three lots of 50 or 100 seeds; seeds stored at room temperature (drying method not stated),Table 1,
Chorizema ilicifolium,population,,southwestern Western Australia,understorey shrub,,,1993,boiled 60 s,,,,,seed_germination,74.7 ± 2.7,,74.7,maximum,%,standard_error,2.7,3,"highest mean germination of any of the 8 combinations of incubation temperature (15 or 23 °C), light (12 h light or constant dark) and GA3 (0 or 50 mg/l); 4 weeks incubation; germination = radicle emergence; 3 replicate plates of 25 seeds",Table 1,"Value is the highest treatment mean (""highest percentage germinability ... from trials""), so value_type maximum (of treatment means); could alternatively be mean -- curator to decide."
Chorizema ilicifolium,population,,southwestern Western Australia,understorey shrub,,,1993,boiled 60 s,15,dark,pooled (with and without GA3),c,seed_germination,71 ± 4c,,71,mean,%,standard_error,4,,constant 15 °C; constant dark; 4 weeks; germination = radicle emergence,Table 3,"+GA3 and -GA3 trial data combined (Results p.800), so n is presumably 6 plates of 25 seeds; not stated."
Chorizema ilicifolium,population,,southwestern Western Australia,understorey shrub,,,1993,boiled 60 s,15,light,pooled (with and without GA3),a,seed_germination,4 ± 1a,,4,mean,%,standard_error,1,,"constant 15 °C; 12 h diurnal white light, 80 μmol m-2 s-1; 4 weeks; germination = radicle emergence",Table 3,"+GA3 and -GA3 trial data combined (Results p.800), so n is presumably 6 plates of 25 seeds; not stated."
Chorizema ilicifolium,population,,southwestern Western Australia,understorey shrub,,,1993,boiled 60 s,23,dark,pooled (with and without GA3),b,seed_germination,35 ± 4b,,35,mean,%,standard_error,4,,constant 23 °C; constant dark; 4 weeks; germination = radicle emergence,Table 3,"+GA3 and -GA3 trial data combined (Results p.800), so n is presumably 6 plates of 25 seeds; not stated."
Chorizema ilicifolium,population,,southwestern Western Australia,understorey shrub,,,1993,boiled 60 s,23,light,pooled (with and without GA3),a,seed_germination,1 ± 1a,,1,mean,%,standard_error,1,,"constant 23 °C; 12 h diurnal white light, 80 μmol m-2 s-1; 4 weeks; germination = radicle emergence",Table 3,"+GA3 and -GA3 trial data combined (Results p.800), so n is presumably 6 plates of 25 seeds; not stated."
Chorizema ilicifolium,population,,southwestern Western Australia,understorey shrub,,,1993,boiled 60 s,,,,,seed_germination_treatment,"Boiled (60 s); ""Species previously known to require a heat-shock treatment to overcome dormancy due to an impervious testa were pre-treated""",boiling_water,imbibe_hot,mode,,,,,,Table 1; Methods p.798,"Seeds placed in boiling water for the duration found by Alcoa of Australia Ltd. to give the highest germination; this is prior Alcoa knowledge, not tested against untreated controls in this study. Boiling-water immersion mapped to imbibe_hot, as in other datasets."
Chorizema ilicifolium,population,,southwestern Western Australia,understorey shrub,,,1993,boiled 60 s,,,,,seed_viability,96.0 ± 2.3,,96.0,mean,%,standard_error,2.3,3,tetrazolium chloride (1% w/v) staining after nicking seed coat; 3 replicates of 25 seeds,Table 1,
Chorizema ilicifolium,species,,southwestern Western Australia,understorey shrub,,,,,,,,,seedbank_location,soil-stored seed (S),soil_stored_seed,soil_seedbank,mode,,,,,,Table 1,
Daviesia cordata,species,,southwestern Western Australia,understorey shrub,,,,,,,,,germination_cues,"In the large-seeded species (> 10 mg; Daviesia cordata, Hovea trisperma and the two Kennedia species) germination was greater in the lower incubation temperature, but light exposure was not inhibitory.",cool_incubation_temperature,temperature_cool,mode,,,,,,Results p.803,"Germination greater at 15 °C than 23 °C maps to temperature_cool and greater in darkness to burial; the authors relate these to the cool, wet winter and to buried seeds."
Daviesia cordata,species,,southwestern Western Australia,understorey shrub,,,,,,,,,life_form,"Megachamaephyte (CH-mg, 20-100 cm, low shrubs)",megachamaephyte,chamaephyte,mode,,,,,,Table 1,"Megachamaephyte (to 100 cm) mapped to chamaephyte, although Raunkiaer chamaephytes are defined as < 50 cm."
Daviesia cordata,species,,southwestern Western Australia,understorey shrub,,,,,,,,,plant_growth_form,"Megachamaephyte (CH-mg, 20-100 cm, low shrubs)",low_shrub,shrub,mode,,,,,,Table 1 (life-history legend),"Inferred from the life-history class legend (""low shrubs"" / ""small shrubs"")."
Daviesia cordata,species,,southwestern Western Australia,understorey shrub,,,,,,,,,resprouting_capacity,resprouter (R),resprouter,resprouts,mode,,,,,,Table 1,
Daviesia cordata,species,,southwestern Western Australia,understorey shrub,,,,,,,,,seed_dormancy_class,Species previously known to require a heat-shock treatment to overcome dormancy due to an impervious testa were pre-treated,impervious_testa,physical_dormancy,mode,,,,,,Abstract; Methods p.798; Table 1,Inferred from the authors pre-treating the species because of a known impervious (hard) testa.
Daviesia cordata,population,,southwestern Western Australia,understorey shrub,,,1992,boiled 30 s,,,,,seed_dry_mass,24.76 ± 0.3,,24.76,mean,mg,standard_error,0.3,3,mass per seed from three lots of 50 or 100 seeds; seeds stored at room temperature (drying method not stated),Table 1,
Daviesia cordata,population,,southwestern Western Australia,understorey shrub,,,1992,boiled 30 s,,,,,seed_germination,65.0 ± 7.6,,65.0,maximum,%,standard_error,7.6,3,"highest mean germination of any of the 8 combinations of incubation temperature (15 or 23 °C), light (12 h light or constant dark) and GA3 (0 or 50 mg/l); 4 weeks incubation; germination = radicle emergence; 3 replicate plates of 25 seeds",Table 1,"Value is the highest treatment mean (""highest percentage germinability ... from trials""), so value_type maximum (of treatment means); could alternatively be mean -- curator to decide."
Daviesia cordata,population,,southwestern Western Australia,understorey shrub,,,1992,boiled 30 s,15,dark,pooled (with and without GA3),c,seed_germination,56 ± 6c,,56,mean,%,standard_error,6,,constant 15 °C; constant dark; 4 weeks; germination = radicle emergence,Table 3,"+GA3 and -GA3 trial data combined (Results p.800), so n is presumably 6 plates of 25 seeds; not stated."
Daviesia cordata,population,,southwestern Western Australia,understorey shrub,,,1992,boiled 30 s,15,light,pooled (with and without GA3),c,seed_germination,52 ± 8c,,52,mean,%,standard_error,8,,"constant 15 °C; 12 h diurnal white light, 80 μmol m-2 s-1; 4 weeks; germination = radicle emergence",Table 3,"+GA3 and -GA3 trial data combined (Results p.800), so n is presumably 6 plates of 25 seeds; not stated."
Daviesia cordata,population,,southwestern Western Australia,understorey shrub,,,1992,boiled 30 s,23,dark,pooled (with and without GA3),b,seed_germination,22 ± 38b,,22,mean,%,standard_error,3.8,,constant 23 °C; constant dark; 4 weeks; germination = radicle emergence,Table 3,"+GA3 and -GA3 trial data combined (Results p.800), so n is presumably 6 plates of 25 seeds; not stated. Table 3 prints the SE as 38, larger than the mean (22); corrected to 3.8 as a probable typo."
Daviesia cordata,population,,southwestern Western Australia,understorey shrub,,,1992,boiled 30 s,23,light,pooled (with and without GA3),a,seed_germination,1 ± 1a,,1,mean,%,standard_error,1,,"constant 23 °C; 12 h diurnal white light, 80 μmol m-2 s-1; 4 weeks; germination = radicle emergence",Table 3,"+GA3 and -GA3 trial data combined (Results p.800), so n is presumably 6 plates of 25 seeds; not stated."
Daviesia cordata,population,,southwestern Western Australia,understorey shrub,,,1992,boiled 30 s,,,,,seed_germination_treatment,"Boiled (30 s); ""Species previously known to require a heat-shock treatment to overcome dormancy due to an impervious testa were pre-treated""",boiling_water,imbibe_hot,mode,,,,,,Table 1; Methods p.798,"Seeds placed in boiling water for the duration found by Alcoa of Australia Ltd. to give the highest germination; this is prior Alcoa knowledge, not tested against untreated controls in this study. Boiling-water immersion mapped to imbibe_hot, as in other datasets."
Daviesia cordata,population,,southwestern Western Australia,understorey shrub,,,1992,boiled 30 s,,,,,seed_viability,80.0 ± 0.0,,80.0,mean,%,standard_error,0.0,3,tetrazolium chloride (1% w/v) staining after nicking seed coat; 3 replicates of 25 seeds,Table 1,
Daviesia cordata,species,,southwestern Western Australia,understorey shrub,,,,,,,,,seedbank_location,soil-stored seed (S),soil_stored_seed,soil_seedbank,mode,,,,,,Table 1,
Daviesia preissii,species,,southwestern Western Australia,understorey shrub,,,,,,,,,life_form,"Megachamaephyte (CH-mg, 20-100 cm, low shrubs)",megachamaephyte,chamaephyte,mode,,,,,,Table 1,"Megachamaephyte (to 100 cm) mapped to chamaephyte, although Raunkiaer chamaephytes are defined as < 50 cm."
Daviesia preissii,species,,southwestern Western Australia,understorey shrub,,,,,,,,,plant_growth_form,"Megachamaephyte (CH-mg, 20-100 cm, low shrubs)",low_shrub,shrub,mode,,,,,,Table 1 (life-history legend),"Inferred from the life-history class legend (""low shrubs"" / ""small shrubs"")."
Daviesia preissii,species,,southwestern Western Australia,understorey shrub,,,,,,,,,resprouting_capacity,resprouter (R),resprouter,resprouts,mode,,,,,,Table 1,
Daviesia preissii,species,,southwestern Western Australia,understorey shrub,,,,,,,,,seed_dormancy_class,Species previously known to require a heat-shock treatment to overcome dormancy due to an impervious testa were pre-treated,impervious_testa,physical_dormancy,mode,,,,,,Abstract; Methods p.798; Table 1,Inferred from the authors pre-treating the species because of a known impervious (hard) testa.
Daviesia preissii,population,,southwestern Western Australia,understorey shrub,,,1994,boiled 30 s,,,,,seed_dry_mass,26.07 ± 0.47,,26.07,mean,mg,standard_error,0.47,3,mass per seed from three lots of 50 or 100 seeds; seeds stored at room temperature (drying method not stated),Table 1,
Daviesia preissii,population,,southwestern Western Australia,understorey shrub,,,1994,boiled 30 s,,,,,seed_germination,2.7 ± 1.3,,2.7,maximum,%,standard_error,1.3,3,"highest mean germination of any of the 8 combinations of incubation temperature (15 or 23 °C), light (12 h light or constant dark) and GA3 (0 or 50 mg/l); 4 weeks incubation; germination = radicle emergence; 3 replicate plates of 25 seeds",Table 1,"Value is the highest treatment mean (""highest percentage germinability ... from trials""), so value_type maximum (of treatment means); could alternatively be mean -- curator to decide."
Daviesia preissii,population,,southwestern Western Australia,understorey shrub,,,1994,boiled 30 s,15,dark,pooled (with and without GA3),a,seed_germination,2 ± 1a,,2,mean,%,standard_error,1,,constant 15 °C; constant dark; 4 weeks; germination = radicle emergence,Table 3,"+GA3 and -GA3 trial data combined (Results p.800), so n is presumably 6 plates of 25 seeds; not stated."
Daviesia preissii,population,,southwestern Western Australia,understorey shrub,,,1994,boiled 30 s,15,light,pooled (with and without GA3),a,seed_germination,0 ± 0a,,0,mean,%,standard_error,0,,"constant 15 °C; 12 h diurnal white light, 80 μmol m-2 s-1; 4 weeks; germination = radicle emergence",Table 3,"+GA3 and -GA3 trial data combined (Results p.800), so n is presumably 6 plates of 25 seeds; not stated."
Daviesia preissii,population,,southwestern Western Australia,understorey shrub,,,1994,boiled 30 s,23,dark,pooled (with and without GA3),a,seed_germination,1 ± 1a,,1,mean,%,standard_error,1,,constant 23 °C; constant dark; 4 weeks; germination = radicle emergence,Table 3,"+GA3 and -GA3 trial data combined (Results p.800), so n is presumably 6 plates of 25 seeds; not stated."
Daviesia preissii,population,,southwestern Western Australia,understorey shrub,,,1994,boiled 30 s,23,light,pooled (with and without GA3),a,seed_germination,0 ± 0a,,0,mean,%,standard_error,0,,"constant 23 °C; 12 h diurnal white light, 80 μmol m-2 s-1; 4 weeks; germination = radicle emergence",Table 3,"+GA3 and -GA3 trial data combined (Results p.800), so n is presumably 6 plates of 25 seeds; not stated."
Daviesia preissii,population,,southwestern Western Australia,understorey shrub,,,1994,boiled 30 s,,,,,seed_germination_treatment,"Boiled (30 s); ""Species previously known to require a heat-shock treatment to overcome dormancy due to an impervious testa were pre-treated""",boiling_water,imbibe_hot,mode,,,,,,Table 1; Methods p.798,"Seeds placed in boiling water for the duration found by Alcoa of Australia Ltd. to give the highest germination; this is prior Alcoa knowledge, not tested against untreated controls in this study. Boiling-water immersion mapped to imbibe_hot, as in other datasets."
Daviesia preissii,population,,southwestern Western Australia,understorey shrub,,,1994,boiled 30 s,,,,,seed_viability,56.0 ± 4.0,,56.0,mean,%,standard_error,4.0,3,tetrazolium chloride (1% w/v) staining after nicking seed coat; 3 replicates of 25 seeds,Table 1,
Daviesia preissii,species,,southwestern Western Australia,understorey shrub,,,,,,,,,seedbank_location,soil-stored seed (S),soil_stored_seed,soil_seedbank,mode,,,,,,Table 1,
Eucalyptus calophylla,species,,southwestern Western Australia,overstorey tree,,,,,,,,,bud_bank_location,These trees (except for Eucalyptus diversicolor) are capable of resprouting following fires from epicormic buds buried beneath the protection of thick bark,epicormic_buds,epicormic_buds,mode,,,,,,Discussion p.803,
Eucalyptus calophylla,species,,southwestern Western Australia,overstorey tree,,,,,,,,,life_form,"Phanerophyte (P, taller shrubs, > 1 m and trees)",phanerophyte,phanerophyte,mode,,,,,,Table 1,Source defines P as taller shrubs (> 1 m) and trees.
Eucalyptus calophylla,species,,southwestern Western Australia,overstorey tree,,,,,,,,,plant_growth_form,Overstorey trees (Table 3 heading); the large tree species of the genus Eucalyptus,overstorey_tree,tree,mode,,,,,,Table 3; Results p.800,
Eucalyptus calophylla,species,,southwestern Western Australia,overstorey tree,,,,,,,,,resprouting_capacity,resprouter (R),resprouter,resprouts,mode,,,,,,Table 1,
Eucalyptus calophylla,population,,southwestern Western Australia,overstorey tree,,,1993,none,,,,,seed_dry_mass,93.89 ± 2.60,,93.89,mean,mg,standard_error,2.60,3,mass per seed from three lots of 50 or 100 seeds; seeds stored at room temperature (drying method not stated),Table 1,
Eucalyptus calophylla,population,,southwestern Western Australia,overstorey tree,,,1993,none,,,,,seed_germination,68.3 ± 13.3,,68.3,maximum,%,standard_error,13.3,3,"highest mean germination of any of the 8 combinations of incubation temperature (15 or 23 °C), light (12 h light or constant dark) and GA3 (0 or 50 mg/l); 4 weeks incubation; germination = radicle emergence; 3 replicate plates of 25 seeds",Table 1,"Value is the highest treatment mean (""highest percentage germinability ... from trials""), so value_type maximum (of treatment means); could alternatively be mean -- curator to decide."
Eucalyptus calophylla,population,,southwestern Western Australia,overstorey tree,,,1993,none,15,dark,pooled (with and without GA3),a,seed_germination,54 ± 8a,,54,mean,%,standard_error,8,,constant 15 °C; constant dark; 4 weeks; germination = radicle emergence,Table 3,"+GA3 and -GA3 trial data combined (Results p.800), so n is presumably 6 plates of 25 seeds; not stated."
Eucalyptus calophylla,population,,southwestern Western Australia,overstorey tree,,,1993,none,15,light,pooled (with and without GA3),a,seed_germination,77 ± 7a,,77,mean,%,standard_error,7,,"constant 15 °C; 12 h diurnal white light, 80 μmol m-2 s-1; 4 weeks; germination = radicle emergence",Table 3,"+GA3 and -GA3 trial data combined (Results p.800), so n is presumably 6 plates of 25 seeds; not stated."
Eucalyptus calophylla,population,,southwestern Western Australia,overstorey tree,,,1993,none,23,dark,pooled (with and without GA3),a,seed_germination,88 ± 3a,,88,mean,%,standard_error,3,,constant 23 °C; constant dark; 4 weeks; germination = radicle emergence,Table 3,"+GA3 and -GA3 trial data combined (Results p.800), so n is presumably 6 plates of 25 seeds; not stated."
Eucalyptus calophylla,population,,southwestern Western Australia,overstorey tree,,,1993,none,23,light,pooled (with and without GA3),a,seed_germination,62 ± 5a,,62,mean,%,standard_error,5,,"constant 23 °C; 12 h diurnal white light, 80 μmol m-2 s-1; 4 weeks; germination = radicle emergence",Table 3,"+GA3 and -GA3 trial data combined (Results p.800), so n is presumably 6 plates of 25 seeds; not stated."
Eucalyptus calophylla,population,,southwestern Western Australia,overstorey tree,,,1993,none,,,,,seed_viability,93.3 ± 1.3,,93.3,mean,%,standard_error,1.3,3,tetrazolium chloride (1% w/v) staining after nicking seed coat; 3 replicates of 25 seeds,Table 1,
Eucalyptus calophylla,species,,southwestern Western Australia,overstorey tree,,,,,,,,,seedbank_location,canopy-borne seed (C),canopy_borne_seed,canopy_seedbank,mode,,,,,,Table 1,
Eucalyptus diversicolor,species,,southwestern Western Australia,overstorey tree,,,,,,,,,life_form,"Phanerophyte (P, taller shrubs, > 1 m and trees)",phanerophyte,phanerophyte,mode,,,,,,Table 1,Source defines P as taller shrubs (> 1 m) and trees.
Eucalyptus diversicolor,species,,southwestern Western Australia,overstorey tree,,,,,,,,,plant_growth_form,Overstorey trees (Table 3 heading); the large tree species of the genus Eucalyptus,overstorey_tree,tree,mode,,,,,,Table 3; Results p.800,
Eucalyptus diversicolor,species,,southwestern Western Australia,overstorey tree,,,,,,,,,resprouting_capacity,obligate seeder (OS),obligate_seeder,fire_killed,mode,,,,,,Table 1,
Eucalyptus diversicolor,population,,southwestern Western Australia,overstorey tree,,a,1993,none,,,,,seed_dry_mass,0.86 ± 0.02,,0.86,mean,mg,standard_error,0.02,3,mass per seed from three lots of 50 or 100 seeds; seeds stored at room temperature (drying method not stated),Table 1,
Eucalyptus diversicolor,population,,southwestern Western Australia,overstorey tree,,b,1990,none,,,,,seed_dry_mass,1.56 ± 0.08,,1.56,mean,mg,standard_error,0.08,3,mass per seed from three lots of 50 or 100 seeds; seeds stored at room temperature (drying method not stated),Table 1,
Eucalyptus diversicolor,population,,southwestern Western Australia,overstorey tree,,a,1993,none,,,,,seed_germination,85.0 ± 2.9,,85.0,maximum,%,standard_error,2.9,3,"highest mean germination of any of the 8 combinations of incubation temperature (15 or 23 °C), light (12 h light or constant dark) and GA3 (0 or 50 mg/l); 4 weeks incubation; germination = radicle emergence; 3 replicate plates of 25 seeds",Table 1,"Value is the highest treatment mean (""highest percentage germinability ... from trials""), so value_type maximum (of treatment means); could alternatively be mean -- curator to decide."
Eucalyptus diversicolor,population,,southwestern Western Australia,overstorey tree,,a,1993,none,15,dark,pooled (with and without GA3),a,seed_germination,88 ± 3a,,88,mean,%,standard_error,3,,constant 15 °C; constant dark; 4 weeks; germination = radicle emergence,Table 3,"+GA3 and -GA3 trial data combined (Results p.800), so n is presumably 6 plates of 25 seeds; not stated."
Eucalyptus diversicolor,population,,southwestern Western Australia,overstorey tree,,a,1993,none,15,light,pooled (with and without GA3),a,seed_germination,75 ± 6a,,75,mean,%,standard_error,6,,"constant 15 °C; 12 h diurnal white light, 80 μmol m-2 s-1; 4 weeks; germination = radicle emergence",Table 3,"+GA3 and -GA3 trial data combined (Results p.800), so n is presumably 6 plates of 25 seeds; not stated."
Eucalyptus diversicolor,population,,southwestern Western Australia,overstorey tree,,a,1993,none,23,dark,pooled (with and without GA3),a,seed_germination,72 ± 6a,,72,mean,%,standard_error,6,,constant 23 °C; constant dark; 4 weeks; germination = radicle emergence,Table 3,"+GA3 and -GA3 trial data combined (Results p.800), so n is presumably 6 plates of 25 seeds; not stated."
Eucalyptus diversicolor,population,,southwestern Western Australia,overstorey tree,,a,1993,none,23,light,pooled (with and without GA3),a,seed_germination,58 ± 10a,,58,mean,%,standard_error,10,,"constant 23 °C; 12 h diurnal white light, 80 μmol m-2 s-1; 4 weeks; germination = radicle emergence",Table 3,"+GA3 and -GA3 trial data combined (Results p.800), so n is presumably 6 plates of 25 seeds; not stated."
Eucalyptus diversicolor,population,,southwestern Western Australia,overstorey tree,,b,1990,none,,,,,seed_germination,28.0 ± 6.1,,28.0,maximum,%,standard_error,6.1,3,"highest mean germination of any of the 8 combinations of incubation temperature (15 or 23 °C), light (12 h light or constant dark) and GA3 (0 or 50 mg/l); 4 weeks incubation; germination = radicle emergence; 3 replicate plates of 25 seeds",Table 1,"Value is the highest treatment mean (""highest percentage germinability ... from trials""), so value_type maximum (of treatment means); could alternatively be mean -- curator to decide."
Eucalyptus diversicolor,population,,southwestern Western Australia,overstorey tree,,b,1990,none,15,dark,pooled (with and without GA3),ab,seed_germination,25 ± 4ab,,25,mean,%,standard_error,4,,constant 15 °C; constant dark; 4 weeks; germination = radicle emergence,Table 3,"+GA3 and -GA3 trial data combined (Results p.800), so n is presumably 6 plates of 25 seeds; not stated."
Eucalyptus diversicolor,population,,southwestern Western Australia,overstorey tree,,b,1990,none,15,light,pooled (with and without GA3),a,seed_germination,17 ± 5a,,17,mean,%,standard_error,5,,"constant 15 °C; 12 h diurnal white light, 80 μmol m-2 s-1; 4 weeks; germination = radicle emergence",Table 3,"+GA3 and -GA3 trial data combined (Results p.800), so n is presumably 6 plates of 25 seeds; not stated."
Eucalyptus diversicolor,population,,southwestern Western Australia,overstorey tree,,b,1990,none,23,dark,pooled (with and without GA3),b,seed_germination,26 ± 3b,,26,mean,%,standard_error,3,,constant 23 °C; constant dark; 4 weeks; germination = radicle emergence,Table 3,"+GA3 and -GA3 trial data combined (Results p.800), so n is presumably 6 plates of 25 seeds; not stated."
Eucalyptus diversicolor,population,,southwestern Western Australia,overstorey tree,,b,1990,none,23,light,pooled (with and without GA3),ab,seed_germination,25 ± 4ab,,25,mean,%,standard_error,4,,"constant 23 °C; 12 h diurnal white light, 80 μmol m-2 s-1; 4 weeks; germination = radicle emergence",Table 3,"+GA3 and -GA3 trial data combined (Results p.800), so n is presumably 6 plates of 25 seeds; not stated."
Eucalyptus diversicolor,population,,southwestern Western Australia,overstorey tree,,a,1993,none,,,,,seed_viability,92.0 ± 2.3,,92.0,mean,%,standard_error,2.3,3,tetrazolium chloride (1% w/v) staining after nicking seed coat; 3 replicates of 25 seeds,Table 1,
Eucalyptus diversicolor,population,,southwestern Western Australia,overstorey tree,,b,1990,none,,,,,seed_viability,40.0 ± 8.0,,40.0,mean,%,standard_error,8.0,3,tetrazolium chloride (1% w/v) staining after nicking seed coat; 3 replicates of 25 seeds,Table 1,
Eucalyptus diversicolor,species,,southwestern Western Australia,overstorey tree,,,,,,,,,seedbank_location,canopy-borne seed (C),canopy_borne_seed,canopy_seedbank,mode,,,,,,Table 1,
Eucalyptus erythrocorys,species,,southwestern Western Australia,overstorey tree,,,,,,,,,bud_bank_location,These trees (except for Eucalyptus diversicolor) are capable of resprouting following fires from epicormic buds buried beneath the protection of thick bark,epicormic_buds,epicormic_buds,mode,,,,,,Discussion p.803,
Eucalyptus erythrocorys,species,,southwestern Western Australia,overstorey tree,,,,,,,,,life_form,"Phanerophyte (P, taller shrubs, > 1 m and trees)",phanerophyte,phanerophyte,mode,,,,,,Table 1,Source defines P as taller shrubs (> 1 m) and trees.
Eucalyptus erythrocorys,species,,southwestern Western Australia,overstorey tree,,,,,,,,,plant_growth_form,Overstorey trees (Table 3 heading); the large tree species of the genus Eucalyptus,overstorey_tree,tree,mode,,,,,,Table 3; Results p.800,
Eucalyptus erythrocorys,species,,southwestern Western Australia,overstorey tree,,,,,,,,,resprouting_capacity,resprouter (R),resprouter,resprouts,mode,,,,,,Table 1,
Eucalyptus erythrocorys,population,,southwestern Western Australia,overstorey tree,,,1988,none,,,,,seed_dry_mass,9.97 ± 0.66,,9.97,mean,mg,standard_error,0.66,3,mass per seed from three lots of 50 or 100 seeds; seeds stored at room temperature (drying method not stated),Table 1,
Eucalyptus erythrocorys,population,,southwestern Western Australia,overstorey tree,,,1988,none,,,,,seed_germination,75.0 ± 5.8,,75.0,maximum,%,standard_error,5.8,3,"highest mean germination of any of the 8 combinations of incubation temperature (15 or 23 °C), light (12 h light or constant dark) and GA3 (0 or 50 mg/l); 4 weeks incubation; germination = radicle emergence; 3 replicate plates of 25 seeds",Table 1,"Value is the highest treatment mean (""highest percentage germinability ... from trials""), so value_type maximum (of treatment means); could alternatively be mean -- curator to decide."
Eucalyptus erythrocorys,population,,southwestern Western Australia,overstorey tree,,,1988,none,15,dark,pooled (with and without GA3),a,seed_germination,69 ± 7a,,69,mean,%,standard_error,7,,constant 15 °C; constant dark; 4 weeks; germination = radicle emergence,Table 3,"+GA3 and -GA3 trial data combined (Results p.800), so n is presumably 6 plates of 25 seeds; not stated."
Eucalyptus erythrocorys,population,,southwestern Western Australia,overstorey tree,,,1988,none,15,light,pooled (with and without GA3),a,seed_germination,64 ± 6a,,64,mean,%,standard_error,6,,"constant 15 °C; 12 h diurnal white light, 80 μmol m-2 s-1; 4 weeks; germination = radicle emergence",Table 3,"+GA3 and -GA3 trial data combined (Results p.800), so n is presumably 6 plates of 25 seeds; not stated."
Eucalyptus erythrocorys,population,,southwestern Western Australia,overstorey tree,,,1988,none,23,dark,pooled (with and without GA3),a,seed_germination,48 ± 11a,,48,mean,%,standard_error,11,,constant 23 °C; constant dark; 4 weeks; germination = radicle emergence,Table 3,"+GA3 and -GA3 trial data combined (Results p.800), so n is presumably 6 plates of 25 seeds; not stated."
Eucalyptus erythrocorys,population,,southwestern Western Australia,overstorey tree,,,1988,none,23,light,pooled (with and without GA3),a,seed_germination,60 ± 12a,,60,mean,%,standard_error,12,,"constant 23 °C; 12 h diurnal white light, 80 μmol m-2 s-1; 4 weeks; germination = radicle emergence",Table 3,"+GA3 and -GA3 trial data combined (Results p.800), so n is presumably 6 plates of 25 seeds; not stated."
Eucalyptus erythrocorys,population,,southwestern Western Australia,overstorey tree,,,1988,none,,,,,seed_viability,77.3 ± 5.3,,77.3,mean,%,standard_error,5.3,3,tetrazolium chloride (1% w/v) staining after nicking seed coat; 3 replicates of 25 seeds,Table 1,
Eucalyptus erythrocorys,species,,southwestern Western Australia,overstorey tree,,,,,,,,,seedbank_location,canopy-borne seed (C),canopy_borne_seed,canopy_seedbank,mode,,,,,,Table 1,
Eucalyptus gomphocephala,species,,southwestern Western Australia,overstorey tree,,,,,,,,,bud_bank_location,These trees (except for Eucalyptus diversicolor) are capable of resprouting following fires from epicormic buds buried beneath the protection of thick bark,epicormic_buds,epicormic_buds,mode,,,,,,Discussion p.803,
Eucalyptus gomphocephala,species,,southwestern Western Australia,overstorey tree,,,,,,,,,life_form,"Phanerophyte (P, taller shrubs, > 1 m and trees)",phanerophyte,phanerophyte,mode,,,,,,Table 1,Source defines P as taller shrubs (> 1 m) and trees.
Eucalyptus gomphocephala,species,,southwestern Western Australia,overstorey tree,,,,,,,,,plant_growth_form,Overstorey trees (Table 3 heading); the large tree species of the genus Eucalyptus,overstorey_tree,tree,mode,,,,,,Table 3; Results p.800,
Eucalyptus gomphocephala,species,,southwestern Western Australia,overstorey tree,,,,,,,,,resprouting_capacity,resprouter (R),resprouter,resprouts,mode,,,,,,Table 1,
Eucalyptus gomphocephala,population,,southwestern Western Australia,overstorey tree,,,1989,none,,,,,seed_dry_mass,20.13 ± 1.22,,20.13,mean,mg,standard_error,1.22,3,mass per seed from three lots of 50 or 100 seeds; seeds stored at room temperature (drying method not stated),Table 1,
Eucalyptus gomphocephala,population,,southwestern Western Australia,overstorey tree,,,1989,none,,,,,seed_germination,96.7 ± 1.7,,96.7,maximum,%,standard_error,1.7,3,"highest mean germination of any of the 8 combinations of incubation temperature (15 or 23 °C), light (12 h light or constant dark) and GA3 (0 or 50 mg/l); 4 weeks incubation; germination = radicle emergence; 3 replicate plates of 25 seeds",Table 1,"Value is the highest treatment mean (""highest percentage germinability ... from trials""), so value_type maximum (of treatment means); could alternatively be mean -- curator to decide."
Eucalyptus gomphocephala,population,,southwestern Western Australia,overstorey tree,,,1989,none,15,dark,pooled (with and without GA3),a,seed_germination,76 ± 2a,,76,mean,%,standard_error,2,,constant 15 °C; constant dark; 4 weeks; germination = radicle emergence,Table 3,"+GA3 and -GA3 trial data combined (Results p.800), so n is presumably 6 plates of 25 seeds; not stated."
Eucalyptus gomphocephala,population,,southwestern Western Australia,overstorey tree,,,1989,none,15,light,pooled (with and without GA3),a,seed_germination,88 ± 5a,,88,mean,%,standard_error,5,,"constant 15 °C; 12 h diurnal white light, 80 μmol m-2 s-1; 4 weeks; germination = radicle emergence",Table 3,"+GA3 and -GA3 trial data combined (Results p.800), so n is presumably 6 plates of 25 seeds; not stated."
Eucalyptus gomphocephala,population,,southwestern Western Australia,overstorey tree,,,1989,none,23,dark,pooled (with and without GA3),a,seed_germination,87 ± 5a,,87,mean,%,standard_error,5,,constant 23 °C; constant dark; 4 weeks; germination = radicle emergence,Table 3,"+GA3 and -GA3 trial data combined (Results p.800), so n is presumably 6 plates of 25 seeds; not stated."
Eucalyptus gomphocephala,population,,southwestern Western Australia,overstorey tree,,,1989,none,23,light,pooled (with and without GA3),a,seed_germination,78 ± 9a,,78,mean,%,standard_error,9,,"constant 23 °C; 12 h diurnal white light, 80 μmol m-2 s-1; 4 weeks; germination = radicle emergence",Table 3,"+GA3 and -GA3 trial data combined (Results p.800), so n is presumably 6 plates of 25 seeds; not stated."
Eucalyptus gomphocephala,population,,southwestern Western Australia,overstorey tree,,,1989,none,,,,,seed_viability,96.0 ± 2.3,,96.0,mean,%,standard_error,2.3,3,tetrazolium chloride (1% w/v) staining after nicking seed coat; 3 replicates of 25 seeds,Table 1,
Eucalyptus gomphocephala,species,,southwestern Western Australia,overstorey tree,,,,,,,,,seedbank_location,canopy-borne seed (C),canopy_borne_seed,canopy_seedbank,mode,,,,,,Table 1,
Eucalyptus marginata,species,,southwestern Western Australia,overstorey tree,,,,,,,,,bud_bank_location,These trees (except for Eucalyptus diversicolor) are capable of resprouting following fires from epicormic buds buried beneath the protection of thick bark,epicormic_buds,epicormic_buds,mode,,,,,,Discussion p.803,
Eucalyptus marginata,species,,southwestern Western Australia,overstorey tree,,,,,,,,,germination_cues,Eucalyptus marginata showed reduced germination in the light ... An exception was E. marginata (b) which showed greater percentage germination under complete darkness compared to light.,darkness,burial,mode,,,,,,Abstract; Results p.800,"Germination greater at 15 °C than 23 °C maps to temperature_cool and greater in darkness to burial; the authors relate these to the cool, wet winter and to buried seeds."
Eucalyptus marginata,species,,southwestern Western Australia,overstorey tree,,,,,,,,,life_form,"Phanerophyte (P, taller shrubs, > 1 m and trees)",phanerophyte,phanerophyte,mode,,,,,,Table 1,Source defines P as taller shrubs (> 1 m) and trees.
Eucalyptus marginata,species,,southwestern Western Australia,overstorey tree,,,,,,,,,plant_growth_form,Overstorey trees (Table 3 heading); the large tree species of the genus Eucalyptus,overstorey_tree,tree,mode,,,,,,Table 3; Results p.800,
Eucalyptus marginata,species,,southwestern Western Australia,overstorey tree,,,,,,,,,resprouting_capacity,resprouter (R),resprouter,resprouts,mode,,,,,,Table 1,
Eucalyptus marginata,population,,southwestern Western Australia,overstorey tree,,a,1992,none,,,,,seed_dry_mass,10.78 ± 0.19,,10.78,mean,mg,standard_error,0.19,3,mass per seed from three lots of 50 or 100 seeds; seeds stored at room temperature (drying method not stated),Table 1,
Eucalyptus marginata,population,,southwestern Western Australia,overstorey tree,,b,1992,none,,,,,seed_dry_mass,13.60 ± 0.70,,13.60,mean,mg,standard_error,0.70,3,mass per seed from three lots of 50 or 100 seeds; seeds stored at room temperature (drying method not stated),Table 1,
Eucalyptus marginata,population,,southwestern Western Australia,overstorey tree,,a,1992,none,,,,,seed_germination,69.3 ± 7.4,,69.3,maximum,%,standard_error,7.4,3,"highest mean germination of any of the 8 combinations of incubation temperature (15 or 23 °C), light (12 h light or constant dark) and GA3 (0 or 50 mg/l); 4 weeks incubation; germination = radicle emergence; 3 replicate plates of 25 seeds",Table 1,"Value is the highest treatment mean (""highest percentage germinability ... from trials""), so value_type maximum (of treatment means); could alternatively be mean -- curator to decide."
Eucalyptus marginata,population,,southwestern Western Australia,overstorey tree,,a,1992,none,15,dark,pooled (with and without GA3),a,seed_germination,40 ± 14a,,40,mean,%,standard_error,14,,constant 15 °C; constant dark; 4 weeks; germination = radicle emergence,Table 3,"+GA3 and -GA3 trial data combined (Results p.800), so n is presumably 6 plates of 25 seeds; not stated."
Eucalyptus marginata,population,,southwestern Western Australia,overstorey tree,,a,1992,none,15,light,pooled (with and without GA3),a,seed_germination,31 ± 9a,,31,mean,%,standard_error,9,,"constant 15 °C; 12 h diurnal white light, 80 μmol m-2 s-1; 4 weeks; germination = radicle emergence",Table 3,"+GA3 and -GA3 trial data combined (Results p.800), so n is presumably 6 plates of 25 seeds; not stated."
Eucalyptus marginata,population,,southwestern Western Australia,overstorey tree,,a,1992,none,23,dark,pooled (with and without GA3),a,seed_germination,26 ± 7a,,26,mean,%,standard_error,7,,constant 23 °C; constant dark; 4 weeks; germination = radicle emergence,Table 3,"+GA3 and -GA3 trial data combined (Results p.800), so n is presumably 6 plates of 25 seeds; not stated."
Eucalyptus marginata,population,,southwestern Western Australia,overstorey tree,,a,1992,none,23,light,pooled (with and without GA3),a,seed_germination,20 ± 9a,,20,mean,%,standard_error,9,,"constant 23 °C; 12 h diurnal white light, 80 μmol m-2 s-1; 4 weeks; germination = radicle emergence",Table 3,"+GA3 and -GA3 trial data combined (Results p.800), so n is presumably 6 plates of 25 seeds; not stated."
Eucalyptus marginata,population,,southwestern Western Australia,overstorey tree,,b,1992,none,,,,,seed_germination,74.7 ± 6.7,,74.7,maximum,%,standard_error,6.7,3,"highest mean germination of any of the 8 combinations of incubation temperature (15 or 23 °C), light (12 h light or constant dark) and GA3 (0 or 50 mg/l); 4 weeks incubation; germination = radicle emergence; 3 replicate plates of 25 seeds",Table 1,"Value is the highest treatment mean (""highest percentage germinability ... from trials""), so value_type maximum (of treatment means); could alternatively be mean -- curator to decide."
Eucalyptus marginata,population,,southwestern Western Australia,overstorey tree,,b,1992,none,15,dark,pooled (with and without GA3),b,seed_germination,62 ± 7b,,62,mean,%,standard_error,7,,constant 15 °C; constant dark; 4 weeks; germination = radicle emergence,Table 3,"+GA3 and -GA3 trial data combined (Results p.800), so n is presumably 6 plates of 25 seeds; not stated."
Eucalyptus marginata,population,,southwestern Western Australia,overstorey tree,,b,1992,none,15,light,pooled (with and without GA3),a,seed_germination,13 ± 8a,,13,mean,%,standard_error,8,,"constant 15 °C; 12 h diurnal white light, 80 μmol m-2 s-1; 4 weeks; germination = radicle emergence",Table 3,"+GA3 and -GA3 trial data combined (Results p.800), so n is presumably 6 plates of 25 seeds; not stated."
Eucalyptus marginata,population,,southwestern Western Australia,overstorey tree,,b,1992,none,23,dark,pooled (with and without GA3),b,seed_germination,51 ± 3b,,51,mean,%,standard_error,3,,constant 23 °C; constant dark; 4 weeks; germination = radicle emergence,Table 3,"+GA3 and -GA3 trial data combined (Results p.800), so n is presumably 6 plates of 25 seeds; not stated."
Eucalyptus marginata,population,,southwestern Western Australia,overstorey tree,,b,1992,none,23,light,pooled (with and without GA3),a,seed_germination,13 ± 6a,,13,mean,%,standard_error,6,,"constant 23 °C; 12 h diurnal white light, 80 μmol m-2 s-1; 4 weeks; germination = radicle emergence",Table 3,"+GA3 and -GA3 trial data combined (Results p.800), so n is presumably 6 plates of 25 seeds; not stated."
Eucalyptus marginata,species,,southwestern Western Australia,overstorey tree,,,,,,,,,seed_germination_treatment,"Eucalyptus marginata showed reduced germination in the light, which was overcome with GA3",gibberellic_acid,chemical_treatment,mode,,,,,,Abstract; Results p.800; Fig. 1,"Gibberellic acid (GA3, 50 mg/l) application; mapped to chemical_treatment."
Eucalyptus marginata,population,,southwestern Western Australia,overstorey tree,,a,1992,none,,,,,seed_viability,96.0 ± 0.1,,96.0,mean,%,standard_error,0.1,3,tetrazolium chloride (1% w/v) staining after nicking seed coat; 3 replicates of 25 seeds,Table 1,
Eucalyptus marginata,population,,southwestern Western Australia,overstorey tree,,b,1992,none,,,,,seed_viability,86.7 ± 2.7,,86.7,mean,%,standard_error,2.7,3,tetrazolium chloride (1% w/v) staining after nicking seed coat; 3 replicates of 25 seeds,Table 1,
Eucalyptus marginata,species,,southwestern Western Australia,overstorey tree,,,,,,,,,seedbank_location,canopy-borne seed (C),canopy_borne_seed,canopy_seedbank,mode,,,,,,Table 1,
Eucalyptus patens,species,,southwestern Western Australia,overstorey tree,,,,,,,,,bud_bank_location,These trees (except for Eucalyptus diversicolor) are capable of resprouting following fires from epicormic buds buried beneath the protection of thick bark,epicormic_buds,epicormic_buds,mode,,,,,,Discussion p.803,
Eucalyptus patens,species,,southwestern Western Australia,overstorey tree,,,,,,,,,life_form,"Phanerophyte (P, taller shrubs, > 1 m and trees)",phanerophyte,phanerophyte,mode,,,,,,Table 1,Source defines P as taller shrubs (> 1 m) and trees.
Eucalyptus patens,species,,southwestern Western Australia,overstorey tree,,,,,,,,,plant_growth_form,Overstorey trees (Table 3 heading); the large tree species of the genus Eucalyptus,overstorey_tree,tree,mode,,,,,,Table 3; Results p.800,
Eucalyptus patens,species,,southwestern Western Australia,overstorey tree,,,,,,,,,resprouting_capacity,resprouter (R),resprouter,resprouts,mode,,,,,,Table 1,
Eucalyptus patens,population,,southwestern Western Australia,overstorey tree,,,1992,none,,,,,seed_dry_mass,1.56 ± 0.08,,1.56,mean,mg,standard_error,0.08,3,mass per seed from three lots of 50 or 100 seeds; seeds stored at room temperature (drying method not stated),Table 1,
Eucalyptus patens,population,,southwestern Western Australia,overstorey tree,,,1992,none,,,,,seed_germination,13.4 ± 6.7,,13.4,maximum,%,standard_error,6.7,3,"highest mean germination of any of the 8 combinations of incubation temperature (15 or 23 °C), light (12 h light or constant dark) and GA3 (0 or 50 mg/l); 4 weeks incubation; germination = radicle emergence; 3 replicate plates of 25 seeds",Table 1,"Value is the highest treatment mean (""highest percentage germinability ... from trials""), so value_type maximum (of treatment means); could alternatively be mean -- curator to decide."
Eucalyptus patens,population,,southwestern Western Australia,overstorey tree,,,1992,none,15,dark,pooled (with and without GA3),a,seed_germination,9 ± 2a,,9,mean,%,standard_error,2,,constant 15 °C; constant dark; 4 weeks; germination = radicle emergence,Table 3,"+GA3 and -GA3 trial data combined (Results p.800), so n is presumably 6 plates of 25 seeds; not stated."
Eucalyptus patens,population,,southwestern Western Australia,overstorey tree,,,1992,none,15,light,pooled (with and without GA3),a,seed_germination,9 ± 2a,,9,mean,%,standard_error,2,,"constant 15 °C; 12 h diurnal white light, 80 μmol m-2 s-1; 4 weeks; germination = radicle emergence",Table 3,"+GA3 and -GA3 trial data combined (Results p.800), so n is presumably 6 plates of 25 seeds; not stated."
Eucalyptus patens,population,,southwestern Western Australia,overstorey tree,,,1992,none,23,dark,pooled (with and without GA3),a,seed_germination,8 ± 1a,,8,mean,%,standard_error,1,,constant 23 °C; constant dark; 4 weeks; germination = radicle emergence,Table 3,"+GA3 and -GA3 trial data combined (Results p.800), so n is presumably 6 plates of 25 seeds; not stated."
Eucalyptus patens,population,,southwestern Western Australia,overstorey tree,,,1992,none,23,light,pooled (with and without GA3),a,seed_germination,12 ± 3a,,12,mean,%,standard_error,3,,"constant 23 °C; 12 h diurnal white light, 80 μmol m-2 s-1; 4 weeks; germination = radicle emergence",Table 3,"+GA3 and -GA3 trial data combined (Results p.800), so n is presumably 6 plates of 25 seeds; not stated."
Eucalyptus patens,population,,southwestern Western Australia,overstorey tree,,,1992,none,,,,,seed_viability,12.0 ± 1.2,,12.0,mean,%,standard_error,1.2,3,tetrazolium chloride (1% w/v) staining after nicking seed coat; 3 replicates of 25 seeds,Table 1,Germinability (13.4%) slightly exceeds viability; not flagged by authors.
Eucalyptus patens,species,,southwestern Western Australia,overstorey tree,,,,,,,,,seedbank_location,canopy-borne seed (C),canopy_borne_seed,canopy_seedbank,mode,,,,,,Table 1,
Gompholobium knightianum,species,,southwestern Western Australia,understorey shrub,,,,,,,,,germination_cues,"Reduced germination percentages when exposed to light were especially apparent in the small-seeded species (≤ 10 mg; Trymalium floribundum, the Gompholobium species, Sphaerolobium vimineum, Chorizema ilicifolium, the Bossiaea and Acacia species).",darkness,burial,mode,,,,,,Results p.800,"Germination greater at 15 °C than 23 °C maps to temperature_cool and greater in darkness to burial; the authors relate these to the cool, wet winter and to buried seeds."
Gompholobium knightianum,population,,southwestern Western Australia,understorey shrub,,a,1994,boiled 30 s,,,,,germination_cues,"Germination was almost completely restricted to the 15°C incubation conditions in two Bossiaea species, Acacia drummondii ssp. candolleana and provenance (a) of Gompholobium knightianum.",cool_incubation_temperature,temperature_cool,mode,,,,,,Results p.800,Provenance (a) only; provenance (b) also germinated at 23 °C.
Gompholobium knightianum,species,,southwestern Western Australia,understorey shrub,,,,,,,,,life_form,"Megachamaephyte (CH-mg, 20-100 cm, low shrubs)",megachamaephyte,chamaephyte,mode,,,,,,Table 1,"Megachamaephyte (to 100 cm) mapped to chamaephyte, although Raunkiaer chamaephytes are defined as < 50 cm."
Gompholobium knightianum,species,,southwestern Western Australia,understorey shrub,,,,,,,,,plant_growth_form,"Megachamaephyte (CH-mg, 20-100 cm, low shrubs)",low_shrub,shrub,mode,,,,,,Table 1 (life-history legend),"Inferred from the life-history class legend (""low shrubs"" / ""small shrubs"")."
Gompholobium knightianum,species,,southwestern Western Australia,understorey shrub,,,,,,,,,resprouting_capacity,obligate seeder (OS),obligate_seeder,fire_killed,mode,,,,,,Table 1,
Gompholobium knightianum,species,,southwestern Western Australia,understorey shrub,,,,,,,,,seed_dormancy_class,Species previously known to require a heat-shock treatment to overcome dormancy due to an impervious testa were pre-treated,impervious_testa,physical_dormancy,mode,,,,,,Abstract; Methods p.798; Table 1,Inferred from the authors pre-treating the species because of a known impervious (hard) testa.
Gompholobium knightianum,population,,southwestern Western Australia,understorey shrub,,a,1994,boiled 30 s,,,,,seed_dry_mass,1.55 ± 0.16,,1.55,mean,mg,standard_error,0.16,3,mass per seed from three lots of 50 or 100 seeds; seeds stored at room temperature (drying method not stated),Table 1,
Gompholobium knightianum,population,,southwestern Western Australia,understorey shrub,,b,1993,boiled 30 s,,,,,seed_dry_mass,1.57 ± 0.03,,1.57,mean,mg,standard_error,0.03,3,mass per seed from three lots of 50 or 100 seeds; seeds stored at room temperature (drying method not stated),Table 1,
Gompholobium knightianum,population,,southwestern Western Australia,understorey shrub,,a,1994,boiled 30 s,,,,,seed_germination,31.7 ± 7.2,,31.7,maximum,%,standard_error,7.2,3,"highest mean germination of any of the 8 combinations of incubation temperature (15 or 23 °C), light (12 h light or constant dark) and GA3 (0 or 50 mg/l); 4 weeks incubation; germination = radicle emergence; 3 replicate plates of 25 seeds",Table 1,"Value is the highest treatment mean (""highest percentage germinability ... from trials""), so value_type maximum (of treatment means); could alternatively be mean -- curator to decide."
Gompholobium knightianum,population,,southwestern Western Australia,understorey shrub,,a,1994,boiled 30 s,15,dark,pooled (with and without GA3),b,seed_germination,24 ± 6b,,24,mean,%,standard_error,6,,constant 15 °C; constant dark; 4 weeks; germination = radicle emergence,Table 3,"+GA3 and -GA3 trial data combined (Results p.800), so n is presumably 6 plates of 25 seeds; not stated."
Gompholobium knightianum,population,,southwestern Western Australia,understorey shrub,,a,1994,boiled 30 s,15,light,pooled (with and without GA3),a,seed_germination,10 ± 4a,,10,mean,%,standard_error,4,,"constant 15 °C; 12 h diurnal white light, 80 μmol m-2 s-1; 4 weeks; germination = radicle emergence",Table 3,"+GA3 and -GA3 trial data combined (Results p.800), so n is presumably 6 plates of 25 seeds; not stated."
Gompholobium knightianum,population,,southwestern Western Australia,understorey shrub,,a,1994,boiled 30 s,23,dark,pooled (with and without GA3),a,seed_germination,11 ± 10a,,11,mean,%,standard_error,10,,constant 23 °C; constant dark; 4 weeks; germination = radicle emergence,Table 3,"+GA3 and -GA3 trial data combined (Results p.800), so n is presumably 6 plates of 25 seeds; not stated."
Gompholobium knightianum,population,,southwestern Western Australia,understorey shrub,,a,1994,boiled 30 s,23,light,pooled (with and without GA3),a,seed_germination,12 ± 8a,,12,mean,%,standard_error,8,,"constant 23 °C; 12 h diurnal white light, 80 μmol m-2 s-1; 4 weeks; germination = radicle emergence",Table 3,"+GA3 and -GA3 trial data combined (Results p.800), so n is presumably 6 plates of 25 seeds; not stated."
Gompholobium knightianum,population,,southwestern Western Australia,understorey shrub,,b,1993,boiled 30 s,,,,,seed_germination,58.7 ± 6.7,,58.7,maximum,%,standard_error,6.7,3,"highest mean germination of any of the 8 combinations of incubation temperature (15 or 23 °C), light (12 h light or constant dark) and GA3 (0 or 50 mg/l); 4 weeks incubation; germination = radicle emergence; 3 replicate plates of 25 seeds",Table 1,"Value is the highest treatment mean (""highest percentage germinability ... from trials""), so value_type maximum (of treatment means); could alternatively be mean -- curator to decide."
Gompholobium knightianum,population,,southwestern Western Australia,understorey shrub,,b,1993,boiled 30 s,15,dark,pooled (with and without GA3),c,seed_germination,51 ± 6c,,51,mean,%,standard_error,6,,constant 15 °C; constant dark; 4 weeks; germination = radicle emergence,Table 3,"+GA3 and -GA3 trial data combined (Results p.800), so n is presumably 6 plates of 25 seeds; not stated."
Gompholobium knightianum,population,,southwestern Western Australia,understorey shrub,,b,1993,boiled 30 s,15,light,pooled (with and without GA3),a,seed_germination,0 ± 0a,,0,mean,%,standard_error,0,,"constant 15 °C; 12 h diurnal white light, 80 μmol m-2 s-1; 4 weeks; germination = radicle emergence",Table 3,"+GA3 and -GA3 trial data combined (Results p.800), so n is presumably 6 plates of 25 seeds; not stated."
Gompholobium knightianum,population,,southwestern Western Australia,understorey shrub,,b,1993,boiled 30 s,23,dark,pooled (with and without GA3),b,seed_germination,31 ± 7b,,31,mean,%,standard_error,7,,constant 23 °C; constant dark; 4 weeks; germination = radicle emergence,Table 3,"+GA3 and -GA3 trial data combined (Results p.800), so n is presumably 6 plates of 25 seeds; not stated."
Gompholobium knightianum,population,,southwestern Western Australia,understorey shrub,,b,1993,boiled 30 s,23,light,pooled (with and without GA3),a,seed_germination,0 ± 0a,,0,mean,%,standard_error,0,,"constant 23 °C; 12 h diurnal white light, 80 μmol m-2 s-1; 4 weeks; germination = radicle emergence",Table 3,"+GA3 and -GA3 trial data combined (Results p.800), so n is presumably 6 plates of 25 seeds; not stated."
Gompholobium knightianum,population,,southwestern Western Australia,understorey shrub,,a,1994,boiled 30 s,,,,,seed_germination_treatment,"Boiled (30 s); ""Species previously known to require a heat-shock treatment to overcome dormancy due to an impervious testa were pre-treated""",boiling_water,imbibe_hot,mode,,,,,,Table 1; Methods p.798,"Seeds placed in boiling water for the duration found by Alcoa of Australia Ltd. to give the highest germination; this is prior Alcoa knowledge, not tested against untreated controls in this study. Boiling-water immersion mapped to imbibe_hot, as in other datasets."
Gompholobium knightianum,population,,southwestern Western Australia,understorey shrub,,b,1993,boiled 30 s,,,,,seed_germination_treatment,"Boiled (30 s); ""Species previously known to require a heat-shock treatment to overcome dormancy due to an impervious testa were pre-treated""",boiling_water,imbibe_hot,mode,,,,,,Table 1; Methods p.798,"Seeds placed in boiling water for the duration found by Alcoa of Australia Ltd. to give the highest germination; this is prior Alcoa knowledge, not tested against untreated controls in this study. Boiling-water immersion mapped to imbibe_hot, as in other datasets."
Gompholobium knightianum,population,,southwestern Western Australia,understorey shrub,,b,,,,,,,seed_germination_treatment,germination inhibition by light was overcome by supplemental GA3,gibberellic_acid,chemical_treatment,mode,,,,,,Results p.803; Fig. 1,"Gibberellic acid (GA3, 50 mg/l) application; mapped to chemical_treatment. Provenance (b) only."
Gompholobium knightianum,population,,southwestern Western Australia,understorey shrub,,a,1994,boiled 30 s,,,,,seed_viability,78.0 ± 3.2,,78.0,mean,%,standard_error,3.2,3,tetrazolium chloride (1% w/v) staining after nicking seed coat; 3 replicates of 25 seeds,Table 1,
Gompholobium knightianum,population,,southwestern Western Australia,understorey shrub,,b,1993,boiled 30 s,,,,,seed_viability,76.0 ± 2.3,,76.0,mean,%,standard_error,2.3,3,tetrazolium chloride (1% w/v) staining after nicking seed coat; 3 replicates of 25 seeds,Table 1,
Gompholobium knightianum,species,,southwestern Western Australia,understorey shrub,,,,,,,,,seedbank_location,soil-stored seed (S),soil_stored_seed,soil_seedbank,mode,,,,,,Table 1,
Gompholobium marginatum,species,,southwestern Western Australia,understorey shrub,,,,,,,,,germination_cues,"Reduced germination percentages when exposed to light were especially apparent in the small-seeded species (≤ 10 mg; Trymalium floribundum, the Gompholobium species, Sphaerolobium vimineum, Chorizema ilicifolium, the Bossiaea and Acacia species).",darkness,burial,mode,,,,,,Results p.800,"Germination greater at 15 °C than 23 °C maps to temperature_cool and greater in darkness to burial; the authors relate these to the cool, wet winter and to buried seeds."
Gompholobium marginatum,species,,southwestern Western Australia,understorey shrub,,,,,,,,,life_form,"Megachamaephyte (CH-mg, 20-100 cm, low shrubs)",megachamaephyte,chamaephyte,mode,,,,,,Table 1,"Megachamaephyte (to 100 cm) mapped to chamaephyte, although Raunkiaer chamaephytes are defined as < 50 cm."
Gompholobium marginatum,species,,southwestern Western Australia,understorey shrub,,,,,,,,,plant_growth_form,"Megachamaephyte (CH-mg, 20-100 cm, low shrubs)",low_shrub,shrub,mode,,,,,,Table 1 (life-history legend),"Inferred from the life-history class legend (""low shrubs"" / ""small shrubs"")."
Gompholobium marginatum,species,,southwestern Western Australia,understorey shrub,,,,,,,,,resprouting_capacity,obligate seeder (OS),obligate_seeder,fire_killed,mode,,,,,,Table 1,
Gompholobium marginatum,species,,southwestern Western Australia,understorey shrub,,,,,,,,,seed_dormancy_class,Species previously known to require a heat-shock treatment to overcome dormancy due to an impervious testa were pre-treated,impervious_testa,physical_dormancy,mode,,,,,,Abstract; Methods p.798; Table 1,Inferred from the authors pre-treating the species because of a known impervious (hard) testa.
Gompholobium marginatum,population,,southwestern Western Australia,understorey shrub,,,1993,boiled 30 s,,,,,seed_dry_mass,1.69 ± 0.05,,1.69,mean,mg,standard_error,0.05,3,mass per seed from three lots of 50 or 100 seeds; seeds stored at room temperature (drying method not stated),Table 1,
Gompholobium marginatum,population,,southwestern Western Australia,understorey shrub,,,1993,boiled 30 s,,,,,seed_germination,13.3 ± 2.7,,13.3,maximum,%,standard_error,2.7,3,"highest mean germination of any of the 8 combinations of incubation temperature (15 or 23 °C), light (12 h light or constant dark) and GA3 (0 or 50 mg/l); 4 weeks incubation; germination = radicle emergence; 3 replicate plates of 25 seeds",Table 1,"Value is the highest treatment mean (""highest percentage germinability ... from trials""), so value_type maximum (of treatment means); could alternatively be mean -- curator to decide."
Gompholobium marginatum,population,,southwestern Western Australia,understorey shrub,,,1993,boiled 30 s,15,dark,pooled (with and without GA3),b,seed_germination,11 ± 2b,,11,mean,%,standard_error,2,,constant 15 °C; constant dark; 4 weeks; germination = radicle emergence,Table 3,"+GA3 and -GA3 trial data combined (Results p.800), so n is presumably 6 plates of 25 seeds; not stated."
Gompholobium marginatum,population,,southwestern Western Australia,understorey shrub,,,1993,boiled 30 s,15,light,pooled (with and without GA3),ab,seed_germination,6 ± 2ab,,6,mean,%,standard_error,2,,"constant 15 °C; 12 h diurnal white light, 80 μmol m-2 s-1; 4 weeks; germination = radicle emergence",Table 3,"+GA3 and -GA3 trial data combined (Results p.800), so n is presumably 6 plates of 25 seeds; not stated."
Gompholobium marginatum,population,,southwestern Western Australia,understorey shrub,,,1993,boiled 30 s,23,dark,pooled (with and without GA3),b,seed_germination,11 ± 4b,,11,mean,%,standard_error,4,,constant 23 °C; constant dark; 4 weeks; germination = radicle emergence,Table 3,"+GA3 and -GA3 trial data combined (Results p.800), so n is presumably 6 plates of 25 seeds; not stated."
Gompholobium marginatum,population,,southwestern Western Australia,understorey shrub,,,1993,boiled 30 s,23,light,pooled (with and without GA3),a,seed_germination,2 ± 1a,,2,mean,%,standard_error,1,,"constant 23 °C; 12 h diurnal white light, 80 μmol m-2 s-1; 4 weeks; germination = radicle emergence",Table 3,"+GA3 and -GA3 trial data combined (Results p.800), so n is presumably 6 plates of 25 seeds; not stated."
Gompholobium marginatum,population,,southwestern Western Australia,understorey shrub,,,1993,boiled 30 s,,,,,seed_germination_treatment,"Boiled (30 s); ""Species previously known to require a heat-shock treatment to overcome dormancy due to an impervious testa were pre-treated""",boiling_water,imbibe_hot,mode,,,,,,Table 1; Methods p.798,"Seeds placed in boiling water for the duration found by Alcoa of Australia Ltd. to give the highest germination; this is prior Alcoa knowledge, not tested against untreated controls in this study. Boiling-water immersion mapped to imbibe_hot, as in other datasets."
Gompholobium marginatum,population,,southwestern Western Australia,understorey shrub,,,1993,boiled 30 s,,,,,seed_viability,81.3 ± 3.5,,81.3,mean,%,standard_error,3.5,3,tetrazolium chloride (1% w/v) staining after nicking seed coat; 3 replicates of 25 seeds,Table 1,
Gompholobium marginatum,species,,southwestern Western Australia,understorey shrub,,,,,,,,,seedbank_location,soil-stored seed (S),soil_stored_seed,soil_seedbank,mode,,,,,,Table 1,
Gompholobium tomentosum,species,,southwestern Western Australia,understorey shrub,,,,,,,,,germination_cues,"Reduced germination percentages when exposed to light were especially apparent in the small-seeded species (≤ 10 mg; Trymalium floribundum, the Gompholobium species, Sphaerolobium vimineum, Chorizema ilicifolium, the Bossiaea and Acacia species).",darkness,burial,mode,,,,,,Results p.800,"Germination greater at 15 °C than 23 °C maps to temperature_cool and greater in darkness to burial; the authors relate these to the cool, wet winter and to buried seeds."
Gompholobium tomentosum,species,,southwestern Western Australia,understorey shrub,,,,,,,,,life_form,"Megachamaephyte (CH-mg, 20-100 cm, low shrubs)",megachamaephyte,chamaephyte,mode,,,,,,Table 1,"Megachamaephyte (to 100 cm) mapped to chamaephyte, although Raunkiaer chamaephytes are defined as < 50 cm."
Gompholobium tomentosum,species,,southwestern Western Australia,understorey shrub,,,,,,,,,plant_growth_form,"Megachamaephyte (CH-mg, 20-100 cm, low shrubs)",low_shrub,shrub,mode,,,,,,Table 1 (life-history legend),"Inferred from the life-history class legend (""low shrubs"" / ""small shrubs"")."
Gompholobium tomentosum,species,,southwestern Western Australia,understorey shrub,,,,,,,,,resprouting_capacity,obligate seeder (OS),obligate_seeder,fire_killed,mode,,,,,,Table 1,
Gompholobium tomentosum,species,,southwestern Western Australia,understorey shrub,,,,,,,,,seed_dormancy_class,Species previously known to require a heat-shock treatment to overcome dormancy due to an impervious testa were pre-treated,impervious_testa,physical_dormancy,mode,,,,,,Abstract; Methods p.798; Table 1,Inferred from the authors pre-treating the species because of a known impervious (hard) testa.
Gompholobium tomentosum,population,,southwestern Western Australia,understorey shrub,,,1991,boiled 30 s,,,,,seed_dry_mass,1.68 ± 0.07,,1.68,mean,mg,standard_error,0.07,3,mass per seed from three lots of 50 or 100 seeds; seeds stored at room temperature (drying method not stated),Table 1,
Gompholobium tomentosum,population,,southwestern Western Australia,understorey shrub,,,1991,boiled 30 s,,,,,seed_germination,53.3 ± 1.3,,53.3,maximum,%,standard_error,1.3,3,"highest mean germination of any of the 8 combinations of incubation temperature (15 or 23 °C), light (12 h light or constant dark) and GA3 (0 or 50 mg/l); 4 weeks incubation; germination = radicle emergence; 3 replicate plates of 25 seeds",Table 1,"Value is the highest treatment mean (""highest percentage germinability ... from trials""), so value_type maximum (of treatment means); could alternatively be mean -- curator to decide."
Gompholobium tomentosum,population,,southwestern Western Australia,understorey shrub,,,1991,boiled 30 s,15,dark,pooled (with and without GA3),b,seed_germination,35 ± 8b,,35,mean,%,standard_error,8,,constant 15 °C; constant dark; 4 weeks; germination = radicle emergence,Table 3,"+GA3 and -GA3 trial data combined (Results p.800), so n is presumably 6 plates of 25 seeds; not stated."
Gompholobium tomentosum,population,,southwestern Western Australia,understorey shrub,,,1991,boiled 30 s,15,light,pooled (with and without GA3),b,seed_germination,25 ± 12b,,25,mean,%,standard_error,12,,"constant 15 °C; 12 h diurnal white light, 80 μmol m-2 s-1; 4 weeks; germination = radicle emergence",Table 3,"+GA3 and -GA3 trial data combined (Results p.800), so n is presumably 6 plates of 25 seeds; not stated."
Gompholobium tomentosum,population,,southwestern Western Australia,understorey shrub,,,1991,boiled 30 s,23,dark,pooled (with and without GA3),a,seed_germination,10 ± 10a,,10,mean,%,standard_error,10,,constant 23 °C; constant dark; 4 weeks; germination = radicle emergence,Table 3,"+GA3 and -GA3 trial data combined (Results p.800), so n is presumably 6 plates of 25 seeds; not stated."
Gompholobium tomentosum,population,,southwestern Western Australia,understorey shrub,,,1991,boiled 30 s,23,light,pooled (with and without GA3),a,seed_germination,0 ± 0a,,0,mean,%,standard_error,0,,"constant 23 °C; 12 h diurnal white light, 80 μmol m-2 s-1; 4 weeks; germination = radicle emergence",Table 3,"+GA3 and -GA3 trial data combined (Results p.800), so n is presumably 6 plates of 25 seeds; not stated."
Gompholobium tomentosum,population,,southwestern Western Australia,understorey shrub,,,1991,boiled 30 s,,,,,seed_germination_treatment,"Boiled (30 s); ""Species previously known to require a heat-shock treatment to overcome dormancy due to an impervious testa were pre-treated""",boiling_water,imbibe_hot,mode,,,,,,Table 1; Methods p.798,"Seeds placed in boiling water for the duration found by Alcoa of Australia Ltd. to give the highest germination; this is prior Alcoa knowledge, not tested against untreated controls in this study. Boiling-water immersion mapped to imbibe_hot, as in other datasets."
Gompholobium tomentosum,species,,southwestern Western Australia,understorey shrub,,,,,,,,,seed_germination_treatment,germination inhibition by light was overcome by supplemental GA3,gibberellic_acid,chemical_treatment,mode,,,,,,Results p.803; Fig. 1,"Gibberellic acid (GA3, 50 mg/l) application; mapped to chemical_treatment."
Gompholobium tomentosum,population,,southwestern Western Australia,understorey shrub,,,1991,boiled 30 s,,,,,seed_viability,84.0 ± 0.0,,84.0,mean,%,standard_error,0.0,3,tetrazolium chloride (1% w/v) staining after nicking seed coat; 3 replicates of 25 seeds,Table 1,
Gompholobium tomentosum,species,,southwestern Western Australia,understorey shrub,,,,,,,,,seedbank_location,soil-stored seed (S),soil_stored_seed,soil_seedbank,mode,,,,,,Table 1,
Hardenbergia comptoniana,species,,southwestern Western Australia,understorey shrub,,,,,,,,,life_form,Climbers (C),climber,,mode,,,,,,Table 1,Climber is not a Raunkiaer life form; no life_form value -- see plant_growth_form row.
Hardenbergia comptoniana,species,,southwestern Western Australia,understorey shrub,,,,,,,,,plant_growth_form,Climbers (C),climber,climber,mode,,,,,,Table 1,
Hardenbergia comptoniana,species,,southwestern Western Australia,understorey shrub,,,,,,,,,resprouting_capacity,resprouter (R),resprouter,resprouts,mode,,,,,,Table 1,
Hardenbergia comptoniana,species,,southwestern Western Australia,understorey shrub,,,,,,,,,seed_dormancy_class,Species previously known to require a heat-shock treatment to overcome dormancy due to an impervious testa were pre-treated,impervious_testa,physical_dormancy,mode,,,,,,Abstract; Methods p.798; Table 1,Inferred from the authors pre-treating the species because of a known impervious (hard) testa.
Hardenbergia comptoniana,population,,southwestern Western Australia,understorey shrub,,a,1993,none,,,,,seed_dry_mass,38.34 ± 0.21,,38.34,mean,mg,standard_error,0.21,3,mass per seed from three lots of 50 or 100 seeds; seeds stored at room temperature (drying method not stated),Table 1,
Hardenbergia comptoniana,population,,southwestern Western Australia,understorey shrub,,b,1994,boiled 60 s,,,,,seed_dry_mass,45.17 ± 0.88,,45.17,mean,mg,standard_error,0.88,3,mass per seed from three lots of 50 or 100 seeds; seeds stored at room temperature (drying method not stated),Table 1,
Hardenbergia comptoniana,population,,southwestern Western Australia,understorey shrub,,a,1993,none,,,,,seed_germination,12.0 ± 6.1,,12.0,maximum,%,standard_error,6.1,3,"highest mean germination of any of the 8 combinations of incubation temperature (15 or 23 °C), light (12 h light or constant dark) and GA3 (0 or 50 mg/l); 4 weeks incubation; germination = radicle emergence; 3 replicate plates of 25 seeds",Table 1,"Value is the highest treatment mean (""highest percentage germinability ... from trials""), so value_type maximum (of treatment means); could alternatively be mean -- curator to decide. Collection not given the boiling pre-treatment; authors expect germinability would be much higher with it (Results p.803)."
Hardenbergia comptoniana,population,,southwestern Western Australia,understorey shrub,,a,1993,none,15,dark,pooled (with and without GA3),ab,seed_germination,2 ± 2ab,,2,mean,%,standard_error,2,,constant 15 °C; constant dark; 4 weeks; germination = radicle emergence,Table 3,"+GA3 and -GA3 trial data combined (Results p.800), so n is presumably 6 plates of 25 seeds; not stated."
Hardenbergia comptoniana,population,,southwestern Western Australia,understorey shrub,,a,1993,none,15,light,pooled (with and without GA3),b,seed_germination,8 ± 3b,,8,mean,%,standard_error,3,,"constant 15 °C; 12 h diurnal white light, 80 μmol m-2 s-1; 4 weeks; germination = radicle emergence",Table 3,"+GA3 and -GA3 trial data combined (Results p.800), so n is presumably 6 plates of 25 seeds; not stated."
Hardenbergia comptoniana,population,,southwestern Western Australia,understorey shrub,,a,1993,none,23,dark,pooled (with and without GA3),a,seed_germination,1 ± 1a,,1,mean,%,standard_error,1,,constant 23 °C; constant dark; 4 weeks; germination = radicle emergence,Table 3,"+GA3 and -GA3 trial data combined (Results p.800), so n is presumably 6 plates of 25 seeds; not stated."
Hardenbergia comptoniana,population,,southwestern Western Australia,understorey shrub,,a,1993,none,23,light,pooled (with and without GA3),ab,seed_germination,4 ± 2ab,,4,mean,%,standard_error,2,,"constant 23 °C; 12 h diurnal white light, 80 μmol m-2 s-1; 4 weeks; germination = radicle emergence",Table 3,"+GA3 and -GA3 trial data combined (Results p.800), so n is presumably 6 plates of 25 seeds; not stated."
Hardenbergia comptoniana,population,,southwestern Western Australia,understorey shrub,,b,1994,boiled 60 s,,,,,seed_germination,100.0 ± 0.0,,100.0,maximum,%,standard_error,0.0,3,"highest mean germination of any of the 8 combinations of incubation temperature (15 or 23 °C), light (12 h light or constant dark) and GA3 (0 or 50 mg/l); 4 weeks incubation; germination = radicle emergence; 3 replicate plates of 25 seeds",Table 1,"Value is the highest treatment mean (""highest percentage germinability ... from trials""), so value_type maximum (of treatment means); could alternatively be mean -- curator to decide."
Hardenbergia comptoniana,population,,southwestern Western Australia,understorey shrub,,b,1994,boiled 60 s,15,dark,pooled (with and without GA3),a,seed_germination,99 ± 1a,,99,mean,%,standard_error,1,,constant 15 °C; constant dark; 4 weeks; germination = radicle emergence,Table 3,"+GA3 and -GA3 trial data combined (Results p.800), so n is presumably 6 plates of 25 seeds; not stated."
Hardenbergia comptoniana,population,,southwestern Western Australia,understorey shrub,,b,1994,boiled 60 s,15,light,pooled (with and without GA3),a,seed_germination,95 ± 1a,,95,mean,%,standard_error,1,,"constant 15 °C; 12 h diurnal white light, 80 μmol m-2 s-1; 4 weeks; germination = radicle emergence",Table 3,"+GA3 and -GA3 trial data combined (Results p.800), so n is presumably 6 plates of 25 seeds; not stated."
Hardenbergia comptoniana,population,,southwestern Western Australia,understorey shrub,,b,1994,boiled 60 s,23,dark,pooled (with and without GA3),a,seed_germination,97 ± 1a,,97,mean,%,standard_error,1,,constant 23 °C; constant dark; 4 weeks; germination = radicle emergence,Table 3,"+GA3 and -GA3 trial data combined (Results p.800), so n is presumably 6 plates of 25 seeds; not stated."
Hardenbergia comptoniana,population,,southwestern Western Australia,understorey shrub,,b,1994,boiled 60 s,23,light,pooled (with and without GA3),a,seed_germination,98 ± 1a,,98,mean,%,standard_error,1,,"constant 23 °C; 12 h diurnal white light, 80 μmol m-2 s-1; 4 weeks; germination = radicle emergence",Table 3,"+GA3 and -GA3 trial data combined (Results p.800), so n is presumably 6 plates of 25 seeds; not stated."
Hardenbergia comptoniana,population,,southwestern Western Australia,understorey shrub,,b,1994,boiled 60 s,,,,,seed_germination_treatment,"Boiled (60 s); ""Species previously known to require a heat-shock treatment to overcome dormancy due to an impervious testa were pre-treated""",boiling_water,imbibe_hot,mode,,,,,,Table 1; Methods p.798,"Seeds placed in boiling water for the duration found by Alcoa of Australia Ltd. to give the highest germination; this is prior Alcoa knowledge, not tested against untreated controls in this study. Boiling-water immersion mapped to imbibe_hot, as in other datasets."
Hardenbergia comptoniana,population,,southwestern Western Australia,understorey shrub,,a,1993,none,,,,,seed_viability,100.0 ± 0.0,,100.0,mean,%,standard_error,0.0,3,tetrazolium chloride (1% w/v) staining after nicking seed coat; 3 replicates of 25 seeds,Table 1,
Hardenbergia comptoniana,population,,southwestern Western Australia,understorey shrub,,b,1994,boiled 60 s,,,,,seed_viability,97.3 ± 2.7,,97.3,mean,%,standard_error,2.7,3,tetrazolium chloride (1% w/v) staining after nicking seed coat; 3 replicates of 25 seeds,Table 1,
Hardenbergia comptoniana,species,,southwestern Western Australia,understorey shrub,,,,,,,,,seedbank_location,soil-stored seed (S),soil_stored_seed,soil_seedbank,mode,,,,,,Table 1,
Hovea trisperma,species,,southwestern Western Australia,understorey shrub,,,,,,,,,germination_cues,"In the large-seeded species (> 10 mg; Daviesia cordata, Hovea trisperma and the two Kennedia species) germination was greater in the lower incubation temperature, but light exposure was not inhibitory.",cool_incubation_temperature,temperature_cool,mode,,,,,,Results p.803,"Germination greater at 15 °C than 23 °C maps to temperature_cool and greater in darkness to burial; the authors relate these to the cool, wet winter and to buried seeds."
Hovea trisperma,species,,southwestern Western Australia,understorey shrub,,,,,,,,,life_form,"Megachamaephyte (CH-mg, 20-100 cm, low shrubs)",megachamaephyte,chamaephyte,mode,,,,,,Table 1,"Megachamaephyte (to 100 cm) mapped to chamaephyte, although Raunkiaer chamaephytes are defined as < 50 cm."
Hovea trisperma,species,,southwestern Western Australia,understorey shrub,,,,,,,,,plant_growth_form,"Megachamaephyte (CH-mg, 20-100 cm, low shrubs)",low_shrub,shrub,mode,,,,,,Table 1 (life-history legend),"Inferred from the life-history class legend (""low shrubs"" / ""small shrubs"")."
Hovea trisperma,species,,southwestern Western Australia,understorey shrub,,,,,,,,,resprouting_capacity,resprouter (R),resprouter,resprouts,mode,,,,,,Table 1,
Hovea trisperma,species,,southwestern Western Australia,understorey shrub,,,,,,,,,seed_dormancy_class,Species previously known to require a heat-shock treatment to overcome dormancy due to an impervious testa were pre-treated,impervious_testa,physical_dormancy,mode,,,,,,Abstract; Methods p.798; Table 1,Inferred from the authors pre-treating the species because of a known impervious (hard) testa.
Hovea trisperma,population,,southwestern Western Australia,understorey shrub,,a,1993,boiled 30 s,,,,,seed_dry_mass,23.45 ± 0.15,,23.45,mean,mg,standard_error,0.15,3,mass per seed from three lots of 50 or 100 seeds; seeds stored at room temperature (drying method not stated),Table 1,
Hovea trisperma,population,,southwestern Western Australia,understorey shrub,,b,1993,boiled 30 s,,,,,seed_dry_mass,26.34 ± 0.18,,26.34,mean,mg,standard_error,0.18,3,mass per seed from three lots of 50 or 100 seeds; seeds stored at room temperature (drying method not stated),Table 1,
Hovea trisperma,population,,southwestern Western Australia,understorey shrub,,a,1993,boiled 30 s,,,,,seed_germination,10.0 ± 2.9,,10.0,maximum,%,standard_error,2.9,3,"highest mean germination of any of the 8 combinations of incubation temperature (15 or 23 °C), light (12 h light or constant dark) and GA3 (0 or 50 mg/l); 4 weeks incubation; germination = radicle emergence; 3 replicate plates of 25 seeds",Table 1,"Value is the highest treatment mean (""highest percentage germinability ... from trials""), so value_type maximum (of treatment means); could alternatively be mean -- curator to decide."
Hovea trisperma,population,,southwestern Western Australia,understorey shrub,,a,1993,boiled 30 s,15,dark,pooled (with and without GA3),b,seed_germination,8 ± 2b,,8,mean,%,standard_error,2,,constant 15 °C; constant dark; 4 weeks; germination = radicle emergence,Table 3,"+GA3 and -GA3 trial data combined (Results p.800), so n is presumably 6 plates of 25 seeds; not stated."
Hovea trisperma,population,,southwestern Western Australia,understorey shrub,,a,1993,boiled 30 s,15,light,pooled (with and without GA3),b,seed_germination,10 ± 2b,,10,mean,%,standard_error,2,,"constant 15 °C; 12 h diurnal white light, 80 μmol m-2 s-1; 4 weeks; germination = radicle emergence",Table 3,"+GA3 and -GA3 trial data combined (Results p.800), so n is presumably 6 plates of 25 seeds; not stated."
Hovea trisperma,population,,southwestern Western Australia,understorey shrub,,a,1993,boiled 30 s,23,dark,pooled (with and without GA3),a,seed_germination,0 ± 0a,,0,mean,%,standard_error,0,,constant 23 °C; constant dark; 4 weeks; germination = radicle emergence,Table 3,"+GA3 and -GA3 trial data combined (Results p.800), so n is presumably 6 plates of 25 seeds; not stated."
Hovea trisperma,population,,southwestern Western Australia,understorey shrub,,a,1993,boiled 30 s,23,light,pooled (with and without GA3),a,seed_germination,0 ± 0a,,0,mean,%,standard_error,0,,"constant 23 °C; 12 h diurnal white light, 80 μmol m-2 s-1; 4 weeks; germination = radicle emergence",Table 3,"+GA3 and -GA3 trial data combined (Results p.800), so n is presumably 6 plates of 25 seeds; not stated."
Hovea trisperma,population,,southwestern Western Australia,understorey shrub,,b,1993,boiled 30 s,,,,,seed_germination,76.0 ± 10.1,,76.0,maximum,%,standard_error,10.1,3,"highest mean germination of any of the 8 combinations of incubation temperature (15 or 23 °C), light (12 h light or constant dark) and GA3 (0 or 50 mg/l); 4 weeks incubation; germination = radicle emergence; 3 replicate plates of 25 seeds",Table 1,"Value is the highest treatment mean (""highest percentage germinability ... from trials""), so value_type maximum (of treatment means); could alternatively be mean -- curator to decide."
Hovea trisperma,population,,southwestern Western Australia,understorey shrub,,b,1993,boiled 30 s,15,dark,pooled (with and without GA3),c,seed_germination,57 ± 12c,,57,mean,%,standard_error,12,,constant 15 °C; constant dark; 4 weeks; germination = radicle emergence,Table 3,"+GA3 and -GA3 trial data combined (Results p.800), so n is presumably 6 plates of 25 seeds; not stated."
Hovea trisperma,population,,southwestern Western Australia,understorey shrub,,b,1993,boiled 30 s,15,light,pooled (with and without GA3),c,seed_germination,64 ± 8c,,64,mean,%,standard_error,8,,"constant 15 °C; 12 h diurnal white light, 80 μmol m-2 s-1; 4 weeks; germination = radicle emergence",Table 3,"+GA3 and -GA3 trial data combined (Results p.800), so n is presumably 6 plates of 25 seeds; not stated."
Hovea trisperma,population,,southwestern Western Australia,understorey shrub,,b,1993,boiled 30 s,23,dark,pooled (with and without GA3),b,seed_germination,20 ± 10b,,20,mean,%,standard_error,10,,constant 23 °C; constant dark; 4 weeks; germination = radicle emergence,Table 3,"+GA3 and -GA3 trial data combined (Results p.800), so n is presumably 6 plates of 25 seeds; not stated."
Hovea trisperma,population,,southwestern Western Australia,understorey shrub,,b,1993,boiled 30 s,23,light,pooled (with and without GA3),a,seed_germination,1 ± 1a,,1,mean,%,standard_error,1,,"constant 23 °C; 12 h diurnal white light, 80 μmol m-2 s-1; 4 weeks; germination = radicle emergence",Table 3,"+GA3 and -GA3 trial data combined (Results p.800), so n is presumably 6 plates of 25 seeds; not stated."
Hovea trisperma,population,,southwestern Western Australia,understorey shrub,,a,1993,boiled 30 s,,,,,seed_germination_treatment,"Boiled (30 s); ""Species previously known to require a heat-shock treatment to overcome dormancy due to an impervious testa were pre-treated""",boiling_water,imbibe_hot,mode,,,,,,Table 1; Methods p.798,"Seeds placed in boiling water for the duration found by Alcoa of Australia Ltd. to give the highest germination; this is prior Alcoa knowledge, not tested against untreated controls in this study. Boiling-water immersion mapped to imbibe_hot, as in other datasets."
Hovea trisperma,population,,southwestern Western Australia,understorey shrub,,b,1993,boiled 30 s,,,,,seed_germination_treatment,"Boiled (30 s); ""Species previously known to require a heat-shock treatment to overcome dormancy due to an impervious testa were pre-treated""",boiling_water,imbibe_hot,mode,,,,,,Table 1; Methods p.798,"Seeds placed in boiling water for the duration found by Alcoa of Australia Ltd. to give the highest germination; this is prior Alcoa knowledge, not tested against untreated controls in this study. Boiling-water immersion mapped to imbibe_hot, as in other datasets."
Hovea trisperma,population,,southwestern Western Australia,understorey shrub,,a,1993,boiled 30 s,,,,,seed_viability,29.3 ± 15.4,,29.3,mean,%,standard_error,15.4,3,tetrazolium chloride (1% w/v) staining after nicking seed coat; 3 replicates of 25 seeds,Table 1,
Hovea trisperma,population,,southwestern Western Australia,understorey shrub,,b,1993,boiled 30 s,,,,,seed_viability,88.0 ± 2.3,,88.0,mean,%,standard_error,2.3,3,tetrazolium chloride (1% w/v) staining after nicking seed coat; 3 replicates of 25 seeds,Table 1,
Hovea trisperma,species,,southwestern Western Australia,understorey shrub,,,,,,,,,seedbank_location,soil-stored seed (S),soil_stored_seed,soil_seedbank,mode,,,,,,Table 1,
Hypocalymma angustifolium,species,,southwestern Western Australia,understorey shrub,,,,,,,,,germination_cues,"did not germinate in any of the treatments here. In a recent study by Dixon et al. (1995), the first six of these species had higher germination percentages after exposure to smoke treatment",smoke,smoke,mode,,,,,,Discussion p.804,"NOT this paper's own measurement: smoke response reported from Dixon et al. (1995, Oecologia 101: 185-192); this study found no germination without smoke."
Hypocalymma angustifolium,species,,southwestern Western Australia,understorey shrub,,,,,,,,,life_form,"Megachamaephyte (CH-mg, 20-100 cm, low shrubs)",megachamaephyte,chamaephyte,mode,,,,,,Table 1,"Megachamaephyte (to 100 cm) mapped to chamaephyte, although Raunkiaer chamaephytes are defined as < 50 cm."
Hypocalymma angustifolium,species,,southwestern Western Australia,understorey shrub,,,,,,,,,plant_growth_form,"Megachamaephyte (CH-mg, 20-100 cm, low shrubs)",low_shrub,shrub,mode,,,,,,Table 1 (life-history legend),"Inferred from the life-history class legend (""low shrubs"" / ""small shrubs"")."
Hypocalymma angustifolium,species,,southwestern Western Australia,understorey shrub,,,,,,,,,resprouting_capacity,resprouter (R),resprouter,resprouts,mode,,,,,,Table 1,
Hypocalymma angustifolium,population,,southwestern Western Australia,understorey shrub,,a,1994,none,,,,,seed_dry_mass,0.40 ± 0.02,,0.40,mean,mg,standard_error,0.02,3,mass per seed from three lots of 50 or 100 seeds; seeds stored at room temperature (drying method not stated),Table 1,
Hypocalymma angustifolium,population,,southwestern Western Australia,understorey shrub,,b,1988,none,,,,,seed_dry_mass,0.42 ± 0.03,,0.42,mean,mg,standard_error,0.03,3,mass per seed from three lots of 50 or 100 seeds; seeds stored at room temperature (drying method not stated),Table 1,
Hypocalymma angustifolium,population,,southwestern Western Australia,understorey shrub,,a,1994,none,,,,,seed_germination,0.0 ± 0.0,,0.0,maximum,%,standard_error,0.0,3,"highest mean germination of any of the 8 combinations of incubation temperature (15 or 23 °C), light (12 h light or constant dark) and GA3 (0 or 50 mg/l); 4 weeks incubation; germination = radicle emergence; 3 replicate plates of 25 seeds",Table 1,"Value is the highest treatment mean (""highest percentage germinability ... from trials""), so value_type maximum (of treatment means); could alternatively be mean -- curator to decide."
Hypocalymma angustifolium,population,,southwestern Western Australia,understorey shrub,,a,1994,none,15,dark,pooled (with and without GA3),a,seed_germination,0 ± 0a,,0,mean,%,standard_error,0,,constant 15 °C; constant dark; 4 weeks; germination = radicle emergence,Table 3,"+GA3 and -GA3 trial data combined (Results p.800), so n is presumably 6 plates of 25 seeds; not stated."
Hypocalymma angustifolium,population,,southwestern Western Australia,understorey shrub,,a,1994,none,15,light,pooled (with and without GA3),a,seed_germination,0 ± 0a,,0,mean,%,standard_error,0,,"constant 15 °C; 12 h diurnal white light, 80 μmol m-2 s-1; 4 weeks; germination = radicle emergence",Table 3,"+GA3 and -GA3 trial data combined (Results p.800), so n is presumably 6 plates of 25 seeds; not stated."
Hypocalymma angustifolium,population,,southwestern Western Australia,understorey shrub,,a,1994,none,23,dark,pooled (with and without GA3),a,seed_germination,0 ± 0a,,0,mean,%,standard_error,0,,constant 23 °C; constant dark; 4 weeks; germination = radicle emergence,Table 3,"+GA3 and -GA3 trial data combined (Results p.800), so n is presumably 6 plates of 25 seeds; not stated."
Hypocalymma angustifolium,population,,southwestern Western Australia,understorey shrub,,a,1994,none,23,light,pooled (with and without GA3),a,seed_germination,0 ± 0a,,0,mean,%,standard_error,0,,"constant 23 °C; 12 h diurnal white light, 80 μmol m-2 s-1; 4 weeks; germination = radicle emergence",Table 3,"+GA3 and -GA3 trial data combined (Results p.800), so n is presumably 6 plates of 25 seeds; not stated."
Hypocalymma angustifolium,population,,southwestern Western Australia,understorey shrub,,b,1988,none,,,,,seed_germination,0.0 ± 0.0,,0.0,maximum,%,standard_error,0.0,3,"highest mean germination of any of the 8 combinations of incubation temperature (15 or 23 °C), light (12 h light or constant dark) and GA3 (0 or 50 mg/l); 4 weeks incubation; germination = radicle emergence; 3 replicate plates of 25 seeds",Table 1,"Value is the highest treatment mean (""highest percentage germinability ... from trials""), so value_type maximum (of treatment means); could alternatively be mean -- curator to decide."
Hypocalymma angustifolium,population,,southwestern Western Australia,understorey shrub,,b,1988,none,15,dark,pooled (with and without GA3),a,seed_germination,0 ± 0a,,0,mean,%,standard_error,0,,constant 15 °C; constant dark; 4 weeks; germination = radicle emergence,Table 3,"+GA3 and -GA3 trial data combined (Results p.800), so n is presumably 6 plates of 25 seeds; not stated."
Hypocalymma angustifolium,population,,southwestern Western Australia,understorey shrub,,b,1988,none,15,light,pooled (with and without GA3),a,seed_germination,0 ± 0a,,0,mean,%,standard_error,0,,"constant 15 °C; 12 h diurnal white light, 80 μmol m-2 s-1; 4 weeks; germination = radicle emergence",Table 3,"+GA3 and -GA3 trial data combined (Results p.800), so n is presumably 6 plates of 25 seeds; not stated."
Hypocalymma angustifolium,population,,southwestern Western Australia,understorey shrub,,b,1988,none,23,dark,pooled (with and without GA3),a,seed_germination,0 ± 0a,,0,mean,%,standard_error,0,,constant 23 °C; constant dark; 4 weeks; germination = radicle emergence,Table 3,"+GA3 and -GA3 trial data combined (Results p.800), so n is presumably 6 plates of 25 seeds; not stated."
Hypocalymma angustifolium,population,,southwestern Western Australia,understorey shrub,,b,1988,none,23,light,pooled (with and without GA3),a,seed_germination,0 ± 0a,,0,mean,%,standard_error,0,,"constant 23 °C; 12 h diurnal white light, 80 μmol m-2 s-1; 4 weeks; germination = radicle emergence",Table 3,"+GA3 and -GA3 trial data combined (Results p.800), so n is presumably 6 plates of 25 seeds; not stated."
Hypocalymma angustifolium,population,,southwestern Western Australia,understorey shrub,,a,1994,none,,,,,seed_viability,42.0 ± 2.0,,42.0,mean,%,standard_error,2.0,3,tetrazolium chloride (1% w/v) staining after nicking seed coat; 3 replicates of 25 seeds,Table 1,
Hypocalymma angustifolium,population,,southwestern Western Australia,understorey shrub,,b,1988,none,,,,,seed_viability,49.0 ± 3.3,,49.0,mean,%,standard_error,3.3,3,tetrazolium chloride (1% w/v) staining after nicking seed coat; 3 replicates of 25 seeds,Table 1,
Hypocalymma angustifolium,species,,southwestern Western Australia,understorey shrub,,,,,,,,,seedbank_location,soil-stored seed (S),soil_stored_seed,soil_seedbank,mode,,,,,,Table 1,
Kennedia coccinea,species,,southwestern Western Australia,understorey shrub,,,,,,,,,germination_cues,"In the large-seeded species (> 10 mg; Daviesia cordata, Hovea trisperma and the two Kennedia species) germination was greater in the lower incubation temperature, but light exposure was not inhibitory.",cool_incubation_temperature,temperature_cool,mode,,,,,,Results p.803,"Germination greater at 15 °C than 23 °C maps to temperature_cool and greater in darkness to burial; the authors relate these to the cool, wet winter and to buried seeds."
Kennedia coccinea,species,,southwestern Western Australia,understorey shrub,,,,,,,,,life_form,"Megachamaephyte (CH-mg, 20-100 cm, low shrubs)",megachamaephyte,chamaephyte,mode,,,,,,Table 1,"Megachamaephyte (to 100 cm) mapped to chamaephyte, although Raunkiaer chamaephytes are defined as < 50 cm."
Kennedia coccinea,species,,southwestern Western Australia,understorey shrub,,,,,,,,,plant_growth_form,"Megachamaephyte (CH-mg, 20-100 cm, low shrubs)",low_shrub,shrub,mode,,,,,,Table 1 (life-history legend),"Inferred from the life-history class legend (""low shrubs"" / ""small shrubs"")."
Kennedia coccinea,species,,southwestern Western Australia,understorey shrub,,,,,,,,,resprouting_capacity,obligate seeder (OS),obligate_seeder,fire_killed,mode,,,,,,Table 1,
Kennedia coccinea,species,,southwestern Western Australia,understorey shrub,,,,,,,,,seed_dormancy_class,Species previously known to require a heat-shock treatment to overcome dormancy due to an impervious testa were pre-treated,impervious_testa,physical_dormancy,mode,,,,,,Abstract; Methods p.798; Table 1,Inferred from the authors pre-treating the species because of a known impervious (hard) testa.
Kennedia coccinea,population,,southwestern Western Australia,understorey shrub,,,1994,boiled 60 s,,,,,seed_dry_mass,26.31 ± 0.04,,26.31,mean,mg,standard_error,0.04,3,mass per seed from three lots of 50 or 100 seeds; seeds stored at room temperature (drying method not stated),Table 1,
Kennedia coccinea,population,,southwestern Western Australia,understorey shrub,,,1994,boiled 60 s,,,,,seed_germination,86.7 ± 6.0,,86.7,maximum,%,standard_error,6.0,3,"highest mean germination of any of the 8 combinations of incubation temperature (15 or 23 °C), light (12 h light or constant dark) and GA3 (0 or 50 mg/l); 4 weeks incubation; germination = radicle emergence; 3 replicate plates of 25 seeds",Table 1,"Value is the highest treatment mean (""highest percentage germinability ... from trials""), so value_type maximum (of treatment means); could alternatively be mean -- curator to decide."
Kennedia coccinea,population,,southwestern Western Australia,understorey shrub,,,1994,boiled 60 s,15,dark,pooled (with and without GA3),ab,seed_germination,47 ± 6ab,,47,mean,%,standard_error,6,,constant 15 °C; constant dark; 4 weeks; germination = radicle emergence,Table 3,"+GA3 and -GA3 trial data combined (Results p.800), so n is presumably 6 plates of 25 seeds; not stated."
Kennedia coccinea,population,,southwestern Western Australia,understorey shrub,,,1994,boiled 60 s,15,light,pooled (with and without GA3),b,seed_germination,55 ± 2b,,55,mean,%,standard_error,2,,"constant 15 °C; 12 h diurnal white light, 80 μmol m-2 s-1; 4 weeks; germination = radicle emergence",Table 3,"+GA3 and -GA3 trial data combined (Results p.800), so n is presumably 6 plates of 25 seeds; not stated."
Kennedia coccinea,population,,southwestern Western Australia,understorey shrub,,,1994,boiled 60 s,23,dark,pooled (with and without GA3),b,seed_germination,53 ± 15b,,53,mean,%,standard_error,15,,constant 23 °C; constant dark; 4 weeks; germination = radicle emergence,Table 3,"+GA3 and -GA3 trial data combined (Results p.800), so n is presumably 6 plates of 25 seeds; not stated."
Kennedia coccinea,population,,southwestern Western Australia,understorey shrub,,,1994,boiled 60 s,23,light,pooled (with and without GA3),a,seed_germination,33 ± 6a,,33,mean,%,standard_error,6,,"constant 23 °C; 12 h diurnal white light, 80 μmol m-2 s-1; 4 weeks; germination = radicle emergence",Table 3,"+GA3 and -GA3 trial data combined (Results p.800), so n is presumably 6 plates of 25 seeds; not stated."
Kennedia coccinea,population,,southwestern Western Australia,understorey shrub,,,1994,boiled 60 s,,,,,seed_germination_treatment,"Boiled (60 s); ""Species previously known to require a heat-shock treatment to overcome dormancy due to an impervious testa were pre-treated""",boiling_water,imbibe_hot,mode,,,,,,Table 1; Methods p.798,"Seeds placed in boiling water for the duration found by Alcoa of Australia Ltd. to give the highest germination; this is prior Alcoa knowledge, not tested against untreated controls in this study. Boiling-water immersion mapped to imbibe_hot, as in other datasets."
Kennedia coccinea,population,,southwestern Western Australia,understorey shrub,,,1994,boiled 60 s,,,,,seed_viability,96.0 ± 2.3,,96.0,mean,%,standard_error,2.3,3,tetrazolium chloride (1% w/v) staining after nicking seed coat; 3 replicates of 25 seeds,Table 1,
Kennedia coccinea,species,,southwestern Western Australia,understorey shrub,,,,,,,,,seedbank_location,soil-stored seed (S),soil_stored_seed,soil_seedbank,mode,,,,,,Table 1,
Kennedia prostrata,species,,southwestern Western Australia,understorey shrub,,,,,,,,,germination_cues,"In the large-seeded species (> 10 mg; Daviesia cordata, Hovea trisperma and the two Kennedia species) germination was greater in the lower incubation temperature, but light exposure was not inhibitory.",cool_incubation_temperature,temperature_cool,mode,,,,,,Results p.803,"Germination greater at 15 °C than 23 °C maps to temperature_cool and greater in darkness to burial; the authors relate these to the cool, wet winter and to buried seeds."
Kennedia prostrata,species,,southwestern Western Australia,understorey shrub,,,,,,,,,life_form,"Megachamaephyte (CH-mg, 20-100 cm, low shrubs)",megachamaephyte,chamaephyte,mode,,,,,,Table 1,"Megachamaephyte (to 100 cm) mapped to chamaephyte, although Raunkiaer chamaephytes are defined as < 50 cm."
Kennedia prostrata,species,,southwestern Western Australia,understorey shrub,,,,,,,,,plant_growth_form,"Megachamaephyte (CH-mg, 20-100 cm, low shrubs)",low_shrub,shrub,mode,,,,,,Table 1 (life-history legend),"Inferred from the life-history class legend (""low shrubs"" / ""small shrubs"")."
Kennedia prostrata,species,,southwestern Western Australia,understorey shrub,,,,,,,,,resprouting_capacity,obligate seeder (OS),obligate_seeder,fire_killed,mode,,,,,,Table 1,
Kennedia prostrata,species,,southwestern Western Australia,understorey shrub,,,,,,,,,seed_dormancy_class,Species previously known to require a heat-shock treatment to overcome dormancy due to an impervious testa were pre-treated,impervious_testa,physical_dormancy,mode,,,,,,Abstract; Methods p.798; Table 1,Inferred from the authors pre-treating the species because of a known impervious (hard) testa.
Kennedia prostrata,population,,southwestern Western Australia,understorey shrub,,,1994,boiled 60 s,,,,,seed_dry_mass,29.70 ± 0.39,,29.70,mean,mg,standard_error,0.39,3,mass per seed from three lots of 50 or 100 seeds; seeds stored at room temperature (drying method not stated),Table 1,
Kennedia prostrata,population,,southwestern Western Australia,understorey shrub,,,1994,boiled 60 s,,,,,seed_germination,48.3 ± 6.7,,48.3,maximum,%,standard_error,6.7,3,"highest mean germination of any of the 8 combinations of incubation temperature (15 or 23 °C), light (12 h light or constant dark) and GA3 (0 or 50 mg/l); 4 weeks incubation; germination = radicle emergence; 3 replicate plates of 25 seeds",Table 1,"Value is the highest treatment mean (""highest percentage germinability ... from trials""), so value_type maximum (of treatment means); could alternatively be mean -- curator to decide."
Kennedia prostrata,population,,southwestern Western Australia,understorey shrub,,,1994,boiled 60 s,15,dark,pooled (with and without GA3),c,seed_germination,55 ± 8c,,55,mean,%,standard_error,8,,constant 15 °C; constant dark; 4 weeks; germination = radicle emergence,Table 3,"+GA3 and -GA3 trial data combined (Results p.800), so n is presumably 6 plates of 25 seeds; not stated."
Kennedia prostrata,population,,southwestern Western Australia,understorey shrub,,,1994,boiled 60 s,15,light,pooled (with and without GA3),b,seed_germination,22 ± 7b,,22,mean,%,standard_error,7,,"constant 15 °C; 12 h diurnal white light, 80 μmol m-2 s-1; 4 weeks; germination = radicle emergence",Table 3,"+GA3 and -GA3 trial data combined (Results p.800), so n is presumably 6 plates of 25 seeds; not stated."
Kennedia prostrata,population,,southwestern Western Australia,understorey shrub,,,1994,boiled 60 s,23,dark,pooled (with and without GA3),a,seed_germination,2 ± 1a,,2,mean,%,standard_error,1,,constant 23 °C; constant dark; 4 weeks; germination = radicle emergence,Table 3,"+GA3 and -GA3 trial data combined (Results p.800), so n is presumably 6 plates of 25 seeds; not stated."
Kennedia prostrata,population,,southwestern Western Australia,understorey shrub,,,1994,boiled 60 s,23,light,pooled (with and without GA3),a,seed_germination,11 ± 4a,,11,mean,%,standard_error,4,,"constant 23 °C; 12 h diurnal white light, 80 μmol m-2 s-1; 4 weeks; germination = radicle emergence",Table 3,"+GA3 and -GA3 trial data combined (Results p.800), so n is presumably 6 plates of 25 seeds; not stated."
Kennedia prostrata,population,,southwestern Western Australia,understorey shrub,,,1994,boiled 60 s,,,,,seed_germination_treatment,"Boiled (60 s); ""Species previously known to require a heat-shock treatment to overcome dormancy due to an impervious testa were pre-treated""",boiling_water,imbibe_hot,mode,,,,,,Table 1; Methods p.798,"Seeds placed in boiling water for the duration found by Alcoa of Australia Ltd. to give the highest germination; this is prior Alcoa knowledge, not tested against untreated controls in this study. Boiling-water immersion mapped to imbibe_hot, as in other datasets."
Kennedia prostrata,population,,southwestern Western Australia,understorey shrub,,,1994,boiled 60 s,,,,,seed_viability,84.0 ± 6.1,,84.0,mean,%,standard_error,6.1,3,tetrazolium chloride (1% w/v) staining after nicking seed coat; 3 replicates of 25 seeds,Table 1,
Kennedia prostrata,species,,southwestern Western Australia,understorey shrub,,,,,,,,,seedbank_location,soil-stored seed (S),soil_stored_seed,soil_seedbank,mode,,,,,,Table 1,
Leucopogon verticillatus,species,,southwestern Western Australia,understorey shrub,,,,,,,,,life_form,"Megachamaephyte (CH-mg, 20-100 cm, low shrubs)",megachamaephyte,chamaephyte,mode,,,,,,Table 1,"Megachamaephyte (to 100 cm) mapped to chamaephyte, although Raunkiaer chamaephytes are defined as < 50 cm."
Leucopogon verticillatus,species,,southwestern Western Australia,understorey shrub,,,,,,,,,plant_growth_form,"Megachamaephyte (CH-mg, 20-100 cm, low shrubs)",low_shrub,shrub,mode,,,,,,Table 1 (life-history legend),"Inferred from the life-history class legend (""low shrubs"" / ""small shrubs"")."
Leucopogon verticillatus,species,,southwestern Western Australia,understorey shrub,,,,,,,,,resprouting_capacity,resprouter (R),resprouter,resprouts,mode,,,,,,Table 1,
Leucopogon verticillatus,population,,southwestern Western Australia,understorey shrub,,,1993,none,,,,,seed_dry_mass,8.4 ± 1.2,,8.4,mean,mg,standard_error,1.2,3,mass per seed from three lots of 50 or 100 seeds; seeds stored at room temperature (drying method not stated),Table 1,Table 1 gives 8.4 ± 1.2 (fewer decimals than other rows); seeds all dead per tetrazolium.
Leucopogon verticillatus,population,,southwestern Western Australia,understorey shrub,,,1993,none,,,,,seed_germination,0.0 ± 0.0,,0.0,maximum,%,standard_error,0.0,3,"highest mean germination of any of the 8 combinations of incubation temperature (15 or 23 °C), light (12 h light or constant dark) and GA3 (0 or 50 mg/l); 4 weeks incubation; germination = radicle emergence; 3 replicate plates of 25 seeds",Table 1,"Value is the highest treatment mean (""highest percentage germinability ... from trials""), so value_type maximum (of treatment means); could alternatively be mean -- curator to decide."
Leucopogon verticillatus,population,,southwestern Western Australia,understorey shrub,,,1993,none,15,dark,pooled (with and without GA3),a,seed_germination,0 ± 0a,,0,mean,%,standard_error,0,,constant 15 °C; constant dark; 4 weeks; germination = radicle emergence,Table 3,"+GA3 and -GA3 trial data combined (Results p.800), so n is presumably 6 plates of 25 seeds; not stated."
Leucopogon verticillatus,population,,southwestern Western Australia,understorey shrub,,,1993,none,15,light,pooled (with and without GA3),a,seed_germination,0 ± 0a,,0,mean,%,standard_error,0,,"constant 15 °C; 12 h diurnal white light, 80 μmol m-2 s-1; 4 weeks; germination = radicle emergence",Table 3,"+GA3 and -GA3 trial data combined (Results p.800), so n is presumably 6 plates of 25 seeds; not stated."
Leucopogon verticillatus,population,,southwestern Western Australia,understorey shrub,,,1993,none,23,dark,pooled (with and without GA3),a,seed_germination,0 ± 0a,,0,mean,%,standard_error,0,,constant 23 °C; constant dark; 4 weeks; germination = radicle emergence,Table 3,"+GA3 and -GA3 trial data combined (Results p.800), so n is presumably 6 plates of 25 seeds; not stated."
Leucopogon verticillatus,population,,southwestern Western Australia,understorey shrub,,,1993,none,23,light,pooled (with and without GA3),a,seed_germination,0 ± 0a,,0,mean,%,standard_error,0,,"constant 23 °C; 12 h diurnal white light, 80 μmol m-2 s-1; 4 weeks; germination = radicle emergence",Table 3,"+GA3 and -GA3 trial data combined (Results p.800), so n is presumably 6 plates of 25 seeds; not stated."
Leucopogon verticillatus,population,,southwestern Western Australia,understorey shrub,,,1993,none,,,,,seed_viability,0.0 ± 0.0,,0.0,mean,%,standard_error,0.0,3,tetrazolium chloride (1% w/v) staining after nicking seed coat; 3 replicates of 25 seeds,Table 1,Tetrazolium test indicated that all seeds were dead (Discussion p.804).
Leucopogon verticillatus,species,,southwestern Western Australia,understorey shrub,,,,,,,,,seedbank_location,soil-stored seed (S),soil_stored_seed,soil_seedbank,mode,,,,,,Table 1,
Paraserianthes lophantha,species,,southwestern Western Australia,understorey shrub,open habitat,,,,,,,,dispersal_appendage,"Paraserianthes lophantha, which has no elaiosome, but is a very large seed",no_elaiosome,none,mode,,,,,,Discussion p.804,
Paraserianthes lophantha,species,,southwestern Western Australia,understorey shrub,open habitat,,,,,,,,germination_cues,"The largest seeded species tested, Paraserianthes lophantha, germinated best in the warmer incubation temperature and in the light.",warm_incubation_temperature light,temperature_warm light,mode,,,,,,Abstract; Results p.803,"Germination greater at 15 °C than 23 °C maps to temperature_cool and greater in darkness to burial; the authors relate these to the cool, wet winter and to buried seeds."
Paraserianthes lophantha,species,,southwestern Western Australia,understorey shrub,open habitat,,,,,,,,life_form,"Megachamaephyte (CH-mg, 20-100 cm, low shrubs)",megachamaephyte,chamaephyte,mode,,,,,,Table 1,"Megachamaephyte (to 100 cm) mapped to chamaephyte, although Raunkiaer chamaephytes are defined as < 50 cm."
Paraserianthes lophantha,species,,southwestern Western Australia,understorey shrub,open habitat,,,,,,,,plant_growth_form,"Megachamaephyte (CH-mg, 20-100 cm, low shrubs)",low_shrub,shrub,mode,,,,,,Table 1 (life-history legend),"Inferred from the life-history class legend (""low shrubs"" / ""small shrubs"")."
Paraserianthes lophantha,species,,southwestern Western Australia,understorey shrub,open habitat,,,,,,,,resprouting_capacity,obligate seeder (OS),obligate_seeder,fire_killed,mode,,,,,,Table 1,
Paraserianthes lophantha,species,,southwestern Western Australia,understorey shrub,open habitat,,,,,,,,seed_dormancy_class,Species previously known to require a heat-shock treatment to overcome dormancy due to an impervious testa were pre-treated,impervious_testa,physical_dormancy,mode,,,,,,Abstract; Methods p.798; Table 1,Inferred from the authors pre-treating the species because of a known impervious (hard) testa.
Paraserianthes lophantha,population,,southwestern Western Australia,understorey shrub,open habitat,,1988,boiled 60 s,,,,,seed_dry_mass,76.67 ± 0.93,,76.67,mean,mg,standard_error,0.93,3,mass per seed from three lots of 50 or 100 seeds; seeds stored at room temperature (drying method not stated),Table 1,
Paraserianthes lophantha,population,,southwestern Western Australia,understorey shrub,open habitat,,1988,boiled 60 s,,,,,seed_germination,80.0 ± 4.0,,80.0,maximum,%,standard_error,4.0,3,"highest mean germination of any of the 8 combinations of incubation temperature (15 or 23 °C), light (12 h light or constant dark) and GA3 (0 or 50 mg/l); 4 weeks incubation; germination = radicle emergence; 3 replicate plates of 25 seeds",Table 1,"Value is the highest treatment mean (""highest percentage germinability ... from trials""), so value_type maximum (of treatment means); could alternatively be mean -- curator to decide."
Paraserianthes lophantha,population,,southwestern Western Australia,understorey shrub,open habitat,,1988,boiled 60 s,15,dark,pooled (with and without GA3),a,seed_germination,44 ± 4a,,44,mean,%,standard_error,4,,constant 15 °C; constant dark; 4 weeks; germination = radicle emergence,Table 3,"+GA3 and -GA3 trial data combined (Results p.800), so n is presumably 6 plates of 25 seeds; not stated."
Paraserianthes lophantha,population,,southwestern Western Australia,understorey shrub,open habitat,,1988,boiled 60 s,15,light,pooled (with and without GA3),b,seed_germination,54 ± 6b,,54,mean,%,standard_error,6,,"constant 15 °C; 12 h diurnal white light, 80 μmol m-2 s-1; 4 weeks; germination = radicle emergence",Table 3,"+GA3 and -GA3 trial data combined (Results p.800), so n is presumably 6 plates of 25 seeds; not stated."
Paraserianthes lophantha,population,,southwestern Western Australia,understorey shrub,open habitat,,1988,boiled 60 s,23,dark,pooled (with and without GA3),b,seed_germination,58 ± 7b,,58,mean,%,standard_error,7,,constant 23 °C; constant dark; 4 weeks; germination = radicle emergence,Table 3,"+GA3 and -GA3 trial data combined (Results p.800), so n is presumably 6 plates of 25 seeds; not stated."
Paraserianthes lophantha,population,,southwestern Western Australia,understorey shrub,open habitat,,1988,boiled 60 s,23,light,pooled (with and without GA3),c,seed_germination,78 ± 2c,,78,mean,%,standard_error,2,,"constant 23 °C; 12 h diurnal white light, 80 μmol m-2 s-1; 4 weeks; germination = radicle emergence",Table 3,"+GA3 and -GA3 trial data combined (Results p.800), so n is presumably 6 plates of 25 seeds; not stated."
Paraserianthes lophantha,population,,southwestern Western Australia,understorey shrub,open habitat,,1988,boiled 60 s,,,,,seed_germination_treatment,"Boiled (60 s); ""Species previously known to require a heat-shock treatment to overcome dormancy due to an impervious testa were pre-treated""",boiling_water,imbibe_hot,mode,,,,,,Table 1; Methods p.798,"Seeds placed in boiling water for the duration found by Alcoa of Australia Ltd. to give the highest germination; this is prior Alcoa knowledge, not tested against untreated controls in this study. Boiling-water immersion mapped to imbibe_hot, as in other datasets."
Paraserianthes lophantha,population,,southwestern Western Australia,understorey shrub,open habitat,,1988,boiled 60 s,,,,,seed_viability,64.0 ± 4.0,,64.0,mean,%,standard_error,4.0,3,tetrazolium chloride (1% w/v) staining after nicking seed coat; 3 replicates of 25 seeds,Table 1,
Paraserianthes lophantha,species,,southwestern Western Australia,understorey shrub,open habitat,,,,,,,,seedbank_location,soil-stored seed (S),soil_stored_seed,soil_seedbank,mode,,,,,,Table 1,
Patersonia occidentalis,species,,southwestern Western Australia,understorey shrub,,,,,,,,,germination_cues,"did not germinate in any of the treatments here. In a recent study by Dixon et al. (1995), the first six of these species had higher germination percentages after exposure to smoke treatment",smoke,smoke,mode,,,,,,Discussion p.804,"NOT this paper's own measurement: smoke response reported from Dixon et al. (1995, Oecologia 101: 185-192); this study found no germination without smoke."
Patersonia occidentalis,species,,southwestern Western Australia,understorey shrub,,,,,,,,,life_form,"tufted Hemicryptophyte (H-tfd, tufted clumps, mainly perennial monocots)",tufted_hemicryptophyte,hemicryptophyte,mode,,,,,,Table 1,
Patersonia occidentalis,species,,southwestern Western Australia,understorey shrub,,,,,,,,,resprouting_capacity,obligate seeder (OS),obligate_seeder,fire_killed,mode,,,,,,Table 1,
Patersonia occidentalis,population,,southwestern Western Australia,understorey shrub,,,1989,none,,,,,seed_dry_mass,2.51 ± 0.08,,2.51,mean,mg,standard_error,0.08,3,mass per seed from three lots of 50 or 100 seeds; seeds stored at room temperature (drying method not stated),Table 1,
Patersonia occidentalis,population,,southwestern Western Australia,understorey shrub,,,1989,none,,,,,seed_germination,0.0 ± 0.0,,0.0,maximum,%,standard_error,0.0,3,"highest mean germination of any of the 8 combinations of incubation temperature (15 or 23 °C), light (12 h light or constant dark) and GA3 (0 or 50 mg/l); 4 weeks incubation; germination = radicle emergence; 3 replicate plates of 25 seeds",Table 1,"Value is the highest treatment mean (""highest percentage germinability ... from trials""), so value_type maximum (of treatment means); could alternatively be mean -- curator to decide."
Patersonia occidentalis,population,,southwestern Western Australia,understorey shrub,,,1989,none,15,dark,pooled (with and without GA3),a,seed_germination,0 ± 0a,,0,mean,%,standard_error,0,,constant 15 °C; constant dark; 4 weeks; germination = radicle emergence,Table 3,"+GA3 and -GA3 trial data combined (Results p.800), so n is presumably 6 plates of 25 seeds; not stated."
Patersonia occidentalis,population,,southwestern Western Australia,understorey shrub,,,1989,none,15,light,pooled (with and without GA3),a,seed_germination,0 ± 0a,,0,mean,%,standard_error,0,,"constant 15 °C; 12 h diurnal white light, 80 μmol m-2 s-1; 4 weeks; germination = radicle emergence",Table 3,"+GA3 and -GA3 trial data combined (Results p.800), so n is presumably 6 plates of 25 seeds; not stated."
Patersonia occidentalis,population,,southwestern Western Australia,understorey shrub,,,1989,none,23,dark,pooled (with and without GA3),a,seed_germination,0 ± 0a,,0,mean,%,standard_error,0,,constant 23 °C; constant dark; 4 weeks; germination = radicle emergence,Table 3,"+GA3 and -GA3 trial data combined (Results p.800), so n is presumably 6 plates of 25 seeds; not stated."
Patersonia occidentalis,population,,southwestern Western Australia,understorey shrub,,,1989,none,23,light,pooled (with and without GA3),a,seed_germination,0 ± 0a,,0,mean,%,standard_error,0,,"constant 23 °C; 12 h diurnal white light, 80 μmol m-2 s-1; 4 weeks; germination = radicle emergence",Table 3,"+GA3 and -GA3 trial data combined (Results p.800), so n is presumably 6 plates of 25 seeds; not stated."
Patersonia occidentalis,population,,southwestern Western Australia,understorey shrub,,,1989,none,,,,,seed_viability,72.0 ± 4.6,,72.0,mean,%,standard_error,4.6,3,tetrazolium chloride (1% w/v) staining after nicking seed coat; 3 replicates of 25 seeds,Table 1,
Patersonia occidentalis,species,,southwestern Western Australia,understorey shrub,,,,,,,,,seedbank_location,soil-stored seed (S),soil_stored_seed,soil_seedbank,mode,,,,,,Table 1,
Phyllanthus calycinus,species,,southwestern Western Australia,understorey shrub,,,,,,,,,germination_cues,"In the post-fire resprouting, understorey species, Phyllanthus calycinus, and two species, where flowering is induced by fire, Xanthorrhoea gracilis and X. preissii, germination percentages were highest at 15°C and under dark conditions.",cool_incubation_temperature darkness,temperature_cool burial,mode,,,,,,Results p.800,"Germination greater at 15 °C than 23 °C maps to temperature_cool and greater in darkness to burial; the authors relate these to the cool, wet winter and to buried seeds."
Phyllanthus calycinus,species,,southwestern Western Australia,understorey shrub,,,,,,,,,life_form,"Megachamaephyte (CH-mg, 20-100 cm, low shrubs)",megachamaephyte,chamaephyte,mode,,,,,,Table 1,"Megachamaephyte (to 100 cm) mapped to chamaephyte, although Raunkiaer chamaephytes are defined as < 50 cm."
Phyllanthus calycinus,species,,southwestern Western Australia,understorey shrub,,,,,,,,,plant_growth_form,"Megachamaephyte (CH-mg, 20-100 cm, low shrubs)",low_shrub,shrub,mode,,,,,,Table 1 (life-history legend),"Inferred from the life-history class legend (""low shrubs"" / ""small shrubs"")."
Phyllanthus calycinus,species,,southwestern Western Australia,understorey shrub,,,,,,,,,resprouting_capacity,resprouter (R),resprouter,resprouts,mode,,,,,,Table 1,
Phyllanthus calycinus,population,,southwestern Western Australia,understorey shrub,,,1992,none,,,,,seed_dry_mass,1.68 ± 0.02,,1.68,mean,mg,standard_error,0.02,3,mass per seed from three lots of 50 or 100 seeds; seeds stored at room temperature (drying method not stated),Table 1,
Phyllanthus calycinus,population,,southwestern Western Australia,understorey shrub,,,1992,none,,,,,seed_germination,46.7 ± 7.1,,46.7,maximum,%,standard_error,7.1,3,"highest mean germination of any of the 8 combinations of incubation temperature (15 or 23 °C), light (12 h light or constant dark) and GA3 (0 or 50 mg/l); 4 weeks incubation; germination = radicle emergence; 3 replicate plates of 25 seeds",Table 1,"Value is the highest treatment mean (""highest percentage germinability ... from trials""), so value_type maximum (of treatment means); could alternatively be mean -- curator to decide."
Phyllanthus calycinus,population,,southwestern Western Australia,understorey shrub,,,1992,none,15,dark,pooled (with and without GA3),c,seed_germination,43 ± 4c,,43,mean,%,standard_error,4,,constant 15 °C; constant dark; 4 weeks; germination = radicle emergence,Table 3,"+GA3 and -GA3 trial data combined (Results p.800), so n is presumably 6 plates of 25 seeds; not stated."
Phyllanthus calycinus,population,,southwestern Western Australia,understorey shrub,,,1992,none,15,light,pooled (with and without GA3),a,seed_germination,0 ± 0a,,0,mean,%,standard_error,0,,"constant 15 °C; 12 h diurnal white light, 80 μmol m-2 s-1; 4 weeks; germination = radicle emergence",Table 3,"+GA3 and -GA3 trial data combined (Results p.800), so n is presumably 6 plates of 25 seeds; not stated."
Phyllanthus calycinus,population,,southwestern Western Australia,understorey shrub,,,1992,none,23,dark,pooled (with and without GA3),b,seed_germination,21 ± 2b,,21,mean,%,standard_error,2,,constant 23 °C; constant dark; 4 weeks; germination = radicle emergence,Table 3,"+GA3 and -GA3 trial data combined (Results p.800), so n is presumably 6 plates of 25 seeds; not stated."
Phyllanthus calycinus,population,,southwestern Western Australia,understorey shrub,,,1992,none,23,light,pooled (with and without GA3),a,seed_germination,1 ± 1a,,1,mean,%,standard_error,1,,"constant 23 °C; 12 h diurnal white light, 80 μmol m-2 s-1; 4 weeks; germination = radicle emergence",Table 3,"+GA3 and -GA3 trial data combined (Results p.800), so n is presumably 6 plates of 25 seeds; not stated."
Phyllanthus calycinus,population,,southwestern Western Australia,understorey shrub,,,1992,none,,,,,seed_viability,90.0 ± 2.0,,90.0,mean,%,standard_error,2.0,3,tetrazolium chloride (1% w/v) staining after nicking seed coat; 3 replicates of 25 seeds,Table 1,
Phyllanthus calycinus,species,,southwestern Western Australia,understorey shrub,,,,,,,,,seedbank_location,soil-stored seed (S),soil_stored_seed,soil_seedbank,mode,,,,,,Table 1,
Regelia ciliata,species,,southwestern Western Australia,understorey shrub,,,,,,,,,life_form,"Megachamaephyte (CH-mg, 20-100 cm, low shrubs)",megachamaephyte,chamaephyte,mode,,,,,,Table 1,"Megachamaephyte (to 100 cm) mapped to chamaephyte, although Raunkiaer chamaephytes are defined as < 50 cm."
Regelia ciliata,species,,southwestern Western Australia,understorey shrub,,,,,,,,,plant_growth_form,"Megachamaephyte (CH-mg, 20-100 cm, low shrubs)",low_shrub,shrub,mode,,,,,,Table 1 (life-history legend),"Inferred from the life-history class legend (""low shrubs"" / ""small shrubs"")."
Regelia ciliata,species,,southwestern Western Australia,understorey shrub,,,,,,,,,resprouting_capacity,resprouter (R),resprouter,resprouts,mode,,,,,,Table 1,
Regelia ciliata,population,,southwestern Western Australia,understorey shrub,,,1987,none,,,,,seed_dry_mass,0.75 ± 0.03,,0.75,mean,mg,standard_error,0.03,3,mass per seed from three lots of 50 or 100 seeds; seeds stored at room temperature (drying method not stated),Table 1,
Regelia ciliata,population,,southwestern Western Australia,understorey shrub,,,1987,none,,,,,seed_germination,30.7 ± 1.3,,30.7,maximum,%,standard_error,1.3,3,"highest mean germination of any of the 8 combinations of incubation temperature (15 or 23 °C), light (12 h light or constant dark) and GA3 (0 or 50 mg/l); 4 weeks incubation; germination = radicle emergence; 3 replicate plates of 25 seeds",Table 1,"Value is the highest treatment mean (""highest percentage germinability ... from trials""), so value_type maximum (of treatment means); could alternatively be mean -- curator to decide."
Regelia ciliata,population,,southwestern Western Australia,understorey shrub,,,1987,none,15,dark,pooled (with and without GA3),a,seed_germination,19 ± 6a,,19,mean,%,standard_error,6,,constant 15 °C; constant dark; 4 weeks; germination = radicle emergence,Table 3,"+GA3 and -GA3 trial data combined (Results p.800), so n is presumably 6 plates of 25 seeds; not stated."
Regelia ciliata,population,,southwestern Western Australia,understorey shrub,,,1987,none,15,light,pooled (with and without GA3),a,seed_germination,12 ± 3a,,12,mean,%,standard_error,3,,"constant 15 °C; 12 h diurnal white light, 80 μmol m-2 s-1; 4 weeks; germination = radicle emergence",Table 3,"+GA3 and -GA3 trial data combined (Results p.800), so n is presumably 6 plates of 25 seeds; not stated."
Regelia ciliata,population,,southwestern Western Australia,understorey shrub,,,1987,none,23,dark,pooled (with and without GA3),a,seed_germination,12 ± 3a,,12,mean,%,standard_error,3,,constant 23 °C; constant dark; 4 weeks; germination = radicle emergence,Table 3,"+GA3 and -GA3 trial data combined (Results p.800), so n is presumably 6 plates of 25 seeds; not stated."
Regelia ciliata,population,,southwestern Western Australia,understorey shrub,,,1987,none,23,light,pooled (with and without GA3),a,seed_germination,19 ± 5a,,19,mean,%,standard_error,5,,"constant 23 °C; 12 h diurnal white light, 80 μmol m-2 s-1; 4 weeks; germination = radicle emergence",Table 3,"+GA3 and -GA3 trial data combined (Results p.800), so n is presumably 6 plates of 25 seeds; not stated."
Regelia ciliata,species,,southwestern Western Australia,understorey shrub,,,,,,,,,seed_germination_treatment,"GA3 also overcame the inhibition resulting from exposure to light ...; GA did improve germination in both the light and dark conditions, e.g. in the very small seeds of Regelia ciliata",gibberellic_acid,chemical_treatment,mode,,,,,,Abstract; Results p.800; Discussion p.804; Fig. 1,"Gibberellic acid (GA3, 50 mg/l) application; mapped to chemical_treatment."
Regelia ciliata,population,,southwestern Western Australia,understorey shrub,,,1987,none,,,,,seed_viability,8.0 ± 0.1,,8.0,mean,%,standard_error,0.1,3,tetrazolium chloride (1% w/v) staining after nicking seed coat; 3 replicates of 25 seeds,Table 1,Germinability exceeds tetrazolium viability; authors flag this result as clearly questionable (Results p.803).
Regelia ciliata,species,,southwestern Western Australia,understorey shrub,,,,,,,,,seedbank_location,canopy-borne seed (C),canopy_borne_seed,canopy_seedbank,mode,,,,,,Table 1,
Sphaerolobium vimineum,species,,southwestern Western Australia,understorey shrub,,,,,,,,,germination_cues,"Reduced germination percentages when exposed to light were especially apparent in the small-seeded species (≤ 10 mg; Trymalium floribundum, the Gompholobium species, Sphaerolobium vimineum, Chorizema ilicifolium, the Bossiaea and Acacia species).",darkness,burial,mode,,,,,,Results p.800,"Germination greater at 15 °C than 23 °C maps to temperature_cool and greater in darkness to burial; the authors relate these to the cool, wet winter and to buried seeds."
Sphaerolobium vimineum,species,,southwestern Western Australia,understorey shrub,,,,,,,,,life_form,"Megachamaephyte (CH-mg, 20-100 cm, low shrubs)",megachamaephyte,chamaephyte,mode,,,,,,Table 1,"Megachamaephyte (to 100 cm) mapped to chamaephyte, although Raunkiaer chamaephytes are defined as < 50 cm."
Sphaerolobium vimineum,species,,southwestern Western Australia,understorey shrub,,,,,,,,,plant_growth_form,"Megachamaephyte (CH-mg, 20-100 cm, low shrubs)",low_shrub,shrub,mode,,,,,,Table 1 (life-history legend),"Inferred from the life-history class legend (""low shrubs"" / ""small shrubs"")."
Sphaerolobium vimineum,species,,southwestern Western Australia,understorey shrub,,,,,,,,,resprouting_capacity,resprouter (R),resprouter,resprouts,mode,,,,,,Table 1,
Sphaerolobium vimineum,species,,southwestern Western Australia,understorey shrub,,,,,,,,,seed_dormancy_class,Species previously known to require a heat-shock treatment to overcome dormancy due to an impervious testa were pre-treated,impervious_testa,physical_dormancy,mode,,,,,,Abstract; Methods p.798; Table 1,Inferred from the authors pre-treating the species because of a known impervious (hard) testa.
Sphaerolobium vimineum,population,,southwestern Western Australia,understorey shrub,,,1992,boiled 30 s,,,,,seed_dry_mass,1.83 ± 0.02,,1.83,mean,mg,standard_error,0.02,3,mass per seed from three lots of 50 or 100 seeds; seeds stored at room temperature (drying method not stated),Table 1,
Sphaerolobium vimineum,population,,southwestern Western Australia,understorey shrub,,,1992,boiled 30 s,,,,,seed_germination,61.3 ± 4.8,,61.3,maximum,%,standard_error,4.8,3,"highest mean germination of any of the 8 combinations of incubation temperature (15 or 23 °C), light (12 h light or constant dark) and GA3 (0 or 50 mg/l); 4 weeks incubation; germination = radicle emergence; 3 replicate plates of 25 seeds",Table 1,"Value is the highest treatment mean (""highest percentage germinability ... from trials""), so value_type maximum (of treatment means); could alternatively be mean -- curator to decide."
Sphaerolobium vimineum,population,,southwestern Western Australia,understorey shrub,,,1992,boiled 30 s,15,dark,pooled (with and without GA3),c,seed_germination,39 ± 10c,,39,mean,%,standard_error,10,,constant 15 °C; constant dark; 4 weeks; germination = radicle emergence,Table 3,"+GA3 and -GA3 trial data combined (Results p.800), so n is presumably 6 plates of 25 seeds; not stated."
Sphaerolobium vimineum,population,,southwestern Western Australia,understorey shrub,,,1992,boiled 30 s,15,light,pooled (with and without GA3),a,seed_germination,13 ± 4a,,13,mean,%,standard_error,4,,"constant 15 °C; 12 h diurnal white light, 80 μmol m-2 s-1; 4 weeks; germination = radicle emergence",Table 3,"+GA3 and -GA3 trial data combined (Results p.800), so n is presumably 6 plates of 25 seeds; not stated."
Sphaerolobium vimineum,population,,southwestern Western Australia,understorey shrub,,,1992,boiled 30 s,23,dark,pooled (with and without GA3),b,seed_germination,29 ± 7b,,29,mean,%,standard_error,7,,constant 23 °C; constant dark; 4 weeks; germination = radicle emergence,Table 3,"+GA3 and -GA3 trial data combined (Results p.800), so n is presumably 6 plates of 25 seeds; not stated."
Sphaerolobium vimineum,population,,southwestern Western Australia,understorey shrub,,,1992,boiled 30 s,23,light,pooled (with and without GA3),a,seed_germination,8 ± 1a,,8,mean,%,standard_error,1,,"constant 23 °C; 12 h diurnal white light, 80 μmol m-2 s-1; 4 weeks; germination = radicle emergence",Table 3,"+GA3 and -GA3 trial data combined (Results p.800), so n is presumably 6 plates of 25 seeds; not stated."
Sphaerolobium vimineum,population,,southwestern Western Australia,understorey shrub,,,1992,boiled 30 s,,,,,seed_germination_treatment,"Boiled (30 s); ""Species previously known to require a heat-shock treatment to overcome dormancy due to an impervious testa were pre-treated""",boiling_water,imbibe_hot,mode,,,,,,Table 1; Methods p.798,"Seeds placed in boiling water for the duration found by Alcoa of Australia Ltd. to give the highest germination; this is prior Alcoa knowledge, not tested against untreated controls in this study. Boiling-water immersion mapped to imbibe_hot, as in other datasets."
Sphaerolobium vimineum,species,,southwestern Western Australia,understorey shrub,,,,,,,,,seed_germination_treatment,germination inhibition by light was overcome by supplemental GA3; GA did improve germination in both the light and dark conditions,gibberellic_acid,chemical_treatment,mode,,,,,,Results p.803; Discussion p.804; Fig. 1,"Gibberellic acid (GA3, 50 mg/l) application; mapped to chemical_treatment."
Sphaerolobium vimineum,population,,southwestern Western Australia,understorey shrub,,,1992,boiled 30 s,,,,,seed_viability,92.0 ± 4.0,,92.0,mean,%,standard_error,4.0,3,tetrazolium chloride (1% w/v) staining after nicking seed coat; 3 replicates of 25 seeds,Table 1,
Sphaerolobium vimineum,species,,southwestern Western Australia,understorey shrub,,,,,,,,,seedbank_location,soil-stored seed (S),soil_stored_seed,soil_seedbank,mode,,,,,,Table 1,
Tetratheca hirsuta,species,,southwestern Western Australia,understorey shrub,,,,,,,,,germination_cues,"did not germinate in any of the treatments here. In a recent study by Dixon et al. (1995), the first six of these species had higher germination percentages after exposure to smoke treatment",smoke,smoke,mode,,,,,,Discussion p.804,"NOT this paper's own measurement: smoke response reported from Dixon et al. (1995, Oecologia 101: 185-192); this study found no germination without smoke."
Tetratheca hirsuta,species,,southwestern Western Australia,understorey shrub,,,,,,,,,life_form,"Megachamaephyte (CH-mg, 20-100 cm, low shrubs)",megachamaephyte,chamaephyte,mode,,,,,,Table 1,"Megachamaephyte (to 100 cm) mapped to chamaephyte, although Raunkiaer chamaephytes are defined as < 50 cm."
Tetratheca hirsuta,species,,southwestern Western Australia,understorey shrub,,,,,,,,,plant_growth_form,"Megachamaephyte (CH-mg, 20-100 cm, low shrubs)",low_shrub,shrub,mode,,,,,,Table 1 (life-history legend),"Inferred from the life-history class legend (""low shrubs"" / ""small shrubs"")."
Tetratheca hirsuta,species,,southwestern Western Australia,understorey shrub,,,,,,,,,resprouting_capacity,resprouter (R),resprouter,resprouts,mode,,,,,,Table 1,
Tetratheca hirsuta,population,,southwestern Western Australia,understorey shrub,,,1994,none,,,,,seed_dry_mass,6.85 ± 0.57,,6.85,mean,mg,standard_error,0.57,3,mass per seed from three lots of 50 or 100 seeds; seeds stored at room temperature (drying method not stated),Table 1,
Tetratheca hirsuta,population,,southwestern Western Australia,understorey shrub,,,1994,none,,,,,seed_germination,0.0 ± 0.0,,0.0,maximum,%,standard_error,0.0,3,"highest mean germination of any of the 8 combinations of incubation temperature (15 or 23 °C), light (12 h light or constant dark) and GA3 (0 or 50 mg/l); 4 weeks incubation; germination = radicle emergence; 3 replicate plates of 25 seeds",Table 1,"Value is the highest treatment mean (""highest percentage germinability ... from trials""), so value_type maximum (of treatment means); could alternatively be mean -- curator to decide."
Tetratheca hirsuta,population,,southwestern Western Australia,understorey shrub,,,1994,none,15,dark,pooled (with and without GA3),a,seed_germination,0 ± 0a,,0,mean,%,standard_error,0,,constant 15 °C; constant dark; 4 weeks; germination = radicle emergence,Table 3,"+GA3 and -GA3 trial data combined (Results p.800), so n is presumably 6 plates of 25 seeds; not stated."
Tetratheca hirsuta,population,,southwestern Western Australia,understorey shrub,,,1994,none,15,light,pooled (with and without GA3),a,seed_germination,0 ± 0a,,0,mean,%,standard_error,0,,"constant 15 °C; 12 h diurnal white light, 80 μmol m-2 s-1; 4 weeks; germination = radicle emergence",Table 3,"+GA3 and -GA3 trial data combined (Results p.800), so n is presumably 6 plates of 25 seeds; not stated."
Tetratheca hirsuta,population,,southwestern Western Australia,understorey shrub,,,1994,none,23,dark,pooled (with and without GA3),a,seed_germination,0 ± 0a,,0,mean,%,standard_error,0,,constant 23 °C; constant dark; 4 weeks; germination = radicle emergence,Table 3,"+GA3 and -GA3 trial data combined (Results p.800), so n is presumably 6 plates of 25 seeds; not stated."
Tetratheca hirsuta,population,,southwestern Western Australia,understorey shrub,,,1994,none,23,light,pooled (with and without GA3),a,seed_germination,0 ± 0a,,0,mean,%,standard_error,0,,"constant 23 °C; 12 h diurnal white light, 80 μmol m-2 s-1; 4 weeks; germination = radicle emergence",Table 3,"+GA3 and -GA3 trial data combined (Results p.800), so n is presumably 6 plates of 25 seeds; not stated."
Tetratheca hirsuta,population,,southwestern Western Australia,understorey shrub,,,1994,none,,,,,seed_viability,68.0 ± 2.3,,68.0,mean,%,standard_error,2.3,3,tetrazolium chloride (1% w/v) staining after nicking seed coat; 3 replicates of 25 seeds,Table 1,
Tetratheca hirsuta,species,,southwestern Western Australia,understorey shrub,,,,,,,,,seedbank_location,soil-stored seed (S),soil_stored_seed,soil_seedbank,mode,,,,,,Table 1,
Thysanotus dichotomus,species,,southwestern Western Australia,understorey shrub,,,,,,,,,germination_cues,Thysanotus dichotomus also may be simulated [stimulated] to germinate by smoke,smoke_possible,,mode,,,,,,Discussion p.804,"Hedged statement (""may be""), so trait_value left blank; no germination in any trial treatment."
Thysanotus dichotomus,species,,southwestern Western Australia,understorey shrub,,,,,,,,,life_form,"tufted Hemicryptophyte (H-tfd, tufted clumps, mainly perennial monocots)",tufted_hemicryptophyte,hemicryptophyte,mode,,,,,,Table 1,
Thysanotus dichotomus,species,,southwestern Western Australia,understorey shrub,,,,,,,,,resprouting_capacity,resprouter (R),resprouter,resprouts,mode,,,,,,Table 1,
Thysanotus dichotomus,population,,southwestern Western Australia,understorey shrub,,,1994,none,,,,,seed_dry_mass,2.09 ± 0.06,,2.09,mean,mg,standard_error,0.06,3,mass per seed from three lots of 50 or 100 seeds; seeds stored at room temperature (drying method not stated),Table 1,
Thysanotus dichotomus,population,,southwestern Western Australia,understorey shrub,,,1994,none,,,,,seed_germination,0.0 ± 0.0,,0.0,maximum,%,standard_error,0.0,3,"highest mean germination of any of the 8 combinations of incubation temperature (15 or 23 °C), light (12 h light or constant dark) and GA3 (0 or 50 mg/l); 4 weeks incubation; germination = radicle emergence; 3 replicate plates of 25 seeds",Table 1,"Value is the highest treatment mean (""highest percentage germinability ... from trials""), so value_type maximum (of treatment means); could alternatively be mean -- curator to decide."
Thysanotus dichotomus,population,,southwestern Western Australia,understorey shrub,,,1994,none,15,dark,pooled (with and without GA3),a,seed_germination,0 ± 0a,,0,mean,%,standard_error,0,,constant 15 °C; constant dark; 4 weeks; germination = radicle emergence,Table 3,"+GA3 and -GA3 trial data combined (Results p.800), so n is presumably 6 plates of 25 seeds; not stated."
Thysanotus dichotomus,population,,southwestern Western Australia,understorey shrub,,,1994,none,15,light,pooled (with and without GA3),a,seed_germination,0 ± 0a,,0,mean,%,standard_error,0,,"constant 15 °C; 12 h diurnal white light, 80 μmol m-2 s-1; 4 weeks; germination = radicle emergence",Table 3,"+GA3 and -GA3 trial data combined (Results p.800), so n is presumably 6 plates of 25 seeds; not stated."
Thysanotus dichotomus,population,,southwestern Western Australia,understorey shrub,,,1994,none,23,dark,pooled (with and without GA3),a,seed_germination,0 ± 0a,,0,mean,%,standard_error,0,,constant 23 °C; constant dark; 4 weeks; germination = radicle emergence,Table 3,"+GA3 and -GA3 trial data combined (Results p.800), so n is presumably 6 plates of 25 seeds; not stated."
Thysanotus dichotomus,population,,southwestern Western Australia,understorey shrub,,,1994,none,23,light,pooled (with and without GA3),a,seed_germination,0 ± 0a,,0,mean,%,standard_error,0,,"constant 23 °C; 12 h diurnal white light, 80 μmol m-2 s-1; 4 weeks; germination = radicle emergence",Table 3,"+GA3 and -GA3 trial data combined (Results p.800), so n is presumably 6 plates of 25 seeds; not stated."
Thysanotus dichotomus,population,,southwestern Western Australia,understorey shrub,,,1994,none,,,,,seed_viability,32.0 ± 6.1,,32.0,mean,%,standard_error,6.1,3,tetrazolium chloride (1% w/v) staining after nicking seed coat; 3 replicates of 25 seeds,Table 1,
Thysanotus dichotomus,species,,southwestern Western Australia,understorey shrub,,,,,,,,,seedbank_location,soil-stored seed (S),soil_stored_seed,soil_seedbank,mode,,,,,,Table 1,
Thysanotus multiflorus,species,,southwestern Western Australia,understorey shrub,,,,,,,,,germination_cues,"did not germinate in any of the treatments here. In a recent study by Dixon et al. (1995), the first six of these species had higher germination percentages after exposure to smoke treatment",smoke,smoke,mode,,,,,,Discussion p.804,"NOT this paper's own measurement: smoke response reported from Dixon et al. (1995, Oecologia 101: 185-192); this study found no germination without smoke."
Thysanotus multiflorus,species,,southwestern Western Australia,understorey shrub,,,,,,,,,life_form,"tufted Hemicryptophyte (H-tfd, tufted clumps, mainly perennial monocots)",tufted_hemicryptophyte,hemicryptophyte,mode,,,,,,Table 1,
Thysanotus multiflorus,species,,southwestern Western Australia,understorey shrub,,,,,,,,,resprouting_capacity,resprouter (R),resprouter,resprouts,mode,,,,,,Table 1,
Thysanotus multiflorus,population,,southwestern Western Australia,understorey shrub,,,1994,none,,,,,seed_dry_mass,4.00 ± 0.01,,4.00,mean,mg,standard_error,0.01,3,mass per seed from three lots of 50 or 100 seeds; seeds stored at room temperature (drying method not stated),Table 1,
Thysanotus multiflorus,population,,southwestern Western Australia,understorey shrub,,,1994,none,,,,,seed_germination,0.0 ± 0.0,,0.0,maximum,%,standard_error,0.0,3,"highest mean germination of any of the 8 combinations of incubation temperature (15 or 23 °C), light (12 h light or constant dark) and GA3 (0 or 50 mg/l); 4 weeks incubation; germination = radicle emergence; 3 replicate plates of 25 seeds",Table 1,"Value is the highest treatment mean (""highest percentage germinability ... from trials""), so value_type maximum (of treatment means); could alternatively be mean -- curator to decide."
Thysanotus multiflorus,population,,southwestern Western Australia,understorey shrub,,,1994,none,15,dark,pooled (with and without GA3),a,seed_germination,0 ± 0a,,0,mean,%,standard_error,0,,constant 15 °C; constant dark; 4 weeks; germination = radicle emergence,Table 3,"+GA3 and -GA3 trial data combined (Results p.800), so n is presumably 6 plates of 25 seeds; not stated."
Thysanotus multiflorus,population,,southwestern Western Australia,understorey shrub,,,1994,none,15,light,pooled (with and without GA3),a,seed_germination,0 ± 0a,,0,mean,%,standard_error,0,,"constant 15 °C; 12 h diurnal white light, 80 μmol m-2 s-1; 4 weeks; germination = radicle emergence",Table 3,"+GA3 and -GA3 trial data combined (Results p.800), so n is presumably 6 plates of 25 seeds; not stated."
Thysanotus multiflorus,population,,southwestern Western Australia,understorey shrub,,,1994,none,23,dark,pooled (with and without GA3),a,seed_germination,0 ± 0a,,0,mean,%,standard_error,0,,constant 23 °C; constant dark; 4 weeks; germination = radicle emergence,Table 3,"+GA3 and -GA3 trial data combined (Results p.800), so n is presumably 6 plates of 25 seeds; not stated."
Thysanotus multiflorus,population,,southwestern Western Australia,understorey shrub,,,1994,none,23,light,pooled (with and without GA3),a,seed_germination,0 ± 0a,,0,mean,%,standard_error,0,,"constant 23 °C; 12 h diurnal white light, 80 μmol m-2 s-1; 4 weeks; germination = radicle emergence",Table 3,"+GA3 and -GA3 trial data combined (Results p.800), so n is presumably 6 plates of 25 seeds; not stated."
Thysanotus multiflorus,population,,southwestern Western Australia,understorey shrub,,,1994,none,,,,,seed_viability,89.3 ± 1.3,,89.3,mean,%,standard_error,1.3,3,tetrazolium chloride (1% w/v) staining after nicking seed coat; 3 replicates of 25 seeds,Table 1,
Thysanotus multiflorus,species,,southwestern Western Australia,understorey shrub,,,,,,,,,seedbank_location,soil-stored seed (S),soil_stored_seed,soil_seedbank,mode,,,,,,Table 1,
Trymalium floribundum,species,,southwestern Western Australia,understorey shrub,,,,,,,,,germination_cues,"Reduced germination percentages when exposed to light were especially apparent in the small-seeded species (≤ 10 mg; Trymalium floribundum, the Gompholobium species, Sphaerolobium vimineum, Chorizema ilicifolium, the Bossiaea and Acacia species).",darkness,burial,mode,,,,,,Results p.800,"Germination greater at 15 °C than 23 °C maps to temperature_cool and greater in darkness to burial; the authors relate these to the cool, wet winter and to buried seeds."
Trymalium floribundum,species,,southwestern Western Australia,understorey shrub,,,,,,,,,life_form,"Megachamaephyte (CH-mg, 20-100 cm, low shrubs)",megachamaephyte,chamaephyte,mode,,,,,,Table 1,"Megachamaephyte (to 100 cm) mapped to chamaephyte, although Raunkiaer chamaephytes are defined as < 50 cm."
Trymalium floribundum,species,,southwestern Western Australia,understorey shrub,,,,,,,,,plant_growth_form,"Megachamaephyte (CH-mg, 20-100 cm, low shrubs)",low_shrub,shrub,mode,,,,,,Table 1 (life-history legend),"Inferred from the life-history class legend (""low shrubs"" / ""small shrubs"")."
Trymalium floribundum,species,,southwestern Western Australia,understorey shrub,,,,,,,,,resprouting_capacity,obligate seeder (OS),obligate_seeder,fire_killed,mode,,,,,,Table 1,
Trymalium floribundum,species,,southwestern Western Australia,understorey shrub,,,,,,,,,seed_dormancy_class,Species previously known to require a heat-shock treatment to overcome dormancy due to an impervious testa were pre-treated,impervious_testa,physical_dormancy,mode,,,,,,Abstract; Methods p.798; Table 1,Inferred from the authors pre-treating the species because of a known impervious (hard) testa.
Trymalium floribundum,population,,southwestern Western Australia,understorey shrub,,,1993,boiled 30 s,,,,,seed_dry_mass,1.17 ± 0.05,,1.17,mean,mg,standard_error,0.05,3,mass per seed from three lots of 50 or 100 seeds; seeds stored at room temperature (drying method not stated),Table 1,
Trymalium floribundum,population,,southwestern Western Australia,understorey shrub,,,1993,boiled 30 s,,,,,seed_germination,28.0 ± 4.0,,28.0,maximum,%,standard_error,4.0,3,"highest mean germination of any of the 8 combinations of incubation temperature (15 or 23 °C), light (12 h light or constant dark) and GA3 (0 or 50 mg/l); 4 weeks incubation; germination = radicle emergence; 3 replicate plates of 25 seeds",Table 1,"Value is the highest treatment mean (""highest percentage germinability ... from trials""), so value_type maximum (of treatment means); could alternatively be mean -- curator to decide."
Trymalium floribundum,population,,southwestern Western Australia,understorey shrub,,,1993,boiled 30 s,15,dark,pooled (with and without GA3),c,seed_germination,26 ± 3c,,26,mean,%,standard_error,3,,constant 15 °C; constant dark; 4 weeks; germination = radicle emergence,Table 3,"+GA3 and -GA3 trial data combined (Results p.800), so n is presumably 6 plates of 25 seeds; not stated."
Trymalium floribundum,population,,southwestern Western Australia,understorey shrub,,,1993,boiled 30 s,15,light,pooled (with and without GA3),a,seed_germination,5 ± 3a,,5,mean,%,standard_error,3,,"constant 15 °C; 12 h diurnal white light, 80 μmol m-2 s-1; 4 weeks; germination = radicle emergence",Table 3,"+GA3 and -GA3 trial data combined (Results p.800), so n is presumably 6 plates of 25 seeds; not stated."
Trymalium floribundum,population,,southwestern Western Australia,understorey shrub,,,1993,boiled 30 s,23,dark,pooled (with and without GA3),b,seed_germination,14 ± 4b,,14,mean,%,standard_error,4,,constant 23 °C; constant dark; 4 weeks; germination = radicle emergence,Table 3,"+GA3 and -GA3 trial data combined (Results p.800), so n is presumably 6 plates of 25 seeds; not stated."
Trymalium floribundum,population,,southwestern Western Australia,understorey shrub,,,1993,boiled 30 s,23,light,pooled (with and without GA3),a,seed_germination,2 ± 1a,,2,mean,%,standard_error,1,,"constant 23 °C; 12 h diurnal white light, 80 μmol m-2 s-1; 4 weeks; germination = radicle emergence",Table 3,"+GA3 and -GA3 trial data combined (Results p.800), so n is presumably 6 plates of 25 seeds; not stated."
Trymalium floribundum,population,,southwestern Western Australia,understorey shrub,,,1993,boiled 30 s,,,,,seed_germination_treatment,"Boiled (30 s); ""Species previously known to require a heat-shock treatment to overcome dormancy due to an impervious testa were pre-treated""",boiling_water,imbibe_hot,mode,,,,,,Table 1; Methods p.798,"Seeds placed in boiling water for the duration found by Alcoa of Australia Ltd. to give the highest germination; this is prior Alcoa knowledge, not tested against untreated controls in this study. Boiling-water immersion mapped to imbibe_hot, as in other datasets."
Trymalium floribundum,species,,southwestern Western Australia,understorey shrub,,,,,,,,,seed_germination_treatment,germination inhibition by light was overcome by supplemental GA3,gibberellic_acid,chemical_treatment,mode,,,,,,Results p.803; Fig. 1,"Gibberellic acid (GA3, 50 mg/l) application; mapped to chemical_treatment."
Trymalium floribundum,population,,southwestern Western Australia,understorey shrub,,,1993,boiled 30 s,,,,,seed_viability,36.0 ± 4.0,,36.0,mean,%,standard_error,4.0,3,tetrazolium chloride (1% w/v) staining after nicking seed coat; 3 replicates of 25 seeds,Table 1,
Trymalium floribundum,species,,southwestern Western Australia,understorey shrub,,,,,,,,,seedbank_location,soil-stored seed (S),soil_stored_seed,soil_seedbank,mode,,,,,,Table 1,
Xanthorrhoea gracilis,species,,southwestern Western Australia,understorey shrub,,,,,,,,,germination_cues,"In the post-fire resprouting, understorey species, Phyllanthus calycinus, and two species, where flowering is induced by fire, Xanthorrhoea gracilis and X. preissii, germination percentages were highest at 15°C and under dark conditions.",cool_incubation_temperature darkness,temperature_cool burial,mode,,,,,,Results p.800,"Germination greater at 15 °C than 23 °C maps to temperature_cool and greater in darkness to burial; the authors relate these to the cool, wet winter and to buried seeds."
Xanthorrhoea gracilis,species,,southwestern Western Australia,understorey shrub,,,,,,,,,life_form,"tufted Hemicryptophyte (H-tfd, tufted clumps, mainly perennial monocots)",tufted_hemicryptophyte,hemicryptophyte,mode,,,,,,Table 1,
Xanthorrhoea gracilis,species,,southwestern Western Australia,understorey shrub,,,,,,,,,post_fire_flowering,"two species, where flowering is induced by fire, Xanthorrhoea gracilis and X. preissii",flowering_induced_by_fire,fire_enhanced_flowering,mode,,,,,,Results p.800,"""Flowering is induced by fire"" mapped to fire_enhanced_flowering, as these species also flower without fire."
Xanthorrhoea gracilis,species,,southwestern Western Australia,understorey shrub,,,,,,,,,resprouting_capacity,resprouter (R),resprouter,resprouts,mode,,,,,,Table 1,
Xanthorrhoea gracilis,population,,southwestern Western Australia,understorey shrub,,a,1993,none,,,,,seed_dry_mass,9.15 ± 0.19,,9.15,mean,mg,standard_error,0.19,3,mass per seed from three lots of 50 or 100 seeds; seeds stored at room temperature (drying method not stated),Table 1,
Xanthorrhoea gracilis,population,,southwestern Western Australia,understorey shrub,,b,1994,none,,,,,seed_dry_mass,14.80 ± 0.46,,14.80,mean,mg,standard_error,0.46,3,mass per seed from three lots of 50 or 100 seeds; seeds stored at room temperature (drying method not stated),Table 1,
Xanthorrhoea gracilis,population,,southwestern Western Australia,understorey shrub,,a,1993,none,,,,,seed_germination,11.7 ± 4.4,,11.7,maximum,%,standard_error,4.4,3,"highest mean germination of any of the 8 combinations of incubation temperature (15 or 23 °C), light (12 h light or constant dark) and GA3 (0 or 50 mg/l); 4 weeks incubation; germination = radicle emergence; 3 replicate plates of 25 seeds",Table 1,"Value is the highest treatment mean (""highest percentage germinability ... from trials""), so value_type maximum (of treatment means); could alternatively be mean -- curator to decide."
Xanthorrhoea gracilis,population,,southwestern Western Australia,understorey shrub,,a,1993,none,15,dark,pooled (with and without GA3),b,seed_germination,8 ± 3b,,8,mean,%,standard_error,3,,constant 15 °C; constant dark; 4 weeks; germination = radicle emergence,Table 3,"+GA3 and -GA3 trial data combined (Results p.800), so n is presumably 6 plates of 25 seeds; not stated."
Xanthorrhoea gracilis,population,,southwestern Western Australia,understorey shrub,,a,1993,none,15,light,pooled (with and without GA3),ab,seed_germination,5 ± 2ab,,5,mean,%,standard_error,2,,"constant 15 °C; 12 h diurnal white light, 80 μmol m-2 s-1; 4 weeks; germination = radicle emergence",Table 3,"+GA3 and -GA3 trial data combined (Results p.800), so n is presumably 6 plates of 25 seeds; not stated."
Xanthorrhoea gracilis,population,,southwestern Western Australia,understorey shrub,,a,1993,none,23,dark,pooled (with and without GA3),a,seed_germination,0 ± 0a,,0,mean,%,standard_error,0,,constant 23 °C; constant dark; 4 weeks; germination = radicle emergence,Table 3,"+GA3 and -GA3 trial data combined (Results p.800), so n is presumably 6 plates of 25 seeds; not stated."
Xanthorrhoea gracilis,population,,southwestern Western Australia,understorey shrub,,a,1993,none,23,light,pooled (with and without GA3),ab,seed_germination,2 ± 1ab,,2,mean,%,standard_error,1,,"constant 23 °C; 12 h diurnal white light, 80 μmol m-2 s-1; 4 weeks; germination = radicle emergence",Table 3,"+GA3 and -GA3 trial data combined (Results p.800), so n is presumably 6 plates of 25 seeds; not stated."
Xanthorrhoea gracilis,population,,southwestern Western Australia,understorey shrub,,b,1994,none,,,,,seed_germination,89.3 ± 3.5,,89.3,maximum,%,standard_error,3.5,3,"highest mean germination of any of the 8 combinations of incubation temperature (15 or 23 °C), light (12 h light or constant dark) and GA3 (0 or 50 mg/l); 4 weeks incubation; germination = radicle emergence; 3 replicate plates of 25 seeds",Table 1,"Value is the highest treatment mean (""highest percentage germinability ... from trials""), so value_type maximum (of treatment means); could alternatively be mean -- curator to decide."
Xanthorrhoea gracilis,population,,southwestern Western Australia,understorey shrub,,b,1994,none,15,dark,pooled (with and without GA3),c,seed_germination,86 ± 3c,,86,mean,%,standard_error,3,,constant 15 °C; constant dark; 4 weeks; germination = radicle emergence,Table 3,"+GA3 and -GA3 trial data combined (Results p.800), so n is presumably 6 plates of 25 seeds; not stated."
Xanthorrhoea gracilis,population,,southwestern Western Australia,understorey shrub,,b,1994,none,15,light,pooled (with and without GA3),b,seed_germination,38 ± 13b,,38,mean,%,standard_error,13,,"constant 15 °C; 12 h diurnal white light, 80 μmol m-2 s-1; 4 weeks; germination = radicle emergence",Table 3,"+GA3 and -GA3 trial data combined (Results p.800), so n is presumably 6 plates of 25 seeds; not stated."
Xanthorrhoea gracilis,population,,southwestern Western Australia,understorey shrub,,b,1994,none,23,dark,pooled (with and without GA3),a,seed_germination,9 ± 2a,,9,mean,%,standard_error,2,,constant 23 °C; constant dark; 4 weeks; germination = radicle emergence,Table 3,"+GA3 and -GA3 trial data combined (Results p.800), so n is presumably 6 plates of 25 seeds; not stated."
Xanthorrhoea gracilis,population,,southwestern Western Australia,understorey shrub,,b,1994,none,23,light,pooled (with and without GA3),a,seed_germination,3 ± 3a,,3,mean,%,standard_error,3,,"constant 23 °C; 12 h diurnal white light, 80 μmol m-2 s-1; 4 weeks; germination = radicle emergence",Table 3,"+GA3 and -GA3 trial data combined (Results p.800), so n is presumably 6 plates of 25 seeds; not stated."
Xanthorrhoea gracilis,species,,southwestern Western Australia,understorey shrub,,,,,,,,,seed_germination_treatment,Light inhibition at the lower temperature was overcome by GA3 application in the two Xanthorrhoea species,gibberellic_acid,chemical_treatment,mode,,,,,,Abstract; Results p.800; Fig. 1,"Gibberellic acid (GA3, 50 mg/l) application; mapped to chemical_treatment."
Xanthorrhoea gracilis,population,,southwestern Western Australia,understorey shrub,,a,1993,none,,,,,seed_viability,15.0 ± 1.2,,15.0,mean,%,standard_error,1.2,3,tetrazolium chloride (1% w/v) staining after nicking seed coat; 3 replicates of 25 seeds,Table 1,
Xanthorrhoea gracilis,population,,southwestern Western Australia,understorey shrub,,b,1994,none,,,,,seed_viability,92.0 ± 2.3,,92.0,mean,%,standard_error,2.3,3,tetrazolium chloride (1% w/v) staining after nicking seed coat; 3 replicates of 25 seeds,Table 1,
Xanthorrhoea gracilis,species,,southwestern Western Australia,understorey shrub,,,,,,,,,seedbank_location,soil-stored seed (S),soil_stored_seed,soil_seedbank,mode,,,,,,Table 1,
Xanthorrhoea preissii,species,,southwestern Western Australia,understorey shrub,,,,,,,,,germination_cues,"In the post-fire resprouting, understorey species, Phyllanthus calycinus, and two species, where flowering is induced by fire, Xanthorrhoea gracilis and X. preissii, germination percentages were highest at 15°C and under dark conditions.",cool_incubation_temperature darkness,temperature_cool burial,mode,,,,,,Results p.800,"Germination greater at 15 °C than 23 °C maps to temperature_cool and greater in darkness to burial; the authors relate these to the cool, wet winter and to buried seeds."
Xanthorrhoea preissii,species,,southwestern Western Australia,understorey shrub,,,,,,,,,life_form,"Phanerophyte (P, taller shrubs, > 1 m and trees)",phanerophyte,phanerophyte,mode,,,,,,Table 1,Source defines P as taller shrubs (> 1 m) and trees.
Xanthorrhoea preissii,species,,southwestern Western Australia,understorey shrub,,,,,,,,,post_fire_flowering,"two species, where flowering is induced by fire, Xanthorrhoea gracilis and X. preissii",flowering_induced_by_fire,fire_enhanced_flowering,mode,,,,,,Results p.800,"""Flowering is induced by fire"" mapped to fire_enhanced_flowering, as these species also flower without fire."
Xanthorrhoea preissii,species,,southwestern Western Australia,understorey shrub,,,,,,,,,resprouting_capacity,resprouter (R),resprouter,resprouts,mode,,,,,,Table 1,
Xanthorrhoea preissii,population,,southwestern Western Australia,understorey shrub,,,1994,none,,,,,seed_dry_mass,16.53 ± 1.27,,16.53,mean,mg,standard_error,1.27,3,mass per seed from three lots of 50 or 100 seeds; seeds stored at room temperature (drying method not stated),Table 1,
Xanthorrhoea preissii,population,,southwestern Western Australia,understorey shrub,,,1994,none,,,,,seed_germination,92.0 ± 2.3,,92.0,maximum,%,standard_error,2.3,3,"highest mean germination of any of the 8 combinations of incubation temperature (15 or 23 °C), light (12 h light or constant dark) and GA3 (0 or 50 mg/l); 4 weeks incubation; germination = radicle emergence; 3 replicate plates of 25 seeds",Table 1,"Value is the highest treatment mean (""highest percentage germinability ... from trials""), so value_type maximum (of treatment means); could alternatively be mean -- curator to decide."
Xanthorrhoea preissii,population,,southwestern Western Australia,understorey shrub,,,1994,none,15,dark,pooled (with and without GA3),b,seed_germination,87 ± 4b,,87,mean,%,standard_error,4,,constant 15 °C; constant dark; 4 weeks; germination = radicle emergence,Table 3,"+GA3 and -GA3 trial data combined (Results p.800), so n is presumably 6 plates of 25 seeds; not stated."
Xanthorrhoea preissii,population,,southwestern Western Australia,understorey shrub,,,1994,none,15,light,pooled (with and without GA3),b,seed_germination,77 ± 7b,,77,mean,%,standard_error,7,,"constant 15 °C; 12 h diurnal white light, 80 μmol m-2 s-1; 4 weeks; germination = radicle emergence",Table 3,"+GA3 and -GA3 trial data combined (Results p.800), so n is presumably 6 plates of 25 seeds; not stated."
Xanthorrhoea preissii,population,,southwestern Western Australia,understorey shrub,,,1994,none,23,dark,pooled (with and without GA3),a,seed_germination,39 ± 3a,,39,mean,%,standard_error,3,,constant 23 °C; constant dark; 4 weeks; germination = radicle emergence,Table 3,"+GA3 and -GA3 trial data combined (Results p.800), so n is presumably 6 plates of 25 seeds; not stated."
Xanthorrhoea preissii,population,,southwestern Western Australia,understorey shrub,,,1994,none,23,light,pooled (with and without GA3),a,seed_germination,39 ± 13a,,39,mean,%,standard_error,13,,"constant 23 °C; 12 h diurnal white light, 80 μmol m-2 s-1; 4 weeks; germination = radicle emergence",Table 3,"+GA3 and -GA3 trial data combined (Results p.800), so n is presumably 6 plates of 25 seeds; not stated."
Xanthorrhoea preissii,species,,southwestern Western Australia,understorey shrub,,,,,,,,,seed_germination_treatment,Light inhibition at the lower temperature was overcome by GA3 application in the two Xanthorrhoea species,gibberellic_acid,chemical_treatment,mode,,,,,,Abstract; Results p.800; Fig. 1,"Gibberellic acid (GA3, 50 mg/l) application; mapped to chemical_treatment."
Xanthorrhoea preissii,population,,southwestern Western Australia,understorey shrub,,,1994,none,,,,,seed_viability,92.0 ± 0.1,,92.0,mean,%,standard_error,0.1,3,tetrazolium chloride (1% w/v) staining after nicking seed coat; 3 replicates of 25 seeds,Table 1,
Xanthorrhoea preissii,species,,southwestern Western Australia,understorey shrub,,,,,,,,,seedbank_location,soil-stored seed (S),soil_stored_seed,soil_seedbank,mode,,,,,,Table 1,
